1751328000000000,154.82000000,155.08000000,154.43000000,154.86000000,41157.07000000,1751328899999999,6370405.49173000,15641,21951.29800000,3397895.74144000,0
1751328900000000,154.86000000,155.64000000,153.91000000,153.99000000,33565.91400000,1751329799999999,5198891.44199000,20974,15013.37400000,2327828.61449000,0
1751329800000000,153.98000000,154.39000000,153.39000000,154.34000000,35377.40700000,1751330699999999,5443314.31165000,23983,14729.46900000,2266584.68376000,0
1751330700000000,154.35000000,154.78000000,154.32000000,154.76000000,17931.23800000,1751331599999999,2770857.17668000,8829,10962.19000000,1694034.31377000,0
1751331600000000,154.76000000,155.06000000,154.35000000,155.05000000,28573.26100000,1751332499999999,4420818.96024000,13098,21461.85400000,3320768.54175000,0
1751332500000000,155.05000000,155.22000000,154.85000000,154.88000000,24640.35900000,1751333399999999,3819318.34282000,9846,13577.62500000,2104440.12776000,0
1751333400000000,154.89000000,155.20000000,154.68000000,154.78000000,14035.25100000,1751334299999999,2173748.23431000,11374,5107.70900000,791240.00092000,0
1751334300000000,154.79000000,154.96000000,154.30000000,154.39000000,14012.66200000,1751335199999999,2166423.21121000,11477,6452.80500000,997554.79867000,0
1751335200000000,154.39000000,154.39000000,153.89000000,154.06000000,16612.30500000,1751336099999999,2560490.42177000,12315,5777.13500000,890447.12121000,0
1751336100000000,154.06000000,154.29000000,153.89000000,153.92000000,25895.62600000,1751336999999999,3988878.73050000,11939,16750.39200000,2580066.50820000,0
1751337000000000,153.93000000,154.10000000,153.61000000,153.70000000,25245.75200000,1751337899999999,3884438.48381000,15273,12422.39000000,1911472.89291000,0
1751337900000000,153.70000000,153.76000000,153.17000000,153.34000000,16649.95800000,1751338799999999,2553541.35358000,13071,6658.75100000,1021309.61640000,0
1751338800000000,153.34000000,153.57000000,153.18000000,153.37000000,9372.20500000,1751339699999999,1437385.35021000,11350,4705.54000000,721766.60346000,0
1751339700000000,153.37000000,153.84000000,153.30000000,153.74000000,13101.63000000,1751340599999999,2012224.17062000,9530,7977.08900000,1225099.04933000,0
1751340600000000,153.74000000,153.93000000,153.61000000,153.81000000,14343.41400000,1751341499999999,2205915.06706000,7852,9310.64800000,1432052.94663000,0
1751341500000000,153.80000000,153.98000000,153.64000000,153.94000000,9678.10600000,1751342399999999,1488396.13675000,7257,5816.02600000,894495.13093000,0
1751342400000000,153.93000000,153.93000000,153.31000000,153.41000000,15058.04500000,1751343299999999,2311797.17528000,7532,5268.31100000,808816.15532000,0
1751343300000000,153.42000000,153.44000000,152.88000000,153.03000000,17215.43100000,1751344199999999,2635800.80992000,12054,4808.38100000,736353.60215000,0
1751344200000000,153.03000000,153.10000000,152.77000000,152.80000000,11573.32800000,1751345099999999,1769710.97455000,8146,6848.59000000,1047312.04806000,0
1751345100000000,152.80000000,152.91000000,152.46000000,152.50000000,26866.21200000,1751345999999999,4099634.72733000,11719,10026.05800000,1530252.27165000,0
1751346000000000,152.51000000,152.79000000,152.20000000,152.22000000,32012.21300000,1751346899999999,4878565.52738000,13139,17701.62900000,2696957.47307000,0
1751346900000000,152.22000000,152.49000000,151.36000000,151.60000000,62854.19800000,1751347799999999,9534120.20728000,22880,14822.71000000,2248820.67079000,0
1751347800000000,151.59000000,151.76000000,151.00000000,151.31000000,108883.49400000,1751348699999999,16474361.70491000,30473,22920.11800000,3468795.97947000,0
1751348700000000,151.32000000,151.65000000,151.00000000,151.48000000,22094.72100000,1751349599999999,3344108.91139000,14973,12426.32300000,1880759.04569000,0
1751349600000000,151.48000000,151.48000000,151.10000000,151.15000000,16801.04000000,1751350499999999,2541064.93368000,9127,7613.01100000,1151510.49561000,0
1751350500000000,151.14000000,151.34000000,150.98000000,151.09000000,20505.92900000,1751351399999999,3099128.57440000,13074,10951.88400000,1655251.39761000,0
1751351400000000,151.08000000,151.47000000,150.96000000,151.44000000,17641.85600000,1751352299999999,2668077.47767000,10251,11935.61900000,1804972.89110000,0
1751352300000000,151.44000000,151.50000000,151.23000000,151.27000000,20337.21600000,1751353199999999,3078209.75843000,11227,9694.38800000,1467417.89487000,0
1751353200000000,151.27000000,151.50000000,151.10000000,151.10000000,14407.73500000,1751354099999999,2179781.04473000,9939,8365.52500000,1265791.47178000,0
1751354100000000,151.11000000,151.14000000,148.82000000,150.10000000,183174.54400000,1751354999999999,27442699.87104000,51778,73214.53800000,10963554.63773000,0
1751355000000000,150.10000000,150.10000000,149.60000000,149.98000000,43080.04500000,1751355899999999,6454498.61420000,20241,27067.34100000,4055018.19110000,0
1751355900000000,149.97000000,150.46000000,149.81000000,150.07000000,31748.06700000,1751356799999999,4768896.37478000,15936,21726.53300000,3263635.81122000,0
1751356800000000,150.06000000,150.07000000,149.59000000,149.68000000,30974.38100000,1751357699999999,4638897.83066000,14141,18636.77900000,2790846.43172000,0
1751357700000000,149.68000000,150.03000000,149.66000000,149.88000000,39015.39600000,1751358599999999,5845403.89035000,15196,20031.88200000,3001304.85313000,0
1751358600000000,149.88000000,149.90000000,149.20000000,149.25000000,38348.29600000,1751359499999999,5731172.76394000,18894,17047.23200000,2547526.02176000,0
1751359500000000,149.25000000,149.50000000,149.01000000,149.06000000,46365.61400000,1751360399999999,6920714.64101000,15659,12823.12700000,1914017.68709000,0
1751360400000000,149.05000000,149.40000000,148.85000000,149.24000000,20813.57400000,1751361299999999,3104582.88253000,16516,11528.90700000,1719953.70023000,0
1751361300000000,149.23000000,149.30000000,148.46000000,148.90000000,42447.41700000,1751362199999999,6315657.53925000,20240,21056.68500000,3133674.49647000,0
1751362200000000,148.90000000,148.90000000,148.40000000,148.74000000,25614.16400000,1751363099999999,3806791.11361000,13734,11522.66400000,1712730.46695000,0
1751363100000000,148.74000000,149.39000000,148.64000000,149.23000000,28471.06400000,1751363999999999,4243362.02060000,14209,17859.64800000,2661709.00642000,0
1751364000000000,149.23000000,149.34000000,148.84000000,148.95000000,28296.57600000,1751364899999999,4217941.30876000,14845,16330.53300000,2434311.92095000,0
1751364900000000,148.94000000,149.35000000,148.77000000,148.77000000,22982.78300000,1751365799999999,3424601.03056000,12124,13705.59800000,2042246.25038000,0
1751365800000000,148.77000000,149.14000000,148.70000000,148.88000000,24358.16300000,1751366699999999,3627634.94733000,12687,12146.14100000,1808925.79323000,0
1751366700000000,148.89000000,149.10000000,148.57000000,148.96000000,25742.80800000,1751367599999999,3832882.46891000,12366,13742.97900000,2046180.63974000,0
1751367600000000,148.95000000,149.20000000,148.14000000,148.28000000,39118.35100000,1751368499999999,5817905.42811000,17936,14950.65200000,2223435.93586000,0
1751368500000000,148.29000000,148.83000000,148.25000000,148.76000000,20540.61500000,1751369399999999,3051484.86731000,12543,11920.42800000,1771207.01922000,0
1751369400000000,148.77000000,149.07000000,148.72000000,148.83000000,19075.01000000,1751370299999999,2840775.14892000,9816,9301.76000000,1385067.68427000,0
1751370300000000,148.83000000,148.98000000,148.46000000,148.84000000,18160.15200000,1751371199999999,2701858.15459000,11750,9597.42400000,1427805.17533000,0
1751371200000000,148.85000000,149.06000000,148.72000000,148.85000000,15831.47800000,1751372099999999,2357530.67019000,11503,8090.05000000,1204831.22478000,0
1751372100000000,148.85000000,148.88000000,147.91000000,148.32000000,59101.48500000,1751372999999999,8767238.56038000,19547,13889.81300000,2060139.31090000,0
1751373000000000,148.32000000,148.53000000,148.01000000,148.02000000,15786.89900000,1751373899999999,2341157.27451000,14176,6154.56700000,912785.36283000,0
1751373900000000,148.03000000,148.45000000,147.94000000,148.35000000,15773.30200000,1751374799999999,2338166.31740000,10043,7480.12000000,1108813.75600000,0
1751374800000000,148.34000000,148.38000000,147.52000000,147.69000000,42005.61800000,1751375699999999,6212743.78210000,19839,14582.37200000,2157879.10773000,0
1751375700000000,147.68000000,148.33000000,147.62000000,148.26000000,37938.74700000,1751376599999999,5615008.29287000,20329,21041.24400000,3113866.05589000,0
1751376600000000,148.27000000,148.54000000,146.89000000,147.61000000,73928.81800000,1751377499999999,10923590.61372000,42631,33765.87700000,4994413.77659000,0
1751377500000000,147.61000000,148.51000000,147.43000000,148.34000000,43340.45300000,1751378399999999,6425773.76657000,23828,23957.80200000,3552025.96674000,0
1751378400000000,148.34000000,149.03000000,148.15000000,148.97000000,46789.78900000,1751379299999999,6955646.83707000,26400,31989.52700000,4755769.56432000,0
1751379300000000,148.97000000,149.29000000,147.16000000,147.63000000,52560.19300000,1751380199999999,7793414.61671000,37087,25401.81600000,3768069.40510000,0
1751380200000000,147.64000000,148.00000000,146.24000000,146.83000000,76895.92500000,1751381099999999,11307344.30216000,49525,30742.43900000,4521894.51334000,0
1751381100000000,146.83000000,147.31000000,146.34000000,147.23000000,38497.56900000,1751381999999999,5651937.53258000,36066,17085.65700000,2508682.79675000,0
1751382000000000,147.22000000,147.62000000,146.80000000,147.00000000,24095.62600000,1751382899999999,3546155.19536000,23076,12718.85200000,1872117.50327000,0
1751382900000000,147.00000000,147.58000000,146.98000000,147.40000000,22303.92700000,1751383799999999,3284951.68082000,18147,13019.92500000,1917798.20063000,0
1751383800000000,147.40000000,147.85000000,146.87000000,146.99000000,38459.51600000,1751384699999999,5674336.84206000,19418,17138.88100000,2528846.13195000,0
1751384700000000,146.99000000,147.35000000,146.97000000,147.22000000,11483.30400000,1751385599999999,1690181.13283000,15651,6072.61400000,893933.73987000,0
1751385600000000,147.22000000,147.90000000,147.06000000,147.84000000,25575.09900000,1751386499999999,3773509.57619000,19088,8927.32500000,1316901.20422000,0
1751386500000000,147.85000000,147.97000000,147.50000000,147.93000000,20258.67100000,1751387399999999,2992818.57806000,14365,9946.71800000,1469509.30234000,0
1751387400000000,147.92000000,148.19000000,147.72000000,147.93000000,18791.87100000,1751388299999999,2780025.42307000,14246,6438.97600000,952507.54212000,0
1751388300000000,147.94000000,148.36000000,147.54000000,148.33000000,26088.36800000,1751389199999999,3859824.63608000,15841,10443.77000000,1545517.99574000,0
1751389200000000,148.33000000,148.40000000,147.72000000,148.04000000,22485.03300000,1751390099999999,3327515.75713000,18962,9116.01500000,1349066.49835000,0
1751390100000000,148.03000000,148.45000000,147.95000000,148.01000000,20983.31900000,1751390999999999,3109660.91116000,15209,8083.50300000,1198212.02240000,0
1751391000000000,148.01000000,148.12000000,147.66000000,147.99000000,18189.53900000,1751391899999999,2689500.71595000,10977,4295.08000000,635196.46895000,0
1751391900000000,147.99000000,148.03000000,147.60000000,147.92000000,16595.61300000,1751392799999999,2452128.49238000,12268,5143.10100000,759938.08904000,0
1751392800000000,147.92000000,147.93000000,147.41000000,147.53000000,14465.26100000,1751393699999999,2135858.72425000,10949,3769.20300000,556344.58499000,0
1751393700000000,147.53000000,147.54000000,146.87000000,147.00000000,20620.94200000,1751394599999999,3033353.55289000,16347,5568.21300000,818949.74956000,0
1751394600000000,147.00000000,147.18000000,146.78000000,146.88000000,21173.80600000,1751395499999999,3111599.51095000,13983,6735.74900000,990126.64531000,0
1751395500000000,146.89000000,146.91000000,145.50000000,146.01000000,74659.72100000,1751396399999999,10909773.78696000,26354,23760.46800000,3471064.38957000,0
1751396400000000,146.00000000,146.70000000,145.45000000,146.60000000,40179.18100000,1751397299999999,5868734.36563000,33418,18357.38100000,2681641.80196000,0
1751397300000000,146.59000000,146.69000000,146.22000000,146.49000000,20278.78400000,1751398199999999,2969544.26885000,14832,8307.28100000,1216665.09363000,0
1751398200000000,146.48000000,146.53000000,145.33000000,145.70000000,65638.28600000,1751399099999999,9570344.76364000,28086,22239.31100000,3240807.05692000,0
1751399100000000,145.70000000,146.00000000,145.46000000,145.46000000,21419.60900000,1751399999999999,3122475.18752000,16111,6992.15000000,1019644.66922000,0
1751400000000000,145.46000000,145.63000000,144.85000000,145.57000000,76688.91200000,1751400899999999,11129809.85735000,32771,24623.06500000,3574021.71260000,0
1751400900000000,145.56000000,146.28000000,145.56000000,146.27000000,15668.07200000,1751401799999999,2287963.70391000,9764,8523.84100000,1244724.60355000,0
1751401800000000,146.28000000,146.67000000,146.22000000,146.51000000,12220.40500000,1751402699999999,1790062.17724000,9075,7042.57200000,1031700.65043000,0
1751402700000000,146.52000000,146.68000000,146.42000000,146.45000000,12158.25700000,1751403599999999,1782139.71214000,9097,6862.88500000,1005940.15192000,0
1751403600000000,146.44000000,146.48000000,146.02000000,146.30000000,15342.48700000,1751404499999999,2243978.95543000,10232,5015.03900000,733430.25871000,0
1751404500000000,146.30000000,147.00000000,146.22000000,146.68000000,17095.54200000,1751405399999999,2506680.00124000,10649,8628.26900000,1265426.22121000,0
1751405400000000,146.67000000,146.73000000,146.45000000,146.56000000,11651.53000000,1751406299999999,1708200.76085000,8382,4779.50700000,700660.39690000,0
1751406300000000,146.56000000,146.77000000,146.36000000,146.51000000,11730.34300000,1751407199999999,1719194.62656000,8717,3754.69600000,550274.60856000,0
1751407200000000,146.51000000,146.85000000,146.22000000,146.72000000,18939.03100000,1751408099999999,2775579.94096000,15116,12269.66000000,1798169.66217000,0
1751408100000000,146.73000000,146.86000000,146.56000000,146.56000000,6182.03400000,1751408999999999,907074.05581000,6066,3801.58800000,557806.78855000,0
1751409000000000,146.56000000,147.02000000,146.54000000,146.93000000,6834.75500000,1751409899999999,1003766.18944000,6918,4670.39600000,685899.74166000,0
1751409900000000,146.93000000,147.00000000,146.67000000,146.72000000,9138.98100000,1751410799999999,1342459.62769000,6083,3479.22200000,511140.08209000,0
1751410800000000,146.73000000,146.75000000,146.30000000,146.51000000,11194.02100000,1751411699999999,1639806.27127000,11200,3912.10400000,573218.55428000,0
1751411700000000,146.51000000,146.79000000,146.50000000,146.63000000,11767.18200000,1751412599999999,1725327.24462000,7722,4681.85200000,686531.46538000,0
1751412600000000,146.63000000,146.79000000,146.62000000,146.76000000,5438.26700000,1751413499999999,797733.85107000,4720,2991.57000000,438828.38224000,0
1751413500000000,146.76000000,146.96000000,146.75000000,146.88000000,11846.00700000,1751414399999999,1739710.50894000,6415,6337.19900000,930734.83887000,0
1751414400000000,146.87000000,147.03000000,146.71000000,147.03000000,17190.42900000,1751415299999999,2524413.90583000,9746,8716.44600000,1280103.40758000,0
1751415300000000,147.03000000,147.48000000,146.96000000,147.37000000,16726.31600000,1751416199999999,2463310.63412000,12327,8977.23800000,1321959.51684000,0
1751416200000000,147.36000000,147.53000000,147.14000000,147.25000000,9943.32100000,1751417099999999,1465030.48202000,8626,4516.34800000,665535.52100000,0
1751417100000000,147.25000000,147.25000000,146.61000000,146.76000000,12010.46300000,1751417999999999,1763368.87841000,9039,3690.82700000,541714.44602000,0
1751418000000000,146.76000000,146.81000000,146.46000000,146.66000000,11481.48000000,1751418899999999,1683379.58315000,9446,4338.19100000,636041.42055000,0
1751418900000000,146.65000000,147.64000000,145.85000000,147.59000000,34811.73000000,1751419799999999,5104205.61690000,22040,18138.54000000,2661664.33168000,0
1751419800000000,147.58000000,147.88000000,147.32000000,147.85000000,14064.68000000,1751420699999999,2076321.03489000,9771,9419.74100000,1390730.39963000,0
1751420700000000,147.85000000,147.92000000,147.56000000,147.84000000,19787.83600000,1751421599999999,2924252.47468000,8447,11335.04900000,1674989.96311000,0
1751421600000000,147.85000000,148.03000000,147.45000000,147.55000000,17269.56600000,1751422499999999,2552100.04510000,10764,7190.75600000,1062618.61686000,0
1751422500000000,147.55000000,148.16000000,147.29000000,148.14000000,21361.39100000,1751423399999999,3154156.07454000,11167,14608.11600000,2157363.71084000,0
1751423400000000,148.14000000,148.24000000,147.99000000,148.20000000,17759.54700000,1751424299999999,2630274.67243000,8912,7434.95000000,1101304.96267000,0
1751424300000000,148.20000000,148.47000000,148.19000000,148.42000000,19063.72200000,1751425199999999,2828105.73153000,8678,9043.94100000,1341836.71623000,0
1751425200000000,148.42000000,148.93000000,148.27000000,148.83000000,26263.84900000,1751426099999999,3903978.70133000,13815,15233.95400000,2264665.79144000,0
1751426100000000,148.82000000,149.25000000,148.68000000,149.15000000,26984.74800000,1751426999999999,4021315.00650000,13133,17843.08400000,2658973.29874000,0
1751427000000000,149.15000000,149.16000000,148.74000000,148.87000000,14044.93400000,1751427899999999,2091666.46324000,10843,6354.26600000,946368.43613000,0
1751427900000000,148.88000000,149.13000000,148.75000000,148.87000000,13181.49800000,1751428799999999,1963131.74145000,10106,5973.96700000,889840.09251000,0
1751428800000000,148.86000000,148.97000000,148.35000000,148.55000000,19011.70400000,1751429699999999,2825904.59699000,11823,6310.05200000,937651.99295000,0
1751429700000000,148.54000000,148.87000000,148.32000000,148.77000000,11383.21900000,1751430599999999,1690704.72866000,10134,6044.91700000,897743.88234000,0
1751430600000000,148.76000000,148.96000000,148.60000000,148.91000000,9727.61800000,1751431499999999,1447457.31004000,7709,3962.94500000,589799.67650000,0
1751431500000000,148.92000000,149.26000000,148.75000000,149.14000000,15834.38700000,1751432399999999,2359965.81736000,9625,6803.55800000,1013970.72983000,0
1751432400000000,149.13000000,149.17000000,148.57000000,148.65000000,12391.41500000,1751433299999999,1844102.49320000,8607,4169.01900000,620650.83522000,0
1751433300000000,148.65000000,149.08000000,148.57000000,148.58000000,11603.21100000,1751434199999999,1726854.27225000,10422,7010.78200000,1043445.04854000,0
1751434200000000,148.58000000,149.06000000,148.52000000,148.90000000,14472.70400000,1751435099999999,2152763.43517000,8097,7188.62900000,1069536.54155000,0
1751435100000000,148.90000000,149.14000000,148.84000000,149.04000000,14650.12000000,1751435999999999,2183166.74812000,9202,6887.32000000,1026393.92692000,0
1751436000000000,149.04000000,149.62000000,148.97000000,149.45000000,23721.79000000,1751436899999999,3542971.49723000,15894,11486.22000000,1715741.80053000,0
1751436900000000,149.45000000,149.54000000,148.71000000,148.75000000,20678.55000000,1751437799999999,3084793.74108000,15244,5951.78900000,888065.00278000,0
1751437800000000,148.75000000,149.36000000,148.75000000,149.29000000,13130.24300000,1751438699999999,1958246.62326000,8796,7574.19500000,1129857.50220000,0
1751438700000000,149.29000000,149.78000000,149.16000000,149.67000000,17507.87100000,1751439599999999,2617801.96164000,11645,9367.64000000,1400706.46658000,0
1751439600000000,149.68000000,149.92000000,149.21000000,149.21000000,19571.21700000,1751440499999999,2926554.82906000,13735,10441.07700000,1561604.55937000,0
1751440500000000,149.21000000,149.29000000,148.90000000,149.01000000,19067.87200000,1751441399999999,2842789.13786000,10065,7714.73500000,1150289.35683000,0
1751441400000000,149.02000000,149.52000000,148.87000000,149.13000000,18135.66200000,1751442299999999,2704021.00834000,11734,9511.70800000,1418198.16239000,0
1751442300000000,149.13000000,149.24000000,149.02000000,149.09000000,6169.03000000,1751443199999999,919923.95889000,5919,2995.82900000,446743.06704000,0
1751443200000000,149.10000000,149.58000000,149.10000000,149.41000000,14154.09400000,1751444099999999,2114688.15363000,12983,7823.47900000,1168917.98767000,0
1751444100000000,149.42000000,149.99000000,149.40000000,149.57000000,33155.51700000,1751444999999999,4964234.07274000,15075,20255.27300000,3033219.86559000,0
1751445000000000,149.58000000,149.79000000,149.37000000,149.53000000,22648.51000000,1751445899999999,3387445.66151000,10847,8869.29200000,1326675.44029000,0
1751445900000000,149.53000000,149.63000000,149.08000000,149.19000000,21676.62000000,1751446799999999,3235276.91825000,11749,13262.94700000,1979586.54957000,0
1751446800000000,149.19000000,149.57000000,149.07000000,149.31000000,25964.54000000,1751447699999999,3878547.12573000,11494,17308.19300000,2585431.47784000,0
1751447700000000,149.31000000,149.59000000,148.93000000,149.02000000,20814.32100000,1751448599999999,3106176.74313000,10068,9304.73800000,1389159.48567000,0
1751448600000000,149.03000000,149.05000000,148.72000000,148.92000000,13845.39000000,1751449499999999,2061474.28554000,9150,8110.46700000,1207619.81235000,0
1751449500000000,148.92000000,149.03000000,148.59000000,148.64000000,15017.23800000,1751450399999999,2233946.70650000,7395,7059.51200000,1050105.13122000,0
1751450400000000,148.65000000,148.78000000,148.44000000,148.75000000,12604.23400000,1751451299999999,1873284.76476000,7661,7258.41800000,1078783.18083000,0
1751451300000000,148.75000000,149.19000000,148.74000000,149.10000000,11918.50200000,1751452199999999,1776039.41174000,7266,7041.24500000,1049190.28616000,0
1751452200000000,149.10000000,149.44000000,149.08000000,149.40000000,21014.66700000,1751453099999999,3137714.21517000,9966,11282.08200000,1684306.63820000,0
1751453100000000,149.40000000,149.50000000,149.24000000,149.47000000,17394.48100000,1751453999999999,2597607.31208000,8113,7553.08800000,1128140.35492000,0
1751454000000000,149.46000000,149.67000000,149.29000000,149.41000000,16382.77200000,1751454899999999,2448880.49312000,10112,9485.30500000,1417862.17082000,0
1751454900000000,149.42000000,149.42000000,148.94000000,149.04000000,12477.80400000,1751455799999999,1860619.73167000,7396,5415.67100000,807556.86538000,0
1751455800000000,149.04000000,149.08000000,148.67000000,148.79000000,12032.93800000,1751456699999999,1790852.58312000,10208,5126.17100000,762957.24049000,0
1751456700000000,148.78000000,148.80000000,148.39000000,148.62000000,16252.33300000,1751457599999999,2415324.02885000,9447,6799.18900000,1010414.62451000,0
1751457600000000,148.61000000,148.62000000,148.01000000,148.14000000,18231.04000000,1751458499999999,2702804.02235000,11890,5749.96100000,852480.30433000,0
1751458500000000,148.14000000,148.14000000,147.30000000,147.73000000,40996.05900000,1751459399999999,6054383.30654000,19652,12643.09300000,1866549.53835000,0
1751459400000000,147.73000000,147.75000000,147.12000000,147.37000000,20021.65000000,1751460299999999,2951848.66422000,13266,7574.72400000,1116658.74202000,0
1751460300000000,147.38000000,147.75000000,147.34000000,147.69000000,13535.07300000,1751461199999999,1998286.98146000,10401,8533.60600000,1259909.68600000,0
1751461200000000,147.69000000,148.97000000,147.62000000,148.89000000,36533.20900000,1751462099999999,5422618.60526000,25477,24946.13400000,3702489.96907000,0
1751462100000000,148.88000000,148.88000000,148.11000000,148.43000000,17806.92700000,1751462999999999,2642282.23161000,14931,9375.03400000,1391066.62723000,0
1751463000000000,148.43000000,149.62000000,148.08000000,149.37000000,61670.24600000,1751463899999999,9176835.11451000,32875,38161.21400000,5677989.16262000,0
1751463900000000,149.37000000,149.94000000,148.85000000,149.26000000,62187.21500000,1751464799999999,9289852.48433000,31027,31780.97100000,4748232.99064000,0
1751464800000000,149.26000000,149.56000000,149.05000000,149.50000000,32307.03100000,1751465699999999,4825180.72139000,21011,22060.53300000,3295080.83062000,0
1751465700000000,149.50000000,150.63000000,149.10000000,150.05000000,71514.35900000,1751466599999999,10718998.29541000,37253,46239.49200000,6932356.87574000,0
1751466600000000,150.05000000,150.17000000,149.27000000,149.27000000,39349.92000000,1751467499999999,5895178.46672000,24706,16211.38900000,2428404.93602000,0
1751467500000000,149.26000000,150.44000000,149.16000000,150.28000000,39026.21400000,1751468399999999,5851270.51519000,27124,25079.86400000,3760982.66432000,0
1751468400000000,150.28000000,151.44000000,150.00000000,151.01000000,93740.67200000,1751469299999999,14137354.14995000,43169,52440.98800000,7910045.68055000,0
1751469300000000,151.02000000,151.46000000,150.45000000,150.62000000,49212.88900000,1751470199999999,7432463.70580000,34545,26481.84900000,3999971.92488000,0
1751470200000000,150.61000000,150.93000000,150.23000000,150.68000000,34353.20300000,1751471099999999,5172426.82547000,18025,20484.58600000,3084474.21238000,0
1751471100000000,150.68000000,151.58000000,150.68000000,151.31000000,38236.76600000,1751471999999999,5775993.22826000,22426,24784.82200000,3744134.60998000,0
1751472000000000,151.31000000,152.77000000,151.05000000,152.38000000,138967.46700000,1751472899999999,21145256.76779000,64237,87852.08700000,13369291.62879000,0
1751472900000000,152.37000000,153.17000000,152.06000000,152.30000000,117725.16500000,1751473799999999,17965153.32662000,66392,66295.90700000,10117785.53167000,0
1751473800000000,152.30000000,153.49000000,152.14000000,153.09000000,60829.24300000,1751474699999999,9302489.97123000,44911,35308.09300000,5399309.93686000,0
1751474700000000,153.09000000,153.64000000,152.81000000,153.13000000,67688.20900000,1751475599999999,10370033.29914000,44335,37883.92000000,5806166.77251000,0
1751475600000000,153.14000000,153.50000000,152.85000000,152.97000000,35046.44900000,1751476499999999,5368471.57415000,30357,16230.18700000,2486521.66968000,0
1751476500000000,152.96000000,153.52000000,152.57000000,152.71000000,35904.70500000,1751477399999999,5493838.75082000,24726,17785.26300000,2722444.96397000,0
1751477400000000,152.72000000,152.77000000,150.98000000,151.55000000,73339.73300000,1751478299999999,11131006.26421000,42267,31822.58900000,4829997.79395000,0
1751478300000000,151.54000000,151.60000000,150.33000000,151.58000000,52298.20300000,1751479199999999,7901090.61379000,35443,19087.77800000,2883208.23154000,0
1751479200000000,151.57000000,152.13000000,151.33000000,151.79000000,30991.66100000,1751480099999999,4701137.68269000,28405,15389.69700000,2334675.77648000,0
1751480100000000,151.79000000,152.30000000,151.71000000,152.02000000,18714.10100000,1751480999999999,2844352.40264000,17131,10113.51200000,1537189.48516000,0
1751481000000000,152.02000000,152.14000000,151.71000000,151.92000000,21263.18800000,1751481899999999,3229337.66828000,16811,10356.27900000,1572949.71641000,0
1751481900000000,151.92000000,152.32000000,151.84000000,152.32000000,22113.78500000,1751482799999999,3363651.42862000,17308,15291.58000000,2326168.16547000,0
1751482800000000,152.31000000,152.35000000,151.50000000,151.97000000,29966.55400000,1751483699999999,4555063.08616000,25885,15138.93300000,2301609.82441000,0
1751483700000000,151.98000000,152.94000000,151.80000000,152.89000000,27037.02900000,1751484599999999,4120062.73493000,21801,19127.67900000,2914441.97524000,0
1751484600000000,152.88000000,152.94000000,152.33000000,152.53000000,30940.76700000,1751485499999999,4720908.01668000,19650,17853.09400000,2724136.30617000,0
1751485500000000,152.52000000,153.27000000,152.23000000,153.02000000,42640.73700000,1751486399999999,6512695.91497000,28804,28940.45200000,4420797.43112000,0
1751486400000000,153.02000000,153.38000000,152.46000000,153.28000000,30962.85700000,1751487299999999,4736930.48804000,24135,20748.83900000,3174708.28092000,0
1751487300000000,153.28000000,153.48000000,152.64000000,153.41000000,26932.07900000,1751488199999999,4121973.85630000,19453,11891.18200000,1820596.04273000,0
1751488200000000,153.41000000,153.98000000,153.32000000,153.44000000,23615.38500000,1751489099999999,3627734.19885000,17919,12312.73400000,1891916.56486000,0
1751489100000000,153.43000000,153.48000000,152.79000000,152.80000000,18020.52500000,1751489999999999,2760474.81637000,12337,7380.32700000,1130766.76159000,0
1751490000000000,152.80000000,153.59000000,152.79000000,153.42000000,16508.50200000,1751490899999999,2529266.26032000,13837,7851.17500000,1202584.74249000,0
1751490900000000,153.42000000,153.86000000,153.14000000,153.15000000,35340.46600000,1751491799999999,5424433.74133000,14164,20444.33600000,3138097.34475000,0
1751491800000000,153.15000000,153.90000000,153.15000000,153.58000000,21436.68100000,1751492699999999,3293811.29832000,14780,10842.18100000,1665776.35892000,0
1751492700000000,153.57000000,154.03000000,153.57000000,153.77000000,17834.91200000,1751493599999999,2743248.32837000,10520,9290.56000000,1429313.07048000,0
1751493600000000,153.78000000,154.02000000,153.43000000,153.51000000,17677.74900000,1751494499999999,2718581.29010000,14816,7018.41500000,1079382.95385000,0
1751494500000000,153.50000000,153.80000000,153.37000000,153.73000000,9691.95000000,1751495399999999,1488466.81067000,8131,5796.08400000,890074.53008000,0
1751495400000000,153.73000000,154.47000000,153.66000000,153.72000000,27844.52300000,1751496299999999,4289195.82866000,18079,16697.24200000,2572093.47551000,0
1751496300000000,153.73000000,153.75000000,153.51000000,153.53000000,11050.68900000,1751497199999999,1697564.98883000,8190,3903.77100000,599679.31003000,0
1751497200000000,153.53000000,153.67000000,153.21000000,153.24000000,11644.83900000,1751498099999999,1787203.80981000,8526,3725.72200000,571934.57939000,0
1751498100000000,153.25000000,153.35000000,152.51000000,152.63000000,24439.45600000,1751498999999999,3733098.67328000,14638,11485.40200000,1754021.33643000,0
1751499000000000,152.64000000,152.74000000,151.97000000,151.97000000,36489.73700000,1751499899999999,5553236.69421000,15989,8604.01800000,1310013.85967000,0
1751499900000000,151.98000000,152.37000000,151.98000000,152.27000000,22538.37600000,1751500799999999,3430164.27373000,11805,9828.16100000,1495566.29319000,0
1751500800000000,152.28000000,152.72000000,152.12000000,152.62000000,25674.85700000,1751501699999999,3914243.85549000,16809,16255.24200000,2478109.32774000,0
1751501700000000,152.61000000,152.67000000,151.95000000,152.52000000,14900.80400000,1751502599999999,2269098.99071000,16938,6603.94800000,1005702.46501000,0
1751502600000000,152.52000000,153.27000000,152.34000000,153.25000000,17138.44500000,1751503499999999,2618591.29442000,14541,7831.48200000,1196830.24448000,0
1751503500000000,153.25000000,153.28000000,152.84000000,153.08000000,14691.74900000,1751504399999999,2248879.72602000,11998,4860.84700000,743992.12409000,0
1751504400000000,153.08000000,153.09000000,152.51000000,152.65000000,12743.14400000,1751505299999999,1946799.88945000,13716,5100.14300000,779118.67214000,0
1751505300000000,152.65000000,153.29000000,152.53000000,153.15000000,13034.78100000,1751506199999999,1993192.99032000,10236,5807.50800000,887998.12921000,0
1751506200000000,153.14000000,153.15000000,152.74000000,152.94000000,8936.67700000,1751507099999999,1367239.51508000,11474,3999.32700000,611894.73814000,0
1751507100000000,152.94000000,153.24000000,152.93000000,153.14000000,9543.78000000,1751507999999999,1460911.40311000,9099,4268.64600000,653397.92024000,0
1751508000000000,153.14000000,153.16000000,152.62000000,152.90000000,21819.21800000,1751508899999999,3336134.03320000,12680,8890.74100000,1359047.64036000,0
1751508900000000,152.89000000,152.93000000,152.04000000,152.17000000,24951.90400000,1751509799999999,3804022.83292000,14457,8532.58600000,1300749.81679000,0
1751509800000000,152.17000000,152.23000000,151.77000000,151.92000000,21530.87100000,1751510699999999,3271777.56699000,14988,7746.06600000,1176917.12102000,0
1751510700000000,151.92000000,152.80000000,151.89000000,152.79000000,15804.47000000,1751511599999999,2407371.17215000,11738,7834.53000000,1193191.28579000,0
1751511600000000,152.80000000,153.07000000,152.78000000,152.93000000,13812.72600000,1751512499999999,2112174.36642000,9839,4142.66400000,633457.76476000,0
1751512500000000,152.93000000,154.02000000,152.82000000,153.60000000,37706.03700000,1751513399999999,5785352.08992000,16867,27069.98700000,4153241.53164000,0
1751513400000000,153.61000000,153.91000000,153.39000000,153.87000000,19646.96900000,1751514299999999,3019131.82749000,15410,9973.06400000,1532637.03094000,0
1751514300000000,153.87000000,153.87000000,153.41000000,153.42000000,12132.80600000,1751515199999999,1863562.91410000,10677,4740.31500000,728173.01241000,0
1751515200000000,153.41000000,153.91000000,153.22000000,153.90000000,13550.31200000,1751516099999999,2080897.50278000,10976,6619.50200000,1016775.83872000,0
1751516100000000,153.89000000,153.99000000,153.69000000,153.87000000,12215.21100000,1751516999999999,1879123.56416000,8846,3994.70400000,614544.11098000,0
1751517000000000,153.87000000,154.04000000,153.67000000,153.79000000,11355.74300000,1751517899999999,1747121.69684000,10624,4975.12000000,765568.45916000,0
1751517900000000,153.79000000,153.99000000,153.65000000,153.83000000,13894.66500000,1751518799999999,2137104.89482000,13285,4947.44300000,760987.84883000,0
1751518800000000,153.83000000,154.83000000,153.78000000,154.54000000,53083.16200000,1751519699999999,8203957.58461000,22358,40686.90500000,6289239.57971000,0
1751519700000000,154.55000000,155.18000000,154.48000000,155.09000000,60120.69100000,1751520599999999,9313958.31803000,21975,44895.70400000,6956402.72232000,0
1751520600000000,155.09000000,155.84000000,155.08000000,155.65000000,56153.02300000,1751521499999999,8736277.60039000,32520,32637.41900000,5077467.97035000,0
1751521500000000,155.66000000,155.93000000,155.41000000,155.70000000,34782.20600000,1751522399999999,5415619.29415000,18653,14441.90400000,2249073.12998000,0
1751522400000000,155.70000000,155.95000000,155.18000000,155.27000000,24568.28000000,1751523299999999,3820395.73808000,17876,9180.48500000,1427702.58686000,0
1751523300000000,155.26000000,155.54000000,155.14000000,155.51000000,19251.45600000,1751524199999999,2990890.27096000,14475,10828.57400000,1682353.92989000,0
1751524200000000,155.50000000,155.79000000,155.14000000,155.69000000,21886.47500000,1751525099999999,3401794.92425000,12790,10004.46600000,1554871.45036000,0
1751525100000000,155.69000000,155.79000000,155.42000000,155.45000000,15013.71500000,1751525999999999,2335634.90713000,11214,5355.24000000,833208.68579000,0
1751526000000000,155.45000000,155.45000000,154.94000000,155.12000000,31289.21400000,1751526899999999,4853307.31531000,15393,13935.10500000,2161417.93926000,0
1751526900000000,155.12000000,155.50000000,154.84000000,155.42000000,21412.08200000,1751527799999999,3321751.95768000,11199,12727.63100000,1974885.71349000,0
1751527800000000,155.42000000,155.68000000,155.29000000,155.37000000,16688.05600000,1751528699999999,2595038.64755000,12828,6445.44000000,1002378.14415000,0
1751528700000000,155.38000000,155.81000000,155.05000000,155.61000000,22385.00600000,1751529599999999,3479701.30215000,9478,8781.98600000,1365027.13623000,0
1751529600000000,155.61000000,155.76000000,155.23000000,155.44000000,20236.33600000,1751530499999999,3147673.43384000,13290,10101.60300000,1571465.96928000,0
1751530500000000,155.44000000,155.89000000,155.35000000,155.81000000,13849.28600000,1751531399999999,2155905.24008000,9985,6466.43500000,1006715.36364000,0
1751531400000000,155.81000000,155.92000000,155.54000000,155.90000000,17658.68800000,1751532299999999,2750133.84852000,11678,9585.66900000,1492867.39666000,0
1751532300000000,155.91000000,155.91000000,155.17000000,155.22000000,18253.10100000,1751533199999999,2838498.58240000,9645,6326.08900000,983423.15805000,0
1751533200000000,155.21000000,156.03000000,155.17000000,155.95000000,31158.04000000,1751534099999999,4851002.21878000,12130,15959.11800000,2486685.32900000,0
1751534100000000,155.94000000,156.35000000,155.53000000,155.65000000,28865.99900000,1751534999999999,4500963.24219000,19803,11188.44000000,1744943.04047000,0
1751535000000000,155.65000000,156.22000000,155.44000000,156.19000000,38734.86500000,1751535899999999,6034518.41336000,20733,19193.38300000,2991869.40790000,0
1751535900000000,156.19000000,156.19000000,155.28000000,155.68000000,32722.57100000,1751536799999999,5097294.12272000,24231,11647.55700000,1815039.47946000,0
1751536800000000,155.68000000,155.80000000,155.24000000,155.54000000,15909.43500000,1751537699999999,2474267.81289000,15495,5761.70400000,896199.39945000,0
1751537700000000,155.55000000,155.55000000,154.42000000,154.78000000,44939.24900000,1751538599999999,6957844.06091000,23139,16142.12400000,2499512.83221000,0
1751538600000000,154.77000000,154.97000000,154.65000000,154.85000000,18467.91800000,1751539499999999,2859105.23315000,11569,9905.25300000,1533446.24720000,0
1751539500000000,154.85000000,154.97000000,154.51000000,154.85000000,13175.92400000,1751540399999999,2038400.35505000,9634,5850.99900000,905420.91471000,0
1751540400000000,154.86000000,155.01000000,154.58000000,154.67000000,21413.20200000,1751541299999999,3315464.84214000,10062,14549.96500000,2253514.87956000,0
1751541300000000,154.68000000,154.92000000,154.50000000,154.51000000,11152.96500000,1751542199999999,1725418.69692000,8095,4026.73800000,623175.47488000,0
1751542200000000,154.51000000,154.60000000,154.13000000,154.42000000,19740.37800000,1751543099999999,3047508.50263000,12000,11523.20800000,1778808.18920000,0
1751543100000000,154.42000000,154.65000000,154.32000000,154.53000000,9288.27500000,1751543999999999,1434983.43282000,8884,3763.94800000,581540.34430000,0
1751544000000000,154.53000000,154.72000000,154.24000000,154.36000000,39375.06800000,1751544899999999,6079439.92747000,12639,8810.72400000,1360917.01994000,0
1751544900000000,154.35000000,154.61000000,154.06000000,154.61000000,23746.65800000,1751545799999999,3664428.14812000,10747,12200.74000000,1882967.21686000,0
1751545800000000,154.61000000,155.26000000,152.23000000,153.02000000,148868.69600000,1751546699999999,22857026.36139000,67988,77000.74700000,11834599.06681000,0
1751546700000000,153.02000000,153.24000000,151.92000000,153.13000000,117061.98900000,1751547599999999,17853296.45058000,47284,42126.08000000,6424710.27812000,0
1751547600000000,153.12000000,153.44000000,152.83000000,153.03000000,53722.94200000,1751548499999999,8226718.38278000,30442,31358.38700000,4802039.33931000,0
1751548500000000,153.04000000,153.28000000,152.53000000,152.62000000,37049.22700000,1751549399999999,5663430.29285000,21311,20043.91300000,3063934.54371000,0
1751549400000000,152.62000000,154.48000000,152.62000000,153.98000000,93475.01400000,1751550299999999,14382891.86504000,60061,58551.80100000,9006985.24574000,0
1751550300000000,153.98000000,154.99000000,153.47000000,154.55000000,86949.84000000,1751551199999999,13419650.33192000,51479,59208.29300000,9138180.84915000,0
1751551200000000,154.56000000,154.91000000,153.18000000,153.29000000,72877.09000000,1751552099999999,11230753.33262000,53170,34655.50700000,5343268.18063000,0
1751552100000000,153.29000000,153.85000000,152.40000000,152.56000000,53932.59900000,1751552999999999,8270519.94535000,34525,26860.54200000,4120814.44880000,0
1751553000000000,152.55000000,152.80000000,151.95000000,152.62000000,57076.65100000,1751553899999999,8700302.32795000,37959,31941.56600000,4869605.41420000,0
1751553900000000,152.61000000,152.87000000,152.06000000,152.27000000,33090.44200000,1751554799999999,5043740.61136000,21738,18367.05500000,2799642.47782000,0
1751554800000000,152.26000000,152.70000000,151.38000000,151.78000000,55124.20200000,1751555699999999,8370837.71100000,37501,24649.17800000,3742966.32676000,0
1751555700000000,151.79000000,152.13000000,151.22000000,151.41000000,45984.68800000,1751556599999999,6973020.45823000,28093,19572.95700000,2968796.66643000,0
1751556600000000,151.41000000,151.57000000,149.86000000,150.83000000,97989.86500000,1751557499999999,14763711.59589000,51482,42397.46800000,6386009.76124000,0
1751557500000000,150.84000000,150.85000000,149.96000000,150.18000000,37526.99800000,1751558399999999,5642917.02612000,25871,16459.78700000,2474943.75051000,0
1751558400000000,150.18000000,150.95000000,150.03000000,150.84000000,36705.91500000,1751559299999999,5528942.60370000,28908,20827.74600000,3137964.06838000,0
1751559300000000,150.84000000,150.84000000,149.91000000,150.22000000,34974.94300000,1751560199999999,5253941.41946000,26881,11734.27200000,1762763.13786000,0
1751560200000000,150.22000000,150.78000000,150.04000000,150.66000000,35278.53900000,1751561099999999,5309444.61870000,15247,19481.05900000,2932081.61720000,0
1751561100000000,150.66000000,151.17000000,150.35000000,150.66000000,26860.32200000,1751561999999999,4051304.51061000,19883,15609.41400000,2354548.40821000,0
1751562000000000,150.67000000,151.55000000,150.63000000,151.51000000,21857.56300000,1751562899999999,3304115.92506000,14691,13634.32000000,2060792.23986000,0
1751562900000000,151.51000000,151.53000000,150.97000000,151.10000000,21214.25500000,1751563799999999,3207647.69326000,11824,10981.55400000,1660509.83776000,0
1751563800000000,151.10000000,151.65000000,151.08000000,151.63000000,19094.21800000,1751564699999999,2891254.68399000,9827,11656.13000000,1765095.98348000,0
1751564700000000,151.63000000,151.67000000,151.43000000,151.52000000,18161.84000000,1751565599999999,2752463.33103000,8358,6860.55800000,1039770.43736000,0
1751565600000000,151.53000000,151.88000000,151.10000000,151.30000000,19440.22300000,1751566499999999,2945967.96149000,10966,9441.68100000,1431083.80364000,0
1751566500000000,151.29000000,151.54000000,150.66000000,151.54000000,21278.29400000,1751567399999999,3214223.10793000,14403,8353.30900000,1261878.16086000,0
1751567400000000,151.54000000,151.70000000,151.27000000,151.62000000,15985.97100000,1751568299999999,2422758.96558000,10863,6401.94300000,970177.70489000,0
1751568300000000,151.61000000,151.78000000,151.46000000,151.74000000,9960.15700000,1751569199999999,1510159.75023000,8607,5688.37300000,862508.21800000,0
1751569200000000,151.74000000,152.04000000,151.62000000,151.63000000,18880.87100000,1751570099999999,2867017.44864000,13079,10585.93000000,1607458.19840000,0
1751570100000000,151.63000000,151.94000000,151.60000000,151.84000000,11839.60100000,1751570999999999,1797262.24438000,8554,7944.33500000,1205941.00724000,0
1751571000000000,151.83000000,151.86000000,151.44000000,151.80000000,12341.24300000,1751571899999999,1871372.51247000,8087,5484.14300000,831541.59347000,0
1751571900000000,151.79000000,151.93000000,151.65000000,151.81000000,7515.94700000,1751572799999999,1140769.90233000,6552,4554.41000000,691291.99813000,0
1751572800000000,151.81000000,152.29000000,151.81000000,152.11000000,10444.62500000,1751573699999999,1588328.15595000,7686,5971.39700000,908163.43422000,0
1751573700000000,152.12000000,152.52000000,152.03000000,152.48000000,13005.39600000,1751574599999999,1980787.45494000,9789,6559.97300000,999046.32844000,0
1751574600000000,152.48000000,152.65000000,152.28000000,152.62000000,11927.76400000,1751575499999999,1818440.23310000,8254,6052.35900000,922736.81158000,0
1751575500000000,152.63000000,152.82000000,152.32000000,152.82000000,20006.46600000,1751576399999999,3052884.65412000,9293,11607.16200000,1771419.17521000,0
1751576400000000,152.82000000,153.18000000,152.54000000,152.86000000,34588.20700000,1751577299999999,5289449.74508000,15581,22126.90600000,3383897.79921000,0
1751577300000000,152.86000000,153.08000000,152.72000000,152.90000000,16347.19700000,1751578199999999,2498927.86223000,8914,9485.95500000,1450175.32795000,0
1751578200000000,152.91000000,152.91000000,152.53000000,152.70000000,16101.48400000,1751579099999999,2458928.78441000,9978,7670.28600000,1171278.81090000,0
1751579100000000,152.70000000,153.08000000,152.63000000,153.05000000,8113.13700000,1751579999999999,1240327.92211000,5193,4933.53100000,754221.08690000,0
1751580000000000,153.04000000,153.26000000,152.87000000,153.03000000,25624.52000000,1751580899999999,3923196.15926000,15744,17870.02900000,2736014.03409000,0
1751580900000000,153.03000000,153.08000000,152.68000000,152.68000000,21996.44400000,1751581799999999,3361956.60527000,7610,7450.82100000,1138670.95677000,0
1751581800000000,152.69000000,152.85000000,152.68000000,152.71000000,7300.54100000,1751582699999999,1115379.12379000,4354,3502.53700000,535097.18459000,0
1751582700000000,152.72000000,152.98000000,152.59000000,152.96000000,11615.01100000,1751583599999999,1774658.42608000,5915,4303.71400000,657604.39413000,0
1751583600000000,152.96000000,153.07000000,152.50000000,152.60000000,9625.54100000,1751584499999999,1470529.21006000,7397,4191.22500000,640269.10495000,0
1751584500000000,152.59000000,152.62000000,152.25000000,152.39000000,12128.64500000,1751585399999999,1848238.76267000,7802,4200.76400000,640218.93730000,0
1751585400000000,152.39000000,152.50000000,152.17000000,152.26000000,6248.35900000,1751586299999999,951686.34687000,5195,2803.74300000,427059.04983000,0
1751586300000000,152.27000000,152.41000000,152.12000000,152.36000000,8618.23000000,1751587199999999,1312150.51354000,5146,4430.08300000,674645.07056000,0
1751587200000000,152.35000000,152.84000000,152.14000000,152.64000000,29902.63000000,1751588099999999,4559232.24370000,10484,14007.39200000,2135969.87018000,0
1751588100000000,152.64000000,152.65000000,152.05000000,152.07000000,10188.00400000,1751588999999999,1550796.02325000,10016,3442.01200000,523950.56763000,0
1751589000000000,152.06000000,152.63000000,152.06000000,152.48000000,12808.36300000,1751589899999999,1951909.29949000,8716,6378.98500000,972046.78354000,0
1751589900000000,152.48000000,152.82000000,152.08000000,152.42000000,11898.40600000,1751590799999999,1815330.59079000,11004,5452.31800000,832107.92765000,0
1751590800000000,152.43000000,153.04000000,152.31000000,152.87000000,15528.61100000,1751591699999999,2373000.12158000,10911,7555.18500000,1154342.64872000,0
1751591700000000,152.88000000,153.16000000,152.69000000,152.93000000,11810.45800000,1751592599999999,1806466.46258000,11111,7510.25400000,1148729.07602000,0
1751592600000000,152.93000000,153.13000000,152.58000000,152.66000000,9293.62400000,1751593499999999,1420999.24930000,9290,3797.96600000,580849.03026000,0
1751593500000000,152.65000000,152.75000000,152.42000000,152.45000000,9545.65700000,1751594399999999,1456563.60517000,6672,4702.98200000,717625.11856000,0
1751594400000000,152.46000000,152.60000000,152.12000000,152.23000000,10884.01100000,1751595299999999,1657977.03100000,8611,3696.96600000,563235.53446000,0
1751595300000000,152.23000000,152.26000000,151.76000000,152.06000000,11998.92100000,1751596199999999,1823739.55207000,9650,3013.74200000,458068.89285000,0
1751596200000000,152.07000000,152.07000000,151.14000000,151.24000000,23187.67800000,1751597099999999,3514179.96994000,14710,7194.66100000,1090505.45117000,0
1751597100000000,151.25000000,151.52000000,150.90000000,151.28000000,23859.10900000,1751597999999999,3606703.17367000,14496,8565.29400000,1295143.63192000,0
1751598000000000,151.28000000,151.57000000,150.92000000,151.51000000,14058.79600000,1751598899999999,2126534.67349000,12072,6561.76700000,992591.01932000,0
1751598900000000,151.51000000,151.88000000,151.42000000,151.86000000,9961.15000000,1751599799999999,1510675.03830000,7488,5077.30900000,770083.02932000,0
1751599800000000,151.87000000,151.96000000,151.61000000,151.96000000,8090.71600000,1751600699999999,1228079.56073000,6410,3759.74900000,570715.78175000,0
1751600700000000,151.96000000,151.96000000,151.63000000,151.69000000,6934.14600000,1751601599999999,1052015.57811000,5336,2040.30000000,309604.61121000,0
1751601600000000,151.70000000,152.33000000,151.65000000,152.33000000,9275.84600000,1751602499999999,1410340.22102000,8726,5446.97800000,828173.98725000,0
1751602500000000,152.32000000,152.56000000,152.17000000,152.30000000,12429.04400000,1751603399999999,1893436.88001000,8135,7199.23500000,1096934.21965000,0
1751603400000000,152.30000000,152.31000000,151.96000000,152.02000000,16442.73400000,1751604299999999,2500639.74814000,8810,4711.19000000,716444.81116000,0
1751604300000000,152.02000000,152.14000000,151.53000000,151.56000000,15100.83400000,1751605199999999,2292602.33719000,11602,6051.40800000,918814.28262000,0
1751605200000000,151.57000000,152.88000000,151.53000000,152.64000000,32958.58300000,1751606099999999,5020263.58231000,19252,16246.63100000,2474802.89316000,0
1751606100000000,152.64000000,153.42000000,152.32000000,153.34000000,31870.66500000,1751606999999999,4868511.02026000,18815,13848.17000000,2115650.45322000,0
1751607000000000,153.34000000,153.88000000,153.00000000,153.13000000,33697.69200000,1751607899999999,5169646.19198000,24374,15918.68200000,2442243.22156000,0
1751607900000000,153.13000000,153.30000000,152.78000000,153.25000000,22394.56000000,1751608799999999,3426540.59710000,13761,7904.71300000,1209552.24356000,0
1751608800000000,153.25000000,153.28000000,151.91000000,152.02000000,37925.39300000,1751609699999999,5787407.73800000,25645,11830.36400000,1804897.22003000,0
1751609700000000,152.03000000,152.46000000,151.74000000,152.05000000,32278.70600000,1751610599999999,4909517.36817000,23007,11199.67000000,1703146.49128000,0
1751610600000000,152.05000000,152.70000000,152.03000000,152.53000000,24052.06100000,1751611499999999,3668139.29593000,12222,8154.72300000,1243225.78986000,0
1751611500000000,152.52000000,152.94000000,152.34000000,152.44000000,25326.73900000,1751612399999999,3863441.58962000,11929,8410.18200000,1283242.73442000,0
1751612400000000,152.44000000,152.89000000,151.68000000,151.68000000,21389.13300000,1751613299999999,3257596.06982000,14546,9644.02100000,1469571.90394000,0
1751613300000000,151.69000000,151.77000000,150.88000000,150.89000000,43294.73600000,1751614199999999,6547365.39395000,26634,14243.19200000,2153690.55704000,0
1751614200000000,150.88000000,151.01000000,150.27000000,150.73000000,53771.71200000,1751615099999999,8101139.97615000,26937,21119.84700000,3182615.12545000,0
1751615100000000,150.73000000,150.90000000,150.35000000,150.48000000,30076.30600000,1751615999999999,4528754.42713000,18288,12848.94300000,1934755.79686000,0
1751616000000000,150.48000000,150.49000000,149.15000000,149.42000000,78072.24000000,1751616899999999,11701901.38265000,31777,27431.93400000,4112017.70413000,0
1751616900000000,149.41000000,150.09000000,149.02000000,149.91000000,33888.60500000,1751617799999999,5072784.18596000,26766,17563.90600000,2629422.67133000,0
1751617800000000,149.90000000,150.40000000,149.62000000,150.37000000,21684.24600000,1751618699999999,3252110.35562000,19642,11416.06600000,1712619.81759000,0
1751618700000000,150.37000000,150.38000000,149.77000000,150.01000000,15606.20200000,1751619599999999,2340577.69432000,11709,7434.26500000,1114723.61061000,0
1751619600000000,150.00000000,150.53000000,149.88000000,150.48000000,24426.59300000,1751620499999999,3670635.39488000,12044,12511.54800000,1880007.71341000,0
1751620500000000,150.48000000,150.85000000,150.16000000,150.80000000,28975.51200000,1751621399999999,4362380.69855000,13481,20098.53900000,3026657.73585000,0
1751621400000000,150.79000000,150.98000000,150.63000000,150.94000000,15353.01700000,1751622299999999,2315647.65512000,10403,8614.46600000,1299502.91659000,0
1751622300000000,150.94000000,150.94000000,150.57000000,150.88000000,20779.04800000,1751623199999999,3133622.04409000,12282,10976.11500000,1655405.43373000,0
1751623200000000,150.87000000,150.97000000,150.67000000,150.79000000,8056.67900000,1751624099999999,1215123.83981000,8490,3973.03100000,599267.70746000,0
1751624100000000,150.79000000,150.86000000,150.29000000,150.29000000,8943.63000000,1751624999999999,1346890.11661000,8069,3203.56100000,482352.14788000,0
1751625000000000,150.30000000,150.52000000,150.15000000,150.16000000,10763.10800000,1751625899999999,1617854.86302000,10806,5230.06400000,786106.94217000,0
1751625900000000,150.16000000,150.25000000,149.93000000,150.09000000,11918.00500000,1751626799999999,1789043.20832000,9749,4143.82200000,622022.73212000,0
1751626800000000,150.08000000,150.57000000,150.05000000,150.46000000,18474.75900000,1751627699999999,2777672.41293000,10779,8374.60100000,1259085.45921000,0
1751627700000000,150.47000000,150.78000000,150.18000000,150.65000000,10292.83400000,1751628599999999,1548794.90682000,10014,5130.97000000,772057.14440000,0
1751628600000000,150.66000000,150.69000000,150.30000000,150.46000000,7693.40300000,1751629499999999,1157775.40968000,7863,3474.79400000,522960.13368000,0
1751629500000000,150.46000000,150.61000000,150.11000000,150.21000000,21694.50900000,1751630399999999,3264253.05037000,9679,15186.53400000,2285478.24685000,0
1751630400000000,150.22000000,150.50000000,150.02000000,150.27000000,14030.71400000,1751631299999999,2108354.80816000,8447,6512.39200000,978757.02851000,0
1751631300000000,150.28000000,150.73000000,150.16000000,150.64000000,8434.42400000,1751632199999999,1269205.00090000,11301,4889.77800000,735856.38580000,0
1751632200000000,150.64000000,150.67000000,150.23000000,150.24000000,7655.97200000,1751633099999999,1151670.69942000,9539,3435.65300000,516946.47477000,0
1751633100000000,150.25000000,150.53000000,149.85000000,150.53000000,12703.86300000,1751633999999999,1907561.94978000,12113,5554.20400000,834310.23640000,0
1751634000000000,150.53000000,151.25000000,150.13000000,150.13000000,24643.13700000,1751634899999999,3714810.99473000,20910,12980.07200000,1957665.10852000,0
1751634900000000,150.14000000,150.43000000,150.01000000,150.10000000,16998.61200000,1751635799999999,2553402.99825000,13333,7602.15500000,1142280.20213000,0
1751635800000000,150.10000000,150.21000000,149.42000000,149.70000000,37308.36700000,1751636699999999,5588877.51438000,28506,12934.46400000,1937825.25443000,0
1751636700000000,149.69000000,149.73000000,148.38000000,148.54000000,86435.84300000,1751637599999999,12877350.02922000,45225,30422.65300000,4531766.04357000,0
1751637600000000,148.53000000,148.88000000,147.80000000,148.19000000,101012.38700000,1751638499999999,14970854.63263000,51190,32970.07200000,4887580.18896000,0
1751638500000000,148.19000000,148.73000000,147.51000000,148.67000000,50224.40800000,1751639399999999,7438469.37669000,42304,25385.27000000,3761164.42621000,0
1751639400000000,148.66000000,148.66000000,148.09000000,148.42000000,24777.83900000,1751640299999999,3675189.47254000,16582,16812.60000000,2493584.05851000,0
1751640300000000,148.42000000,148.42000000,147.80000000,148.11000000,24887.07100000,1751641199999999,3683567.11579000,15754,12968.64900000,1919784.86548000,0
1751641200000000,148.10000000,148.27000000,147.51000000,147.52000000,39973.04500000,1751642099999999,5906754.45257000,22345,22300.21200000,3295152.83870000,0
1751642100000000,147.52000000,147.64000000,146.61000000,146.93000000,78564.97600000,1751642999999999,11558954.95579000,34477,32930.05500000,4845611.09924000,0
1751643000000000,146.92000000,147.13000000,146.48000000,146.72000000,52319.25300000,1751643899999999,7678802.60404000,28065,24299.39400000,3567417.24528000,0
1751643900000000,146.73000000,146.89000000,146.29000000,146.57000000,38429.58700000,1751644799999999,5631616.83135000,29280,23169.57100000,3395598.92124000,0
1751644800000000,146.56000000,147.00000000,146.14000000,146.40000000,45530.61600000,1751645699999999,6671399.69361000,41611,27275.74100000,3996611.92270000,0
1751645700000000,146.39000000,146.67000000,145.47000000,145.83000000,76403.82800000,1751646599999999,11151032.58046000,50959,36275.54500000,5295355.85065000,0
1751646600000000,145.83000000,146.25000000,145.22000000,145.38000000,44431.96000000,1751647499999999,6468725.29509000,28369,26432.75100000,3848736.67441000,0
1751647500000000,145.37000000,145.89000000,145.34000000,145.89000000,32074.35600000,1751648399999999,4671050.94250000,22147,21947.33800000,3196263.71284000,0
1751648400000000,145.89000000,146.39000000,145.81000000,145.92000000,34241.71400000,1751649299999999,5003215.91820000,24193,21848.20500000,3192545.33834000,0
1751649300000000,145.92000000,146.13000000,145.62000000,146.09000000,18940.08000000,1751650199999999,2763399.64045000,15688,11174.81400000,1630444.89338000,0
1751650200000000,146.09000000,146.99000000,145.78000000,146.34000000,56056.51200000,1751651099999999,8212698.00359000,14001,40983.62000000,6005801.77259000,0
1751651100000000,146.34000000,146.69000000,146.05000000,146.65000000,22165.07000000,1751651999999999,3244863.12798000,10626,16492.48200000,2414452.78555000,0
1751652000000000,146.65000000,146.65000000,146.19000000,146.29000000,13562.15000000,1751652899999999,1984849.40242000,9011,7921.12200000,1159206.25158000,0
1751652900000000,146.29000000,146.43000000,145.85000000,146.06000000,22905.57200000,1751653799999999,3347616.58945000,11924,10976.30100000,1604400.60710000,0
1751653800000000,146.07000000,146.63000000,146.02000000,146.55000000,10708.58600000,1751654699999999,1567952.73124000,8364,7584.39000000,1110451.24808000,0
1751654700000000,146.56000000,146.75000000,146.16000000,146.38000000,12073.75800000,1751655599999999,1767549.09095000,7281,7382.76600000,1080879.30228000,0
1751655600000000,146.37000000,146.78000000,146.22000000,146.73000000,11225.99800000,1751656499999999,1644200.02909000,9468,6165.49000000,903112.77399000,0
1751656500000000,146.74000000,146.82000000,146.08000000,146.12000000,15159.44300000,1751657399999999,2220106.96829000,11892,5748.96200000,842158.07452000,0
1751657400000000,146.12000000,146.74000000,146.12000000,146.70000000,6723.25500000,1751658299999999,984680.88571000,8180,4384.63200000,642158.32817000,0
1751658300000000,146.71000000,146.75000000,146.58000000,146.72000000,5408.31900000,1751659199999999,793189.15429000,6082,3490.58000000,511956.16109000,0
1751659200000000,146.73000000,147.22000000,146.55000000,147.17000000,14038.18600000,1751660099999999,2062464.25515000,9819,9391.27600000,1379912.62697000,0
1751660100000000,147.17000000,147.23000000,146.84000000,146.88000000,12990.92300000,1751660999999999,1910473.37492000,9771,7584.50500000,1115514.41343000,0
1751661000000000,146.87000000,146.96000000,146.63000000,146.86000000,6214.08700000,1751661899999999,912286.39461000,5315,3460.44600000,507991.66049000,0
1751661900000000,146.86000000,146.92000000,146.62000000,146.86000000,7826.19300000,1751662799999999,1148550.37569000,7163,3701.40200000,543231.83179000,0
1751662800000000,146.86000000,146.86000000,146.44000000,146.44000000,8937.91600000,1751663699999999,1310782.16465000,5527,3597.64600000,527651.15803000,0
1751663700000000,146.45000000,146.89000000,146.38000000,146.84000000,7798.76600000,1751664599999999,1143400.54253000,6750,5100.67700000,747813.58001000,0
1751664600000000,146.84000000,146.84000000,146.37000000,146.76000000,11745.50900000,1751665499999999,1721538.19284000,8944,6686.50500000,980030.82672000,0
1751665500000000,146.77000000,147.36000000,146.74000000,147.23000000,13663.31300000,1751666399999999,2010670.10933000,9950,8884.83000000,1307521.06551000,0
1751666400000000,147.23000000,147.45000000,146.97000000,147.40000000,17275.02400000,1751667299999999,2543512.78231000,12746,12588.54800000,1853630.12239000,0
1751667300000000,147.40000000,147.71000000,147.26000000,147.70000000,23579.76000000,1751668199999999,3478121.78844000,10123,15541.98500000,2292386.04838000,0
1751668200000000,147.69000000,148.37000000,147.65000000,148.10000000,29442.84400000,1751669099999999,4362067.89941000,13624,20773.28800000,3077515.46354000,0
1751669100000000,148.09000000,148.35000000,148.04000000,148.28000000,12636.48100000,1751669999999999,1873182.50396000,8419,7997.92600000,1185635.77569000,0
1751670000000000,148.28000000,148.29000000,147.30000000,147.94000000,50419.06600000,1751670899999999,7454371.41241000,11007,14797.29000000,2189012.16681000,0
1751670900000000,147.93000000,147.94000000,147.59000000,147.76000000,14436.54300000,1751671799999999,2133719.90892000,6805,8634.57200000,1276122.12885000,0
1751671800000000,147.77000000,147.95000000,147.35000000,147.40000000,16379.72400000,1751672699999999,2419361.22378000,7924,7527.34200000,1112180.87418000,0
1751672700000000,147.40000000,147.78000000,147.40000000,147.70000000,15834.27200000,1751673599999999,2338426.06216000,5625,11108.89400000,1640603.47947000,0
1751673600000000,147.69000000,148.56000000,147.56000000,148.16000000,45024.61900000,1751674499999999,6667938.00891000,9547,34864.67900000,5164576.85382000,0
1751674500000000,148.16000000,148.38000000,148.05000000,148.30000000,7614.57800000,1751675399999999,1128734.80581000,7300,4282.41800000,634810.01229000,0
1751675400000000,148.29000000,148.46000000,148.08000000,148.30000000,7516.69200000,1751676299999999,1114421.13463000,10033,2705.94500000,401261.79838000,0
1751676300000000,148.31000000,148.34000000,148.12000000,148.32000000,8141.77900000,1751677199999999,1206903.75099000,5487,5515.68500000,817632.88594000,0
1751677200000000,148.31000000,148.34000000,148.08000000,148.18000000,7703.29200000,1751678099999999,1141512.51893000,4530,2580.17000000,382377.72987000,0
1751678100000000,148.17000000,148.18000000,147.83000000,147.84000000,7921.72400000,1751678999999999,1171904.91402000,4717,4228.67400000,625548.88002000,0
1751679000000000,147.84000000,148.17000000,147.75000000,148.08000000,4380.14000000,1751679899999999,648352.29412000,5958,2536.81800000,375465.83415000,0
1751679900000000,148.07000000,148.25000000,147.81000000,148.21000000,4547.08600000,1751680799999999,672928.61003000,5913,2252.99000000,333407.97400000,0
1751680800000000,148.21000000,148.23000000,147.95000000,148.08000000,5027.33200000,1751681699999999,744475.61146000,7618,1959.84000000,290222.78925000,0
1751681700000000,148.08000000,148.21000000,147.55000000,147.57000000,8279.29500000,1751682599999999,1224121.07579000,7550,2144.88500000,317322.71317000,0
1751682600000000,147.57000000,147.94000000,147.20000000,147.88000000,9658.68300000,1751683499999999,1425387.28491000,8674,3718.14800000,548907.91528000,0
1751683500000000,147.89000000,148.12000000,147.83000000,148.04000000,5959.07000000,1751684399999999,881981.41121000,5020,2827.94400000,418553.02752000,0
1751684400000000,148.05000000,148.44000000,148.04000000,148.08000000,9016.53400000,1751685299999999,1336728.76167000,6331,5283.61700000,783172.01713000,0
1751685300000000,148.09000000,148.27000000,148.03000000,148.21000000,7736.86200000,1751686199999999,1146478.28961000,5241,4770.51600000,706903.92488000,0
1751686200000000,148.21000000,148.29000000,147.73000000,147.75000000,19572.10500000,1751687099999999,2897148.08028000,7143,5486.08100000,812126.45436000,0
1751687100000000,147.75000000,147.94000000,147.65000000,147.75000000,4541.20400000,1751687999999999,671149.25445000,5213,2625.42300000,388035.34897000,0
1751688000000000,147.76000000,147.81000000,147.38000000,147.56000000,9922.76500000,1751688899999999,1464303.56882000,6489,6073.26500000,896267.92488000,0
1751688900000000,147.55000000,148.07000000,147.43000000,148.06000000,10606.07600000,1751689799999999,1566771.33054000,6360,4309.34000000,636523.76887000,0
1751689800000000,148.05000000,148.06000000,147.54000000,147.56000000,7696.71000000,1751690699999999,1136700.41440000,6679,2806.71500000,414620.29278000,0
1751690700000000,147.56000000,147.61000000,147.26000000,147.27000000,10326.73300000,1751691599999999,1522177.20750000,5494,2049.79800000,302125.03549000,0
1751691600000000,147.27000000,147.29000000,146.88000000,147.04000000,21474.44000000,1751692499999999,3158677.07111000,11298,8734.17200000,1284424.78404000,0
1751692500000000,147.03000000,147.30000000,146.81000000,147.08000000,9086.12200000,1751693399999999,1336173.05853000,8274,4079.60200000,599999.27581000,0
1751693400000000,147.07000000,147.07000000,146.72000000,146.86000000,12061.74700000,1751694299999999,1771356.45178000,7824,5012.37300000,736025.34964000,0
1751694300000000,146.86000000,147.43000000,146.86000000,147.36000000,7287.77400000,1751695199999999,1072776.70258000,5412,4575.48300000,673470.92918000,0
1751695200000000,147.36000000,147.47000000,147.06000000,147.31000000,11911.61100000,1751696099999999,1754297.67934000,8289,6590.25000000,970699.98546000,0
1751696100000000,147.30000000,148.00000000,147.30000000,147.97000000,16948.00900000,1751696999999999,2504015.47471000,11766,10949.13300000,1617565.62410000,0
1751697000000000,147.96000000,148.16000000,147.88000000,147.97000000,19185.00700000,1751697899999999,2839631.08422000,12769,6806.55300000,1007414.37260000,0
1751697900000000,147.97000000,148.35000000,147.96000000,148.19000000,31785.22000000,1751698799999999,4710611.63664000,9431,13244.61200000,1962811.46327000,0
1751698800000000,148.18000000,148.52000000,147.97000000,148.08000000,21550.65400000,1751699699999999,3194191.31427000,9326,8439.32600000,1251245.10766000,0
1751699700000000,148.07000000,148.32000000,147.95000000,148.25000000,12322.61600000,1751700599999999,1825417.02729000,6089,4096.41400000,606834.13590000,0
1751700600000000,148.25000000,148.26000000,147.73000000,147.87000000,17343.49700000,1751701499999999,2565912.93208000,7206,5317.42800000,786501.63280000,0
1751701500000000,147.86000000,147.88000000,147.70000000,147.86000000,11773.33000000,1751702399999999,1740010.92723000,5208,3975.49800000,587523.77979000,0
1751702400000000,147.85000000,147.87000000,147.55000000,147.87000000,11510.45100000,1751703299999999,1700548.09792000,6770,6749.82500000,997169.62097000,0
1751703300000000,147.88000000,147.90000000,147.34000000,147.38000000,9751.09500000,1751704199999999,1438809.23518000,7260,3397.45200000,501337.68208000,0
1751704200000000,147.38000000,147.48000000,147.17000000,147.25000000,9732.05300000,1751705099999999,1433410.25791000,7216,4122.41500000,607190.55391000,0
1751705100000000,147.25000000,147.38000000,147.04000000,147.35000000,17937.37000000,1751705999999999,2639682.47149000,8545,7709.01900000,1134551.43672000,0
1751706000000000,147.35000000,147.43000000,147.05000000,147.05000000,13582.56700000,1751706899999999,1999856.17903000,7870,6104.75000000,899317.69191000,0
1751706900000000,147.05000000,147.05000000,146.81000000,146.96000000,16625.52700000,1751707799999999,2442924.17325000,9789,4920.22700000,722987.78053000,0
1751707800000000,146.96000000,147.15000000,146.88000000,147.10000000,8177.22600000,1751708699999999,1202463.36195000,7531,3975.59100000,584606.90731000,0
1751708700000000,147.10000000,148.01000000,147.08000000,147.92000000,33886.65000000,1751709599999999,5003525.21006000,15114,24641.69000000,3637466.27220000,0
1751709600000000,147.92000000,148.06000000,147.73000000,147.82000000,17325.02500000,1751710499999999,2561905.33439000,9616,2951.41000000,436465.47763000,0
1751710500000000,147.83000000,148.09000000,147.77000000,148.09000000,10584.47900000,1751711399999999,1566117.45718000,5532,4568.30300000,676026.85491000,0
1751711400000000,148.09000000,148.20000000,147.87000000,148.02000000,12739.56300000,1751712299999999,1885672.29135000,7322,4759.25000000,704475.79702000,0
1751712300000000,148.03000000,148.17000000,147.85000000,147.94000000,11684.30400000,1751713199999999,1729802.79588000,5601,4279.33800000,633569.61085000,0
1751713200000000,147.94000000,148.19000000,147.94000000,148.16000000,7909.47300000,1751714099999999,1171420.74071000,4353,3276.04800000,485172.48375000,0
1751714100000000,148.16000000,148.41000000,148.11000000,148.38000000,11403.61200000,1751714999999999,1690613.41752000,6714,4019.21200000,595907.02781000,0
1751715000000000,148.38000000,148.55000000,148.34000000,148.37000000,13986.00400000,1751715899999999,2076013.96209000,6742,5458.03600000,810119.79526000,0
1751715900000000,148.37000000,148.44000000,148.17000000,148.18000000,9230.79300000,1751716799999999,1369252.02204000,6092,3026.11000000,448900.49047000,0
1751716800000000,148.19000000,148.30000000,147.94000000,148.03000000,9929.01800000,1751717699999999,1470384.46888000,8395,3039.13100000,450062.46420000,0
1751717700000000,148.03000000,148.16000000,147.83000000,148.00000000,9834.03100000,1751718599999999,1455368.04433000,9080,3962.35900000,586404.03349000,0
1751718600000000,148.00000000,148.16000000,147.70000000,148.04000000,8912.20100000,1751719499999999,1318536.94677000,7668,3404.78700000,503664.07045000,0
1751719500000000,148.04000000,148.31000000,147.93000000,148.26000000,7207.22200000,1751720399999999,1068047.87014000,4827,3589.81500000,532000.43890000,0
1751720400000000,148.26000000,148.38000000,148.07000000,148.11000000,6911.25900000,1751721299999999,1024670.78784000,5960,3313.31600000,491248.68070000,0
1751721300000000,148.11000000,148.70000000,148.11000000,148.46000000,20348.35400000,1751722199999999,3019605.16979000,7169,10031.78700000,1488651.59379000,0
1751722200000000,148.47000000,148.47000000,147.88000000,148.11000000,13816.83200000,1751723099999999,2045504.35927000,10207,4739.12300000,701525.82242000,0
1751723100000000,148.11000000,148.12000000,147.84000000,147.98000000,8687.43800000,1751723999999999,1285280.82838000,5877,2797.15500000,413828.59733000,0
1751724000000000,147.98000000,148.16000000,147.64000000,147.86000000,15828.60000000,1751724899999999,2341938.80021000,7675,8151.23800000,1206514.45524000,0
1751724900000000,147.85000000,148.13000000,147.75000000,147.92000000,16175.11600000,1751725799999999,2392637.33655000,7691,6980.08100000,1032301.12631000,0
1751725800000000,147.91000000,148.10000000,147.77000000,147.78000000,6604.76400000,1751726699999999,976816.84500000,6075,2257.69100000,333926.38587000,0
1751726700000000,147.78000000,148.11000000,147.68000000,148.08000000,6604.67100000,1751727599999999,977054.63723000,4892,3406.60400000,504002.85574000,0
1751727600000000,148.07000000,148.22000000,147.96000000,148.03000000,8038.08700000,1751728499999999,1190366.34569000,5538,4024.69600000,595976.32739000,0
1751728500000000,148.02000000,148.02000000,147.49000000,147.54000000,13036.13300000,1751729399999999,1925835.00089000,7716,6647.96000000,982179.02008000,0
1751729400000000,147.53000000,147.69000000,147.30000000,147.31000000,16511.84400000,1751730299999999,2434415.03253000,6325,11186.65500000,1649323.15960000,0
1751730300000000,147.30000000,147.33000000,147.05000000,147.12000000,18051.33600000,1751731199999999,2656542.88461000,8044,12456.28300000,1833220.55989000,0
1751731200000000,147.11000000,147.26000000,146.98000000,147.07000000,22686.41100000,1751732099999999,3337240.05293000,10310,15145.27100000,2228090.70424000,0
1751732100000000,147.07000000,147.22000000,146.81000000,146.82000000,33792.57700000,1751732999999999,4967709.66512000,9836,18289.04500000,2688155.90034000,0
1751733000000000,146.81000000,146.88000000,145.94000000,146.03000000,56580.16800000,1751733899999999,8278698.99470000,22166,26211.94500000,3835892.62747000,0
1751733900000000,146.03000000,146.80000000,145.90000000,146.68000000,33101.89100000,1751734799999999,4841969.32244000,16661,23241.37300000,3399379.78168000,0
1751734800000000,146.68000000,147.24000000,146.42000000,146.86000000,21033.79800000,1751735699999999,3087821.66408000,19536,9794.11900000,1438025.69128000,0
1751735700000000,146.85000000,147.00000000,146.42000000,146.73000000,12126.91900000,1751736599999999,1778229.29395000,10085,2930.18700000,429765.27656000,0
1751736600000000,146.73000000,147.05000000,146.44000000,146.92000000,5941.50500000,1751737499999999,871808.14441000,6098,3770.90300000,553439.84720000,0
1751737500000000,146.92000000,146.97000000,146.72000000,146.88000000,5385.91700000,1751738399999999,790940.91087000,4951,3102.45900000,455626.24932000,0
1751738400000000,146.89000000,146.90000000,146.26000000,146.39000000,14851.67700000,1751739299999999,2175717.07472000,9115,7586.00100000,1111314.84501000,0
1751739300000000,146.39000000,146.45000000,145.97000000,146.18000000,18305.32900000,1751740199999999,2676182.19585000,11217,6560.66000000,958876.39102000,0
1751740200000000,146.18000000,146.50000000,146.11000000,146.40000000,7289.72200000,1751741099999999,1066436.51718000,9785,4515.30400000,660614.11688000,0
1751741100000000,146.40000000,146.53000000,146.17000000,146.40000000,5473.67200000,1751741999999999,801270.39795000,7214,3400.43800000,497789.01156000,0
1751742000000000,146.40000000,146.43000000,146.12000000,146.21000000,5664.60000000,1751742899999999,828484.19540000,5714,2352.57700000,344134.86214000,0
1751742900000000,146.21000000,146.70000000,146.15000000,146.69000000,6996.71600000,1751743799999999,1024636.93545000,5178,4244.29100000,621528.75012000,0
1751743800000000,146.69000000,146.94000000,146.62000000,146.89000000,7001.47200000,1751744699999999,1027459.10275000,6171,4803.38700000,704872.83754000,0
1751744700000000,146.89000000,146.99000000,146.82000000,146.89000000,5221.85900000,1751745599999999,767192.03962000,4647,2817.02500000,413882.34691000,0
1751745600000000,146.89000000,146.94000000,146.66000000,146.71000000,9388.90900000,1751746499999999,1378185.60896000,6633,6622.54900000,972103.03157000,0
1751746500000000,146.71000000,146.84000000,146.47000000,146.51000000,8793.09700000,1751747399999999,1289417.70728000,4982,4433.23000000,650106.29925000,0
1751747400000000,146.51000000,147.00000000,146.50000000,146.99000000,7032.64300000,1751748299999999,1032438.56722000,5917,4785.84100000,702688.11040000,0
1751748300000000,146.99000000,147.22000000,146.90000000,147.20000000,4542.07100000,1751749199999999,667979.33215000,6260,2600.84500000,382477.25135000,0
1751749200000000,147.20000000,147.22000000,146.90000000,146.90000000,6524.20600000,1751750099999999,959403.87376000,5665,2603.50700000,382828.29214000,0
1751750100000000,146.91000000,147.24000000,146.90000000,147.13000000,5200.42400000,1751750999999999,764971.55999000,4576,3459.33900000,508831.51520000,0
1751751000000000,147.13000000,147.40000000,147.13000000,147.39000000,5112.45100000,1751751899999999,753034.02301000,4960,2826.71400000,416322.29652000,0
1751751900000000,147.39000000,147.50000000,147.30000000,147.41000000,4818.65000000,1751752799999999,710412.59947000,4981,2656.87800000,391701.97965000,0
1751752800000000,147.40000000,147.42000000,147.10000000,147.22000000,5973.48000000,1751753699999999,879854.50258000,7769,2674.21000000,393889.31862000,0
1751753700000000,147.22000000,147.40000000,147.12000000,147.36000000,5377.41200000,1751754599999999,791992.31479000,4554,3261.21800000,480317.50911000,0
1751754600000000,147.37000000,147.71000000,147.33000000,147.66000000,8853.11400000,1751755499999999,1305868.78421000,5143,6203.17500000,915023.35424000,0
1751755500000000,147.66000000,147.89000000,147.63000000,147.84000000,5989.46400000,1751756399999999,885030.72631000,4882,3968.76300000,586439.67498000,0
1751756400000000,147.84000000,148.02000000,147.81000000,148.01000000,6401.42700000,1751757299999999,947065.43927000,4622,4237.41500000,626911.48267000,0
1751757300000000,148.01000000,148.02000000,147.64000000,147.74000000,8261.46200000,1751758199999999,1220571.03749000,4128,4332.35300000,640040.71212000,0
1751758200000000,147.73000000,147.85000000,147.57000000,147.64000000,14143.70900000,1751759099999999,2088119.53939000,4538,3815.11700000,563329.41803000,0
1751759100000000,147.64000000,147.64000000,147.52000000,147.55000000,9610.70400000,1751759999999999,1418623.47232000,2769,3209.33400000,473688.51591000,0
1751760000000000,147.55000000,147.59000000,147.24000000,147.33000000,5901.12900000,1751760899999999,869721.92002000,4880,2806.21200000,413556.23262000,0
1751760900000000,147.34000000,147.49000000,147.17000000,147.39000000,7392.50000000,1751761799999999,1089114.14214000,5192,3223.87300000,474985.99432000,0
1751761800000000,147.39000000,147.57000000,147.17000000,147.56000000,4496.01800000,1751762699999999,662547.97620000,4909,2266.72400000,334090.91628000,0
1751762700000000,147.57000000,147.64000000,147.27000000,147.62000000,7421.03800000,1751763599999999,1094532.06818000,4707,3306.83500000,487795.30367000,0
1751763600000000,147.62000000,147.65000000,147.28000000,147.29000000,12264.94100000,1751764499999999,1808462.02861000,4821,3253.44300000,479999.15558000,0
1751764500000000,147.29000000,147.34000000,146.93000000,147.00000000,10111.32400000,1751765399999999,1487376.72406000,6601,3888.64800000,571979.18002000,0
1751765400000000,146.99000000,147.30000000,146.96000000,147.22000000,12741.52300000,1751766299999999,1874399.44532000,4505,8422.97400000,1239174.00465000,0
1751766300000000,147.23000000,147.27000000,147.12000000,147.23000000,6908.80800000,1751767199999999,1016941.02672000,3641,3427.10200000,504449.24275000,0
1751767200000000,147.23000000,147.58000000,147.10000000,147.50000000,6253.37500000,1751768099999999,921874.82600000,5722,3264.07500000,481164.28058000,0
1751768100000000,147.50000000,147.58000000,147.16000000,147.21000000,4777.45000000,1751768999999999,703915.67168000,5804,2469.25300000,363796.09117000,0
1751769000000000,147.21000000,147.30000000,147.10000000,147.21000000,3608.33800000,1751769899999999,531115.23982000,3645,2159.55900000,317865.74941000,0
1751769900000000,147.21000000,147.26000000,146.96000000,146.97000000,4988.82000000,1751770799999999,733708.22287000,3564,1345.64400000,197935.46546000,0
1751770800000000,146.96000000,147.23000000,146.93000000,147.16000000,23550.93100000,1751771699999999,3464085.88708000,6361,15308.06000000,2251562.40764000,0
1751771700000000,147.15000000,147.26000000,146.93000000,146.95000000,7662.46000000,1751772599999999,1126745.31320000,3898,2909.75900000,427920.28723000,0
1751772600000000,146.96000000,147.15000000,146.85000000,147.13000000,8124.09800000,1751773499999999,1194082.54876000,3673,5546.53100000,815131.92268000,0
1751773500000000,147.13000000,147.38000000,147.11000000,147.35000000,5894.17400000,1751774399999999,867863.88459000,4285,2576.88700000,379431.53492000,0
1751774400000000,147.35000000,147.79000000,147.31000000,147.67000000,11274.74000000,1751775299999999,1663877.10153000,7187,6058.34900000,893990.57932000,0
1751775300000000,147.67000000,147.68000000,147.38000000,147.43000000,5848.87000000,1751776199999999,862904.17499000,5539,3003.12500000,443089.34509000,0
1751776200000000,147.42000000,147.52000000,147.30000000,147.43000000,4709.72000000,1751777099999999,694317.31988000,4248,1446.07300000,213165.32953000,0
1751777100000000,147.42000000,147.44000000,147.20000000,147.30000000,3481.74500000,1751777999999999,512979.98389000,3715,1941.65900000,286083.79924000,0
1751778000000000,147.30000000,147.33000000,147.17000000,147.29000000,3231.81000000,1751778899999999,475882.42538000,2701,2309.99100000,340148.71864000,0
1751778900000000,147.29000000,147.42000000,147.27000000,147.33000000,4058.69600000,1751779799999999,598050.32601000,3029,2435.18500000,358826.23362000,0
1751779800000000,147.34000000,147.36000000,147.12000000,147.15000000,7014.15600000,1751780699999999,1032286.56400000,3539,4405.57200000,648316.03551000,0
1751780700000000,147.16000000,147.21000000,147.08000000,147.21000000,8770.07900000,1751781599999999,1290549.94855000,2683,5668.99000000,834234.72451000,0
1751781600000000,147.21000000,147.90000000,147.15000000,147.89000000,46740.91900000,1751782499999999,6892350.34318000,7247,38564.29300000,5686530.14881000,0
1751782500000000,147.89000000,148.34000000,147.89000000,147.90000000,19287.73600000,1751783399999999,2856049.99123000,11310,13985.48400000,2070961.85670000,0
1751783400000000,147.91000000,148.27000000,147.75000000,148.17000000,9084.81100000,1751784299999999,1344744.35759000,7072,6092.43300000,901855.91707000,0
1751784300000000,148.16000000,148.31000000,148.00000000,148.07000000,13171.33700000,1751785199999999,1950718.35296000,5379,7800.41900000,1155327.75789000,0
1751785200000000,148.06000000,148.29000000,148.03000000,148.04000000,22277.40800000,1751786099999999,3300617.70697000,8597,12941.44700000,1917645.37686000,0
1751786100000000,148.05000000,148.50000000,148.04000000,148.32000000,14947.86400000,1751786999999999,2216350.09178000,11658,8426.62600000,1249552.06312000,0
1751787000000000,148.32000000,148.33000000,148.02000000,148.04000000,9463.18000000,1751787899999999,1402045.07244000,6198,3616.40200000,535692.40321000,0
1751787900000000,148.04000000,148.14000000,147.88000000,147.90000000,8295.72200000,1751788799999999,1227645.47190000,5086,2541.91100000,376190.86453000,0
1751788800000000,147.89000000,148.04000000,147.70000000,147.81000000,9583.87600000,1751789699999999,1417128.92905000,8102,4523.12900000,668937.86013000,0
1751789700000000,147.80000000,147.81000000,147.24000000,147.29000000,8204.62100000,1751790599999999,1211038.10127000,7146,2925.36200000,431751.69013000,0
1751790600000000,147.29000000,147.56000000,147.27000000,147.51000000,9878.02800000,1751791499999999,1456037.72393000,7466,5316.92300000,783726.45547000,0
1751791500000000,147.52000000,147.74000000,147.35000000,147.55000000,8283.81400000,1751792399999999,1222674.99772000,7851,3772.39500000,556880.99227000,0
1751792400000000,147.54000000,147.71000000,147.47000000,147.57000000,9322.08400000,1751793299999999,1376107.18146000,5935,6680.42900000,986234.00511000,0
1751793300000000,147.56000000,147.57000000,147.41000000,147.56000000,5386.08400000,1751794199999999,794480.73714000,4427,3644.99300000,537673.26353000,0
1751794200000000,147.57000000,147.71000000,147.47000000,147.53000000,3714.05000000,1751795099999999,548142.75555000,4185,1934.40100000,285489.73271000,0
1751795100000000,147.53000000,147.53000000,146.82000000,146.85000000,16866.78500000,1751795999999999,2481263.60481000,10364,7789.73100000,1145764.78128000,0
1751796000000000,146.85000000,147.03000000,146.78000000,146.90000000,21024.23300000,1751796899999999,3088475.07945000,7774,7872.06100000,1156486.10605000,0
1751796900000000,146.90000000,147.13000000,146.81000000,147.11000000,8614.87000000,1751797799999999,1265825.05729000,5879,5136.33700000,754716.09414000,0
1751797800000000,147.10000000,147.65000000,147.07000000,147.47000000,16486.57800000,1751798699999999,2431122.72483000,9911,12471.24300000,1838842.70591000,0
1751798700000000,147.47000000,147.47000000,147.16000000,147.34000000,5134.70800000,1751799599999999,756308.20259000,5204,2380.76500000,350659.75772000,0
1751799600000000,147.33000000,147.41000000,147.12000000,147.29000000,6570.67100000,1751800499999999,967647.99527000,5839,3759.94000000,553724.75624000,0
1751800500000000,147.29000000,147.60000000,147.24000000,147.51000000,4529.64500000,1751801399999999,667656.90956000,4950,2389.94700000,352280.95311000,0
1751801400000000,147.52000000,147.70000000,147.45000000,147.64000000,3963.06400000,1751802299999999,584827.83632000,4360,2194.47600000,323828.72392000,0
1751802300000000,147.63000000,148.03000000,147.63000000,147.98000000,10023.47500000,1751803199999999,1482135.21788000,5278,5483.45800000,810807.69952000,0
1751803200000000,147.99000000,148.08000000,147.86000000,148.05000000,14320.89500000,1751804099999999,2119379.38051000,5484,3771.37700000,558102.33851000,0
1751804100000000,148.05000000,148.31000000,148.05000000,148.07000000,33090.58600000,1751804999999999,4903054.06428000,7181,7619.60600000,1128972.18261000,0
1751805000000000,148.06000000,148.46000000,148.06000000,148.45000000,33568.39000000,1751805899999999,4979649.03782000,7380,9874.90800000,1464792.20380000,0
1751805900000000,148.44000000,149.02000000,148.36000000,149.01000000,43964.30800000,1751806799999999,6537282.89471000,13935,21839.88300000,3247984.77030000,0
1751806800000000,149.02000000,149.02000000,148.47000000,148.65000000,24328.94600000,1751807699999999,3616589.48345000,13820,8567.82200000,1273366.04130000,0
1751807700000000,148.65000000,149.49000000,148.50000000,149.48000000,40537.77400000,1751808599999999,6041420.92291000,21353,20097.63900000,2995984.83006000,0
1751808600000000,149.48000000,151.66000000,149.40000000,151.36000000,220241.64600000,1751809499999999,33123190.64981000,72490,158130.87700000,23759664.14231000,0
1751809500000000,151.36000000,152.09000000,151.18000000,151.36000000,99212.54300000,1751810399999999,15045776.47632000,56363,47247.13100000,7167031.89170000,0
1751810400000000,151.37000000,151.88000000,150.92000000,151.00000000,83338.09400000,1751811299999999,12627901.22441000,30087,25260.63600000,3826949.91652000,0
1751811300000000,151.00000000,151.66000000,151.00000000,151.62000000,55242.35000000,1751812199999999,8365192.78696000,18301,18249.49300000,2763496.33913000,0
1751812200000000,151.63000000,152.05000000,150.62000000,151.12000000,68901.66000000,1751813099999999,10436686.86204000,30484,32734.21200000,4960225.60530000,0
1751813100000000,151.12000000,151.75000000,150.83000000,151.59000000,68894.84100000,1751813999999999,10431607.63560000,22828,26733.37700000,4045744.57401000,0
1751814000000000,151.59000000,151.75000000,151.34000000,151.75000000,47341.16500000,1751814899999999,7173496.76464000,16655,24758.97000000,3750814.19332000,0
1751814900000000,151.74000000,151.90000000,151.26000000,151.40000000,47884.05900000,1751815799999999,7255378.75321000,16362,25918.29600000,3925559.25325000,0
1751815800000000,151.40000000,151.63000000,151.00000000,151.16000000,44728.00800000,1751816699999999,6766345.16298000,17008,14431.43500000,2183580.28623000,0
1751816700000000,151.17000000,151.53000000,150.82000000,151.53000000,52579.53500000,1751817599999999,7945182.11590000,12378,35074.76600000,5300358.26942000,0
1751817600000000,151.53000000,151.84000000,151.23000000,151.47000000,52749.39500000,1751818499999999,7994260.33006000,17038,18654.36300000,2826810.45313000,0
1751818500000000,151.46000000,151.92000000,151.38000000,151.77000000,50821.41200000,1751819399999999,7711907.00387000,12648,25086.65400000,3804708.87864000,0
1751819400000000,151.77000000,152.44000000,151.38000000,152.03000000,122520.45300000,1751820299999999,18618718.25440000,26864,67713.90600000,10285060.23903000,0
1751820300000000,152.04000000,153.20000000,151.91000000,153.12000000,109189.93800000,1751821199999999,16650481.05943000,32202,68873.45800000,10504641.30945000,0
1751821200000000,153.11000000,153.18000000,152.39000000,152.44000000,53702.72300000,1751822099999999,8194231.94547000,20660,23550.85900000,3593370.97277000,0
1751822100000000,152.43000000,152.88000000,152.27000000,152.72000000,57929.04100000,1751822999999999,8834006.18857000,15775,38913.22300000,5932516.87385000,0
1751823000000000,152.72000000,152.84000000,152.53000000,152.63000000,25662.67200000,1751823899999999,3917012.12110000,13811,18122.16200000,2766005.97247000,0
1751823900000000,152.64000000,152.75000000,152.38000000,152.47000000,16041.50500000,1751824799999999,2447043.05346000,10601,9832.52900000,1499924.23368000,0
1751824800000000,152.48000000,152.56000000,152.21000000,152.33000000,15794.32700000,1751825699999999,2406336.63188000,10683,9763.83400000,1487627.36806000,0
1751825700000000,152.33000000,152.36000000,151.65000000,151.76000000,26619.11900000,1751826599999999,4045605.47094000,15976,6614.97100000,1005478.14750000,0
1751826600000000,151.76000000,151.85000000,151.21000000,151.32000000,26934.52100000,1751827499999999,4079399.30734000,20827,10354.42200000,1568164.97344000,0
1751827500000000,151.32000000,151.49000000,150.98000000,151.39000000,19539.03500000,1751828399999999,2954428.24673000,13233,8109.14800000,1226360.17298000,0
1751828400000000,151.39000000,151.75000000,151.38000000,151.59000000,13221.24600000,1751829299999999,2003910.21614000,8674,7663.35200000,1161553.85841000,0
1751829300000000,151.59000000,151.67000000,151.32000000,151.35000000,15218.37300000,1751830199999999,2306173.06421000,8465,9287.99500000,1407547.72998000,0
1751830200000000,151.36000000,151.39000000,150.71000000,150.78000000,21738.01400000,1751831099999999,3282134.93995000,14088,10501.53800000,1585783.68338000,0
1751831100000000,150.77000000,151.31000000,150.68000000,151.27000000,15849.77200000,1751831999999999,2392255.18003000,9208,11296.89100000,1705155.43651000,0
1751832000000000,151.28000000,151.95000000,151.23000000,151.86000000,26945.87100000,1751832899999999,4086422.54268000,13553,20449.21900000,3101066.24446000,0
1751832900000000,151.85000000,151.86000000,151.48000000,151.53000000,15977.89400000,1751833799999999,2423716.31846000,9500,9910.64700000,1503339.33819000,0
1751833800000000,151.53000000,151.70000000,151.45000000,151.60000000,14875.25700000,1751834699999999,2254676.61692000,7577,10056.01900000,1524258.01599000,0
1751834700000000,151.59000000,151.80000000,151.44000000,151.44000000,11621.05700000,1751835599999999,1761333.71742000,7562,6586.87800000,998376.06189000,0
1751835600000000,151.45000000,152.15000000,151.45000000,152.09000000,16146.95800000,1751836499999999,2451567.52965000,9569,11683.42900000,1773613.37794000,0
1751836500000000,152.10000000,152.80000000,151.96000000,152.68000000,19547.40800000,1751837399999999,2978879.90874000,12001,12920.64900000,1968717.77473000,0
1751837400000000,152.68000000,153.89000000,152.68000000,153.06000000,80441.05000000,1751838299999999,12328674.75552000,45235,53415.83800000,8185880.60303000,0
1751838300000000,153.07000000,153.08000000,152.05000000,152.23000000,26738.81900000,1751839199999999,4076991.75368000,22201,13702.09500000,2088420.34807000,0
1751839200000000,152.24000000,153.46000000,152.24000000,153.11000000,41043.68900000,1751840099999999,6280603.13710000,32571,24085.20600000,3684580.70410000,0
1751840100000000,153.10000000,153.42000000,152.76000000,153.12000000,18237.57400000,1751840999999999,2792991.18381000,15838,8787.51900000,1345877.67109000,0
1751841000000000,153.13000000,153.21000000,152.64000000,152.74000000,18337.74400000,1751841899999999,2803701.27161000,9679,11207.51000000,1713663.15776000,0
1751841900000000,152.74000000,152.83000000,152.40000000,152.47000000,14115.29100000,1751842799999999,2153814.08170000,10807,8766.40200000,1337616.74766000,0
1751842800000000,152.48000000,152.54000000,151.62000000,152.01000000,36945.56900000,1751843699999999,5618202.09903000,20650,15270.16800000,2321340.62850000,0
1751843700000000,152.01000000,152.18000000,151.65000000,151.73000000,16587.91800000,1751844599999999,2519543.83659000,13615,6466.10100000,982294.98253000,0
1751844600000000,151.73000000,151.91000000,151.40000000,151.84000000,26062.67900000,1751845499999999,3951365.83667000,10757,14129.35900000,2142977.18748000,0
1751845500000000,151.84000000,152.00000000,151.74000000,151.86000000,10186.28800000,1751846399999999,1546798.17077000,8281,4793.78200000,727951.66759000,0
1751846400000000,151.86000000,151.97000000,151.49000000,151.84000000,15387.84100000,1751847299999999,2335490.59934000,12752,8089.40000000,1227881.98579000,0
1751847300000000,151.83000000,151.94000000,151.21000000,151.32000000,14129.90500000,1751848199999999,2139332.77172000,14178,5231.08400000,792269.63789000,0
1751848200000000,151.33000000,151.42000000,150.83000000,150.84000000,35361.02600000,1751849099999999,5340302.38804000,16026,18617.52700000,2811546.89688000,0
1751849100000000,150.84000000,151.29000000,150.82000000,151.13000000,17746.82200000,1751849999999999,2680760.46837000,13671,10839.82600000,1637477.17346000,0
1751850000000000,151.12000000,151.13000000,150.24000000,150.50000000,25624.78000000,1751850899999999,3859200.38295000,17930,11038.48400000,1662651.11702000,0
1751850900000000,150.50000000,151.06000000,150.25000000,150.99000000,22014.52400000,1751851799999999,3318722.40149000,16317,12984.85500000,1957993.05294000,0
1751851800000000,151.00000000,151.38000000,150.95000000,151.08000000,17760.26100000,1751852699999999,2684725.80486000,10389,11136.65100000,1683537.82804000,0
1751852700000000,151.09000000,151.27000000,151.05000000,151.23000000,10419.64700000,1751853599999999,1575180.93460000,7401,6811.61700000,1029700.16269000,0
1751853600000000,151.23000000,152.10000000,151.22000000,152.03000000,18322.30800000,1751854499999999,2780552.79686000,13650,12333.63100000,1871788.02751000,0
1751854500000000,152.02000000,152.43000000,152.00000000,152.35000000,14968.10500000,1751855399999999,2278226.23894000,11847,8066.87900000,1228002.06422000,0
1751855400000000,152.35000000,152.73000000,151.95000000,152.73000000,10363.42800000,1751856299999999,1578065.35593000,12435,6140.57000000,935184.49065000,0
1751856300000000,152.73000000,152.76000000,151.89000000,152.03000000,12172.79700000,1751857199999999,1853543.09846000,8922,3859.14500000,587743.39060000,0
1751857200000000,152.04000000,152.16000000,151.96000000,152.05000000,8032.98300000,1751858099999999,1221474.29563000,6263,4018.03000000,610962.68883000,0
1751858100000000,152.04000000,152.90000000,152.03000000,152.53000000,10777.61600000,1751858999999999,1643667.08868000,8982,6773.92900000,1032983.81172000,0
1751859000000000,152.52000000,152.56000000,152.26000000,152.32000000,10390.93000000,1751859899999999,1583609.49504000,9461,5058.03800000,770965.12121000,0
1751859900000000,152.32000000,152.37000000,151.78000000,151.86000000,18025.33700000,1751860799999999,2739080.74226000,9674,6963.79100000,1058201.03535000,0
1751860800000000,151.86000000,152.13000000,151.86000000,152.00000000,7035.85600000,1751861699999999,1069268.50164000,8495,3396.12400000,516100.79044000,0
1751861700000000,152.01000000,152.16000000,151.75000000,152.03000000,7251.99700000,1751862599999999,1102010.17328000,7288,3298.44400000,501288.84269000,0
1751862600000000,152.03000000,152.06000000,151.89000000,151.96000000,4872.60600000,1751863499999999,740559.67367000,4577,2309.11800000,350960.20924000,0
1751863500000000,151.97000000,152.04000000,151.76000000,151.77000000,4273.80400000,1751864399999999,649173.74785000,4620,1718.23600000,261036.77322000,0
1751864400000000,151.77000000,152.06000000,151.76000000,151.87000000,6925.46800000,1751865299999999,1052078.19830000,6270,2293.53700000,348446.74187000,0
1751865300000000,151.87000000,151.96000000,151.64000000,151.74000000,7988.47100000,1751866199999999,1212562.17831000,7590,3113.13100000,472502.40234000,0
1751866200000000,151.74000000,152.08000000,151.55000000,152.03000000,14820.64300000,1751867099999999,2250192.74564000,10872,9692.09500000,1471575.03002000,0
1751867100000000,152.02000000,152.14000000,151.83000000,151.93000000,12121.08700000,1751867999999999,1842058.18709000,7496,5409.29800000,822183.33880000,0
1751868000000000,151.93000000,152.00000000,151.22000000,151.56000000,20294.49800000,1751868899999999,3075162.74465000,14891,8188.75800000,1240661.29301000,0
1751868900000000,151.57000000,151.76000000,151.52000000,151.53000000,8108.84500000,1751869799999999,1229810.80146000,6356,3577.56500000,542587.23623000,0
1751869800000000,151.52000000,151.59000000,151.09000000,151.09000000,21245.35200000,1751870699999999,3215201.96494000,10106,12930.03500000,1957247.23651000,0
1751870700000000,151.09000000,151.24000000,151.02000000,151.21000000,24216.96600000,1751871599999999,3659985.92192000,8817,19126.73300000,2890709.56674000,0
1751871600000000,151.21000000,151.59000000,150.89000000,151.56000000,19862.59000000,1751872499999999,3003343.45287000,14350,12543.26700000,1896995.74666000,0
1751872500000000,151.55000000,151.75000000,151.44000000,151.55000000,16030.38500000,1751873399999999,2429509.70265000,8181,6217.48100000,942567.65653000,0
1751873400000000,151.56000000,151.94000000,151.37000000,151.92000000,15981.97500000,1751874299999999,2424004.40903000,7393,6171.32900000,936624.14172000,0
1751874300000000,151.92000000,152.45000000,151.89000000,152.38000000,61130.79200000,1751875199999999,9305322.98009000,10192,55889.41800000,8507259.25500000,0
1751875200000000,152.37000000,152.61000000,152.28000000,152.35000000,21842.53000000,1751876099999999,3330081.61953000,14310,15722.23800000,2396933.79679000,0
1751876100000000,152.35000000,152.70000000,152.24000000,152.63000000,16709.50200000,1751876999999999,2547313.99503000,13020,11999.45100000,1829391.12467000,0
1751877000000000,152.62000000,152.96000000,152.41000000,152.65000000,20691.33300000,1751877899999999,3160095.00307000,15458,12966.59100000,1980586.94008000,0
1751877900000000,152.65000000,152.76000000,152.50000000,152.67000000,9472.64700000,1751878799999999,1445625.21317000,9541,4194.73800000,640179.56138000,0
1751878800000000,152.66000000,152.66000000,152.13000000,152.47000000,13303.36300000,1751879699999999,2027418.62993000,11478,5540.26100000,844288.11336000,0
1751879700000000,152.46000000,152.50000000,152.21000000,152.27000000,6688.22500000,1751880599999999,1018842.50547000,7832,2246.63800000,342250.09998000,0
1751880600000000,152.26000000,152.50000000,152.13000000,152.41000000,6754.12500000,1751881499999999,1028865.98345000,6271,2956.37100000,450421.32567000,0
1751881500000000,152.41000000,152.42000000,152.05000000,152.17000000,11152.07400000,1751882399999999,1697374.48984000,6682,4124.10500000,627606.93703000,0
1751882400000000,152.17000000,152.17000000,151.65000000,151.92000000,13131.43400000,1751883299999999,1994580.45421000,8708,3272.44300000,496951.21185000,0
1751883300000000,151.93000000,152.17000000,151.84000000,152.00000000,13704.58000000,1751884199999999,2083285.84519000,10612,5924.48600000,900502.01610000,0
1751884200000000,151.99000000,152.50000000,151.92000000,152.49000000,8238.37200000,1751885099999999,1254339.03648000,6518,4186.44100000,637360.54607000,0
1751885100000000,152.49000000,152.49000000,152.18000000,152.26000000,11573.36700000,1751885999999999,1762651.85479000,8640,2856.89000000,435112.87807000,0
1751886000000000,152.27000000,152.57000000,152.18000000,152.47000000,12694.13300000,1751886899999999,1934763.66587000,8206,6510.35500000,992353.02832000,0
1751886900000000,152.46000000,153.41000000,152.15000000,153.23000000,52749.45200000,1751887799999999,8067100.03311000,14333,36353.60900000,5560650.44998000,0
1751887800000000,153.24000000,153.60000000,152.85000000,153.23000000,28517.10400000,1751888699999999,4369590.61077000,16765,12649.17000000,1938566.58305000,0
1751888700000000,153.22000000,153.32000000,152.78000000,152.78000000,16503.51600000,1751889599999999,2525203.76276000,11661,6839.73700000,1046536.27291000,0
1751889600000000,152.79000000,152.86000000,152.00000000,152.08000000,18065.45100000,1751890499999999,2754556.26483000,14449,6315.98500000,962963.22642000,0
1751890500000000,152.08000000,152.08000000,151.42000000,151.74000000,25495.68200000,1751891399999999,3866820.03573000,19710,15643.85100000,2372344.40995000,0
1751891400000000,151.74000000,152.14000000,151.69000000,152.02000000,13811.17600000,1751892299999999,2098585.02939000,13433,7147.18200000,1086074.02375000,0
1751892300000000,152.02000000,152.24000000,151.58000000,151.69000000,17547.03500000,1751893199999999,2665364.21583000,13236,10088.47600000,1532648.11370000,0
1751893200000000,151.69000000,151.97000000,151.50000000,151.76000000,12592.12100000,1751894099999999,1910221.08631000,11220,5723.49400000,868301.62055000,0
1751894100000000,151.77000000,152.40000000,151.43000000,152.04000000,27746.45900000,1751894999999999,4215379.17257000,19669,10236.37500000,1555349.78255000,0
1751895000000000,152.04000000,152.40000000,151.36000000,151.80000000,34918.11800000,1751895899999999,5298280.27684000,34184,16372.38600000,2484655.38036000,0
1751895900000000,151.80000000,153.43000000,151.20000000,153.07000000,46858.10400000,1751896799999999,7138730.24164000,32985,27004.48700000,4117392.85625000,0
1751896800000000,153.07000000,153.34000000,152.13000000,152.36000000,47029.84200000,1751897699999999,7191614.91695000,35592,18777.14000000,2871703.09516000,0
1751897700000000,152.37000000,152.93000000,152.22000000,152.35000000,30469.92500000,1751898599999999,4649804.45030000,27704,11389.31800000,1737823.12620000,0
1751898600000000,152.35000000,152.39000000,151.59000000,152.15000000,27024.35000000,1751899499999999,4108057.81080000,26131,9536.21800000,1449509.61040000,0
1751899500000000,152.16000000,152.49000000,151.67000000,151.68000000,23285.63500000,1751900399999999,3539185.48336000,20254,9867.33000000,1499703.84957000,0
1751900400000000,151.68000000,152.33000000,151.42000000,152.32000000,21312.38700000,1751901299999999,3236524.72778000,21376,11548.59400000,1753578.17338000,0
1751901300000000,152.31000000,152.38000000,151.52000000,152.14000000,21306.07700000,1751902199999999,3237954.26285000,17122,7916.96900000,1203183.33943000,0
1751902200000000,152.14000000,152.36000000,151.62000000,151.71000000,19247.48500000,1751903099999999,2926759.54722000,15362,7609.14500000,1157189.04392000,0
1751903100000000,151.72000000,151.81000000,151.02000000,151.07000000,33659.90300000,1751903999999999,5092422.34848000,21684,10097.58800000,1527890.21780000,0
1751904000000000,151.07000000,151.55000000,150.99000000,151.13000000,24211.78900000,1751904899999999,3661317.05082000,22439,11069.29200000,1674113.22237000,0
1751904900000000,151.12000000,151.59000000,149.69000000,150.42000000,88854.90600000,1751905799999999,13366389.66912000,63986,38201.17100000,5749066.61690000,0
1751905800000000,150.42000000,151.04000000,150.29000000,150.83000000,25745.70400000,1751906699999999,3879808.13983000,26777,11856.99700000,1786719.26726000,0
1751906700000000,150.83000000,150.85000000,150.15000000,150.35000000,20953.90200000,1751907599999999,3151758.35487000,20752,6815.36800000,1025249.30143000,0
1751907600000000,150.36000000,150.70000000,150.00000000,150.50000000,58534.44100000,1751908499999999,8796199.29706000,24447,18375.34600000,2762058.17052000,0
1751908500000000,150.50000000,150.50000000,149.85000000,150.37000000,31321.45400000,1751909399999999,4704299.29812000,19247,13762.43300000,2066933.79919000,0
1751909400000000,150.36000000,150.85000000,149.96000000,150.07000000,22711.61400000,1751910299999999,3416512.80769000,24155,11507.21100000,1731741.19795000,0
1751910300000000,150.06000000,150.25000000,149.63000000,149.99000000,23474.48500000,1751911199999999,3519378.09219000,17927,8132.26600000,1219458.60144000,0
1751911200000000,149.98000000,150.33000000,149.90000000,150.18000000,11279.88200000,1751912099999999,1693321.19667000,13480,6865.77300000,1030680.82959000,0
1751912100000000,150.17000000,150.18000000,149.20000000,149.28000000,30700.39700000,1751912999999999,4591045.92393000,23425,12964.17700000,1938931.78629000,0
1751913000000000,149.28000000,149.94000000,149.04000000,149.78000000,31243.99600000,1751913899999999,4672730.18762000,21188,20078.65000000,3003313.03267000,0
1751913900000000,149.79000000,150.16000000,149.79000000,150.13000000,11879.11800000,1751914799999999,1782300.40064000,9504,6884.76700000,1032943.46912000,0
1751914800000000,150.12000000,151.07000000,149.72000000,150.01000000,55015.21700000,1751915699999999,8263722.38064000,17565,40944.90600000,6152312.22687000,0
1751915700000000,150.01000000,150.66000000,149.99000000,150.43000000,16757.78000000,1751916599999999,2521329.58632000,14562,9148.27200000,1376174.27254000,0
1751916600000000,150.43000000,150.63000000,149.41000000,149.43000000,29546.54300000,1751917499999999,4435219.10318000,14849,11677.69600000,1754518.46790000,0
1751917500000000,149.44000000,149.53000000,148.63000000,148.97000000,79713.44300000,1751918399999999,11875038.63321000,33139,39666.27300000,5909554.37001000,0
1751918400000000,148.96000000,148.96000000,147.81000000,148.18000000,58590.47800000,1751919299999999,8685935.82980000,29407,25711.76100000,3812522.88765000,0
1751919300000000,148.18000000,148.55000000,147.77000000,148.47000000,36011.21300000,1751920199999999,5335470.06825000,19992,24741.75800000,3665914.29568000,0
1751920200000000,148.47000000,148.96000000,148.37000000,148.72000000,26291.91300000,1751921099999999,3911375.14344000,16019,18486.48700000,2749905.84218000,0
1751921100000000,148.71000000,148.78000000,148.20000000,148.36000000,25306.16700000,1751921999999999,3757918.55786000,14483,10629.86200000,1578467.96545000,0
1751922000000000,148.36000000,148.73000000,148.24000000,148.47000000,28090.24200000,1751922899999999,4171372.70958000,13377,12189.31000000,1810127.31477000,0
1751922900000000,148.47000000,148.51000000,147.76000000,147.88000000,28803.13100000,1751923799999999,4266188.45020000,16525,7733.77300000,1145209.82915000,0
1751923800000000,147.87000000,148.68000000,147.80000000,148.32000000,33422.78900000,1751924699999999,4955264.21013000,15248,13021.72900000,1930482.73975000,0
1751924700000000,148.32000000,148.82000000,148.21000000,148.60000000,27931.03000000,1751925599999999,4149732.89438000,10264,11010.71400000,1636194.23437000,0
1751925600000000,148.59000000,148.62000000,148.00000000,148.28000000,30594.59500000,1751926499999999,4536493.28274000,17205,9900.80900000,1468154.15178000,0
1751926500000000,148.29000000,148.43000000,147.70000000,147.74000000,25769.45500000,1751927399999999,3814096.90851000,12735,7908.82300000,1170465.09555000,0
1751927400000000,147.74000000,148.28000000,147.74000000,148.25000000,20749.27700000,1751928299999999,3070735.27986000,9729,7998.30000000,1183899.41945000,0
1751928300000000,148.26000000,148.47000000,148.08000000,148.47000000,10010.37300000,1751929199999999,1484469.38433000,7655,6257.25300000,927838.91173000,0
1751929200000000,148.47000000,148.83000000,148.44000000,148.71000000,18865.18600000,1751930099999999,2804864.42896000,10158,12823.57200000,1906573.21574000,0
1751930100000000,148.71000000,148.79000000,148.46000000,148.52000000,9855.93100000,1751930999999999,1464217.31903000,5941,5904.81100000,877243.65556000,0
1751931000000000,148.52000000,148.88000000,148.51000000,148.53000000,17360.38000000,1751931899999999,2581481.69438000,8771,10768.16800000,1601114.68464000,0
1751931900000000,148.54000000,148.90000000,148.54000000,148.88000000,17375.74000000,1751932799999999,2585102.05883000,6909,11124.86600000,1655140.99581000,0
1751932800000000,148.89000000,149.34000000,148.74000000,149.29000000,19572.32000000,1751933699999999,2915082.15522000,15629,11558.67500000,1721799.54611000,0
1751933700000000,149.28000000,149.75000000,148.95000000,149.73000000,19791.30600000,1751934599999999,2954787.54660000,14678,13560.24100000,2024549.97778000,0
1751934600000000,149.72000000,150.10000000,149.42000000,150.02000000,20763.68300000,1751935499999999,3109617.31473000,16554,12918.23400000,1934540.01166000,0
1751935500000000,150.01000000,150.05000000,149.04000000,149.17000000,31885.07400000,1751936399999999,4764219.61398000,18287,16238.72600000,2425596.76193000,0
1751936400000000,149.16000000,149.20000000,148.77000000,149.13000000,16662.71700000,1751937299999999,2482052.50294000,12445,10250.39000000,1526683.39896000,0
1751937300000000,149.14000000,149.20000000,148.81000000,148.88000000,12597.42300000,1751938199999999,1877156.99718000,10606,5136.76100000,765524.45471000,0
1751938200000000,148.89000000,149.32000000,148.62000000,148.93000000,12661.09300000,1751939099999999,1885993.41943000,14799,4738.80500000,705904.93970000,0
1751939100000000,148.92000000,149.29000000,148.68000000,148.74000000,15663.81500000,1751939999999999,2334094.94122000,9955,5033.87800000,750327.06333000,0
1751940000000000,148.74000000,148.79000000,148.23000000,148.61000000,19268.78000000,1751940899999999,2861945.84726000,13879,9083.71600000,1349196.38621000,0
1751940900000000,148.60000000,149.30000000,148.37000000,149.04000000,15385.48800000,1751941799999999,2291637.87736000,15582,8960.91500000,1334972.83214000,0
1751941800000000,149.04000000,149.18000000,148.14000000,148.27000000,26524.80300000,1751942699999999,3941479.93670000,15450,10288.40700000,1528209.68791000,0
1751942700000000,148.27000000,148.27000000,147.85000000,147.99000000,19170.32400000,1751943599999999,2837507.50485000,13089,8978.19100000,1328688.78395000,0
1751943600000000,147.98000000,148.47000000,147.94000000,148.43000000,20978.38300000,1751944499999999,3111557.49703000,10452,12601.40700000,1869163.16592000,0
1751944500000000,148.43000000,148.83000000,148.36000000,148.74000000,17455.28600000,1751945399999999,2593435.97114000,7716,14116.20600000,2097180.24258000,0
1751945400000000,148.74000000,148.98000000,148.61000000,148.85000000,13476.50400000,1751946299999999,2005158.74717000,9586,8604.84600000,1280317.17079000,0
1751946300000000,148.85000000,148.91000000,148.61000000,148.64000000,9866.60300000,1751947199999999,1467368.99322000,6798,5754.40500000,855675.87220000,0
1751947200000000,148.64000000,148.64000000,148.23000000,148.42000000,14841.38600000,1751948099999999,2202948.13492000,8926,7622.37400000,1131334.21641000,0
1751948100000000,148.43000000,148.51000000,148.20000000,148.51000000,7007.01800000,1751948999999999,1039567.75483000,6835,5335.05900000,791517.91542000,0
1751949000000000,148.50000000,149.03000000,148.50000000,148.92000000,13896.29800000,1751949899999999,2068681.24214000,10278,7956.30900000,1184265.69185000,0
1751949900000000,148.92000000,149.07000000,148.80000000,149.02000000,9305.72700000,1751950799999999,1386030.85539000,7139,7655.12800000,1140215.83053000,0
1751950800000000,149.02000000,149.08000000,148.69000000,148.72000000,7375.80700000,1751951699999999,1098165.08648000,7845,4893.07500000,728597.99373000,0
1751951700000000,148.72000000,149.12000000,148.58000000,149.12000000,21058.85100000,1751952599999999,3135077.55285000,9561,15890.99100000,2366152.40572000,0
1751952600000000,149.11000000,149.30000000,148.89000000,149.30000000,8133.20000000,1751953499999999,1211881.52516000,7133,3804.96300000,566956.81496000,0
1751953500000000,149.30000000,149.38000000,149.13000000,149.25000000,9665.84900000,1751954399999999,1442790.45574000,8228,5447.36600000,813119.60573000,0
1751954400000000,149.24000000,149.58000000,149.21000000,149.53000000,13146.70800000,1751955299999999,1964581.01986000,9956,6912.13400000,1032956.98155000,0
1751955300000000,149.53000000,149.58000000,149.05000000,149.20000000,12749.55800000,1751956199999999,1903648.73278000,10476,3681.48300000,549555.59216000,0
1751956200000000,149.19000000,149.41000000,149.02000000,149.39000000,20566.35400000,1751957099999999,3067780.94113000,11711,7147.70000000,1066408.73250000,0
1751957100000000,149.39000000,149.61000000,149.25000000,149.27000000,8182.76700000,1751957999999999,1222950.72017000,9269,4244.14800000,634268.55928000,0
1751958000000000,149.26000000,149.27000000,148.94000000,148.98000000,11999.07800000,1751958899999999,1788925.07873000,8616,6406.14100000,955138.10975000,0
1751958900000000,148.99000000,149.13000000,148.86000000,149.07000000,15030.96400000,1751959799999999,2239873.26884000,9516,7017.41200000,1045719.14099000,0
1751959800000000,149.07000000,149.41000000,149.00000000,149.28000000,9251.98100000,1751960699999999,1381016.63784000,6704,5058.10500000,754990.75551000,0
1751960700000000,149.28000000,149.75000000,149.24000000,149.66000000,13278.98200000,1751961599999999,1986197.01250000,7831,6304.36500000,942984.86227000,0
1751961600000000,149.65000000,150.28000000,149.54000000,150.19000000,23400.65500000,1751962499999999,3508208.98236000,14627,10837.59600000,1625159.89917000,0
1751962500000000,150.20000000,150.25000000,149.87000000,149.98000000,33681.22200000,1751963399999999,5053702.58867000,13154,5578.51500000,837141.35622000,0
1751963400000000,149.98000000,150.09000000,149.63000000,149.67000000,20153.72500000,1751964299999999,3019879.97967000,10275,4127.36500000,618489.51475000,0
1751964300000000,149.67000000,149.98000000,149.67000000,149.91000000,15030.82600000,1751965199999999,2252875.96316000,7073,4007.06100000,600547.45535000,0
1751965200000000,149.90000000,150.29000000,149.70000000,150.27000000,27806.84000000,1751966099999999,4171103.89315000,10025,18567.70700000,2785119.93767000,0
1751966100000000,150.27000000,150.47000000,150.00000000,150.43000000,18306.40300000,1751966999999999,2750560.01031000,11385,5999.31200000,901523.80599000,0
1751967000000000,150.44000000,150.57000000,150.16000000,150.56000000,23334.45600000,1751967899999999,3508941.50630000,7352,11882.87500000,1787637.47603000,0
1751967900000000,150.56000000,150.58000000,150.21000000,150.21000000,25344.83600000,1751968799999999,3812772.15724000,8038,4752.71500000,714924.30653000,0
1751968800000000,150.22000000,150.71000000,150.21000000,150.50000000,23648.95000000,1751969699999999,3558887.82627000,9756,8499.57500000,1278769.60537000,0
1751969700000000,150.51000000,151.14000000,150.50000000,150.94000000,35370.84100000,1751970599999999,5337107.67813000,14896,12558.74100000,1894473.69029000,0
1751970600000000,150.94000000,151.30000000,150.87000000,151.27000000,56254.65600000,1751971499999999,8503977.85917000,15661,26558.26300000,4015364.81826000,0
1751971500000000,151.28000000,151.30000000,150.91000000,151.13000000,29221.13000000,1751972399999999,4415699.96250000,11051,7157.41400000,1081460.23860000,0
1751972400000000,151.13000000,151.54000000,151.02000000,151.29000000,51229.91400000,1751973299999999,7748905.58404000,16611,27814.94500000,4208061.17808000,0
1751973300000000,151.29000000,151.39000000,150.98000000,151.33000000,25717.31900000,1751974199999999,3889300.53788000,10318,10019.06100000,1515316.12712000,0
1751974200000000,151.32000000,151.61000000,151.19000000,151.52000000,43972.89100000,1751975099999999,6658175.16277000,14718,22430.93600000,3396477.70166000,0
1751975100000000,151.52000000,151.67000000,151.25000000,151.31000000,33386.73000000,1751975999999999,5055073.01360000,11249,14745.53500000,2232449.18855000,0
1751976000000000,151.31000000,151.81000000,151.25000000,151.81000000,40210.18300000,1751976899999999,6093538.06863000,12924,20609.10000000,3122017.31640000,0
1751976900000000,151.81000000,151.81000000,151.43000000,151.53000000,32605.80100000,1751977799999999,4944963.65540000,13034,6177.64200000,936602.95347000,0
1751977800000000,151.53000000,152.12000000,151.45000000,151.84000000,50032.01300000,1751978699999999,7595528.51804000,18461,23241.95600000,3529259.46786000,0
1751978700000000,151.84000000,152.48000000,151.83000000,152.41000000,47638.31000000,1751979599999999,7252975.76052000,18234,22069.12300000,3359902.21854000,0
1751979600000000,152.41000000,152.56000000,152.04000000,152.07000000,33708.50800000,1751980499999999,5132467.84535000,19399,12323.83700000,1876605.84346000,0
1751980500000000,152.08000000,152.30000000,151.91000000,152.09000000,29315.45500000,1751981399999999,4459324.43997000,12860,8292.08200000,1261411.36392000,0
1751981400000000,152.08000000,152.41000000,151.51000000,152.34000000,47803.69700000,1751982299999999,7262320.05209000,32930,20053.16800000,3046998.21101000,0
1751982300000000,152.34000000,152.88000000,151.95000000,152.03000000,59301.99500000,1751983199999999,9037928.52890000,36170,22551.46600000,3437082.86786000,0
1751983200000000,152.02000000,152.08000000,151.20000000,151.40000000,59763.98100000,1751984099999999,9055954.67391000,33361,25458.78100000,3857040.09879000,0
1751984100000000,151.40000000,151.59000000,150.94000000,151.28000000,45698.92000000,1751984999999999,6909950.40722000,25692,12358.77400000,1868696.49439000,0
1751985000000000,151.28000000,151.54000000,151.14000000,151.37000000,34509.40900000,1751985899999999,5224670.17424000,16925,16635.29500000,2518474.11666000,0
1751985900000000,151.38000000,151.40000000,150.52000000,150.83000000,36156.27500000,1751986799999999,5457317.02367000,26934,13919.27200000,2100460.65646000,0
1751986800000000,150.82000000,151.15000000,150.64000000,150.70000000,18798.79100000,1751987699999999,2836456.72411000,14905,9261.29700000,1397732.91079000,0
1751987700000000,150.70000000,150.96000000,150.30000000,150.34000000,23981.87100000,1751988599999999,3612522.89213000,18214,14257.50200000,2147808.12134000,0
1751988600000000,150.35000000,150.49000000,149.96000000,150.22000000,23495.44600000,1751989499999999,3529814.67899000,18237,11684.05000000,1755645.44186000,0
1751989500000000,150.23000000,150.34000000,149.77000000,149.83000000,23839.70600000,1751990399999999,3575594.84626000,12412,14494.75200000,2173846.50144000,0
1751990400000000,149.84000000,150.18000000,149.03000000,149.53000000,126203.81200000,1751991299999999,18877447.07022000,23703,40704.37900000,6094585.27364000,0
1751991300000000,149.53000000,150.51000000,149.49000000,150.34000000,54068.76600000,1751992199999999,8106215.69248000,23424,40110.44300000,6013159.11574000,0
1751992200000000,150.34000000,150.52000000,149.87000000,150.27000000,24758.16700000,1751993099999999,3718357.73624000,17072,13241.75200000,1988781.34382000,0
1751993100000000,150.27000000,150.55000000,150.05000000,150.51000000,11391.26200000,1751993999999999,1712522.21771000,11393,7707.41000000,1158635.25281000,0
1751994000000000,150.51000000,151.67000000,150.44000000,151.54000000,38697.94200000,1751994899999999,5847191.94421000,25720,25744.08100000,3889662.41873000,0
1751994900000000,151.55000000,152.01000000,151.33000000,151.72000000,69736.29900000,1751995799999999,10580620.18330000,31326,40346.38100000,6123059.64726000,0
1751995800000000,151.73000000,152.07000000,151.58000000,151.67000000,43540.76600000,1751996699999999,6611874.31948000,18902,21393.35200000,3249296.94190000,0
1751996700000000,151.66000000,152.25000000,151.66000000,152.06000000,43072.38100000,1751997599999999,6549607.01308000,17726,17160.84200000,2609696.53228000,0
1751997600000000,152.06000000,152.21000000,151.72000000,152.09000000,23776.11100000,1751998499999999,3614558.36335000,12751,9850.77500000,1497794.27334000,0
1751998500000000,152.08000000,152.36000000,151.92000000,152.09000000,21513.76100000,1751999399999999,3273201.36692000,12052,10131.96300000,1541562.72209000,0
1751999400000000,152.10000000,152.56000000,151.99000000,152.50000000,26800.17300000,1752000299999999,4080101.79630000,13155,15998.43700000,2436317.49570000,0
1752000300000000,152.50000000,152.83000000,152.32000000,152.81000000,29092.38200000,1752001199999999,4439749.32006000,15592,20135.67700000,3073276.33455000,0
1752001200000000,152.81000000,152.81000000,152.11000000,152.28000000,34519.38600000,1752002099999999,5264167.12280000,17620,15194.42900000,2317375.97710000,0
1752002100000000,152.28000000,152.76000000,152.28000000,152.30000000,15252.44600000,1752002999999999,2326994.04822000,11669,6001.31400000,915656.58350000,0
1752003000000000,152.29000000,152.33000000,151.44000000,151.62000000,20611.52400000,1752003899999999,3129571.87482000,15621,8242.44700000,1250468.59716000,0
1752003900000000,151.63000000,151.94000000,151.32000000,151.63000000,26997.64600000,1752004799999999,4090644.29992000,13696,14355.53900000,2174973.18853000,0
1752004800000000,151.63000000,151.68000000,151.07000000,151.08000000,23841.58500000,1752005699999999,3608701.45324000,9106,10017.56500000,1516318.24795000,0
1752005700000000,151.08000000,151.44000000,150.74000000,151.23000000,48490.71400000,1752006599999999,7322222.34707000,13800,29359.13200000,4433144.86169000,0
1752006600000000,151.22000000,151.27000000,150.75000000,150.83000000,50155.64300000,1752007499999999,7570035.91250000,9928,26721.11600000,4032642.17421000,0
1752007500000000,150.83000000,150.83000000,150.00000000,150.01000000,64662.38100000,1752008399999999,9722881.24671000,16548,42321.00100000,6363857.75837000,0
1752008400000000,150.01000000,150.57000000,150.00000000,150.51000000,65391.07600000,1752009299999999,9825823.40628000,14391,52743.93800000,7925196.80270000,0
1752009300000000,150.50000000,150.50000000,150.00000000,150.28000000,50484.56500000,1752010199999999,7581095.16896000,9675,32165.44200000,4830071.70123000,0
1752010200000000,150.28000000,150.67000000,150.20000000,150.58000000,48789.12800000,1752011099999999,7337157.07421000,13148,33102.78900000,4978009.59264000,0
1752011100000000,150.58000000,150.91000000,150.46000000,150.81000000,36981.98100000,1752011999999999,5571182.69810000,11399,18757.82000000,2826220.16911000,0
1752012000000000,150.81000000,151.26000000,150.52000000,150.84000000,16846.81000000,1752012899999999,2542555.42530000,14862,10013.38800000,1511450.09427000,0
1752012900000000,150.84000000,151.00000000,150.72000000,150.99000000,12641.32500000,1752013799999999,1907289.70146000,6521,7430.83800000,1121159.82785000,0
1752013800000000,151.00000000,151.26000000,150.95000000,151.25000000,12131.16900000,1752014699999999,1832826.04239000,6379,7510.01500000,1134615.65287000,0
1752014700000000,151.26000000,151.55000000,151.23000000,151.55000000,23418.86100000,1752015599999999,3545474.05268000,7712,16125.59200000,2441322.37214000,0
1752015600000000,151.55000000,151.68000000,151.31000000,151.66000000,16856.73100000,1752016499999999,2555115.71903000,7615,4843.03600000,734038.57915000,0
1752016500000000,151.67000000,151.70000000,151.29000000,151.43000000,18760.15800000,1752017399999999,2842461.67123000,9319,5170.57100000,783318.58553000,0
1752017400000000,151.44000000,151.85000000,151.42000000,151.81000000,16865.04600000,1752018299999999,2559175.06936000,6617,4753.32200000,720954.83465000,0
1752018300000000,151.81000000,151.94000000,151.67000000,151.67000000,16583.44100000,1752019199999999,2517556.89674000,5896,3915.40700000,594434.05535000,0
1752019200000000,151.68000000,151.71000000,151.34000000,151.49000000,13058.46500000,1752020099999999,1978862.40078000,9453,3209.62200000,486365.88996000,0
1752020100000000,151.49000000,151.64000000,151.31000000,151.36000000,11249.04300000,1752020999999999,1703589.15891000,8417,3222.77800000,488061.70936000,0
1752021000000000,151.35000000,151.55000000,151.06000000,151.54000000,13796.46300000,1752021899999999,2086056.74367000,7066,3798.70200000,574643.32410000,0
1752021900000000,151.55000000,151.75000000,151.42000000,151.70000000,11909.79900000,1752022799999999,1805088.89811000,6818,3707.82800000,562206.20562000,0
1752022800000000,151.71000000,152.34000000,151.68000000,152.12000000,18640.65900000,1752023699999999,2834000.08925000,12475,10903.47400000,1657484.53964000,0
1752023700000000,152.12000000,152.12000000,151.50000000,151.51000000,12013.26000000,1752024599999999,1823290.06422000,9597,3072.69000000,466454.10442000,0
1752024600000000,151.50000000,151.53000000,151.11000000,151.33000000,16372.48500000,1752025499999999,2477308.36367000,10258,6915.76200000,1046761.92795000,0
1752025500000000,151.34000000,151.51000000,151.27000000,151.47000000,6421.68600000,1752026399999999,972183.23710000,6199,2687.86000000,406992.82368000,0
1752026400000000,151.48000000,151.84000000,151.37000000,151.75000000,6468.69700000,1752027299999999,980414.96670000,5967,4216.16200000,638989.20123000,0
1752027300000000,151.75000000,151.85000000,151.36000000,151.84000000,8144.39300000,1752028199999999,1234632.60989000,7405,4441.33400000,673475.68992000,0
1752028200000000,151.84000000,152.20000000,151.72000000,151.98000000,14370.48700000,1752029099999999,2184206.52958000,9925,8680.65800000,1319445.76115000,0
1752029100000000,151.98000000,152.02000000,151.64000000,151.80000000,10683.16000000,1752029999999999,1622168.72022000,7575,6388.82600000,970115.22028000,0
1752030000000000,151.80000000,152.20000000,151.55000000,151.63000000,17452.05100000,1752030899999999,2650767.67953000,9316,9454.97300000,1436265.87984000,0
1752030900000000,151.62000000,152.00000000,151.50000000,151.98000000,11736.51000000,1752031799999999,1781003.32006000,8292,5663.35300000,859388.36326000,0
1752031800000000,151.98000000,151.98000000,151.25000000,151.40000000,18454.95500000,1752032699999999,2794899.81773000,9175,5844.09100000,885012.37993000,0
1752032700000000,151.41000000,151.47000000,151.21000000,151.29000000,12877.87500000,1752033599999999,1948532.10442000,9409,6380.92200000,965481.25363000,0
1752033600000000,151.29000000,151.46000000,150.97000000,151.01000000,16928.44400000,1752034499999999,2560259.45461000,8293,9171.66600000,1387349.61849000,0
1752034500000000,151.00000000,151.05000000,150.53000000,150.71000000,40210.23900000,1752035399999999,6063525.32015000,10833,29504.49100000,4449141.54778000,0
1752035400000000,150.71000000,151.15000000,150.70000000,151.01000000,28622.69000000,1752036299999999,4319355.62725000,8281,22189.02700000,3348127.25528000,0
1752036300000000,151.00000000,151.17000000,150.99000000,151.17000000,15433.32900000,1752037199999999,2331803.90747000,5188,10770.39600000,1627220.26611000,0
1752037200000000,151.16000000,151.51000000,151.14000000,151.43000000,17380.05800000,1752038099999999,2631232.56848000,9102,10339.42300000,1565353.55294000,0
1752038100000000,151.43000000,151.66000000,151.43000000,151.55000000,6524.50000000,1752038999999999,988877.78779000,5297,3863.24900000,585472.49526000,0
1752039000000000,151.54000000,153.75000000,151.45000000,153.45000000,205098.91600000,1752039899999999,31375790.50431000,42537,142438.10300000,21783367.21495000,0
1752039900000000,153.46000000,153.88000000,152.77000000,153.15000000,70898.81400000,1752040799999999,10861846.67845000,30591,22322.74300000,3419437.77165000,0
1752040800000000,153.15000000,153.46000000,152.38000000,152.66000000,48958.11500000,1752041699999999,7481070.46482000,21583,14050.99700000,2146116.68811000,0
1752041700000000,152.65000000,152.94000000,152.46000000,152.49000000,31318.62100000,1752042599999999,4781486.94237000,13755,8434.63700000,1287879.01198000,0
1752042600000000,152.50000000,152.82000000,152.46000000,152.55000000,16426.60500000,1752043499999999,2507225.94516000,8440,3918.13600000,597933.40333000,0
1752043500000000,152.55000000,153.04000000,152.55000000,152.92000000,13517.14100000,1752044399999999,2065996.41673000,9209,6690.18700000,1022584.12980000,0
1752044400000000,152.92000000,153.05000000,152.61000000,152.62000000,19214.16800000,1752045299999999,2936079.84361000,8234,6213.99500000,949912.21272000,0
1752045300000000,152.61000000,153.21000000,152.61000000,153.15000000,14904.41200000,1752046199999999,2278724.72727000,9688,7766.86900000,1187767.83215000,0
1752046200000000,153.15000000,153.25000000,152.74000000,152.82000000,11833.39400000,1752047099999999,1811098.16363000,9174,4015.45800000,614631.35240000,0
1752047100000000,152.81000000,153.05000000,152.78000000,153.01000000,11215.05500000,1752047999999999,1715112.65691000,6910,4296.79200000,657099.16223000,0
1752048000000000,153.01000000,153.07000000,152.87000000,152.92000000,13880.12900000,1752048899999999,2123133.15175000,6083,3645.06900000,557535.40220000,0
1752048900000000,152.92000000,153.14000000,152.68000000,152.76000000,21095.01300000,1752049799999999,3225404.33721000,10046,5741.66600000,878245.98695000,0
1752049800000000,152.77000000,152.94000000,152.69000000,152.76000000,7181.24300000,1752050699999999,1097356.00868000,6286,3132.43300000,478690.94189000,0
1752050700000000,152.77000000,152.77000000,152.34000000,152.47000000,18812.27200000,1752051599999999,2869319.40986000,10435,5543.77600000,845555.37033000,0
1752051600000000,152.48000000,152.57000000,152.33000000,152.33000000,16792.30200000,1752052499999999,2559747.34253000,9405,5231.79900000,797509.03788000,0
1752052500000000,152.33000000,152.71000000,152.33000000,152.56000000,16559.85100000,1752053399999999,2525945.74687000,9894,7582.34000000,1156349.46721000,0
1752053400000000,152.56000000,152.72000000,152.50000000,152.68000000,6111.64900000,1752054299999999,932613.78012000,4262,3007.03600000,458928.31899000,0
1752054300000000,152.69000000,152.96000000,152.63000000,152.87000000,8278.43600000,1752055199999999,1265237.04405000,5118,5245.57900000,801723.38871000,0
1752055200000000,152.86000000,152.87000000,152.57000000,152.86000000,17149.85100000,1752056099999999,2619934.17372000,7622,7280.58800000,1112279.35885000,0
1752056100000000,152.85000000,152.88000000,152.65000000,152.77000000,19931.29900000,1752056999999999,3044944.40425000,6125,5559.35800000,849246.04590000,0
1752057000000000,152.77000000,153.19000000,152.76000000,153.16000000,24728.18100000,1752057899999999,3783216.11399000,7998,18282.99800000,2797067.61550000,0
1752057900000000,153.16000000,153.24000000,152.92000000,153.16000000,12072.91800000,1752058799999999,1848411.63798000,6887,3908.50800000,598469.36511000,0
1752058800000000,153.16000000,153.48000000,153.05000000,153.45000000,20029.03000000,1752059699999999,3070903.47615000,8083,13161.26000000,2018348.00338000,0
1752059700000000,153.46000000,153.51000000,153.24000000,153.32000000,20291.13000000,1752060599999999,3111735.01091000,9255,7407.12000000,1136154.96944000,0
1752060600000000,153.33000000,153.70000000,153.19000000,153.33000000,27418.03900000,1752061499999999,4207431.38452000,11766,11055.32400000,1696466.86038000,0
1752061500000000,153.34000000,154.43000000,153.33000000,153.73000000,51355.58600000,1752062399999999,7907170.13392000,19733,28193.40900000,4340036.46442000,0
1752062400000000,153.74000000,154.39000000,153.33000000,154.30000000,55002.36200000,1752063299999999,8465090.85885000,23499,26256.19700000,4041446.96476000,0
1752063300000000,154.31000000,154.63000000,154.17000000,154.36000000,49984.76200000,1752064199999999,7718408.06866000,26045,28165.41200000,4349214.96299000,0
1752064200000000,154.37000000,154.43000000,153.86000000,154.42000000,36211.82600000,1752065099999999,5583884.13903000,17761,23088.41000000,3561132.82576000,0
1752065100000000,154.42000000,154.47000000,153.99000000,154.06000000,35755.47000000,1752065999999999,5514236.65420000,17148,13879.99600000,2141555.65165000,0
1752066000000000,154.06000000,154.88000000,154.03000000,154.62000000,49231.08100000,1752066899999999,7606940.17456000,20722,28579.59100000,4415545.21726000,0
1752066900000000,154.61000000,154.80000000,154.02000000,154.21000000,45356.41800000,1752067799999999,7001528.41751000,15007,20582.73300000,3177140.70617000,0
1752067800000000,154.21000000,154.58000000,153.89000000,154.15000000,62649.19700000,1752068699999999,9656664.97660000,28223,32168.10500000,4958037.33183000,0
1752068700000000,154.15000000,154.53000000,153.61000000,153.77000000,44665.92300000,1752069599999999,6877465.07686000,25553,18252.94200000,2811070.96249000,0
1752069600000000,153.76000000,154.09000000,153.32000000,154.00000000,48648.38200000,1752070499999999,7476290.80250000,27643,21319.20000000,3276882.07342000,0
1752070500000000,153.99000000,155.53000000,153.88000000,154.05000000,90270.75600000,1752071399999999,13976921.09741000,47569,50721.20600000,7855085.37592000,0
1752071400000000,154.05000000,154.09000000,153.00000000,153.45000000,54448.70000000,1752072299999999,8358319.24527000,52375,24353.96000000,3738732.36896000,0
1752072300000000,153.45000000,153.93000000,152.87000000,153.74000000,77043.18400000,1752073199999999,11814596.64968000,32508,35999.80800000,5522131.45383000,0
1752073200000000,153.74000000,154.55000000,153.37000000,153.40000000,31469.63800000,1752074099999999,4847661.67256000,25687,15606.48700000,2404314.03991000,0
1752074100000000,153.41000000,153.97000000,153.37000000,153.75000000,10645.46500000,1752074999999999,1636463.58380000,11703,6552.36100000,1007371.19168000,0
1752075000000000,153.75000000,154.31000000,153.64000000,153.96000000,35538.22700000,1752075899999999,5471931.86213000,17949,13353.06800000,2056080.68829000,0
1752075900000000,153.95000000,154.18000000,153.76000000,153.97000000,17994.41100000,1752076799999999,2771094.32644000,13659,8854.78900000,1363688.79657000,0
1752076800000000,153.98000000,154.40000000,153.66000000,154.40000000,25325.34000000,1752077699999999,3900490.89259000,16662,15433.09200000,2377332.13274000,0
1752077700000000,154.39000000,154.83000000,154.14000000,154.31000000,34939.12300000,1752078599999999,5398138.67518000,20517,20803.86000000,3214645.22036000,0
1752078600000000,154.31000000,154.75000000,154.27000000,154.54000000,27130.06500000,1752079499999999,4192838.01987000,15480,12307.76600000,1901920.61585000,0
1752079500000000,154.55000000,155.02000000,154.43000000,154.87000000,22810.53900000,1752080399999999,3531827.61857000,14403,16251.08100000,2516062.14846000,0
1752080400000000,154.87000000,154.92000000,154.44000000,154.46000000,13207.50800000,1752081299999999,2043327.79811000,11394,5904.52900000,913518.25596000,0
1752081300000000,154.46000000,154.49000000,153.64000000,153.83000000,35356.38900000,1752082199999999,5447662.16216000,16886,15279.13300000,2354364.67393000,0
1752082200000000,153.83000000,153.87000000,153.34000000,153.46000000,19863.23200000,1752083099999999,3049685.43050000,14827,8288.60200000,1272609.63289000,0
1752083100000000,153.47000000,153.65000000,153.23000000,153.64000000,11308.41500000,1752083999999999,1734928.18104000,10040,5832.57400000,894956.66404000,0
1752084000000000,153.65000000,155.28000000,153.56000000,155.05000000,53362.67400000,1752084899999999,8247340.24323000,34718,27476.29400000,4247450.13408000,0
1752084900000000,155.04000000,155.24000000,154.50000000,155.03000000,34336.19400000,1752085799999999,5319709.85580000,29873,15999.46900000,2478995.43427000,0
1752085800000000,155.02000000,155.04000000,154.30000000,154.43000000,27646.49800000,1752086699999999,4273952.69935000,18564,8425.67600000,1302876.41235000,0
1752086700000000,154.43000000,154.69000000,154.28000000,154.66000000,11965.66600000,1752087599999999,1848344.07427000,12814,6468.95700000,999425.35392000,0
1752087600000000,154.65000000,154.90000000,154.58000000,154.89000000,13850.31200000,1752088499999999,2142955.27079000,11947,8330.50200000,1288962.66666000,0
1752088500000000,154.90000000,155.96000000,154.86000000,155.82000000,47942.98700000,1752089399999999,7455864.98162000,30335,31481.00100000,4895333.00899000,0
1752089400000000,155.81000000,156.60000000,155.53000000,156.55000000,115702.44300000,1752090299999999,18070827.61193000,55827,60379.37400000,9429304.76381000,0
1752090300000000,156.55000000,157.86000000,156.27000000,157.27000000,128436.40600000,1752091199999999,20186200.26836000,74690,71988.64400000,11316579.23732000,0
1752091200000000,157.26000000,157.52000000,156.16000000,156.54000000,88395.69100000,1752092099999999,13862030.07686000,59573,34345.23500000,5385971.58440000,0
1752092100000000,156.53000000,157.17000000,155.46000000,155.76000000,46026.62900000,1752092999999999,7193680.04313000,31858,21256.96300000,3322917.85324000,0
1752093000000000,155.75000000,156.61000000,155.46000000,156.52000000,42946.75000000,1752093899999999,6702707.91181000,35690,22661.41100000,3536590.80959000,0
1752093900000000,156.53000000,156.70000000,155.85000000,156.04000000,28515.52000000,1752094799999999,4456267.07224000,23962,13452.77000000,2102090.23581000,0
1752094800000000,156.03000000,157.17000000,156.00000000,157.06000000,37110.03700000,1752095699999999,5818610.32613000,29200,20908.51300000,3277116.94069000,0
1752095700000000,157.06000000,157.59000000,156.79000000,157.26000000,23451.34900000,1752096599999999,3686866.79860000,18224,13017.76700000,2046671.70538000,0
1752096600000000,157.27000000,157.30000000,156.74000000,157.04000000,18715.97400000,1752097499999999,2936521.94828000,12519,11570.36600000,1815043.83166000,0
1752097500000000,157.04000000,157.27000000,156.74000000,156.75000000,18186.17700000,1752098399999999,2854235.35509000,11465,7672.61800000,1204096.47569000,0
1752098400000000,156.74000000,157.90000000,156.74000000,157.90000000,34895.29600000,1752099299999999,5495154.22288000,29979,19614.50400000,3088230.91529000,0
1752099300000000,157.90000000,157.93000000,157.31000000,157.33000000,17337.45700000,1752100199999999,2733462.01156000,14669,7730.71300000,1218761.71171000,0
1752100200000000,157.34000000,157.59000000,157.29000000,157.37000000,11721.82200000,1752101099999999,1845132.36613000,9484,6582.51800000,1036240.09881000,0
1752101100000000,157.37000000,157.77000000,157.30000000,157.66000000,23360.12900000,1752101999999999,3680242.60330000,15332,12965.79500000,2042773.84999000,0
1752102000000000,157.66000000,157.93000000,157.40000000,157.40000000,21383.95500000,1752102899999999,3371384.36501000,11460,10663.43300000,1681165.27667000,0
1752102900000000,157.40000000,157.61000000,157.22000000,157.24000000,20828.46700000,1752103799999999,3279915.37899000,9319,11784.68600000,1856053.97740000,0
1752103800000000,157.25000000,157.76000000,157.25000000,157.27000000,16492.28700000,1752104699999999,2596866.10226000,14552,9367.75200000,1474979.76848000,0
1752104700000000,157.27000000,157.35000000,157.00000000,157.05000000,15931.19700000,1752105599999999,2503967.38404000,8723,7529.68100000,1183539.30362000,0
1752105600000000,157.06000000,157.52000000,157.03000000,157.29000000,13861.18400000,1752106499999999,2180362.56993000,12442,8645.59000000,1360002.86964000,0
1752106500000000,157.28000000,157.38000000,156.64000000,156.64000000,12542.14500000,1752107399999999,1968854.01696000,10548,3674.10800000,576787.80216000,0
1752107400000000,156.64000000,156.92000000,156.22000000,156.33000000,19905.78400000,1752108299999999,3114342.65757000,11180,8374.47900000,1310216.64736000,0
1752108300000000,156.32000000,156.59000000,155.93000000,155.94000000,29870.01300000,1752109199999999,4665301.60522000,13146,13962.22400000,2181367.16219000,0
1752109200000000,155.94000000,156.46000000,155.93000000,156.44000000,21506.42500000,1752110099999999,3359470.68444000,12051,15148.40900000,2366075.40473000,0
1752110100000000,156.43000000,157.00000000,156.35000000,156.98000000,17073.07400000,1752110999999999,2676573.99005000,12500,10656.20000000,1670385.07223000,0
1752111000000000,156.97000000,157.32000000,156.97000000,157.29000000,14797.50200000,1752111899999999,2325548.99519000,9649,10442.17500000,1640993.84905000,0
1752111900000000,157.29000000,157.87000000,157.17000000,157.61000000,25795.25900000,1752112799999999,4063324.73020000,11071,17392.36900000,2740627.19317000,0
1752112800000000,157.62000000,158.94000000,157.61000000,158.62000000,60444.85600000,1752113699999999,9576996.08999000,33469,40898.20400000,6479058.08209000,0
1752113700000000,158.61000000,159.34000000,158.48000000,158.51000000,35448.60200000,1752114599999999,5630343.45380000,25130,20126.19700000,3197490.55826000,0
1752114600000000,158.51000000,158.90000000,158.08000000,158.12000000,15970.80600000,1752115499999999,2530263.57651000,13414,5278.49600000,836125.53044000,0
1752115500000000,158.12000000,158.43000000,158.10000000,158.31000000,13717.35900000,1752116399999999,2170766.15404000,8991,8092.50800000,1280653.87597000,0
1752116400000000,158.30000000,158.37000000,157.83000000,157.83000000,9635.81700000,1752117299999999,1523367.38915000,9148,2443.38600000,386414.31019000,0
1752117300000000,157.83000000,158.14000000,157.66000000,157.71000000,15339.06000000,1752118199999999,2422153.10510000,9102,6915.67400000,1092071.70660000,0
1752118200000000,157.72000000,157.79000000,157.25000000,157.44000000,18311.59000000,1752119099999999,2884637.19633000,10979,6418.62600000,1011166.94392000,0
1752119100000000,157.43000000,157.51000000,157.22000000,157.35000000,13356.92600000,1752119999999999,2101667.80167000,9191,5280.38900000,830833.25871000,0
1752120000000000,157.35000000,157.46000000,156.90000000,157.01000000,17086.53400000,1752120899999999,2684319.39459000,10610,4160.56000000,653663.66607000,0
1752120900000000,157.01000000,157.33000000,156.88000000,157.29000000,10673.76300000,1752121799999999,1677423.14149000,9286,5736.13100000,901523.80817000,0
1752121800000000,157.29000000,157.62000000,157.29000000,157.54000000,10942.05400000,1752122699999999,1722566.88284000,8147,6805.82500000,1071419.67506000,0
1752122700000000,157.55000000,157.71000000,157.44000000,157.67000000,9586.53500000,1752123599999999,1511034.64030000,8847,6476.42900000,1020857.07949000,0
1752123600000000,157.68000000,157.79000000,157.29000000,157.29000000,11706.19800000,1752124499999999,1843762.06416000,9699,4853.86300000,764612.38623000,0
1752124500000000,157.29000000,157.48000000,157.14000000,157.39000000,16272.17500000,1752125399999999,2560372.55513000,7920,11183.50200000,1759922.65732000,0
1752125400000000,157.39000000,157.41000000,157.01000000,157.07000000,17428.36500000,1752126299999999,2740377.78518000,7449,5445.32500000,856347.26941000,0
1752126300000000,157.07000000,157.42000000,156.95000000,157.25000000,13337.16200000,1752127199999999,2096505.24570000,7959,7021.31200000,1103834.59471000,0
1752127200000000,157.25000000,157.45000000,156.67000000,156.84000000,24988.50100000,1752128099999999,3921373.66418000,11603,6375.22700000,1000746.93713000,0
1752128100000000,156.83000000,157.32000000,156.80000000,157.27000000,13360.41200000,1752128999999999,2097886.74938000,8581,7417.89300000,1164845.65150000,0
1752129000000000,157.28000000,157.36000000,156.95000000,157.01000000,16023.78100000,1752129899999999,2517667.62246000,10159,9447.24500000,1484236.03993000,0
1752129900000000,157.01000000,157.49000000,156.98000000,157.44000000,18072.33800000,1752130799999999,2842997.87369000,10333,11195.92800000,1761102.80328000,0
1752130800000000,157.43000000,158.37000000,157.37000000,158.24000000,39709.98900000,1752131699999999,6272368.50579000,22832,26772.35700000,4228584.11057000,0
1752131700000000,158.25000000,158.61000000,158.05000000,158.29000000,35027.67400000,1752132599999999,5545232.96179000,21624,16713.32200000,2645928.78345000,0
1752132600000000,158.28000000,158.63000000,157.95000000,158.33000000,34441.95500000,1752133499999999,5453633.21871000,18931,18529.39300000,2934678.27503000,0
1752133500000000,158.32000000,158.35000000,157.81000000,157.89000000,18536.89200000,1752134399999999,2930331.23717000,15300,6888.74200000,1088967.04763000,0
1752134400000000,157.90000000,158.50000000,157.82000000,158.29000000,17793.27000000,1752135299999999,2813989.03765000,14496,7205.33800000,1139557.63639000,0
1752135300000000,158.28000000,158.92000000,158.28000000,158.51000000,22110.51400000,1752136199999999,3507323.68073000,15214,13794.00500000,2188117.04498000,0
1752136200000000,158.52000000,159.17000000,158.45000000,159.14000000,15074.20000000,1752137099999999,2393811.02129000,13142,9874.31100000,1568199.17542000,0
1752137100000000,159.14000000,159.17000000,158.73000000,158.89000000,25850.24200000,1752137999999999,4109120.30827000,12465,13607.83300000,2162903.59997000,0
1752138000000000,158.90000000,159.07000000,158.32000000,158.48000000,19790.53900000,1752138899999999,3141679.76076000,12992,9800.47800000,1556313.36438000,0
1752138900000000,158.48000000,158.76000000,158.31000000,158.42000000,8470.72500000,1752139799999999,1342748.50577000,8636,4666.93900000,739814.09528000,0
1752139800000000,158.43000000,158.44000000,158.08000000,158.10000000,11954.82400000,1752140699999999,1891795.40759000,9595,4985.56000000,788945.21757000,0
1752140700000000,158.10000000,158.22000000,157.95000000,158.06000000,12089.69900000,1752141599999999,1911498.27933000,8923,4849.27400000,766740.04354000,0
1752141600000000,158.07000000,158.13000000,157.43000000,157.50000000,13874.40100000,1752142499999999,2187410.22412000,10059,5422.67800000,854909.45063000,0
1752142500000000,157.49000000,157.69000000,157.43000000,157.48000000,10540.45100000,1752143399999999,1660709.27565000,8288,3742.05700000,589570.63893000,0
1752143400000000,157.47000000,157.89000000,157.46000000,157.72000000,12838.80900000,1752144299999999,2024782.12039000,8341,7933.68100000,1251101.66568000,0
1752144300000000,157.72000000,157.98000000,157.58000000,157.93000000,10549.68500000,1752145199999999,1664632.79781000,8195,6297.56200000,993687.19685000,0
1752145200000000,157.93000000,157.93000000,157.16000000,157.28000000,27199.57300000,1752146099999999,4281073.33269000,12404,7377.54000000,1161493.83229000,0
1752146100000000,157.28000000,157.71000000,157.20000000,157.60000000,10033.92900000,1752146999999999,1580506.12848000,8175,5694.69900000,897040.28380000,0
1752147000000000,157.59000000,157.83000000,157.30000000,157.62000000,17574.30900000,1752147899999999,2769583.80623000,10798,11117.25200000,1752500.84205000,0
1752147900000000,157.63000000,157.79000000,157.49000000,157.65000000,6680.27000000,1752148799999999,1053163.41982000,9549,3199.17700000,504375.30568000,0
1752148800000000,157.66000000,157.66000000,157.12000000,157.21000000,15518.99400000,1752149699999999,2441054.02352000,12180,4878.70100000,767327.31550000,0
1752149700000000,157.21000000,157.63000000,157.03000000,157.51000000,43593.33500000,1752150599999999,6857548.56672000,12706,26565.11700000,4179343.90193000,0
1752150600000000,157.52000000,157.61000000,157.26000000,157.32000000,9320.13200000,1752151499999999,1467221.70618000,8745,5478.44300000,862386.87637000,0
1752151500000000,157.32000000,157.49000000,157.16000000,157.47000000,14191.96300000,1752152399999999,2232366.16263000,10863,9402.87900000,1479046.51700000,0
1752152400000000,157.46000000,157.80000000,157.41000000,157.73000000,21268.43900000,1752153299999999,3354003.46379000,10906,10364.46500000,1634382.75940000,0
1752153300000000,157.74000000,158.34000000,157.72000000,158.33000000,19234.78800000,1752154199999999,3039560.86786000,11538,12600.24000000,1991127.12823000,0
1752154200000000,158.33000000,158.37000000,156.78000000,157.33000000,112471.44800000,1752155099999999,17683463.15415000,34931,56843.72900000,8938454.54118000,0
1752155100000000,157.34000000,157.93000000,156.72000000,157.05000000,28821.15000000,1752155999999999,4529232.25497000,34084,11735.58400000,1844157.61605000,0
1752156000000000,157.05000000,157.38000000,156.38000000,157.24000000,34874.01800000,1752156899999999,5471602.89489000,27478,15188.79500000,2384749.87581000,0
1752156900000000,157.24000000,157.70000000,156.22000000,156.42000000,53785.36800000,1752157799999999,8439696.34778000,28287,20003.71200000,3137088.15182000,0
1752157800000000,156.43000000,156.87000000,156.31000000,156.60000000,29865.32000000,1752158699999999,4676895.08895000,19725,18667.30400000,2923539.57631000,0
1752158700000000,156.59000000,156.86000000,156.42000000,156.85000000,15215.53600000,1752159599999999,2383744.88610000,12414,9765.29400000,1529886.30742000,0
1752159600000000,156.84000000,157.05000000,156.09000000,156.18000000,35087.78000000,1752160499999999,5497758.02570000,16496,20838.84300000,3266646.88553000,0
1752160500000000,156.18000000,156.76000000,156.00000000,156.68000000,34060.73400000,1752161399999999,5323893.85520000,17955,14128.44900000,2210001.93533000,0
1752161400000000,156.69000000,156.81000000,155.64000000,156.16000000,31549.66900000,1752162299999999,4927517.14128000,18244,13615.45600000,2126888.25248000,0
1752162300000000,156.17000000,156.53000000,155.95000000,156.43000000,24000.55800000,1752163199999999,3750164.26963000,15746,12297.80700000,1921658.32011000,0
1752163200000000,156.44000000,156.61000000,156.16000000,156.42000000,23472.07000000,1752164099999999,3671333.44782000,17021,12301.03800000,1924113.57895000,0
1752164100000000,156.42000000,158.49000000,156.41000000,158.09000000,100264.46100000,1752164999999999,15819151.09102000,43551,56119.22000000,8848673.69863000,0
1752165000000000,158.10000000,158.75000000,157.97000000,158.67000000,113964.13300000,1752165899999999,18051008.79059000,47287,72392.14500000,11468267.57187000,0
1752165900000000,158.67000000,158.67000000,158.06000000,158.39000000,65808.85900000,1752166799999999,10417937.57776000,32143,25602.17800000,4053856.73631000,0
1752166800000000,158.39000000,159.66000000,157.96000000,159.58000000,112877.84900000,1752167699999999,17916903.59283000,52950,57016.81200000,9051947.88892000,0
1752167700000000,159.58000000,159.58000000,158.82000000,159.22000000,66111.15200000,1752168599999999,10519539.51536000,38716,27990.39500000,4454261.53245000,0
1752168600000000,159.22000000,159.66000000,159.09000000,159.66000000,29464.90200000,1752169499999999,4695835.41558000,26063,15967.21500000,2544904.75933000,0
1752169500000000,159.66000000,161.18000000,159.29000000,160.90000000,118554.14200000,1752170399999999,19022775.66073000,52496,79610.92000000,12769659.16437000,0
1752170400000000,160.90000000,161.01000000,160.13000000,160.18000000,51644.25300000,1752171299999999,8289309.58537000,37154,21836.91800000,3505108.60021000,0
1752171300000000,160.19000000,160.64000000,159.41000000,159.51000000,56089.19900000,1752172199999999,8976712.58330000,34068,20377.49400000,3263199.70832000,0
1752172200000000,159.51000000,159.57000000,158.33000000,158.76000000,57244.47300000,1752173099999999,9099487.79139000,38165,25326.07600000,4025164.20899000,0
1752173100000000,158.77000000,159.32000000,158.46000000,159.07000000,104507.05300000,1752173999999999,16600069.15238000,34544,52675.15600000,8365718.82833000,0
1752174000000000,159.06000000,159.67000000,158.91000000,159.60000000,36149.12200000,1752174899999999,5763267.84509000,22682,17726.88000000,2825495.07021000,0
1752174900000000,159.59000000,159.64000000,159.17000000,159.21000000,26764.31600000,1752175799999999,4265930.97865000,20380,8824.39600000,1406684.62649000,0
1752175800000000,159.21000000,159.21000000,158.67000000,159.12000000,23649.45100000,1752176699999999,3758976.11160000,17213,11967.27100000,1902010.73529000,0
1752176700000000,159.12000000,159.50000000,158.80000000,159.34000000,26651.20100000,1752177599999999,4240435.63443000,17699,17219.60100000,2740071.89156000,0
1752177600000000,159.34000000,160.03000000,159.23000000,159.92000000,24721.84100000,1752178499999999,3949007.56168000,16465,13943.17900000,2227214.69984000,0
1752178500000000,159.92000000,160.13000000,159.75000000,160.04000000,11845.64000000,1752179399999999,1894949.56429000,12331,5406.46600000,864990.48211000,0
1752179400000000,160.05000000,160.50000000,160.05000000,160.49000000,17705.25600000,1752180299999999,2836998.17117000,12319,9056.37700000,1451184.86535000,0
1752180300000000,160.49000000,160.51000000,159.93000000,160.40000000,18475.13700000,1752181199999999,2960685.99852000,12327,9637.70000000,1544578.11515000,0
1752181200000000,160.39000000,160.88000000,160.28000000,160.72000000,19326.99800000,1752182099999999,3106012.96937000,13383,10268.84000000,1650340.48440000,0
1752182100000000,160.71000000,163.88000000,160.51000000,162.72000000,243561.19000000,1752182999999999,39619155.61559000,141928,129836.25300000,21113687.58359000,0
1752183000000000,162.72000000,164.20000000,162.58000000,163.57000000,121931.56300000,1752183899999999,19905413.98448000,70988,73719.03700000,12034314.68706000,0
1752183900000000,163.58000000,164.33000000,162.75000000,163.83000000,97529.93800000,1752184799999999,15963980.88625000,62822,50535.51400000,8274818.25910000,0
1752184800000000,163.84000000,164.41000000,163.33000000,164.40000000,74121.30500000,1752185699999999,12146108.30944000,46856,31482.73500000,5160001.75606000,0
1752185700000000,164.41000000,165.43000000,163.70000000,163.86000000,139457.47700000,1752186599999999,22965398.01230000,56506,88433.23800000,14569992.03599000,0
1752186600000000,163.86000000,164.29000000,163.51000000,164.17000000,39983.33000000,1752187499999999,6551333.41632000,32660,19601.34100000,3211591.66948000,0
1752187500000000,164.17000000,164.90000000,164.13000000,164.70000000,33519.77400000,1752188399999999,5519428.72579000,24687,16447.10100000,2707879.67390000,0
1752188400000000,164.69000000,165.23000000,164.50000000,164.75000000,47922.20800000,1752189299999999,7901495.83636000,29383,25609.96700000,4223218.00269000,0
1752189300000000,164.74000000,164.82000000,163.76000000,163.86000000,47986.52600000,1752190199999999,7881427.02569000,27730,16455.97600000,2701966.26435000,0
1752190200000000,163.86000000,163.95000000,163.28000000,163.54000000,37794.94400000,1752191099999999,6179426.86656000,23975,13686.79800000,2237718.27932000,0
1752191100000000,163.54000000,164.35000000,163.30000000,164.34000000,29227.18400000,1752191999999999,4794360.67413000,17562,14150.01700000,2320632.02328000,0
1752192000000000,164.33000000,164.40000000,163.71000000,163.71000000,40278.59600000,1752192899999999,6609316.11932000,24286,17102.77000000,2806528.87892000,0
1752192900000000,163.72000000,163.76000000,161.98000000,162.40000000,54355.55500000,1752193799999999,8847101.11096000,44377,19249.33500000,3132634.88384000,0
1752193800000000,162.40000000,163.14000000,161.94000000,162.59000000,37849.75400000,1752194699999999,6156612.19646000,37018,17536.72200000,2853575.69544000,0
1752194700000000,162.60000000,163.37000000,162.41000000,163.05000000,26046.43800000,1752195599999999,4243622.53075000,27454,14712.52300000,2396884.89379000,0
1752195600000000,163.05000000,163.87000000,162.96000000,163.84000000,26460.69900000,1752196499999999,4327317.93269000,20564,13527.10100000,2211843.31315000,0
1752196500000000,163.85000000,164.81000000,163.67000000,164.74000000,34603.20000000,1752197399999999,5681954.44684000,22746,21431.46200000,3519687.55907000,0
1752197400000000,164.74000000,164.75000000,164.40000000,164.63000000,33841.05500000,1752198299999999,5568759.80427000,21269,19921.77900000,3278128.92699000,0
1752198300000000,164.63000000,164.72000000,164.00000000,164.49000000,46299.86100000,1752199199999999,7608807.24418000,21753,16430.63600000,2700416.18527000,0
1752199200000000,164.50000000,164.69000000,164.07000000,164.54000000,34462.08100000,1752200099999999,5664793.51397000,23375,21621.38600000,3554423.63378000,0
1752200100000000,164.53000000,165.03000000,164.53000000,164.93000000,40819.14500000,1752200999999999,6726762.29821000,18171,28890.97900000,4760696.64085000,0
1752201000000000,164.93000000,165.15000000,164.67000000,164.86000000,28403.63000000,1752201899999999,4684381.58215000,18859,13783.21600000,2273414.42627000,0
1752201900000000,164.86000000,165.21000000,164.68000000,165.00000000,32781.25200000,1752202799999999,5406096.00628000,16722,17533.27900000,2891944.05921000,0
1752202800000000,164.99000000,164.99000000,164.46000000,164.47000000,19478.93700000,1752203699999999,3207826.54216000,16635,8526.23800000,1404197.92367000,0
1752203700000000,164.47000000,164.84000000,164.31000000,164.65000000,16204.59500000,1752204599999999,2667106.58025000,13108,7658.65800000,1260688.64030000,0
1752204600000000,164.66000000,164.81000000,164.01000000,164.81000000,19714.85100000,1752205499999999,3241527.20747000,14936,10493.04200000,1725457.94494000,0
1752205500000000,164.81000000,165.40000000,164.70000000,165.22000000,27121.91000000,1752206399999999,4478106.50535000,17652,15400.37600000,2542551.98004000,0
1752206400000000,165.22000000,165.23000000,164.34000000,164.45000000,31683.03700000,1752207299999999,5216021.73078000,17854,12184.23200000,2006099.85097000,0
1752207300000000,164.45000000,164.69000000,164.30000000,164.51000000,21106.90200000,1752208199999999,3471986.92297000,14324,11101.58000000,1826292.52929000,0
1752208200000000,164.50000000,164.59000000,164.04000000,164.54000000,28925.38600000,1752209099999999,4752509.61907000,13923,13537.15700000,2224711.85288000,0
1752209100000000,164.54000000,165.01000000,164.43000000,165.00000000,24598.32900000,1752209999999999,4055405.92775000,11108,15572.18000000,2568247.29276000,0
1752210000000000,165.01000000,165.65000000,164.94000000,165.46000000,42882.08900000,1752210899999999,7090599.24859000,22559,24389.68500000,4032748.63902000,0
1752210900000000,165.45000000,165.84000000,165.31000000,165.40000000,46142.91300000,1752211799999999,7639883.40063000,26069,22392.69400000,3707973.36571000,0
1752211800000000,165.41000000,166.17000000,165.13000000,165.91000000,79160.38600000,1752212699999999,13125255.62987000,43706,44283.52400000,7342819.22690000,0
1752212700000000,165.91000000,166.80000000,165.28000000,165.28000000,79388.34600000,1752213599999999,13192632.71903000,52746,42248.40900000,7024424.24239000,0
1752213600000000,165.29000000,166.00000000,165.01000000,165.29000000,67392.16600000,1752214499999999,11147936.19387000,32835,32322.76200000,5345565.27483000,0
1752214500000000,165.28000000,165.80000000,165.15000000,165.41000000,38176.28600000,1752215399999999,6318026.94830000,20977,24499.31200000,4055223.59554000,0
1752215400000000,165.41000000,165.45000000,164.50000000,164.69000000,38095.76800000,1752216299999999,6283981.77989000,15985,16820.01000000,2774796.45407000,0
1752216300000000,164.70000000,164.86000000,163.41000000,163.64000000,78976.08300000,1752217199999999,12945228.81611000,30594,31783.84600000,5210114.23859000,0
1752217200000000,163.64000000,163.71000000,163.14000000,163.23000000,51983.06400000,1752218099999999,8494913.85380000,30412,21262.83500000,3474617.55554000,0
1752218100000000,163.24000000,164.30000000,163.20000000,164.19000000,43576.30300000,1752218999999999,7143605.26551000,21986,24926.24500000,4085776.74965000,0
1752219000000000,164.19000000,164.29000000,163.96000000,164.20000000,38341.83100000,1752219899999999,6294038.08382000,17721,22170.09200000,3639632.59738000,0
1752219900000000,164.20000000,164.28000000,163.18000000,163.27000000,46335.91100000,1752220799999999,7583489.90489000,20242,14005.42200000,2292292.02428000,0
1752220800000000,163.28000000,163.70000000,163.28000000,163.50000000,23835.97700000,1752221699999999,3897715.98787000,17577,10344.46800000,1691548.19530000,0
1752221700000000,163.51000000,164.02000000,163.40000000,163.86000000,21685.38500000,1752222599999999,3552162.54702000,13243,11774.96600000,1928691.72345000,0
1752222600000000,163.86000000,164.06000000,163.43000000,164.01000000,25450.57800000,1752223499999999,4166686.79165000,17692,15346.02600000,2512752.60908000,0
1752223500000000,164.00000000,164.04000000,163.65000000,163.87000000,28925.28700000,1752224399999999,4738078.48598000,13138,14488.66300000,2373189.15125000,0
1752224400000000,163.88000000,164.00000000,163.66000000,163.97000000,20259.61800000,1752225299999999,3319353.23077000,11991,10760.77700000,1763148.17394000,0
1752225300000000,163.97000000,164.80000000,163.96000000,164.77000000,28066.00700000,1752226199999999,4615906.98200000,16493,17589.05500000,2892666.31408000,0
1752226200000000,164.78000000,165.38000000,164.48000000,164.66000000,45296.71300000,1752227099999999,7471377.44008000,33989,25368.81400000,4184718.32431000,0
1752227100000000,164.67000000,165.01000000,164.32000000,164.81000000,34513.70400000,1752227999999999,5684527.01281000,25165,14763.17000000,2431756.21328000,0
1752228000000000,164.81000000,164.82000000,164.18000000,164.49000000,25655.96000000,1752228899999999,4221033.77412000,22813,9959.48800000,1638614.71510000,0
1752228900000000,164.50000000,165.21000000,164.50000000,165.01000000,28209.29500000,1752229799999999,4652338.32252000,22675,14758.81300000,2434012.03198000,0
1752229800000000,165.00000000,165.02000000,164.32000000,164.64000000,18911.09800000,1752230699999999,3115117.93722000,16449,7235.07100000,1191374.86585000,0
1752230700000000,164.64000000,165.01000000,164.59000000,164.79000000,17098.37300000,1752231599999999,2818403.48869000,13032,11316.88300000,1865703.54418000,0
1752231600000000,164.80000000,165.08000000,163.96000000,164.09000000,29160.22400000,1752232499999999,4801490.85659000,20096,14982.94600000,2468542.40123000,0
1752232500000000,164.10000000,164.27000000,163.76000000,164.05000000,25585.86100000,1752233399999999,4197563.35942000,19327,8879.95600000,1456884.66546000,0
1752233400000000,164.05000000,164.40000000,163.98000000,163.99000000,19990.38100000,1752234299999999,3281898.88605000,18215,7449.37300000,1222973.93909000,0
1752234300000000,163.99000000,164.08000000,163.58000000,163.87000000,19381.41800000,1752235199999999,3175459.29707000,17009,8444.95900000,1383740.32438000,0
1752235200000000,163.88000000,164.38000000,163.81000000,164.36000000,22082.97100000,1752236099999999,3624195.14584000,13881,11650.81600000,1912425.10932000,0
1752236100000000,164.36000000,164.36000000,163.34000000,163.41000000,31286.70700000,1752236999999999,5120199.92984000,14435,9484.88700000,1553111.58259000,0
1752237000000000,163.40000000,163.83000000,163.36000000,163.74000000,20970.21900000,1752237899999999,3430423.81656000,11080,8378.46200000,1370426.51906000,0
1752237900000000,163.75000000,165.25000000,163.74000000,165.25000000,35619.86900000,1752238799999999,5863394.67156000,22063,19934.48500000,3280687.46852000,0
1752238800000000,165.24000000,166.65000000,165.01000000,165.76000000,105572.51900000,1752239699999999,17513227.92024000,65379,63718.27600000,10570131.58715000,0
1752239700000000,165.76000000,165.98000000,164.99000000,165.54000000,51430.03700000,1752240599999999,8510749.11654000,38570,24055.36200000,3981783.69236000,0
1752240600000000,165.54000000,166.20000000,164.30000000,165.38000000,61618.71200000,1752241499999999,10193031.29066000,66779,31080.73200000,5143939.62880000,0
1752241500000000,165.38000000,166.94000000,165.05000000,166.40000000,84912.86900000,1752242399999999,14122900.95052000,62056,50588.84900000,8413608.43201000,0
1752242400000000,166.41000000,166.66000000,165.25000000,165.96000000,62961.20600000,1752243299999999,10445958.67170000,57855,24586.17300000,4080713.95580000,0
1752243300000000,165.96000000,167.85000000,165.90000000,167.55000000,112112.03800000,1752244199999999,18708221.34560000,60027,58830.30700000,9820743.80448000,0
1752244200000000,167.55000000,168.20000000,167.18000000,167.27000000,132266.43200000,1752245099999999,22184864.26500000,55932,79129.41200000,13275701.46375000,0
1752245100000000,167.27000000,167.36000000,165.91000000,166.64000000,86794.71800000,1752245999999999,14470398.06715000,54705,42032.37000000,7008894.50439000,0
1752246000000000,166.63000000,166.86000000,164.61000000,165.26000000,136518.63200000,1752246899999999,22599742.25496000,62293,65529.91500000,10842289.24110000,0
1752246900000000,165.25000000,166.09000000,165.15000000,165.36000000,48637.76300000,1752247799999999,8051149.20216000,39612,28213.93800000,4670197.78517000,0
1752247800000000,165.35000000,165.35000000,163.40000000,164.43000000,163744.70400000,1752248699999999,26919657.59352000,76199,71681.26600000,11787319.68163000,0
1752248700000000,164.44000000,164.69000000,161.78000000,162.34000000,189436.76300000,1752249599999999,30895799.76980000,95441,70500.76700000,11496881.88882000,0
1752249600000000,162.34000000,163.22000000,161.31000000,162.17000000,111974.67000000,1752250499999999,18166819.16842000,85997,54395.56000000,8826715.39180000,0
1752250500000000,162.17000000,162.77000000,161.27000000,162.74000000,80034.30100000,1752251399999999,12980561.99435000,46660,36249.89000000,5879582.52580000,0
1752251400000000,162.74000000,163.13000000,162.40000000,162.46000000,56425.61900000,1752252299999999,9188511.11887000,35560,28604.02300000,4658967.83222000,0
1752252300000000,162.47000000,163.24000000,161.68000000,163.22000000,59727.02800000,1752253199999999,9709754.12054000,29281,33549.12700000,5456192.96089000,0
1752253200000000,163.22000000,163.74000000,163.00000000,163.36000000,45046.26700000,1752254099999999,7360860.63313000,23957,30485.75200000,4981974.18049000,0
1752254100000000,163.36000000,164.13000000,163.02000000,164.13000000,59579.92400000,1752254999999999,9751565.60183000,34627,32665.59300000,5346927.39956000,0
1752255000000000,164.13000000,164.30000000,163.26000000,163.69000000,56104.27000000,1752255899999999,9194443.99345000,27849,23521.48400000,3854221.93474000,0
1752255900000000,163.70000000,164.48000000,163.63000000,164.47000000,31010.12200000,1752256799999999,5085611.26554000,18548,23361.11500000,3831016.00314000,0
1752256800000000,164.47000000,164.71000000,164.09000000,164.67000000,23186.57200000,1752257699999999,3811869.45780000,19652,10942.43100000,1799227.50466000,0
1752257700000000,164.68000000,165.03000000,163.60000000,163.78000000,31843.88500000,1752258599999999,5232367.00294000,31234,13047.90800000,2145376.11276000,0
1752258600000000,163.78000000,164.33000000,163.66000000,164.30000000,18539.75000000,1752259499999999,3040305.79717000,21789,10742.92300000,1761675.75124000,0
1752259500000000,164.29000000,164.63000000,163.80000000,164.39000000,15257.14700000,1752260399999999,2505504.81355000,16827,7270.63900000,1194203.32077000,0
1752260400000000,164.40000000,164.40000000,163.30000000,163.94000000,20940.26200000,1752261299999999,3428472.31755000,19163,9455.99600000,1548561.22871000,0
1752261300000000,163.94000000,164.63000000,163.90000000,164.16000000,19464.37300000,1752262199999999,3198914.59249000,19461,12463.45800000,2048352.10633000,0
1752262200000000,164.16000000,164.49000000,163.78000000,163.99000000,24045.96300000,1752263099999999,3947337.80272000,15902,11717.29200000,1923132.29282000,0
1752263100000000,163.98000000,164.59000000,163.95000000,164.58000000,50664.08200000,1752263999999999,8320380.51212000,21642,33648.61400000,5526053.29027000,0
1752264000000000,164.58000000,164.83000000,163.97000000,164.34000000,26631.38700000,1752264899999999,4375507.57309000,26447,14276.15000000,2345374.46971000,0
1752264900000000,164.34000000,164.58000000,163.96000000,164.02000000,34308.45700000,1752265799999999,5640271.96001000,18256,19488.21000000,3203721.56542000,0
1752265800000000,164.02000000,164.03000000,163.03000000,163.16000000,32980.95800000,1752266699999999,5392855.19795000,21683,18787.85800000,3072369.50038000,0
1752266700000000,163.17000000,163.43000000,162.62000000,162.70000000,34966.76600000,1752267599999999,5702486.85428000,22132,19828.97300000,3234296.75679000,0
1752267600000000,162.70000000,163.01000000,161.82000000,162.41000000,48462.99900000,1752268499999999,7870637.33213000,33150,21800.82300000,3541313.81433000,0
1752268500000000,162.41000000,163.06000000,162.15000000,163.04000000,20736.08600000,1752269399999999,3374558.90458000,18316,9277.64900000,1509809.77331000,0
1752269400000000,163.04000000,163.12000000,161.39000000,161.41000000,51684.29900000,1752270299999999,8375204.91243000,29768,14139.91300000,2292189.04793000,0
1752270300000000,161.41000000,162.50000000,161.37000000,162.13000000,24297.20600000,1752271199999999,3936616.74740000,21555,13807.65500000,2236674.20501000,0
1752271200000000,162.14000000,162.63000000,161.64000000,161.67000000,17543.99200000,1752272099999999,2847754.07741000,18045,7370.14300000,1196183.62419000,0
1752272100000000,161.67000000,161.78000000,159.54000000,160.12000000,129003.34600000,1752272999999999,20712985.45362000,70544,40132.86900000,6446842.52314000,0
1752273000000000,160.12000000,161.42000000,159.73000000,160.94000000,69239.04000000,1752273899999999,11132426.08921000,59949,31865.53400000,5122308.42669000,0
1752273900000000,160.94000000,161.76000000,160.92000000,161.68000000,25701.00100000,1752274799999999,4148499.93960000,22365,8689.78500000,1402727.02075000,0
1752274800000000,161.68000000,162.29000000,161.61000000,162.26000000,38421.68300000,1752275699999999,6224096.98807000,20187,20666.95800000,3348579.07037000,0
1752275700000000,162.25000000,162.71000000,162.00000000,162.57000000,31256.26700000,1752276599999999,5076558.59778000,18931,17519.82000000,2845755.46723000,0
1752276600000000,162.56000000,162.77000000,162.18000000,162.72000000,15544.43100000,1752277499999999,2525719.42392000,15836,6656.00600000,1081258.40927000,0
1752277500000000,162.73000000,163.01000000,162.48000000,162.93000000,16079.16300000,1752278399999999,2618820.10916000,15495,9502.72000000,1547831.47496000,0
1752278400000000,162.92000000,163.37000000,162.60000000,162.73000000,17667.80700000,1752279299999999,2879477.97628000,17022,8977.46800000,1463535.16622000,0
1752279300000000,162.72000000,163.00000000,162.46000000,162.96000000,21491.96800000,1752280199999999,3497131.92939000,16670,9490.64600000,1544735.52872000,0
1752280200000000,162.95000000,162.98000000,161.78000000,161.91000000,36209.40400000,1752281099999999,5872197.61439000,26241,11939.41100000,1934808.33570000,0
1752281100000000,161.92000000,163.03000000,161.86000000,163.01000000,19262.23800000,1752281999999999,3131246.52554000,12333,9142.83800000,1487055.18656000,0
1752282000000000,163.00000000,163.75000000,163.00000000,163.63000000,38811.87700000,1752282899999999,6339330.03773000,16705,29058.49200000,4745086.53553000,0
1752282900000000,163.63000000,163.70000000,163.11000000,163.44000000,12752.53000000,1752283799999999,2084172.47189000,13619,6654.11200000,1087623.01729000,0
1752283800000000,163.44000000,163.67000000,163.34000000,163.57000000,13529.18900000,1752284699999999,2212356.89978000,12856,7919.18100000,1294980.57934000,0
1752284700000000,163.58000000,163.79000000,163.35000000,163.44000000,18563.67200000,1752285599999999,3037479.35450000,9755,13897.01800000,2274027.86627000,0
1752285600000000,163.45000000,163.68000000,163.31000000,163.53000000,12187.10100000,1752286499999999,1992198.61577000,10103,5458.38700000,892335.70645000,0
1752286500000000,163.52000000,163.86000000,163.49000000,163.75000000,12325.59400000,1752287399999999,2017579.60670000,8088,8825.22200000,1444570.08181000,0
1752287400000000,163.75000000,163.90000000,163.38000000,163.52000000,9943.19500000,1752288299999999,1627418.73832000,9316,3609.53300000,590923.94086000,0
1752288300000000,163.53000000,163.58000000,162.85000000,162.97000000,21323.30100000,1752289199999999,3479181.85203000,10121,5838.73900000,952996.28647000,0
1752289200000000,162.96000000,163.45000000,162.84000000,163.37000000,6674.33700000,1752290099999999,1089357.74760000,7962,3177.25700000,518566.23729000,0
1752290100000000,163.38000000,163.64000000,163.37000000,163.49000000,6645.75300000,1752290999999999,1086739.79690000,6001,3523.44100000,576188.13664000,0
1752291000000000,163.50000000,163.64000000,163.28000000,163.53000000,11061.91100000,1752291899999999,1808663.12571000,9270,6933.55300000,1133718.63632000,0
1752291900000000,163.53000000,163.56000000,162.88000000,163.45000000,24867.97700000,1752292799999999,4058751.51992000,12480,9822.91500000,1603106.04777000,0
1752292800000000,163.46000000,163.64000000,163.04000000,163.26000000,10948.45900000,1752293699999999,1787667.97426000,10063,3392.84700000,554215.93870000,0
1752293700000000,163.27000000,163.29000000,162.83000000,163.20000000,28335.23100000,1752294599999999,4619555.27024000,10776,12104.56600000,1973485.67599000,0
1752294600000000,163.20000000,163.20000000,162.62000000,162.84000000,9074.43500000,1752295499999999,1478431.91021000,9702,2931.79900000,477613.08821000,0
1752295500000000,162.83000000,162.87000000,162.21000000,162.51000000,19838.84300000,1752296399999999,3223209.74863000,16292,5532.53800000,898863.77191000,0
1752296400000000,162.52000000,162.73000000,162.03000000,162.18000000,17836.91700000,1752297299999999,2894640.50007000,13188,3284.55700000,533187.39627000,0
1752297300000000,162.18000000,162.87000000,162.08000000,162.79000000,18635.24900000,1752298199999999,3030440.06779000,8429,5543.25600000,901607.43023000,0
1752298200000000,162.80000000,163.08000000,162.66000000,162.94000000,13431.97300000,1752299099999999,2188932.94997000,9805,3445.88100000,561540.52586000,0
1752299100000000,162.94000000,163.19000000,162.80000000,163.02000000,9304.74900000,1752299999999999,1517253.18964000,7737,3276.32800000,534227.13585000,0
1752300000000000,163.01000000,163.13000000,162.46000000,162.56000000,14888.76000000,1752300899999999,2424272.34862000,11782,5191.09700000,845340.81368000,0
1752300900000000,162.57000000,163.15000000,162.46000000,162.96000000,9093.20900000,1752301799999999,1481237.92498000,9729,4244.44200000,691407.18903000,0
1752301800000000,162.96000000,163.40000000,162.78000000,163.39000000,14532.35700000,1752302699999999,2371827.39359000,10288,6867.47300000,1120857.87111000,0
1752302700000000,163.40000000,163.62000000,163.21000000,163.47000000,12949.55500000,1752303599999999,2117268.52864000,9484,6403.04600000,1046891.42734000,0
1752303600000000,163.47000000,163.84000000,163.24000000,163.59000000,14928.04800000,1752304499999999,2441437.90108000,12801,9909.36800000,1620792.59434000,0
1752304500000000,163.59000000,163.77000000,163.23000000,163.62000000,11108.73200000,1752305399999999,1816392.74136000,11317,5815.97900000,951031.21375000,0
1752305400000000,163.63000000,163.66000000,162.76000000,163.06000000,12877.40500000,1752306299999999,2100425.98335000,13278,4126.72500000,673182.35160000,0
1752306300000000,163.06000000,163.28000000,162.75000000,163.22000000,14165.49000000,1752307199999999,2309337.00080000,12551,7669.98500000,1250599.28766000,0
1752307200000000,163.21000000,163.43000000,162.90000000,163.21000000,15008.23500000,1752308099999999,2448489.92744000,11279,5647.19600000,921503.27654000,0
1752308100000000,163.21000000,163.30000000,162.56000000,162.66000000,14598.19900000,1752308999999999,2377879.72032000,15414,6297.39500000,1025672.54774000,0
1752309000000000,162.65000000,162.65000000,162.26000000,162.52000000,31628.15100000,1752309899999999,5136799.74291000,16252,11936.03900000,1938575.46342000,0
1752309900000000,162.51000000,162.75000000,162.16000000,162.65000000,24339.76000000,1752310799999999,3954147.77998000,13476,11273.13300000,1832209.77931000,0
1752310800000000,162.65000000,162.65000000,162.28000000,162.39000000,7760.04600000,1752311699999999,1260360.66515000,14181,2909.93800000,472665.00960000,0
1752311700000000,162.39000000,162.73000000,162.38000000,162.46000000,20603.73700000,1752312599999999,3348946.25659000,9618,7890.46600000,1282646.28976000,0
1752312600000000,162.47000000,162.99000000,162.37000000,162.95000000,10133.20600000,1752313499999999,1648652.17314000,9209,5849.67800000,951753.52528000,0
1752313500000000,162.95000000,162.96000000,162.58000000,162.66000000,9035.86800000,1752314399999999,1470687.94445000,8250,3884.18700000,631992.18282000,0
1752314400000000,162.65000000,162.66000000,162.30000000,162.44000000,9970.02800000,1752315299999999,1619456.75695000,9755,3703.96000000,601627.97353000,0
1752315300000000,162.44000000,162.87000000,162.39000000,162.62000000,10725.59600000,1752316199999999,1744987.00272000,10950,5595.22000000,910291.28880000,0
1752316200000000,162.62000000,162.96000000,162.51000000,162.85000000,11320.44500000,1752317099999999,1842133.57657000,11365,5565.87300000,905775.98891000,0
1752317100000000,162.86000000,163.15000000,162.81000000,163.01000000,14040.92900000,1752317999999999,2288743.20679000,11433,5511.45000000,898459.47095000,0
1752318000000000,163.01000000,163.02000000,162.59000000,162.75000000,12953.39300000,1752318899999999,2108259.70214000,10104,5504.36200000,895977.48946000,0
1752318900000000,162.76000000,162.85000000,162.54000000,162.78000000,8156.90700000,1752319799999999,1327405.21742000,9168,3223.24800000,524514.13478000,0
1752319800000000,162.78000000,162.79000000,161.88000000,161.94000000,25459.16600000,1752320699999999,4130790.11929000,16417,8372.34300000,1358515.00330000,0
1752320700000000,161.95000000,162.19000000,161.41000000,161.62000000,27639.87300000,1752321599999999,4473001.36614000,17789,11791.97000000,1908742.34836000,0
1752321600000000,161.62000000,161.81000000,161.09000000,161.40000000,25233.14200000,1752322499999999,4074240.71619000,19539,11305.24100000,1825458.51715000,0
1752322500000000,161.39000000,161.45000000,160.72000000,160.94000000,49239.55500000,1752323399999999,7930644.84146000,24115,19475.76700000,3136808.09506000,0
1752323400000000,160.95000000,161.23000000,159.84000000,159.90000000,84560.97500000,1752324299999999,13556073.35794000,39143,34784.28900000,5575706.82029000,0
1752324300000000,159.90000000,160.04000000,158.76000000,159.80000000,100722.29700000,1752325199999999,16063075.53679000,47227,49456.04000000,7888225.82684000,0
1752325200000000,159.79000000,159.79000000,159.38000000,159.59000000,44144.18400000,1752326099999999,7044763.54689000,29143,24040.63000000,3836807.49307000,0
1752326100000000,159.59000000,159.60000000,158.82000000,159.00000000,40042.43100000,1752326999999999,6373698.26275000,30622,15171.53300000,2415488.08580000,0
1752327000000000,158.99000000,159.56000000,158.33000000,158.97000000,47548.61300000,1752327899999999,7554668.04026000,34017,21983.65500000,3493079.28437000,0
1752327900000000,158.96000000,159.72000000,158.67000000,159.71000000,56111.92600000,1752328799999999,8930968.90350000,25296,33651.93800000,5355925.38466000,0
1752328800000000,159.72000000,160.49000000,159.31000000,160.34000000,63764.29100000,1752329699999999,10203006.11324000,32124,27623.54000000,4418498.97527000,0
1752329700000000,160.34000000,160.41000000,159.80000000,160.40000000,33049.57800000,1752330599999999,5291818.71230000,22058,13148.68700000,2105460.16028000,0
1752330600000000,160.40000000,160.40000000,159.34000000,159.56000000,41196.66500000,1752331499999999,6583541.31348000,18738,16710.59900000,2671509.45928000,0
1752331500000000,159.57000000,159.65000000,158.86000000,159.13000000,26262.92100000,1752332399999999,4184047.70954000,18839,10234.14400000,1630812.81256000,0
1752332400000000,159.12000000,159.32000000,158.80000000,159.18000000,47398.04900000,1752333299999999,7541003.29039000,26729,22111.42700000,3517695.77146000,0
1752333300000000,159.19000000,159.59000000,158.60000000,158.89000000,53791.21300000,1752334199999999,8554231.43698000,34462,25842.94400000,4109591.42852000,0
1752334200000000,158.88000000,159.14000000,157.83000000,158.09000000,74624.73000000,1752335099999999,11827523.89816000,43774,32323.52600000,5124911.03768000,0
1752335100000000,158.10000000,158.58000000,157.74000000,158.14000000,38836.40400000,1752335999999999,6144024.53052000,34420,19129.73000000,3026572.51139000,0
1752336000000000,158.14000000,159.04000000,157.93000000,158.97000000,52039.56100000,1752336899999999,8242523.60938000,24823,30676.01200000,4859807.66670000,0
1752336900000000,158.96000000,159.34000000,158.76000000,158.92000000,25591.32300000,1752337799999999,4069871.28222000,13960,12571.71400000,1999533.94826000,0
1752337800000000,158.92000000,159.33000000,158.82000000,159.14000000,13781.95700000,1752338699999999,2192252.50085000,12488,7821.40200000,1244129.50640000,0
1752338700000000,159.15000000,159.45000000,158.67000000,158.72000000,20928.80800000,1752339599999999,3330599.50241000,11414,8535.61700000,1358379.45784000,0
1752339600000000,158.72000000,159.47000000,158.67000000,159.37000000,12595.98600000,1752340499999999,2005001.90980000,10808,7714.02400000,1227839.47537000,0
1752340500000000,159.37000000,159.93000000,159.36000000,159.86000000,16191.55300000,1752341399999999,2586431.85061000,11866,12012.96800000,1918845.16489000,0
1752341400000000,159.85000000,160.36000000,159.70000000,160.14000000,23284.57600000,1752342299999999,3727453.93923000,14042,15609.90300000,2499303.18433000,0
1752342300000000,160.14000000,160.62000000,159.93000000,160.45000000,18288.96100000,1752343199999999,2932505.95019000,12059,11951.26900000,1916216.25872000,0
1752343200000000,160.45000000,160.46000000,160.08000000,160.24000000,12041.15600000,1752344099999999,1929664.57499000,9724,6094.15000000,976629.47596000,0
1752344100000000,160.24000000,160.24000000,159.80000000,160.13000000,11469.66100000,1752344999999999,1835025.06418000,9184,5949.53400000,951710.24909000,0
1752345000000000,160.14000000,160.50000000,160.13000000,160.23000000,10375.13900000,1752345899999999,1663688.06147000,9535,4966.72800000,796324.00876000,0
1752345900000000,160.23000000,160.70000000,159.90000000,160.29000000,33391.37200000,1752346799999999,5353091.55161000,18006,16370.36000000,2624255.67870000,0
1752346800000000,160.28000000,160.75000000,160.25000000,160.57000000,15153.77600000,1752347699999999,2433247.66042000,10015,10487.36500000,1683852.70571000,0
1752347700000000,160.56000000,160.68000000,160.22000000,160.23000000,6524.57300000,1752348599999999,1047122.94672000,8513,3374.97600000,541679.04291000,0
1752348600000000,160.22000000,160.66000000,160.22000000,160.59000000,5137.62400000,1752349499999999,824509.52571000,8155,3256.51300000,522608.15434000,0
1752349500000000,160.58000000,160.73000000,160.49000000,160.71000000,12635.49600000,1752350399999999,2029321.54235000,7783,6793.16200000,1091104.65893000,0
1752350400000000,160.71000000,160.78000000,160.35000000,160.39000000,8747.69200000,1752351299999999,1404722.19041000,6248,3337.71100000,536051.71216000,0
1752351300000000,160.39000000,160.51000000,160.03000000,160.34000000,10523.51500000,1752352199999999,1687005.98839000,8411,4829.43000000,774118.19182000,0
1752352200000000,160.34000000,160.38000000,159.80000000,159.96000000,8567.94500000,1752353099999999,1371686.21206000,7808,3937.36900000,630339.66386000,0
1752353100000000,159.95000000,159.95000000,159.00000000,159.00000000,16853.35200000,1752353999999999,2686199.12857000,11425,5236.37400000,834615.20561000,0
1752354000000000,159.00000000,159.69000000,158.94000000,159.12000000,13657.75800000,1752354899999999,2176059.65325000,14204,6503.52900000,1036322.90179000,0
1752354900000000,159.12000000,159.96000000,159.12000000,159.83000000,6415.78700000,1752355799999999,1024220.95833000,8448,3871.93400000,618075.03427000,0
1752355800000000,159.84000000,160.45000000,159.56000000,160.38000000,19226.82700000,1752356699999999,3078027.55331000,10947,10956.49900000,1754096.02819000,0
1752356700000000,160.38000000,160.60000000,160.05000000,160.59000000,14337.43700000,1752357599999999,2299159.25115000,7989,9230.34200000,1480535.55130000,0
1752357600000000,160.60000000,160.66000000,160.05000000,160.31000000,8517.47200000,1752358499999999,1366044.12445000,11200,3584.27900000,574821.77264000,0
1752358500000000,160.32000000,160.43000000,159.62000000,160.42000000,9072.15300000,1752359399999999,1451744.02054000,10713,4084.13300000,653847.81844000,0
1752359400000000,160.43000000,160.56000000,160.27000000,160.33000000,6200.23300000,1752360299999999,994525.94930000,7275,3247.95400000,521000.33389000,0
1752360300000000,160.33000000,160.46000000,159.93000000,160.44000000,7751.43100000,1752361199999999,1241795.48310000,8295,3268.72000000,523738.52214000,0
1752361200000000,160.43000000,160.54000000,159.86000000,160.07000000,6945.61000000,1752362099999999,1112303.49676000,8253,2840.97400000,454893.92656000,0
1752362100000000,160.07000000,160.44000000,160.07000000,160.27000000,3915.80600000,1752362999999999,627673.65107000,5646,1761.15900000,282237.49167000,0
1752363000000000,160.27000000,160.42000000,160.05000000,160.15000000,4298.57400000,1752363899999999,688858.67738000,4916,1885.49800000,302210.10141000,0
1752363900000000,160.15000000,160.94000000,160.08000000,160.69000000,13581.04900000,1752364799999999,2181391.29360000,8717,8777.11500000,1409436.44022000,0
1752364800000000,160.70000000,160.77000000,160.20000000,160.50000000,8361.74600000,1752365699999999,1341628.71738000,8864,4645.59500000,745387.58942000,0
1752365700000000,160.51000000,161.75000000,160.27000000,161.54000000,47161.15500000,1752366599999999,7601390.04592000,21986,31599.36400000,5091269.40739000,0
1752366600000000,161.54000000,161.55000000,160.86000000,161.43000000,13406.84000000,1752367499999999,2161954.46315000,12054,7978.24700000,1286533.79625000,0
1752367500000000,161.44000000,161.44000000,160.82000000,160.89000000,13671.39600000,1752368399999999,2203266.48644000,11321,4471.24800000,720595.73471000,0
1752368400000000,160.89000000,161.28000000,160.88000000,160.94000000,11391.95500000,1752369299999999,1835087.74040000,10227,5309.71500000,855406.78076000,0
1752369300000000,160.95000000,161.28000000,160.75000000,161.10000000,12857.03300000,1752370199999999,2070153.45487000,10067,4665.58800000,751250.12838000,0
1752370200000000,161.11000000,161.44000000,160.87000000,161.41000000,13432.47500000,1752371099999999,2164975.54046000,10381,5786.75900000,932631.22798000,0
1752371100000000,161.42000000,161.75000000,161.33000000,161.50000000,12857.09600000,1752371999999999,2077534.65960000,11361,7492.44400000,1210745.38171000,0
1752372000000000,161.51000000,161.54000000,161.08000000,161.18000000,10562.59800000,1752372899999999,1703911.37540000,9175,4191.73700000,676405.76162000,0
1752372900000000,161.17000000,161.18000000,160.72000000,160.82000000,7115.88000000,1752373799999999,1144839.71797000,7020,2288.64200000,368156.17783000,0
1752373800000000,160.81000000,161.12000000,160.63000000,161.12000000,11011.44700000,1752374699999999,1770410.46190000,8074,6087.64700000,978967.45845000,0
1752374700000000,161.12000000,161.78000000,161.11000000,161.40000000,13081.21600000,1752375599999999,2111988.14188000,10557,7541.04600000,1217465.78743000,0
1752375600000000,161.40000000,161.49000000,160.87000000,160.88000000,8298.01700000,1752376499999999,1336694.92209000,6300,2382.54600000,383826.04653000,0
1752376500000000,160.88000000,161.16000000,160.84000000,161.05000000,8516.87300000,1752377399999999,1371352.85266000,6771,3674.63000000,591677.75367000,0
1752377400000000,161.04000000,161.37000000,160.99000000,161.18000000,9968.43100000,1752378299999999,1606850.11393000,7726,5343.60000000,861321.30453000,0
1752378300000000,161.17000000,161.37000000,161.01000000,161.21000000,4733.63800000,1752379199999999,763328.55275000,6397,2118.07100000,341527.42084000,0
1752379200000000,161.21000000,161.60000000,161.04000000,161.37000000,21943.92400000,1752380099999999,3540463.53719000,11670,10073.69300000,1625785.31498000,0
1752380100000000,161.36000000,162.04000000,161.25000000,161.70000000,18607.12800000,1752380999999999,3008029.57381000,15895,9879.14900000,1597280.39497000,0
1752381000000000,161.70000000,162.04000000,161.63000000,161.78000000,14235.31900000,1752381899999999,2303709.72909000,11157,5628.49500000,910905.41344000,0
1752381900000000,161.78000000,162.13000000,161.78000000,161.96000000,11030.91800000,1752382799999999,1787089.36811000,7901,5559.72600000,900780.00271000,0
1752382800000000,161.96000000,162.24000000,161.58000000,161.91000000,14736.65400000,1752383699999999,2385843.80165000,11646,8488.42700000,1373922.85052000,0
1752383700000000,161.91000000,162.03000000,161.60000000,162.01000000,5491.65300000,1752384599999999,888371.36012000,8006,2852.76500000,461513.22516000,0
1752384600000000,162.01000000,162.22000000,161.77000000,161.80000000,13614.65300000,1752385499999999,2205076.92743000,10200,5028.90700000,814777.54563000,0
1752385500000000,161.81000000,161.83000000,161.30000000,161.35000000,11164.18200000,1752386399999999,1803312.43488000,9998,3532.67400000,570627.09066000,0
1752386400000000,161.35000000,161.68000000,161.26000000,161.61000000,8734.92500000,1752387299999999,1410734.52979000,5514,3724.59200000,601563.25075000,0
1752387300000000,161.62000000,161.86000000,161.55000000,161.81000000,9165.22700000,1752388199999999,1482113.28712000,6872,3245.40100000,524846.21487000,0
1752388200000000,161.82000000,162.17000000,161.78000000,161.89000000,17347.34200000,1752389099999999,2810489.97699000,9008,8745.27100000,1416788.92185000,0
1752389100000000,161.89000000,161.90000000,161.52000000,161.58000000,13400.91200000,1752389999999999,2166483.17960000,6350,8318.16200000,1344941.46142000,0
1752390000000000,161.59000000,162.07000000,161.44000000,162.00000000,11241.79600000,1752390899999999,1817294.89889000,8056,4173.67000000,674972.33404000,0
1752390900000000,162.01000000,162.18000000,161.96000000,162.02000000,16647.86000000,1752391799999999,2698167.24282000,7074,6000.47400000,972626.31166000,0
1752391800000000,162.01000000,162.56000000,161.98000000,162.34000000,20180.81300000,1752392699999999,3275753.77274000,10968,8725.31200000,1416303.46315000,0
1752392700000000,162.33000000,162.98000000,162.30000000,162.67000000,33396.52600000,1752393599999999,5431544.75013000,9450,22231.23000000,3616989.10849000,0
1752393600000000,162.67000000,162.74000000,162.25000000,162.50000000,29863.76000000,1752394499999999,4849146.43773000,9168,17551.28600000,2849544.71835000,0
1752394500000000,162.50000000,162.51000000,162.11000000,162.39000000,8240.95400000,1752395399999999,1337109.83938000,8583,2431.42300000,394539.28360000,0
1752395400000000,162.39000000,162.49000000,162.03000000,162.06000000,6170.39500000,1752396299999999,1001120.60144000,6335,2224.78400000,360981.62686000,0
1752396300000000,162.06000000,162.22000000,161.66000000,162.22000000,9745.84200000,1752397199999999,1577699.77873000,7918,5191.64100000,840390.90247000,0
1752397200000000,162.22000000,162.49000000,162.22000000,162.26000000,6837.86300000,1752398099999999,1110135.70856000,5901,3044.61800000,494322.00440000,0
1752398100000000,162.26000000,162.28000000,161.80000000,162.03000000,8062.16900000,1752398999999999,1306412.30984000,7599,3347.26100000,542411.11646000,0
1752399000000000,162.03000000,162.03000000,161.57000000,161.85000000,9151.70400000,1752399899999999,1480186.85194000,9187,4104.78500000,663866.70698000,0
1752399900000000,161.85000000,161.95000000,161.65000000,161.89000000,5483.32100000,1752400799999999,887437.79689000,6607,2890.97300000,467892.16648000,0
1752400800000000,161.89000000,162.09000000,161.88000000,161.91000000,5973.06600000,1752401699999999,967575.88746000,6190,2278.49800000,369078.43097000,0
1752401700000000,161.91000000,161.96000000,161.70000000,161.78000000,8205.85800000,1752402599999999,1327874.23854000,4590,3400.47600000,550217.96754000,0
1752402600000000,161.78000000,161.93000000,161.64000000,161.84000000,5670.12000000,1752403499999999,917407.56013000,4558,2203.03800000,356444.76946000,0
1752403500000000,161.84000000,161.91000000,161.58000000,161.82000000,8985.72700000,1752404399999999,1453668.89476000,6147,6368.35200000,1030301.68006000,0
1752404400000000,161.82000000,162.55000000,161.81000000,162.52000000,12653.39600000,1752405299999999,2054492.58902000,8429,5892.96700000,956624.90458000,0
1752405300000000,162.52000000,162.72000000,162.13000000,162.47000000,13124.66400000,1752406199999999,2131489.11393000,10944,7438.74700000,1208077.00079000,0
1752406200000000,162.46000000,162.47000000,161.76000000,161.81000000,21667.71200000,1752407099999999,3512915.96377000,16789,8176.43000000,1325545.01960000,0
1752407100000000,161.82000000,162.08000000,161.71000000,162.06000000,9965.64500000,1752407999999999,1613381.79116000,9983,5374.97200000,870184.12716000,0
1752408000000000,162.06000000,162.09000000,161.81000000,161.90000000,13117.06900000,1752408899999999,2124181.09219000,10128,7033.04200000,1138895.21321000,0
1752408900000000,161.90000000,162.28000000,161.84000000,162.16000000,13399.42200000,1752409799999999,2172437.39194000,8881,9316.13400000,1510440.49267000,0
1752409800000000,162.17000000,162.17000000,161.79000000,162.16000000,19581.48700000,1752410699999999,3172600.13793000,10510,11953.57800000,1936622.45794000,0
1752410700000000,162.16000000,162.91000000,161.93000000,162.66000000,37855.18900000,1752411599999999,6156277.37822000,20083,19651.10000000,3195573.22590000,0
1752411600000000,162.67000000,162.83000000,161.94000000,162.08000000,22414.82000000,1752412499999999,3642486.83632000,17283,9656.87700000,1569458.59969000,0
1752412500000000,162.09000000,162.35000000,161.97000000,162.18000000,18086.00000000,1752413399999999,2933132.11356000,11849,10701.44400000,1735606.63704000,0
1752413400000000,162.19000000,162.73000000,162.17000000,162.67000000,18670.46900000,1752414299999999,3034317.09094000,11880,9293.50200000,1510326.87803000,0
1752414300000000,162.66000000,162.99000000,162.48000000,162.91000000,24265.67400000,1752415199999999,3950659.61913000,17181,12347.62300000,2010230.70838000,0
1752415200000000,162.92000000,163.25000000,162.65000000,163.07000000,19795.41000000,1752416099999999,3225661.56697000,15975,11326.42900000,1845902.92305000,0
1752416100000000,163.07000000,164.19000000,163.04000000,163.89000000,115694.43500000,1752416999999999,18949308.33706000,52232,49586.91800000,8120849.16924000,0
1752417000000000,163.90000000,163.90000000,162.93000000,162.97000000,31206.24900000,1752417899999999,5101811.21680000,27769,12458.90400000,2037140.76819000,0
1752417900000000,162.98000000,163.43000000,162.36000000,162.80000000,37015.28500000,1752418799999999,6024590.51283000,35130,14716.08800000,2395421.55942000,0
1752418800000000,162.81000000,163.40000000,162.42000000,163.26000000,22919.80900000,1752419699999999,3735046.22160000,23326,11972.21400000,1951196.62291000,0
1752419700000000,163.27000000,163.49000000,162.67000000,162.98000000,17581.90000000,1752420599999999,2868998.59987000,17167,8511.68200000,1389116.64571000,0
1752420600000000,162.97000000,162.97000000,161.93000000,162.17000000,28337.89100000,1752421499999999,4599459.34203000,22889,9053.11100000,1469973.08510000,0
1752421500000000,162.16000000,162.29000000,161.87000000,162.04000000,20842.68900000,1752422399999999,3378979.28290000,13454,11964.45000000,1939611.84518000,0
1752422400000000,162.04000000,162.44000000,161.66000000,161.96000000,43161.43300000,1752423299999999,6994908.16398000,21001,27106.40900000,4392941.04430000,0
1752423300000000,161.96000000,162.44000000,161.88000000,162.12000000,29991.25500000,1752424199999999,4863571.41051000,17374,21743.86700000,3526043.08599000,0
1752424200000000,162.11000000,162.11000000,161.60000000,161.76000000,32049.31200000,1752425099999999,5185959.85850000,14551,22169.14300000,3586985.76739000,0
1752425100000000,161.76000000,161.76000000,160.87000000,160.93000000,47148.40800000,1752425999999999,7600537.15610000,28083,26192.38400000,4222548.24380000,0
1752426000000000,160.93000000,161.39000000,160.53000000,161.21000000,26497.39400000,1752426899999999,4265533.66120000,20875,16330.16600000,2629611.75053000,0
1752426900000000,161.20000000,161.88000000,161.09000000,161.82000000,26836.09700000,1752427799999999,4332155.76404000,13289,21214.75900000,3423993.89790000,0
1752427800000000,161.82000000,162.44000000,161.77000000,162.33000000,21138.06900000,1752428699999999,3429471.83939000,14309,12247.32000000,1986942.31900000,0
1752428700000000,162.33000000,162.79000000,162.33000000,162.67000000,16553.30000000,1752429599999999,2691138.64555000,13865,8195.14600000,1332329.20964000,0
1752429600000000,162.68000000,162.90000000,162.38000000,162.65000000,12977.94200000,1752430499999999,2110140.66698000,15417,7162.67000000,1164590.77021000,0
1752430500000000,162.65000000,163.25000000,162.62000000,163.09000000,39926.03900000,1752431399999999,6508942.78610000,17486,19850.26500000,3236112.85464000,0
1752431400000000,163.09000000,163.29000000,162.82000000,162.89000000,25012.06300000,1752432299999999,4077980.67781000,14083,9581.56800000,1562144.16705000,0
1752432300000000,162.89000000,163.24000000,162.66000000,163.08000000,18590.49100000,1752433199999999,3029283.98676000,10556,8021.76600000,1307260.23222000,0
1752433200000000,163.08000000,163.10000000,162.75000000,162.90000000,14441.05800000,1752434099999999,2352654.45892000,8733,4916.23500000,800819.48690000,0
1752434100000000,162.90000000,163.39000000,162.80000000,163.29000000,29114.17200000,1752434999999999,4748808.88735000,9290,19023.33400000,3102593.20507000,0
1752435000000000,163.30000000,163.55000000,162.96000000,162.98000000,25593.06300000,1752435899999999,4176987.68436000,20887,10718.24700000,1749799.80999000,0
1752435900000000,162.99000000,163.24000000,162.52000000,162.54000000,14167.35600000,1752436799999999,2307148.56571000,13043,5907.33600000,961954.11386000,0
1752436800000000,162.53000000,162.69000000,161.97000000,162.44000000,16580.59400000,1752437699999999,2690328.04642000,17349,7272.00900000,1179958.98216000,0
1752437700000000,162.44000000,162.88000000,162.44000000,162.86000000,11341.80600000,1752438599999999,1845694.37928000,9322,7168.10900000,1166526.60001000,0
1752438600000000,162.85000000,163.06000000,162.81000000,162.84000000,12267.00200000,1752439499999999,1999177.09886000,9129,5223.69000000,851327.24817000,0
1752439500000000,162.84000000,162.87000000,162.44000000,162.57000000,7072.36800000,1752440399999999,1149972.75963000,8183,3468.61700000,563925.03819000,0
1752440400000000,162.56000000,162.56000000,161.99000000,162.00000000,16113.82500000,1752441299999999,2615570.17010000,8505,8978.42900000,1457873.84693000,0
1752441300000000,162.00000000,162.06000000,161.76000000,161.89000000,25902.43800000,1752442199999999,4193855.37937000,8721,19629.58500000,3178138.60191000,0
1752442200000000,161.89000000,161.89000000,160.14000000,160.91000000,73806.04400000,1752443099999999,11876686.52883000,26400,40434.47300000,6504191.25824000,0
1752443100000000,160.91000000,161.30000000,160.39000000,160.56000000,37273.64300000,1752443999999999,5994511.27853000,17004,23982.00900000,3856545.53795000,0
1752444000000000,160.55000000,160.75000000,159.89000000,160.16000000,58292.82300000,1752444899999999,9338369.73305000,33858,18605.55700000,2981710.31078000,0
1752444900000000,160.15000000,160.48000000,159.63000000,160.12000000,38545.77300000,1752445799999999,6167422.64741000,27701,11754.99900000,1881074.96202000,0
1752445800000000,160.12000000,161.08000000,160.09000000,160.98000000,22938.56600000,1752446699999999,3685699.16229000,14621,12381.57500000,1989671.74663000,0
1752446700000000,160.98000000,161.06000000,160.73000000,160.80000000,13800.48100000,1752447599999999,2220978.69556000,10485,6545.85600000,1053534.85687000,0
1752447600000000,160.79000000,161.08000000,160.39000000,160.65000000,18418.05700000,1752448499999999,2960404.80464000,12288,9076.18300000,1458855.81657000,0
1752448500000000,160.66000000,160.99000000,160.30000000,160.44000000,25341.16600000,1752449399999999,4072957.40401000,13587,12776.92200000,2053358.57632000,0
1752449400000000,160.44000000,161.05000000,160.44000000,160.90000000,13646.00200000,1752450299999999,2193794.85685000,12089,6644.01000000,1067967.58324000,0
1752450300000000,160.89000000,161.46000000,160.85000000,161.15000000,37254.18900000,1752451199999999,6006548.72205000,18114,17643.79700000,2844482.05976000,0
1752451200000000,161.15000000,161.28000000,160.61000000,161.28000000,24562.22000000,1752452099999999,3951289.01291000,16102,11733.16700000,1887645.71977000,0
1752452100000000,161.27000000,161.90000000,161.13000000,161.52000000,24914.57900000,1752452999999999,4022155.31201000,17743,16453.87200000,2656007.82519000,0
1752453000000000,161.51000000,162.30000000,161.24000000,162.24000000,16983.35600000,1752453899999999,2747018.38319000,18029,10069.75600000,1628869.62141000,0
1752453900000000,162.24000000,162.30000000,161.48000000,161.63000000,19056.47200000,1752454799999999,3085705.29505000,12183,8147.71100000,1320030.60959000,0
1752454800000000,161.64000000,162.18000000,161.50000000,161.90000000,14832.60600000,1752455699999999,2400426.86513000,15807,8690.49800000,1406362.39159000,0
1752455700000000,161.89000000,162.28000000,161.85000000,161.92000000,22657.57100000,1752456599999999,3672022.44020000,19475,10550.99900000,1709830.45492000,0
1752456600000000,161.93000000,162.74000000,161.74000000,162.48000000,19696.69700000,1752457499999999,3198225.64687000,18553,10840.76800000,1760638.09848000,0
1752457500000000,162.49000000,162.86000000,162.18000000,162.80000000,16538.48400000,1752458399999999,2688964.26710000,12624,9038.84300000,1469607.34365000,0
1752458400000000,162.80000000,163.40000000,162.61000000,163.34000000,32529.27900000,1752459299999999,5302462.56066000,16922,16039.63100000,2614825.10549000,0
1752459300000000,163.33000000,164.43000000,163.30000000,164.20000000,67573.19000000,1752460199999999,11075169.11730000,28008,30907.06600000,5066947.31240000,0
1752460200000000,164.20000000,164.64000000,163.86000000,164.54000000,51914.10600000,1752461099999999,8526633.74455000,23464,19582.95900000,3217031.99333000,0
1752461100000000,164.54000000,165.48000000,164.51000000,164.91000000,97153.19200000,1752461999999999,16028608.75196000,40132,58523.97100000,9657075.83595000,0
1752462000000000,164.90000000,165.77000000,164.70000000,165.68000000,59121.89600000,1752462899999999,9770292.20146000,26197,31400.18100000,5189320.62345000,0
1752462900000000,165.69000000,166.70000000,165.56000000,166.35000000,104484.81200000,1752463799999999,17358104.36952000,36694,56283.02400000,9354559.32255000,0
1752463800000000,166.34000000,168.20000000,166.10000000,168.15000000,146518.14300000,1752464699999999,24521997.98738000,56980,79671.80200000,13336111.53691000,0
1752464700000000,168.16000000,168.20000000,166.75000000,167.11000000,125683.50000000,1752465599999999,21021529.99899000,50393,66313.05100000,11090521.70826000,0
1752465600000000,167.11000000,167.68000000,166.78000000,167.42000000,85626.26900000,1752466499999999,14319242.89261000,31027,36490.24100000,6101562.94800000,0
1752466500000000,167.42000000,167.93000000,167.33000000,167.37000000,54107.97500000,1752467399999999,9067725.35679000,24610,22040.40500000,3693375.65679000,0
1752467400000000,167.37000000,167.80000000,167.12000000,167.67000000,57004.54700000,1752468299999999,9547919.55462000,19523,21861.30800000,3661676.49802000,0
1752468300000000,167.67000000,167.81000000,167.39000000,167.52000000,31481.29000000,1752469199999999,5274876.88513000,18625,11762.73800000,1970937.29515000,0
1752469200000000,167.53000000,168.15000000,166.93000000,167.63000000,56713.21500000,1752470099999999,9501822.64285000,23134,26046.21300000,4365844.73005000,0
1752470100000000,167.63000000,168.63000000,167.11000000,168.43000000,105969.26700000,1752470999999999,17761594.41816000,36036,70319.16900000,11785241.48457000,0
1752471000000000,168.43000000,168.65000000,166.80000000,166.93000000,62055.34100000,1752471899999999,10410993.24067000,42560,22090.05500000,3708190.68947000,0
1752471900000000,166.93000000,167.25000000,165.47000000,166.79000000,87495.49100000,1752472799999999,14558522.45817000,40183,37117.75800000,6176525.74934000,0
1752472800000000,166.80000000,166.83000000,165.57000000,165.94000000,47933.97200000,1752473699999999,7962039.96879000,31240,14350.98100000,2384277.49352000,0
1752473700000000,165.93000000,166.45000000,165.87000000,166.32000000,33459.76200000,1752474599999999,5559200.57472000,19634,15720.76400000,2611886.25235000,0
1752474600000000,166.32000000,166.32000000,165.83000000,166.00000000,24518.78900000,1752475499999999,4071735.79509000,19983,8856.35800000,1470894.81568000,0
1752475500000000,166.00000000,166.09000000,165.37000000,165.71000000,30819.10900000,1752476399999999,5107707.53468000,20528,12903.47000000,2138069.91080000,0
1752476400000000,165.71000000,166.37000000,165.68000000,166.24000000,21543.59900000,1752477299999999,3577368.91912000,17368,11156.98400000,1852689.52364000,0
1752477300000000,166.23000000,166.29000000,165.71000000,166.00000000,10573.67500000,1752478199999999,1755543.65909000,14310,5262.46600000,873735.07186000,0
1752478200000000,165.99000000,167.00000000,165.95000000,166.64000000,52121.12600000,1752479099999999,8685180.37635000,25644,27576.71600000,4595249.00661000,0
1752479100000000,166.64000000,168.37000000,166.36000000,167.25000000,83916.06300000,1752479999999999,14055426.38984000,34163,42764.14300000,7165462.18377000,0
1752480000000000,167.26000000,167.47000000,166.48000000,166.59000000,41086.17200000,1752480899999999,6853071.13963000,26161,13731.45800000,2290903.48805000,0
1752480900000000,166.59000000,166.99000000,166.04000000,166.27000000,28653.22800000,1752481799999999,4768796.57078000,16962,10325.35500000,1718597.56060000,0
1752481800000000,166.28000000,166.74000000,166.13000000,166.70000000,34173.24300000,1752482699999999,5686211.67611000,14720,12999.63000000,2163920.29398000,0
1752482700000000,166.71000000,167.52000000,166.42000000,167.46000000,39495.53200000,1752483599999999,6598452.32756000,23378,20247.98300000,3383207.11522000,0
1752483600000000,167.46000000,167.84000000,167.06000000,167.40000000,30765.34800000,1752484499999999,5152724.26379000,21948,16240.75900000,2719979.43483000,0
1752484500000000,167.39000000,167.79000000,167.07000000,167.23000000,29581.20600000,1752485399999999,4951682.76783000,24893,10976.72200000,1837645.63845000,0
1752485400000000,167.22000000,168.11000000,167.10000000,167.81000000,33028.90900000,1752486299999999,5536962.34161000,23445,18199.81400000,3051423.48265000,0
1752486300000000,167.82000000,168.15000000,167.28000000,167.38000000,29640.32100000,1752487199999999,4970501.05454000,24678,11594.72200000,1944853.74670000,0
1752487200000000,167.39000000,167.39000000,166.47000000,167.23000000,35603.66000000,1752488099999999,5940585.92419000,27923,15078.70100000,2516297.91133000,0
1752488100000000,167.24000000,167.47000000,166.92000000,167.35000000,21403.45900000,1752488999999999,3577871.61782000,20491,11802.20200000,1973094.67585000,0
1752489000000000,167.36000000,167.66000000,166.98000000,167.25000000,31941.90800000,1752489899999999,5343905.86330000,23715,18590.72300000,3110284.56226000,0
1752489900000000,167.25000000,167.66000000,167.10000000,167.58000000,31774.23500000,1752490799999999,5317775.08850000,16236,19554.17900000,3272528.69071000,0
1752490800000000,167.59000000,167.67000000,167.09000000,167.34000000,36476.35100000,1752491699999999,6104749.30949000,20304,17997.63500000,3012092.97628000,0
1752491700000000,167.34000000,167.47000000,166.68000000,166.91000000,45524.57700000,1752492599999999,7606264.11141000,28332,22578.72600000,3772582.76163000,0
1752492600000000,166.90000000,167.07000000,166.31000000,167.07000000,25716.18600000,1752493499999999,4287886.57163000,24474,13180.05300000,2198038.20202000,0
1752493500000000,167.08000000,167.23000000,166.53000000,166.53000000,18542.90400000,1752494399999999,3094975.09669000,16518,7037.57600000,1175067.41613000,0
1752494400000000,166.53000000,167.36000000,166.40000000,167.28000000,22134.44400000,1752495299999999,3693927.80473000,19777,12217.51400000,2039553.66699000,0
1752495300000000,167.27000000,167.39000000,166.66000000,166.91000000,35836.55100000,1752496199999999,5986673.71485000,20669,17060.11500000,2849048.91266000,0
1752496200000000,166.91000000,167.11000000,166.47000000,166.90000000,23906.44200000,1752497099999999,3987449.07304000,20553,12465.34700000,2079114.39939000,0
1752497100000000,166.90000000,166.99000000,166.52000000,166.93000000,13865.01700000,1752497999999999,2312749.26786000,15268,5983.92800000,998274.77253000,0
1752498000000000,166.92000000,167.52000000,166.87000000,167.38000000,36603.79100000,1752498899999999,6124102.81293000,16274,18540.48000000,3101644.41276000,0
1752498900000000,167.37000000,167.50000000,166.57000000,166.94000000,21265.19200000,1752499799999999,3549586.70497000,15222,10465.99600000,1746933.62447000,0
1752499800000000,166.94000000,167.13000000,166.17000000,167.12000000,49596.59600000,1752500699999999,8273408.04325000,46824,22927.69900000,3826030.57414000,0
1752500700000000,167.13000000,168.52000000,167.11000000,167.93000000,91433.98400000,1752501599999999,15357606.61856000,50597,48787.23400000,8194447.67349000,0
1752501600000000,167.94000000,168.60000000,167.32000000,168.16000000,91042.44200000,1752502499999999,15302553.25383000,39592,59151.65000000,9944489.16033000,0
1752502500000000,168.17000000,168.55000000,166.50000000,167.10000000,61731.18900000,1752503399999999,10351514.57651000,48513,23822.02700000,3998271.26809000,0
1752503400000000,167.11000000,167.15000000,165.79000000,166.41000000,75073.74600000,1752504299999999,12476018.70764000,60114,24286.60800000,4037465.95811000,0
1752504300000000,166.41000000,166.75000000,165.43000000,166.71000000,55541.32500000,1752505199999999,9230874.82593000,38915,25859.86800000,4298623.73984000,0
1752505200000000,166.70000000,166.71000000,164.94000000,165.44000000,66183.53800000,1752506099999999,10947710.81445000,44853,24535.86000000,4058892.47529000,0
1752506100000000,165.44000000,165.51000000,164.46000000,165.16000000,63537.63100000,1752506999999999,10478286.11173000,45912,23262.55500000,3837257.81812000,0
1752507000000000,165.17000000,165.22000000,164.49000000,164.87000000,31777.82100000,1752507899999999,5237652.36081000,25716,12655.42000000,2085632.85309000,0
1752507900000000,164.87000000,164.88000000,163.04000000,163.96000000,82064.42000000,1752508799999999,13429541.19165000,59509,30630.57500000,5011494.32468000,0
1752508800000000,163.96000000,164.10000000,163.29000000,163.43000000,35089.50800000,1752509699999999,5742817.27104000,35843,17403.46800000,2848436.94295000,0
1752509700000000,163.42000000,164.87000000,163.32000000,164.73000000,66508.68100000,1752510599999999,10933448.86246000,36976,39096.46300000,6424563.83080000,0
1752510600000000,164.73000000,165.03000000,164.24000000,164.64000000,48455.12700000,1752511499999999,7980811.65440000,25623,29917.98100000,4928539.95655000,0
1752511500000000,164.64000000,165.35000000,164.32000000,165.26000000,50325.15400000,1752512399999999,8304026.58777000,22802,30876.80700000,5094304.37085000,0
1752512400000000,165.26000000,165.26000000,164.69000000,164.82000000,28229.18200000,1752513299999999,4655886.96086000,19893,13809.03900000,2277697.04406000,0
1752513300000000,164.81000000,164.90000000,163.97000000,164.06000000,60618.24900000,1752514199999999,9973064.09651000,23453,34487.81800000,5674705.07445000,0
1752514200000000,164.07000000,164.43000000,163.49000000,163.66000000,32822.88000000,1752515099999999,5376130.50756000,25476,9455.82800000,1549447.88456000,0
1752515100000000,163.67000000,164.35000000,163.62000000,164.35000000,17959.68900000,1752515999999999,2945976.56638000,17196,11554.01400000,1895134.92274000,0
1752516000000000,164.35000000,164.40000000,163.78000000,164.23000000,16507.92800000,1752516899999999,2708755.80800000,17538,6292.46900000,1032688.78890000,0
1752516900000000,164.23000000,164.50000000,163.79000000,164.15000000,16294.76600000,1752517799999999,2674884.30068000,20402,10028.12000000,1646050.31895000,0
1752517800000000,164.14000000,164.33000000,163.10000000,163.93000000,17504.78000000,1752518699999999,2866787.70333000,21910,5621.37900000,920737.48897000,0
1752518700000000,163.94000000,163.97000000,162.62000000,162.72000000,36565.01100000,1752519599999999,5965734.04939000,26316,13004.02800000,2121308.55801000,0
1752519600000000,162.72000000,163.55000000,162.42000000,163.18000000,26186.45700000,1752520499999999,4268059.05981000,21569,11632.32000000,1897002.40258000,0
1752520500000000,163.18000000,163.69000000,162.90000000,163.59000000,11789.75200000,1752521399999999,1926229.36818000,13110,4417.25300000,721799.07989000,0
1752521400000000,163.60000000,164.06000000,163.59000000,163.80000000,12466.06200000,1752522299999999,2042258.07480000,16093,5005.39500000,819980.77350000,0
1752522300000000,163.79000000,164.36000000,163.59000000,164.30000000,59817.80800000,1752523199999999,9816185.96630000,24652,39281.25100000,6447067.76045000,0
1752523200000000,164.31000000,164.31000000,162.80000000,162.82000000,26120.98500000,1752524099999999,4266545.66767000,24158,10605.11100000,1731735.44904000,0
1752524100000000,162.82000000,163.06000000,161.98000000,163.03000000,47138.10300000,1752524999999999,7661808.98795000,35188,22716.55800000,3694258.32452000,0
1752525000000000,163.03000000,163.45000000,162.85000000,163.37000000,31812.71700000,1752525899999999,5192335.61068000,18192,23838.09200000,3891082.86228000,0
1752525900000000,163.37000000,163.54000000,162.96000000,162.96000000,21958.84700000,1752526799999999,3586569.60187000,17186,10912.93300000,1782465.16177000,0
1752526800000000,162.96000000,162.96000000,162.43000000,162.50000000,37793.10600000,1752527699999999,6147582.32756000,16500,9152.38500000,1488890.06294000,0
1752527700000000,162.51000000,162.79000000,162.24000000,162.61000000,23532.85300000,1752528599999999,3823960.63101000,19721,15761.77700000,2561439.97886000,0
1752528600000000,162.62000000,162.83000000,162.47000000,162.64000000,13483.38600000,1752529499999999,2193768.46164000,8106,9782.79600000,1591621.91401000,0
1752529500000000,162.63000000,162.83000000,162.17000000,162.51000000,17868.68800000,1752530399999999,2904013.96206000,11857,11053.24000000,1796342.24037000,0
1752530400000000,162.52000000,162.52000000,161.76000000,162.11000000,40592.64800000,1752531299999999,6576952.26410000,24369,21566.97500000,3493966.27066000,0
1752531300000000,162.11000000,162.61000000,161.99000000,162.53000000,27680.72300000,1752532199999999,4490289.12655000,12499,20274.80300000,3288918.28400000,0
1752532200000000,162.52000000,162.67000000,162.31000000,162.61000000,19933.29000000,1752533099999999,3238865.60835000,9045,15952.90500000,2592022.27619000,0
1752533100000000,162.61000000,162.75000000,162.27000000,162.30000000,22737.46600000,1752533999999999,3695685.78740000,9650,16960.56900000,2756806.13696000,0
1752534000000000,162.30000000,162.30000000,161.98000000,162.12000000,28691.31100000,1752534899999999,4651472.24139000,9012,17168.23300000,2783517.70089000,0
1752534900000000,162.11000000,162.11000000,161.67000000,161.96000000,22061.28800000,1752535799999999,3571716.37767000,11847,12838.44000000,2078434.30214000,0
1752535800000000,161.97000000,162.24000000,161.85000000,162.22000000,13690.50200000,1752536699999999,2219119.75475000,11078,8559.89200000,1387461.20953000,0
1752536700000000,162.22000000,162.42000000,162.10000000,162.21000000,16908.62500000,1752537599999999,2743905.13024000,10773,11160.69800000,1811003.81631000,0
1752537600000000,162.21000000,162.27000000,161.88000000,161.94000000,18571.75300000,1752538499999999,3009483.12609000,13198,10790.64800000,1748550.00068000,0
1752538500000000,161.95000000,162.89000000,161.86000000,162.74000000,20695.67400000,1752539399999999,3362976.68581000,14284,13331.34900000,2166388.76565000,0
1752539400000000,162.74000000,162.74000000,161.24000000,161.63000000,27625.42500000,1752540299999999,4474619.40165000,22589,12440.45500000,2016778.21122000,0
1752540300000000,161.64000000,161.78000000,161.06000000,161.40000000,31466.49400000,1752541199999999,5076770.31463000,21701,8478.91200000,1368724.97692000,0
1752541200000000,161.40000000,161.41000000,160.53000000,160.76000000,56566.85900000,1752542099999999,9103442.45944000,29032,11330.68400000,1823024.82314000,0
1752542100000000,160.76000000,161.43000000,160.34000000,161.03000000,26406.79000000,1752542999999999,4245953.94674000,29807,10186.36400000,1638952.35458000,0
1752543000000000,161.02000000,161.98000000,160.90000000,161.92000000,30591.08900000,1752543899999999,4943218.41858000,18696,15260.77600000,2465878.43975000,0
1752543900000000,161.92000000,162.37000000,160.78000000,161.11000000,26202.94800000,1752544799999999,4239523.97444000,26664,11746.31500000,1901682.44732000,0
1752544800000000,161.11000000,161.53000000,160.83000000,161.05000000,19892.35800000,1752545699999999,3205930.21395000,34104,10175.46600000,1640061.75304000,0
1752545700000000,161.05000000,161.16000000,159.23000000,159.36000000,94074.60600000,1752546599999999,15046818.69613000,67173,30474.60400000,4874660.07784000,0
1752546600000000,159.37000000,160.51000000,159.11000000,160.50000000,87829.72700000,1752547499999999,14023325.89509000,45242,32011.34100000,5113975.02005000,0
1752547500000000,160.50000000,160.80000000,160.40000000,160.58000000,47929.18000000,1752548399999999,7695959.73881000,20816,13652.58900000,2192036.19257000,0
1752548400000000,160.57000000,160.68000000,158.72000000,159.09000000,86364.49800000,1752549299999999,13768009.02287000,57343,23844.16800000,3800180.81772000,0
1752549300000000,159.09000000,159.34000000,158.17000000,159.25000000,58237.04400000,1752550199999999,9242324.74903000,50022,25565.64600000,4058580.20112000,0
1752550200000000,159.25000000,159.63000000,158.61000000,159.39000000,43669.76500000,1752551099999999,6949219.01077000,38219,18733.74300000,2981171.39885000,0
1752551100000000,159.40000000,159.62000000,158.70000000,159.15000000,24778.90000000,1752551999999999,3944552.02511000,18467,8933.88000000,1422474.25418000,0
1752552000000000,159.14000000,159.30000000,158.26000000,159.27000000,35492.56400000,1752552899999999,5632709.46201000,29544,14134.70300000,2243172.52503000,0
1752552900000000,159.28000000,160.07000000,159.28000000,159.91000000,31509.24800000,1752553799999999,5035426.94976000,21058,20472.20200000,3271941.35941000,0
1752553800000000,159.91000000,160.21000000,159.46000000,160.10000000,24161.92600000,1752554699999999,3863729.25934000,17574,12846.41800000,2054391.43679000,0
1752554700000000,160.10000000,160.24000000,159.80000000,160.11000000,19281.91100000,1752555599999999,3085178.51065000,12722,8704.58300000,1392859.40895000,0
1752555600000000,160.11000000,160.55000000,160.07000000,160.48000000,16795.70700000,1752556499999999,2693464.19182000,9666,10385.47900000,1665621.61742000,0
1752556500000000,160.48000000,160.49000000,160.20000000,160.40000000,12698.22200000,1752557399999999,2036050.17113000,10492,4604.76300000,738370.13532000,0
1752557400000000,160.40000000,160.41000000,159.84000000,160.06000000,19242.72900000,1752558299999999,3079835.28643000,15967,9506.90100000,1521412.80939000,0
1752558300000000,160.06000000,160.33000000,159.82000000,160.26000000,9661.83200000,1752559199999999,1546324.89386000,8353,4880.48000000,781240.68842000,0
1752559200000000,160.25000000,160.87000000,160.02000000,160.54000000,25818.09200000,1752560099999999,4142343.57701000,16991,15262.77600000,2449538.78735000,0
1752560100000000,160.53000000,160.74000000,160.30000000,160.46000000,33044.32500000,1752560999999999,5304820.68411000,12032,19468.56700000,3125673.60398000,0
1752561000000000,160.46000000,160.67000000,160.14000000,160.47000000,28483.36200000,1752561899999999,4570950.81532000,14404,6687.40200000,1073387.78566000,0
1752561900000000,160.46000000,160.63000000,160.06000000,160.40000000,17724.87900000,1752562799999999,2842452.51079000,13319,8929.48600000,1432027.41982000,0
1752562800000000,160.41000000,160.72000000,160.20000000,160.25000000,20294.76300000,1752563699999999,3256235.70516000,12313,11683.37700000,1874890.93159000,0
1752563700000000,160.25000000,160.59000000,160.03000000,160.50000000,11448.91400000,1752564599999999,1835379.57554000,10042,6133.68100000,983380.84622000,0
1752564600000000,160.49000000,160.49000000,159.95000000,160.08000000,22946.55000000,1752565499999999,3675588.47509000,15041,9357.14900000,1498768.84131000,0
1752565500000000,160.09000000,160.15000000,159.37000000,159.54000000,47654.64400000,1752566399999999,7608808.05449000,19635,15364.33500000,2453920.58855000,0
1752566400000000,159.54000000,159.61000000,159.22000000,159.24000000,29895.38100000,1752567299999999,4764048.76747000,16013,7469.00200000,1190291.27052000,0
1752567300000000,159.23000000,159.24000000,158.39000000,159.17000000,37202.13400000,1752568199999999,5913536.63401000,22593,14749.54500000,2344387.43512000,0
1752568200000000,159.17000000,159.63000000,158.95000000,159.44000000,52197.27600000,1752569099999999,8320443.07951000,15820,18453.97000000,2941721.41442000,0
1752569100000000,159.45000000,159.58000000,159.09000000,159.23000000,17082.18900000,1752569999999999,2721274.09411000,11597,9106.40100000,1450825.97597000,0
1752570000000000,159.23000000,159.76000000,159.19000000,159.74000000,11969.82200000,1752570899999999,1910051.19764000,10193,6557.19800000,1046476.07095000,0
1752570900000000,159.74000000,159.89000000,159.21000000,159.76000000,17114.05400000,1752571799999999,2731238.12998000,12760,7631.56200000,1218271.15341000,0
1752571800000000,159.77000000,159.93000000,159.54000000,159.57000000,10332.47700000,1752572699999999,1650764.57029000,7772,5390.52000000,861289.15333000,0
1752572700000000,159.57000000,159.71000000,159.01000000,159.09000000,17579.03400000,1752573599999999,2800504.15233000,9957,4999.91500000,796722.61299000,0
1752573600000000,159.08000000,159.58000000,159.05000000,159.27000000,12433.71700000,1752574499999999,1981264.84568000,10826,7653.81700000,1219674.29441000,0
1752574500000000,159.28000000,159.79000000,159.25000000,159.68000000,12458.81300000,1752575399999999,1987912.28029000,12043,6765.92300000,1079482.29492000,0
1752575400000000,159.69000000,159.82000000,159.31000000,159.73000000,13079.06100000,1752576299999999,2087202.06093000,12771,5112.45900000,815954.76708000,0
1752576300000000,159.74000000,159.84000000,159.47000000,159.55000000,15854.38400000,1752577199999999,2531636.41085000,11997,8162.80500000,1303782.07775000,0
1752577200000000,159.54000000,160.14000000,159.48000000,159.82000000,28465.99800000,1752578099999999,4550766.41488000,13484,17518.35700000,2800651.92845000,0
1752578100000000,159.81000000,159.81000000,158.94000000,159.18000000,23424.52600000,1752578999999999,3728561.93724000,21465,6536.13000000,1040418.01972000,0
1752579000000000,159.18000000,159.36000000,158.93000000,159.32000000,21795.03700000,1752579899999999,3468564.64198000,15105,9809.20100000,1560757.52097000,0
1752579900000000,159.33000000,159.92000000,159.03000000,159.86000000,38245.92600000,1752580799999999,6098895.15269000,14235,21484.22900000,3425466.00369000,0
1752580800000000,159.87000000,160.08000000,159.40000000,159.48000000,18755.93600000,1752581699999999,2995325.08300000,16944,6689.29500000,1068378.98346000,0
1752581700000000,159.48000000,159.62000000,158.92000000,159.11000000,23637.34800000,1752582599999999,3761901.57577000,12728,9050.76100000,1440310.61837000,0
1752582600000000,159.12000000,161.05000000,158.34000000,158.71000000,125900.12900000,1752583499999999,20137876.79239000,54315,62855.46300000,10067398.28896000,0
1752583500000000,158.71000000,159.99000000,158.71000000,159.92000000,28209.21200000,1752584399999999,4502437.13659000,26023,16652.37300000,2657649.07569000,0
1752584400000000,159.92000000,161.00000000,159.74000000,160.97000000,65676.07800000,1752585299999999,10542641.32989000,31777,43286.74800000,6950329.46832000,0
1752585300000000,160.97000000,161.11000000,160.35000000,160.87000000,42922.96100000,1752586199999999,6903243.08105000,22644,24642.81600000,3963780.85514000,0
1752586200000000,160.86000000,161.09000000,159.94000000,160.87000000,38706.92300000,1752587099999999,6214606.95769000,39023,18144.70700000,2914583.38055000,0
1752587100000000,160.87000000,162.04000000,160.70000000,161.24000000,75364.55500000,1752587999999999,12172187.74333000,48495,48456.90600000,7829122.40940000,0
1752588000000000,161.24000000,162.17000000,161.03000000,162.11000000,36091.99400000,1752588899999999,5830616.06500000,28100,21494.39500000,3473781.77230000,0
1752588900000000,162.12000000,162.14000000,161.03000000,161.27000000,88671.58400000,1752589799999999,14346412.37376000,24267,17770.26800000,2870433.36884000,0
1752589800000000,161.27000000,161.37000000,158.95000000,159.42000000,81061.55800000,1752590699999999,13015761.84444000,44131,16428.00900000,2634215.96305000,0
1752590700000000,159.41000000,159.55000000,157.23000000,157.77000000,122899.24300000,1752591599999999,19436395.71055000,68812,44129.66000000,6979907.24477000,0
1752591600000000,157.78000000,158.49000000,157.31000000,158.36000000,65208.22400000,1752592499999999,10302677.68359000,48967,34978.32600000,5527322.35256000,0
1752592500000000,158.35000000,159.03000000,158.28000000,158.97000000,40527.12200000,1752593399999999,6430427.54835000,28877,20047.56100000,3180415.32111000,0
1752593400000000,158.97000000,160.00000000,158.64000000,159.67000000,39806.29400000,1752594299999999,6343803.31353000,27962,21884.33000000,3487912.11137000,0
1752594300000000,159.67000000,160.96000000,159.67000000,160.47000000,46229.36600000,1752595199999999,7420524.15281000,35001,24516.93000000,3933614.32856000,0
1752595200000000,160.46000000,161.45000000,160.28000000,160.89000000,49734.09800000,1752596099999999,8010498.25453000,29546,21057.78100000,3390781.96673000,0
1752596100000000,160.90000000,161.13000000,160.35000000,160.64000000,29792.97000000,1752596999999999,4789395.65906000,25643,12547.89200000,2017268.40636000,0
1752597000000000,160.63000000,161.60000000,160.63000000,161.51000000,20100.90400000,1752597899999999,3240405.69481000,17997,11563.19700000,1863973.69158000,0
1752597900000000,161.51000000,161.58000000,160.80000000,160.97000000,32038.67600000,1752598799999999,5165576.17414000,21185,16295.27100000,2627339.01087000,0
1752598800000000,160.97000000,161.42000000,160.86000000,161.26000000,18656.54600000,1752599699999999,3005157.80268000,16699,7941.36700000,1279239.65711000,0
1752599700000000,161.26000000,162.12000000,161.15000000,162.03000000,30216.96000000,1752600599999999,4885216.21844000,21460,19043.86400000,3080338.15235000,0
1752600600000000,162.02000000,162.15000000,161.65000000,162.09000000,23474.80800000,1752601499999999,3801305.75503000,15582,14082.22200000,2280519.60556000,0
1752601500000000,162.09000000,162.85000000,162.08000000,162.81000000,46690.48900000,1752602399999999,7588242.21945000,31553,22836.13800000,3711113.18809000,0
1752602400000000,162.81000000,162.98000000,162.23000000,162.81000000,46369.32300000,1752603299999999,7546142.66622000,29943,19183.99500000,3122278.31915000,0
1752603300000000,162.80000000,163.70000000,162.47000000,162.99000000,148873.42600000,1752604199999999,24300468.94843000,37282,63352.40200000,10339177.60993000,0
1752604200000000,163.00000000,163.03000000,160.81000000,161.63000000,129207.05300000,1752605099999999,20930078.47622000,67905,47439.41300000,7684092.55000000,0
1752605100000000,161.63000000,162.50000000,161.46000000,161.88000000,73816.57700000,1752605999999999,11972313.42713000,29356,37225.63100000,6037808.27114000,0
1752606000000000,161.88000000,162.90000000,161.69000000,162.66000000,68165.94600000,1752606899999999,11063352.31527000,28195,34678.49600000,5627959.60004000,0
1752606900000000,162.66000000,162.68000000,161.85000000,162.09000000,27756.52300000,1752607799999999,4502817.39735000,21168,11632.12800000,1887358.41782000,0
1752607800000000,162.09000000,162.23000000,160.52000000,160.65000000,28187.64500000,1752608699999999,4548636.56557000,23753,10210.38900000,1649162.26460000,0
1752608700000000,160.65000000,160.77000000,159.98000000,160.22000000,45340.14100000,1752609599999999,7263351.89826000,31430,17515.07400000,2807109.91733000,0
1752609600000000,160.22000000,160.91000000,159.71000000,160.82000000,25488.46300000,1752610499999999,4083870.31644000,23965,15147.23600000,2427325.77803000,0
1752610500000000,160.82000000,161.12000000,160.30000000,160.95000000,21968.32000000,1752611399999999,3531920.52622000,20559,10036.66600000,1613840.46883000,0
1752611400000000,160.94000000,161.28000000,160.46000000,160.72000000,47326.85300000,1752612299999999,7611457.05708000,19870,35098.83200000,5644943.36424000,0
1752612300000000,160.72000000,160.89000000,160.57000000,160.69000000,30734.07500000,1752613199999999,4939961.45715000,12397,22210.83200000,3570183.86820000,0
1752613200000000,160.68000000,161.44000000,160.56000000,161.43000000,20554.10600000,1752614099999999,3306961.16815000,13208,13070.25000000,2103006.84934000,0
1752614100000000,161.43000000,161.85000000,161.29000000,161.76000000,15687.97300000,1752614999999999,2535077.73646000,15791,10843.27800000,1752136.92720000,0
1752615000000000,161.76000000,162.64000000,161.66000000,162.25000000,33732.11800000,1752615899999999,5472388.53789000,16745,22831.05800000,3704138.05776000,0
1752615900000000,162.26000000,162.45000000,161.57000000,161.92000000,57918.12700000,1752616799999999,9378230.15764000,15922,19204.64700000,3111344.38234000,0
1752616800000000,161.92000000,162.07000000,161.37000000,161.68000000,31858.07700000,1752617699999999,5148860.94551000,19001,15419.25400000,2492191.90673000,0
1752617700000000,161.68000000,162.14000000,161.59000000,161.87000000,15100.71300000,1752618599999999,2443516.98067000,11465,9124.41300000,1476397.09302000,0
1752618600000000,161.86000000,162.22000000,161.46000000,162.16000000,17542.39800000,1752619499999999,2839976.83284000,11254,9840.31300000,1593549.97834000,0
1752619500000000,162.17000000,162.54000000,162.03000000,162.54000000,16373.33300000,1752620399999999,2656186.67187000,9687,12016.60400000,1949495.52699000,0
1752620400000000,162.53000000,164.12000000,162.53000000,163.70000000,77603.44500000,1752621299999999,12690771.75324000,37873,54296.80800000,8877000.04765000,0
1752621300000000,163.70000000,164.26000000,163.70000000,163.82000000,26113.42200000,1752622199999999,4282442.03373000,23478,14328.38800000,2349612.77119000,0
1752622200000000,163.82000000,164.16000000,163.53000000,164.07000000,15331.20700000,1752623099999999,2512728.56704000,13163,9185.28900000,1505588.38357000,0
1752623100000000,164.06000000,164.10000000,163.75000000,163.98000000,17579.90400000,1752623999999999,2881621.12174000,8791,11529.51500000,1889811.82071000,0
1752624000000000,163.98000000,164.07000000,163.54000000,163.61000000,28602.74000000,1752624899999999,4683556.56873000,14821,15084.50500000,2470694.59369000,0
1752624900000000,163.60000000,164.59000000,163.60000000,164.47000000,54256.81000000,1752625799999999,8915396.63246000,20612,38404.10900000,6309845.81009000,0
1752625800000000,164.47000000,165.11000000,164.31000000,165.11000000,54952.51500000,1752626699999999,9056674.55172000,19464,39508.88500000,6511987.23408000,0
1752626700000000,165.11000000,165.26000000,164.59000000,164.75000000,25909.94600000,1752627599999999,4272479.28440000,18498,12992.66600000,2142800.96419000,0
1752627600000000,164.75000000,164.79000000,164.30000000,164.36000000,25782.71800000,1752628499999999,4243875.96545000,14430,10685.91000000,1759407.19183000,0
1752628500000000,164.37000000,164.65000000,164.33000000,164.44000000,15622.65900000,1752629399999999,2569544.15741000,11880,7140.91700000,1174532.06638000,0
1752629400000000,164.43000000,164.65000000,164.06000000,164.20000000,25191.51500000,1752630299999999,4141110.99291000,16513,14086.56900000,2315558.51673000,0
1752630300000000,164.20000000,164.22000000,163.77000000,163.91000000,31271.39700000,1752631199999999,5128132.39055000,16188,17200.86500000,2820968.83862000,0
1752631200000000,163.91000000,164.10000000,163.30000000,163.49000000,24085.59400000,1752632099999999,3939173.26895000,14387,14331.01800000,2343731.22533000,0
1752632100000000,163.49000000,163.64000000,162.20000000,162.31000000,55199.97500000,1752632999999999,8986712.84832000,27653,26027.91400000,4236083.83019000,0
1752633000000000,162.30000000,162.44000000,161.51000000,161.65000000,43136.94200000,1752633899999999,6982549.25643000,23779,28441.30500000,4603356.84892000,0
1752633900000000,161.65000000,162.32000000,161.65000000,162.08000000,30030.21500000,1752634799999999,4866533.88177000,12251,23715.96600000,3842970.80681000,0
1752634800000000,162.08000000,162.38000000,161.87000000,161.90000000,29333.27900000,1752635699999999,4756641.92667000,14659,20236.37600000,3281647.14638000,0
1752635700000000,161.90000000,162.54000000,161.90000000,162.34000000,22648.28000000,1752636599999999,3675893.97460000,12613,15498.47100000,2515082.35747000,0
1752636600000000,162.33000000,162.73000000,162.32000000,162.73000000,13626.94400000,1752637499999999,2215924.53034000,10131,6551.64500000,1065220.01362000,0
1752637500000000,162.73000000,162.74000000,162.41000000,162.50000000,11631.87500000,1752638399999999,1890804.93937000,10021,6403.48700000,1040807.43247000,0
1752638400000000,162.51000000,162.64000000,161.79000000,161.86000000,16504.28600000,1752639299999999,2677530.43862000,13775,8185.44500000,1327734.00428000,0
1752639300000000,161.86000000,162.68000000,161.85000000,162.65000000,14965.25000000,1752640199999999,2429028.39447000,10377,8068.79200000,1309190.85072000,0
1752640200000000,162.65000000,162.87000000,162.51000000,162.62000000,9330.48600000,1752641099999999,1518101.22106000,7871,5942.13100000,966793.89095000,0
1752641100000000,162.63000000,162.69000000,162.20000000,162.49000000,11457.33300000,1752641999999999,1861205.03794000,8530,4923.89500000,799946.94632000,0
1752642000000000,162.50000000,163.29000000,162.50000000,163.23000000,23468.61400000,1752642899999999,3823484.74908000,14369,12119.34900000,1973953.01518000,0
1752642900000000,163.24000000,163.24000000,162.83000000,163.05000000,19552.57200000,1752643799999999,3188380.02282000,10184,7724.22000000,1259485.97760000,0
1752643800000000,163.05000000,163.53000000,163.00000000,163.43000000,20994.08600000,1752644699999999,3429556.35943000,11415,12298.89100000,2008885.18693000,0
1752644700000000,163.44000000,163.56000000,162.97000000,163.18000000,19358.86500000,1752645599999999,3159850.08917000,11773,8617.70400000,1406259.01091000,0
1752645600000000,163.18000000,163.22000000,162.60000000,162.63000000,13883.94200000,1752646499999999,2260432.65325000,11276,5683.58900000,925306.57456000,0
1752646500000000,162.64000000,163.46000000,162.64000000,163.24000000,13145.29600000,1752647399999999,2143374.04161000,12141,5774.05800000,941698.85057000,0
1752647400000000,163.24000000,163.76000000,163.08000000,163.69000000,14961.68900000,1752648299999999,2445526.09352000,11561,8194.46000000,1339448.18689000,0
1752648300000000,163.69000000,164.12000000,163.59000000,164.12000000,21119.37800000,1752649199999999,3460093.04193000,11857,9889.96700000,1620777.29903000,0
1752649200000000,164.11000000,164.26000000,163.62000000,163.73000000,29784.47100000,1752650099999999,4883768.74126000,16381,8730.71800000,1431456.69798000,0
1752650100000000,163.73000000,164.13000000,163.70000000,164.08000000,12852.30000000,1752650999999999,2107820.33217000,10673,5197.41900000,852363.15798000,0
1752651000000000,164.07000000,164.64000000,163.96000000,164.37000000,36706.14000000,1752651899999999,6035357.68025000,14091,17512.32700000,2879138.54377000,0
1752651900000000,164.37000000,164.42000000,164.05000000,164.05000000,25536.77100000,1752652799999999,4195497.17347000,10809,8690.17400000,1427761.81456000,0
1752652800000000,164.05000000,164.24000000,163.81000000,163.89000000,22470.70100000,1752653699999999,3686480.85756000,14501,9815.95400000,1610180.65085000,0
1752653700000000,163.89000000,164.36000000,163.86000000,164.32000000,14310.27100000,1752654599999999,2347914.49368000,13080,7502.35200000,1230868.65343000,0
1752654600000000,164.33000000,165.12000000,164.32000000,165.11000000,46841.61900000,1752655499999999,7718409.36845000,15388,25497.67700000,4200703.00461000,0
1752655500000000,165.12000000,165.61000000,164.89000000,165.52000000,45611.05700000,1752656399999999,7538567.19867000,16114,23259.04300000,3843373.85488000,0
1752656400000000,165.51000000,166.59000000,165.50000000,166.59000000,76013.91900000,1752657299999999,12621933.90029000,27979,38238.87300000,6349380.87308000,0
1752657300000000,166.59000000,167.58000000,166.59000000,167.10000000,146037.91500000,1752658199999999,24395497.11383000,44042,76685.11100000,12809766.53552000,0
1752658200000000,167.11000000,167.45000000,166.58000000,166.78000000,72885.20300000,1752659099999999,12178524.59098000,31436,26915.38500000,4497401.06156000,0
1752659100000000,166.78000000,167.28000000,166.03000000,167.28000000,73344.36900000,1752659999999999,12227004.57664000,26606,30157.49100000,5027884.75672000,0
1752660000000000,167.28000000,167.46000000,167.02000000,167.25000000,34693.86700000,1752660899999999,5803369.71599000,16015,14496.72700000,2424664.61180000,0
1752660900000000,167.25000000,167.45000000,166.86000000,166.88000000,26193.93100000,1752661799999999,4379102.60958000,13925,10230.41700000,1710327.69099000,0
1752661800000000,166.88000000,167.18000000,166.58000000,166.60000000,35365.74200000,1752662699999999,5904242.35713000,15883,12019.15600000,2006716.63441000,0
1752662700000000,166.60000000,166.65000000,165.98000000,166.02000000,36783.79900000,1752663599999999,6113773.99729000,18592,9692.03900000,1611123.51620000,0
1752663600000000,166.01000000,166.55000000,166.00000000,166.50000000,41099.98000000,1752664499999999,6837582.58605000,13254,25802.58500000,4293240.15265000,0
1752664500000000,166.50000000,166.54000000,166.02000000,166.19000000,38999.35000000,1752665399999999,6483122.69513000,11204,18908.31700000,3143093.94451000,0
1752665400000000,166.18000000,166.47000000,166.06000000,166.47000000,37018.03400000,1752666299999999,6155731.55211000,11599,19702.50100000,3276606.35144000,0
1752666300000000,166.47000000,166.81000000,166.25000000,166.66000000,28030.04400000,1752667199999999,4668845.66028000,11937,17178.61400000,2861549.06102000,0
1752667200000000,166.66000000,167.20000000,166.52000000,166.88000000,27151.75300000,1752668099999999,4533107.06991000,15807,11712.62800000,1955415.04950000,0
1752668100000000,166.89000000,167.24000000,166.81000000,167.15000000,28562.54900000,1752668999999999,4770428.85133000,15078,10135.58700000,1692997.98082000,0
1752669000000000,167.15000000,167.49000000,166.62000000,167.32000000,46454.90500000,1752669899999999,7768640.11299000,30348,15253.76300000,2551354.92207000,0
1752669900000000,167.33000000,167.42000000,166.61000000,166.62000000,43160.68000000,1752670799999999,7206348.46220000,18471,9738.70700000,1626743.86448000,0
1752670800000000,166.61000000,167.21000000,166.25000000,166.81000000,53290.27300000,1752671699999999,8879322.74924000,23429,16386.83600000,2731470.36688000,0
1752671700000000,166.80000000,167.16000000,166.77000000,167.07000000,24767.18900000,1752672599999999,4135294.41731000,19242,11853.43300000,1979008.57040000,0
1752672600000000,167.06000000,167.30000000,166.18000000,166.37000000,47792.59200000,1752673499999999,7971734.88107000,33345,15471.99100000,2581429.25693000,0
1752673500000000,166.37000000,167.30000000,166.25000000,167.27000000,50505.50700000,1752674399999999,8430228.06564000,29026,21451.63700000,3580726.16602000,0
1752674400000000,167.28000000,167.40000000,166.75000000,166.78000000,74150.15500000,1752675299999999,12395519.98462000,34270,27565.73800000,4608543.49419000,0
1752675300000000,166.79000000,167.27000000,166.62000000,167.26000000,59222.49000000,1752676199999999,9892232.03946000,29377,23540.73400000,3932754.51901000,0
1752676200000000,167.26000000,167.87000000,167.11000000,167.59000000,142949.21700000,1752677099999999,23943574.45458000,50819,64098.79400000,10737211.51123000,0
1752677100000000,167.58000000,167.96000000,167.11000000,167.57000000,127674.38400000,1752677999999999,21405119.57853000,46865,66935.00400000,11223185.95814000,0
1752678000000000,167.57000000,168.19000000,167.40000000,167.56000000,101277.93800000,1752678899999999,17001824.96944000,47709,51494.49100000,8645905.49070000,0
1752678900000000,167.56000000,167.56000000,166.13000000,167.32000000,85201.22200000,1752679799999999,14218604.46429000,61921,42587.51000000,7109216.73309000,0
1752679800000000,167.32000000,167.40000000,165.40000000,166.59000000,60696.14000000,1752680699999999,10093028.67273000,57416,24925.76000000,4146326.60054000,0
1752680700000000,166.59000000,168.84000000,166.40000000,168.45000000,103084.57300000,1752681599999999,17303907.52747000,63568,58392.10900000,9805858.54574000,0
1752681600000000,168.45000000,170.94000000,168.40000000,170.36000000,275281.79800000,1752682499999999,46722823.46806000,133797,173727.21800000,29491322.89421000,0
1752682500000000,170.36000000,172.50000000,170.12000000,172.27000000,169211.10200000,1752683399999999,29041578.91316000,90981,95300.89500000,16349791.84751000,0
1752683400000000,172.26000000,173.29000000,171.38000000,171.82000000,130067.55400000,1752684299999999,22421084.11707000,80504,71919.42700000,12397737.16852000,0
1752684300000000,171.82000000,172.69000000,171.50000000,172.56000000,131043.77100000,1752685199999999,22543561.79158000,44594,91709.20600000,15775281.78356000,0
1752685200000000,172.55000000,173.06000000,172.28000000,172.49000000,90168.73700000,1752686099999999,15573253.68143000,43506,33523.21600000,5790727.60582000,0
1752686100000000,172.48000000,172.93000000,172.19000000,172.64000000,64864.36700000,1752686999999999,11195930.76071000,34570,22405.36700000,3867405.42028000,0
1752687000000000,172.63000000,172.76000000,172.00000000,172.74000000,48113.57300000,1752687899999999,8295339.63380000,29047,17210.32600000,2967596.41946000,0
1752687900000000,172.75000000,174.59000000,172.65000000,173.64000000,147052.88900000,1752688799999999,25571886.58892000,62220,76213.57000000,13251175.16390000,0
1752688800000000,173.64000000,174.67000000,173.43000000,173.79000000,83990.75900000,1752689699999999,14622926.55473000,48802,44083.27800000,7675335.72497000,0
1752689700000000,173.79000000,174.66000000,173.61000000,174.51000000,78720.37200000,1752690599999999,13725205.47126000,38542,42015.94500000,7324729.17866000,0
1752690600000000,174.50000000,174.70000000,174.27000000,174.37000000,41383.08700000,1752691499999999,7221072.40053000,21505,15814.86900000,2759530.33554000,0
1752691500000000,174.36000000,174.41000000,172.97000000,173.37000000,81139.66400000,1752692399999999,14085213.10321000,38018,20724.26600000,3596748.52044000,0
1752692400000000,173.38000000,173.56000000,172.56000000,172.85000000,52656.02200000,1752693299999999,9116641.47690000,27674,16645.87100000,2882310.36159000,0
1752693300000000,172.84000000,174.11000000,172.82000000,173.89000000,52384.42500000,1752694199999999,9090696.76120000,30351,28152.94600000,4885943.43504000,0
1752694200000000,173.90000000,173.90000000,172.91000000,173.72000000,56120.05200000,1752695099999999,9724825.89425000,32553,22440.54700000,3889640.21654000,0
1752695100000000,173.72000000,174.50000000,173.43000000,174.16000000,39011.36300000,1752695999999999,6782477.77372000,28549,21972.86100000,3821140.59858000,0
1752696000000000,174.15000000,174.76000000,173.76000000,174.58000000,53215.34800000,1752696899999999,9279724.15930000,38325,30767.50400000,5365737.92586000,0
1752696900000000,174.58000000,174.89000000,174.14000000,174.42000000,55807.18800000,1752697799999999,9741019.22788000,29450,31298.96600000,5464030.49552000,0
1752697800000000,174.41000000,175.10000000,174.05000000,174.81000000,120029.77700000,1752698699999999,20975439.69082000,36045,79440.11500000,13885481.06572000,0
1752698700000000,174.82000000,174.91000000,174.27000000,174.67000000,43101.28300000,1752699599999999,7522640.86332000,33127,18759.09300000,3274139.29409000,0
1752699600000000,174.68000000,175.73000000,174.39000000,175.27000000,56066.22200000,1752700499999999,9817243.22296000,32793,33468.85900000,5861526.93168000,0
1752700500000000,175.28000000,176.00000000,174.79000000,175.73000000,77180.81100000,1752701399999999,13542258.89017000,36778,41737.15600000,7323616.68243000,0
1752701400000000,175.72000000,175.72000000,173.94000000,174.25000000,73358.13200000,1752702299999999,12810427.16920000,37030,33721.17700000,5889066.88595000,0
1752702300000000,174.26000000,174.79000000,174.19000000,174.46000000,20765.48300000,1752703199999999,3623926.58291000,12657,8534.91400000,1489515.48880000,0
1752703200000000,174.46000000,175.45000000,174.46000000,175.39000000,37551.72400000,1752704099999999,6574246.19643000,26437,20023.84200000,3505558.23503000,0
1752704100000000,175.40000000,175.86000000,175.16000000,175.17000000,30999.76100000,1752704999999999,5442424.10496000,26038,15506.75400000,2722677.91289000,0
1752705000000000,175.17000000,175.49000000,174.36000000,174.71000000,36438.43400000,1752705899999999,6371173.62552000,26316,13142.39300000,2299243.88985000,0
1752705900000000,174.71000000,174.73000000,173.43000000,173.80000000,57319.02000000,1752706799999999,9963249.22324000,31466,15488.47300000,2691905.74689000,0
1752706800000000,173.80000000,173.95000000,173.06000000,173.33000000,42911.68700000,1752707699999999,7439472.12493000,25779,12625.10400000,2189532.10414000,0
1752707700000000,173.33000000,173.56000000,172.37000000,173.34000000,63719.45200000,1752708599999999,11022174.82220000,33475,25197.10100000,4357546.25919000,0
1752708600000000,173.33000000,173.87000000,172.71000000,173.84000000,34702.19500000,1752709499999999,6012689.14534000,20629,7689.35000000,1332442.42392000,0
1752709500000000,173.83000000,173.88000000,173.36000000,173.63000000,29365.82000000,1752710399999999,5099241.86604000,19418,11822.91100000,2052674.35336000,0
1752710400000000,173.62000000,174.20000000,173.23000000,174.05000000,30548.60300000,1752711299999999,5307835.86881000,22926,11022.51000000,1915265.79935000,0
1752711300000000,174.06000000,174.85000000,174.04000000,174.55000000,25557.50900000,1752712199999999,4458808.94408000,23017,13627.88500000,2377419.37669000,0
1752712200000000,174.55000000,174.85000000,174.01000000,174.48000000,19462.25000000,1752713099999999,3394501.39338000,21830,10658.38600000,1858854.31541000,0
1752713100000000,174.49000000,174.69000000,172.98000000,172.99000000,29717.54600000,1752713999999999,5167762.65062000,25947,11242.79800000,1955036.94926000,0
1752714000000000,172.98000000,173.33000000,172.40000000,173.33000000,41364.53100000,1752714899999999,7151408.61954000,33598,19795.63500000,3422537.33572000,0
1752714900000000,173.34000000,173.34000000,171.69000000,172.55000000,75199.51300000,1752715799999999,12958450.26369000,39207,22870.16700000,3943124.63414000,0
1752715800000000,172.54000000,172.68000000,171.36000000,171.75000000,39966.63600000,1752716699999999,6866762.33514000,44694,18532.59300000,3184500.51122000,0
1752716700000000,171.75000000,171.89000000,169.57000000,171.48000000,114044.96500000,1752717599999999,19454271.56862000,73941,47055.36200000,8032981.89941000,0
1752717600000000,171.48000000,172.02000000,171.19000000,171.50000000,39467.21500000,1752718499999999,6774477.52939000,28661,22431.26900000,3850892.15010000,0
1752718500000000,171.50000000,172.07000000,171.36000000,171.60000000,45256.67700000,1752719399999999,7776478.63600000,19405,28677.06500000,4928132.53442000,0
1752719400000000,171.60000000,171.63000000,170.89000000,171.00000000,37567.77600000,1752720299999999,6433179.05837000,24328,17293.44500000,2961866.92465000,0
1752720300000000,171.00000000,171.64000000,170.21000000,171.33000000,46631.52300000,1752721199999999,7970489.34027000,28189,25280.97800000,4323596.30354000,0
1752721200000000,171.32000000,171.44000000,170.17000000,170.23000000,44785.46000000,1752722099999999,7648390.87629000,28267,28593.42000000,4883940.79448000,0
1752722100000000,170.24000000,170.57000000,169.04000000,169.24000000,56723.19400000,1752722999999999,9633544.13333000,40924,25406.18100000,4314588.50047000,0
1752723000000000,169.23000000,169.62000000,168.71000000,169.30000000,74747.16900000,1752723899999999,12644504.79864000,44218,38711.21100000,6550255.22630000,0
1752723900000000,169.29000000,169.81000000,169.15000000,169.54000000,48808.75500000,1752724799999999,8275394.66800000,26671,24472.54800000,4148742.25538000,0
1752724800000000,169.53000000,170.31000000,169.24000000,170.13000000,35155.82700000,1752725699999999,5966487.68484000,22101,18272.83600000,3102371.99866000,0
1752725700000000,170.13000000,170.60000000,169.96000000,170.56000000,25232.02700000,1752726599999999,4296732.59482000,20484,14280.75100000,2432011.05265000,0
1752726600000000,170.56000000,171.03000000,170.55000000,170.85000000,17598.33000000,1752727499999999,3005682.23291000,16603,9903.01900000,1691459.90195000,0
1752727500000000,170.86000000,171.35000000,170.71000000,171.32000000,14606.17600000,1752728399999999,2497994.31943000,13416,6608.45400000,1130420.33020000,0
1752728400000000,171.33000000,171.33000000,170.45000000,170.67000000,13948.83700000,1752729299999999,2382745.02727000,15589,6254.03300000,1068382.62633000,0
1752729300000000,170.66000000,171.65000000,170.65000000,171.62000000,25762.24300000,1752730199999999,4411863.00553000,15368,20438.01000000,3500359.46916000,0
1752730200000000,171.62000000,171.88000000,171.25000000,171.84000000,29242.62500000,1752731099999999,5016753.52902000,21052,16710.38300000,2867032.74997000,0
1752731100000000,171.83000000,172.12000000,171.57000000,172.01000000,24880.26700000,1752731999999999,4276950.95240000,18290,17156.16700000,2949076.62694000,0
1752732000000000,172.00000000,172.55000000,171.61000000,171.79000000,31692.83500000,1752732899999999,5456144.63969000,17925,15918.05000000,2739889.20303000,0
1752732900000000,171.79000000,173.21000000,171.33000000,173.06000000,51199.14300000,1752733799999999,8834111.41983000,32731,36174.85200000,6241979.35488000,0
1752733800000000,173.07000000,173.43000000,172.57000000,173.29000000,61602.26100000,1752734699999999,10652226.93887000,35057,33645.61800000,5818922.69888000,0
1752734700000000,173.29000000,174.10000000,173.28000000,173.87000000,50554.75500000,1752735599999999,8786738.72931000,29799,30807.34500000,5354237.13510000,0
1752735600000000,173.87000000,173.89000000,171.89000000,172.22000000,45903.97000000,1752736499999999,7926011.28054000,42381,19020.66200000,3284293.57957000,0
1752736500000000,172.22000000,172.63000000,171.74000000,172.23000000,25098.00300000,1752737399999999,4322530.09141000,20710,13563.06600000,2336576.05184000,0
1752737400000000,172.23000000,173.55000000,172.23000000,173.52000000,42505.24700000,1752738299999999,7356561.22260000,27297,29198.04100000,5053323.42034000,0
1752738300000000,173.52000000,174.17000000,173.37000000,174.02000000,57404.11300000,1752739199999999,9972539.49604000,24938,38961.35800000,6768475.66187000,0
1752739200000000,174.02000000,174.11000000,173.28000000,173.42000000,28180.43900000,1752740099999999,4892452.61772000,18040,14064.78000000,2441918.14161000,0
1752740100000000,173.41000000,173.54000000,173.10000000,173.45000000,24102.89700000,1752740999999999,4177151.69512000,21864,14974.76300000,2595175.41660000,0
1752741000000000,173.45000000,173.50000000,172.67000000,173.37000000,27763.03300000,1752741899999999,4803392.57146000,26325,14881.81700000,2575419.35079000,0
1752741900000000,173.37000000,173.74000000,172.84000000,173.69000000,28685.97900000,1752742799999999,4969495.98335000,21992,17110.83000000,2964630.85260000,0
1752742800000000,173.69000000,175.57000000,173.47000000,174.95000000,93748.70600000,1752743699999999,16394180.86280000,51754,66080.36800000,11556113.86246000,0
1752743700000000,174.96000000,176.04000000,174.65000000,175.75000000,55410.13700000,1752744599999999,9719252.67249000,34626,38947.57700000,6834704.87275000,0
1752744600000000,175.75000000,177.57000000,175.58000000,177.35000000,115575.93900000,1752745499999999,20409723.25872000,55811,82075.64000000,14495767.52180000,0
1752745500000000,177.36000000,178.19000000,176.95000000,177.18000000,116073.76100000,1752746399999999,20622448.33581000,52065,75110.45500000,13348887.25939000,0
1752746400000000,177.19000000,177.80000000,175.91000000,176.73000000,64970.50700000,1752747299999999,11481298.02265000,53886,29900.52600000,5285501.24797000,0
1752747300000000,176.72000000,177.34000000,176.12000000,176.23000000,39591.77200000,1752748199999999,7003004.15396000,31785,19948.33900000,3528546.83153000,0
1752748200000000,176.23000000,176.93000000,175.72000000,175.89000000,33385.83000000,1752749099999999,5885155.46576000,32944,14467.18100000,2551502.72338000,0
1752749100000000,175.88000000,176.83000000,175.88000000,176.34000000,31548.02800000,1752749999999999,5563712.43878000,25672,16533.29000000,2915613.90737000,0
1752750000000000,176.34000000,176.79000000,175.89000000,176.43000000,41463.00600000,1752750899999999,7309264.02357000,26347,21297.76100000,3754238.18498000,0
1752750900000000,176.42000000,176.63000000,175.76000000,175.92000000,40158.09700000,1752751799999999,7075949.88375000,28456,16622.46100000,2929237.41267000,0
1752751800000000,175.91000000,176.26000000,175.22000000,175.99000000,39350.20600000,1752752699999999,6916233.15677000,30544,18971.58200000,3334716.95320000,0
1752752700000000,175.99000000,176.49000000,175.52000000,176.17000000,28979.60600000,1752753599999999,5099212.36762000,23385,10037.42300000,1766743.64375000,0
1752753600000000,176.16000000,176.60000000,174.63000000,175.65000000,54492.05100000,1752754499999999,9563994.36809000,41228,20375.19300000,3576688.87352000,0
1752754500000000,175.64000000,176.11000000,174.78000000,174.87000000,38848.52700000,1752755399999999,6810356.07264000,32775,13831.77500000,2425172.71341000,0
1752755400000000,174.86000000,177.33000000,174.85000000,177.24000000,55122.28000000,1752756299999999,9716470.19791000,42067,31178.45900000,5499151.61019000,0
1752756300000000,177.23000000,177.54000000,176.76000000,176.77000000,45496.62600000,1752757199999999,8064285.70490000,33642,24100.05200000,4272400.69963000,0
1752757200000000,176.76000000,176.98000000,175.49000000,175.71000000,80011.82500000,1752758099999999,14096283.81725000,34708,42899.89400000,7556597.50463000,0
1752758100000000,175.71000000,175.88000000,174.98000000,175.45000000,58060.08100000,1752758999999999,10180592.94916000,35848,30845.72500000,5408671.51897000,0
1752759000000000,175.45000000,175.58000000,173.73000000,173.82000000,72766.37100000,1752759899999999,12721809.57667000,47645,23955.75300000,4190840.95806000,0
1752759900000000,173.81000000,174.78000000,172.78000000,174.35000000,91883.91900000,1752760799999999,15980309.80436000,61298,40839.72500000,7105683.37869000,0
1752760800000000,174.35000000,174.90000000,173.77000000,174.34000000,64250.23300000,1752761699999999,11207128.41174000,42875,32286.02700000,5631545.19811000,0
1752761700000000,174.33000000,174.74000000,173.48000000,174.70000000,34700.97300000,1752762599999999,6046308.92636000,38062,19376.83200000,3377281.37121000,0
1752762600000000,174.69000000,175.31000000,174.40000000,174.53000000,40762.50400000,1752763499999999,7127201.54924000,33867,20032.99200000,3503159.36608000,0
1752763500000000,174.53000000,175.25000000,174.52000000,174.86000000,22314.28300000,1752764399999999,3903275.74122000,18968,12707.61900000,2222740.86281000,0
1752764400000000,174.87000000,175.20000000,173.07000000,173.13000000,75019.56100000,1752765299999999,13063924.76622000,43778,34611.70200000,6036096.64987000,0
1752765300000000,173.13000000,174.23000000,172.82000000,173.57000000,58201.43200000,1752766199999999,10103019.19697000,38520,33073.30800000,5742823.67941000,0
1752766200000000,173.57000000,174.52000000,173.50000000,174.51000000,31499.96300000,1752767099999999,5486554.60878000,27318,20390.18400000,3552468.69632000,0
1752767100000000,174.51000000,174.52000000,173.80000000,174.13000000,31753.81500000,1752767999999999,5527620.82845000,26404,15550.00500000,2706415.07193000,0
1752768000000000,174.12000000,174.43000000,173.00000000,173.23000000,27999.78700000,1752768899999999,4863842.85120000,31087,12195.87300000,2118838.50046000,0
1752768900000000,173.23000000,173.29000000,172.15000000,172.41000000,73597.74300000,1752769799999999,12715269.20919000,46736,23939.48700000,4136812.37301000,0
1752769800000000,172.42000000,172.97000000,171.21000000,172.38000000,100560.63200000,1752770699999999,17293864.53539000,66922,56802.72900000,9770084.38257000,0
1752770700000000,172.38000000,172.97000000,172.20000000,172.85000000,29649.74700000,1752771599999999,5115646.74475000,30609,15550.07800000,2682969.58331000,0
1752771600000000,172.85000000,173.24000000,172.65000000,173.16000000,18747.93800000,1752772499999999,3242604.12035000,20044,11624.42600000,2010672.75562000,0
1752772500000000,173.16000000,173.18000000,172.60000000,172.94000000,24924.84900000,1752773399999999,4309200.80037000,19678,12811.28800000,2215344.71347000,0
1752773400000000,172.93000000,173.18000000,172.26000000,173.02000000,24963.30900000,1752774299999999,4314151.17509000,21094,12140.05700000,2098263.27945000,0
1752774300000000,173.02000000,174.38000000,172.80000000,174.22000000,51167.67500000,1752775199999999,8891035.96783000,31162,35040.92100000,6089535.10812000,0
1752775200000000,174.22000000,174.45000000,173.58000000,173.66000000,35457.30800000,1752776099999999,6168668.49322000,24106,10533.26900000,1832896.63560000,0
1752776100000000,173.66000000,174.37000000,173.55000000,174.33000000,42239.42200000,1752776999999999,7353113.44058000,18905,27626.10200000,4809029.08741000,0
1752777000000000,174.33000000,174.76000000,173.95000000,173.99000000,25383.99500000,1752777899999999,4428488.74204000,17386,10614.44100000,1852347.53552000,0
1752777900000000,174.00000000,174.81000000,173.90000000,174.78000000,36463.68100000,1752778799999999,6361871.99227000,21278,22228.83200000,3879267.62909000,0
1752778800000000,174.78000000,175.15000000,174.77000000,175.08000000,28333.06600000,1752779699999999,4958513.71012000,13249,19356.63100000,3387523.83599000,0
1752779700000000,175.08000000,175.42000000,174.90000000,175.16000000,22711.10700000,1752780599999999,3978370.76933000,16276,11789.11900000,2065272.99497000,0
1752780600000000,175.17000000,175.39000000,174.63000000,174.72000000,25182.61400000,1752781499999999,4406065.92404000,21348,10863.01000000,1901091.79838000,0
1752781500000000,174.72000000,174.73000000,172.79000000,173.05000000,53533.93600000,1752782399999999,9297801.22839000,39411,17713.09200000,3079161.06719000,0
1752782400000000,173.05000000,173.31000000,171.34000000,172.41000000,99661.56100000,1752783299999999,17153595.27760000,55134,39985.94200000,6878271.09717000,0
1752783300000000,172.41000000,173.06000000,171.62000000,172.75000000,52677.25000000,1752784199999999,9084997.86632000,29518,17998.87900000,3104186.90845000,0
1752784200000000,172.74000000,173.64000000,172.67000000,173.25000000,37112.64100000,1752785099999999,6431757.41205000,23281,14799.28400000,2565007.10904000,0
1752785100000000,173.25000000,173.69000000,172.94000000,173.50000000,23527.71300000,1752785999999999,4077347.06133000,23605,10717.45100000,1857387.45370000,0
1752786000000000,173.50000000,175.60000000,173.47000000,175.58000000,75745.06600000,1752786899999999,13239439.48218000,49068,51763.50000000,9047849.48267000,0
1752786900000000,175.58000000,176.53000000,175.34000000,175.95000000,94404.47000000,1752787799999999,16613316.63757000,52416,56313.60100000,9911824.07628000,0
1752787800000000,175.96000000,176.29000000,173.57000000,175.73000000,70702.20100000,1752788699999999,12366178.26850000,43748,38089.71900000,6663855.70928000,0
1752788700000000,175.73000000,176.36000000,175.28000000,175.50000000,37305.08200000,1752789599999999,6560092.68787000,30643,19605.37800000,3448260.02960000,0
1752789600000000,175.49000000,177.13000000,175.29000000,176.95000000,75367.64900000,1752790499999999,13283168.67197000,42799,53734.07400000,9471294.53104000,0
1752790500000000,176.95000000,177.40000000,175.75000000,175.82000000,41710.46100000,1752791399999999,7364185.10296000,35594,20867.53400000,3685061.23115000,0
1752791400000000,175.82000000,176.21000000,175.71000000,175.83000000,23712.14200000,1752792299999999,4172215.21690000,18975,13084.20000000,2302210.18061000,0
1752792300000000,175.83000000,176.59000000,174.90000000,175.49000000,62316.31500000,1752793199999999,10943515.00487000,33171,36589.69200000,6426223.70738000,0
1752793200000000,175.48000000,175.98000000,175.23000000,175.62000000,43913.09500000,1752794099999999,7713060.12555000,26939,22964.71500000,4032838.44776000,0
1752794100000000,175.62000000,176.89000000,175.62000000,176.84000000,64591.55000000,1752794999999999,11389882.81495000,38306,39674.58900000,6994634.84541000,0
1752795000000000,176.84000000,176.84000000,175.78000000,176.17000000,43117.66400000,1752795899999999,7596856.44801000,23293,20293.51600000,3575437.64129000,0
1752795900000000,176.18000000,176.51000000,175.51000000,175.87000000,38365.69000000,1752796799999999,6749706.30567000,24415,18501.64700000,3254179.31692000,0
1752796800000000,175.88000000,176.90000000,175.29000000,175.61000000,44515.58900000,1752797699999999,7843292.78040000,28922,21007.12100000,3701353.18283000,0
1752797700000000,175.61000000,177.92000000,175.57000000,177.57000000,63392.88600000,1752798599999999,11224728.46731000,34646,45260.95800000,8017615.87954000,0
1752798600000000,177.58000000,179.28000000,177.35000000,179.28000000,111222.53900000,1752799499999999,19852418.69169000,47728,77598.82200000,13852690.86414000,0
1752799500000000,179.28000000,179.89000000,178.90000000,179.81000000,80629.40500000,1752800399999999,14468496.29137000,43132,50286.38400000,9026218.00111000,0
1752800400000000,179.80000000,181.15000000,178.92000000,181.09000000,153306.03700000,1752801299999999,27610121.90081000,59478,106537.00500000,19193259.30465000,0
1752801300000000,181.10000000,181.11000000,179.17000000,180.00000000,117675.25300000,1752802199999999,21201366.84267000,63941,53507.29800000,9639645.81499000,0
1752802200000000,179.99000000,180.46000000,179.29000000,179.54000000,70150.52300000,1752803099999999,12621926.42463000,40345,34101.61500000,6136372.07778000,0
1752803100000000,179.54000000,180.85000000,179.26000000,180.60000000,64884.57200000,1752803999999999,11694427.58371000,32284,38053.58400000,6857976.70590000,0
1752804000000000,180.60000000,180.64000000,178.86000000,179.22000000,43416.30900000,1752804899999999,7794114.15255000,35106,17114.16300000,3071946.66034000,0
1752804900000000,179.22000000,179.86000000,178.89000000,179.85000000,24781.85300000,1752805799999999,4441651.13788000,19901,13485.54600000,2417669.06026000,0
1752805800000000,179.86000000,179.95000000,179.20000000,179.28000000,33079.29100000,1752806699999999,5941393.77432000,21262,12744.71100000,2288965.82300000,0
1752806700000000,179.27000000,179.80000000,179.03000000,179.65000000,22865.32600000,1752807599999999,4104978.65461000,15794,12012.04800000,2156918.10142000,0
1752807600000000,179.65000000,180.44000000,179.56000000,180.29000000,42080.52400000,1752808499999999,7573717.54107000,25491,19880.74500000,3579064.00477000,0
1752808500000000,180.28000000,180.98000000,179.89000000,179.95000000,46738.51900000,1752809399999999,8433088.21363000,26962,21872.43000000,3947696.09616000,0
1752809400000000,179.94000000,181.00000000,179.75000000,180.98000000,45636.13400000,1752810299999999,8230047.33997000,19241,17726.12600000,3198644.84317000,0
1752810300000000,180.97000000,180.99000000,180.24000000,180.80000000,26632.20500000,1752811199999999,4811391.53151000,19251,14083.88300000,2544594.89721000,0
1752811200000000,180.79000000,180.82000000,179.86000000,180.19000000,35453.58200000,1752812099999999,6388974.75399000,21530,12802.16800000,2307062.21364000,0
1752812100000000,180.19000000,181.92000000,180.16000000,181.46000000,73708.46500000,1752812999999999,13360677.39900000,37355,46187.66300000,8370761.88230000,0
1752813000000000,181.45000000,181.86000000,181.30000000,181.48000000,44909.11000000,1752813899999999,8153698.53460000,22118,23757.49500000,4313518.89240000,0
1752813900000000,181.48000000,181.94000000,181.26000000,181.86000000,40348.27700000,1752814799999999,7326502.88283000,24681,18930.44900000,3437848.42038000,0
1752814800000000,181.86000000,184.45000000,181.21000000,184.35000000,230612.83600000,1752815699999999,42215047.66104000,85206,133215.49600000,24378359.41059000,0
1752815700000000,184.34000000,184.67000000,182.88000000,183.11000000,210856.53400000,1752816599999999,38771238.15831000,88400,96156.90900000,17680346.75693000,0
1752816600000000,183.10000000,183.98000000,183.03000000,183.20000000,100221.33100000,1752817499999999,18383848.14331000,47330,54321.05200000,9965135.83755000,0
1752817500000000,183.21000000,183.85000000,183.03000000,183.62000000,56667.31200000,1752818399999999,10394731.26374000,27374,27124.01600000,4975802.00573000,0
1752818400000000,183.62000000,183.90000000,182.26000000,183.58000000,101568.39700000,1752819299999999,18589948.52934000,36646,34944.49200000,6399842.09197000,0
1752819300000000,183.58000000,183.60000000,182.37000000,182.73000000,53135.43100000,1752820199999999,9713027.89946000,26347,16857.48300000,3081052.36073000,0
1752820200000000,182.73000000,183.53000000,182.63000000,183.30000000,38241.79200000,1752821099999999,7006515.91702000,24294,22539.09600000,4130094.62940000,0
1752821100000000,183.29000000,183.61000000,183.17000000,183.51000000,31746.79900000,1752821999999999,5822933.59325000,19261,18516.37500000,3396400.23545000,0
1752822000000000,183.50000000,184.20000000,183.05000000,183.17000000,56430.64500000,1752822899999999,10366249.49783000,28883,33752.62500000,6202517.37625000,0
1752822900000000,183.17000000,183.74000000,182.41000000,183.51000000,72997.63500000,1752823799999999,13358896.93063000,42145,45452.81600000,8318154.10248000,0
1752823800000000,183.51000000,183.97000000,182.30000000,182.89000000,65380.86800000,1752824699999999,11979484.35604000,43509,35023.08200000,6419084.04307000,0
1752824700000000,182.89000000,182.91000000,180.86000000,180.94000000,75853.82200000,1752825599999999,13791702.83036000,45615,24547.47700000,4466176.80255000,0
1752825600000000,180.93000000,181.87000000,180.93000000,180.96000000,57127.54200000,1752826499999999,10359195.40391000,32086,22198.17200000,4024571.89633000,0
1752826500000000,180.95000000,181.97000000,180.86000000,181.47000000,38278.82500000,1752827399999999,6947915.62301000,24185,14997.86900000,2721726.99712000,0
1752827400000000,181.47000000,181.47000000,178.58000000,178.75000000,105282.61400000,1752828299999999,18922802.08036000,69636,33081.49300000,5943788.85545000,0
1752828300000000,178.75000000,180.08000000,178.57000000,179.39000000,47376.73800000,1752829199999999,8507338.33131000,31327,27804.68500000,4993858.02477000,0
1752829200000000,179.39000000,179.93000000,178.74000000,179.87000000,52781.92600000,1752830099999999,9465939.83204000,32858,34028.85500000,6101649.26800000,0
1752830100000000,179.88000000,179.97000000,179.06000000,179.17000000,34155.23400000,1752830999999999,6130015.84978000,22964,15498.15200000,2781746.65694000,0
1752831000000000,179.18000000,179.51000000,178.85000000,179.28000000,23754.33900000,1752831899999999,4257484.60218000,20306,15099.23400000,2706323.74130000,0
1752831900000000,179.29000000,180.04000000,179.28000000,179.96000000,28466.15000000,1752832799999999,5117988.17417000,17253,15177.63300000,2728938.42460000,0
1752832800000000,179.96000000,179.96000000,179.03000000,179.38000000,27731.77000000,1752833699999999,4977410.65004000,17986,11721.16000000,2104181.92361000,0
1752833700000000,179.37000000,179.45000000,177.97000000,178.63000000,44937.50300000,1752834599999999,8019906.21744000,31414,17430.28800000,3111320.08383000,0
1752834600000000,178.63000000,178.98000000,178.32000000,178.74000000,22636.05700000,1752835499999999,4045342.47834000,20080,14236.48400000,2544644.39057000,0
1752835500000000,178.74000000,179.55000000,178.49000000,179.40000000,27493.62200000,1752836399999999,4927095.22261000,18221,18640.46200000,3340160.67600000,0
1752836400000000,179.39000000,179.50000000,178.17000000,178.26000000,40181.48400000,1752837299999999,7188385.84969000,22208,18393.33200000,3290949.31490000,0
1752837300000000,178.26000000,178.42000000,177.10000000,177.81000000,59782.51400000,1752838199999999,10622391.80236000,30123,20361.76400000,3618661.99033000,0
1752838200000000,177.80000000,178.64000000,177.69000000,178.52000000,28178.94300000,1752839099999999,5021864.54920000,20068,14442.79300000,2573689.94280000,0
1752839100000000,178.53000000,178.63000000,178.06000000,178.46000000,21919.90100000,1752839999999999,3910333.24517000,16294,7935.80200000,1415671.80923000,0
1752840000000000,178.45000000,178.74000000,178.30000000,178.61000000,30719.00700000,1752840899999999,5484258.59119000,16379,10834.31500000,1934410.26093000,0
1752840900000000,178.60000000,179.14000000,178.40000000,178.84000000,36660.22600000,1752841799999999,6555380.68469000,18694,18839.73300000,3369073.52216000,0
1752841800000000,178.83000000,179.48000000,178.83000000,179.38000000,34223.06300000,1752842699999999,6134905.68698000,15467,16645.62400000,2983684.43595000,0
1752842700000000,179.38000000,180.17000000,179.30000000,180.14000000,53316.07200000,1752843599999999,9583580.78737000,16558,28188.90200000,5068175.68162000,0
1752843600000000,180.15000000,180.31000000,179.25000000,179.70000000,52335.98600000,1752844499999999,9409872.93539000,28281,19705.05900000,3542545.95582000,0
1752844500000000,179.69000000,180.25000000,179.14000000,180.23000000,35325.30800000,1752845399999999,6346853.62910000,28031,18335.84000000,3295273.76157000,0
1752845400000000,180.22000000,182.02000000,180.03000000,181.05000000,120215.69700000,1752846299999999,21799284.96319000,57078,64158.19500000,11633610.01513000,0
1752846300000000,181.05000000,181.80000000,180.68000000,180.76000000,51805.46900000,1752847199999999,9398152.13004000,28097,30210.63200000,5481779.49559000,0
1752847200000000,180.75000000,181.51000000,180.37000000,181.09000000,38629.92200000,1752848099999999,6991283.13455000,30967,20247.40800000,3665267.67841000,0
1752848100000000,181.09000000,181.11000000,177.26000000,177.93000000,159514.78800000,1752848999999999,28498604.72844000,88145,57056.37300000,10191427.69459000,0
1752849000000000,177.93000000,178.41000000,176.61000000,177.90000000,135486.62000000,1752849899999999,24033219.32530000,63575,64235.12400000,11398846.47830000,0
1752849900000000,177.90000000,179.01000000,177.87000000,178.51000000,51883.41900000,1752850799999999,9260973.00772000,34465,32345.80200000,5773656.37746000,0
1752850800000000,178.50000000,178.77000000,177.13000000,177.14000000,46041.07700000,1752851699999999,8198774.08770000,42627,22766.14900000,4055115.71683000,0
1752851700000000,177.15000000,177.59000000,175.29000000,176.16000000,129316.39600000,1752852599999999,22768847.76990000,67297,47888.78500000,8432531.95754000,0
1752852600000000,176.17000000,176.57000000,174.86000000,176.00000000,82219.55400000,1752853499999999,14441942.79584000,47619,26422.37500000,4643534.35675000,0
1752853500000000,176.00000000,177.09000000,175.54000000,177.02000000,43678.97200000,1752854399999999,7710547.36933000,27089,25697.52500000,4537392.77993000,0
1752854400000000,177.02000000,177.77000000,176.64000000,176.64000000,53326.61700000,1752855299999999,9451182.54546000,33878,26705.58900000,4732412.29299000,0
1752855300000000,176.64000000,178.35000000,176.16000000,178.06000000,67577.37100000,1752856199999999,11983994.48299000,36377,31928.14200000,5664060.70841000,0
1752856200000000,178.06000000,179.05000000,177.43000000,178.84000000,40507.95100000,1752857099999999,7221401.47772000,32383,23250.49900000,4146000.99406000,0
1752857100000000,178.85000000,179.08000000,177.94000000,178.38000000,36289.68500000,1752857999999999,6482174.22876000,22230,18254.76100000,3260905.77980000,0
1752858000000000,178.39000000,178.46000000,177.69000000,178.03000000,28899.44600000,1752858899999999,5148785.17453000,22197,14818.65400000,2640526.95524000,0
1752858900000000,178.03000000,178.99000000,178.01000000,178.85000000,34085.73500000,1752859799999999,6079767.88219000,20148,18166.59700000,3241098.42870000,0
1752859800000000,178.84000000,179.11000000,178.31000000,178.49000000,23096.13700000,1752860699999999,4129263.01540000,19249,13824.06000000,2471569.83350000,0
1752860700000000,178.50000000,178.72000000,178.20000000,178.49000000,15597.78900000,1752861599999999,2783982.61049000,17262,7542.49200000,1346213.37711000,0
1752861600000000,178.50000000,178.51000000,177.67000000,177.85000000,23980.50200000,1752862499999999,4268776.00336000,20886,14154.65200000,2519442.21458000,0
1752862500000000,177.85000000,178.54000000,177.55000000,178.51000000,40050.35900000,1752863399999999,7133622.12428000,21392,24750.02100000,4408282.32763000,0
1752863400000000,178.50000000,178.79000000,178.06000000,178.20000000,12485.98200000,1752864299999999,2227778.05115000,17417,5705.63200000,1018062.83655000,0
1752864300000000,178.20000000,178.55000000,177.69000000,177.93000000,24932.20300000,1752865199999999,4445347.27681000,16046,7331.36600000,1306397.36732000,0
1752865200000000,177.92000000,178.15000000,176.60000000,176.86000000,31644.43600000,1752866099999999,5603113.28369000,30271,13089.86600000,2317219.27209000,0
1752866100000000,176.87000000,178.53000000,176.87000000,177.95000000,27185.74000000,1752866999999999,4831878.65700000,24019,18420.83500000,3272186.65018000,0
1752867000000000,177.94000000,177.97000000,176.94000000,176.99000000,15092.82300000,1752867899999999,2677154.21915000,20176,6658.13000000,1181045.67112000,0
1752867900000000,176.99000000,177.04000000,176.15000000,176.99000000,36849.88700000,1752868799999999,6506867.88023000,21308,20482.92700000,3617236.67230000,0
1752868800000000,176.98000000,177.13000000,175.50000000,175.95000000,57343.74200000,1752869699999999,10095090.70288000,36831,25550.00900000,4498139.19243000,0
1752869700000000,175.95000000,176.38000000,174.11000000,174.23000000,85789.49300000,1752870599999999,15016008.04516000,49965,34667.28600000,6070697.82289000,0
1752870600000000,174.24000000,174.64000000,173.24000000,174.57000000,92636.45100000,1752871499999999,16113329.38879000,48248,38405.89200000,6680841.21107000,0
1752871500000000,174.57000000,176.05000000,174.47000000,175.33000000,68355.24400000,1752872399999999,11998641.74675000,32971,49129.74300000,8624379.90714000,0
1752872400000000,175.32000000,176.52000000,175.23000000,176.48000000,25682.48700000,1752873299999999,4523038.60851000,20195,14863.64600000,2617109.01980000,0
1752873300000000,176.48000000,176.85000000,176.16000000,176.35000000,36895.28300000,1752874199999999,6515199.56766000,19390,25864.43800000,4567346.66807000,0
1752874200000000,176.34000000,176.88000000,176.25000000,176.84000000,19638.80900000,1752875099999999,3468366.62570000,12605,14161.99200000,2501050.52182000,0
1752875100000000,176.84000000,177.03000000,175.80000000,175.97000000,20077.09900000,1752875999999999,3541748.62157000,12262,8976.91400000,1584390.35083000,0
1752876000000000,175.96000000,175.99000000,174.86000000,175.54000000,22093.35000000,1752876899999999,3874184.09988000,25187,10633.21100000,1864531.35359000,0
1752876900000000,175.53000000,176.81000000,175.42000000,176.63000000,27599.32400000,1752877799999999,4859892.93304000,15007,18208.79900000,3208266.17839000,0
1752877800000000,176.63000000,176.96000000,176.40000000,176.46000000,14097.45200000,1752878699999999,2491104.05308000,10447,8207.84500000,1450498.61285000,0
1752878700000000,176.45000000,176.64000000,175.61000000,175.90000000,33706.59400000,1752879599999999,5935683.21939000,18677,11063.74600000,1947662.50489000,0
1752879600000000,175.90000000,176.84000000,175.14000000,176.61000000,45031.56500000,1752880499999999,7919431.69300000,31497,29011.17200000,5103184.98931000,0
1752880500000000,176.61000000,177.29000000,176.32000000,176.90000000,65139.35200000,1752881399999999,11524998.99395000,26566,50868.28700000,8999590.96820000,0
1752881400000000,176.90000000,177.39000000,176.90000000,177.23000000,11241.34400000,1752882299999999,1991744.82560000,11233,6844.37600000,1212631.36381000,0
1752882300000000,177.23000000,177.62000000,177.11000000,177.28000000,14326.37700000,1752883199999999,2540999.11941000,10102,9374.12900000,1662648.02905000,0
1752883200000000,177.28000000,177.43000000,176.97000000,177.20000000,18536.57200000,1752884099999999,3286039.96111000,12954,9883.81400000,1752338.48043000,0
1752884100000000,177.19000000,177.28000000,176.86000000,177.13000000,10468.07900000,1752884999999999,1853870.81034000,8995,5008.08300000,886870.67886000,0
1752885000000000,177.13000000,177.36000000,176.19000000,176.56000000,21812.56800000,1752885899999999,3855730.18314000,15566,7836.23800000,1385021.64750000,0
1752885900000000,176.57000000,176.65000000,175.10000000,175.18000000,27105.12900000,1752886799999999,4766836.28785000,18662,6221.49400000,1094381.48961000,0
1752886800000000,175.18000000,175.29000000,174.00000000,175.26000000,41750.52300000,1752887699999999,7293776.15689000,34784,14126.39400000,2468110.47360000,0
1752887700000000,175.25000000,176.44000000,175.22000000,176.43000000,42383.55100000,1752888599999999,7457384.82499000,19125,22488.16000000,3956328.73738000,0
1752888600000000,176.43000000,176.70000000,176.07000000,176.47000000,22576.03000000,1752889499999999,3982330.17417000,13432,8807.27100000,1553452.90973000,0
1752889500000000,176.47000000,176.78000000,176.15000000,176.61000000,20307.06400000,1752890399999999,3584451.50980000,14049,8938.16700000,1577842.12720000,0
1752890400000000,176.62000000,176.72000000,175.70000000,176.47000000,14699.81700000,1752891299999999,2590711.06166000,17207,7409.45600000,1305636.02486000,0
1752891300000000,176.46000000,176.80000000,176.00000000,176.18000000,12697.97300000,1752892199999999,2240469.83800000,17563,6167.08800000,1088148.97938000,0
1752892200000000,176.17000000,177.20000000,176.17000000,177.11000000,19183.81100000,1752893099999999,3392941.05961000,12250,12731.22500000,2251952.08104000,0
1752893100000000,177.12000000,177.26000000,176.99000000,177.14000000,17983.79400000,1752893999999999,3185641.02113000,16037,11916.61600000,2111006.05059000,0
1752894000000000,177.14000000,177.50000000,177.01000000,177.45000000,37830.75000000,1752894899999999,6705657.16779000,22909,19226.20900000,3408615.68259000,0
1752894900000000,177.45000000,177.50000000,177.28000000,177.39000000,14196.17900000,1752895799999999,2518235.36535000,14292,8369.04400000,1484516.06902000,0
1752895800000000,177.39000000,177.69000000,177.30000000,177.56000000,15402.76400000,1752896699999999,2734475.29282000,11200,9599.89000000,1704278.37040000,0
1752896700000000,177.56000000,177.59000000,176.90000000,177.45000000,17407.91800000,1752897599999999,3086123.39536000,13417,9221.73600000,1635118.91956000,0
1752897600000000,177.45000000,177.74000000,177.25000000,177.61000000,28111.51100000,1752898499999999,4992576.98460000,19329,20314.91200000,3608179.32276000,0
1752898500000000,177.61000000,177.62000000,177.26000000,177.38000000,10045.65600000,1752899399999999,1782361.92181000,11583,5352.16400000,949628.55916000,0
1752899400000000,177.37000000,177.66000000,177.11000000,177.11000000,17671.41400000,1752900299999999,3133928.70478000,13870,7078.03300000,1255323.88857000,0
1752900300000000,177.11000000,177.43000000,177.02000000,177.31000000,18696.73600000,1752901199999999,3313855.58706000,9794,5593.07400000,991476.23357000,0
1752901200000000,177.31000000,177.39000000,176.80000000,177.02000000,33861.46300000,1752902099999999,5995163.11376000,12624,8200.19700000,1452281.80668000,0
1752902100000000,177.02000000,177.70000000,176.87000000,177.62000000,30180.24900000,1752902999999999,5352957.14517000,14113,15415.15400000,2734514.87195000,0
1752903000000000,177.61000000,177.77000000,177.27000000,177.56000000,42128.35100000,1752903899999999,7480851.55761000,20319,23175.21400000,4115275.29444000,0
1752903900000000,177.55000000,177.61000000,177.22000000,177.55000000,11090.48300000,1752904799999999,1967557.24186000,8863,5695.26300000,1010302.44844000,0
1752904800000000,177.54000000,177.64000000,177.29000000,177.30000000,7653.41800000,1752905699999999,1358284.72182000,9598,3704.34900000,657457.29555000,0
1752905700000000,177.29000000,177.50000000,176.59000000,176.60000000,13903.41900000,1752906599999999,2462291.49859000,10536,6315.72200000,1119229.74935000,0
1752906600000000,176.59000000,176.96000000,176.26000000,176.39000000,17879.83200000,1752907499999999,3156706.79342000,14440,8747.07300000,1544043.35813000,0
1752907500000000,176.39000000,176.77000000,176.10000000,176.27000000,18883.99200000,1752908399999999,3331671.53098000,14507,8805.37400000,1553350.32331000,0
1752908400000000,176.26000000,176.78000000,176.15000000,176.62000000,18845.88600000,1752909299999999,3326296.48501000,13040,11673.75700000,2060929.39064000,0
1752909300000000,176.62000000,177.32000000,176.41000000,177.04000000,10124.17600000,1752910199999999,1791500.33353000,8318,6505.82000000,1151159.14871000,0
1752910200000000,177.04000000,177.04000000,176.53000000,176.81000000,7070.67500000,1752911099999999,1249672.18803000,11742,3612.88800000,638499.45500000,0
1752911100000000,176.81000000,177.17000000,176.81000000,176.99000000,5313.79400000,1752911999999999,940796.34620000,6604,2871.55900000,508333.60912000,0
1752912000000000,176.99000000,177.15000000,176.17000000,176.23000000,10098.93700000,1752912899999999,1784354.52864000,10589,3588.55000000,634083.32634000,0
1752912900000000,176.22000000,176.34000000,175.65000000,176.03000000,25027.22500000,1752913799999999,4401773.05039000,18755,14665.56200000,2579004.90527000,0
1752913800000000,176.03000000,176.08000000,175.41000000,175.79000000,17241.09300000,1752914699999999,3029445.37072000,15868,4920.61700000,864680.40227000,0
1752914700000000,175.78000000,176.18000000,175.53000000,176.04000000,12842.69300000,1752915599999999,2259464.29902000,13215,6795.32600000,1195489.14295000,0
1752915600000000,176.04000000,176.42000000,175.83000000,176.03000000,5322.17300000,1752916499999999,937413.49107000,11464,3044.44300000,536191.95255000,0
1752916500000000,176.04000000,176.50000000,176.00000000,176.35000000,7153.15500000,1752917399999999,1260672.16687000,10131,2900.61700000,511296.06452000,0
1752917400000000,176.34000000,176.89000000,176.22000000,176.74000000,18293.89200000,1752918299999999,3233322.30472000,10771,8041.48500000,1421082.30382000,0
1752918300000000,176.74000000,177.00000000,176.49000000,176.69000000,9390.20100000,1752919199999999,1659922.92032000,10563,5054.04200000,893458.72988000,0
1752919200000000,176.70000000,176.84000000,176.46000000,176.73000000,9689.78800000,1752920099999999,1712262.42883000,11624,4953.86600000,875383.01564000,0
1752920100000000,176.72000000,177.06000000,176.64000000,177.03000000,11606.73700000,1752920999999999,2053581.43091000,8893,7918.17700000,1401112.92929000,0
1752921000000000,177.02000000,177.58000000,177.02000000,177.54000000,16433.17700000,1752921899999999,2913379.62861000,9232,8072.79700000,1431418.71488000,0
1752921900000000,177.54000000,177.64000000,177.26000000,177.39000000,19386.15300000,1752922799999999,3440547.14471000,14718,8641.66700000,1533959.62386000,0
1752922800000000,177.38000000,177.81000000,176.63000000,176.69000000,14360.28400000,1752923699999999,2548878.22383000,14288,8918.86700000,1583888.29883000,0
1752923700000000,176.69000000,177.46000000,176.19000000,177.39000000,22288.10100000,1752924599999999,3942484.98346000,21815,12751.94100000,2255508.86564000,0
1752924600000000,177.39000000,177.52000000,177.02000000,177.21000000,10290.29100000,1752925499999999,1824093.35820000,11624,4763.35800000,844530.16989000,0
1752925500000000,177.22000000,177.22000000,176.36000000,176.59000000,17233.50900000,1752926399999999,3046981.76205000,17110,6534.23100000,1154642.41461000,0
1752926400000000,176.60000000,176.76000000,175.75000000,175.90000000,27022.83200000,1752927299999999,4762094.61530000,19662,6618.50200000,1166714.09092000,0
1752927300000000,175.89000000,176.51000000,175.70000000,176.15000000,22454.08000000,1752928199999999,3954734.55409000,19959,10986.48800000,1935091.83145000,0
1752928200000000,176.16000000,176.50000000,175.82000000,176.32000000,11481.54300000,1752929099999999,2023803.26673000,15716,6719.89500000,1184553.74375000,0
1752929100000000,176.31000000,177.40000000,176.12000000,177.34000000,19906.67200000,1752929999999999,3522648.55648000,13117,11256.16700000,1991270.52901000,0
1752930000000000,177.33000000,177.75000000,176.93000000,177.74000000,29358.06100000,1752930899999999,5208243.13504000,16524,16939.83100000,3005740.28437000,0
1752930900000000,177.75000000,177.84000000,177.17000000,177.50000000,20182.20200000,1752931799999999,3583486.19021000,16373,11465.78500000,2036193.95491000,0
1752931800000000,177.50000000,177.78000000,177.40000000,177.66000000,26444.35300000,1752932699999999,4697023.48761000,11879,10779.26900000,1914676.39108000,0
1752932700000000,177.66000000,177.84000000,177.07000000,177.47000000,34024.90000000,1752933599999999,6041551.94238000,22132,12206.61100000,2166319.67138000,0
1752933600000000,177.47000000,177.88000000,176.45000000,176.61000000,46896.28600000,1752934499999999,8304485.50063000,21768,12791.76000000,2265622.61327000,0
1752934500000000,176.62000000,177.08000000,176.01000000,176.10000000,22745.87000000,1752935399999999,4015531.96885000,18827,12231.68400000,2159853.81694000,0
1752935400000000,176.10000000,176.46000000,175.65000000,176.06000000,50768.78300000,1752936299999999,8938183.79575000,29558,30015.60700000,5285199.53256000,0
1752936300000000,176.06000000,176.28000000,174.80000000,175.01000000,37896.73800000,1752937199999999,6645589.27406000,29320,16771.21900000,2942431.64897000,0
1752937200000000,175.00000000,175.85000000,174.87000000,175.64000000,31826.20500000,1752938099999999,5584342.67807000,21449,23147.45400000,4061178.86290000,0
1752938100000000,175.64000000,176.61000000,175.63000000,176.56000000,21619.37500000,1752938999999999,3810916.12112000,16204,12710.04500000,2239890.97753000,0
1752939000000000,176.55000000,177.44000000,176.22000000,177.44000000,43145.57300000,1752939899999999,7636277.80726000,18065,23209.43700000,4107395.25687000,0
1752939900000000,177.44000000,177.46000000,176.97000000,177.40000000,26987.05500000,1752940799999999,4784487.74143000,14721,10917.74600000,1935495.37141000,0
1752940800000000,177.41000000,177.41000000,176.49000000,177.12000000,25550.84600000,1752941699999999,4522804.94847000,22295,12098.43500000,2141490.93420000,0
1752941700000000,177.13000000,177.82000000,176.96000000,177.59000000,26841.47500000,1752942599999999,4765021.31944000,23714,16757.95900000,2974858.71372000,0
1752942600000000,177.60000000,177.87000000,177.44000000,177.68000000,19144.62300000,1752943499999999,3402540.67537000,14245,10278.60600000,1826837.11285000,0
1752943500000000,177.68000000,177.83000000,177.35000000,177.54000000,18455.67000000,1752944399999999,3278832.68406000,14054,9435.88700000,1676146.56859000,0
1752944400000000,177.55000000,177.82000000,177.16000000,177.23000000,17317.12300000,1752945299999999,3074495.93831000,14525,7664.41900000,1360908.41189000,0
1752945300000000,177.23000000,177.48000000,176.88000000,177.01000000,8311.05600000,1752946199999999,1472421.14512000,12767,3203.14000000,567515.86394000,0
1752946200000000,177.01000000,177.09000000,176.50000000,176.58000000,11000.34700000,1752947099999999,1944765.04832000,14157,5109.66900000,903407.07859000,0
1752947100000000,176.59000000,176.83000000,176.12000000,176.32000000,8463.50100000,1752947999999999,1493900.05477000,10704,3629.44700000,640635.04136000,0
1752948000000000,176.32000000,177.23000000,176.19000000,177.01000000,11862.62700000,1752948899999999,2096360.44092000,16066,7036.03900000,1243226.21982000,0
1752948900000000,177.02000000,177.52000000,176.64000000,177.36000000,9740.46600000,1752949799999999,1725936.98408000,13740,5741.59600000,1017352.41659000,0
1752949800000000,177.37000000,177.43000000,177.02000000,177.07000000,6772.35400000,1752950699999999,1200353.49916000,11510,3587.87600000,635915.23921000,0
1752950700000000,177.07000000,177.17000000,176.72000000,176.82000000,5890.23900000,1752951599999999,1041954.12969000,11175,2611.98700000,462020.88527000,0
1752951600000000,176.83000000,177.12000000,176.21000000,176.55000000,10056.10300000,1752952499999999,1776287.81721000,12602,3605.83600000,637006.95797000,0
1752952500000000,176.55000000,177.16000000,176.42000000,177.15000000,11814.56600000,1752953399999999,2089226.07819000,10687,5244.15200000,927240.69492000,0
1752953400000000,177.15000000,178.19000000,176.96000000,177.69000000,33178.90900000,1752954299999999,5894370.96819000,19142,19452.47000000,3456927.50288000,0
1752954300000000,177.68000000,177.68000000,176.46000000,177.04000000,23745.10000000,1752955199999999,4201446.33647000,18221,8136.91900000,1439552.47212000,0
1752955200000000,177.04000000,177.74000000,176.97000000,177.68000000,13649.58700000,1752956099999999,2421899.83855000,18047,8438.92400000,1497289.77665000,0
1752956100000000,177.68000000,177.88000000,177.35000000,177.81000000,8461.56800000,1752956999999999,1503151.28721000,11614,4455.08700000,791542.29869000,0
1752957000000000,177.80000000,177.94000000,177.64000000,177.81000000,17931.93300000,1752957899999999,3189024.57398000,13144,9565.70300000,1701171.07572000,0
1752957900000000,177.80000000,178.61000000,177.42000000,177.43000000,95669.35600000,1752958799999999,17044052.34992000,39968,48915.57700000,8715365.63950000,0
1752958800000000,177.42000000,177.80000000,175.77000000,175.95000000,33074.13900000,1752959699999999,5841816.83350000,25250,17045.80900000,3010976.05741000,0
1752959700000000,175.94000000,176.27000000,175.13000000,176.08000000,68576.95000000,1752960599999999,12038473.74361000,29030,42480.70600000,7455393.89200000,0
1752960600000000,176.08000000,176.08000000,175.01000000,175.22000000,59986.11400000,1752961499999999,10525809.07900000,16873,35329.88200000,6201188.86712000,0
1752961500000000,175.21000000,176.07000000,174.91000000,175.89000000,55966.79900000,1752962399999999,9818882.90738000,12561,31615.62800000,5552384.29216000,0
1752962400000000,175.89000000,175.89000000,175.27000000,175.74000000,30079.38200000,1752963299999999,5283110.88988000,17142,17719.21300000,3111719.22927000,0
1752963300000000,175.74000000,176.36000000,175.72000000,175.91000000,18711.51800000,1752964199999999,3294374.64952000,11997,9927.06400000,1747567.03907000,0
1752964200000000,175.91000000,176.26000000,175.63000000,176.24000000,9683.51100000,1752965099999999,1703182.52893000,10101,5642.68800000,992549.74315000,0
1752965100000000,176.24000000,176.57000000,175.94000000,176.41000000,13947.87100000,1752965999999999,2459039.42001000,11531,9452.80100000,1666688.31628000,0
1752966000000000,176.41000000,176.77000000,176.27000000,176.69000000,12952.99500000,1752966899999999,2286873.06923000,11975,6222.15200000,1098654.87144000,0
1752966900000000,176.69000000,176.69000000,176.20000000,176.41000000,8318.24000000,1752967799999999,1467482.33305000,9563,4079.84500000,719681.90536000,0
1752967800000000,176.41000000,176.91000000,176.41000000,176.88000000,9026.49200000,1752968699999999,1595634.96268000,10101,5161.91300000,912480.26443000,0
1752968700000000,176.88000000,177.08000000,176.61000000,176.96000000,9912.03400000,1752969599999999,1753432.54468000,9357,5831.40400000,1031595.74315000,0
1752969600000000,176.97000000,177.07000000,176.33000000,176.67000000,9881.98300000,1752970499999999,1746252.87992000,11760,3726.11900000,658460.37237000,0
1752970500000000,176.68000000,177.25000000,176.54000000,176.79000000,16621.67700000,1752971399999999,2941396.91844000,13985,7645.67500000,1352970.52348000,0
1752971400000000,176.80000000,177.50000000,176.69000000,177.24000000,15792.81500000,1752972299999999,2798593.28968000,14646,6781.63500000,1201766.29034000,0
1752972300000000,177.24000000,177.94000000,177.19000000,177.66000000,26552.95500000,1752973199999999,4717857.09196000,12678,9429.94000000,1675235.82245000,0
1752973200000000,177.66000000,179.69000000,177.62000000,179.28000000,150256.61600000,1752974099999999,26891384.78482000,57793,90110.81300000,16127239.04654000,0
1752974100000000,179.27000000,179.75000000,178.93000000,179.18000000,145007.37200000,1752974999999999,26011588.59475000,55272,68104.97300000,12217475.91755000,0
1752975000000000,179.18000000,179.63000000,178.22000000,178.78000000,154213.70500000,1752975899999999,27588977.04483000,61775,68310.93800000,12221218.86570000,0
1752975900000000,178.79000000,178.90000000,177.76000000,177.87000000,51370.39600000,1752976799999999,9170706.25260000,30684,21037.99500000,3755695.66804000,0
1752976800000000,177.88000000,177.89000000,177.26000000,177.71000000,20496.60700000,1752977699999999,3640476.82007000,20010,11226.96400000,1994581.07310000,0
1752977700000000,177.71000000,177.94000000,177.03000000,177.12000000,13395.81500000,1752978599999999,2376960.70261000,15050,5571.26100000,988934.85995000,0
1752978600000000,177.11000000,177.83000000,176.97000000,177.50000000,14771.98400000,1752979499999999,2622540.28806000,15446,7847.45800000,1393444.40545000,0
1752979500000000,177.51000000,177.91000000,177.20000000,177.54000000,12607.89500000,1752980399999999,2239882.14921000,13800,5706.82100000,1013986.09495000,0
1752980400000000,177.55000000,177.69000000,177.16000000,177.53000000,12495.73000000,1752981299999999,2217499.20744000,14032,6325.01800000,1122412.33927000,0
1752981300000000,177.53000000,178.12000000,177.15000000,178.01000000,22330.21300000,1752982199999999,3967684.54896000,17421,10514.06100000,1867751.05280000,0
1752982200000000,178.02000000,178.77000000,178.00000000,178.26000000,44137.70200000,1752983099999999,7876274.90987000,30228,21039.27200000,3754784.43926000,0
1752983100000000,178.27000000,178.35000000,177.87000000,177.98000000,19479.23800000,1752983999999999,3468762.29618000,19516,6928.07600000,1233787.19915000,0
1752984000000000,177.97000000,178.17000000,177.51000000,177.74000000,14811.48000000,1752984899999999,2635180.22531000,18433,6278.99500000,1117255.76030000,0
1752984900000000,177.74000000,178.39000000,177.58000000,178.34000000,17105.77300000,1752985799999999,3045919.32179000,14784,8055.90500000,1434581.37380000,0
1752985800000000,178.35000000,178.56000000,177.58000000,177.68000000,16009.26900000,1752986699999999,2851111.64624000,12864,5525.44000000,984139.97902000,0
1752986700000000,177.69000000,177.89000000,177.47000000,177.58000000,14786.71400000,1752987599999999,2627656.27216000,11272,7977.40800000,1417732.57946000,0
1752987600000000,177.59000000,177.72000000,177.10000000,177.33000000,8349.73700000,1752988499999999,1480944.09899000,8782,3560.90300000,631621.23183000,0
1752988500000000,177.33000000,177.44000000,177.11000000,177.23000000,7994.16400000,1752989399999999,1417239.28762000,8510,4564.31100000,809161.00029000,0
1752989400000000,177.22000000,177.83000000,177.22000000,177.80000000,12079.62800000,1752990299999999,2144620.35540000,9382,6417.75700000,1139752.17155000,0
1752990300000000,177.79000000,178.00000000,177.62000000,177.80000000,16914.30900000,1752991199999999,3008359.18312000,9959,10105.82500000,1797512.40455000,0
1752991200000000,177.80000000,177.81000000,177.31000000,177.34000000,10886.13700000,1752992099999999,1931911.87076000,9726,4796.04200000,850994.23817000,0
1752992100000000,177.34000000,177.47000000,176.94000000,177.18000000,18271.55800000,1752992999999999,3236301.32233000,10464,5765.61500000,1021401.44900000,0
1752993000000000,177.18000000,177.41000000,177.00000000,177.33000000,18244.47400000,1752993899999999,3233348.93853000,10149,6594.29000000,1168376.34721000,0
1752993900000000,177.33000000,177.58000000,177.27000000,177.33000000,10485.83800000,1752994799999999,1860538.73437000,9900,6084.53400000,1079646.35548000,0
1752994800000000,177.34000000,177.90000000,177.22000000,177.77000000,14490.89900000,1752995699999999,2573768.16718000,13207,9250.73900000,1642787.45192000,0
1752995700000000,177.77000000,178.51000000,177.76000000,178.47000000,20044.56600000,1752996599999999,3570158.98632000,11781,13104.40300000,2334072.45595000,0
1752996600000000,178.47000000,178.67000000,178.12000000,178.55000000,35595.39800000,1752997499999999,6352479.81309000,17465,20060.96200000,3580227.82479000,0
1752997500000000,178.54000000,178.67000000,177.88000000,177.94000000,22340.06600000,1752998399999999,3982610.23729000,15327,7351.25700000,1310701.23919000,0
1752998400000000,177.95000000,178.49000000,177.95000000,178.40000000,19422.50500000,1752999299999999,3462197.89938000,13713,8769.67200000,1563077.40404000,0
1752999300000000,178.40000000,179.17000000,178.40000000,179.01000000,27522.00300000,1753000199999999,4920625.49098000,14954,19965.77200000,3569920.53176000,0
1753000200000000,179.02000000,179.80000000,178.80000000,179.80000000,35974.08600000,1753001099999999,6454661.53534000,21445,23847.16600000,4279294.51905000,0
1753001100000000,179.79000000,180.71000000,179.54000000,180.70000000,59393.54900000,1753001999999999,10692950.40302000,31276,37361.63200000,6726941.18056000,0
1753002000000000,180.70000000,181.51000000,180.25000000,180.36000000,69973.47600000,1753002899999999,12659222.28166000,42934,39609.39600000,7166983.99054000,0
1753002900000000,180.36000000,181.15000000,179.64000000,179.81000000,34819.77900000,1753003799999999,6282518.10910000,25450,19696.47300000,3555550.00642000,0
1753003800000000,179.82000000,180.49000000,179.82000000,180.34000000,29699.91800000,1753004699999999,5354725.23491000,17954,16147.15300000,2910747.68180000,0
1753004700000000,180.33000000,180.52000000,179.76000000,179.77000000,25837.10900000,1753005599999999,4655164.13678000,16720,9603.01800000,1730426.84492000,0
1753005600000000,179.77000000,180.07000000,179.54000000,179.75000000,19649.31500000,1753006499999999,3533469.96415000,19146,11243.20900000,2022010.59401000,0
1753006500000000,179.74000000,180.46000000,179.56000000,180.35000000,24773.00100000,1753007399999999,4457688.05544000,19773,10764.60400000,1937663.47406000,0
1753007400000000,180.35000000,180.37000000,179.93000000,179.95000000,11009.69700000,1753008299999999,1983656.21888000,15151,4910.66800000,884860.32892000,0
1753008300000000,179.94000000,180.07000000,179.44000000,179.59000000,14592.73100000,1753009199999999,2623033.15143000,12176,5598.50500000,1006759.93836000,0
1753009200000000,179.60000000,179.96000000,179.51000000,179.62000000,14113.13600000,1753010099999999,2536220.52533000,11935,4999.69800000,898477.38522000,0
1753010100000000,179.62000000,180.17000000,179.33000000,180.04000000,29588.08200000,1753010999999999,5319300.97486000,21021,15366.62300000,2762715.43392000,0
1753011000000000,180.04000000,180.46000000,179.96000000,180.46000000,20426.67300000,1753011899999999,3680871.11484000,17525,11797.37100000,2125850.83915000,0
1753011900000000,180.45000000,181.00000000,180.23000000,180.44000000,47319.19500000,1753012799999999,8547562.55160000,22314,27195.83900000,4913014.85603000,0
1753012800000000,180.44000000,180.56000000,180.00000000,180.18000000,25874.14800000,1753013699999999,4661880.46553000,18277,13397.05000000,2413820.25026000,0
1753013700000000,180.18000000,180.88000000,179.96000000,180.55000000,45091.83000000,1753014599999999,8131357.04975000,23089,25363.81600000,4574179.24051000,0
1753014600000000,180.55000000,181.40000000,180.30000000,180.81000000,48830.01700000,1753015499999999,8837147.04741000,27733,30014.61700000,5430983.52810000,0
1753015500000000,180.81000000,181.96000000,180.60000000,181.79000000,41205.77300000,1753016399999999,7476360.46409000,26846,23157.93500000,4201668.00908000,0
1753016400000000,181.78000000,182.58000000,181.59000000,182.53000000,56742.21300000,1753017299999999,10337006.16756000,30523,37562.54300000,6844285.95300000,0
1753017300000000,182.52000000,182.72000000,181.67000000,181.69000000,27088.70800000,1753018199999999,4936351.77508000,26729,12097.93700000,2205043.17361000,0
1753018200000000,181.68000000,182.75000000,181.68000000,182.71000000,104673.78500000,1753019099999999,19077784.51682000,33063,75371.41100000,13736817.75909000,0
1753019100000000,182.70000000,183.17000000,182.31000000,183.02000000,65239.81500000,1753019999999999,11932840.00432000,31919,40252.67600000,7363357.62133000,0
1753020000000000,183.02000000,183.08000000,181.50000000,182.21000000,83296.85600000,1753020899999999,15194552.80467000,35016,33560.71300000,6122147.51755000,0
1753020900000000,182.20000000,182.49000000,181.72000000,181.82000000,26105.88300000,1753021799999999,4754196.27221000,25575,9549.87300000,1739463.76434000,0
1753021800000000,181.82000000,182.40000000,181.61000000,181.94000000,41986.36700000,1753022699999999,7641111.04462000,21725,26932.26800000,4902186.00438000,0
1753022700000000,181.95000000,182.00000000,180.76000000,180.87000000,71419.98400000,1753023599999999,12940893.87912000,28009,30218.48700000,5472823.03116000,0
1753023600000000,180.87000000,181.16000000,179.98000000,181.13000000,69380.91100000,1753024499999999,12523545.15500000,30929,26922.32100000,4862328.67154000,0
1753024500000000,181.13000000,181.23000000,180.46000000,181.17000000,29668.01300000,1753025399999999,5364853.60018000,21444,15395.89400000,2783982.80950000,0
1753025400000000,181.17000000,181.49000000,181.00000000,181.21000000,27122.13700000,1753026299999999,4915899.29486000,24647,17241.58600000,3125095.64318000,0
1753026300000000,181.20000000,182.03000000,181.09000000,181.96000000,51219.91900000,1753027199999999,9313343.90972000,18495,26838.52900000,4878703.29648000,0
1753027200000000,181.97000000,182.94000000,181.79000000,182.54000000,68780.93400000,1753028099999999,12537247.78012000,37115,29402.76800000,5359907.23052000,0
1753028100000000,182.54000000,183.12000000,181.66000000,182.88000000,60074.39800000,1753028999999999,10956486.40047000,39107,34852.57300000,6358602.00935000,0
1753029000000000,182.88000000,183.24000000,182.34000000,182.97000000,66483.15300000,1753029899999999,12158238.84147000,43242,38379.40800000,7020519.72006000,0
1753029900000000,182.97000000,183.25000000,181.89000000,182.10000000,39580.69300000,1753030799999999,7218811.52794000,34536,16023.97800000,2922278.69463000,0
1753030800000000,182.10000000,182.10000000,180.28000000,181.15000000,74020.67700000,1753031699999999,13407909.30284000,55472,33143.51100000,6005239.49032000,0
1753031700000000,181.15000000,181.67000000,180.35000000,181.00000000,48898.62400000,1753032599999999,8848218.75873000,30652,17564.13500000,3179802.36202000,0
1753032600000000,181.00000000,181.56000000,180.33000000,181.04000000,36944.45500000,1753033499999999,6685236.25259000,26894,19236.71400000,3481418.97183000,0
1753033500000000,181.05000000,181.35000000,180.40000000,180.58000000,45329.73000000,1753034399999999,8195309.72648000,31864,24890.03100000,4499401.34210000,0
1753034400000000,180.58000000,181.18000000,180.38000000,180.60000000,34668.97400000,1753035299999999,6265956.16250000,22112,17925.09300000,3239425.26776000,0
1753035300000000,180.59000000,180.97000000,180.25000000,180.84000000,34657.23900000,1753036199999999,6255770.67641000,25154,21357.49300000,3854924.74132000,0
1753036200000000,180.83000000,181.39000000,180.28000000,181.22000000,39269.73600000,1753037099999999,7104770.25274000,21429,16960.12400000,3067448.80199000,0
1753037100000000,181.21000000,182.60000000,181.21000000,182.25000000,29616.46800000,1753037999999999,5389537.06068000,21751,19442.56900000,3537255.77333000,0
1753038000000000,182.25000000,183.66000000,182.10000000,183.17000000,57851.76600000,1753038899999999,10590432.73547000,37123,38343.76800000,7019849.18703000,0
1753038900000000,183.17000000,183.38000000,182.16000000,182.40000000,34225.74700000,1753039799999999,6246899.03998000,26985,17068.37100000,3115656.17678000,0
1753039800000000,182.41000000,182.43000000,181.74000000,181.76000000,29500.37500000,1753040699999999,5372594.21586000,23364,13243.40800000,2412060.48600000,0
1753040700000000,181.76000000,182.27000000,181.67000000,181.99000000,62415.54000000,1753041599999999,11359764.58262000,25966,46840.47700000,8525610.76111000,0
1753041600000000,182.00000000,182.13000000,180.50000000,181.05000000,39976.11800000,1753042499999999,7235877.15519000,36904,18487.77300000,3345964.98969000,0
1753042500000000,181.06000000,181.34000000,180.69000000,181.20000000,13332.18300000,1753043399999999,2414453.75237000,16370,7487.99200000,1356026.33181000,0
1753043400000000,181.20000000,181.90000000,181.09000000,181.89000000,7688.96500000,1753044299999999,1395749.39766000,8399,5024.41800000,912048.72387000,0
1753044300000000,181.89000000,182.26000000,181.19000000,181.24000000,21764.79200000,1753045199999999,3958514.75618000,13261,8663.06900000,1576793.99476000,0
1753045200000000,181.25000000,181.45000000,180.68000000,181.16000000,28285.52200000,1753046099999999,5120455.20194000,24209,11014.85300000,1994243.99001000,0
1753046100000000,181.16000000,181.91000000,180.77000000,181.61000000,20490.36300000,1753046999999999,3716588.10684000,22744,10727.85600000,1945950.13997000,0
1753047000000000,181.61000000,182.05000000,181.35000000,181.54000000,12967.03700000,1753047899999999,2356775.20053000,14295,7993.68500000,1453107.07706000,0
1753047900000000,181.55000000,182.34000000,181.32000000,182.32000000,28438.10700000,1753048799999999,5172808.12193000,10500,9589.76700000,1745712.85346000,0
1753048800000000,182.31000000,182.39000000,178.38000000,179.25000000,134110.66600000,1753049699999999,24101298.35943000,64359,45811.69800000,8228671.54165000,0
1753049700000000,179.25000000,179.82000000,177.80000000,179.79000000,132415.09100000,1753050599999999,23681944.17692000,73607,60729.75900000,10867057.62818000,0
1753050600000000,179.79000000,180.75000000,179.18000000,180.59000000,51450.81700000,1753051499999999,9265244.82731000,40444,31960.76400000,5756543.38676000,0
1753051500000000,180.60000000,180.99000000,180.33000000,180.50000000,31352.32200000,1753052399999999,5665131.22567000,30718,17409.56600000,3145803.40881000,0
1753052400000000,180.51000000,180.51000000,179.40000000,180.04000000,50359.67000000,1753053299999999,9060218.47504000,39087,27965.56100000,5030697.28412000,0
1753053300000000,180.04000000,180.90000000,179.94000000,180.49000000,22797.65100000,1753054199999999,4112956.93356000,22249,10590.60900000,1911065.92228000,0
1753054200000000,180.49000000,181.41000000,180.24000000,181.20000000,25488.14900000,1753055099999999,4611046.84009000,24968,13244.62300000,2395890.88902000,0
1753055100000000,181.19000000,181.66000000,180.73000000,181.43000000,24735.62600000,1753055999999999,4483030.71470000,26614,11230.34800000,2034679.85801000,0
1753056000000000,181.44000000,181.75000000,179.73000000,179.86000000,48675.67500000,1753056899999999,8796997.92266000,41123,18627.08700000,3367760.63321000,0
1753056900000000,179.86000000,180.10000000,178.80000000,179.58000000,50288.54500000,1753057799999999,9024754.07691000,46465,19071.71400000,3422958.95455000,0
1753057800000000,179.59000000,179.67000000,178.40000000,179.11000000,52142.57400000,1753058699999999,9337256.24901000,39683,33020.37000000,5913065.18749000,0
1753058700000000,179.11000000,180.23000000,178.75000000,180.23000000,36353.98900000,1753059599999999,6530267.39059000,25825,22575.36700000,4055406.59339000,0
1753059600000000,180.23000000,180.54000000,179.51000000,179.61000000,24307.49600000,1753060499999999,4377319.00110000,24720,12731.31200000,2292894.16761000,0
1753060500000000,179.62000000,180.07000000,179.31000000,179.62000000,21719.58100000,1753061399999999,3900908.07171000,22639,10623.97200000,1907784.96401000,0
1753061400000000,179.63000000,179.68000000,178.25000000,179.26000000,27306.08800000,1753062299999999,4885971.79894000,30165,11587.67800000,2074015.51770000,0
1753062300000000,179.26000000,180.30000000,179.13000000,180.09000000,15769.59800000,1753063199999999,2834316.34369000,20575,8436.19500000,1516931.62622000,0
1753063200000000,180.09000000,180.90000000,180.08000000,180.67000000,16351.93400000,1753064099999999,2952209.45331000,19536,8977.29700000,1620702.03335000,0
1753064100000000,180.67000000,182.17000000,180.48000000,182.01000000,32517.30800000,1753064999999999,5900100.89902000,26504,19363.86300000,3515126.41539000,0
1753065000000000,182.01000000,183.19000000,181.62000000,182.39000000,65575.20200000,1753065899999999,11970626.21673000,35051,36499.91300000,6665011.57683000,0
1753065900000000,182.39000000,184.61000000,182.08000000,184.35000000,122860.09200000,1753066799999999,22559219.44090000,48967,80444.67200000,14770495.61646000,0
1753066800000000,184.34000000,186.40000000,183.92000000,185.52000000,205421.24300000,1753067699999999,38109649.93705000,89663,117422.94900000,21779126.70099000,0
1753067700000000,185.51000000,185.98000000,185.10000000,185.64000000,60166.11300000,1753068599999999,11161530.05433000,34535,25465.52200000,4724542.14388000,0
1753068600000000,185.64000000,186.30000000,185.54000000,185.86000000,41704.10200000,1753069499999999,7755120.62529000,26794,27609.06900000,5134147.97098000,0
1753069500000000,185.86000000,187.04000000,185.75000000,186.71000000,117446.30800000,1753070399999999,21901971.24993000,48003,63010.35400000,11751096.87053000,0
1753070400000000,186.71000000,187.29000000,186.04000000,186.28000000,57474.01200000,1753071299999999,10725340.30587000,34146,34526.52800000,6442401.33959000,0
1753071300000000,186.29000000,186.86000000,186.01000000,186.32000000,47787.50400000,1753072199999999,8906743.01526000,30515,26681.02700000,4973009.39765000,0
1753072200000000,186.32000000,186.64000000,186.00000000,186.16000000,25216.64700000,1753073099999999,4696087.54101000,20962,10952.74300000,2039582.66617000,0
1753073100000000,186.16000000,186.77000000,185.75000000,185.76000000,28531.56900000,1753073999999999,5315970.36367000,24690,12217.43200000,2276838.42883000,0
1753074000000000,185.76000000,186.09000000,185.22000000,185.34000000,26418.85500000,1753074899999999,4902710.32810000,24174,13774.50200000,2555950.66720000,0
1753074900000000,185.34000000,185.63000000,185.06000000,185.38000000,41630.40300000,1753075799999999,7712863.87849000,19230,26724.40300000,4950612.65397000,0
1753075800000000,185.38000000,187.15000000,185.30000000,186.86000000,53635.76700000,1753076699999999,10002815.24955000,30693,36005.98300000,6715296.21013000,0
1753076700000000,186.87000000,188.97000000,186.80000000,188.30000000,124325.48900000,1753077599999999,23377891.65405000,57700,75040.54400000,14111698.55124000,0
1753077600000000,188.31000000,188.94000000,187.93000000,188.59000000,51361.43600000,1753078499999999,9680166.53752000,40107,24883.10600000,4689934.51954000,0
1753078500000000,188.60000000,189.50000000,188.51000000,189.10000000,70924.73900000,1753079399999999,13406491.18647000,47870,44479.79500000,8407422.10686000,0
1753079400000000,189.11000000,189.47000000,188.56000000,188.76000000,57039.92500000,1753080299999999,10780999.00161000,39481,26409.42400000,4991824.07105000,0
1753080300000000,188.76000000,189.77000000,188.46000000,189.26000000,74245.26600000,1753081199999999,14051477.19129000,39912,42246.63100000,7998460.07380000,0
1753081200000000,189.26000000,189.83000000,189.19000000,189.53000000,45271.24400000,1753082099999999,8577197.01856000,24045,18821.23900000,3566009.79708000,0
1753082100000000,189.54000000,189.87000000,189.17000000,189.64000000,41186.46300000,1753082999999999,7806068.68177000,21160,21006.14000000,3981602.29033000,0
1753083000000000,189.64000000,190.10000000,189.42000000,189.98000000,61924.85600000,1753083899999999,11757791.22128000,26469,43599.06900000,8279981.99635000,0
1753083900000000,189.99000000,191.08000000,189.60000000,190.07000000,88295.37000000,1753084799999999,16792195.22005000,32046,43646.87100000,8305409.75689000,0
1753084800000000,190.06000000,190.97000000,189.69000000,190.25000000,54189.30900000,1753085699999999,10315454.94414000,34139,27706.61500000,5273995.49013000,0
1753085700000000,190.25000000,191.42000000,190.04000000,191.15000000,50253.45100000,1753086599999999,9596260.58752000,34231,29629.23300000,5658473.53351000,0
1753086600000000,191.15000000,192.00000000,190.52000000,190.71000000,98055.53500000,1753087499999999,18761820.50122000,52466,48534.75500000,9289198.14206000,0
1753087500000000,190.71000000,190.99000000,189.69000000,190.82000000,65372.04800000,1753088399999999,12441435.67949000,43603,25570.07100000,4867838.86769000,0
1753088400000000,190.82000000,191.18000000,190.37000000,190.65000000,28823.71800000,1753089299999999,5499003.01079000,22645,12798.59000000,2442028.09626000,0
1753089300000000,190.66000000,190.87000000,190.17000000,190.45000000,34756.47900000,1753090199999999,6618978.36472000,26783,15300.60600000,2914022.06633000,0
1753090200000000,190.45000000,191.70000000,190.04000000,190.53000000,53650.62900000,1753091099999999,10243368.74117000,41528,28663.25000000,5474419.57296000,0
1753091100000000,190.54000000,191.76000000,190.03000000,191.59000000,55308.88100000,1753091999999999,10573500.44819000,31897,31389.58200000,6000470.07041000,0
1753092000000000,191.59000000,192.00000000,190.79000000,191.71000000,109529.94900000,1753092899999999,20964712.60708000,51868,40617.16400000,7775571.95357000,0
1753092900000000,191.70000000,191.88000000,190.80000000,191.24000000,69873.94300000,1753093799999999,13374487.84545000,39158,25341.36900000,4850459.79402000,0
1753093800000000,191.25000000,191.72000000,190.95000000,191.08000000,70028.43100000,1753094699999999,13403105.11041000,37557,37505.56000000,7179185.16516000,0
1753094700000000,191.09000000,191.50000000,190.81000000,191.22000000,97058.34400000,1753095599999999,18546646.49787000,49007,33184.60300000,6341665.32135000,0
1753095600000000,191.22000000,191.92000000,190.68000000,191.54000000,114775.22600000,1753096499999999,21946127.78512000,46031,44802.21500000,8571262.76693000,0
1753096500000000,191.53000000,192.99000000,191.07000000,192.75000000,118531.49800000,1753097399999999,22769168.83309000,50182,54951.03900000,10554426.95030000,0
1753097400000000,192.75000000,192.75000000,191.07000000,191.17000000,98053.44800000,1753098299999999,18832870.39360000,46610,28905.22900000,5550306.52280000,0
1753098300000000,191.16000000,191.84000000,191.16000000,191.40000000,50324.93600000,1753099199999999,9637300.65110000,37047,25588.13400000,4898817.71032000,0
1753099200000000,191.39000000,191.68000000,190.22000000,190.78000000,64175.19600000,1753100099999999,12241177.31536000,55062,23823.24000000,4546132.09673000,0
1753100100000000,190.77000000,191.53000000,190.63000000,191.36000000,31200.42400000,1753100999999999,5957497.50909000,28054,16870.13200000,3220682.27249000,0
1753101000000000,191.37000000,191.42000000,190.60000000,191.08000000,27350.61800000,1753101899999999,5221974.48926000,26014,11503.26000000,2196261.23132000,0
1753101900000000,191.09000000,191.90000000,191.08000000,191.55000000,23391.88300000,1753102799999999,4481794.75863000,20953,11231.80700000,2152149.06197000,0
1753102800000000,191.55000000,191.84000000,190.27000000,190.68000000,47340.51200000,1753103699999999,9041258.70740000,42805,24103.18900000,4604325.84754000,0
1753103700000000,190.68000000,191.60000000,190.68000000,191.53000000,34131.92900000,1753104599999999,6523477.53642000,27364,17766.20600000,3395474.65896000,0
1753104600000000,191.52000000,192.96000000,191.41000000,192.57000000,63177.19000000,1753105499999999,12151883.10820000,43241,33869.87200000,6515005.61335000,0
1753105500000000,192.58000000,193.42000000,192.28000000,192.44000000,148189.02900000,1753106399999999,28564262.87067000,47113,95303.86700000,18367187.09089000,0
1753106400000000,192.45000000,192.89000000,191.42000000,192.42000000,59552.95200000,1753107299999999,11458459.43468000,43333,22526.26800000,4334381.23961000,0
1753107300000000,192.41000000,193.36000000,192.27000000,193.31000000,78180.76200000,1753108199999999,15086860.49751000,38750,37736.67600000,7281785.71689000,0
1753108200000000,193.32000000,194.82000000,193.10000000,194.62000000,106229.60100000,1753109099999999,20634147.86355000,62622,54562.26500000,10598076.97637000,0
1753109100000000,194.62000000,195.34000000,194.17000000,195.29000000,151033.11100000,1753109999999999,29432422.47492000,69309,87652.81600000,17084411.64757000,0
1753110000000000,195.30000000,197.95000000,195.20000000,197.54000000,311042.93100000,1753110899999999,61260860.57746000,142083,175183.13300000,34501587.96727000,0
1753110900000000,197.53000000,199.28000000,196.83000000,196.85000000,204698.78300000,1753111799999999,40555573.80510000,102243,106625.00500000,21131475.92085000,0
1753111800000000,196.86000000,197.44000000,195.12000000,195.70000000,150209.65600000,1753112699999999,29460264.86439000,87021,75799.29400000,14859531.29743000,0
1753112700000000,195.70000000,198.18000000,195.51000000,196.79000000,143590.34700000,1753113599999999,28263469.52079000,70987,82902.91700000,16316807.29756000,0
1753113600000000,196.79000000,197.04000000,194.60000000,194.93000000,121837.26500000,1753114499999999,23824299.51564000,79110,49000.23200000,9584329.83151000,0
1753114500000000,194.94000000,195.24000000,193.30000000,195.23000000,214130.80900000,1753115399999999,41587877.59643000,95362,127471.52900000,24766459.11592000,0
1753115400000000,195.23000000,196.34000000,194.82000000,195.38000000,96147.06500000,1753116299999999,18803336.59527000,53614,59146.05600000,11568239.63473000,0
1753116300000000,195.39000000,195.77000000,194.30000000,195.15000000,77087.78100000,1753117199999999,15041512.05131000,50892,38870.52900000,7585189.31200000,0
1753117200000000,195.15000000,195.79000000,194.62000000,195.54000000,35720.92200000,1753118099999999,6974442.58414000,34493,20638.26400000,4029905.89530000,0
1753118100000000,195.53000000,196.68000000,195.10000000,195.41000000,78392.70400000,1753118999999999,15364266.98257000,47171,52924.55900000,10371000.66736000,0
1753119000000000,195.41000000,196.47000000,194.68000000,194.81000000,48674.60100000,1753119899999999,9525149.57628000,43850,20383.35000000,3992048.25812000,0
1753119900000000,194.81000000,196.25000000,194.47000000,196.12000000,65810.06900000,1753120799999999,12844742.03037000,48343,40202.92600000,7848231.43347000,0
1753120800000000,196.12000000,197.25000000,195.87000000,196.40000000,61125.71700000,1753121699999999,12006473.00331000,35536,38493.91500000,7561393.26649000,0
1753121700000000,196.39000000,196.87000000,195.63000000,196.26000000,70058.07800000,1753122599999999,13747245.92722000,32639,47757.85500000,9372352.08316000,0
1753122600000000,196.25000000,196.45000000,194.21000000,194.57000000,88648.35100000,1753123499999999,17298495.30401000,50790,50710.44100000,9890993.20513000,0
1753123500000000,194.58000000,194.58000000,193.45000000,193.80000000,87160.04800000,1753124399999999,16908844.81874000,44676,48387.70800000,9386761.31876000,0
1753124400000000,193.79000000,195.48000000,193.52000000,195.23000000,65319.10100000,1753125299999999,12715343.62725000,43251,36350.30700000,7075150.15897000,0
1753125300000000,195.23000000,195.54000000,193.73000000,193.96000000,45004.69700000,1753126199999999,8773791.74758000,37475,20001.58400000,3899870.98602000,0
1753126200000000,193.96000000,194.71000000,193.01000000,193.51000000,74596.46400000,1753127099999999,14457229.08932000,57382,29491.09100000,5717692.35417000,0
1753127100000000,193.51000000,194.79000000,193.04000000,194.63000000,75831.88500000,1753127999999999,14684006.86826000,58702,37220.45200000,7206864.52008000,0
1753128000000000,194.64000000,196.37000000,193.70000000,196.01000000,96816.16200000,1753128899999999,18879130.47193000,64295,57397.06100000,11193916.82157000,0
1753128900000000,196.01000000,196.59000000,195.52000000,195.82000000,53100.36700000,1753129799999999,10412197.63046000,41040,37163.27500000,7287645.08935000,0
1753129800000000,195.83000000,196.37000000,195.55000000,195.71000000,44227.15800000,1753130699999999,8664928.70316000,28867,28129.35100000,5510701.86370000,0
1753130700000000,195.70000000,196.06000000,193.82000000,193.91000000,47799.36500000,1753131599999999,9324742.69500000,33830,21717.01900000,4241298.01193000,0
1753131600000000,193.90000000,195.00000000,193.64000000,194.70000000,38959.74800000,1753132499999999,7580118.11047000,22718,24206.71500000,4709743.80639000,0
1753132500000000,194.71000000,195.73000000,194.46000000,195.42000000,32242.31200000,1753133399999999,6287951.87579000,18694,19622.28900000,3827729.88870000,0
1753133400000000,195.42000000,195.76000000,194.66000000,195.75000000,21888.68700000,1753134299999999,4272061.59113000,14193,10478.90600000,2045260.77694000,0
1753134300000000,195.76000000,196.63000000,195.74000000,196.14000000,28458.82300000,1753135199999999,5584422.66525000,19778,18204.57700000,3572361.47082000,0
1753135200000000,196.13000000,196.80000000,195.55000000,196.78000000,16067.31500000,1753136099999999,3151774.78691000,21277,9457.75900000,1855965.70505000,0
1753136100000000,196.78000000,196.80000000,196.07000000,196.34000000,22357.02200000,1753136999999999,4391362.87868000,17481,11905.59900000,2338133.37767000,0
1753137000000000,196.34000000,197.20000000,196.26000000,197.18000000,20865.13200000,1753137899999999,4105536.73351000,16549,13606.89300000,2677562.99112000,0
1753137900000000,197.18000000,197.78000000,196.74000000,197.31000000,32243.15900000,1753138799999999,6360312.85260000,21439,17460.77100000,3445073.75723000,0
1753138800000000,197.31000000,197.49000000,196.32000000,196.67000000,31484.18800000,1753139699999999,6193014.11787000,24784,14629.94900000,2877105.77675000,0
1753139700000000,196.67000000,197.00000000,196.33000000,196.51000000,22452.44000000,1753140599999999,4415285.99661000,25545,12295.18700000,2418199.06972000,0
1753140600000000,196.52000000,196.95000000,196.16000000,196.27000000,15764.77500000,1753141499999999,3100281.56856000,19108,7330.98000000,1441819.99964000,0
1753141500000000,196.26000000,196.54000000,195.56000000,195.72000000,19678.82700000,1753142399999999,3858168.00000000,16969,9051.98900000,1774737.17240000,0
1753142400000000,195.72000000,197.50000000,195.72000000,197.35000000,55502.49900000,1753143299999999,10928343.36207000,38182,34975.19200000,6887752.78398000,0
1753143300000000,197.35000000,199.09000000,197.22000000,198.82000000,113438.48300000,1753144199999999,22474795.30396000,45993,76641.99400000,15184644.73228000,0
1753144200000000,198.82000000,198.83000000,196.52000000,197.00000000,71912.09000000,1753145099999999,14197234.36948000,50471,30538.34400000,6030611.65719000,0
1753145100000000,197.01000000,198.46000000,196.85000000,197.67000000,61969.95800000,1753145999999999,12256897.02115000,51803,35152.27600000,6954185.01728000,0
1753146000000000,197.66000000,197.94000000,194.43000000,195.22000000,107000.84500000,1753146899999999,20984153.31414000,82969,42216.63200000,8288747.31805000,0
1753146900000000,195.23000000,199.62000000,193.75000000,199.44000000,287799.04200000,1753147799999999,56728916.42553000,161257,149658.15800000,29577061.82425000,0
1753147800000000,199.43000000,202.32000000,198.74000000,200.46000000,390578.45400000,1753148699999999,78342731.15444000,164514,238249.38500000,47773225.70571000,0
1753148700000000,200.45000000,202.47000000,200.24000000,202.09000000,151116.25400000,1753149599999999,30407299.64129000,72637,93854.82000000,18889866.18895000,0
1753149600000000,202.09000000,203.80000000,201.61000000,203.60000000,198797.03300000,1753150499999999,40318304.28627000,102558,114852.37000000,23294399.81513000,0
1753150500000000,203.59000000,204.67000000,202.52000000,203.54000000,140518.16900000,1753151399999999,28621198.24848000,77748,77041.78200000,15694311.99972000,0
1753151400000000,203.55000000,204.40000000,202.06000000,202.90000000,140313.50500000,1753152299999999,28573600.44347000,65682,75296.97300000,15340917.33745000,0
1753152300000000,202.91000000,203.76000000,201.01000000,201.95000000,126691.79300000,1753153199999999,25609200.70101000,86760,62085.35600000,12548618.48890000,0
1753153200000000,201.95000000,203.00000000,201.16000000,202.80000000,128127.70500000,1753154099999999,25890350.10408000,69833,78119.51200000,15781140.81683000,0
1753154100000000,202.79000000,203.06000000,200.36000000,201.19000000,122775.67300000,1753154999999999,24714050.30170000,75182,53908.45900000,10852533.16992000,0
1753155000000000,201.18000000,201.65000000,197.44000000,198.39000000,190538.59300000,1753155899999999,38008515.11560000,117596,78232.95800000,15602714.62920000,0
1753155900000000,198.39000000,200.16000000,197.47000000,200.09000000,148332.89100000,1753156799999999,29536394.25631000,75415,80747.89500000,16085836.21606000,0
1753156800000000,200.08000000,200.19000000,198.54000000,198.80000000,91537.23400000,1753157699999999,18266893.57950000,71342,45791.58400000,9140985.57781000,0
1753157700000000,198.79000000,199.29000000,197.79000000,198.26000000,123438.37400000,1753158599999999,24475920.99871000,78886,56762.38700000,11256216.13219000,0
1753158600000000,198.26000000,199.88000000,196.83000000,197.02000000,112212.79800000,1753159499999999,22250231.60697000,80883,42099.96600000,8354810.00110000,0
1753159500000000,197.02000000,197.50000000,194.10000000,194.28000000,277021.24800000,1753160399999999,54227472.63487000,114399,124154.82800000,24319543.32716000,0
1753160400000000,194.27000000,197.76000000,194.27000000,197.60000000,136746.17100000,1753161299999999,26805076.82772000,72410,81007.28300000,15889453.64235000,0
1753161300000000,197.61000000,199.14000000,197.21000000,197.99000000,98516.45500000,1753162199999999,19539152.08758000,56998,52793.21900000,10470740.34413000,0
1753162200000000,197.99000000,198.40000000,196.45000000,196.62000000,67232.80500000,1753163099999999,13271671.68140000,62852,29327.50400000,5790082.44581000,0
1753163100000000,196.61000000,196.92000000,195.54000000,196.58000000,73602.56000000,1753163999999999,14445741.15985000,48184,33214.14000000,6521741.73078000,0
1753164000000000,196.59000000,198.60000000,195.98000000,198.50000000,64828.09900000,1753164899999999,12802846.18659000,46035,42199.09900000,8335621.33682000,0
1753164900000000,198.50000000,200.78000000,198.01000000,200.24000000,98214.58800000,1753165799999999,19592086.58681000,54513,66395.98100000,13246654.60834000,0
1753165800000000,200.25000000,200.51000000,198.94000000,199.01000000,80225.57700000,1753166699999999,16034242.25056000,51792,41800.58600000,8356404.69874000,0
1753166700000000,199.00000000,199.31000000,198.36000000,199.03000000,51941.50600000,1753167599999999,10328252.17461000,45029,28301.46100000,5627340.20735000,0
1753167600000000,199.03000000,200.24000000,198.71000000,200.06000000,52453.73700000,1753168499999999,10466560.10206000,39451,32501.55400000,6485320.19061000,0
1753168500000000,200.05000000,201.32000000,199.27000000,201.08000000,92406.53500000,1753169399999999,18519841.55212000,43900,56657.26600000,11355066.31106000,0
1753169400000000,201.09000000,201.24000000,199.33000000,199.55000000,57749.66000000,1753170299999999,11539996.12989000,33595,24216.82100000,4840199.21404000,0
1753170300000000,199.56000000,199.77000000,197.41000000,198.10000000,64803.20300000,1753171199999999,12864684.15329000,42929,21708.73900000,4312590.67380000,0
1753171200000000,198.10000000,198.10000000,195.64000000,195.78000000,108743.86600000,1753172099999999,21383818.32821000,68306,42727.48800000,8401126.73026000,0
1753172100000000,195.78000000,196.62000000,194.05000000,194.58000000,125085.69100000,1753172999999999,24432855.23874000,77400,51084.12700000,9983507.76804000,0
1753173000000000,194.58000000,196.27000000,194.42000000,196.13000000,63294.38000000,1753173899999999,12376792.13250000,40617,38145.14300000,7458613.45078000,0
1753173900000000,196.13000000,197.10000000,195.67000000,196.98000000,39080.20100000,1753174799999999,7679904.29085000,31811,19774.59400000,3886704.49440000,0
1753174800000000,196.97000000,197.01000000,195.02000000,195.41000000,55674.93100000,1753175699999999,10892332.40617000,36929,16018.54400000,3134749.05334000,0
1753175700000000,195.41000000,196.28000000,194.42000000,196.02000000,87597.96200000,1753176599999999,17111799.91192000,49139,42763.49800000,8359750.68098000,0
1753176600000000,196.02000000,198.57000000,196.02000000,198.40000000,64130.80800000,1753177499999999,12674629.60212000,55227,42155.46500000,8331018.43137000,0
1753177500000000,198.39000000,199.15000000,196.98000000,197.26000000,165854.80600000,1753178399999999,32821336.91225000,70019,43672.48600000,8650111.70009000,0
1753178400000000,197.27000000,198.16000000,197.14000000,197.99000000,45546.64300000,1753179299999999,9003124.03302000,31448,19252.72600000,3805471.16374000,0
1753179300000000,197.98000000,198.39000000,197.37000000,198.38000000,32233.04500000,1753180199999999,6379703.65184000,29791,17057.60600000,3377086.46831000,0
1753180200000000,198.38000000,198.89000000,198.11000000,198.67000000,41121.08400000,1753181099999999,8166586.16842000,27850,18194.95900000,3613524.94290000,0
1753181100000000,198.66000000,199.11000000,198.33000000,199.11000000,45558.83400000,1753181999999999,9055861.89372000,26935,23756.75600000,4722191.92095000,0
1753182000000000,199.10000000,199.26000000,198.21000000,198.52000000,45445.80500000,1753182899999999,9033155.64714000,31079,19641.50300000,3904392.98535000,0
1753182900000000,198.51000000,199.30000000,198.51000000,198.96000000,28771.76400000,1753183799999999,5722407.02120000,25114,12872.49200000,2560267.50784000,0
1753183800000000,198.97000000,199.00000000,197.63000000,198.87000000,30320.19000000,1753184699999999,6014242.91115000,30595,12399.32400000,2459757.73140000,0
1753184700000000,198.86000000,200.15000000,198.60000000,199.91000000,68832.00200000,1753185599999999,13745858.57037000,41596,42904.62300000,8569130.11545000,0
1753185600000000,199.91000000,200.49000000,199.54000000,199.81000000,62838.36600000,1753186499999999,12562127.49458000,31342,31245.81100000,6246893.78702000,0
1753186500000000,199.81000000,200.50000000,199.07000000,200.31000000,41098.28100000,1753187399999999,8216674.67466000,36521,23808.65700000,4761161.80677000,0
1753187400000000,200.30000000,201.49000000,199.37000000,201.37000000,67144.83400000,1753188299999999,13464897.39047000,47080,36077.63300000,7238530.56691000,0
1753188300000000,201.38000000,203.81000000,200.34000000,203.09000000,213670.78400000,1753189199999999,43286222.86419000,73913,120765.45400000,24444733.07924000,0
1753189200000000,203.09000000,204.13000000,202.47000000,203.40000000,134086.59900000,1753190099999999,27261447.58887000,79549,68067.90300000,13844530.14002000,0
1753190100000000,203.40000000,203.40000000,201.31000000,201.57000000,107876.73400000,1753190999999999,21813451.94596000,52811,42884.69300000,8671433.35606000,0
1753191000000000,201.57000000,202.53000000,199.29000000,201.96000000,159413.69600000,1753191899999999,32023066.77722000,98660,67695.90700000,13600778.37504000,0
1753191900000000,201.95000000,201.95000000,198.19000000,199.06000000,248419.37300000,1753192799999999,49519799.99117000,119529,116605.69100000,23234598.63915000,0
1753192800000000,199.07000000,199.87000000,196.95000000,199.78000000,155397.53100000,1753193699999999,30864437.82706000,98240,68607.99600000,13631153.93176000,0
1753193700000000,199.78000000,200.57000000,198.69000000,199.56000000,84512.97500000,1753194599999999,16877701.81733000,69534,48119.28900000,9614545.30604000,0
1753194600000000,199.55000000,200.67000000,199.33000000,200.08000000,50838.12000000,1753195499999999,10174405.55925000,43066,30481.51400000,6100666.00577000,0
1753195500000000,200.08000000,202.27000000,199.35000000,202.18000000,75611.59200000,1753196399999999,15185663.58074000,52308,46588.03100000,9358730.98108000,0
1753196400000000,202.18000000,204.99000000,201.94000000,204.99000000,188006.20200000,1753197299999999,38222625.15823000,93457,113541.95700000,23086859.16369000,0
1753197300000000,204.99000000,204.99000000,203.54000000,203.98000000,156790.25200000,1753198199999999,32038432.60849000,79104,87328.62600000,17847175.59565000,0
1753198200000000,203.97000000,204.00000000,202.47000000,202.62000000,79734.16200000,1753199099999999,16200452.28926000,57355,36064.25700000,7328923.76406000,0
1753199100000000,202.62000000,203.86000000,201.21000000,201.83000000,91000.41400000,1753199999999999,18436479.20709000,55704,46636.41800000,9452961.75771000,0
1753200000000000,201.82000000,203.74000000,200.76000000,203.69000000,104092.99200000,1753200899999999,21042834.99790000,58945,60530.26400000,12248669.44355000,0
1753200900000000,203.68000000,204.17000000,202.40000000,203.18000000,70092.53600000,1753201799999999,14253003.93949000,48368,41233.40700000,8386518.51148000,0
1753201800000000,203.17000000,204.24000000,202.65000000,203.93000000,62740.25100000,1753202699999999,12761501.50531000,43536,33484.12400000,6811898.89627000,0
1753202700000000,203.93000000,204.17000000,202.71000000,203.76000000,48198.18300000,1753203599999999,9809000.99457000,41318,23974.49600000,4880178.87024000,0
1753203600000000,203.76000000,203.89000000,201.28000000,202.10000000,66875.79800000,1753204499999999,13559616.38566000,58351,27051.55000000,5485775.39632000,0
1753204500000000,202.11000000,202.48000000,200.92000000,201.84000000,84320.40400000,1753205399999999,17008049.43946000,71049,34715.28100000,7003353.08003000,0
1753205400000000,201.84000000,202.94000000,200.78000000,202.65000000,49815.91700000,1753206299999999,10063852.10807000,59421,24743.08500000,4998065.35008000,0
1753206300000000,202.65000000,203.13000000,201.64000000,202.86000000,41757.18300000,1753207199999999,8457271.58957000,47416,22690.73100000,4596815.90789000,0
1753207200000000,202.85000000,203.45000000,201.56000000,203.09000000,55594.97900000,1753208099999999,11270952.39867000,42757,28829.54800000,5847380.02225000,0
1753208100000000,203.10000000,203.93000000,201.16000000,201.95000000,78804.95400000,1753208999999999,15946905.93014000,58439,41528.89500000,8401683.41573000,0
1753209000000000,201.95000000,202.88000000,201.49000000,201.59000000,67386.93300000,1753209899999999,13623235.17827000,48998,31159.64900000,6300861.21702000,0
1753209900000000,201.60000000,203.86000000,201.29000000,202.53000000,72740.47400000,1753210799999999,14738207.35410000,56346,40689.02900000,8243948.74280000,0
1753210800000000,202.52000000,202.69000000,201.40000000,202.16000000,42427.03400000,1753211699999999,8570785.58173000,39846,21651.93200000,4374063.63869000,0
1753211700000000,202.15000000,202.33000000,200.85000000,201.67000000,50617.98100000,1753212599999999,10195064.52420000,34963,20907.38500000,4211677.66923000,0
1753212600000000,201.67000000,201.68000000,199.62000000,199.91000000,67310.82000000,1753213499999999,13470313.06013000,42386,25385.59200000,5080105.35170000,0
1753213500000000,199.92000000,199.94000000,198.39000000,198.92000000,58075.28800000,1753214399999999,11563773.65170000,57331,25134.86700000,5004833.93658000,0
1753214400000000,198.91000000,200.21000000,198.39000000,199.76000000,46155.11000000,1753215299999999,9207119.13883000,34228,26069.56700000,5201276.83251000,0
1753215300000000,199.76000000,200.49000000,199.16000000,200.35000000,29424.32600000,1753216199999999,5886116.49144000,21669,17663.44700000,3533991.59988000,0
1753216200000000,200.35000000,200.97000000,200.09000000,200.97000000,19439.23100000,1753217099999999,3897085.96618000,20302,10739.52300000,2152878.36381000,0
1753217100000000,200.96000000,201.36000000,200.52000000,200.65000000,33881.27400000,1753217999999999,6805902.87943000,16912,21137.97300000,4246865.84100000,0
1753218000000000,200.64000000,200.92000000,200.30000000,200.66000000,15932.40300000,1753218899999999,3196263.05234000,15147,5873.75500000,1178200.94085000,0
1753218900000000,200.65000000,201.00000000,200.44000000,200.66000000,16279.25300000,1753219799999999,3268469.06849000,13502,7281.44100000,1461811.46176000,0
1753219800000000,200.67000000,200.68000000,199.83000000,200.23000000,24958.65000000,1753220699999999,4995073.87533000,15519,10425.78000000,2086549.10052000,0
1753220700000000,200.23000000,202.17000000,200.22000000,201.44000000,65902.51400000,1753221599999999,13281027.21306000,20681,45525.76000000,9174564.63532000,0
1753221600000000,201.44000000,202.34000000,201.43000000,201.87000000,24554.53400000,1753222499999999,4957199.57911000,23596,9852.49300000,1989425.06188000,0
1753222500000000,201.87000000,202.30000000,201.60000000,202.02000000,16557.78200000,1753223399999999,3345155.91891000,15784,9800.80000000,1980072.01441000,0
1753223400000000,202.02000000,202.88000000,201.84000000,202.62000000,27821.57100000,1753224299999999,5636046.49808000,17514,11341.98800000,2297306.90327000,0
1753224300000000,202.63000000,202.73000000,201.57000000,201.95000000,23042.79800000,1753225199999999,4657830.87665000,17809,7389.72100000,1494170.52435000,0
1753225200000000,201.95000000,203.40000000,201.93000000,203.40000000,38792.08600000,1753226099999999,7874733.23802000,15813,30415.37500000,6175736.38266000,0
1753226100000000,203.40000000,204.47000000,203.18000000,204.06000000,67876.85200000,1753226999999999,13833340.14035000,26335,44756.99400000,9122036.63770000,0
1753227000000000,204.06000000,205.99000000,203.76000000,205.73000000,119539.68700000,1753227899999999,24478423.69277000,41416,81029.78900000,16593593.72979000,0
1753227900000000,205.73000000,206.30000000,204.44000000,205.70000000,102541.91100000,1753228799999999,21066971.63787000,48559,45349.19700000,9321195.87635000,0
1753228800000000,205.70000000,205.75000000,204.06000000,204.25000000,54185.13800000,1753229699999999,11100906.01708000,30303,22606.08500000,4632503.95049000,0
1753229700000000,204.26000000,205.36000000,203.36000000,203.65000000,64000.59300000,1753230599999999,13086447.35223000,34250,26401.70900000,5398300.72846000,0
1753230600000000,203.64000000,204.90000000,203.59000000,204.63000000,36851.82600000,1753231499999999,7528552.26849000,25736,18525.04300000,3783882.66424000,0
1753231500000000,204.64000000,205.14000000,204.00000000,204.29000000,47670.28300000,1753232399999999,9755202.91372000,27298,27210.78600000,5570126.43332000,0
1753232400000000,204.30000000,204.30000000,202.64000000,202.85000000,45323.36300000,1753233299999999,9210750.47545000,33767,16618.89100000,3377506.33874000,0
1753233300000000,202.85000000,203.75000000,202.85000000,203.28000000,41335.76400000,1753234199999999,8409082.52695000,17885,11117.27000000,2261338.22520000,0
1753234200000000,203.29000000,204.52000000,203.13000000,203.84000000,43930.26400000,1753235099999999,8963123.87448000,21536,21723.64000000,4432207.17629000,0
1753235100000000,203.84000000,204.32000000,202.69000000,203.05000000,37661.98200000,1753235999999999,7662024.97229000,21721,15173.44700000,3087285.69834000,0
1753236000000000,203.05000000,203.39000000,202.48000000,202.65000000,38318.16500000,1753236899999999,7776009.82923000,29618,17094.43600000,3469183.87138000,0
1753236900000000,202.66000000,203.11000000,202.22000000,203.11000000,26194.28400000,1753237799999999,5309889.23681000,24431,11116.15200000,2254008.45364000,0
1753237800000000,203.11000000,203.16000000,201.62000000,201.62000000,48446.94200000,1753238699999999,9805443.41311000,31986,15174.47600000,3071176.21976000,0
1753238700000000,201.63000000,202.36000000,201.61000000,202.34000000,31125.29000000,1753239599999999,6288523.49528000,21716,13138.23300000,2654465.08865000,0
1753239600000000,202.34000000,202.72000000,201.83000000,202.45000000,22567.27600000,1753240499999999,4564829.35157000,16514,7600.62700000,1537226.39979000,0
1753240500000000,202.44000000,202.75000000,201.69000000,201.90000000,48071.32700000,1753241399999999,9709851.60861000,20987,31406.17800000,6341977.01504000,0
1753241400000000,201.91000000,202.51000000,201.71000000,201.92000000,19230.64400000,1753242299999999,3885342.48608000,13804,6530.13400000,1319357.43574000,0
1753242300000000,201.91000000,201.91000000,200.99000000,201.39000000,36878.60400000,1753243199999999,7423692.48308000,24790,10756.28200000,2165619.57554000,0
1753243200000000,201.40000000,201.96000000,201.00000000,201.75000000,24870.68700000,1753244099999999,5010634.49534000,20328,14254.22900000,2872335.03719000,0
1753244100000000,201.74000000,202.26000000,201.28000000,202.14000000,21959.49400000,1753244999999999,4434226.89247000,19349,10198.73000000,2059630.62365000,0
1753245000000000,202.14000000,202.15000000,201.69000000,201.86000000,20769.73700000,1753245899999999,4193904.41548000,13752,8483.79200000,1712994.92249000,0
1753245900000000,201.87000000,201.92000000,201.09000000,201.65000000,32424.18700000,1753246799999999,6529984.92825000,15422,16784.70700000,3379938.77801000,0
1753246800000000,201.65000000,201.71000000,200.83000000,201.43000000,35877.33200000,1753247699999999,7217487.38870000,21506,12064.29300000,2427646.83983000,0
1753247700000000,201.44000000,201.74000000,200.97000000,201.14000000,19225.98900000,1753248599999999,3871171.42851000,17919,8381.04000000,1687720.00924000,0
1753248600000000,201.14000000,202.01000000,201.14000000,201.25000000,24190.87500000,1753249499999999,4875854.56668000,17783,15124.91100000,3048466.95793000,0
1753249500000000,201.25000000,201.76000000,201.01000000,201.58000000,18103.10000000,1753250399999999,3646194.06929000,16424,6852.79100000,1380626.08526000,0
1753250400000000,201.58000000,201.93000000,201.23000000,201.92000000,21005.22400000,1753251299999999,4233892.10278000,22558,9517.51000000,1918588.47064000,0
1753251300000000,201.92000000,201.93000000,200.20000000,200.96000000,35453.60600000,1753252199999999,7122046.82154000,31907,10424.26300000,2095035.36620000,0
1753252200000000,200.96000000,201.01000000,199.74000000,200.03000000,44946.85200000,1753253099999999,8996027.78635000,29956,10840.81600000,2170794.98472000,0
1753253100000000,200.03000000,200.78000000,199.95000000,200.62000000,25321.48800000,1753253999999999,5074161.44084000,18774,14032.37600000,2811786.54651000,0
1753254000000000,200.61000000,200.73000000,199.71000000,200.42000000,21641.51400000,1753254899999999,4335048.29218000,23773,7982.43200000,1599123.74887000,0
1753254900000000,200.42000000,201.04000000,200.42000000,200.87000000,21661.55500000,1753255799999999,4348943.64597000,18816,8377.22100000,1682303.53148000,0
1753255800000000,200.86000000,201.14000000,199.23000000,199.57000000,28284.29600000,1753256699999999,5655910.01271000,27426,7414.87900000,1482281.84545000,0
1753256700000000,199.57000000,199.80000000,198.88000000,199.46000000,50793.42900000,1753257599999999,10121606.34662000,29180,14587.92000000,2907110.09203000,0
1753257600000000,199.47000000,199.79000000,198.71000000,199.68000000,45485.21600000,1753258499999999,9065652.16661000,21550,23740.79200000,4733499.24114000,0
1753258500000000,199.67000000,199.69000000,198.81000000,199.52000000,21540.18900000,1753259399999999,4291140.89574000,20808,8576.48600000,1708847.46771000,0
1753259400000000,199.53000000,199.61000000,198.71000000,198.94000000,23381.50200000,1753260299999999,4654564.94974000,19723,9515.69300000,1894331.84588000,0
1753260300000000,198.94000000,199.83000000,198.80000000,199.83000000,15472.50900000,1753261199999999,3083089.19898000,14955,9315.62300000,1856602.88364000,0
1753261200000000,199.83000000,200.00000000,199.09000000,199.20000000,17315.81500000,1753262099999999,3457275.97097000,15191,10781.98000000,2153613.00827000,0
1753262100000000,199.20000000,199.22000000,198.21000000,198.21000000,33531.87900000,1753262999999999,6658967.86488000,24069,7366.12000000,1462927.19859000,0
1753263000000000,198.21000000,198.56000000,197.73000000,198.03000000,66244.17500000,1753263899999999,13121891.34397000,34650,18426.50900000,3649076.45924000,0
1753263900000000,198.03000000,198.30000000,197.51000000,197.66000000,31462.74500000,1753264799999999,6228837.71716000,21742,13118.57600000,2597853.49753000,0
1753264800000000,197.66000000,197.80000000,195.86000000,196.07000000,105542.14600000,1753265699999999,20764231.69861000,44826,35616.23300000,7003477.36965000,0
1753265700000000,196.06000000,197.38000000,196.06000000,197.05000000,66158.80300000,1753266599999999,13019441.85196000,35447,35575.82200000,6998901.55611000,0
1753266600000000,197.04000000,197.70000000,196.88000000,197.55000000,23514.18300000,1753267499999999,4639476.33771000,20840,13261.45100000,2617151.49190000,0
1753267500000000,197.54000000,198.03000000,197.54000000,197.94000000,20128.90700000,1753268399999999,3982642.36996000,19819,10986.10700000,2173762.46308000,0
1753268400000000,197.94000000,198.05000000,196.92000000,196.98000000,27164.69500000,1753269299999999,5366521.48373000,23886,14295.83000000,2824552.55083000,0
1753269300000000,196.97000000,198.20000000,196.93000000,197.95000000,26269.77500000,1753270199999999,5194114.48377000,22396,10965.57100000,2168889.50126000,0
1753270200000000,197.95000000,198.00000000,197.32000000,197.60000000,25208.75400000,1753271099999999,4982143.79752000,16680,7890.39900000,1559560.09922000,0
1753271100000000,197.60000000,197.70000000,196.96000000,197.42000000,24681.42700000,1753271999999999,4868237.74529000,15538,9733.03600000,1920111.07483000,0
1753272000000000,197.41000000,197.57000000,196.46000000,197.50000000,32692.34600000,1753272899999999,6440164.75323000,24236,13381.51300000,2636511.23968000,0
1753272900000000,197.50000000,197.54000000,196.37000000,196.91000000,31295.91400000,1753273799999999,6162053.49437000,24319,17119.51800000,3371090.02151000,0
1753273800000000,196.91000000,197.13000000,195.13000000,195.32000000,70417.32700000,1753274699999999,13802203.84919000,39364,19593.99800000,3839624.89923000,0
1753274700000000,195.32000000,195.96000000,193.68000000,194.17000000,151564.26800000,1753275599999999,29491659.12370000,76284,48774.02000000,9489186.29656000,0
1753275600000000,194.16000000,194.89000000,193.55000000,193.93000000,101610.24300000,1753276499999999,19739204.41459000,67035,41433.94800000,8046248.41318000,0
1753276500000000,193.93000000,193.99000000,191.69000000,193.93000000,162554.68500000,1753277399999999,31362093.20113000,88602,73455.22800000,14175487.30050000,0
1753277400000000,193.94000000,194.36000000,187.75000000,189.48000000,302190.69200000,1753278299999999,57718523.01920000,125053,116175.98600000,22233382.46216000,0
1753278300000000,189.47000000,190.47000000,187.61000000,189.18000000,421423.05300000,1753279199999999,79647575.91832000,175723,200184.64100000,37829240.61194000,0
1753279200000000,189.18000000,191.59000000,188.69000000,190.16000000,147800.00600000,1753280099999999,28125834.07061000,89606,70780.52000000,13480497.40166000,0
1753280100000000,190.16000000,192.36000000,190.16000000,192.13000000,124449.96300000,1753280999999999,23838739.48797000,55282,61397.61200000,11761612.67980000,0
1753281000000000,192.14000000,192.18000000,189.82000000,190.55000000,111702.13600000,1753281899999999,21348334.34584000,70649,46075.18400000,8805516.97418000,0
1753281900000000,190.56000000,191.61000000,190.08000000,191.61000000,53420.60700000,1753282799999999,10190059.73661000,46047,24423.93300000,4661157.83906000,0
1753282800000000,191.60000000,191.92000000,189.65000000,189.85000000,68796.49300000,1753283699999999,13118374.39307000,51155,26126.61900000,4982005.37597000,0
1753283700000000,189.85000000,191.33000000,189.78000000,190.72000000,52930.22200000,1753284599999999,10081657.02491000,44539,25733.63900000,4901847.38417000,0
1753284600000000,190.72000000,191.84000000,190.56000000,191.83000000,30192.69300000,1753285499999999,5772652.46330000,29547,15363.31600000,2937794.84605000,0
1753285500000000,191.84000000,192.79000000,190.84000000,192.72000000,61541.14200000,1753286399999999,11811207.21496000,53796,34826.03700000,6685378.09764000,0
1753286400000000,192.72000000,192.75000000,190.93000000,190.95000000,74108.19900000,1753287299999999,14234209.25871000,48179,26060.62800000,5008607.05502000,0
1753287300000000,190.95000000,191.81000000,190.31000000,191.05000000,49815.44500000,1753288199999999,9510224.73277000,41299,25936.75100000,4952273.73939000,0
1753288200000000,191.05000000,191.08000000,189.32000000,190.13000000,62135.62700000,1753289099999999,11809067.98192000,47619,17641.03100000,3352372.30976000,0
1753289100000000,190.12000000,190.12000000,188.02000000,188.26000000,152248.53400000,1753289999999999,28805642.48268000,72224,52844.29300000,9999689.48942000,0
1753290000000000,188.26000000,189.29000000,186.45000000,187.36000000,156238.09300000,1753290899999999,29305987.34830000,84953,60591.88500000,11361955.80914000,0
1753290900000000,187.36000000,188.36000000,186.01000000,187.18000000,133273.73100000,1753291799999999,24945293.82361000,88243,61403.93700000,11497174.18807000,0
1753291800000000,187.18000000,188.58000000,186.78000000,188.27000000,48005.39100000,1753292699999999,9015490.84359000,47754,27374.02300000,5141631.70144000,0
1753292700000000,188.27000000,189.06000000,187.83000000,188.70000000,40391.18800000,1753293599999999,7617125.73425000,40790,21003.80800000,3960751.50039000,0
1753293600000000,188.70000000,189.99000000,188.19000000,189.32000000,75106.74700000,1753294499999999,14207923.64904000,45290,40540.78500000,7669529.63583000,0
1753294500000000,189.32000000,190.05000000,188.42000000,189.27000000,35205.51300000,1753295399999999,6663417.84684000,37635,16141.53500000,3056897.04869000,0
1753295400000000,189.27000000,190.09000000,188.92000000,189.35000000,33559.02700000,1753296299999999,6364391.96481000,31776,17531.57900000,3324961.85793000,0
1753296300000000,189.35000000,190.30000000,189.35000000,190.22000000,19341.83200000,1753297199999999,3672197.43048000,20071,11428.58900000,2169452.22323000,0
1753297200000000,190.21000000,190.26000000,189.16000000,189.22000000,29767.63400000,1753298099999999,5650717.88082000,22354,15733.67800000,2987137.44490000,0
1753298100000000,189.21000000,189.82000000,188.57000000,188.89000000,29237.47600000,1753298999999999,5529941.21914000,26100,16199.92500000,3064080.33853000,0
1753299000000000,188.89000000,188.89000000,188.17000000,188.63000000,40706.11400000,1753299899999999,7673772.78843000,28203,23325.59000000,4397139.97036000,0
1753299900000000,188.64000000,189.90000000,188.03000000,188.08000000,37996.18900000,1753300799999999,7186345.42494000,33665,18150.53900000,3433900.82039000,0
1753300800000000,188.09000000,189.76000000,188.08000000,188.66000000,55580.14500000,1753301699999999,10496353.68493000,56132,29050.20800000,5486149.46826000,0
1753301700000000,188.66000000,188.66000000,186.39000000,186.94000000,73773.12700000,1753302599999999,13836476.13911000,52785,33717.16700000,6322615.97065000,0
1753302600000000,186.94000000,187.09000000,184.44000000,186.43000000,199550.98000000,1753303499999999,37014817.30305000,105428,87527.92100000,16232635.59217000,0
1753303500000000,186.43000000,187.09000000,185.30000000,186.78000000,88493.46100000,1753304399999999,16480120.35965000,57739,42119.94300000,7842131.63579000,0
1753304400000000,186.78000000,187.61000000,186.53000000,187.19000000,51175.50500000,1753305299999999,9575707.77559000,37656,23629.84500000,4421309.32318000,0
1753305300000000,187.19000000,187.27000000,183.97000000,185.27000000,117598.79200000,1753306199999999,21782252.22052000,69056,48430.20400000,8969400.06212000,0
1753306200000000,185.27000000,187.39000000,184.25000000,186.90000000,101908.69500000,1753307099999999,18955815.17659000,53980,48159.38000000,8959746.35884000,0
1753307100000000,186.91000000,188.25000000,186.90000000,187.94000000,36427.09900000,1753307999999999,6837829.12822000,23550,23563.24000000,4421020.56759000,0
1753308000000000,187.94000000,188.82000000,186.49000000,188.55000000,70521.81600000,1753308899999999,13248753.14979000,45692,41712.90800000,7839406.62540000,0
1753308900000000,188.55000000,189.33000000,188.02000000,189.26000000,34100.39700000,1753309799999999,6437300.38902000,27245,22031.69700000,4159509.16546000,0
1753309800000000,189.25000000,189.45000000,188.84000000,189.45000000,25824.92700000,1753310699999999,4885952.36523000,16569,16271.08800000,3078472.81943000,0
1753310700000000,189.45000000,189.69000000,188.95000000,189.08000000,17761.86400000,1753311599999999,3362497.99565000,15528,9317.68700000,1764138.04682000,0
1753311600000000,189.07000000,190.04000000,188.87000000,190.03000000,21936.96500000,1753312499999999,4158276.08237000,15966,15017.65200000,2847473.20087000,0
1753312500000000,190.04000000,190.04000000,189.31000000,189.62000000,25686.64600000,1753313399999999,4871899.13787000,16687,11591.02300000,2198313.21427000,0
1753313400000000,189.63000000,189.78000000,189.20000000,189.61000000,9767.86800000,1753314299999999,1851342.62731000,14838,4855.57800000,920381.27622000,0
1753314300000000,189.62000000,189.78000000,189.17000000,189.40000000,14886.85200000,1753315199999999,2819731.19040000,12272,7300.38500000,1382811.22103000,0
1753315200000000,189.40000000,189.41000000,188.48000000,189.14000000,35917.27900000,1753316099999999,6788055.06507000,23230,10397.74000000,1965377.46921000,0
1753316100000000,189.13000000,190.92000000,188.82000000,190.82000000,67377.10900000,1753316999999999,12828265.75303000,37588,44256.59000000,8429412.59862000,0
1753317000000000,190.81000000,190.82000000,190.23000000,190.60000000,38424.78200000,1753317899999999,7322519.75026000,25502,19072.74900000,3634640.13285000,0
1753317900000000,190.60000000,190.99000000,190.19000000,190.95000000,46226.88600000,1753318799999999,8811973.80352000,17800,24519.12500000,4674180.19197000,0
1753318800000000,190.95000000,190.96000000,190.12000000,190.51000000,29542.53200000,1753319699999999,5627763.79483000,18991,15340.97500000,2921923.49348000,0
1753319700000000,190.50000000,190.90000000,190.04000000,190.24000000,23509.02300000,1753320599999999,4477445.30046000,18848,14937.40800000,2845618.29619000,0
1753320600000000,190.24000000,190.36000000,189.25000000,190.10000000,32554.16500000,1753321499999999,6181795.39250000,24415,12814.08400000,2433969.08423000,0
1753321500000000,190.10000000,191.57000000,190.04000000,191.54000000,30697.15200000,1753322399999999,5859265.49204000,17165,18270.82600000,3489619.87077000,0
1753322400000000,191.53000000,191.65000000,190.96000000,191.14000000,35058.97300000,1753323299999999,6708151.10780000,19965,13649.87100000,2611705.33254000,0
1753323300000000,191.14000000,191.18000000,190.38000000,190.46000000,25279.92500000,1753324199999999,4820148.99307000,18137,11813.67400000,2252297.72033000,0
1753324200000000,190.46000000,191.24000000,190.38000000,191.24000000,25994.35500000,1753325099999999,4959546.06123000,19605,16784.35400000,3201982.26844000,0
1753325100000000,191.23000000,191.60000000,190.86000000,191.14000000,17937.16900000,1753325999999999,3430218.74770000,14700,10085.77900000,1928904.17048000,0
1753326000000000,191.14000000,191.34000000,190.65000000,190.95000000,14658.97600000,1753326899999999,2799171.74434000,14767,7273.63800000,1389168.49487000,0
1753326900000000,190.95000000,191.87000000,190.84000000,191.72000000,24083.84500000,1753327799999999,4611463.37078000,15337,14534.12500000,2783162.51219000,0
1753327800000000,191.73000000,191.73000000,191.00000000,191.17000000,26042.56300000,1753328699999999,4981757.58983000,20333,10437.11900000,1997333.85400000,0
1753328700000000,191.17000000,191.21000000,189.62000000,189.85000000,32051.91500000,1753329599999999,6099015.76839000,25900,9567.02000000,1820422.09913000,0
1753329600000000,189.85000000,190.12000000,189.11000000,190.08000000,27654.49900000,1753330499999999,5243659.90786000,24889,14330.76600000,2717806.41428000,0
1753330500000000,190.08000000,190.08000000,188.22000000,188.25000000,36026.38300000,1753331399999999,6804014.94417000,24345,11332.26400000,2140663.71170000,0
1753331400000000,188.26000000,188.46000000,186.62000000,186.67000000,41737.41200000,1753332299999999,7828958.93459000,37033,16268.03100000,3053406.61631000,0
1753332300000000,186.67000000,187.15000000,185.33000000,186.05000000,73662.58900000,1753333199999999,13711829.29109000,52406,28450.65300000,5295744.54311000,0
1753333200000000,186.04000000,186.20000000,184.21000000,184.61000000,89467.36300000,1753334099999999,16561337.17782000,58313,32697.87500000,6054428.62591000,0
1753334100000000,184.60000000,185.56000000,183.82000000,184.61000000,51066.72100000,1753334999999999,9432791.30041000,47196,19580.77000000,3618310.02039000,0
1753335000000000,184.61000000,185.82000000,184.44000000,185.62000000,70123.49900000,1753335899999999,12989735.18421000,38053,39624.82200000,7341622.82754000,0
1753335900000000,185.63000000,185.63000000,181.29000000,181.87000000,232508.13800000,1753336799999999,42531192.85398000,98235,84764.87900000,15487036.70082000,0
1753336800000000,181.88000000,183.89000000,181.62000000,183.59000000,97327.46900000,1753337699999999,17782151.62901000,63733,42261.41800000,7721691.80478000,0
1753337700000000,183.59000000,184.12000000,182.36000000,183.84000000,45558.67200000,1753338599999999,8361405.49915000,39988,24370.58600000,4473694.30810000,0
1753338600000000,183.85000000,184.03000000,180.81000000,180.99000000,82194.49800000,1753339499999999,14957371.37315000,66725,33711.83800000,6144473.15302000,0
1753339500000000,180.99000000,181.89000000,179.87000000,181.08000000,137530.98400000,1753340399999999,24880984.53846000,85338,46937.14300000,8498949.92480000,0
1753340400000000,181.08000000,182.67000000,179.21000000,182.61000000,148421.21100000,1753341299999999,26873754.24639000,82798,81438.28500000,14767814.02634000,0
1753341300000000,182.62000000,183.68000000,182.60000000,183.36000000,67429.30700000,1753342199999999,12351342.42952000,46967,40998.67600000,7510264.61186000,0
1753342200000000,183.35000000,183.47000000,182.34000000,183.32000000,39610.11900000,1753343099999999,7242249.66963000,38892,16421.85200000,3002595.85404000,0
1753343100000000,183.32000000,184.33000000,182.50000000,184.21000000,32292.01600000,1753343999999999,5922217.46764000,35690,20792.10800000,3814707.38996000,0
1753344000000000,184.20000000,185.81000000,183.27000000,185.81000000,56544.68800000,1753344899999999,10442219.02501000,39636,32238.28500000,5951655.75117000,0
1753344900000000,185.80000000,185.81000000,184.56000000,185.00000000,49134.59600000,1753345799999999,9090072.91396000,42968,23665.91000000,4378191.04343000,0
1753345800000000,185.00000000,186.15000000,185.00000000,185.81000000,95280.78400000,1753346699999999,17693175.63336000,37996,71119.20900000,13206323.35184000,0
1753346700000000,185.82000000,186.36000000,185.81000000,186.04000000,43449.93200000,1753347599999999,8089303.43052000,28162,19143.20900000,3563826.77562000,0
1753347600000000,186.03000000,186.46000000,185.39000000,185.54000000,40752.99400000,1753348499999999,7588737.80265000,29192,22110.32600000,4117821.24382000,0
1753348500000000,185.55000000,185.93000000,185.02000000,185.45000000,32617.70100000,1753349399999999,6047285.45211000,29933,11841.12500000,2195860.70098000,0
1753349400000000,185.45000000,186.23000000,185.04000000,186.19000000,27204.02600000,1753350299999999,5050537.32354000,24812,14385.92000000,2671010.04558000,0
1753350300000000,186.19000000,186.19000000,184.44000000,185.21000000,53336.41400000,1753351199999999,9875004.01291000,33230,21708.46100000,4018067.81724000,0
1753351200000000,185.22000000,186.28000000,184.90000000,185.20000000,28818.09800000,1753352099999999,5346940.96385000,30808,14865.03900000,2759125.34370000,0
1753352100000000,185.20000000,185.45000000,183.56000000,183.69000000,77830.23900000,1753352999999999,14338883.68907000,34496,25317.72000000,4663264.77061000,0
1753353000000000,183.69000000,184.16000000,182.92000000,183.90000000,38966.58000000,1753353899999999,7150815.12902000,34858,16872.88100000,3096993.82299000,0
1753353900000000,183.90000000,185.07000000,183.41000000,184.89000000,28517.40000000,1753354799999999,5260550.76220000,26554,14628.11100000,2698015.50927000,0
1753354800000000,184.90000000,185.90000000,184.89000000,185.86000000,27460.48200000,1753355699999999,5088864.41049000,26706,17359.29600000,3217101.43666000,0
1753355700000000,185.86000000,186.28000000,185.50000000,185.85000000,31756.51800000,1753356599999999,5903089.27427000,31882,15325.81900000,2848669.90171000,0
1753356600000000,185.86000000,186.73000000,185.53000000,186.73000000,21604.94100000,1753357499999999,4022374.79955000,23561,14461.65500000,2693244.11778000,0
1753357500000000,186.72000000,186.92000000,186.26000000,186.40000000,26318.56500000,1753358399999999,4911944.51899000,20143,15416.57700000,2877524.05517000,0
1753358400000000,186.41000000,186.86000000,185.44000000,185.90000000,25681.56200000,1753359299999999,4781031.99404000,25349,9539.12500000,1776607.50537000,0
1753359300000000,185.90000000,186.43000000,185.00000000,186.26000000,46632.29700000,1753360199999999,8668565.32395000,37938,17615.82900000,3275517.49792000,0
1753360200000000,186.26000000,186.28000000,184.62000000,185.06000000,48681.69300000,1753361099999999,9020303.89793000,43434,20738.02000000,3842731.44589000,0
1753361100000000,185.06000000,186.27000000,185.00000000,186.01000000,41428.01700000,1753361999999999,7682894.68683000,27412,11589.02200000,2150181.17219000,0
1753362000000000,186.01000000,186.51000000,185.54000000,186.21000000,29736.17600000,1753362899999999,5531382.90714000,32461,18225.35300000,3389972.25037000,0
1753362900000000,186.20000000,186.69000000,185.88000000,186.46000000,32041.25700000,1753363799999999,5970842.55592000,27520,21534.24300000,4013010.18064000,0
1753363800000000,186.46000000,187.41000000,185.59000000,186.09000000,53410.03700000,1753364699999999,9957002.24674000,64299,27156.33300000,5064443.92824000,0
1753364700000000,186.10000000,186.77000000,184.27000000,184.57000000,71569.25400000,1753365599999999,13279042.66696000,52464,29783.91300000,5532448.72009000,0
1753365600000000,184.57000000,185.62000000,183.36000000,183.94000000,51185.90200000,1753366499999999,9440238.70473000,62609,24946.44900000,4600847.15015000,0
1753366500000000,183.94000000,185.56000000,183.68000000,185.25000000,32761.10700000,1753367399999999,6047255.46899000,33849,16576.02500000,3059619.79877000,0
1753367400000000,185.26000000,187.90000000,185.17000000,187.58000000,108809.04300000,1753368299999999,20342711.65034000,52107,60494.97300000,11309697.72840000,0
1753368300000000,187.59000000,190.04000000,187.52000000,189.52000000,172635.08300000,1753369199999999,32572462.97582000,63225,106077.74300000,20014176.95815000,0
1753369200000000,189.52000000,191.76000000,189.36000000,191.27000000,168275.01700000,1753370099999999,32087898.28196000,84584,91289.59900000,17402091.29705000,0
1753370100000000,191.27000000,191.29000000,188.39000000,189.05000000,114747.86300000,1753370999999999,21753509.89660000,82692,44950.00800000,8514656.46823000,0
1753371000000000,189.06000000,189.31000000,187.55000000,188.37000000,90547.94900000,1753371899999999,17044941.87933000,67509,45484.89000000,8560428.82618000,0
1753371900000000,188.36000000,188.96000000,187.63000000,188.53000000,45315.20400000,1753372799999999,8540250.11578000,39126,19424.95200000,3661107.32423000,0
1753372800000000,188.54000000,188.86000000,187.12000000,187.58000000,56446.66700000,1753373699999999,10623214.03752000,51543,20081.79500000,3778532.97515000,0
1753373700000000,187.58000000,188.14000000,185.87000000,185.92000000,79664.33400000,1753374599999999,14897250.65681000,62499,29344.59900000,5489924.18459000,0
1753374600000000,185.92000000,186.49000000,185.00000000,185.12000000,85523.80200000,1753375499999999,15871019.17768000,62433,39778.89100000,7381411.04904000,0
1753375500000000,185.12000000,186.32000000,184.85000000,185.82000000,66625.74800000,1753376399999999,12366513.61663000,37352,31904.12000000,5925543.18517000,0
1753376400000000,185.82000000,187.94000000,185.70000000,187.62000000,61426.92100000,1753377299999999,11475851.83006000,23621,31625.44300000,5910371.10566000,0
1753377300000000,187.61000000,188.83000000,187.16000000,188.05000000,58315.80100000,1753378199999999,10968682.66350000,42993,34147.70100000,6422943.07592000,0
1753378200000000,188.05000000,188.81000000,188.05000000,188.60000000,39643.35500000,1753379099999999,7472864.61275000,31974,22288.54000000,4201271.21096000,0
1753379100000000,188.59000000,189.60000000,188.55000000,188.78000000,57386.90100000,1753379999999999,10846012.85890000,32213,39472.10300000,7459623.34828000,0
1753380000000000,188.78000000,189.47000000,187.77000000,189.20000000,54290.75400000,1753380899999999,10245410.08087000,45389,33227.49000000,6271508.74965000,0
1753380900000000,189.20000000,189.83000000,188.63000000,189.54000000,61525.94800000,1753381799999999,11644095.73457000,39742,32225.30200000,6099486.88150000,0
1753381800000000,189.54000000,189.92000000,188.50000000,188.70000000,40203.54600000,1753382699999999,7604491.31850000,38729,20633.29600000,3903638.13183000,0
1753382700000000,188.70000000,189.59000000,188.49000000,189.24000000,27840.82000000,1753383599999999,5264164.96559000,29268,16567.94400000,3132940.42603000,0
1753383600000000,189.25000000,190.04000000,188.98000000,189.53000000,40823.64600000,1753384499999999,7738580.08671000,29152,24662.93800000,4675798.27263000,0
1753384500000000,189.53000000,189.85000000,188.75000000,189.11000000,29239.48700000,1753385399999999,5535228.32160000,28803,12595.04800000,2385085.47156000,0
1753385400000000,189.10000000,189.17000000,187.87000000,188.19000000,31695.85000000,1753386299999999,5969579.98559000,28824,11709.40600000,2205792.51304000,0
1753386300000000,188.19000000,188.91000000,187.88000000,187.99000000,31242.91600000,1753387199999999,5885355.63599000,25928,12243.77500000,2306403.88234000,0
1753387200000000,187.99000000,188.45000000,187.57000000,188.34000000,25686.35000000,1753388099999999,4829189.84773000,25740,12891.44200000,2423685.52377000,0
1753388100000000,188.33000000,188.60000000,187.60000000,188.55000000,23098.31200000,1753388999999999,4344260.69187000,18653,10071.45500000,1894116.81326000,0
1753389000000000,188.54000000,188.96000000,188.09000000,188.65000000,20060.65800000,1753389899999999,3782817.67841000,19633,9862.92300000,1859910.09434000,0
1753389900000000,188.66000000,189.06000000,188.56000000,188.86000000,32059.18800000,1753390799999999,6052882.43536000,15820,11034.05800000,2083247.90203000,0
1753390800000000,188.85000000,188.89000000,187.53000000,187.70000000,26965.62300000,1753391699999999,5074902.48517000,17259,15634.76000000,2942233.97455000,0
1753391700000000,187.70000000,187.90000000,186.90000000,187.15000000,34325.40800000,1753392599999999,6430527.18495000,23436,12480.97200000,2338308.60592000,0
1753392600000000,187.15000000,187.27000000,186.37000000,186.77000000,48552.47000000,1753393499999999,9063253.99988000,22001,15412.78800000,2877146.12446000,0
1753393500000000,186.76000000,186.99000000,185.58000000,185.58000000,41089.97900000,1753394399999999,7653863.33027000,18719,14874.18000000,2770459.55951000,0
1753394400000000,185.59000000,185.87000000,183.67000000,183.89000000,132071.08400000,1753395299999999,24397291.25466000,52268,52700.59000000,9737970.87052000,0
1753395300000000,183.89000000,184.68000000,183.45000000,184.65000000,94881.96400000,1753396199999999,17462288.52688000,38845,31937.78900000,5876643.96712000,0
1753396200000000,184.65000000,184.67000000,183.92000000,184.48000000,47591.54200000,1753397099999999,8766540.77455000,25639,18610.69800000,3427816.98624000,0
1753397100000000,184.48000000,184.48000000,183.41000000,183.72000000,40401.72300000,1753397999999999,7428530.71510000,25397,12569.10600000,2310514.63842000,0
1753398000000000,183.72000000,183.72000000,182.28000000,182.74000000,83917.85400000,1753398899999999,15357806.84268000,43530,29039.04800000,5315268.39702000,0
1753398900000000,182.74000000,183.39000000,182.58000000,183.00000000,42697.37900000,1753399799999999,7814937.91108000,29116,14888.33100000,2724972.34853000,0
1753399800000000,183.01000000,183.34000000,182.34000000,182.74000000,64185.54800000,1753400699999999,11732589.97819000,34731,23130.16500000,4228073.77644000,0
1753400700000000,182.74000000,183.10000000,182.01000000,182.87000000,46564.34500000,1753401599999999,8500346.37159000,34851,19440.33400000,3549628.03662000,0
1753401600000000,182.88000000,183.16000000,181.33000000,182.01000000,70245.67300000,1753402499999999,12781407.41466000,51973,22678.63900000,4128519.40925000,0
1753402500000000,182.01000000,182.61000000,181.58000000,182.06000000,34998.59700000,1753403399999999,6375264.06794000,34138,17609.18700000,3207808.39545000,0
1753403400000000,182.06000000,182.15000000,180.57000000,181.80000000,54799.61700000,1753404299999999,9923504.52150000,42646,18310.07600000,3316519.92329000,0
1753404300000000,181.79000000,182.11000000,181.44000000,181.92000000,29552.60200000,1753405199999999,5373045.79039000,26456,17014.81300000,3093227.66796000,0
1753405200000000,181.93000000,182.43000000,181.09000000,181.85000000,72399.74800000,1753406099999999,13146698.74778000,28376,26400.09000000,4798234.66810000,0
1753406100000000,181.85000000,182.39000000,180.75000000,182.01000000,41552.86000000,1753406999999999,7548956.19832000,28961,14648.76600000,2662848.51468000,0
1753407000000000,182.01000000,183.10000000,181.64000000,182.75000000,37673.39000000,1753407899999999,6877556.61010000,34234,23308.88700000,4255229.59152000,0
1753407900000000,182.74000000,183.54000000,181.97000000,182.95000000,60249.48600000,1753408799999999,11007559.11000000,32000,40259.19500000,7356458.47124000,0
1753408800000000,182.95000000,183.49000000,182.43000000,182.93000000,33713.79600000,1753409699999999,6169185.54180000,23124,19740.12700000,3612190.56222000,0
1753409700000000,182.93000000,183.00000000,181.90000000,182.35000000,47255.44500000,1753410599999999,8616130.23163000,25998,31177.36800000,5684493.08668000,0
1753410600000000,182.35000000,182.73000000,180.04000000,180.26000000,75103.96900000,1753411499999999,13592390.02988000,48572,32311.78400000,5852036.29435000,0
1753411500000000,180.26000000,180.65000000,178.26000000,178.82000000,141843.83100000,1753412399999999,25471305.07593000,73127,50096.25000000,8997115.42175000,0
1753412400000000,178.82000000,179.78000000,178.12000000,178.77000000,91858.75200000,1753413299999999,16441637.52586000,65847,44233.44100000,7919822.63823000,0
1753413300000000,178.78000000,179.44000000,177.77000000,177.97000000,75801.93200000,1753414199999999,13535773.34779000,52959,34172.37900000,6104750.44261000,0
1753414200000000,177.97000000,177.98000000,175.63000000,177.12000000,151494.30600000,1753415099999999,26757085.11969000,94656,59051.78300000,10432009.73863000,0
1753415100000000,177.13000000,178.05000000,176.83000000,177.71000000,71921.69900000,1753415999999999,12760710.72708000,59787,46366.78400000,8226219.41411000,0
1753416000000000,177.72000000,177.98000000,176.64000000,176.75000000,51574.34600000,1753416899999999,9145091.83658000,53337,27485.53300000,4873458.63368000,0
1753416900000000,176.74000000,177.59000000,176.07000000,177.40000000,61167.36900000,1753417799999999,10823817.75107000,56956,34647.65200000,6131335.67160000,0
1753417800000000,177.40000000,179.12000000,177.37000000,178.17000000,69624.91300000,1753418699999999,12430465.47925000,44737,41536.86400000,7416475.20158000,0
1753418700000000,178.17000000,179.66000000,178.17000000,179.49000000,61845.08600000,1753419599999999,11072327.63520000,33096,38202.34600000,6839537.07379000,0
1753419600000000,179.49000000,179.78000000,177.95000000,178.10000000,63613.55300000,1753420499999999,11382168.62278000,44093,25644.87100000,4590325.08503000,0
1753420500000000,178.10000000,179.31000000,178.10000000,178.90000000,34506.23600000,1753421399999999,6172148.27260000,31189,20657.88900000,3695535.38201000,0
1753421400000000,178.89000000,179.16000000,178.50000000,178.73000000,21159.18700000,1753422299999999,3783191.47668000,21681,13695.49000000,2448735.75463000,0
1753422300000000,178.73000000,178.90000000,178.16000000,178.71000000,26861.49100000,1753423199999999,4797114.99499000,26260,14499.77900000,2589403.35623000,0
1753423200000000,178.72000000,178.80000000,177.60000000,178.37000000,26247.87200000,1753424099999999,4673780.46689000,23296,8703.46000000,1550133.88777000,0
1753424100000000,178.37000000,178.64000000,177.28000000,177.75000000,31052.17000000,1753424999999999,5526166.48864000,25667,12844.28000000,2286022.74189000,0
1753425000000000,177.76000000,178.91000000,177.39000000,178.62000000,16618.31700000,1753425899999999,2960773.79092000,23524,8420.87800000,1501010.52182000,0
1753425900000000,178.62000000,178.93000000,177.88000000,178.12000000,28498.85400000,1753426799999999,5085206.28459000,21979,14437.66700000,2576721.06173000,0
1753426800000000,178.12000000,178.12000000,176.72000000,177.65000000,75757.85100000,1753427699999999,13441064.59248000,40068,52105.40100000,9244971.31590000,0
1753427700000000,177.66000000,178.87000000,177.19000000,177.37000000,69907.58300000,1753428599999999,12451350.68647000,39709,50594.58500000,9012866.15075000,0
1753428600000000,177.36000000,177.68000000,176.38000000,176.59000000,48079.40400000,1753429499999999,8504923.05248000,26516,22457.57500000,3973226.03613000,0
1753429500000000,176.60000000,177.92000000,175.91000000,177.51000000,62642.04800000,1753430399999999,11063917.32146000,29821,30772.29600000,5437628.52321000,0
1753430400000000,177.51000000,178.13000000,177.03000000,177.84000000,51469.51900000,1753431299999999,9144493.06625000,32132,25954.02600000,4613019.37994000,0
1753431300000000,177.84000000,179.35000000,177.42000000,178.81000000,61237.92300000,1753432199999999,10944177.05887000,34099,35931.14100000,6421356.58922000,0
1753432200000000,178.82000000,178.87000000,177.14000000,177.23000000,40166.32300000,1753433099999999,7149807.60385000,30432,20522.68900000,3653725.15653000,0
1753433100000000,177.23000000,178.03000000,176.86000000,177.84000000,53071.55800000,1753433999999999,9427475.51127000,50636,29966.32300000,5324210.46084000,0
1753434000000000,177.85000000,178.32000000,177.40000000,178.28000000,40060.60800000,1753434899999999,7121324.60650000,42518,15361.07700000,2731545.34328000,0
1753434900000000,178.28000000,179.90000000,177.85000000,179.83000000,56076.85200000,1753435799999999,10039108.77798000,42471,35879.94000000,6423064.87398000,0
1753435800000000,179.83000000,180.91000000,179.52000000,179.52000000,106643.50500000,1753436699999999,19218229.86396000,57858,44864.63600000,8090917.39968000,0
1753436700000000,179.53000000,180.82000000,178.96000000,180.81000000,57980.09800000,1753437599999999,10424343.05955000,46610,32084.89700000,5771285.14901000,0
1753437600000000,180.81000000,181.67000000,180.14000000,180.57000000,84897.47800000,1753438499999999,15362014.02059000,58326,48043.71900000,8694302.26201000,0
1753438500000000,180.56000000,180.62000000,179.73000000,179.80000000,48483.92800000,1753439399999999,8737867.09983000,29843,26577.19900000,4790461.00590000,0
1753439400000000,179.81000000,180.97000000,179.81000000,180.78000000,36577.69000000,1753440299999999,6602487.02638000,23268,18254.50500000,3295511.96569000,0
1753440300000000,180.79000000,181.00000000,180.34000000,180.74000000,27694.68900000,1753441199999999,5003515.93032000,28974,12532.28600000,2263774.76090000,0
1753441200000000,180.73000000,181.52000000,180.73000000,181.00000000,42164.95000000,1753442099999999,7636821.95243000,29052,19637.44200000,3557635.96839000,0
1753442100000000,181.00000000,182.07000000,180.84000000,181.82000000,46103.34500000,1753442999999999,8369725.21408000,26481,30833.28400000,5599129.64714000,0
1753443000000000,181.82000000,182.08000000,180.87000000,180.94000000,41616.14300000,1753443899999999,7554139.83733000,33960,16430.71400000,2982666.51623000,0
1753443900000000,180.94000000,181.39000000,180.84000000,181.12000000,24258.01100000,1753444799999999,4393989.12704000,31366,10542.51000000,1909396.15486000,0
1753444800000000,181.12000000,181.89000000,181.00000000,181.48000000,37674.84400000,1753445699999999,6835426.35129000,36755,17129.70100000,3107905.72501000,0
1753445700000000,181.47000000,181.59000000,180.09000000,180.28000000,35397.94500000,1753446599999999,6394860.48543000,32540,13691.34000000,2472516.89086000,0
1753446600000000,180.28000000,181.58000000,179.98000000,181.43000000,29109.26600000,1753447499999999,5256702.05196000,27218,12641.10200000,2283991.63400000,0
1753447500000000,181.42000000,181.58000000,180.34000000,180.77000000,26043.09100000,1753448399999999,4710696.58998000,25263,14579.03800000,2637415.21774000,0
1753448400000000,180.78000000,180.85000000,180.10000000,180.52000000,20141.45900000,1753449299999999,3635176.34363000,27125,8076.45000000,1457629.91133000,0
1753449300000000,180.51000000,181.11000000,180.41000000,180.61000000,14946.71900000,1753450199999999,2703315.41085000,18478,8663.05700000,1566725.99751000,0
1753450200000000,180.61000000,181.46000000,179.55000000,179.82000000,51261.21100000,1753451099999999,9242235.77249000,56105,24516.42100000,4421897.41932000,0
1753451100000000,179.83000000,181.15000000,179.83000000,181.15000000,38625.31300000,1753451999999999,6969658.66867000,39109,22569.92700000,4073827.95568000,0
1753452000000000,181.15000000,181.36000000,179.81000000,179.81000000,41711.70600000,1753452899999999,7527028.62788000,37267,22681.39200000,4094388.94996000,0
1753452900000000,179.82000000,180.04000000,178.28000000,178.53000000,59660.43700000,1753453799999999,10683665.12425000,54977,27051.55800000,4845405.99437000,0
1753453800000000,178.52000000,178.92000000,176.73000000,177.10000000,101682.18400000,1753454699999999,18042797.65930000,68211,41297.11000000,7326873.23798000,0
1753454700000000,177.10000000,178.45000000,176.33000000,176.59000000,141545.46100000,1753455599999999,25141562.46459000,67724,70444.98800000,12516324.67529000,0
1753455600000000,176.59000000,178.22000000,176.40000000,178.09000000,44939.71100000,1753456499999999,7970800.36177000,53205,22070.70400000,3914437.23688000,0
1753456500000000,178.08000000,178.61000000,177.68000000,177.96000000,48792.85400000,1753457399999999,8689701.74261000,38019,24637.82900000,4387784.08793000,0
1753457400000000,177.96000000,178.31000000,176.24000000,177.07000000,69802.33500000,1753458299999999,12358252.85022000,50230,27414.80400000,4856072.65238000,0
1753458300000000,177.07000000,178.45000000,176.96000000,178.20000000,34842.72700000,1753459199999999,6190959.16808000,40555,20275.73200000,3602929.41911000,0
1753459200000000,178.19000000,179.14000000,177.99000000,178.75000000,43715.27800000,1753460099999999,7814637.27190000,34938,25440.39400000,4547674.44447000,0
1753460100000000,178.75000000,179.00000000,177.47000000,178.36000000,53132.23300000,1753460999999999,9457217.46769000,40644,29543.99900000,5257724.42356000,0
1753461000000000,178.36000000,178.88000000,177.68000000,178.68000000,35124.17200000,1753461899999999,6260943.96845000,36688,14225.17700000,2535878.72815000,0
1753461900000000,178.68000000,179.97000000,178.63000000,179.71000000,34215.74900000,1753462799999999,6137031.63484000,34193,21341.44000000,3828031.74441000,0
1753462800000000,179.70000000,180.45000000,179.37000000,180.21000000,77351.34700000,1753463699999999,13917095.24917000,33106,43276.78300000,7786551.34195000,0
1753463700000000,180.21000000,180.52000000,179.47000000,180.40000000,29391.85800000,1753464599999999,5290849.25154000,29498,16456.61200000,2962655.14391000,0
1753464600000000,180.40000000,181.06000000,179.76000000,180.93000000,34610.96400000,1753465499999999,6245491.95006000,31323,21835.88200000,3941045.13559000,0
1753465500000000,180.93000000,181.07000000,180.41000000,180.69000000,27487.55400000,1753466399999999,4970382.77402000,21253,12823.31600000,2319049.99009000,0
1753466400000000,180.69000000,181.82000000,180.67000000,181.79000000,46915.14000000,1753467299999999,8502822.23621000,22852,24026.50000000,4355777.52911000,0
1753467300000000,181.79000000,182.08000000,181.33000000,181.85000000,35183.61100000,1753468199999999,6394512.17498000,22785,21636.16200000,3932580.69949000,0
1753468200000000,181.85000000,182.72000000,181.42000000,182.71000000,28875.62900000,1753469099999999,5259176.34862000,20213,14681.00800000,2675023.80385000,0
1753469100000000,182.71000000,182.72000000,182.11000000,182.33000000,33003.29100000,1753469999999999,6020487.53613000,21604,13696.51300000,2498285.42792000,0
1753470000000000,182.33000000,182.53000000,181.76000000,182.25000000,39746.61900000,1753470899999999,7241183.73902000,21501,16166.93700000,2945053.96778000,0
1753470900000000,182.25000000,182.52000000,181.95000000,182.04000000,22542.99700000,1753471799999999,4108902.81074000,20278,8720.98800000,1589570.84429000,0
1753471800000000,182.05000000,182.84000000,182.04000000,182.52000000,46848.55900000,1753472699999999,8557841.64897000,20453,19071.08200000,3483733.94703000,0
1753472700000000,182.52000000,182.70000000,182.03000000,182.17000000,30225.93800000,1753473599999999,5511656.83600000,19626,16896.21800000,3080644.59757000,0
1753473600000000,182.16000000,182.51000000,182.08000000,182.21000000,21305.93700000,1753474499999999,3883888.39900000,13923,9093.49800000,1657778.79628000,0
1753474500000000,182.20000000,183.47000000,182.20000000,183.47000000,33750.98700000,1753475399999999,6176174.29708000,15545,21770.17200000,3984739.43149000,0
1753475400000000,183.46000000,184.50000000,183.08000000,184.13000000,39297.88500000,1753476299999999,7224847.34310000,26643,24336.78600000,4475350.02509000,0
1753476300000000,184.13000000,184.42000000,183.72000000,183.79000000,33240.12200000,1753477199999999,6122251.11867000,24005,16405.70800000,3022096.59907000,0
1753477200000000,183.79000000,184.92000000,183.79000000,184.63000000,23980.32900000,1753478099999999,4424422.83944000,19090,14947.74700000,2757777.04841000,0
1753478100000000,184.63000000,185.30000000,184.60000000,184.77000000,31776.01900000,1753478999999999,5877818.80376000,19844,22135.37100000,4094941.29516000,0
1753479000000000,184.78000000,184.89000000,184.09000000,184.33000000,23317.25100000,1753479899999999,4299930.02523000,16444,8607.35200000,1587542.28675000,0
1753479900000000,184.33000000,185.06000000,184.33000000,185.06000000,18333.33100000,1753480799999999,3385634.17807000,10339,9452.21500000,1744911.37192000,0
1753480800000000,185.06000000,185.80000000,185.00000000,185.49000000,24768.11500000,1753481699999999,4590103.60299000,18716,15314.59600000,2837817.74239000,0
1753481700000000,185.49000000,185.75000000,185.05000000,185.57000000,20782.17600000,1753482599999999,3852896.64031000,17741,10033.15700000,1860246.27438000,0
1753482600000000,185.56000000,186.20000000,185.44000000,185.93000000,18281.10400000,1753483499999999,3398233.68338000,13416,10980.76700000,2041598.32770000,0
1753483500000000,185.93000000,186.20000000,185.64000000,186.09000000,22415.80400000,1753484399999999,4167860.16914000,11286,11754.13300000,2185962.77074000,0
1753484400000000,186.09000000,186.12000000,185.59000000,185.68000000,17418.31200000,1753485299999999,3237627.00993000,9923,3788.99600000,704131.40792000,0
1753485300000000,185.67000000,186.19000000,185.64000000,185.88000000,14925.82100000,1753486199999999,2775675.73347000,11181,5898.73400000,1097274.91652000,0
1753486200000000,185.88000000,186.20000000,185.71000000,186.03000000,15434.77800000,1753487099999999,2870672.69059000,9805,6424.91500000,1194890.15221000,0
1753487100000000,186.04000000,186.85000000,186.03000000,186.76000000,49609.66400000,1753487999999999,9257032.62293000,12810,26180.52600000,4885018.00951000,0
1753488000000000,186.75000000,186.93000000,185.99000000,185.99000000,31925.67000000,1753488899999999,5956440.36727000,20096,15844.67900000,2956672.17212000,0
1753488900000000,186.00000000,186.47000000,185.84000000,186.38000000,13881.85900000,1753489799999999,2584590.78333000,11910,5290.13100000,985043.52539000,0
1753489800000000,186.38000000,186.58000000,186.09000000,186.11000000,17882.92900000,1753490699999999,3332800.82434000,15336,11832.76200000,2205493.97879000,0
1753490700000000,186.10000000,186.14000000,185.67000000,185.88000000,15639.50500000,1753491599999999,2907286.93936000,9560,5780.49400000,1074548.77788000,0
1753491600000000,185.88000000,186.02000000,185.53000000,186.00000000,18173.95200000,1753492499999999,3376282.01075000,11145,9853.98200000,1830907.39307000,0
1753492500000000,185.99000000,186.09000000,185.52000000,185.54000000,14073.89000000,1753493399999999,2614519.41713000,8942,5110.47400000,949793.02423000,0
1753493400000000,185.53000000,185.63000000,184.91000000,184.93000000,22919.94900000,1753494299999999,4247238.62057000,12624,7666.78300000,1420768.38788000,0
1753494300000000,184.94000000,185.22000000,184.48000000,184.48000000,24431.75200000,1753495199999999,4515459.48635000,11505,8264.70300000,1527812.42268000,0
1753495200000000,184.48000000,185.24000000,184.48000000,185.07000000,18431.69900000,1753496099999999,3407607.38150000,11841,10232.89000000,1892040.22557000,0
1753496100000000,185.07000000,186.22000000,185.05000000,186.14000000,41205.41500000,1753496999999999,7643130.88774000,15155,27687.75100000,5135145.80457000,0
1753497000000000,186.13000000,186.83000000,186.08000000,186.41000000,41065.14400000,1753497899999999,7655913.76688000,23275,20455.08400000,3813368.54896000,0
1753497900000000,186.41000000,186.85000000,186.32000000,186.52000000,16984.16500000,1753498799999999,3168603.04045000,14951,10341.93900000,1929470.34999000,0
1753498800000000,186.52000000,186.65000000,186.00000000,186.12000000,16657.07500000,1753499699999999,3103944.32365000,10292,8568.87300000,1597241.05485000,0
1753499700000000,186.11000000,186.37000000,185.66000000,185.72000000,33923.49500000,1753500599999999,6304509.62264000,11516,19141.55000000,3556406.97308000,0
1753500600000000,185.73000000,186.07000000,185.68000000,185.93000000,11258.01600000,1753501499999999,2092195.69646000,10268,6753.34300000,1254967.68784000,0
1753501500000000,185.93000000,186.34000000,185.76000000,185.97000000,13080.08900000,1753502399999999,2434639.35729000,9905,6305.61900000,1173713.06302000,0
1753502400000000,185.97000000,186.31000000,185.69000000,186.30000000,9995.06800000,1753503299999999,1858396.47863000,10520,4113.06900000,764974.89904000,0
1753503300000000,186.31000000,186.44000000,186.09000000,186.14000000,14890.84300000,1753504199999999,2773252.09215000,10579,6913.10300000,1287446.31449000,0
1753504200000000,186.14000000,186.30000000,186.00000000,186.25000000,13921.71100000,1753505099999999,2591478.90437000,7337,5830.29100000,1085360.51032000,0
1753505100000000,186.24000000,186.28000000,185.79000000,185.96000000,10525.12200000,1753505999999999,1958132.07071000,7580,5327.91400000,991147.26837000,0
1753506000000000,185.97000000,185.99000000,185.63000000,185.73000000,10861.72400000,1753506899999999,2017892.08096000,7561,3602.46000000,669215.65007000,0
1753506900000000,185.72000000,186.71000000,185.72000000,186.69000000,15732.09800000,1753507799999999,2930022.30938000,11711,10229.76000000,1905098.98378000,0
1753507800000000,186.70000000,187.14000000,186.52000000,186.80000000,20305.99500000,1753508699999999,3794328.19216000,10636,12786.35100000,2389293.81397000,0
1753508700000000,186.80000000,186.84000000,186.36000000,186.71000000,16144.90500000,1753509599999999,3012759.04560000,9117,6404.31900000,1195430.44047000,0
1753509600000000,186.71000000,186.75000000,186.27000000,186.36000000,12402.11800000,1753510499999999,2313251.62389000,8758,6822.56400000,1272521.98587000,0
1753510500000000,186.36000000,186.58000000,186.02000000,186.30000000,11230.05100000,1753511399999999,2092542.49915000,9545,4120.83300000,768016.90327000,0
1753511400000000,186.30000000,186.33000000,186.02000000,186.05000000,12209.88600000,1753512299999999,2273173.33460000,9467,3513.74300000,654098.60678000,0
1753512300000000,186.06000000,186.18000000,185.88000000,186.08000000,23558.14500000,1753513199999999,4383299.48450000,8931,3725.72000000,693160.25304000,0
1753513200000000,186.08000000,186.86000000,186.06000000,186.77000000,10172.23000000,1753514099999999,1896222.83421000,7878,5945.58100000,1108307.50442000,0
1753514100000000,186.76000000,186.76000000,186.30000000,186.52000000,9589.44000000,1753514999999999,1788008.13525000,9799,5681.63300000,1059369.27476000,0
1753515000000000,186.52000000,186.70000000,186.14000000,186.55000000,12412.16600000,1753515899999999,2314019.03139000,11823,5236.98700000,976338.27188000,0
1753515900000000,186.56000000,186.68000000,186.36000000,186.43000000,6137.38200000,1753516799999999,1144707.67095000,7733,2448.27300000,456637.00492000,0
1753516800000000,186.43000000,186.66000000,186.42000000,186.61000000,5895.99900000,1753517699999999,1100012.91064000,6681,2827.22300000,527470.14452000,0
1753517700000000,186.61000000,187.26000000,186.57000000,187.20000000,24034.25700000,1753518599999999,4493443.53845000,15341,13606.99100000,2544138.64365000,0
1753518600000000,187.21000000,187.28000000,187.01000000,187.21000000,8999.07100000,1753519499999999,1684053.41175000,8691,5500.36800000,1029335.63778000,0
1753519500000000,187.20000000,188.00000000,187.15000000,188.00000000,22112.87600000,1753520399999999,4150530.73793000,13492,12717.17500000,2386601.80207000,0
1753520400000000,188.00000000,188.69000000,187.48000000,188.60000000,52400.88500000,1753521299999999,9856341.28684000,26982,32102.75100000,6040147.32273000,0
1753521300000000,188.60000000,188.84000000,188.04000000,188.09000000,23292.87600000,1753522199999999,4388275.40837000,15246,9521.78400000,1794206.67152000,0
1753522200000000,188.09000000,188.91000000,187.88000000,188.82000000,32971.21500000,1753523099999999,6208825.55287000,16297,16946.55800000,3190846.28227000,0
1753523100000000,188.83000000,189.18000000,188.62000000,188.98000000,28574.69100000,1753523999999999,5397734.47361000,15616,13272.80500000,2507369.77344000,0
1753524000000000,188.99000000,189.78000000,188.98000000,189.38000000,52821.58300000,1753524899999999,9999528.28889000,23578,37777.37500000,7150381.60047000,0
1753524900000000,189.37000000,189.53000000,188.89000000,188.93000000,19868.55100000,1753525799999999,3758506.26456000,15446,8953.21700000,1693676.96039000,0
1753525800000000,188.93000000,189.41000000,188.84000000,188.99000000,23945.27900000,1753526699999999,4528210.99101000,19107,13168.29600000,2490411.64678000,0
1753526700000000,188.99000000,189.00000000,188.16000000,188.24000000,19856.26900000,1753527599999999,3744220.77284000,15758,4439.73000000,837057.74270000,0
1753527600000000,188.24000000,188.47000000,187.90000000,188.46000000,19400.19900000,1753528499999999,3651006.21765000,12993,9394.84100000,1768380.66871000,0
1753528500000000,188.47000000,188.55000000,187.49000000,187.67000000,30758.40100000,1753529399999999,5780497.69512000,19160,13744.81200000,2583748.12446000,0
1753529400000000,187.67000000,188.18000000,187.36000000,187.51000000,27574.77000000,1753530299999999,5177507.84189000,20812,12093.77000000,2271290.62407000,0
1753530300000000,187.51000000,187.93000000,187.29000000,187.74000000,34403.83400000,1753531199999999,6456959.00850000,12982,22128.67000000,4153911.87739000,0
1753531200000000,187.75000000,187.88000000,187.27000000,187.77000000,17674.14700000,1753532099999999,3316959.32828000,16048,9847.86800000,1848322.77610000,0
1753532100000000,187.77000000,188.48000000,187.72000000,188.13000000,22005.21000000,1753532999999999,4138916.75149000,14150,12164.08500000,2288283.19137000,0
1753533000000000,188.12000000,188.12000000,187.74000000,187.90000000,9137.19200000,1753533899999999,1717447.04893000,8502,4151.33400000,780271.10605000,0
1753533900000000,187.91000000,188.27000000,187.83000000,187.92000000,15085.86300000,1753534799999999,2837062.04372000,9126,9879.25800000,1857947.50082000,0
1753534800000000,187.92000000,188.05000000,187.51000000,187.74000000,15328.84200000,1753535699999999,2878330.05748000,12233,7108.34900000,1334896.64833000,0
1753535700000000,187.75000000,187.75000000,187.27000000,187.40000000,24249.51000000,1753536599999999,4544930.22303000,12011,10896.20100000,2042048.69653000,0
1753536600000000,187.39000000,188.05000000,187.39000000,188.05000000,19394.79000000,1753537499999999,3640868.13519000,9109,14322.37000000,2689022.07163000,0
1753537500000000,188.05000000,188.21000000,187.40000000,187.55000000,22898.06100000,1753538399999999,4300315.54583000,11367,10573.54900000,1987000.67904000,0
1753538400000000,187.55000000,187.91000000,186.89000000,187.44000000,16547.62300000,1753539299999999,3099387.04738000,15027,5473.73400000,1025771.02226000,0
1753539300000000,187.43000000,187.71000000,186.83000000,187.06000000,19977.94200000,1753540199999999,3741022.29281000,12986,6454.92200000,1209804.56073000,0
1753540200000000,187.07000000,187.43000000,186.84000000,187.06000000,17892.61000000,1753541099999999,3346983.80086000,14398,9082.02300000,1699028.42901000,0
1753541100000000,187.06000000,187.45000000,186.24000000,186.41000000,35417.51400000,1753541999999999,6616116.42073000,19914,11562.74300000,2159538.46766000,0
1753542000000000,186.41000000,186.98000000,186.21000000,186.25000000,17973.63500000,1753542899999999,3354021.24890000,16022,7837.05200000,1462791.07360000,0
1753542900000000,186.25000000,187.06000000,186.05000000,187.01000000,28711.97900000,1753543799999999,5357562.69605000,18516,13910.66000000,2597386.76264000,0
1753543800000000,187.02000000,187.39000000,186.87000000,187.15000000,11437.64600000,1753544699999999,2140969.64622000,13006,6050.61400000,1132639.85629000,0
1753544700000000,187.14000000,187.70000000,186.91000000,187.52000000,13310.81800000,1753545599999999,2493321.26035000,15342,7276.74000000,1363204.69981000,0
1753545600000000,187.53000000,187.80000000,186.77000000,186.89000000,15796.91100000,1753546499999999,2957763.76655000,17472,6698.88100000,1254577.43034000,0
1753546500000000,186.90000000,187.62000000,186.87000000,187.29000000,11817.66900000,1753547399999999,2213697.13410000,11125,6742.14700000,1262956.87618000,0
1753547400000000,187.29000000,187.50000000,186.89000000,186.99000000,19963.38200000,1753548299999999,3736208.59461000,14408,7632.46500000,1428604.21757000,0
1753548300000000,186.99000000,187.04000000,186.47000000,186.83000000,18507.92800000,1753549199999999,3456061.93567000,16259,8555.62000000,1597843.25561000,0
1753549200000000,186.83000000,186.90000000,185.69000000,186.05000000,39709.28900000,1753550099999999,7391421.88081000,18927,12730.00600000,2370179.85662000,0
1753550100000000,186.05000000,186.30000000,185.87000000,186.15000000,9429.19400000,1753550999999999,1754819.55104000,11385,3892.28100000,724414.95327000,0
1753551000000000,186.15000000,186.15000000,185.50000000,185.50000000,16139.49200000,1753551899999999,2997646.80155000,11661,5428.28000000,1008667.94736000,0
1753551900000000,185.51000000,185.66000000,185.36000000,185.63000000,12746.92700000,1753552799999999,2364736.47955000,9462,6670.48100000,1237495.21728000,0
1753552800000000,185.63000000,185.96000000,185.43000000,185.82000000,12437.20000000,1753553699999999,2310756.46821000,9624,6767.87100000,1257522.11445000,0
1753553700000000,185.82000000,186.02000000,185.06000000,186.02000000,13485.47100000,1753554599999999,2501618.85715000,15372,5293.66800000,981936.82342000,0
1753554600000000,186.01000000,186.34000000,185.85000000,186.04000000,12550.91500000,1753555499999999,2336169.11906000,10215,7086.38100000,1319177.92616000,0
1753555500000000,186.04000000,186.39000000,185.95000000,186.00000000,9889.49600000,1753556399999999,1841160.91899000,8678,3358.41800000,625307.84336000,0
1753556400000000,185.99000000,186.49000000,185.88000000,186.09000000,10139.66000000,1753557299999999,1887733.49613000,7609,5716.02400000,1064145.59571000,0
1753557300000000,186.08000000,186.25000000,185.82000000,185.92000000,8387.01600000,1753558199999999,1560302.52951000,9100,3342.59500000,621768.00111000,0
1753558200000000,185.93000000,186.36000000,185.82000000,186.34000000,8500.92000000,1753559099999999,1581591.56347000,8571,3678.59600000,684480.21619000,0
1753559100000000,186.33000000,186.64000000,186.32000000,186.45000000,12831.86300000,1753559999999999,2392695.47638000,10256,6698.48900000,1249022.05951000,0
1753560000000000,186.44000000,186.49000000,185.90000000,185.91000000,14697.72500000,1753560899999999,2736381.35168000,8899,2618.95800000,487464.37230000,0
1753560900000000,185.90000000,185.94000000,185.32000000,185.40000000,19412.24500000,1753561799999999,3603610.65632000,12810,5802.11900000,1077256.63723000,0
1753561800000000,185.41000000,186.15000000,185.35000000,186.05000000,7937.64100000,1753562699999999,1475296.96216000,4563,3132.49300000,582195.73880000,0
1753562700000000,186.05000000,186.14000000,185.82000000,185.91000000,10158.78100000,1753563599999999,1889243.34086000,7171,2793.01000000,519407.79199000,0
1753563600000000,185.90000000,185.91000000,185.41000000,185.42000000,6979.00000000,1753564499999999,1295791.70884000,7140,2159.13900000,400875.11465000,0
1753564500000000,185.43000000,185.88000000,185.42000000,185.73000000,13540.85000000,1753565399999999,2514266.18648000,6603,5924.55500000,1099833.16835000,0
1753565400000000,185.73000000,186.08000000,185.73000000,185.93000000,7994.73500000,1753566299999999,1486350.44315000,4697,2953.58900000,549018.24992000,0
1753566300000000,185.92000000,186.46000000,185.92000000,186.36000000,10415.75300000,1753567199999999,1939578.54813000,7326,5775.50600000,1075394.22305000,0
1753567200000000,186.37000000,186.60000000,186.07000000,186.10000000,18469.33100000,1753568099999999,3441231.15362000,15974,8050.38700000,1500062.58396000,0
1753568100000000,186.09000000,186.76000000,185.58000000,185.58000000,34086.23500000,1753568999999999,6349326.57823000,21577,13911.50200000,2591792.22002000,0
1753569000000000,185.57000000,185.74000000,184.86000000,185.18000000,27570.55600000,1753569899999999,5107379.13341000,21639,7540.56700000,1397025.91004000,0
1753569900000000,185.18000000,185.44000000,184.93000000,185.09000000,10604.88300000,1753570799999999,1964097.63960000,10775,4872.84300000,902498.63749000,0
1753570800000000,185.08000000,185.09000000,184.29000000,184.56000000,26310.22000000,1753571699999999,4859403.95331000,14936,5528.60000000,1021123.99223000,0
1753571700000000,184.55000000,185.05000000,184.40000000,184.90000000,17132.64500000,1753572599999999,3164824.15465000,12744,5389.67300000,995873.65119000,0
1753572600000000,184.89000000,185.02000000,184.58000000,184.82000000,11494.16700000,1753573499999999,2123670.60255000,9157,3336.73000000,616468.56190000,0
1753573500000000,184.82000000,184.92000000,184.62000000,184.88000000,8738.14900000,1753574399999999,1614496.38437000,8226,2558.68600000,472745.27208000,0
1753574400000000,184.89000000,185.02000000,184.53000000,184.98000000,10772.62500000,1753575299999999,1990206.21223000,11694,5633.11400000,1040875.23996000,0
1753575300000000,184.98000000,185.36000000,184.83000000,185.36000000,7841.33000000,1753576199999999,1451893.99806000,8479,4818.87100000,892296.90975000,0
1753576200000000,185.36000000,185.49000000,185.00000000,185.13000000,5418.92100000,1753577099999999,1004195.65257000,8426,2747.61600000,509149.01720000,0
1753577100000000,185.14000000,185.49000000,184.89000000,185.49000000,7125.07800000,1753577999999999,1319291.77630000,10042,3924.09800000,726877.01051000,0
1753578000000000,185.48000000,186.10000000,185.13000000,186.01000000,12624.90800000,1753578899999999,2343867.49618000,9449,8586.77900000,1594658.21036000,0
1753578900000000,186.00000000,186.30000000,185.85000000,186.26000000,17713.07300000,1753579799999999,3296060.72296000,11541,10764.21600000,2003528.60486000,0
1753579800000000,186.25000000,186.58000000,186.13000000,186.47000000,14129.85900000,1753580699999999,2633702.84881000,11520,8584.69000000,1600144.75112000,0
1753580700000000,186.47000000,186.55000000,186.12000000,186.31000000,15289.70900000,1753581599999999,2848920.58940000,9934,5526.99100000,1030050.29985000,0
1753581600000000,186.31000000,186.41000000,185.85000000,186.39000000,11572.44600000,1753582499999999,2153096.23946000,8279,5312.66800000,988533.17903000,0
1753582500000000,186.40000000,186.67000000,186.13000000,186.14000000,10110.84300000,1753583399999999,1885106.06229000,7282,4851.47600000,904686.68427000,0
1753583400000000,186.13000000,186.53000000,186.07000000,186.51000000,6413.00900000,1753584299999999,1194749.17684000,5066,2976.83000000,554703.74192000,0
1753584300000000,186.52000000,187.14000000,186.28000000,187.13000000,15695.29700000,1753585199999999,2932734.82542000,12531,10052.69800000,1878069.92228000,0
1753585200000000,187.13000000,187.59000000,186.33000000,186.43000000,32474.18100000,1753586099999999,6074343.91192000,14851,10850.33600000,2029773.13028000,0
1753586100000000,186.43000000,186.74000000,186.26000000,186.73000000,11838.93200000,1753586999999999,2207562.00291000,7424,5547.15300000,1034613.71696000,0
1753587000000000,186.73000000,187.31000000,186.71000000,187.19000000,20737.58500000,1753587899999999,3877750.60994000,11245,10766.03000000,2012954.49855000,0
1753587900000000,187.20000000,187.30000000,187.08000000,187.19000000,11191.00400000,1753588799999999,2094796.56813000,8302,3928.97100000,735471.85082000,0
1753588800000000,187.19000000,187.59000000,186.65000000,186.85000000,29210.50000000,1753589699999999,5463729.80923000,16660,14867.02600000,2780839.37261000,0
1753589700000000,186.85000000,187.20000000,186.71000000,187.04000000,12088.55000000,1753590599999999,2260027.56923000,11171,5750.85300000,1075398.61821000,0
1753590600000000,187.04000000,187.44000000,186.93000000,187.24000000,8483.93400000,1753591499999999,1588129.82497000,9981,4562.52900000,854042.60730000,0
1753591500000000,187.25000000,187.46000000,187.00000000,187.46000000,12200.09400000,1753592399999999,2284182.23035000,8144,7218.27200000,1351337.70395000,0
1753592400000000,187.46000000,187.65000000,187.29000000,187.65000000,9384.33500000,1753593299999999,1759441.19850000,6823,5253.76000000,985067.12653000,0
1753593300000000,187.64000000,188.23000000,187.42000000,188.20000000,26591.08100000,1753594199999999,4995629.94219000,16145,16444.97400000,3088958.25069000,0
1753594200000000,188.19000000,188.33000000,187.81000000,187.96000000,26776.17800000,1753595099999999,5035317.64650000,15866,13293.22200000,2499657.19336000,0
1753595100000000,187.96000000,187.97000000,187.49000000,187.84000000,14289.36900000,1753595999999999,2681377.71166000,10090,6007.49000000,1127249.58303000,0
1753596000000000,187.85000000,188.04000000,187.32000000,187.42000000,12118.41100000,1753596899999999,2274079.36715000,10678,3796.68000000,712569.87463000,0
1753596900000000,187.42000000,187.68000000,187.10000000,187.19000000,12789.38300000,1753597799999999,2397364.82097000,9207,6470.58700000,1213111.27324000,0
1753597800000000,187.19000000,187.75000000,187.08000000,187.74000000,7682.68100000,1753598699999999,1440034.45080000,8258,3850.92900000,722169.58979000,0
1753598700000000,187.74000000,187.76000000,187.01000000,187.06000000,10917.88800000,1753599599999999,2044153.89922000,10719,3632.20000000,680267.90237000,0
1753599600000000,187.05000000,187.53000000,186.62000000,187.25000000,14358.96900000,1753600499999999,2686863.75210000,11556,4443.37300000,831583.77501000,0
1753600500000000,187.26000000,187.75000000,187.13000000,187.59000000,7732.10300000,1753601399999999,1449486.44995000,8311,3828.30400000,717543.18196000,0
1753601400000000,187.58000000,187.82000000,187.38000000,187.78000000,14142.33300000,1753602299999999,2653884.12462000,11237,7077.64500000,1328222.91386000,0
1753602300000000,187.77000000,187.86000000,187.10000000,187.22000000,11339.94200000,1753603199999999,2126532.23068000,11078,5745.33600000,1077832.23271000,0
1753603200000000,187.22000000,187.49000000,186.97000000,187.08000000,13609.61000000,1753604099999999,2547865.40579000,9616,4422.44000000,828045.38309000,0
1753604100000000,187.08000000,187.16000000,186.47000000,186.60000000,20360.27300000,1753604999999999,3802905.41587000,10008,6741.75000000,1259083.44887000,0
1753605000000000,186.61000000,186.69000000,186.25000000,186.68000000,12863.23000000,1753605899999999,2398082.23197000,9470,5029.71100000,937797.72068000,0
1753605900000000,186.69000000,186.91000000,186.50000000,186.70000000,8776.31600000,1753606799999999,1638683.04981000,9845,4653.84400000,869005.73749000,0
1753606800000000,186.70000000,187.33000000,186.54000000,187.08000000,13301.02600000,1753607699999999,2487739.31218000,10674,8407.16200000,1572654.12119000,0
1753607700000000,187.09000000,187.24000000,186.85000000,187.10000000,6645.76300000,1753608599999999,1243220.52472000,7035,3187.38500000,596231.47326000,0
1753608600000000,187.10000000,187.16000000,186.61000000,186.76000000,11951.96200000,1753609499999999,2235128.67355000,9363,3196.43600000,597768.11404000,0
1753609500000000,186.76000000,186.78000000,186.18000000,186.37000000,12198.83100000,1753610399999999,2274228.57821000,10038,3198.34200000,596164.26603000,0
1753610400000000,186.36000000,186.86000000,186.32000000,186.86000000,13292.88500000,1753611299999999,2481286.17586000,8517,6925.16700000,1292587.61737000,0
1753611300000000,186.85000000,187.15000000,186.72000000,186.72000000,10888.31600000,1753612199999999,2035588.76377000,8775,5314.67200000,993527.05537000,0
1753612200000000,186.73000000,187.85000000,186.58000000,187.78000000,16417.73900000,1753613099999999,3077841.73734000,13384,11113.28800000,2083591.36984000,0
1753613100000000,187.79000000,188.44000000,187.58000000,187.66000000,32187.55700000,1753613999999999,6052438.27071000,21305,13575.95900000,2553156.59424000,0
1753614000000000,187.66000000,188.18000000,187.66000000,188.09000000,25905.40300000,1753614899999999,4868738.12677000,17006,10818.47300000,2033290.72298000,0
1753614900000000,188.09000000,188.46000000,187.87000000,188.30000000,28126.03900000,1753615799999999,5292177.66924000,19041,15408.18000000,2898924.58111000,0
1753615800000000,188.31000000,188.57000000,187.54000000,187.58000000,21449.25300000,1753616699999999,4034531.95072000,13525,11945.70700000,2247690.46090000,0
1753616700000000,187.58000000,187.58000000,186.80000000,187.01000000,20839.74300000,1753617599999999,3899914.29602000,16512,10144.94500000,1898599.35832000,0
1753617600000000,187.02000000,187.34000000,186.64000000,187.22000000,18440.11200000,1753618499999999,3448814.08828000,17202,8071.22900000,1509429.28400000,0
1753618500000000,187.22000000,187.26000000,186.35000000,186.40000000,20086.14100000,1753619399999999,3752926.97433000,18290,4977.96100000,930460.73731000,0
1753619400000000,186.40000000,186.67000000,185.50000000,185.76000000,54568.22300000,1753620299999999,10153986.01512000,26503,24326.03300000,4527311.04575000,0
1753620300000000,185.76000000,186.54000000,185.73000000,186.43000000,21128.77900000,1753621199999999,3933876.39294000,17445,15389.89100000,2865358.88838000,0
1753621200000000,186.42000000,186.78000000,186.22000000,186.60000000,32604.13600000,1753622099999999,6081647.17391000,15410,19342.38800000,3607819.46713000,0
1753622100000000,186.61000000,186.74000000,186.23000000,186.68000000,11183.45000000,1753622999999999,2085709.81226000,11161,6866.38300000,1280631.35592000,0
1753623000000000,186.69000000,186.70000000,185.88000000,185.93000000,22844.42900000,1753623899999999,4251991.13487000,13227,10811.66700000,2012111.30206000,0
1753623900000000,185.92000000,186.09000000,185.51000000,185.77000000,20229.43100000,1753624799999999,3758360.94789000,17233,11884.81200000,2208232.25878000,0
1753624800000000,185.76000000,186.35000000,185.58000000,185.98000000,28320.03700000,1753625699999999,5266416.80869000,21926,12399.02500000,2305531.86338000,0
1753625700000000,185.98000000,186.50000000,185.73000000,185.99000000,19790.93700000,1753626599999999,3683221.84880000,17389,9826.41500000,1828403.80775000,0
1753626600000000,185.99000000,186.37000000,185.59000000,185.77000000,14814.68400000,1753627499999999,2755578.63613000,16640,9392.71700000,1747081.57304000,0
1753627500000000,185.77000000,185.96000000,185.17000000,185.77000000,28679.37200000,1753628399999999,5320767.86046000,27244,11193.85500000,2076945.13461000,0
1753628400000000,185.77000000,185.89000000,184.90000000,185.33000000,27061.69300000,1753629299999999,5014740.28563000,28178,13740.77000000,2546848.19130000,0
1753629300000000,185.33000000,185.83000000,184.94000000,185.63000000,17182.54500000,1753630199999999,3188708.69308000,22722,9279.27200000,1722061.58420000,0
1753630200000000,185.64000000,186.02000000,185.39000000,186.01000000,16304.40800000,1753631099999999,3028401.48987000,19545,7564.90100000,1405258.14513000,0
1753631100000000,186.02000000,186.50000000,185.85000000,186.47000000,28099.72300000,1753631999999999,5234828.67786000,16395,18212.28400000,3393265.77532000,0
1753632000000000,186.48000000,187.84000000,186.37000000,187.82000000,50304.88700000,1753632899999999,9413501.59819000,30447,29355.95600000,5492210.45386000,0
1753632900000000,187.83000000,188.50000000,187.58000000,188.47000000,95540.40000000,1753633799999999,17972453.53853000,33269,49462.27800000,9304189.08608000,0
1753633800000000,188.47000000,189.76000000,188.42000000,188.82000000,86037.27900000,1753634699999999,16272056.76475000,48142,50125.76400000,9479818.83065000,0
1753634700000000,188.82000000,189.65000000,186.97000000,187.66000000,81143.99500000,1753635599999999,15291997.06879000,54777,36065.94500000,6799604.85739000,0
1753635600000000,187.67000000,187.92000000,186.46000000,186.81000000,40468.14300000,1753636499999999,7576943.68498000,45626,19562.01600000,3663194.86083000,0
1753636500000000,186.81000000,187.09000000,185.95000000,187.00000000,42843.75600000,1753637399999999,7986994.56330000,37639,17415.52200000,3246945.38684000,0
1753637400000000,187.00000000,187.55000000,186.66000000,187.26000000,40328.33000000,1753638299999999,7550659.35921000,29931,22877.95800000,4283591.75714000,0
1753638300000000,187.27000000,188.36000000,187.16000000,188.08000000,32042.61700000,1753639199999999,6020022.21776000,23070,19774.13200000,3715128.93982000,0
1753639200000000,188.07000000,188.66000000,187.70000000,188.62000000,31256.82700000,1753640099999999,5885055.61968000,27994,17910.84700000,3372341.80250000,0
1753640100000000,188.62000000,188.79000000,188.00000000,188.50000000,26682.77000000,1753640999999999,5027503.24285000,26535,13731.05100000,2586940.47395000,0
1753641000000000,188.50000000,188.74000000,187.65000000,188.06000000,24687.58500000,1753641899999999,4642950.23783000,21013,9714.19500000,1826985.16330000,0
1753641900000000,188.07000000,188.71000000,187.47000000,188.40000000,23874.05300000,1753642799999999,4488702.82636000,21610,12730.04800000,2393839.19065000,0
1753642800000000,188.39000000,188.59000000,187.80000000,187.97000000,17155.80700000,1753643699999999,3228925.44622000,14316,6688.87200000,1258798.57425000,0
1753643700000000,187.98000000,187.98000000,187.42000000,187.51000000,17522.32900000,1753644599999999,3287357.63182000,11001,6612.14000000,1240439.93221000,0
1753644600000000,187.52000000,187.90000000,187.18000000,187.20000000,15730.32500000,1753645499999999,2950537.40122000,9752,7469.44500000,1401061.27459000,0
1753645500000000,187.21000000,187.46000000,186.89000000,186.92000000,22512.76200000,1753646399999999,4213151.50971000,13099,10839.77200000,2028308.58789000,0
1753646400000000,186.92000000,187.96000000,186.92000000,187.87000000,23701.82100000,1753647299999999,4447212.42927000,15899,18088.66100000,3394119.18808000,0
1753647300000000,187.88000000,188.20000000,187.62000000,187.98000000,11699.17900000,1753648199999999,2198123.72665000,16513,5493.44200000,1032196.97246000,0
1753648200000000,187.98000000,187.98000000,187.16000000,187.23000000,14059.96800000,1753649099999999,2635553.53180000,15571,6497.00300000,1217744.84600000,0
1753649100000000,187.22000000,187.46000000,186.60000000,187.12000000,20868.63300000,1753649999999999,3902127.48365000,14797,11961.97700000,2237740.33445000,0
1753650000000000,187.13000000,187.46000000,186.59000000,186.60000000,22975.58700000,1753650899999999,4293901.68406000,13927,13927.51000000,2602519.06834000,0
1753650900000000,186.61000000,187.07000000,186.44000000,186.96000000,40543.20300000,1753651799999999,7572532.45706000,15458,26750.44900000,4996870.57498000,0
1753651800000000,186.95000000,187.33000000,186.48000000,186.69000000,17333.20600000,1753652699999999,3239765.25651000,13955,8995.66600000,1681031.68376000,0
1753652700000000,186.69000000,187.96000000,186.69000000,187.95000000,16715.33600000,1753653599999999,3134921.88488000,9186,12273.47400000,2301776.71028000,0
1753653600000000,187.96000000,190.30000000,187.82000000,190.18000000,82747.16100000,1753654499999999,15669413.83930000,42976,52669.26000000,9973546.95485000,0
1753654500000000,190.17000000,190.70000000,189.47000000,190.01000000,65600.18400000,1753655399999999,12478001.11147000,38487,34157.21800000,6498783.36612000,0
1753655400000000,190.01000000,190.29000000,189.49000000,190.03000000,24004.70300000,1753656299999999,4556225.22463000,22408,10392.71400000,1972849.50694000,0
1753656300000000,190.03000000,190.03000000,188.89000000,188.92000000,25925.90300000,1753657199999999,4912058.67256000,24537,10472.81000000,1984772.64447000,0
1753657200000000,188.93000000,189.10000000,187.15000000,187.56000000,42242.73500000,1753658099999999,7944944.98330000,34769,18520.12800000,3483254.60209000,0
1753658100000000,187.55000000,188.12000000,187.52000000,188.06000000,44068.52200000,1753658999999999,8282156.70891000,23056,23992.35700000,4509044.05096000,0
1753659000000000,188.05000000,188.50000000,187.55000000,188.31000000,19986.33000000,1753659899999999,3758571.85847000,21552,8303.85000000,1561746.10564000,0
1753659900000000,188.31000000,188.83000000,188.22000000,188.64000000,21249.20000000,1753660799999999,4007369.09740000,15293,8900.61700000,1678223.44034000,0
1753660800000000,188.64000000,189.00000000,188.10000000,189.00000000,18652.71200000,1753661699999999,3515223.70399000,18173,10311.31200000,1943535.46249000,0
1753661700000000,189.00000000,191.18000000,188.89000000,190.95000000,68387.70900000,1753662599999999,13004164.88504000,45112,39558.82300000,7525220.27030000,0
1753662600000000,190.95000000,191.07000000,189.44000000,189.49000000,43010.05300000,1753663499999999,8179526.14312000,43935,18252.18500000,3469931.69084000,0
1753663500000000,189.49000000,190.10000000,188.97000000,189.71000000,24277.42900000,1753664399999999,4602561.15667000,31720,13121.78400000,2488090.86383000,0
1753664400000000,189.71000000,189.90000000,188.71000000,189.39000000,22356.05700000,1753665299999999,4231625.56686000,28938,10580.22200000,2002964.00566000,0
1753665300000000,189.39000000,190.16000000,188.74000000,189.24000000,23726.14700000,1753666199999999,4497032.79748000,29777,9573.49600000,1814150.51249000,0
1753666200000000,189.23000000,189.23000000,187.82000000,187.89000000,26228.36100000,1753667099999999,4940043.40831000,22232,10686.97600000,2012767.81949000,0
1753667100000000,187.90000000,188.40000000,187.66000000,188.31000000,18034.15100000,1753667999999999,3389940.90451000,22332,7844.68500000,1474772.54119000,0
1753668000000000,188.31000000,188.84000000,187.90000000,188.74000000,23937.44700000,1753668899999999,4508742.84832000,20124,11809.26100000,2225192.16998000,0
1753668900000000,188.73000000,190.99000000,188.70000000,190.76000000,44943.90300000,1753669799999999,8537381.15059000,25838,29045.61000000,5516399.32430000,0
1753669800000000,190.76000000,191.68000000,190.41000000,191.56000000,81225.64600000,1753670699999999,15524657.10865000,55712,36645.37300000,7004098.18211000,0
1753670700000000,191.56000000,191.98000000,191.13000000,191.55000000,39598.50900000,1753671599999999,7584185.55722000,36732,19969.29300000,3824760.08751000,0
1753671600000000,191.56000000,192.50000000,191.26000000,191.42000000,50596.16200000,1753672499999999,9713067.93000000,31543,28621.25600000,5494659.79923000,0
1753672500000000,191.42000000,192.11000000,191.30000000,191.75000000,47596.87900000,1753673399999999,9123263.32386000,33530,21519.82100000,4125138.19496000,0
1753673400000000,191.75000000,193.17000000,191.59000000,192.97000000,62228.03700000,1753674299999999,11983243.07386000,39185,38722.85900000,7458162.67489000,0
1753674300000000,192.97000000,193.82000000,192.97000000,193.35000000,49649.58000000,1753675199999999,9603154.51756000,27355,28682.70200000,5548246.93410000,0
1753675200000000,193.34000000,194.04000000,192.90000000,192.92000000,45774.67800000,1753676099999999,8858451.22127000,37538,24274.56000000,4699196.34418000,0
1753676100000000,192.92000000,193.29000000,192.49000000,192.89000000,36906.05900000,1753676999999999,7115594.17238000,22372,12637.65400000,2437102.88332000,0
1753677000000000,192.88000000,193.30000000,192.57000000,193.03000000,30556.89700000,1753677899999999,5894227.12241000,24365,12342.15300000,2380721.56269000,0
1753677900000000,193.03000000,193.35000000,192.78000000,193.08000000,23721.03400000,1753678799999999,4578046.99414000,18287,11733.18000000,2264754.62499000,0
1753678800000000,193.08000000,193.47000000,192.70000000,193.06000000,20973.98100000,1753679699999999,4049285.16774000,15979,10751.75300000,2075775.14723000,0
1753679700000000,193.06000000,193.78000000,192.99000000,193.23000000,41302.60300000,1753680599999999,7988238.92184000,26296,23926.89000000,4627713.26221000,0
1753680600000000,193.23000000,194.00000000,192.96000000,193.76000000,80348.49000000,1753681499999999,15549065.27742000,28454,53329.06300000,10323989.64996000,0
1753681500000000,193.76000000,195.26000000,193.35000000,194.39000000,69156.48900000,1753682399999999,13449241.63958000,35874,43409.63800000,8442284.05150000,0
1753682400000000,194.39000000,194.55000000,193.98000000,194.26000000,34176.47200000,1753683299999999,6639095.73813000,22203,15618.49400000,3033941.12221000,0
1753683300000000,194.26000000,194.46000000,193.60000000,193.69000000,86251.60600000,1753684199999999,16730087.04659000,24968,22872.36200000,4436050.93713000,0
1753684200000000,193.68000000,194.02000000,193.60000000,193.86000000,21287.15400000,1753685099999999,4125957.95557000,17298,10435.15500000,2022626.99767000,0
1753685100000000,193.86000000,194.35000000,193.77000000,194.06000000,25328.87200000,1753685999999999,4915977.26989000,15474,12606.40800000,2446514.79488000,0
1753686000000000,194.07000000,194.13000000,191.97000000,192.15000000,66755.21100000,1753686899999999,12869710.25328000,37547,17536.56700000,3380559.63164000,0
1753686900000000,192.16000000,192.83000000,191.64000000,192.65000000,43458.91500000,1753687799999999,8357404.28643000,35159,21161.80300000,4071170.02737000,0
1753687800000000,192.66000000,192.66000000,191.89000000,192.03000000,20974.34500000,1753688699999999,4031342.54267000,21650,8436.93900000,1621678.37605000,0
1753688700000000,192.03000000,192.43000000,191.99000000,192.37000000,14582.04100000,1753689599999999,2802869.85928000,12834,5862.38600000,1126762.46388000,0
1753689600000000,192.36000000,192.85000000,192.03000000,192.13000000,19932.95200000,1753690499999999,3835039.56658000,19797,8875.87600000,1708385.39550000,0
1753690500000000,192.14000000,192.49000000,191.59000000,192.21000000,22801.22600000,1753691399999999,4379249.07969000,21912,9672.72500000,1857803.94882000,0
1753691400000000,192.21000000,192.25000000,191.27000000,191.89000000,20605.10300000,1753692299999999,3950503.68992000,18574,8250.79000000,1581936.17924000,0
1753692300000000,191.90000000,192.76000000,191.69000000,192.64000000,23918.14100000,1753693199999999,4597614.81461000,15847,14266.65200000,2742847.03654000,0
1753693200000000,192.64000000,192.87000000,192.32000000,192.34000000,28954.22500000,1753694099999999,5575970.47362000,19286,10116.07200000,1948174.97749000,0
1753694100000000,192.33000000,192.85000000,192.19000000,192.50000000,15265.87400000,1753694999999999,2939064.58968000,19297,7572.61800000,1458149.05735000,0
1753695000000000,192.51000000,192.77000000,191.88000000,192.33000000,29840.14500000,1753695899999999,5740753.59394000,21983,16668.86000000,3206844.33817000,0
1753695900000000,192.33000000,193.36000000,192.25000000,193.16000000,33626.51800000,1753696799999999,6485807.08158000,23383,20556.70600000,3964129.92724000,0
1753696800000000,193.16000000,193.32000000,192.44000000,192.44000000,28225.16300000,1753697699999999,5445538.02037000,16990,15194.28500000,2932082.29608000,0
1753697700000000,192.44000000,193.14000000,192.29000000,193.01000000,14679.50300000,1753698599999999,2831132.45042000,18118,7636.89300000,1473241.62217000,0
1753698600000000,193.02000000,193.02000000,191.74000000,191.93000000,22210.17800000,1753699499999999,4268148.77028000,18567,8490.36000000,1631710.69833000,0
1753699500000000,191.93000000,192.46000000,191.77000000,192.30000000,16220.61800000,1753700399999999,3116681.88997000,15469,7584.57900000,1457330.38776000,0
1753700400000000,192.29000000,192.34000000,191.60000000,191.61000000,12364.09300000,1753701299999999,2373825.58862000,15574,3903.73000000,749634.69044000,0
1753701300000000,191.61000000,191.72000000,190.96000000,190.99000000,30655.49800000,1753702199999999,5865841.63065000,18576,12461.85500000,2384636.22426000,0
1753702200000000,190.99000000,191.63000000,190.63000000,191.46000000,26623.00700000,1753703099999999,5086708.42537000,20725,11706.98700000,2237619.53227000,0
1753703100000000,191.46000000,192.06000000,191.44000000,192.00000000,16510.90400000,1753703999999999,3168140.10996000,14075,10302.54000000,1976901.62863000,0
1753704000000000,192.00000000,192.33000000,191.35000000,192.12000000,24139.88500000,1753704899999999,4628395.15443000,21459,11183.10200000,2145183.10845000,0
1753704900000000,192.12000000,192.72000000,191.99000000,192.47000000,24169.84300000,1753705799999999,4649998.98116000,21611,13118.95300000,2524180.65484000,0
1753705800000000,192.47000000,193.50000000,192.20000000,193.50000000,48211.78800000,1753706699999999,9304314.12780000,23394,32398.18400000,6253972.31419000,0
1753706700000000,193.50000000,193.52000000,192.63000000,192.90000000,55607.67900000,1753707599999999,10737783.33511000,31950,26730.93100000,5162201.95105000,0
1753707600000000,192.90000000,192.97000000,191.22000000,191.26000000,37366.21600000,1753708499999999,7179469.61179000,35529,13609.95200000,2615368.06931000,0
1753708500000000,191.26000000,191.80000000,189.90000000,190.56000000,81529.13600000,1753709399999999,15545334.08704000,53935,25803.70500000,4921287.68766000,0
1753709400000000,190.56000000,191.82000000,189.28000000,191.22000000,69534.13900000,1753710299999999,13239763.39428000,68861,31117.16000000,5927275.58506000,0
1753710300000000,191.23000000,191.72000000,189.72000000,190.20000000,58195.75400000,1753711199999999,11087876.72092000,38404,21122.30800000,4026176.76662000,0
1753711200000000,190.19000000,190.71000000,189.41000000,189.64000000,57570.54700000,1753712099999999,10936225.82644000,43064,18819.41900000,3575088.55691000,0
1753712100000000,189.64000000,189.85000000,186.96000000,187.44000000,227465.30800000,1753712999999999,42845058.82430000,94378,61540.52500000,11585865.07767000,0
1753713000000000,187.45000000,188.17000000,186.71000000,187.93000000,100460.11800000,1753713899999999,18834561.72328000,66888,52780.51700000,9896672.04714000,0
1753713900000000,187.93000000,188.00000000,187.14000000,187.50000000,65349.27200000,1753714799999999,12255165.76714000,42714,39697.77200000,7444719.49632000,0
1753714800000000,187.50000000,188.07000000,187.23000000,188.06000000,47915.39000000,1753715699999999,8994162.36419000,30878,33872.86300000,6358763.13591000,0
1753715700000000,188.06000000,188.88000000,187.96000000,188.72000000,43983.06400000,1753716599999999,8287753.52691000,27897,24084.07600000,4537679.23019000,0
1753716600000000,188.72000000,189.08000000,187.73000000,187.74000000,30424.22100000,1753717499999999,5735479.75471000,27448,15979.28600000,3013234.83089000,0
1753717500000000,187.74000000,188.12000000,186.55000000,187.18000000,44030.93600000,1753718399999999,8246801.91696000,34749,23469.08100000,4397144.18366000,0
1753718400000000,187.18000000,187.18000000,186.12000000,186.61000000,51566.05200000,1753719299999999,9621359.99523000,45310,18455.55200000,3443821.36255000,0
1753719300000000,186.61000000,187.41000000,186.48000000,187.33000000,44080.02300000,1753720199999999,8240837.18245000,34936,21537.10200000,4025712.52200000,0
1753720200000000,187.32000000,187.67000000,186.47000000,187.65000000,46584.31800000,1753721099999999,8719985.48478000,35182,26684.22100000,4994189.45993000,0
1753721100000000,187.65000000,187.99000000,186.46000000,186.66000000,45499.91100000,1753721999999999,8516319.06903000,24854,14747.96500000,2760068.52647000,0
1753722000000000,186.66000000,187.44000000,186.51000000,186.62000000,18288.23700000,1753722899999999,3419976.59251000,25603,10572.98700000,1977120.23909000,0
1753722900000000,186.62000000,186.94000000,185.76000000,186.92000000,71933.80600000,1753723799999999,13401005.91314000,42161,26205.89200000,4883098.03605000,0
1753723800000000,186.92000000,187.09000000,185.56000000,185.91000000,36138.03000000,1753724699999999,6725888.20318000,25248,15615.19000000,2905644.22403000,0
1753724700000000,185.92000000,186.23000000,185.35000000,185.89000000,31741.33300000,1753725599999999,5899779.50888000,25781,9146.40800000,1699943.92930000,0
1753725600000000,185.90000000,186.26000000,184.64000000,185.86000000,81224.06600000,1753726499999999,15046786.54394000,47811,26179.44900000,4849524.79736000,0
1753726500000000,185.85000000,185.90000000,184.38000000,184.61000000,74465.51500000,1753727399999999,13766143.53457000,38484,27555.12800000,5092462.50783000,0
1753727400000000,184.62000000,185.26000000,183.45000000,185.07000000,77086.06300000,1753728299999999,14204979.43051000,47466,34215.10600000,6306338.45084000,0
1753728300000000,185.08000000,185.44000000,184.82000000,185.16000000,44320.90200000,1753729199999999,8205756.91242000,25142,22963.69000000,4251989.86093000,0
1753729200000000,185.16000000,186.46000000,185.12000000,185.90000000,47193.06600000,1753730099999999,8776140.33907000,29702,26427.33900000,4914059.27085000,0
1753730100000000,185.90000000,186.12000000,185.45000000,185.75000000,28474.26700000,1753730999999999,5290104.29479000,24560,15566.08900000,2892152.64583000,0
1753731000000000,185.75000000,185.75000000,184.44000000,184.58000000,37835.12500000,1753731899999999,7000539.37289000,22987,13898.32600000,2571120.24228000,0
1753731900000000,184.58000000,185.45000000,183.63000000,185.26000000,89429.28100000,1753732799999999,16499059.06492000,40019,53350.26700000,9843829.40532000,0
1753732800000000,185.25000000,185.53000000,183.95000000,184.14000000,39446.47200000,1753733699999999,7287819.46122000,31760,17421.31900000,3220830.95258000,0
1753733700000000,184.14000000,184.58000000,182.63000000,182.88000000,68653.01100000,1753734599999999,12591711.23618000,34203,20008.00800000,3668833.97968000,0
1753734600000000,182.88000000,184.58000000,182.72000000,183.76000000,63946.08300000,1753735499999999,11754197.76736000,29747,25678.42400000,4717847.45237000,0
1753735500000000,183.76000000,184.74000000,183.63000000,184.21000000,24125.29400000,1753736399999999,4443864.19080000,25889,10575.02900000,1947902.06044000,0
1753736400000000,184.21000000,185.06000000,183.96000000,184.47000000,31015.45000000,1753737299999999,5727810.57868000,19961,15080.35900000,2785698.98200000,0
1753737300000000,184.47000000,184.75000000,183.37000000,184.04000000,23456.57500000,1753738199999999,4317563.06654000,22743,11510.64100000,2118847.00138000,0
1753738200000000,184.04000000,185.20000000,183.76000000,185.15000000,26815.05400000,1753739099999999,4955873.39692000,16356,16706.96400000,3087378.30283000,0
1753739100000000,185.15000000,185.20000000,183.52000000,184.28000000,31412.89000000,1753739999999999,5790144.50714000,14712,16116.51700000,2971013.65656000,0
1753740000000000,184.28000000,184.68000000,183.60000000,184.03000000,35584.78700000,1753740899999999,6557274.05505000,27018,16826.78200000,3099207.37014000,0
1753740900000000,184.04000000,184.19000000,183.33000000,183.62000000,16675.62900000,1753741799999999,3063428.24393000,19680,7318.13900000,1344004.89845000,0
1753741800000000,183.63000000,183.74000000,182.16000000,182.83000000,76064.99400000,1753742699999999,13909098.47526000,31779,33256.72300000,6080897.77317000,0
1753742700000000,182.83000000,183.66000000,182.61000000,183.66000000,25831.31500000,1753743599999999,4730744.35944000,25197,13973.82900000,2559059.53131000,0
1753743600000000,183.66000000,184.07000000,183.04000000,183.55000000,30364.18500000,1753744499999999,5576610.07957000,23244,10478.49800000,1924645.19848000,0
1753744500000000,183.55000000,184.09000000,183.04000000,183.06000000,24217.52500000,1753745399999999,4446025.91898000,21203,9504.77900000,1745416.11578000,0
1753745400000000,183.06000000,183.85000000,183.00000000,183.00000000,20224.56700000,1753746299999999,3709610.45039000,18844,10013.01600000,1836606.30815000,0
1753746300000000,183.00000000,183.36000000,182.24000000,183.11000000,19788.22800000,1753747199999999,3616067.97023000,21289,9540.12600000,1743364.86675000,0
1753747200000000,183.10000000,184.20000000,182.67000000,184.19000000,29155.40100000,1753748099999999,5352886.09065000,26752,16563.50600000,3042227.24262000,0
1753748100000000,184.20000000,184.72000000,183.99000000,184.01000000,57249.79600000,1753748999999999,10561695.20109000,26326,33538.51900000,6187449.90430000,0
1753749000000000,184.00000000,184.24000000,181.03000000,181.89000000,131168.52000000,1753749899999999,23915820.29807000,62881,42421.68800000,7731438.67797000,0
1753749900000000,181.90000000,182.85000000,181.64000000,182.83000000,20897.59700000,1753750799999999,3811138.82071000,27691,11154.55100000,2034284.25355000,0
1753750800000000,182.83000000,183.54000000,182.51000000,183.36000000,25074.69100000,1753751699999999,4587337.08311000,18709,10898.23600000,1994047.89779000,0
1753751700000000,183.36000000,184.07000000,183.34000000,183.89000000,29289.51800000,1753752599999999,5386142.80528000,17225,13501.91700000,2482741.64350000,0
1753752600000000,183.90000000,184.03000000,183.37000000,183.39000000,12626.73500000,1753753499999999,2320185.17006000,16634,6210.30500000,1140889.82822000,0
1753753500000000,183.39000000,183.40000000,181.66000000,181.75000000,34146.28400000,1753754399999999,6233282.83155000,26015,15017.83900000,2742998.86747000,0
1753754400000000,181.76000000,182.46000000,181.56000000,182.24000000,19404.05500000,1753755299999999,3529191.88252000,25825,6996.33900000,1273031.06138000,0
1753755300000000,182.25000000,182.25000000,180.67000000,181.93000000,45297.54000000,1753756199999999,8208066.13812000,34657,12983.38000000,2353760.57847000,0
1753756200000000,181.93000000,182.35000000,181.25000000,181.90000000,43880.57900000,1753757099999999,7976848.12826000,24580,14948.32400000,2717336.79169000,0
1753757100000000,181.90000000,182.40000000,181.38000000,182.28000000,27972.16600000,1753757999999999,5092143.03461000,31517,13206.77600000,2404102.96215000,0
1753758000000000,182.29000000,183.63000000,182.24000000,183.60000000,30977.81400000,1753758899999999,5666643.98351000,24851,17563.72900000,3212230.83470000,0
1753758900000000,183.60000000,183.61000000,183.00000000,183.46000000,16715.50700000,1753759799999999,3064643.31726000,13123,7094.60100000,1300746.71422000,0
1753759800000000,183.46000000,184.23000000,183.09000000,184.22000000,30365.46400000,1753760699999999,5578759.51157000,15498,19779.31700000,3634812.76952000,0
1753760700000000,184.22000000,184.71000000,183.78000000,184.33000000,38430.94100000,1753761599999999,7085829.23552000,20248,29125.14200000,5371114.59581000,0
1753761600000000,184.34000000,184.76000000,184.22000000,184.72000000,31827.97300000,1753762499999999,5872785.84232000,15950,15362.14600000,2834402.56572000,0
1753762500000000,184.72000000,184.72000000,183.88000000,183.92000000,20647.00000000,1753763399999999,3805168.20182000,15212,6609.95500000,1217787.63117000,0
1753763400000000,183.92000000,184.25000000,183.52000000,183.69000000,9826.55500000,1753764299999999,1806346.07844000,14423,4749.99000000,873239.99742000,0
1753764300000000,183.69000000,183.84000000,183.23000000,183.42000000,8323.99800000,1753765199999999,1527465.78849000,13969,2543.75000000,466768.28627000,0
1753765200000000,183.42000000,184.14000000,183.33000000,183.81000000,12575.69700000,1753766099999999,2311676.21031000,13707,5343.02200000,981921.84985000,0
1753766100000000,183.81000000,184.00000000,183.21000000,183.94000000,21960.06000000,1753766999999999,4029443.04187000,15848,3763.84600000,691138.42904000,0
1753767000000000,183.94000000,184.67000000,183.77000000,184.51000000,18860.35200000,1753767899999999,3478548.29491000,12309,11639.41000000,2146421.59372000,0
1753767900000000,184.51000000,184.87000000,184.46000000,184.87000000,18414.41900000,1753768799999999,3401594.08341000,11622,12036.85000000,2223503.49592000,0
1753768800000000,184.87000000,185.05000000,184.51000000,185.02000000,23168.89700000,1753769699999999,4283972.65465000,13378,16243.46300000,3003871.62023000,0
1753769700000000,185.03000000,185.58000000,184.83000000,185.19000000,39795.79700000,1753770599999999,7372894.90455000,16790,23396.23100000,4334982.42591000,0
1753770600000000,185.18000000,185.38000000,184.77000000,185.34000000,24599.30000000,1753771499999999,4553527.60690000,14876,13891.11700000,2571473.56849000,0
1753771500000000,185.35000000,185.41000000,184.80000000,184.83000000,23815.78000000,1753772399999999,4406996.79457000,17150,13897.11100000,2571445.40609000,0
1753772400000000,184.83000000,185.62000000,184.83000000,185.22000000,22288.01200000,1753773299999999,4131680.82678000,18718,15365.20000000,2848834.65328000,0
1753773300000000,185.22000000,185.65000000,184.94000000,185.18000000,16826.88600000,1753774199999999,3117765.28196000,14336,9231.01000000,1710722.33565000,0
1753774200000000,185.18000000,186.25000000,185.01000000,186.25000000,32724.81400000,1753775099999999,6075743.73510000,20478,19773.33000000,3670875.61647000,0
1753775100000000,186.25000000,186.68000000,185.81000000,186.05000000,39344.96900000,1753775999999999,7331045.26253000,24090,19885.90800000,3706375.33972000,0
1753776000000000,186.04000000,186.51000000,185.71000000,185.83000000,17725.82100000,1753776899999999,3297340.36259000,19566,9287.92500000,1727933.88573000,0
1753776900000000,185.82000000,186.25000000,184.91000000,185.13000000,20471.57600000,1753777799999999,3797367.62690000,13500,6751.70400000,1253681.43196000,0
1753777800000000,185.13000000,185.70000000,185.13000000,185.49000000,16115.37800000,1753778699999999,2988241.57889000,14605,9332.62600000,1730403.09057000,0
1753778700000000,185.50000000,185.84000000,184.88000000,184.93000000,15151.83900000,1753779599999999,2806903.77323000,15931,5268.94800000,976613.03731000,0
1753779600000000,184.93000000,185.21000000,184.41000000,184.53000000,23320.59000000,1753780499999999,4310785.27992000,18480,12040.24200000,2226193.77049000,0
1753780500000000,184.54000000,185.22000000,184.23000000,185.11000000,24906.06100000,1753781399999999,4603063.95455000,17807,15616.36100000,2886455.64558000,0
1753781400000000,185.10000000,185.15000000,184.38000000,184.73000000,11853.66500000,1753782299999999,2190001.67370000,13423,6770.76900000,1251171.40143000,0
1753782300000000,184.73000000,184.82000000,184.32000000,184.61000000,9653.82500000,1753783199999999,1781741.79373000,14176,4318.57500000,797117.54939000,0
1753783200000000,184.61000000,184.81000000,183.41000000,183.47000000,22821.75600000,1753784099999999,4198608.09218000,20455,6253.68800000,1150617.32543000,0
1753784100000000,183.48000000,183.93000000,183.20000000,183.68000000,23708.69700000,1753784999999999,4352686.77921000,22859,12013.20100000,2205586.30081000,0
1753785000000000,183.68000000,184.23000000,183.23000000,183.28000000,22863.20600000,1753785899999999,4200883.64004000,18955,7468.29600000,1373243.06503000,0
1753785900000000,183.29000000,183.36000000,182.24000000,182.37000000,40401.62000000,1753786799999999,7381466.34375000,25370,12562.89200000,2295653.62531000,0
1753786800000000,182.37000000,183.04000000,182.34000000,183.03000000,21806.66200000,1753787699999999,3982892.33430000,19082,8862.70800000,1619183.15991000,0
1753787700000000,183.04000000,183.43000000,182.90000000,183.31000000,11369.69300000,1753788599999999,2083490.15514000,15461,6157.30900000,1128362.95363000,0
1753788600000000,183.30000000,183.52000000,182.50000000,182.74000000,18179.20400000,1753789499999999,3324563.96171000,19189,7468.49200000,1365870.27780000,0
1753789500000000,182.75000000,183.00000000,182.63000000,182.93000000,7408.70700000,1753790399999999,1354701.20698000,10634,3704.77400000,677479.61661000,0
1753790400000000,182.93000000,183.48000000,182.58000000,182.81000000,25351.39800000,1753791299999999,4638985.98343000,18632,11345.92000000,2076215.66565000,0
1753791300000000,182.81000000,184.10000000,182.80000000,183.92000000,21050.59000000,1753792199999999,3864411.50890000,19777,16289.63000000,2990631.32843000,0
1753792200000000,183.91000000,184.50000000,183.33000000,184.41000000,17357.12100000,1753793099999999,3196354.63457000,22321,8930.15600000,1644507.86035000,0
1753793100000000,184.42000000,184.53000000,183.82000000,183.92000000,12357.44600000,1753793999999999,2275301.10228000,18324,5521.50100000,1016614.35972000,0
1753794000000000,183.91000000,184.29000000,183.27000000,183.91000000,14270.31800000,1753794899999999,2621660.65842000,17989,6169.29000000,1133375.18730000,0
1753794900000000,183.91000000,184.90000000,183.72000000,184.58000000,27417.82700000,1753795799999999,5055971.33069000,27552,13388.97700000,2469596.18032000,0
1753795800000000,184.59000000,184.99000000,183.59000000,183.97000000,29778.26400000,1753796699999999,5491580.91901000,39314,12391.41700000,2286496.42054000,0
1753796700000000,183.97000000,184.29000000,182.17000000,182.68000000,29455.69500000,1753797599999999,5390587.25413000,46797,10907.20700000,1997081.68181000,0
1753797600000000,182.69000000,182.80000000,180.55000000,181.20000000,79130.59300000,1753798499999999,14341923.27496000,70268,27766.67900000,5031558.47033000,0
1753798500000000,181.19000000,181.97000000,181.05000000,181.93000000,27542.09700000,1753799399999999,4998768.14946000,39159,12343.24600000,2240141.65414000,0
1753799400000000,181.93000000,182.01000000,180.92000000,181.54000000,52234.58100000,1753800299999999,9479085.59895000,37429,30004.12100000,5445375.31952000,0
1753800300000000,181.55000000,181.71000000,179.61000000,180.41000000,108816.75300000,1753801199999999,19623699.75652000,66326,26487.93900000,4778923.27942000,0
1753801200000000,180.41000000,180.99000000,179.23000000,180.38000000,83885.71700000,1753802099999999,15099117.63806000,56296,24517.62300000,4414353.96039000,0
1753802100000000,180.39000000,180.77000000,180.00000000,180.25000000,37589.06600000,1753802999999999,6782371.74851000,31721,17725.24300000,3198211.76881000,0
1753803000000000,180.24000000,180.66000000,179.58000000,180.56000000,25313.52000000,1753803899999999,4559568.08028000,39030,8636.48500000,1556048.37404000,0
1753803900000000,180.55000000,181.47000000,180.49000000,180.81000000,19412.16200000,1753804799999999,3513574.20490000,32248,9795.59600000,1772888.21515000,0
1753804800000000,180.81000000,180.96000000,179.37000000,179.80000000,33845.48900000,1753805699999999,6093525.34289000,31063,13404.72500000,2413282.53695000,0
1753805700000000,179.80000000,179.98000000,178.74000000,179.57000000,50788.71700000,1753806599999999,9112659.98082000,48085,28353.36200000,5088956.74127000,0
1753806600000000,179.57000000,179.70000000,178.30000000,179.47000000,51869.53800000,1753807499999999,9282614.22217000,48858,22371.79700000,4005725.84592000,0
1753807500000000,179.47000000,180.18000000,179.23000000,180.08000000,36142.20900000,1753808399999999,6502638.27722000,31774,18040.36600000,3245078.71439000,0
1753808400000000,180.08000000,181.15000000,179.82000000,181.13000000,35628.25400000,1753809299999999,6426773.78577000,19395,20607.76700000,3716603.39430000,0
1753809300000000,181.13000000,181.70000000,180.62000000,181.45000000,28375.96400000,1753810199999999,5141687.39683000,23540,14007.41000000,2538091.59237000,0
1753810200000000,181.45000000,181.68000000,180.53000000,180.54000000,10566.41000000,1753811099999999,1914406.34158000,21849,5703.50800000,1033735.01407000,0
1753811100000000,180.54000000,181.70000000,180.54000000,181.47000000,11752.77400000,1753811999999999,2130519.65805000,17262,6359.15800000,1152708.80936000,0
1753812000000000,181.47000000,181.61000000,180.71000000,181.32000000,13462.48700000,1753812899999999,2439385.80212000,19534,4949.71300000,897155.78034000,0
1753812900000000,181.33000000,181.97000000,181.26000000,181.94000000,13448.62700000,1753813799999999,2442157.73275000,14984,4392.72200000,797762.12276000,0
1753813800000000,181.94000000,182.11000000,181.50000000,181.61000000,12212.04000000,1753814699999999,2221090.69783000,16930,5440.56000000,989641.79241000,0
1753814700000000,181.62000000,181.75000000,181.00000000,181.48000000,8049.66600000,1753815599999999,1460644.25489000,14146,3786.91200000,687325.53038000,0
1753815600000000,181.48000000,181.73000000,181.07000000,181.73000000,12327.99800000,1753816499999999,2235541.80372000,14733,4967.04000000,900680.48112000,0
1753816500000000,181.73000000,182.37000000,180.40000000,180.73000000,41190.73500000,1753817399999999,7482192.71804000,26575,16008.52700000,2909828.72776000,0
1753817400000000,180.74000000,181.61000000,180.62000000,181.39000000,11218.33800000,1753818299999999,2032732.10454000,13511,4528.78800000,820340.19108000,0
1753818300000000,181.40000000,181.72000000,181.09000000,181.11000000,8441.68900000,1753819199999999,1531475.41683000,14972,3544.35800000,643164.78365000,0
1753819200000000,181.11000000,181.39000000,180.02000000,180.35000000,19226.56400000,1753820099999999,3471508.80410000,26173,5511.91400000,995664.01840000,0
1753820100000000,180.35000000,181.89000000,179.83000000,180.95000000,39441.48200000,1753820999999999,7128515.73772000,27298,21454.59100000,3878670.06389000,0
1753821000000000,180.94000000,181.02000000,179.73000000,179.99000000,24238.14100000,1753821899999999,4364319.72975000,25036,7181.82700000,1293849.66652000,0
1753821900000000,180.00000000,180.33000000,179.57000000,180.08000000,10448.00800000,1753822799999999,1879014.30680000,15229,5259.34500000,945969.25255000,0
1753822800000000,180.08000000,180.25000000,179.31000000,180.00000000,17253.92100000,1753823699999999,3102227.57507000,20243,10676.07400000,1920101.98191000,0
1753823700000000,180.00000000,180.06000000,179.30000000,179.93000000,42636.67600000,1753824599999999,7657154.52762000,20028,21743.78600000,3903896.95116000,0
1753824600000000,179.94000000,180.59000000,179.88000000,180.11000000,17371.52900000,1753825499999999,3132971.78820000,13504,6215.91200000,1120678.76253000,0
1753825500000000,180.10000000,181.63000000,180.10000000,181.24000000,27350.08800000,1753826399999999,4944223.56679000,13116,11366.38600000,2055877.11447000,0
1753826400000000,181.24000000,181.66000000,180.41000000,180.45000000,18421.42700000,1753827299999999,3336074.38113000,24322,5554.31100000,1006030.32661000,0
1753827300000000,180.45000000,181.33000000,180.45000000,181.28000000,11401.67100000,1753828199999999,2063380.94704000,10749,6921.51500000,1252662.12626000,0
1753828200000000,181.28000000,181.50000000,181.12000000,181.22000000,10442.85900000,1753829099999999,1893456.01819000,8976,4639.59500000,841345.28534000,0
1753829100000000,181.22000000,181.84000000,181.10000000,181.70000000,12400.22500000,1753829999999999,2251751.06181000,9676,5091.10300000,924585.06702000,0
1753830000000000,181.69000000,181.79000000,181.26000000,181.47000000,11184.09100000,1753830899999999,2030971.86548000,13252,4390.80600000,797356.48895000,0
1753830900000000,181.48000000,181.69000000,181.18000000,181.58000000,5727.46100000,1753831799999999,1039459.11809000,8356,3146.08600000,570982.75747000,0
1753831800000000,181.57000000,182.00000000,181.15000000,181.15000000,9066.53000000,1753832699999999,1646782.20590000,8869,4902.87900000,890707.63626000,0
1753832700000000,181.16000000,181.50000000,180.91000000,181.48000000,9605.86300000,1753833599999999,1739825.00093000,9415,5686.47400000,1029805.43809000,0
1753833600000000,181.47000000,181.58000000,180.68000000,181.19000000,12439.90600000,1753834499999999,2251661.31387000,13928,3469.64400000,628131.57223000,0
1753834500000000,181.20000000,181.39000000,180.31000000,180.56000000,10921.87800000,1753835399999999,1974115.23755000,16439,6421.18400000,1160676.87870000,0
1753835400000000,180.57000000,180.77000000,179.60000000,179.83000000,24973.15500000,1753836299999999,4495890.27556000,24685,10194.35900000,1835227.63755000,0
1753836300000000,179.83000000,180.28000000,179.30000000,180.22000000,22068.63400000,1753837199999999,3966772.55675000,18630,14022.01700000,2520363.99620000,0
1753837200000000,180.21000000,180.37000000,179.73000000,180.05000000,12538.76800000,1753838099999999,2258635.60111000,14482,8524.46400000,1535561.23113000,0
1753838100000000,180.06000000,180.10000000,178.81000000,179.33000000,43956.15800000,1753838999999999,7874144.01789000,29023,25975.82900000,4651785.90413000,0
1753839000000000,179.33000000,181.35000000,179.16000000,181.15000000,43241.11600000,1753839899999999,7799552.82640000,21534,20657.38200000,3722475.57314000,0
1753839900000000,181.15000000,181.90000000,181.07000000,181.38000000,22503.38700000,1753840799999999,4087224.68171000,21876,12414.46800000,2254782.35107000,0
1753840800000000,181.37000000,182.37000000,181.11000000,182.30000000,18196.41500000,1753841699999999,3306400.44188000,15645,10183.34700000,1850798.50221000,0
1753841700000000,182.29000000,182.36000000,181.48000000,181.60000000,16603.16700000,1753842599999999,3020533.24854000,21266,8597.78100000,1563987.63631000,0
1753842600000000,181.61000000,182.26000000,181.29000000,181.89000000,12024.07800000,1753843499999999,2185986.02689000,18706,7889.79400000,1434438.28177000,0
1753843500000000,181.89000000,182.32000000,181.72000000,181.74000000,16194.41200000,1753844399999999,2947699.48524000,11504,11033.04600000,2008230.70241000,0
1753844400000000,181.75000000,181.86000000,181.39000000,181.80000000,11427.90100000,1753845299999999,2075285.35336000,11075,4250.21100000,772128.39186000,0
1753845300000000,181.80000000,182.00000000,181.28000000,181.83000000,44734.12300000,1753846199999999,8122090.01033000,15932,7746.46300000,1407498.09558000,0
1753846200000000,181.84000000,182.13000000,181.65000000,182.11000000,14101.87800000,1753847099999999,2565589.64605000,11992,6523.43700000,1186635.41059000,0
1753847100000000,182.11000000,182.27000000,181.53000000,181.69000000,18061.54300000,1753847999999999,3286725.70701000,12572,13406.35000000,2439784.88352000,0
1753848000000000,181.69000000,182.10000000,181.63000000,182.01000000,11626.15900000,1753848899999999,2115651.65406000,12771,2926.42000000,532417.74639000,0
1753848900000000,182.02000000,182.10000000,181.56000000,181.57000000,6589.13500000,1753849799999999,1197948.21739000,10613,2465.45000000,448259.55755000,0
1753849800000000,181.56000000,181.58000000,180.40000000,180.71000000,22740.57300000,1753850699999999,4110748.43195000,18296,6174.76000000,1116300.04391000,0
1753850700000000,180.72000000,180.72000000,180.19000000,180.31000000,13143.69800000,1753851599999999,2370551.43580000,14540,4556.27800000,821675.72153000,0
1753851600000000,180.31000000,180.59000000,179.54000000,179.55000000,19897.56600000,1753852499999999,3580254.72095000,20494,5547.01600000,999240.76373000,0
1753852500000000,179.56000000,180.67000000,179.34000000,180.60000000,22345.96800000,1753853399999999,4024360.40275000,18295,11737.47700000,2112950.85526000,0
1753853400000000,180.60000000,180.79000000,180.24000000,180.66000000,7389.32100000,1753854299999999,1334194.45103000,14324,3468.65200000,626335.41681000,0
1753854300000000,180.67000000,181.25000000,180.38000000,181.03000000,11558.33600000,1753855199999999,2089958.42653000,12182,3611.01200000,653215.03509000,0
1753855200000000,181.02000000,181.47000000,180.92000000,181.29000000,6655.43900000,1753856099999999,1206194.44166000,10791,2617.28300000,474340.34661000,0
1753856100000000,181.29000000,181.50000000,180.96000000,181.39000000,12157.92000000,1753856999999999,2204020.27703000,11465,5411.45100000,981162.90631000,0
1753857000000000,181.39000000,181.64000000,180.78000000,181.56000000,10439.04000000,1753857899999999,1892009.26993000,13932,5027.05300000,910735.83099000,0
1753857900000000,181.56000000,182.04000000,181.34000000,182.02000000,15861.03200000,1753858799999999,2883617.29171000,11466,5865.11600000,1066469.81762000,0
1753858800000000,182.01000000,182.56000000,181.50000000,181.64000000,26524.44500000,1753859699999999,4831815.18385000,19991,10917.18500000,1989009.55477000,0
1753859700000000,181.64000000,182.00000000,181.18000000,182.00000000,21026.85800000,1753860599999999,3815013.21021000,21226,7969.75000000,1445956.54162000,0
1753860600000000,182.00000000,182.26000000,181.06000000,181.32000000,24102.23000000,1753861499999999,4382012.88795000,25041,7458.68300000,1356166.20754000,0
1753861500000000,181.32000000,181.34000000,180.36000000,180.83000000,11743.64500000,1753862399999999,2123392.77949000,16224,4035.62600000,729572.69361000,0
1753862400000000,180.83000000,181.27000000,179.99000000,180.00000000,14767.65800000,1753863299999999,2666866.06675000,19846,5947.80700000,1074386.47722000,0
1753863300000000,179.99000000,180.48000000,179.84000000,180.36000000,26918.42300000,1753864199999999,4850377.77787000,23081,8306.41200000,1496771.71131000,0
1753864200000000,180.35000000,181.33000000,180.03000000,181.16000000,16287.23000000,1753865099999999,2943873.75600000,22706,7803.09100000,1410920.62010000,0
1753865100000000,181.17000000,181.49000000,180.54000000,180.54000000,10187.03000000,1753865999999999,1845714.18497000,13079,3884.47600000,703726.75400000,0
1753866000000000,180.55000000,180.92000000,180.12000000,180.20000000,18877.67900000,1753866899999999,3406776.60498000,26675,8893.32200000,1604727.67531000,0
1753866900000000,180.20000000,180.49000000,179.64000000,179.68000000,19860.75800000,1753867799999999,3577982.86007000,16932,8816.76400000,1588570.57725000,0
1753867800000000,179.69000000,179.73000000,178.67000000,178.91000000,51613.69300000,1753868699999999,9240010.52561000,38848,19855.20700000,3554667.56194000,0
1753868700000000,178.92000000,179.38000000,178.77000000,179.12000000,23458.66500000,1753869599999999,4202043.10257000,22004,14456.18700000,2589371.88095000,0
1753869600000000,179.12000000,179.92000000,179.12000000,179.69000000,29007.71000000,1753870499999999,5207475.06991000,18875,17977.42700000,3226624.91937000,0
1753870500000000,179.69000000,179.98000000,179.23000000,179.71000000,13859.98100000,1753871399999999,2490434.55831000,15369,5965.28100000,1071822.66630000,0
1753871400000000,179.71000000,180.12000000,179.35000000,179.59000000,13764.05000000,1753872299999999,2475874.11322000,16982,5410.66800000,973007.31666000,0
1753872300000000,179.59000000,179.80000000,177.73000000,178.02000000,91650.91700000,1753873199999999,16358174.44699000,33479,24722.88600000,4414979.59695000,0
1753873200000000,178.01000000,178.71000000,177.90000000,178.29000000,44699.53800000,1753874099999999,7973424.10037000,24490,26692.92600000,4761854.88566000,0
1753874100000000,178.29000000,178.35000000,176.66000000,177.02000000,113033.19100000,1753874999999999,20028264.86106000,61515,38692.89000000,6854355.10040000,0
1753875000000000,177.03000000,177.73000000,176.88000000,176.90000000,22654.46800000,1753875899999999,4017092.78163000,25907,10953.41300000,1942348.17133000,0
1753875900000000,176.90000000,177.47000000,176.42000000,177.30000000,52114.29000000,1753876799999999,9216325.14984000,32566,21125.12400000,3735327.55385000,0
1753876800000000,177.29000000,177.42000000,176.65000000,177.19000000,29178.15000000,1753877699999999,5164825.60206000,29853,8992.60500000,1592226.45384000,0
1753877700000000,177.19000000,178.07000000,176.70000000,177.77000000,60557.81700000,1753878599999999,10739595.25421000,38570,31276.91000000,5548178.16784000,0
1753878600000000,177.76000000,178.02000000,176.72000000,177.00000000,33785.42100000,1753879499999999,5992973.47680000,34343,13317.77000000,2361673.55059000,0
1753879500000000,176.99000000,177.95000000,176.90000000,177.51000000,31456.20800000,1753880399999999,5579954.45130000,27997,11810.37800000,2093776.00459000,0
1753880400000000,177.52000000,178.27000000,177.18000000,177.71000000,32074.09400000,1753881299999999,5703737.06569000,31520,16403.12600000,2917595.00393000,0
1753881300000000,177.71000000,178.26000000,176.69000000,176.92000000,38091.85800000,1753882199999999,6756020.57377000,37923,15657.13100000,2777304.04751000,0
1753882200000000,176.92000000,177.90000000,176.68000000,177.45000000,42513.51900000,1753883099999999,7539401.96368000,43594,18937.20300000,3358058.58656000,0
1753883100000000,177.45000000,178.19000000,177.11000000,177.96000000,58426.75500000,1753883999999999,10384362.97741000,32465,33787.10400000,6005887.07638000,0
1753884000000000,177.96000000,178.52000000,177.71000000,178.40000000,22243.04500000,1753884899999999,3960318.95247000,26169,11409.72400000,2031705.13391000,0
1753884900000000,178.40000000,179.22000000,178.18000000,178.42000000,70159.85600000,1753885799999999,12536385.21156000,36993,32336.38400000,5777969.70572000,0
1753885800000000,178.43000000,179.28000000,178.23000000,179.01000000,32112.77400000,1753886699999999,5742211.09258000,31398,17193.46800000,3075569.82224000,0
1753886700000000,179.02000000,180.59000000,178.70000000,180.10000000,90729.16600000,1753887599999999,16317155.86251000,48452,47810.71700000,8599069.38677000,0
1753887600000000,180.10000000,180.38000000,179.12000000,179.20000000,46897.04900000,1753888499999999,8429366.21770000,44271,29024.83900000,5218343.60092000,0
1753888500000000,179.19000000,179.66000000,178.56000000,178.65000000,44816.37700000,1753889399999999,8029669.47355000,36886,22874.56000000,4099797.89087000,0
1753889400000000,178.65000000,179.33000000,178.25000000,179.05000000,28345.76800000,1753890299999999,5070899.18307000,28628,9972.59800000,1783767.38183000,0
1753890300000000,179.04000000,179.40000000,178.51000000,179.18000000,28244.26900000,1753891199999999,5055947.55781000,15848,13861.91800000,2481254.79983000,0
1753891200000000,179.17000000,179.35000000,178.52000000,179.29000000,21630.25000000,1753892099999999,3868608.43291000,18843,6699.85300000,1198543.42726000,0
1753892100000000,179.29000000,180.00000000,178.80000000,178.88000000,33015.60300000,1753892999999999,5929385.74562000,24938,11978.25800000,2151421.25722000,0
1753893000000000,178.88000000,178.98000000,178.34000000,178.72000000,22377.49200000,1753893899999999,3998474.73511000,18879,5899.05700000,1053886.54018000,0
1753893900000000,178.72000000,178.73000000,178.33000000,178.63000000,13066.94400000,1753894799999999,2332928.39475000,12030,3318.68900000,592397.70960000,0
1753894800000000,178.64000000,179.00000000,178.45000000,178.46000000,22538.25400000,1753895699999999,4027675.53114000,15126,5704.79500000,1019823.51254000,0
1753895700000000,178.46000000,179.26000000,178.22000000,178.72000000,26890.94500000,1753896599999999,4808265.39938000,15365,6741.65900000,1205446.44388000,0
1753896600000000,178.72000000,179.32000000,178.62000000,179.19000000,38650.23100000,1753897499999999,6920635.83809000,13411,10433.08300000,1868974.33359000,0
1753897500000000,179.19000000,179.34000000,178.44000000,179.32000000,26186.73200000,1753898399999999,4685354.51139000,17223,11989.78000000,2144504.46861000,0
1753898400000000,179.31000000,180.15000000,178.00000000,179.29000000,44298.87400000,1753899299999999,7935560.89871000,50427,21542.78200000,3860206.99345000,0
1753899300000000,179.29000000,179.85000000,178.79000000,179.53000000,48016.59700000,1753900199999999,8608035.16179000,38228,28870.10500000,5175401.95823000,0
1753900200000000,179.53000000,179.76000000,178.01000000,178.41000000,36903.64000000,1753901099999999,6604204.10150000,49099,14196.81600000,2540583.92702000,0
1753901100000000,178.41000000,178.50000000,175.80000000,175.91000000,123573.00800000,1753901999999999,21843433.40566000,68570,40617.23400000,7181079.93689000,0
1753902000000000,175.90000000,175.90000000,170.29000000,173.68000000,414426.32700000,1753902899999999,71723594.76498000,195511,172923.93400000,29891478.08086000,0
1753902900000000,173.69000000,174.28000000,173.06000000,174.10000000,106310.37000000,1753903799999999,18462340.97946000,83211,58585.03200000,10173460.19955000,0
1753903800000000,174.09000000,174.86000000,173.53000000,174.76000000,77837.87000000,1753904699999999,13563981.46960000,45382,56758.94800000,9892818.34240000,0
1753904700000000,174.76000000,176.47000000,174.64000000,176.12000000,59323.65200000,1753905599999999,10418251.73173000,48111,34081.87300000,5984789.22484000,0
1753905600000000,176.12000000,177.36000000,175.94000000,177.35000000,62161.61600000,1753906499999999,10993931.60649000,46159,37049.38100000,6551666.11511000,0
1753906500000000,177.36000000,177.46000000,176.36000000,176.37000000,22780.14200000,1753907399999999,4029024.81319000,30961,10581.50700000,1871932.50297000,0
1753907400000000,176.36000000,176.81000000,175.79000000,175.89000000,18790.92300000,1753908299999999,3310358.60862000,22390,9188.91800000,1618995.92887000,0
1753908300000000,175.89000000,176.25000000,175.70000000,176.17000000,13408.95600000,1753909199999999,2359388.64538000,18502,7218.44200000,1270344.05588000,0
1753909200000000,176.16000000,176.65000000,175.92000000,176.24000000,12617.79500000,1753910099999999,2223956.60407000,15832,7666.60100000,1351633.22627000,0
1753910100000000,176.25000000,176.34000000,175.25000000,175.28000000,13535.23800000,1753910999999999,2379590.87287000,17573,6035.65300000,1060958.39650000,0
1753911000000000,175.28000000,175.73000000,174.76000000,174.94000000,18967.97600000,1753911899999999,3321748.41878000,17496,7790.62400000,1364652.46396000,0
1753911900000000,174.94000000,176.03000000,174.94000000,175.87000000,13395.64000000,1753912799999999,2353660.31863000,11199,8103.84000000,1423778.21999000,0
1753912800000000,175.86000000,176.43000000,175.45000000,175.96000000,16527.26900000,1753913699999999,2907722.52337000,16856,8653.43300000,1522011.97897000,0
1753913700000000,175.96000000,176.07000000,175.14000000,175.27000000,28015.67900000,1753914599999999,4919494.62835000,16902,15364.67100000,2697801.07135000,0
1753914600000000,175.27000000,175.85000000,175.18000000,175.81000000,11217.39400000,1753915499999999,1968213.56140000,15546,6528.91400000,1145656.86867000,0
1753915500000000,175.80000000,176.38000000,175.62000000,176.33000000,9412.04700000,1753916399999999,1656794.42673000,12863,5731.23800000,1009100.38447000,0
1753916400000000,176.33000000,177.02000000,176.24000000,176.95000000,35535.28700000,1753917299999999,6278352.30430000,13670,25431.68700000,4493187.57667000,0
1753917300000000,176.95000000,177.35000000,176.76000000,177.32000000,12463.25700000,1753918199999999,2206487.65031000,11796,7388.02200000,1307973.09315000,0
1753918200000000,177.32000000,178.09000000,177.30000000,177.91000000,31966.88100000,1753919099999999,5683406.67271000,18419,20090.88600000,3571739.13365000,0
1753919100000000,177.91000000,178.03000000,177.64000000,177.77000000,21232.00700000,1753919999999999,3776635.44086000,13759,11548.02000000,2053939.14370000,0
1753920000000000,177.77000000,178.07000000,177.62000000,177.91000000,16685.33400000,1753920899999999,2967655.68125000,15662,9593.23400000,1706398.72753000,0
1753920900000000,177.90000000,178.50000000,177.78000000,178.50000000,11659.87500000,1753921799999999,2076854.62365000,15202,5986.96600000,1066633.92052000,0
1753921800000000,178.50000000,179.43000000,178.40000000,179.30000000,44771.16800000,1753922699999999,8002940.43588000,18204,26282.52700000,4699436.62025000,0
1753922700000000,179.30000000,179.69000000,178.92000000,179.43000000,22419.45800000,1753923599999999,4018781.18259000,22078,10589.88400000,1898845.33179000,0
1753923600000000,179.44000000,179.47000000,178.95000000,179.33000000,12658.26100000,1753924499999999,2269224.03880000,11419,5135.63500000,920578.39886000,0
1753924500000000,179.34000000,179.95000000,178.87000000,179.85000000,25492.84200000,1753925399999999,4570069.86377000,16232,12726.99000000,2282520.21459000,0
1753925400000000,179.85000000,180.07000000,179.61000000,179.83000000,16637.01900000,1753926299999999,2992656.29301000,14799,7376.60800000,1326782.85026000,0
1753926300000000,179.83000000,179.89000000,179.08000000,179.47000000,18921.79700000,1753927199999999,3394975.00783000,11932,5159.80800000,925967.92284000,0
1753927200000000,179.47000000,179.72000000,179.19000000,179.46000000,14079.26300000,1753928099999999,2526933.15120000,12146,9595.30000000,1722418.57505000,0
1753928100000000,179.46000000,179.78000000,179.25000000,179.75000000,8271.32700000,1753928999999999,1485116.63413000,11230,4785.87600000,859320.24648000,0
1753929000000000,179.75000000,180.30000000,179.70000000,180.26000000,29417.41000000,1753929899999999,5297064.00602000,13051,23706.15000000,4268827.78159000,0
1753929900000000,180.27000000,180.35000000,179.93000000,180.35000000,13803.28400000,1753930799999999,2486230.73358000,12018,6684.48300000,1204062.96582000,0
1753930800000000,180.34000000,180.40000000,180.06000000,180.10000000,13473.70900000,1753931699999999,2428374.05458000,12367,6021.58100000,1085294.34157000,0
1753931700000000,180.10000000,180.22000000,180.03000000,180.18000000,10046.47500000,1753932599999999,1809592.40907000,7407,4294.43100000,773533.52280000,0
1753932600000000,180.19000000,180.24000000,179.98000000,180.24000000,7644.24900000,1753933499999999,1376838.40519000,7310,3505.68700000,631434.73370000,0
1753933500000000,180.23000000,180.55000000,180.12000000,180.31000000,21271.59500000,1753934399999999,3836404.88925000,10944,9671.49600000,1744329.62163000,0
1753934400000000,180.31000000,180.46000000,180.05000000,180.10000000,9386.99100000,1753935299999999,1691172.50903000,4590,4171.45000000,751577.42667000,0
1753935300000000,180.11000000,180.13000000,179.81000000,179.88000000,12607.74200000,1753936199999999,2268808.29625000,7121,4607.17000000,828987.21767000,0
1753936200000000,179.88000000,180.69000000,179.88000000,180.47000000,12660.31700000,1753937099999999,2283405.67409000,10143,9043.57800000,1630851.09522000,0
1753937100000000,180.47000000,180.89000000,180.47000000,180.84000000,18686.81600000,1753937999999999,3377793.46548000,9515,10373.77700000,1875300.86759000,0
1753938000000000,180.84000000,181.18000000,180.60000000,180.89000000,13995.39500000,1753938899999999,2531715.22936000,11519,8541.68800000,1545288.09710000,0
1753938900000000,180.89000000,181.23000000,180.86000000,181.01000000,15177.93700000,1753939799999999,2748178.67792000,9025,7750.63300000,1403597.53033000,0
1753939800000000,181.01000000,181.10000000,180.87000000,181.02000000,11111.57800000,1753940699999999,2011049.55367000,7377,4561.22000000,825581.59611000,0
1753940700000000,181.02000000,181.10000000,180.72000000,180.78000000,13298.53300000,1753941599999999,2405727.19203000,7916,5306.48400000,960073.75653000,0
1753941600000000,180.78000000,180.93000000,180.48000000,180.53000000,13983.28500000,1753942499999999,2526444.32912000,8954,4516.64200000,816123.78868000,0
1753942500000000,180.52000000,181.00000000,179.94000000,180.84000000,97530.14300000,1753943399999999,17595810.39946000,13712,36889.94600000,6656027.59463000,0
1753943400000000,180.83000000,181.15000000,180.55000000,181.13000000,8672.95500000,1753944299999999,1568636.79854000,6795,5116.61800000,925616.90712000,0
1753944300000000,181.13000000,181.62000000,181.11000000,181.26000000,23363.48300000,1753945199999999,4239209.54943000,12792,11343.27200000,2058407.63732000,0
1753945200000000,181.27000000,181.38000000,180.88000000,181.05000000,12469.79400000,1753946099999999,2257901.45593000,10088,5284.75000000,957077.15150000,0
1753946100000000,181.05000000,181.38000000,181.03000000,181.18000000,13090.86900000,1753946999999999,2372084.46541000,11417,7135.34500000,1293093.56845000,0
1753947000000000,181.18000000,181.19000000,180.91000000,181.05000000,24686.42700000,1753947899999999,4468801.32371000,8761,10425.65400000,1887209.17879000,0
1753947900000000,181.04000000,181.39000000,181.04000000,181.24000000,14060.11400000,1753948799999999,2547952.73809000,8236,4138.09800000,749913.58397000,0
1753948800000000,181.24000000,181.30000000,181.06000000,181.18000000,12179.83500000,1753949699999999,2206903.45813000,6960,8294.83900000,1502970.84693000,0
1753949700000000,181.17000000,182.00000000,181.09000000,181.62000000,24442.89200000,1753950599999999,4436869.71620000,9833,15519.94500000,2817612.76616000,0
1753950600000000,181.62000000,182.11000000,181.37000000,182.09000000,22597.95500000,1753951499999999,4108211.31687000,9981,14114.95300000,2566785.05971000,0
1753951500000000,182.08000000,182.13000000,181.59000000,181.70000000,11688.76000000,1753952399999999,2124838.57806000,9047,5077.91500000,923163.35200000,0
1753952400000000,181.70000000,181.93000000,181.59000000,181.81000000,12952.60800000,1753953299999999,2354391.04967000,9538,7695.67200000,1399014.17858000,0
1753953300000000,181.81000000,181.94000000,181.75000000,181.84000000,8159.26400000,1753954199999999,1483830.48261000,7041,4545.93800000,826712.42865000,0
1753954200000000,181.83000000,182.37000000,181.75000000,182.19000000,21846.99300000,1753955099999999,3977977.24772000,11570,13059.22500000,2378177.14222000,0
1753955100000000,182.20000000,182.70000000,182.08000000,182.52000000,18578.43700000,1753955999999999,3388415.04951000,10354,11344.28400000,2069247.61614000,0
1753956000000000,182.52000000,182.64000000,182.09000000,182.12000000,16983.11500000,1753956899999999,3096488.20546000,9745,7460.84400000,1360245.00099000,0
1753956900000000,182.12000000,182.20000000,181.76000000,181.80000000,21216.56100000,1753957799999999,3860985.30617000,9471,10753.45800000,1956993.25769000,0
1753957800000000,181.79000000,182.23000000,181.79000000,182.16000000,14880.63200000,1753958699999999,2708763.63929000,9490,8356.11900000,1521132.92956000,0
1753958700000000,182.17000000,182.27000000,181.37000000,181.39000000,15325.06200000,1753959599999999,2785269.43678000,9300,5703.96500000,1036739.32200000,0
1753959600000000,181.40000000,181.57000000,180.91000000,181.34000000,21631.29100000,1753960499999999,3921458.23142000,11890,8286.52400000,1502774.57919000,0
1753960500000000,181.33000000,181.36000000,180.61000000,180.79000000,27892.60900000,1753961399999999,5045586.99430000,13028,9529.99600000,1724129.75790000,0
1753961400000000,180.79000000,181.30000000,180.79000000,180.90000000,15126.12800000,1753962299999999,2738860.90604000,11189,5740.15500000,1039407.31677000,0
1753962300000000,180.90000000,180.99000000,180.24000000,180.74000000,18016.97300000,1753963199999999,3253901.29455000,14209,6534.56700000,1180246.93480000,0
1753963200000000,180.75000000,180.89000000,180.12000000,180.21000000,16457.42200000,1753964099999999,2970033.65622000,17909,6897.16000000,1244951.51181000,0
1753964100000000,180.20000000,180.43000000,179.75000000,180.22000000,20844.16200000,1753964999999999,3752459.78058000,20427,10289.96800000,1852667.20979000,0
1753965000000000,180.22000000,180.31000000,179.04000000,179.18000000,32919.52200000,1753965899999999,5909598.00166000,30449,12485.54000000,2240983.62410000,0
1753965900000000,179.18000000,179.71000000,178.74000000,179.34000000,24716.27400000,1753966799999999,4431143.79524000,20967,10278.27900000,1843625.57171000,0
1753966800000000,179.34000000,179.37000000,177.69000000,177.79000000,33309.24100000,1753967699999999,5938023.26487000,27598,12505.27600000,2227987.71698000,0
1753967700000000,177.79000000,178.16000000,177.00000000,177.08000000,47565.30400000,1753968599999999,8439205.42534000,41471,21931.47600000,3892157.71667000,0
1753968600000000,177.09000000,177.74000000,176.70000000,177.21000000,101663.09100000,1753969499999999,18019011.88529000,55453,59430.14700000,10536066.10881000,0
1753969500000000,177.22000000,178.04000000,176.91000000,177.68000000,42444.71900000,1753970399999999,7530815.49384000,34324,26755.58700000,4746792.49063000,0
1753970400000000,177.68000000,178.24000000,176.71000000,177.37000000,83366.20800000,1753971299999999,14787586.19449000,37642,36213.61500000,6425361.80906000,0
1753971300000000,177.37000000,177.37000000,175.67000000,176.10000000,81298.92000000,1753972199999999,14323734.28299000,60114,38305.68400000,6747747.63465000,0
1753972200000000,176.10000000,177.04000000,176.00000000,176.24000000,31647.79000000,1753973099999999,5582954.78303000,25258,15787.94500000,2785812.65110000,0
1753973100000000,176.23000000,176.78000000,175.59000000,175.70000000,33189.29400000,1753973999999999,5844970.84261000,27433,14447.64500000,2545622.67672000,0
1753974000000000,175.70000000,176.26000000,175.25000000,175.90000000,41690.57700000,1753974899999999,7329516.80993000,31591,19868.39200000,3493179.01184000,0
1753974900000000,175.90000000,177.09000000,175.89000000,176.91000000,30652.59700000,1753975799999999,5413587.63083000,27881,18143.37000000,3205351.34407000,0
1753975800000000,176.90000000,177.47000000,176.87000000,177.15000000,28275.09500000,1753976699999999,5010127.77943000,21257,13326.88500000,2361089.03240000,0
1753976700000000,177.14000000,177.45000000,176.39000000,177.35000000,29502.80500000,1753977599999999,5224919.86796000,23738,16056.52800000,2843763.55309000,0
1753977600000000,177.34000000,177.94000000,177.15000000,177.71000000,31874.03800000,1753978499999999,5659939.88022000,26260,13946.25400000,2476558.51826000,0
1753978500000000,177.71000000,178.47000000,177.63000000,178.31000000,26045.76900000,1753979399999999,4637550.49730000,25054,13503.56800000,2404500.88976000,0
1753979400000000,178.31000000,179.77000000,178.30000000,179.29000000,53734.98700000,1753980299999999,9631911.73322000,44389,28814.98900000,5163837.94871000,0
1753980300000000,179.29000000,179.50000000,178.43000000,179.27000000,27906.68700000,1753981199999999,4995158.20533000,31771,12066.18100000,2160061.97830000,0
1753981200000000,179.27000000,179.31000000,178.15000000,178.38000000,27950.14000000,1753982099999999,4989700.05285000,30536,12446.90500000,2221649.88437000,0
1753982100000000,178.38000000,178.70000000,177.15000000,177.70000000,34375.98200000,1753982999999999,6112717.62205000,33118,14002.39400000,2489740.07234000,0
1753983000000000,177.71000000,178.41000000,177.43000000,177.90000000,21946.70400000,1753983899999999,3903787.36334000,25602,11855.29000000,2108699.95740000,0
1753983900000000,177.90000000,178.20000000,176.84000000,177.29000000,21176.62700000,1753984799999999,3754968.46967000,28390,7753.98800000,1375101.99183000,0
1753984800000000,177.30000000,177.47000000,175.95000000,176.20000000,34731.07900000,1753985699999999,6131248.06843000,27738,12176.48100000,2150244.81214000,0
1753985700000000,176.19000000,176.97000000,175.58000000,176.90000000,26496.25600000,1753986599999999,4669917.13809000,31140,15412.92600000,2717623.91159000,0
1753986600000000,176.89000000,177.67000000,176.76000000,177.56000000,14681.11100000,1753987499999999,2601180.76018000,18777,6193.88100000,1097761.25647000,0
1753987500000000,177.56000000,178.10000000,177.24000000,177.77000000,22815.17700000,1753988399999999,4055277.24826000,26752,12339.52200000,2193468.83302000,0
1753988400000000,177.77000000,178.20000000,176.12000000,176.20000000,35685.41300000,1753989299999999,6321732.01585000,29821,14094.09600000,2498768.97172000,0
1753989300000000,176.20000000,176.80000000,175.80000000,175.88000000,41141.52900000,1753990199999999,7248227.92304000,28267,22368.71000000,3941181.60670000,0
1753990200000000,175.89000000,176.28000000,175.48000000,175.66000000,45227.66300000,1753991099999999,7954048.15539000,30646,27788.63300000,4887787.68697000,0
1753991100000000,175.67000000,176.00000000,174.75000000,175.32000000,72311.18200000,1753991999999999,12669954.39807000,32636,37470.09500000,6566322.89809000,0
1753992000000000,175.31000000,175.52000000,174.22000000,174.86000000,54502.16500000,1753992899999999,9529690.86430000,33963,22817.71300000,3990374.57689000,0
1753992900000000,174.87000000,175.74000000,174.39000000,175.13000000,26785.78200000,1753993799999999,4688118.09957000,19943,17297.66400000,3027946.57900000,0
1753993800000000,175.14000000,175.64000000,174.45000000,175.30000000,40053.18000000,1753994699999999,7009330.32187000,23941,26360.12000000,4613290.54077000,0
1753994700000000,175.31000000,175.64000000,174.90000000,175.46000000,17399.53900000,1753995599999999,3051479.87351000,13560,11624.70700000,2038854.84814000,0
1753995600000000,175.46000000,175.68000000,174.45000000,174.60000000,23778.67100000,1753996499999999,4161839.37398000,17567,13924.76400000,2437341.46877000,0
1753996500000000,174.60000000,175.03000000,174.00000000,175.02000000,29166.91200000,1753997399999999,5089931.04347000,20633,14450.26200000,2522187.36233000,0
1753997400000000,175.03000000,175.47000000,174.13000000,174.34000000,21708.14500000,1753998299999999,3794941.50248000,21472,10764.15200000,1881828.98781000,0
1753998300000000,174.34000000,174.53000000,172.72000000,173.82000000,51595.48200000,1753999199999999,8947436.56526000,39995,18413.59600000,3191764.57044000,0
1753999200000000,173.82000000,173.84000000,173.09000000,173.74000000,36952.02800000,1754000099999999,6409950.04983000,38781,12570.99700000,2180768.02047000,0
1754000100000000,173.74000000,174.47000000,172.98000000,173.62000000,42877.53300000,1754000999999999,7446922.13154000,38113,21578.48500000,3748597.72637000,0
1754001000000000,173.62000000,173.65000000,172.42000000,172.73000000,36262.64700000,1754001899999999,6263422.60204000,27871,15986.08400000,2761595.96838000,0
1754001900000000,172.73000000,173.15000000,172.51000000,172.89000000,18577.87200000,1754002799999999,3210560.04496000,19684,8471.11100000,1464081.86539000,0
1754002800000000,172.89000000,173.75000000,172.82000000,173.45000000,18108.97300000,1754003699999999,3140116.42007000,24446,9661.18200000,1675463.28819000,0
1754003700000000,173.45000000,173.45000000,172.45000000,172.46000000,20465.89500000,1754004599999999,3537092.57187000,20733,9129.32800000,1578208.42635000,0
1754004600000000,172.46000000,172.56000000,171.44000000,172.12000000,59217.67800000,1754005499999999,10187211.74128000,46189,24857.73200000,4276549.30281000,0
1754005500000000,172.11000000,172.59000000,171.77000000,172.22000000,24191.35600000,1754006399999999,4165194.48973000,23436,11990.96400000,2065282.10321000,0
