1748736000000000,156.45000000,156.68000000,156.25000000,156.42000000,11143.21100000,1748736899999999,1743371.77835000,13614,4681.94200000,732612.60089000,0
1748736900000000,156.42000000,156.46000000,155.74000000,155.81000000,21509.53100000,1748737799999999,3356814.80812000,15966,8191.33500000,1278249.39701000,0
1748737800000000,155.81000000,156.26000000,155.73000000,156.22000000,13271.84400000,1748738699999999,2070476.26748000,13381,6564.15000000,1024005.27384000,0
1748738700000000,156.23000000,156.38000000,155.90000000,156.22000000,7902.93200000,1748739599999999,1234306.11849000,9141,4101.30500000,640636.88331000,0
1748739600000000,156.22000000,156.43000000,155.64000000,156.42000000,11306.04800000,1748740499999999,1762673.87686000,13985,5117.99000000,797995.14614000,0
1748740500000000,156.43000000,156.73000000,155.69000000,156.04000000,17261.02400000,1748741399999999,2693110.04047000,16893,6736.82200000,1051706.59300000,0
1748741400000000,156.05000000,156.16000000,155.25000000,155.36000000,22502.72500000,1748742299999999,3499611.74844000,15957,7902.33800000,1229097.36914000,0
1748742300000000,155.36000000,155.68000000,154.68000000,155.18000000,30231.66800000,1748743199999999,4688373.91386000,17919,9163.06200000,1421625.86220000,0
1748743200000000,155.19000000,155.21000000,154.29000000,154.39000000,28077.90700000,1748744099999999,4344722.15386000,27534,13598.48500000,2104277.38701000,0
1748744100000000,154.39000000,155.07000000,154.39000000,154.95000000,19921.50800000,1748744999999999,3082575.22107000,15307,9489.88400000,1468845.24402000,0
1748745000000000,154.96000000,155.34000000,154.96000000,155.06000000,12580.59400000,1748745899999999,1952006.73041000,12905,8660.06400000,1343692.31779000,0
1748745900000000,155.06000000,155.32000000,154.73000000,154.79000000,18509.14700000,1748746799999999,2867167.99609000,14247,10930.20600000,1693038.37629000,0
1748746800000000,154.79000000,154.90000000,153.93000000,154.16000000,22542.62700000,1748747699999999,3478968.27621000,15536,9940.02900000,1534593.82427000,0
1748747700000000,154.16000000,154.33000000,153.40000000,153.76000000,30314.57700000,1748748599999999,4661115.86826000,20729,14033.93800000,2158171.35643000,0
1748748600000000,153.76000000,154.27000000,153.74000000,154.17000000,11604.46400000,1748749499999999,1787919.32549000,12147,7878.14000000,1213727.29002000,0
1748749500000000,154.17000000,154.83000000,154.16000000,154.72000000,39262.53700000,1748750399999999,6073345.70819000,15306,24768.35000000,3830872.23255000,0
1748750400000000,154.72000000,155.12000000,154.56000000,154.99000000,15918.49700000,1748751299999999,2464050.11075000,13301,10827.37200000,1676042.71279000,0
1748751300000000,154.99000000,155.31000000,154.99000000,155.27000000,9985.60900000,1748752199999999,1549626.23560000,9581,6478.58800000,1005385.02813000,0
1748752200000000,155.27000000,155.75000000,155.27000000,155.72000000,19084.56000000,1748753099999999,2969528.69810000,13966,10790.66100000,1679012.59722000,0
1748753100000000,155.72000000,155.94000000,155.46000000,155.50000000,17214.88300000,1748753999999999,2679982.76058000,13289,10191.10800000,1586759.39236000,0
1748754000000000,155.50000000,155.85000000,155.44000000,155.79000000,10214.39900000,1748754899999999,1589557.67567000,10377,6239.23900000,970973.78028000,0
1748754900000000,155.79000000,155.92000000,155.47000000,155.56000000,15685.88100000,1748755799999999,2442383.28595000,10696,4835.68300000,753054.64261000,0
1748755800000000,155.56000000,155.92000000,155.44000000,155.44000000,10648.75500000,1748756699999999,1657846.72353000,9072,7273.64700000,1132547.13268000,0
1748756700000000,155.45000000,155.47000000,155.13000000,155.39000000,10239.68000000,1748757599999999,1590603.35260000,8635,4341.13400000,674290.90853000,0
1748757600000000,155.38000000,155.42000000,154.93000000,155.05000000,10066.40500000,1748758499999999,1561064.54077000,9650,3893.37800000,603768.86925000,0
1748758500000000,155.05000000,155.17000000,154.62000000,155.00000000,18669.23100000,1748759399999999,2892379.36691000,11540,9735.05800000,1508880.03027000,0
1748759400000000,154.99000000,155.45000000,154.99000000,155.08000000,7348.98900000,1748760299999999,1140776.32226000,9413,3974.97700000,617095.43389000,0
1748760300000000,155.09000000,155.21000000,154.75000000,154.84000000,7941.85000000,1748761199999999,1230549.98404000,9212,3918.94200000,607270.90035000,0
1748761200000000,154.84000000,154.84000000,154.27000000,154.73000000,9927.70700000,1748762099999999,1534646.24628000,12033,4031.87000000,623260.83756000,0
1748762100000000,154.74000000,154.94000000,154.40000000,154.68000000,8119.85000000,1748762999999999,1255744.38340000,9401,3541.60500000,547808.33525000,0
1748763000000000,154.68000000,154.70000000,154.22000000,154.43000000,10685.91000000,1748763899999999,1650304.57020000,12332,5049.40800000,779793.27907000,0
1748763900000000,154.43000000,154.51000000,154.14000000,154.45000000,10447.31900000,1748764799999999,1612602.96720000,10135,4408.85700000,680578.43664000,0
1748764800000000,154.45000000,154.64000000,153.90000000,154.02000000,17654.39300000,1748765699999999,2721581.11018000,14783,6375.82400000,983379.74974000,0
1748765700000000,154.02000000,154.09000000,153.41000000,153.52000000,23587.96100000,1748766599999999,3624744.57770000,18360,8609.55100000,1323305.04043000,0
1748766600000000,153.53000000,153.91000000,153.14000000,153.50000000,31055.04000000,1748767499999999,4765681.48145000,21074,16418.17500000,2519443.79911000,0
1748767500000000,153.50000000,153.58000000,152.92000000,153.37000000,31436.58700000,1748768399999999,4815408.60629000,18991,9611.67500000,1473236.88258000,0
1748768400000000,153.36000000,153.79000000,152.41000000,152.80000000,34477.13900000,1748769299999999,5271352.74327000,28548,15354.28500000,2347751.39151000,0
1748769300000000,152.79000000,152.91000000,151.67000000,151.86000000,72771.20200000,1748770199999999,11067338.47261000,44289,27609.50900000,4198536.90125000,0
1748770200000000,151.86000000,151.88000000,151.12000000,151.40000000,41156.47500000,1748771099999999,6233272.11752000,41605,16994.80300000,2574101.15066000,0
1748771100000000,151.40000000,151.89000000,150.81000000,151.52000000,42985.51800000,1748771999999999,6499982.52917000,44415,17809.00800000,2693454.57360000,0
1748772000000000,151.52000000,151.83000000,150.89000000,151.57000000,24783.92100000,1748772899999999,3751318.35674000,28052,12074.72200000,1827543.21327000,0
1748772900000000,151.57000000,151.70000000,151.17000000,151.43000000,27222.41800000,1748773799999999,4123586.13186000,16886,15650.23400000,2370731.11823000,0
1748773800000000,151.43000000,151.47000000,150.59000000,150.97000000,32588.76200000,1748774699999999,4920015.99201000,25953,14646.73500000,2212352.88816000,0
1748774700000000,150.96000000,151.71000000,150.84000000,151.62000000,16180.59100000,1748775599999999,2447849.28386000,18520,8775.12800000,1327473.83506000,0
1748775600000000,151.62000000,151.90000000,151.37000000,151.66000000,14501.16600000,1748776499999999,2198937.34043000,16974,6462.54200000,979832.59005000,0
1748776500000000,151.65000000,152.33000000,151.65000000,152.02000000,17130.60700000,1748777399999999,2604725.10874000,15221,7920.22700000,1204357.93934000,0
1748777400000000,152.01000000,152.29000000,151.63000000,152.28000000,17178.76700000,1748778299999999,2610999.55482000,18116,9437.06800000,1434341.28257000,0
1748778300000000,152.29000000,152.34000000,151.95000000,152.05000000,8847.57400000,1748779199999999,1346071.38490000,10107,3494.78700000,531714.93190000,0
1748779200000000,152.05000000,152.37000000,151.54000000,152.24000000,11251.59900000,1748780099999999,1709264.44168000,11433,6423.19200000,976162.76479000,0
1748780100000000,152.25000000,152.31000000,151.58000000,151.74000000,11519.44900000,1748780999999999,1751232.19688000,15008,6610.62200000,1005016.19441000,0
1748781000000000,151.74000000,151.85000000,150.66000000,151.01000000,23484.95300000,1748781899999999,3547564.97269000,25020,8813.56900000,1331260.58978000,0
1748781900000000,151.01000000,151.24000000,150.68000000,151.09000000,15383.80300000,1748782799999999,2322592.26196000,17803,7822.85600000,1181198.16228000,0
1748782800000000,151.09000000,151.75000000,151.02000000,151.72000000,14666.69700000,1748783699999999,2220480.86780000,17160,7961.75200000,1205097.01811000,0
1748783700000000,151.71000000,152.16000000,151.51000000,151.67000000,16406.72100000,1748784599999999,2492760.59558000,20967,9114.11100000,1384754.35660000,0
1748784600000000,151.68000000,152.27000000,151.65000000,152.16000000,21690.06400000,1748785499999999,3297913.75653000,17227,10768.99800000,1637330.88882000,0
1748785500000000,152.17000000,152.35000000,151.93000000,152.02000000,14797.67500000,1748786399999999,2250916.34322000,12454,6526.84000000,992895.42259000,0
1748786400000000,152.01000000,153.22000000,152.01000000,152.69000000,23232.85300000,1748787299999999,3548390.17716000,24518,14328.67300000,2188308.89430000,0
1748787300000000,152.69000000,153.79000000,152.69000000,153.68000000,29762.78300000,1748788199999999,4563311.84902000,27962,18810.16900000,2884218.82423000,0
1748788200000000,153.68000000,153.88000000,153.33000000,153.63000000,25716.43900000,1748789099999999,3949904.60560000,23953,13152.08100000,2020456.44650000,0
1748789100000000,153.63000000,153.92000000,153.14000000,153.26000000,21297.47000000,1748789999999999,3267554.71420000,21814,9462.01700000,1452048.36661000,0
1748790000000000,153.25000000,153.49000000,152.99000000,153.04000000,15571.10900000,1748790899999999,2385234.05275000,18573,7787.05700000,1192944.77636000,0
1748790900000000,153.04000000,154.43000000,153.04000000,154.34000000,25021.10800000,1748791799999999,3850230.90862000,20098,15877.20500000,2442633.87818000,0
1748791800000000,154.34000000,154.57000000,154.10000000,154.34000000,20462.80100000,1748792699999999,3158737.32676000,17852,10670.42100000,1647233.51738000,0
1748792700000000,154.33000000,154.46000000,153.87000000,154.17000000,18752.07100000,1748793599999999,2889843.27612000,13457,11514.73800000,1774511.57264000,0
1748793600000000,154.18000000,155.87000000,154.04000000,155.50000000,55223.81100000,1748794499999999,8565921.83363000,41069,33930.05900000,5263174.98097000,0
1748794500000000,155.50000000,155.98000000,154.97000000,155.64000000,43366.78000000,1748795399999999,6745105.13787000,30247,17791.26300000,2766691.66473000,0
1748795400000000,155.65000000,156.67000000,155.30000000,156.55000000,42965.66600000,1748796299999999,6698897.39294000,25626,23776.81700000,3709326.16719000,0
1748796300000000,156.55000000,156.69000000,155.82000000,155.89000000,34957.83400000,1748797199999999,5462535.58755000,22724,11176.37500000,1746835.65297000,0
1748797200000000,155.88000000,156.15000000,155.52000000,155.69000000,42951.21000000,1748798099999999,6691830.87469000,24300,18045.46100000,2811708.13171000,0
1748798100000000,155.69000000,156.23000000,155.64000000,156.20000000,11386.56100000,1748798999999999,1775966.42640000,13686,6283.58300000,979996.79798000,0
1748799000000000,156.20000000,156.73000000,156.16000000,156.25000000,20620.70100000,1748799899999999,3225502.03376000,16718,11552.89800000,1807194.48466000,0
1748799900000000,156.25000000,156.62000000,156.14000000,156.34000000,21860.64900000,1748800799999999,3418518.82220000,11766,12134.36800000,1897305.21243000,0
1748800800000000,156.33000000,156.36000000,155.70000000,155.85000000,25113.85300000,1748801699999999,3917613.65630000,16171,6363.66100000,992194.11084000,0
1748801700000000,155.84000000,155.89000000,154.82000000,154.91000000,39972.67600000,1748802599999999,6207859.94748000,22490,15052.37100000,2337318.81480000,0
1748802600000000,154.91000000,154.92000000,153.47000000,153.52000000,55090.82600000,1748803499999999,8483083.79542000,30855,16349.74700000,2518689.66054000,0
1748803500000000,153.52000000,154.76000000,153.47000000,154.72000000,32600.70300000,1748804399999999,5022514.33395000,24641,19746.68600000,3042378.32612000,0
1748804400000000,154.72000000,155.38000000,154.54000000,154.75000000,33936.30200000,1748805299999999,5258081.14784000,22008,16534.00600000,2561844.86467000,0
1748805300000000,154.74000000,155.29000000,154.68000000,155.26000000,13988.40700000,1748806199999999,2168211.84270000,13091,7592.17800000,1176742.79519000,0
1748806200000000,155.26000000,155.62000000,155.06000000,155.57000000,20770.30800000,1748807099999999,3227531.09974000,15116,12673.03700000,1969326.08586000,0
1748807100000000,155.57000000,155.97000000,155.56000000,155.89000000,15684.42900000,1748807999999999,2443669.47672000,10033,10639.12800000,1657599.21456000,0
1748808000000000,155.88000000,155.98000000,155.18000000,155.41000000,20396.55200000,1748808899999999,3172481.22839000,11589,5737.36200000,892530.38532000,0
1748808900000000,155.40000000,155.87000000,155.38000000,155.75000000,12130.25700000,1748809799999999,1888177.48150000,9239,8007.55100000,1246379.95954000,0
1748809800000000,155.75000000,156.23000000,155.64000000,156.18000000,15883.65700000,1748810699999999,2477606.35052000,9438,10316.15600000,1609262.63934000,0
1748810700000000,156.18000000,156.19000000,155.51000000,155.69000000,14607.48300000,1748811599999999,2276450.76462000,11296,6497.76700000,1012770.96621000,0
1748811600000000,155.68000000,156.50000000,155.58000000,156.45000000,14150.99200000,1748812499999999,2209161.97939000,10600,7857.20300000,1226604.90274000,0
1748812500000000,156.44000000,156.69000000,156.24000000,156.30000000,14099.40900000,1748813399999999,2206510.53814000,6868,6044.98100000,946081.67481000,0
1748813400000000,156.29000000,157.23000000,156.29000000,156.64000000,22972.78700000,1748814299999999,3602853.78330000,14625,13546.83700000,2124290.41142000,0
1748814300000000,156.64000000,156.95000000,156.63000000,156.91000000,7363.49100000,1748815199999999,1154364.87978000,7120,4258.50500000,667619.53467000,0
1748815200000000,156.90000000,157.41000000,156.78000000,157.36000000,21938.26300000,1748816099999999,3447435.39667000,21469,11573.66200000,1818892.75369000,0
1748816100000000,157.35000000,157.40000000,156.65000000,156.81000000,21867.11900000,1748816999999999,3433265.44227000,19586,9899.12000000,1554233.83203000,0
1748817000000000,156.81000000,156.91000000,156.46000000,156.52000000,14664.10400000,1748817899999999,2297178.18112000,10740,5486.79200000,859633.70839000,0
1748817900000000,156.52000000,157.21000000,156.38000000,157.20000000,11012.72700000,1748818799999999,1725334.62486000,9048,6346.95700000,994615.10776000,0
1748818800000000,157.20000000,157.92000000,157.20000000,157.75000000,19108.31500000,1748819699999999,3012450.32460000,18408,11119.16500000,1752886.37214000,0
1748819700000000,157.76000000,157.84000000,157.08000000,157.10000000,18646.61500000,1748820599999999,2935093.91290000,16195,6474.55900000,1018972.33720000,0
1748820600000000,157.10000000,157.76000000,156.96000000,157.50000000,17207.40600000,1748821499999999,2707904.42359000,11496,9474.29000000,1490597.17105000,0
1748821500000000,157.50000000,157.83000000,157.50000000,157.68000000,12873.56300000,1748822399999999,2029860.52039000,9939,7701.94800000,1214266.81593000,0
1748822400000000,157.68000000,157.78000000,157.23000000,157.51000000,20422.24800000,1748823299999999,3216578.91551000,17171,9783.62700000,1540995.49392000,0
1748823300000000,157.52000000,158.22000000,157.19000000,157.32000000,32446.87600000,1748824199999999,5117579.71743000,22501,17804.85700000,2809321.66157000,0
1748824200000000,157.31000000,157.95000000,157.24000000,157.86000000,19929.34100000,1748825099999999,3140714.17088000,20803,12175.56400000,1918775.39262000,0
1748825100000000,157.86000000,157.96000000,157.48000000,157.81000000,22525.39100000,1748825999999999,3553998.02797000,14919,11604.59000000,1831176.34690000,0
1748826000000000,157.81000000,158.88000000,157.81000000,158.85000000,25583.16600000,1748826899999999,4052115.85331000,20893,16607.81700000,2630326.70751000,0
1748826900000000,158.85000000,158.93000000,158.37000000,158.57000000,17847.72700000,1748827799999999,2831836.50362000,13420,9524.23400000,1511204.86778000,0
1748827800000000,158.58000000,158.68000000,157.87000000,157.88000000,20895.26700000,1748828699999999,3306135.54598000,17170,6615.41700000,1046975.01012000,0
1748828700000000,157.89000000,158.43000000,157.83000000,158.06000000,13925.58600000,1748829599999999,2202345.78696000,13204,7061.20900000,1116755.56474000,0
1748829600000000,158.06000000,158.28000000,157.18000000,157.31000000,24044.19600000,1748830499999999,3790601.06277000,18151,6958.47100000,1097427.48747000,0
1748830500000000,157.31000000,157.77000000,156.92000000,157.61000000,23065.03600000,1748831399999999,3626306.89191000,14026,9908.45800000,1558022.94125000,0
1748831400000000,157.61000000,157.83000000,157.15000000,157.53000000,26643.88200000,1748832299999999,4197535.63570000,19313,12557.61200000,1978407.90896000,0
1748832300000000,157.54000000,157.62000000,156.66000000,156.86000000,20994.01800000,1748833199999999,3295964.26190000,18256,9533.01200000,1496219.66368000,0
1748833200000000,156.86000000,156.93000000,155.82000000,155.94000000,44026.27800000,1748834099999999,6877382.45028000,25927,14659.69100000,2289846.59947000,0
1748834100000000,155.95000000,156.22000000,155.36000000,155.93000000,40562.26400000,1748834999999999,6319201.17428000,22472,22558.13500000,3515464.07292000,0
1748835000000000,155.93000000,156.25000000,155.69000000,156.08000000,12957.36700000,1748835899999999,2021353.36149000,16541,6407.94500000,999711.28787000,0
1748835900000000,156.09000000,156.17000000,155.45000000,155.46000000,14061.84400000,1748836799999999,2190225.20416000,10097,4104.64200000,639421.15460000,0
1748836800000000,155.46000000,155.88000000,155.35000000,155.88000000,15214.47800000,1748837699999999,2367809.99075000,14848,8466.22300000,1317836.99649000,0
1748837700000000,155.88000000,156.10000000,155.77000000,155.83000000,9701.87200000,1748838599999999,1512966.60117000,11391,5319.33200000,829588.99862000,0
1748838600000000,155.82000000,156.23000000,155.77000000,155.95000000,8849.54300000,1748839499999999,1380469.72474000,10455,4963.12400000,774254.42787000,0
1748839500000000,155.95000000,156.20000000,155.10000000,155.29000000,22444.12600000,1748840399999999,3490699.76919000,15744,7878.93900000,1225884.68696000,0
1748840400000000,155.30000000,156.21000000,155.12000000,156.07000000,15261.13500000,1748841299999999,2375627.78451000,17458,8617.25600000,1341839.02937000,0
1748841300000000,156.07000000,156.21000000,155.58000000,155.80000000,11448.54500000,1748842199999999,1784281.36782000,11039,4494.03400000,700366.60626000,0
1748842200000000,155.79000000,155.90000000,154.85000000,154.85000000,30434.44100000,1748843099999999,4722534.46401000,16842,7542.03300000,1170767.39803000,0
1748843100000000,154.85000000,155.37000000,154.69000000,155.35000000,16075.67000000,1748843999999999,2491685.19084000,15328,8180.89700000,1268169.26141000,0
1748844000000000,155.35000000,155.66000000,154.81000000,154.93000000,16632.75500000,1748844899999999,2582678.57656000,16601,6673.98800000,1036476.96066000,0
1748844900000000,154.94000000,155.48000000,154.66000000,155.44000000,15998.61800000,1748845799999999,2479554.85693000,11072,6604.59800000,1023826.79145000,0
1748845800000000,155.44000000,156.08000000,155.28000000,156.01000000,21071.00300000,1748846699999999,3280186.91122000,15659,10861.93700000,1691170.01944000,0
1748846700000000,156.01000000,156.15000000,155.64000000,155.73000000,17683.42500000,1748847599999999,2756435.15422000,16825,8072.53100000,1258477.10744000,0
1748847600000000,155.73000000,156.38000000,155.72000000,156.25000000,19956.86100000,1748848499999999,3116864.94612000,18319,12049.64500000,1882036.07810000,0
1748848500000000,156.24000000,156.73000000,155.79000000,155.89000000,23092.62200000,1748849399999999,3610657.33544000,15351,11693.46400000,1828782.65030000,0
1748849400000000,155.89000000,156.03000000,155.44000000,156.00000000,19917.28500000,1748850299999999,3102333.72608000,19400,10691.66700000,1665370.63081000,0
1748850300000000,156.01000000,156.03000000,155.36000000,155.55000000,21063.32000000,1748851199999999,3277998.12204000,17955,7033.86700000,1094562.61657000,0
1748851200000000,155.54000000,156.12000000,155.34000000,155.72000000,24160.12200000,1748852099999999,3760701.32749000,22867,9623.42500000,1498137.67118000,0
1748852100000000,155.73000000,156.55000000,155.41000000,156.31000000,27909.32600000,1748852999999999,4352135.19436000,24431,16610.79700000,2590620.54601000,0
1748853000000000,156.31000000,156.52000000,154.94000000,155.02000000,22933.94500000,1748853899999999,3572331.87445000,19441,8476.19300000,1321335.33697000,0
1748853900000000,155.01000000,155.25000000,154.38000000,154.86000000,42745.58100000,1748854799999999,6616741.84824000,22070,15293.47200000,2368116.19545000,0
1748854800000000,154.86000000,154.88000000,153.51000000,153.69000000,59436.29100000,1748855699999999,9148914.68613000,38621,17939.55100000,2761788.89277000,0
1748855700000000,153.68000000,154.10000000,153.43000000,153.93000000,31941.34700000,1748856599999999,4911630.41378000,26151,13931.54000000,2143284.03034000,0
1748856600000000,153.92000000,154.30000000,153.47000000,153.48000000,29723.09200000,1748857499999999,4573626.03742000,20311,12886.93700000,1983905.00898000,0
1748857500000000,153.49000000,153.71000000,153.21000000,153.54000000,23648.38900000,1748858399999999,3629129.04755000,23805,11796.25500000,1810478.12138000,0
1748858400000000,153.53000000,153.93000000,152.95000000,153.87000000,32374.64400000,1748859299999999,4967092.68492000,26306,17437.45700000,2676355.92703000,0
1748859300000000,153.87000000,153.87000000,153.16000000,153.59000000,24107.97200000,1748860199999999,3699941.15058000,19278,11105.45400000,1704120.30912000,0
1748860200000000,153.60000000,154.09000000,153.43000000,153.89000000,17206.52100000,1748861099999999,2645017.51560000,15912,6875.39000000,1056970.63389000,0
1748861100000000,153.88000000,154.24000000,153.85000000,154.01000000,11994.17500000,1748861999999999,1847428.99478000,11627,7541.31200000,1161581.05619000,0
1748862000000000,154.02000000,154.53000000,153.61000000,154.36000000,36696.10300000,1748862899999999,5656980.66529000,23444,24603.17300000,3794082.77668000,0
1748862900000000,154.35000000,154.65000000,153.99000000,154.02000000,55616.82300000,1748863799999999,8576996.11615000,17418,34586.63400000,5333674.19639000,0
1748863800000000,154.01000000,154.23000000,153.61000000,153.62000000,20482.56300000,1748864699999999,3153155.53327000,16461,10770.89200000,1658459.95041000,0
1748864700000000,153.62000000,153.96000000,153.31000000,153.45000000,31836.84400000,1748865599999999,4888794.05897000,20468,13802.12300000,2119508.61725000,0
1748865600000000,153.44000000,154.02000000,153.33000000,153.83000000,44841.20400000,1748866499999999,6885267.62967000,18345,20494.19500000,3146967.30795000,0
1748866500000000,153.83000000,153.92000000,153.14000000,153.61000000,25862.97800000,1748867399999999,3968627.19494000,19206,11165.52600000,1713451.08800000,0
1748867400000000,153.61000000,154.37000000,153.49000000,154.22000000,21141.83400000,1748868299999999,3255735.75752000,21744,13318.85900000,2051277.22054000,0
1748868300000000,154.22000000,154.32000000,153.65000000,154.21000000,15136.83200000,1748869199999999,2331083.25283000,12696,6702.94400000,1032414.48705000,0
1748869200000000,154.22000000,154.36000000,153.55000000,153.79000000,14889.25900000,1748870099999999,2292703.15090000,16137,6169.34500000,949746.14185000,0
1748870100000000,153.78000000,153.96000000,153.11000000,153.63000000,22885.46800000,1748870999999999,3514654.44650000,17969,13252.92900000,2035680.93641000,0
1748871000000000,153.63000000,154.50000000,153.01000000,153.47000000,58129.73500000,1748871899999999,8939313.37377000,43558,27830.87700000,4280082.74160000,0
1748871900000000,153.47000000,153.52000000,152.00000000,152.24000000,71099.17100000,1748872799999999,10846948.69761000,45986,28637.64200000,4367056.58587000,0
1748872800000000,152.23000000,152.93000000,151.67000000,152.85000000,71203.14900000,1748873699999999,10845031.03314000,51690,37317.80700000,5685108.96342000,0
1748873700000000,152.86000000,154.03000000,152.43000000,153.59000000,39201.95200000,1748874599999999,6012053.50856000,33649,21447.11700000,3288390.03563000,0
1748874600000000,153.59000000,154.27000000,153.31000000,153.39000000,32395.72200000,1748875499999999,4980749.08612000,29245,15814.89400000,2432220.88219000,0
1748875500000000,153.40000000,153.46000000,152.46000000,153.01000000,33003.37800000,1748876399999999,5045622.56750000,26646,14577.48800000,2228664.04900000,0
1748876400000000,153.02000000,153.09000000,152.04000000,152.61000000,45239.46400000,1748877299999999,6899424.05558000,29113,18978.88500000,2893465.99984000,0
1748877300000000,152.61000000,153.86000000,152.26000000,153.11000000,38388.89300000,1748878199999999,5874947.45481000,31018,21199.74600000,3245028.83008000,0
1748878200000000,153.12000000,153.27000000,152.59000000,153.07000000,23640.63100000,1748879099999999,3616085.82718000,24308,12889.46500000,1972094.85302000,0
1748879100000000,153.06000000,153.29000000,152.60000000,153.16000000,20599.94300000,1748879999999999,3151988.70783000,18858,10301.86200000,1576466.73082000,0
1748880000000000,153.16000000,153.29000000,152.50000000,152.56000000,26340.16100000,1748880899999999,4026846.40662000,19639,10630.93900000,1625286.13221000,0
1748880900000000,152.56000000,152.91000000,152.06000000,152.32000000,28807.16000000,1748881799999999,4393077.52635000,19144,13093.73400000,1997182.90299000,0
1748881800000000,152.31000000,152.67000000,152.02000000,152.47000000,20686.75200000,1748882699999999,3152946.99004000,15967,10455.94200000,1593820.42548000,0
1748882700000000,152.46000000,153.32000000,152.22000000,153.04000000,23553.05700000,1748883599999999,3597434.32825000,22467,13183.24800000,2013881.96384000,0
1748883600000000,153.04000000,153.45000000,152.53000000,152.54000000,25135.32700000,1748884499999999,3845453.78300000,24355,11456.22500000,1753444.95868000,0
1748884500000000,152.54000000,153.76000000,152.45000000,153.44000000,20000.12700000,1748885399999999,3064829.69563000,21393,12859.47700000,1970671.18210000,0
1748885400000000,153.45000000,153.63000000,152.90000000,153.04000000,20482.47200000,1748886299999999,3137681.50717000,16936,9128.14500000,1398208.29466000,0
1748886300000000,153.04000000,153.84000000,152.98000000,153.67000000,17474.39000000,1748887199999999,2683369.23811000,15775,9476.82900000,1455074.61529000,0
1748887200000000,153.67000000,153.98000000,153.47000000,153.78000000,18431.96900000,1748888099999999,2834235.08413000,19420,7626.28200000,1172751.14810000,0
1748888100000000,153.77000000,155.13000000,153.67000000,154.68000000,25633.03500000,1748888999999999,3960529.47283000,22997,15096.41400000,2333065.63569000,0
1748889000000000,154.67000000,154.99000000,154.03000000,154.04000000,26579.69000000,1748889899999999,4106412.15623000,18268,13288.00500000,2053008.20851000,0
1748889900000000,154.03000000,154.03000000,153.03000000,153.22000000,32855.99600000,1748890799999999,5041973.60749000,20544,16886.25200000,2591215.25429000,0
1748890800000000,153.22000000,153.64000000,152.06000000,152.07000000,36396.15700000,1748891699999999,5563859.36950000,24404,15058.25700000,2303135.90494000,0
1748891700000000,152.07000000,152.78000000,152.04000000,152.30000000,23253.16700000,1748892599999999,3545359.05618000,19483,13366.12000000,2038043.86269000,0
1748892600000000,152.30000000,152.39000000,151.77000000,152.02000000,27281.02000000,1748893499999999,4147396.13671000,24283,11032.14600000,1677249.11820000,0
1748893500000000,152.03000000,152.97000000,151.80000000,152.95000000,16371.75600000,1748894399999999,2494691.77990000,17103,9616.59400000,1465465.71059000,0
1748894400000000,152.96000000,154.54000000,152.92000000,154.39000000,25612.72200000,1748895299999999,3939938.58118000,23893,16289.50000000,2505459.43881000,0
1748895300000000,154.39000000,154.44000000,153.91000000,154.13000000,25647.16400000,1748896199999999,3953057.74695000,19851,13443.34200000,2072032.63349000,0
1748896200000000,154.13000000,154.44000000,153.81000000,154.30000000,22255.50900000,1748897099999999,3430907.88014000,18910,9087.60100000,1401020.24623000,0
1748897100000000,154.30000000,154.44000000,153.92000000,154.31000000,24678.88600000,1748897999999999,3804033.06121000,17997,15131.97100000,2332806.84369000,0
1748898000000000,154.31000000,155.18000000,154.29000000,155.11000000,23665.55200000,1748898899999999,3664941.22167000,21906,14216.84900000,2201500.54484000,0
1748898900000000,155.10000000,155.22000000,154.51000000,154.71000000,22216.89000000,1748899799999999,3439899.07050000,12093,8859.47200000,1371753.13133000,0
1748899800000000,154.71000000,155.03000000,154.24000000,154.97000000,14180.10700000,1748900699999999,2193300.63381000,12756,7628.90900000,1180209.82739000,0
1748900700000000,154.97000000,155.50000000,154.94000000,155.43000000,10667.67300000,1748901599999999,1654981.93184000,11805,5718.23100000,887253.50783000,0
1748901600000000,155.42000000,156.26000000,155.41000000,155.88000000,41929.60400000,1748902499999999,6534691.54565000,33543,24111.95900000,3758193.89549000,0
1748902500000000,155.88000000,156.80000000,155.78000000,156.75000000,28431.77900000,1748903399999999,4445923.15322000,28406,17172.12000000,2685583.89182000,0
1748903400000000,156.75000000,156.80000000,156.01000000,156.09000000,19819.55300000,1748904299999999,3099453.64042000,21393,7829.67300000,1224966.45581000,0
1748904300000000,156.10000000,156.32000000,156.00000000,156.22000000,13055.36700000,1748905199999999,2038454.84464000,13590,6896.48500000,1076784.24742000,0
1748905200000000,156.22000000,156.91000000,156.18000000,156.42000000,27669.52300000,1748906099999999,4331410.49674000,22614,16150.96800000,2528489.51809000,0
1748906100000000,156.42000000,156.92000000,156.34000000,156.79000000,27806.49800000,1748906999999999,4356337.64850000,22858,11822.88000000,1852109.40972000,0
1748907000000000,156.79000000,157.11000000,156.46000000,157.07000000,28945.76200000,1748907899999999,4538414.06757000,18049,12515.96400000,1962766.53203000,0
1748907900000000,157.08000000,157.24000000,156.77000000,156.83000000,20937.82900000,1748908799999999,3287123.58463000,10725,7419.85400000,1164908.87825000,0
1748908800000000,156.83000000,157.41000000,156.39000000,157.40000000,34109.43600000,1748909699999999,5346521.68247000,22928,13753.09200000,2156402.59227000,0
1748909700000000,157.40000000,158.46000000,157.31000000,157.89000000,68809.24500000,1748910599999999,10870904.49092000,36031,33078.96200000,5226510.04399000,0
1748910600000000,157.90000000,158.85000000,157.82000000,158.64000000,56752.32200000,1748911499999999,8989693.67454000,36725,28718.29100000,4547131.87125000,0
1748911500000000,158.65000000,159.01000000,158.47000000,158.88000000,34672.94500000,1748912399999999,5504736.16018000,27292,16170.82400000,2567654.39205000,0
1748912400000000,158.88000000,159.88000000,158.87000000,159.36000000,52784.02900000,1748913299999999,8419394.23104000,38928,30682.25600000,4894407.85332000,0
1748913300000000,159.36000000,160.79000000,159.27000000,160.57000000,74078.25700000,1748914199999999,11866040.21230000,41220,48431.68000000,7758840.49764000,0
1748914200000000,160.56000000,161.52000000,160.56000000,161.05000000,51312.35300000,1748915099999999,8266656.71397000,41022,25451.58500000,4100413.64437000,0
1748915100000000,161.06000000,162.25000000,160.77000000,161.95000000,54263.69600000,1748915999999999,8770452.29234000,37939,31857.41900000,5149867.54840000,0
1748916000000000,161.95000000,162.38000000,161.38000000,161.70000000,67843.79500000,1748916899999999,10980416.86907000,38881,28340.14600000,4587407.65731000,0
1748916900000000,161.70000000,161.75000000,160.82000000,160.87000000,59557.70100000,1748917799999999,9600270.95767000,30302,18907.09600000,3047110.13513000,0
1748917800000000,160.88000000,161.43000000,160.65000000,160.90000000,46314.17200000,1748918699999999,7456333.65797000,28418,20401.24500000,3284931.11751000,0
1748918700000000,160.90000000,160.97000000,159.63000000,159.85000000,50050.48200000,1748919599999999,8017806.97248000,32319,18209.10900000,2916440.41889000,0
1748919600000000,159.85000000,160.19000000,158.47000000,158.76000000,42991.70900000,1748920499999999,6843598.09167000,28730,14459.74500000,2303042.59863000,0
1748920500000000,158.76000000,159.45000000,158.63000000,158.65000000,28868.63100000,1748921399999999,4592723.20207000,20223,13260.95400000,2110053.37789000,0
1748921400000000,158.65000000,158.90000000,158.35000000,158.80000000,24356.39800000,1748922299999999,3864064.76801000,17095,10059.61400000,1595831.23332000,0
1748922300000000,158.81000000,159.57000000,158.81000000,159.44000000,21327.38500000,1748923199999999,3394801.49926000,15500,10184.74400000,1621329.29631000,0
1748923200000000,159.45000000,159.59000000,158.89000000,159.05000000,23062.24100000,1748924099999999,3671570.91440000,19506,7433.68700000,1183436.08375000,0
1748924100000000,159.05000000,159.24000000,158.80000000,158.92000000,16713.52000000,1748924999999999,2657106.73758000,16931,5943.84000000,944960.21341000,0
1748925000000000,158.93000000,159.15000000,158.41000000,158.68000000,14256.88400000,1748925899999999,2262171.05876000,13511,6253.91400000,992437.66689000,0
1748925900000000,158.68000000,158.80000000,158.22000000,158.46000000,12750.44400000,1748926799999999,2019924.41564000,11311,4153.85900000,657947.15748000,0
1748926800000000,158.46000000,159.40000000,158.46000000,159.21000000,13350.91300000,1748927699999999,2124190.19427000,12441,7403.92300000,1177928.86869000,0
1748927700000000,159.22000000,159.39000000,158.76000000,158.87000000,12716.40100000,1748928599999999,2022195.99820000,11488,5916.87400000,940949.59618000,0
1748928600000000,158.88000000,159.40000000,158.68000000,159.25000000,14145.93800000,1748929499999999,2250211.53369000,11516,7317.71400000,1164266.74783000,0
1748929500000000,159.26000000,159.75000000,159.16000000,159.51000000,20026.60200000,1748930399999999,3194129.92180000,13999,12901.91100000,2057826.60415000,0
1748930400000000,159.51000000,159.71000000,159.34000000,159.37000000,26415.32100000,1748931299999999,4215340.11783000,14067,16409.83700000,2618997.39466000,0
1748931300000000,159.37000000,159.43000000,158.93000000,158.99000000,14817.09000000,1748932199999999,2358725.23839000,10306,5193.16400000,826622.03406000,0
1748932200000000,158.99000000,159.46000000,158.93000000,159.27000000,19773.16500000,1748933099999999,3148394.84511000,11060,9626.67000000,1532463.95633000,0
1748933100000000,159.27000000,159.93000000,159.24000000,159.91000000,12913.75700000,1748933999999999,2061829.08563000,9796,7745.29800000,1236494.64883000,0
1748934000000000,159.92000000,160.20000000,159.64000000,159.66000000,17685.93800000,1748934899999999,2829421.89027000,11960,10121.65700000,1619369.29156000,0
1748934900000000,159.66000000,159.88000000,159.32000000,159.47000000,13489.45200000,1748935799999999,2152886.69100000,9786,6376.43700000,1017941.64322000,0
1748935800000000,159.48000000,160.07000000,159.48000000,159.92000000,15098.14900000,1748936699999999,2413613.43392000,13011,7498.09100000,1198580.20301000,0
1748936700000000,159.93000000,160.11000000,159.68000000,159.82000000,13805.64200000,1748937599999999,2208009.38091000,10732,6290.72400000,1006319.01515000,0
1748937600000000,159.83000000,159.92000000,158.97000000,159.10000000,19223.34600000,1748938499999999,3064478.55724000,16564,6088.49100000,970794.73725000,0
1748938500000000,159.10000000,159.10000000,158.53000000,158.83000000,29942.78800000,1748939399999999,4755415.41816000,18825,10386.48700000,1649678.76360000,0
1748939400000000,158.82000000,159.03000000,158.28000000,158.69000000,47609.19100000,1748940299999999,7545035.20308000,19726,25729.82800000,4076587.29923000,0
1748940300000000,158.69000000,159.32000000,158.69000000,159.28000000,17473.16500000,1748941199999999,2779264.43018000,10904,5654.64500000,899131.64684000,0
1748941200000000,159.27000000,159.37000000,158.97000000,158.99000000,9110.35800000,1748942099999999,1450133.14861000,11146,3374.30700000,537169.08923000,0
1748942100000000,158.99000000,159.11000000,158.72000000,158.75000000,7633.38100000,1748942999999999,1212907.91959000,9854,3440.12600000,546771.37731000,0
1748943000000000,158.74000000,159.84000000,158.70000000,159.67000000,20136.40900000,1748943899999999,3211198.90406000,11308,10559.42700000,1683353.57743000,0
1748943900000000,159.67000000,160.12000000,159.59000000,159.89000000,24215.80400000,1748944799999999,3872944.31337000,14291,14537.63400000,2325019.80644000,0
1748944800000000,159.90000000,160.54000000,159.80000000,160.51000000,62966.51900000,1748945699999999,10080775.35566000,17918,46274.69900000,7407482.38964000,0
1748945700000000,160.50000000,160.81000000,160.35000000,160.75000000,13950.46300000,1748946599999999,2239652.90235000,15440,7500.30000000,1204188.35254000,0
1748946600000000,160.75000000,161.02000000,160.67000000,160.90000000,22860.11700000,1748947499999999,3677546.12325000,14182,10260.49800000,1650751.96667000,0
1748947500000000,160.91000000,161.34000000,160.58000000,161.23000000,23828.41900000,1748948399999999,3835595.00719000,14267,12254.97000000,1972418.48365000,0
1748948400000000,161.23000000,161.65000000,161.18000000,161.27000000,19827.72100000,1748949299999999,3201233.78217000,15988,12049.58700000,1945421.06657000,0
1748949300000000,161.27000000,161.39000000,160.81000000,161.02000000,21054.66200000,1748950199999999,3390451.15235000,13495,11848.58500000,1908146.85541000,0
1748950200000000,161.01000000,161.08000000,160.71000000,160.79000000,15868.40100000,1748951099999999,2552112.97344000,12544,7705.47300000,1239313.99142000,0
1748951100000000,160.78000000,160.90000000,160.44000000,160.56000000,18346.20300000,1748951999999999,2947050.31120000,14639,7407.14400000,1189959.88002000,0
1748952000000000,160.56000000,160.95000000,160.21000000,160.95000000,18854.15100000,1748952899999999,3026569.79927000,16746,8793.96700000,1412018.71724000,0
1748952900000000,160.95000000,161.20000000,160.62000000,161.10000000,14546.77100000,1748953799999999,2341452.51501000,13118,8820.80200000,1419980.61053000,0
1748953800000000,161.09000000,161.54000000,160.75000000,161.23000000,21813.36800000,1748954699999999,3513389.31756000,17477,10855.19500000,1748899.62182000,0
1748954700000000,161.23000000,161.51000000,161.01000000,161.15000000,20953.04000000,1748955599999999,3378131.27502000,11081,7217.22400000,1164027.67812000,0
1748955600000000,161.15000000,161.45000000,160.90000000,161.29000000,20419.85600000,1748956499999999,3291703.86660000,16094,11588.53500000,1868125.80721000,0
1748956500000000,161.29000000,161.64000000,161.12000000,161.36000000,30607.49000000,1748957399999999,4940989.65866000,15140,19818.02200000,3199851.54670000,0
1748957400000000,161.36000000,161.52000000,160.03000000,161.25000000,64990.30000000,1748958299999999,10442154.26669000,52239,28012.38000000,4502564.96086000,0
1748958300000000,161.26000000,161.35000000,160.24000000,160.72000000,33384.74600000,1748959199999999,5370716.18768000,29417,17826.08600000,2868306.33270000,0
1748959200000000,160.73000000,161.16000000,159.44000000,159.69000000,52606.44900000,1748960099999999,8427720.97981000,47033,23756.37800000,3807658.89835000,0
1748960100000000,159.68000000,161.23000000,159.58000000,161.07000000,60701.66000000,1748960999999999,9746321.22908000,39478,29963.54300000,4815106.51999000,0
1748961000000000,161.07000000,161.85000000,160.94000000,161.84000000,36814.14200000,1748961899999999,5937828.71267000,30416,20376.05500000,3287240.46431000,0
1748961900000000,161.85000000,163.38000000,161.39000000,163.19000000,85435.09700000,1748962799999999,13875954.15133000,45531,54094.85400000,8786081.40730000,0
1748962800000000,163.18000000,163.64000000,161.95000000,162.29000000,51927.66300000,1748963699999999,8448524.38018000,38420,27594.86400000,4491602.82493000,0
1748963700000000,162.29000000,162.94000000,162.06000000,162.72000000,26487.63000000,1748964599999999,4306478.24433000,27812,15545.30500000,2527584.57621000,0
1748964600000000,162.73000000,162.83000000,161.96000000,162.61000000,26943.24100000,1748965499999999,4371586.12564000,25580,12857.07100000,2086376.10296000,0
1748965500000000,162.62000000,162.70000000,161.81000000,162.20000000,28173.39400000,1748966399999999,4569875.97430000,23194,10901.68800000,1768128.03015000,0
1748966400000000,162.21000000,162.41000000,161.43000000,161.78000000,37089.62000000,1748967299999999,5998621.66428000,26607,20114.17800000,3252941.81316000,0
1748967300000000,161.77000000,162.07000000,160.94000000,161.11000000,29055.21300000,1748968199999999,4690668.21357000,24956,12335.16600000,1992073.83718000,0
1748968200000000,161.10000000,161.71000000,161.01000000,161.33000000,21731.80400000,1748969099999999,3508008.41783000,21662,12587.60300000,2031949.87860000,0
1748969100000000,161.34000000,161.34000000,160.64000000,160.67000000,21741.61300000,1748969999999999,3499392.47665000,20999,9761.85600000,1571245.06088000,0
1748970000000000,160.67000000,160.99000000,160.43000000,160.83000000,30256.39600000,1748970899999999,4861750.95715000,22371,10708.98500000,1721470.63208000,0
1748970900000000,160.82000000,161.94000000,160.81000000,161.80000000,30072.04100000,1748971799999999,4855407.25994000,21803,16362.30600000,2641071.36184000,0
1748971800000000,161.81000000,161.84000000,161.16000000,161.28000000,16214.15300000,1748972699999999,2617270.98498000,17580,6661.57600000,1075168.76710000,0
1748972700000000,161.29000000,161.33000000,160.86000000,161.16000000,8918.99700000,1748973599999999,1436913.94142000,13455,4790.22500000,771781.55892000,0
1748973600000000,161.16000000,161.22000000,159.98000000,160.33000000,29610.28500000,1748974499999999,4749775.92820000,23900,9114.44600000,1461887.70536000,0
1748974500000000,160.32000000,160.63000000,160.14000000,160.51000000,12749.65900000,1748975399999999,2045681.94327000,12026,7003.16900000,1123743.31187000,0
1748975400000000,160.51000000,160.65000000,160.23000000,160.46000000,16769.76500000,1748976299999999,2690343.39073000,15485,7298.59300000,1170899.37901000,0
1748976300000000,160.46000000,160.48000000,160.05000000,160.39000000,9458.70300000,1748977199999999,1515848.80820000,10751,5220.80300000,836593.39231000,0
1748977200000000,160.38000000,160.83000000,160.20000000,160.70000000,19175.39800000,1748978099999999,3078442.64948000,12644,12192.96000000,1957645.05642000,0
1748978100000000,160.70000000,161.20000000,160.69000000,161.13000000,16726.78900000,1748978999999999,2693848.07564000,10838,11570.26400000,1863394.04749000,0
1748979000000000,161.13000000,161.13000000,160.64000000,160.70000000,13747.84000000,1748979899999999,2210565.59474000,13984,9431.78100000,1516577.79249000,0
1748979900000000,160.70000000,160.78000000,160.26000000,160.56000000,14907.17400000,1748980799999999,2393059.68345000,16149,8350.44400000,1340475.83476000,0
1748980800000000,160.56000000,160.59000000,159.57000000,159.64000000,18697.60800000,1748981699999999,2992169.82484000,16692,6366.17700000,1018892.44180000,0
1748981700000000,159.64000000,159.70000000,157.20000000,157.25000000,71528.68700000,1748982599999999,11324271.74708000,42483,23086.47000000,3652646.35510000,0
1748982600000000,157.25000000,158.40000000,156.64000000,158.04000000,56295.03800000,1748983499999999,8863215.75805000,41032,31835.20100000,5013193.88591000,0
1748983500000000,158.04000000,158.57000000,157.48000000,157.69000000,29980.31600000,1748984399999999,4734116.18989000,25584,15351.05000000,2424321.00255000,0
1748984400000000,157.69000000,157.90000000,156.83000000,156.88000000,28811.80100000,1748985299999999,4534585.39918000,25182,12580.14200000,1979970.71036000,0
1748985300000000,156.87000000,157.02000000,155.68000000,156.60000000,54609.36500000,1748986199999999,8534926.76588000,30355,25387.60700000,3966032.56847000,0
1748986200000000,156.60000000,156.60000000,155.40000000,155.68000000,30076.96500000,1748987099999999,4686927.94599000,29577,15457.49300000,2409499.62908000,0
1748987100000000,155.68000000,155.96000000,154.14000000,154.82000000,55712.56900000,1748987999999999,8640993.14987000,36634,24032.72700000,3730401.25212000,0
1748988000000000,154.83000000,155.41000000,154.43000000,155.28000000,26610.51000000,1748988899999999,4122477.71510000,34583,15934.14100000,2468818.66201000,0
1748988900000000,155.27000000,155.82000000,155.00000000,155.73000000,27640.38400000,1748989799999999,4298609.71945000,19998,14290.72700000,2222565.50067000,0
1748989800000000,155.72000000,156.10000000,155.55000000,156.08000000,12373.67800000,1748990699999999,1928652.72192000,15816,6043.46500000,942042.72976000,0
1748990700000000,156.09000000,156.38000000,155.73000000,155.84000000,25682.39300000,1748991599999999,4010237.92711000,15299,14711.37200000,2297234.84402000,0
1748991600000000,155.85000000,156.27000000,155.61000000,156.17000000,38921.26100000,1748992499999999,6063824.00826000,18343,11570.39700000,1803378.37218000,0
1748992500000000,156.16000000,156.16000000,155.30000000,155.67000000,17653.99700000,1748993399999999,2747380.82328000,17328,8016.61800000,1247536.84126000,0
1748993400000000,155.66000000,155.87000000,154.98000000,155.37000000,17906.20000000,1748994299999999,2782336.44486000,16984,9693.04700000,1506524.56419000,0
1748994300000000,155.37000000,155.47000000,155.02000000,155.19000000,11038.96500000,1748995199999999,1714282.40804000,11759,5381.22600000,835564.38667000,0
1748995200000000,155.19000000,155.72000000,154.90000000,154.96000000,22346.19100000,1748996099999999,3470319.05396000,21148,12764.18200000,1982271.25686000,0
1748996100000000,154.97000000,155.61000000,154.93000000,155.01000000,27385.59200000,1748996999999999,4252373.22634000,21197,14268.29400000,2215753.33330000,0
1748997000000000,155.02000000,155.03000000,154.28000000,154.57000000,31519.90400000,1748997899999999,4874168.58164000,28198,15303.72200000,2365980.43916000,0
1748997900000000,154.58000000,155.48000000,154.18000000,155.48000000,18015.70000000,1748998799999999,2790857.78621000,20380,10316.80500000,1598056.83714000,0
1748998800000000,155.47000000,156.31000000,155.23000000,156.30000000,33962.24300000,1748999699999999,5295331.95000000,24378,18942.86100000,2953913.40369000,0
1748999700000000,156.29000000,156.95000000,155.94000000,156.72000000,29177.54800000,1749000599999999,4562991.05207000,21295,12907.79300000,2018285.09029000,0
1749000600000000,156.73000000,156.97000000,156.42000000,156.96000000,24580.92900000,1749001499999999,3851389.53470000,18240,7802.29500000,1222683.00094000,0
1749001500000000,156.96000000,157.32000000,156.55000000,156.79000000,37923.94700000,1749002399999999,5949915.95980000,20346,14123.36600000,2215916.57786000,0
1749002400000000,156.80000000,157.63000000,156.68000000,157.30000000,23210.77300000,1749003299999999,3650455.96983000,18466,9736.99600000,1531231.72078000,0
1749003300000000,157.30000000,157.52000000,156.57000000,156.76000000,24018.49800000,1749004199999999,3771638.81669000,15794,8038.34600000,1262168.43713000,0
1749004200000000,156.76000000,156.88000000,156.18000000,156.41000000,29207.84600000,1749005099999999,4571256.09220000,16953,9498.20100000,1486343.70008000,0
1749005100000000,156.41000000,156.48000000,155.95000000,156.05000000,23785.46200000,1749005999999999,3714291.84417000,13460,6887.07800000,1075700.85696000,0
1749006000000000,156.04000000,157.15000000,155.96000000,156.92000000,25712.04000000,1749006899999999,4027044.51857000,20179,13665.99600000,2139911.57155000,0
1749006900000000,156.92000000,157.47000000,156.78000000,156.78000000,21883.02200000,1749007799999999,3438950.15187000,21686,11616.62200000,1825466.58651000,0
1749007800000000,156.79000000,157.29000000,156.76000000,156.89000000,26889.00000000,1749008699999999,4222526.41586000,16350,15756.33800000,2474380.59214000,0
1749008700000000,156.90000000,157.12000000,156.45000000,156.56000000,19116.99300000,1749009599999999,2996433.75473000,14736,9236.84100000,1447918.60738000,0
1749009600000000,156.57000000,156.90000000,156.52000000,156.88000000,20016.46300000,1749010499999999,3136481.61002000,20734,11176.07200000,1751230.07205000,0
1749010500000000,156.88000000,156.92000000,156.26000000,156.71000000,10278.09200000,1749011399999999,1609256.48412000,15761,5367.33400000,840134.54182000,0
1749011400000000,156.70000000,156.70000000,156.17000000,156.38000000,10736.76500000,1749012299999999,1678393.42393000,12763,5304.62500000,829289.06740000,0
1749012300000000,156.39000000,156.66000000,156.27000000,156.45000000,7105.40900000,1749013199999999,1111735.60406000,9984,4416.07000000,690975.13412000,0
1749013200000000,156.45000000,156.83000000,156.26000000,156.52000000,16434.40400000,1749014099999999,2573094.56125000,17000,8005.08100000,1253285.68317000,0
1749014100000000,156.51000000,156.80000000,156.00000000,156.02000000,9998.13700000,1749014999999999,1563446.79697000,15510,3933.17400000,615315.23471000,0
1749015000000000,156.01000000,156.45000000,155.72000000,156.42000000,8087.68500000,1749015899999999,1262211.18669000,12799,4093.99800000,639081.51328000,0
1749015900000000,156.42000000,156.83000000,156.36000000,156.46000000,13820.04600000,1749016799999999,2164416.62049000,9941,7148.14200000,1119573.90668000,0
1749016800000000,156.47000000,156.93000000,156.27000000,156.50000000,8571.91800000,1749017699999999,1342780.09059000,10671,4142.18500000,648842.41535000,0
1749017700000000,156.50000000,156.51000000,156.01000000,156.38000000,13762.27400000,1749018599999999,2150154.71013000,11579,7586.49700000,1185174.03637000,0
1749018600000000,156.37000000,157.02000000,156.18000000,156.82000000,9679.51700000,1749019499999999,1515620.43720000,11123,5711.09400000,894694.79910000,0
1749019500000000,156.82000000,156.98000000,156.37000000,156.45000000,8061.38000000,1749020399999999,1262666.68085000,12306,3489.59900000,546644.63708000,0
1749020400000000,156.46000000,156.87000000,156.44000000,156.44000000,11620.46900000,1749021299999999,1820222.83112000,13883,5691.52800000,891605.32932000,0
1749021300000000,156.44000000,156.60000000,156.06000000,156.21000000,10548.33100000,1749022199999999,1648968.49694000,10427,4281.79900000,669412.57060000,0
1749022200000000,156.22000000,156.37000000,156.04000000,156.14000000,10660.15100000,1749023099999999,1664960.68011000,11838,5677.15100000,886653.65215000,0
1749023100000000,156.14000000,156.72000000,156.05000000,156.42000000,8802.72400000,1749023999999999,1376411.03032000,9291,5188.53800000,811419.27378000,0
1749024000000000,156.42000000,156.86000000,156.41000000,156.68000000,9626.18000000,1749024899999999,1507871.97365000,10034,6033.34300000,945113.41030000,0
1749024900000000,156.68000000,157.20000000,156.61000000,156.87000000,20295.90700000,1749025799999999,3185758.91571000,12735,10409.96600000,1633947.73255000,0
1749025800000000,156.86000000,157.06000000,156.74000000,156.80000000,10060.88200000,1749026699999999,1578648.15255000,10527,4255.82600000,667762.34096000,0
1749026700000000,156.81000000,156.92000000,156.67000000,156.69000000,8640.07900000,1749027599999999,1354334.88437000,8846,3307.73200000,518568.89040000,0
1749027600000000,156.68000000,156.98000000,156.60000000,156.66000000,8726.91700000,1749028499999999,1367855.81543000,10922,5031.74900000,788688.62399000,0
1749028500000000,156.66000000,156.76000000,156.25000000,156.61000000,9929.60700000,1749029399999999,1553849.26683000,10725,5302.00600000,829579.64785000,0
1749029400000000,156.61000000,156.98000000,156.37000000,156.98000000,8608.45500000,1749030299999999,1347916.12578000,10967,5927.26600000,927958.24698000,0
1749030300000000,156.99000000,157.80000000,156.98000000,157.54000000,20055.32100000,1749031199999999,3157343.88860000,15458,12546.36900000,1974796.44067000,0
1749031200000000,157.54000000,157.92000000,157.14000000,157.77000000,19839.90000000,1749032099999999,3126874.43694000,17090,12311.96500000,1940892.71319000,0
1749032100000000,157.77000000,157.82000000,157.02000000,157.09000000,32664.70500000,1749032999999999,5138988.85504000,15699,17138.93300000,2696671.51730000,0
1749033000000000,157.10000000,157.18000000,156.66000000,156.93000000,11880.17300000,1749033899999999,1863325.01264000,12373,4573.97100000,717322.67284000,0
1749033900000000,156.94000000,156.97000000,156.46000000,156.64000000,13731.35600000,1749034799999999,2151385.23334000,12227,4810.66500000,753630.83110000,0
1749034800000000,156.63000000,156.86000000,156.35000000,156.74000000,11225.04400000,1749035699999999,1757706.39606000,12998,5601.55300000,877142.98069000,0
1749035700000000,156.74000000,156.82000000,155.76000000,155.92000000,21162.68200000,1749036599999999,3304138.15303000,18563,6795.39400000,1060945.16687000,0
1749036600000000,155.92000000,156.16000000,155.72000000,155.97000000,22783.66300000,1749037499999999,3553538.15424000,14939,11122.02500000,1734778.75311000,0
1749037500000000,155.97000000,156.38000000,155.83000000,155.92000000,16151.94300000,1749038399999999,2521332.70536000,14963,8170.12500000,1275243.64805000,0
1749038400000000,155.92000000,156.37000000,155.87000000,156.27000000,11012.49600000,1749039299999999,1719407.24504000,12568,6717.02700000,1048747.17280000,0
1749039300000000,156.26000000,156.26000000,155.27000000,155.63000000,30035.10600000,1749040199999999,4674919.78427000,21616,8693.55200000,1352979.51185000,0
1749040200000000,155.63000000,155.90000000,155.14000000,155.72000000,16394.11600000,1749041099999999,2551382.76408000,14226,7409.28600000,1153295.66189000,0
1749041100000000,155.72000000,155.92000000,155.46000000,155.67000000,22082.57900000,1749041999999999,3439546.21447000,13114,12047.49200000,1876474.24309000,0
1749042000000000,155.66000000,155.75000000,155.30000000,155.56000000,13356.66200000,1749042899999999,2077272.10500000,18647,5499.93000000,855405.27694000,0
1749042900000000,155.55000000,156.13000000,155.40000000,155.72000000,17025.44500000,1749043799999999,2652783.13335000,15384,9147.63200000,1425767.95284000,0
1749043800000000,155.73000000,156.87000000,155.72000000,156.41000000,24742.29400000,1749044699999999,3870698.61802000,21748,15015.52300000,2349503.29368000,0
1749044700000000,156.40000000,156.77000000,155.73000000,155.74000000,16153.35300000,1749045599999999,2521500.10188000,17620,7773.80200000,1213641.22444000,0
1749045600000000,155.74000000,155.74000000,154.58000000,155.10000000,53165.40300000,1749046499999999,8245757.26240000,45192,18723.35300000,2903157.40764000,0
1749046500000000,155.10000000,155.64000000,154.94000000,155.56000000,22669.66300000,1749047399999999,3521149.84437000,23183,13039.81100000,2024999.41495000,0
1749047400000000,155.57000000,155.92000000,155.48000000,155.84000000,14076.02000000,1749048299999999,2191496.00403000,13578,5871.08600000,914123.96539000,0
1749048300000000,155.84000000,156.90000000,155.66000000,156.83000000,39012.69100000,1749049199999999,6108293.70883000,18451,19985.28300000,3127494.84312000,0
1749049200000000,156.83000000,157.34000000,156.55000000,157.01000000,21422.77800000,1749050099999999,3362845.74561000,24466,11364.75200000,1784200.39915000,0
1749050100000000,157.00000000,157.54000000,156.93000000,157.42000000,31533.41500000,1749050999999999,4958531.35117000,31197,18023.16900000,2834272.40952000,0
1749051000000000,157.41000000,157.97000000,157.16000000,157.53000000,38692.12000000,1749051899999999,6097349.66984000,35162,18375.72000000,2895667.15978000,0
1749051900000000,157.53000000,157.77000000,156.97000000,157.13000000,30368.60300000,1749052799999999,4779399.52321000,30218,15051.30500000,2368807.01604000,0
1749052800000000,157.13000000,157.50000000,156.96000000,157.05000000,21866.95300000,1749053699999999,3436453.80558000,24474,11254.40500000,1768698.26945000,0
1749053700000000,157.05000000,157.09000000,156.43000000,156.50000000,22411.45300000,1749054599999999,3511314.52377000,19233,10373.23500000,1624955.85503000,0
1749054600000000,156.50000000,157.45000000,156.39000000,157.40000000,15269.48400000,1749055499999999,2397287.79770000,17128,9243.21000000,1451396.30995000,0
1749055500000000,157.41000000,157.57000000,157.13000000,157.37000000,14204.32600000,1749056399999999,2235472.00759000,14388,6677.48900000,1051021.36998000,0
1749056400000000,157.36000000,157.43000000,156.82000000,156.98000000,18582.64400000,1749057299999999,2919143.40602000,17624,7803.29600000,1225790.42964000,0
1749057300000000,156.97000000,156.99000000,156.10000000,156.10000000,14097.49900000,1749058199999999,2207271.21220000,14859,4374.33400000,685255.79181000,0
1749058200000000,156.10000000,156.10000000,155.58000000,155.68000000,24287.50700000,1749059099999999,3783735.38607000,19286,8102.83800000,1262491.43628000,0
1749059100000000,155.68000000,156.12000000,155.63000000,156.07000000,14372.90000000,1749059999999999,2240935.72650000,14741,6842.07600000,1066816.02942000,0
1749060000000000,156.07000000,156.52000000,155.90000000,156.17000000,14670.82800000,1749060899999999,2292633.74107000,14432,6783.67100000,1060129.92042000,0
1749060900000000,156.18000000,156.47000000,156.14000000,156.35000000,6573.10500000,1749061799999999,1027382.22495000,11076,3461.96300000,541107.08079000,0
1749061800000000,156.35000000,156.51000000,155.94000000,156.06000000,8415.94600000,1749062699999999,1314453.01244000,8138,3188.79500000,498250.39733000,0
1749062700000000,156.07000000,156.13000000,155.53000000,155.63000000,11182.01900000,1749063599999999,1742530.62242000,10721,3898.28500000,607822.03372000,0
1749063600000000,155.62000000,155.91000000,155.34000000,155.42000000,14239.42500000,1749064499999999,2215544.14908000,9592,6884.78200000,1071377.86622000,0
1749064500000000,155.42000000,155.92000000,155.28000000,155.56000000,12885.19400000,1749065399999999,2005329.53865000,12938,6746.48200000,1049794.33255000,0
1749065400000000,155.56000000,155.83000000,155.37000000,155.81000000,12583.78400000,1749066299999999,1958300.06964000,14964,6300.89000000,980711.86429000,0
1749066300000000,155.81000000,156.00000000,155.36000000,155.37000000,14327.39600000,1749067199999999,2230496.15328000,12975,6510.63900000,1013625.55608000,0
1749067200000000,155.36000000,155.50000000,154.65000000,154.70000000,30338.93000000,1749068099999999,4703880.95934000,19261,8726.03500000,1352850.07577000,0
1749068100000000,154.69000000,154.74000000,154.00000000,154.63000000,43186.75900000,1749068999999999,6665048.04352000,24336,16622.82300000,2566502.10299000,0
1749069000000000,154.62000000,154.70000000,154.18000000,154.62000000,16313.88700000,1749069899999999,2520536.63645000,12975,7107.27600000,1098157.06703000,0
1749069900000000,154.62000000,154.64000000,154.06000000,154.53000000,41689.13300000,1749070799999999,6435800.14066000,25371,27884.09200000,4304913.27283000,0
1749070800000000,154.54000000,154.71000000,153.91000000,154.56000000,67755.80400000,1749071699999999,10446063.35476000,23329,26401.49400000,4073519.40417000,0
1749071700000000,154.55000000,154.87000000,153.98000000,154.71000000,32670.86800000,1749072599999999,5044504.22838000,19161,18653.63800000,2879976.89477000,0
1749072600000000,154.71000000,155.55000000,154.44000000,155.15000000,71571.31200000,1749073499999999,11090432.25083000,29890,35992.15800000,5577426.85974000,0
1749073500000000,155.14000000,155.59000000,154.94000000,155.07000000,35278.72500000,1749074399999999,5478579.37444000,15192,24131.23700000,3747645.51837000,0
1749074400000000,155.07000000,155.21000000,154.21000000,154.51000000,29745.95400000,1749075299999999,4602250.43024000,23924,19170.92800000,2965836.30008000,0
1749075300000000,154.50000000,154.76000000,153.53000000,153.62000000,32376.61500000,1749076199999999,4988695.75914000,17310,15242.74400000,2350323.34305000,0
1749076200000000,153.62000000,154.06000000,153.37000000,154.01000000,19559.00200000,1749077099999999,3004373.58455000,17672,11775.06400000,1808843.57362000,0
1749077100000000,154.02000000,154.02000000,153.31000000,153.53000000,23036.94700000,1749077999999999,3535972.70283000,10662,15910.43100000,2441974.90904000,0
1749078000000000,153.53000000,153.75000000,153.18000000,153.26000000,19261.12400000,1749078899999999,2955550.56699000,12895,9069.21300000,1392005.24536000,0
1749078900000000,153.26000000,153.51000000,152.94000000,153.21000000,21890.21100000,1749079799999999,3353645.25657000,18218,10835.04100000,1660405.00624000,0
1749079800000000,153.21000000,153.56000000,153.07000000,153.53000000,10726.39100000,1749080699999999,1644803.32257000,12076,6009.51300000,921688.50993000,0
1749080700000000,153.53000000,153.58000000,153.08000000,153.26000000,11229.28800000,1749081599999999,1722056.09271000,10790,6965.81000000,1068551.23942000,0
1749081600000000,153.27000000,153.68000000,153.11000000,153.27000000,14669.08400000,1749082499999999,2250532.65471000,18524,8936.92500000,1371026.36961000,0
1749082500000000,153.27000000,153.80000000,153.00000000,153.66000000,17595.00300000,1749083399999999,2697505.59703000,22264,7822.07500000,1199371.28141000,0
1749083400000000,153.66000000,154.10000000,153.50000000,153.70000000,17053.61200000,1749084299999999,2623268.80898000,18146,9626.90900000,1480974.00614000,0
1749084300000000,153.70000000,153.98000000,153.27000000,153.81000000,19608.09700000,1749085199999999,3011742.51588000,15584,10695.32300000,1643255.63479000,0
1749085200000000,153.80000000,154.16000000,153.71000000,153.96000000,10761.25300000,1749086099999999,1656920.54431000,12755,6484.86400000,998470.61628000,0
1749086100000000,153.96000000,154.11000000,153.46000000,153.65000000,18128.50900000,1749086999999999,2788717.68409000,11833,4863.88400000,748102.58116000,0
1749087000000000,153.64000000,153.68000000,153.27000000,153.54000000,7046.01600000,1749087899999999,1081183.55244000,8940,2786.47300000,427532.04814000,0
1749087900000000,153.54000000,153.54000000,153.07000000,153.37000000,12953.73500000,1749088799999999,1985785.44546000,9489,6599.69800000,1011777.37290000,0
1749088800000000,153.36000000,154.25000000,153.35000000,154.11000000,12835.08700000,1749089699999999,1973761.92055000,12907,7554.32100000,1161864.86419000,0
1749089700000000,154.10000000,154.14000000,153.59000000,153.64000000,12167.60000000,1749090599999999,1871712.22578000,11952,6832.87000000,1051203.32189000,0
1749090600000000,153.64000000,154.61000000,153.64000000,154.23000000,30986.95200000,1749091499999999,4782019.91866000,20671,15440.89700000,2382496.26068000,0
1749091500000000,154.24000000,154.24000000,153.46000000,153.50000000,86332.83000000,1749092399999999,13291598.72515000,15341,57673.88300000,8880517.41854000,0
1749092400000000,153.51000000,153.55000000,153.05000000,153.46000000,13745.34900000,1749093299999999,2107487.22382000,11839,5556.27000000,851912.11820000,0
1749093300000000,153.45000000,153.72000000,153.35000000,153.64000000,10826.99100000,1749094199999999,1662663.49883000,8839,3422.25700000,525515.79191000,0
1749094200000000,153.64000000,153.97000000,153.48000000,153.86000000,17047.18600000,1749095099999999,2621894.01728000,12750,7675.38400000,1180566.60282000,0
1749095100000000,153.87000000,154.00000000,153.81000000,153.83000000,18908.42800000,1749095999999999,2911032.12453000,9136,11758.07400000,1810484.75706000,0
1749096000000000,153.84000000,153.87000000,153.15000000,153.62000000,48415.16900000,1749096899999999,7432414.12413000,21261,11175.97800000,1715376.65001000,0
1749096900000000,153.62000000,153.93000000,153.62000000,153.75000000,10261.34400000,1749097799999999,1577989.20610000,9594,4888.53400000,751704.68497000,0
1749097800000000,153.74000000,154.00000000,153.63000000,153.97000000,18557.87700000,1749098699999999,2856825.61706000,12661,12234.94700000,1883650.20651000,0
1749098700000000,153.97000000,154.00000000,153.81000000,153.98000000,16960.19600000,1749099599999999,2610710.13673000,9169,8740.19000000,1345598.90951000,0
1749099600000000,153.98000000,154.15000000,153.33000000,153.34000000,100724.23400000,1749100499999999,15510276.23060000,20739,44028.99200000,6779101.11743000,0
1749100500000000,153.33000000,153.38000000,152.39000000,152.52000000,201092.95500000,1749101399999999,30744630.59462000,34393,111203.82200000,16992297.77633000,0
1749101400000000,152.52000000,152.62000000,151.90000000,152.40000000,46905.93300000,1749102299999999,7140955.56346000,21752,21087.58200000,3211952.10416000,0
1749102300000000,152.40000000,152.62000000,152.15000000,152.45000000,186204.36200000,1749103199999999,28368999.15766000,26980,95950.70600000,14615629.99589000,0
1749103200000000,152.44000000,152.74000000,152.32000000,152.49000000,15961.64200000,1749104099999999,2434587.44556000,14127,8655.79400000,1320127.02719000,0
1749104100000000,152.49000000,152.94000000,152.30000000,152.92000000,18234.41300000,1749104999999999,2783145.65430000,10306,8591.70900000,1311628.00231000,0
1749105000000000,152.91000000,152.91000000,152.12000000,152.16000000,21902.11600000,1749105899999999,3340201.76458000,13356,7044.04400000,1074086.68801000,0
1749105900000000,152.16000000,152.29000000,152.05000000,152.15000000,13450.72500000,1749106799999999,2046716.85230000,11167,5533.08600000,842012.79890000,0
1749106800000000,152.15000000,152.53000000,152.04000000,152.42000000,12797.26700000,1749107699999999,1948590.71461000,12378,6191.63100000,942943.86429000,0
1749107700000000,152.42000000,152.96000000,152.42000000,152.95000000,15655.69500000,1749108599999999,2391756.28329000,11571,8236.82800000,1258157.83499000,0
1749108600000000,152.95000000,153.00000000,152.40000000,152.53000000,19514.25900000,1749109499999999,2978579.09709000,10339,9878.31800000,1508022.04330000,0
1749109500000000,152.54000000,152.60000000,152.24000000,152.44000000,14947.96200000,1749110399999999,2278490.25227000,9162,7538.43100000,1149131.71326000,0
1749110400000000,152.44000000,152.95000000,152.44000000,152.67000000,15023.89300000,1749111299999999,2295114.87001000,12560,9476.37400000,1447832.43880000,0
1749111300000000,152.67000000,152.80000000,152.19000000,152.48000000,17126.20600000,1749112199999999,2611992.09145000,20407,6512.15600000,993415.89581000,0
1749112200000000,152.47000000,152.60000000,151.75000000,151.88000000,52578.50600000,1749113099999999,7999595.13375000,18439,14750.23300000,2243802.54968000,0
1749113100000000,151.88000000,152.26000000,151.81000000,152.04000000,21093.46100000,1749113999999999,3206408.14763000,15695,9981.62200000,1517423.08750000,0
1749114000000000,152.04000000,152.55000000,152.03000000,152.41000000,15623.91500000,1749114899999999,2379746.99349000,13954,9588.81900000,1460407.78508000,0
1749114900000000,152.41000000,152.61000000,152.22000000,152.53000000,16249.69800000,1749115799999999,2477003.85707000,12866,5656.54200000,862236.03270000,0
1749115800000000,152.54000000,152.88000000,152.27000000,152.76000000,16489.91500000,1749116699999999,2515808.25012000,11521,8291.55800000,1264929.96975000,0
1749116700000000,152.76000000,153.04000000,152.72000000,153.01000000,11000.87700000,1749117599999999,1681936.40967000,8667,4949.03400000,756594.05947000,0
1749117600000000,153.00000000,153.04000000,152.85000000,152.96000000,14607.29600000,1749118499999999,2234416.57033000,9750,5914.48800000,904685.78045000,0
1749118500000000,152.96000000,153.01000000,152.30000000,152.34000000,18032.90600000,1749119399999999,2753157.97984000,11690,4949.45800000,755801.79003000,0
1749119400000000,152.34000000,152.72000000,151.80000000,151.89000000,28742.02100000,1749120299999999,4375985.84034000,21001,9668.13400000,1472093.11735000,0
1749120300000000,151.89000000,152.12000000,151.46000000,151.93000000,27989.29700000,1749121199999999,4248481.63346000,18099,9493.45600000,1441163.27766000,0
1749121200000000,151.92000000,152.11000000,151.28000000,151.59000000,22616.34100000,1749122099999999,3429537.83282000,19160,9405.86200000,1426429.32418000,0
1749122100000000,151.59000000,151.93000000,151.35000000,151.80000000,16969.24000000,1749122999999999,2573081.22974000,14075,7271.82700000,1102844.77753000,0
1749123000000000,151.79000000,152.15000000,151.77000000,151.86000000,14987.92800000,1749123899999999,2277892.96241000,10814,7412.20500000,1126761.74806000,0
1749123900000000,151.86000000,152.40000000,151.86000000,152.37000000,13827.54200000,1749124799999999,2104291.47077000,9858,7084.70500000,1078299.01135000,0
1749124800000000,152.38000000,152.94000000,152.16000000,152.92000000,25493.20100000,1749125699999999,3888352.42125000,16596,12393.54100000,1890405.26636000,0
1749125700000000,152.93000000,153.67000000,152.90000000,153.62000000,34479.67600000,1749126599999999,5285912.79240000,22084,20190.99600000,3095848.05401000,0
1749126600000000,153.62000000,153.86000000,153.11000000,153.78000000,32323.71900000,1749127499999999,4964026.81754000,20573,17461.97500000,2681748.56898000,0
1749127500000000,153.77000000,154.35000000,153.53000000,153.93000000,47477.54800000,1749128399999999,7312460.62717000,31204,24533.12900000,3779196.84689000,0
1749128400000000,153.94000000,154.41000000,153.88000000,154.09000000,29713.35400000,1749129299999999,4580728.11178000,20149,20333.31400000,3135086.15804000,0
1749129300000000,154.09000000,154.25000000,153.71000000,154.11000000,26962.68700000,1749130199999999,4152538.69146000,20248,13260.28400000,2042552.21325000,0
1749130200000000,154.12000000,154.23000000,152.71000000,152.72000000,40603.18400000,1749131099999999,6228006.53864000,37607,19577.93100000,3003055.81095000,0
1749131100000000,152.72000000,152.72000000,149.82000000,150.37000000,161565.44000000,1749131999999999,24355046.67942000,87023,52079.10100000,7849536.89201000,0
1749132000000000,150.36000000,150.81000000,149.90000000,150.61000000,66111.70700000,1749132899999999,9945687.52078000,54111,29598.52900000,4453527.25828000,0
1749132900000000,150.61000000,150.70000000,148.54000000,150.19000000,155628.07000000,1749133799999999,23265052.19334000,74888,60772.13800000,9086305.67486000,0
1749133800000000,150.19000000,151.07000000,149.35000000,150.90000000,64914.35300000,1749134699999999,9740335.07536000,42524,33620.72800000,5045028.52202000,0
1749134700000000,150.89000000,151.62000000,150.57000000,151.24000000,57042.69700000,1749135599999999,8615167.24168000,42094,32470.94700000,4904857.29927000,0
1749135600000000,151.24000000,151.34000000,150.60000000,150.69000000,22738.43300000,1749136499999999,3434020.73936000,22235,10106.31200000,1526517.53750000,0
1749136500000000,150.68000000,151.69000000,150.47000000,151.58000000,33272.20600000,1749137399999999,5029081.93963000,26209,20030.57600000,3028314.66990000,0
1749137400000000,151.57000000,151.63000000,151.11000000,151.51000000,15015.86300000,1749138299999999,2272340.65705000,13562,5877.01700000,889600.06958000,0
1749138300000000,151.51000000,151.51000000,150.84000000,150.90000000,19735.60000000,1749139199999999,2984207.11355000,15063,9011.03100000,1362919.49990000,0
1749139200000000,150.90000000,151.11000000,150.26000000,150.27000000,40422.41300000,1749140099999999,6089465.41001000,20915,14448.34200000,2176674.07143000,0
1749140100000000,150.27000000,150.28000000,148.96000000,149.11000000,107846.65300000,1749140999999999,16126298.58329000,71484,45138.16300000,6749579.19519000,0
1749141000000000,149.11000000,149.58000000,148.74000000,149.01000000,40110.42600000,1749141899999999,5982757.97767000,45892,20488.84800000,3056348.12497000,0
1749141900000000,149.01000000,149.23000000,148.29000000,148.65000000,71062.35900000,1749142799999999,10563142.33081000,50229,34496.90500000,5127240.56063000,0
1749142800000000,148.65000000,149.54000000,148.54000000,149.34000000,31571.43700000,1749143699999999,4707332.38872000,36137,16142.53700000,2406918.80595000,0
1749143700000000,149.35000000,149.81000000,149.21000000,149.65000000,25099.48300000,1749144599999999,3753172.94471000,21707,10439.81400000,1561330.35508000,0
1749144600000000,149.64000000,149.81000000,149.24000000,149.31000000,15582.28400000,1749145499999999,2330179.55483000,19272,8738.27700000,1306998.19646000,0
1749145500000000,149.32000000,149.56000000,148.79000000,149.46000000,18108.06800000,1749146399999999,2701230.61746000,18910,10295.06500000,1535876.69853000,0
1749146400000000,149.45000000,149.73000000,148.37000000,148.56000000,36957.60200000,1749147299999999,5507893.00008000,37295,15900.13100000,2370285.97116000,0
1749147300000000,148.55000000,149.79000000,148.35000000,149.71000000,30541.14400000,1749148199999999,4554321.04357000,30769,16829.54800000,2510404.77201000,0
1749148200000000,149.72000000,150.05000000,149.45000000,149.64000000,26271.89400000,1749149099999999,3935513.65627000,22471,14438.75100000,2163081.17534000,0
1749149100000000,149.65000000,149.80000000,149.23000000,149.46000000,14347.76200000,1749149999999999,2145576.56314000,13476,6033.51000000,902355.99891000,0
1749150000000000,149.45000000,149.63000000,148.43000000,148.45000000,19033.06600000,1749150899999999,2837608.89098000,24832,6646.12400000,991270.28231000,0
1749150900000000,148.45000000,148.63000000,144.15000000,146.32000000,397482.28600000,1749151799999999,57943979.00324000,150432,150392.53900000,21905656.79970000,0
1749151800000000,146.32000000,147.25000000,146.09000000,146.69000000,61123.24600000,1749152699999999,8971230.77295000,52139,33749.81000000,4954035.61236000,0
1749152700000000,146.69000000,146.82000000,145.77000000,146.20000000,49688.48500000,1749153599999999,7267273.38110000,40845,23946.58800000,3501454.86018000,0
1749153600000000,146.20000000,146.60000000,145.00000000,145.56000000,77522.19900000,1749154499999999,11305287.90963000,56232,39996.95500000,5833566.20020000,0
1749154500000000,145.55000000,145.55000000,142.99000000,144.70000000,157944.38600000,1749155399999999,22753853.64750000,91350,66571.61900000,9589449.44615000,0
1749155400000000,144.70000000,144.73000000,141.95000000,142.28000000,224436.05800000,1749156299999999,32084268.07220000,111831,93097.72000000,13313798.44985000,0
1749156300000000,142.28000000,143.49000000,141.53000000,141.82000000,122429.89700000,1749157199999999,17445797.36620000,98102,48622.46300000,6929284.07994000,0
1749157200000000,141.82000000,143.31000000,141.59000000,142.22000000,94605.13400000,1749158099999999,13482433.58748000,73764,55918.55200000,7968140.91366000,0
1749158100000000,142.22000000,143.52000000,142.15000000,143.32000000,53597.56700000,1749158999999999,7662415.48736000,41459,32153.92300000,4596892.68530000,0
1749159000000000,143.31000000,144.68000000,143.03000000,144.31000000,54402.14300000,1749159899999999,7841206.87418000,33658,29461.96800000,4245553.47044000,0
1749159900000000,144.31000000,144.45000000,143.43000000,144.29000000,32397.97400000,1749160799999999,4665515.38717000,19694,21415.05800000,3084511.36052000,0
1749160800000000,144.29000000,144.29000000,143.11000000,143.28000000,41059.76400000,1749161699999999,5897530.69701000,34553,16956.05400000,2435448.62687000,0
1749161700000000,143.27000000,144.09000000,143.13000000,143.87000000,20774.90100000,1749162599999999,2985140.59232000,22841,12280.10600000,1764459.21595000,0
1749162600000000,143.86000000,144.66000000,143.82000000,144.41000000,33610.38000000,1749163499999999,4854835.79435000,20861,15692.40000000,2266403.36720000,0
1749163500000000,144.42000000,144.92000000,144.32000000,144.47000000,33333.87900000,1749164399999999,4821792.31929000,20113,13482.47400000,1950469.17020000,0
1749164400000000,144.47000000,144.94000000,144.24000000,144.77000000,18808.70300000,1749165299999999,2720265.90823000,19335,9841.03400000,1423522.91650000,0
1749165300000000,144.77000000,145.06000000,144.59000000,144.95000000,27139.44700000,1749166199999999,3930660.96100000,20906,16280.48800000,2357694.64775000,0
1749166200000000,144.94000000,144.98000000,144.22000000,144.46000000,21285.26100000,1749167099999999,3076303.81916000,19551,10814.44400000,1562837.11957000,0
1749167100000000,144.46000000,144.62000000,144.20000000,144.29000000,21156.11300000,1749167999999999,3055441.71452000,14683,6476.28700000,935278.73755000,0
1749168000000000,144.28000000,144.78000000,144.22000000,144.35000000,23940.61200000,1749168899999999,3458081.90972000,28492,11763.16300000,1699103.68204000,0
1749168900000000,144.35000000,144.81000000,144.11000000,144.81000000,30257.95800000,1749169799999999,4371003.40802000,30600,14894.74800000,2151734.59088000,0
1749169800000000,144.81000000,145.54000000,144.81000000,145.18000000,41417.55600000,1749170699999999,6015943.95016000,23516,25965.36500000,3770783.24062000,0
1749170700000000,145.18000000,145.51000000,144.92000000,145.43000000,18146.85900000,1749171599999999,2636253.37887000,15557,11186.91500000,1625448.40748000,0
1749171600000000,145.43000000,145.43000000,144.90000000,145.16000000,14538.13200000,1749172499999999,2110670.88237000,12852,7905.28100000,1147764.50366000,0
1749172500000000,145.15000000,145.39000000,144.69000000,145.12000000,17574.38300000,1749173399999999,2549511.53383000,12658,7314.81700000,1061195.88535000,0
1749173400000000,145.12000000,145.48000000,145.10000000,145.37000000,14861.88100000,1749174299999999,2159979.46074000,13802,8232.72000000,1196395.64026000,0
1749174300000000,145.37000000,145.63000000,144.97000000,145.53000000,17675.28700000,1749175199999999,2567955.07675000,14906,10509.30200000,1527227.33643000,0
1749175200000000,145.54000000,145.80000000,145.40000000,145.69000000,23217.30000000,1749176099999999,3380108.54043000,15609,12443.35000000,1812003.76424000,0
1749176100000000,145.68000000,145.68000000,145.07000000,145.37000000,14998.99500000,1749176999999999,2179130.44169000,16875,6848.71300000,994894.71184000,0
1749177000000000,145.38000000,146.08000000,145.18000000,146.02000000,21369.01500000,1749177899999999,3109138.09655000,18746,9116.21500000,1327257.23103000,0
1749177900000000,146.01000000,146.61000000,145.85000000,146.58000000,31988.12200000,1749178799999999,4674572.29156000,17352,25341.40100000,3702975.09596000,0
1749178800000000,146.58000000,146.59000000,145.88000000,146.09000000,25393.82200000,1749179699999999,3710975.02611000,12281,17751.13300000,2594375.51256000,0
1749179700000000,146.08000000,146.41000000,145.99000000,146.13000000,25138.07800000,1749180599999999,3675359.64052000,16809,11801.91200000,1725558.35128000,0
1749180600000000,146.13000000,146.69000000,146.04000000,146.60000000,20644.40700000,1749181499999999,3023488.72491000,16229,8566.16500000,1254212.83963000,0
1749181500000000,146.60000000,146.85000000,146.54000000,146.84000000,18590.73800000,1749182399999999,2727863.37426000,11256,11915.95800000,1748611.46618000,0
1749182400000000,146.84000000,147.19000000,146.70000000,147.17000000,26900.97400000,1749183299999999,3952243.85626000,18511,14396.55000000,2115101.84562000,0
1749183300000000,147.16000000,147.35000000,146.65000000,147.05000000,17846.32400000,1749184199999999,2622460.28114000,17883,9886.92400000,1453120.55314000,0
1749184200000000,147.05000000,147.87000000,146.89000000,147.72000000,25132.23400000,1749185099999999,3707695.30758000,17031,15198.30700000,2241755.28688000,0
1749185100000000,147.73000000,147.92000000,147.51000000,147.57000000,16386.57600000,1749185999999999,2420410.58650000,11081,7663.69800000,1132142.29439000,0
1749186000000000,147.57000000,147.69000000,147.43000000,147.54000000,22576.30700000,1749186899999999,3331973.52741000,11293,8780.42000000,1295601.45794000,0
1749186900000000,147.55000000,147.70000000,146.92000000,147.09000000,18640.48100000,1749187799999999,2743920.21481000,12562,10252.87400000,1509239.71673000,0
1749187800000000,147.09000000,147.41000000,146.84000000,147.29000000,17080.67500000,1749188699999999,2513830.28651000,11408,6549.40500000,964048.64213000,0
1749188700000000,147.28000000,147.67000000,147.07000000,147.51000000,19250.14700000,1749189599999999,2836638.70200000,11118,9563.08800000,1409402.98934000,0
1749189600000000,147.51000000,147.82000000,147.07000000,147.82000000,13619.99800000,1749190499999999,2008076.97396000,13240,7986.45900000,1177422.75967000,0
1749190500000000,147.81000000,148.25000000,147.08000000,147.49000000,36862.31800000,1749191399999999,5439851.27347000,19910,15608.59700000,2303487.20941000,0
1749191400000000,147.49000000,147.76000000,146.94000000,147.04000000,21031.05400000,1749192299999999,3100154.35352000,12257,9790.61800000,1443776.57677000,0
1749192300000000,147.04000000,147.38000000,146.97000000,147.12000000,17352.27300000,1749193199999999,2553538.56017000,11018,8858.34300000,1303468.78048000,0
1749193200000000,147.12000000,147.62000000,147.12000000,147.51000000,11999.51200000,1749194099999999,1768713.63901000,14276,6937.43300000,1022437.02246000,0
1749194100000000,147.50000000,147.97000000,147.25000000,147.80000000,13902.81800000,1749194999999999,2051812.73516000,14280,8239.53500000,1215986.93348000,0
1749195000000000,147.80000000,147.84000000,147.02000000,147.17000000,17359.79900000,1749195899999999,2557300.13134000,11735,8974.28400000,1322005.38995000,0
1749195900000000,147.17000000,147.42000000,147.00000000,147.40000000,18834.61400000,1749196799999999,2772569.86332000,11075,11076.15600000,1630544.36050000,0
1749196800000000,147.40000000,147.75000000,147.24000000,147.62000000,11710.47700000,1749197699999999,1727769.16358000,10622,6243.63000000,921280.96595000,0
1749197700000000,147.61000000,147.83000000,147.51000000,147.75000000,13803.96200000,1749198599999999,2038919.44797000,8384,7356.20300000,1086506.79792000,0
1749198600000000,147.75000000,148.02000000,147.59000000,147.73000000,14877.31200000,1749199499999999,2198202.31508000,12314,6985.88800000,1032148.89251000,0
1749199500000000,147.74000000,147.98000000,147.74000000,147.91000000,10288.47900000,1749200399999999,1521564.92318000,10055,4930.78900000,729155.08969000,0
1749200400000000,147.90000000,148.22000000,147.90000000,148.12000000,17891.35300000,1749201299999999,2649202.03757000,15460,10206.69300000,1511354.02360000,0
1749201300000000,148.12000000,148.65000000,147.78000000,147.84000000,41265.73500000,1749202199999999,6115255.40747000,19179,22775.10800000,3375582.11554000,0
1749202200000000,147.84000000,148.01000000,147.68000000,147.94000000,18937.47300000,1749203099999999,2799930.33757000,11402,5966.72700000,882108.87645000,0
1749203100000000,147.94000000,147.99000000,147.47000000,147.50000000,20996.61200000,1749203999999999,3102110.68969000,10000,6181.24600000,913109.32319000,0
1749204000000000,147.50000000,148.45000000,147.50000000,148.44000000,37178.87500000,1749204899999999,5505400.68963000,12217,27446.74400000,4064941.52558000,0
1749204900000000,148.44000000,148.89000000,148.38000000,148.51000000,24196.85000000,1749205799999999,3595919.76400000,13696,10214.49700000,1518024.79316000,0
1749205800000000,148.50000000,148.54000000,148.16000000,148.37000000,21481.87000000,1749206699999999,3186837.68177000,12145,6727.95900000,997943.35980000,0
1749206700000000,148.36000000,148.60000000,148.36000000,148.55000000,14392.22100000,1749207599999999,2136930.77564000,9832,5870.01700000,871540.36040000,0
1749207600000000,148.55000000,148.69000000,148.29000000,148.49000000,16673.25800000,1749208499999999,2476654.82155000,11062,5958.62400000,885082.72018000,0
1749208500000000,148.49000000,149.10000000,148.39000000,148.76000000,21809.60700000,1749209399999999,3246306.42383000,13658,11585.84700000,1724431.61555000,0
1749209400000000,148.76000000,149.50000000,148.54000000,149.44000000,24114.60400000,1749210299999999,3591145.78254000,18742,13844.20200000,2062436.82256000,0
1749210300000000,149.45000000,149.61000000,149.00000000,149.10000000,21539.39400000,1749211199999999,3215234.51281000,13690,9349.18100000,1395475.34802000,0
1749211200000000,149.11000000,149.75000000,149.11000000,149.75000000,26058.58600000,1749212099999999,3897412.45279000,13332,15339.42900000,2293894.07532000,0
1749212100000000,149.75000000,150.63000000,149.57000000,150.41000000,42524.75700000,1749212999999999,6381528.00888000,17408,22245.97000000,3338665.80453000,0
1749213000000000,150.42000000,152.39000000,150.07000000,150.46000000,143346.48300000,1749213899999999,21690270.15234000,54745,72812.26800000,11019992.19545000,0
1749213900000000,150.47000000,151.21000000,150.47000000,150.60000000,34942.43700000,1749214799999999,5272781.57794000,23646,16813.26000000,2536740.11395000,0
1749214800000000,150.60000000,152.00000000,150.60000000,151.73000000,30922.62800000,1749215699999999,4681931.92902000,19816,15401.31000000,2330934.59334000,0
1749215700000000,151.74000000,151.80000000,151.20000000,151.28000000,20290.96000000,1749216599999999,3072390.67266000,15352,7061.94200000,1069216.72861000,0
1749216600000000,151.29000000,152.08000000,150.88000000,151.69000000,48623.02600000,1749217499999999,7364040.21592000,37797,25609.99700000,3878722.47090000,0
1749217500000000,151.70000000,152.27000000,150.70000000,150.78000000,40960.65200000,1749218399999999,6204262.58395000,29417,20109.58500000,3047870.13615000,0
1749218400000000,150.79000000,151.32000000,150.55000000,151.32000000,20245.83800000,1749219299999999,3055547.55160000,22629,9712.44900000,1466022.48091000,0
1749219300000000,151.32000000,151.62000000,151.17000000,151.62000000,25052.34300000,1749220199999999,3794364.83897000,18398,11333.68000000,1716651.31856000,0
1749220200000000,151.62000000,151.85000000,150.94000000,151.66000000,28008.36700000,1749221099999999,4241314.54800000,25426,15912.55200000,2410028.49906000,0
1749221100000000,151.65000000,151.91000000,151.17000000,151.31000000,28321.01000000,1749221999999999,4290162.52883000,22815,12983.54900000,1966956.90403000,0
1749222000000000,151.31000000,151.75000000,150.91000000,151.73000000,35586.91800000,1749222899999999,5383705.33624000,27663,17411.21100000,2634512.21646000,0
1749222900000000,151.73000000,152.39000000,150.85000000,150.96000000,43239.33400000,1749223799999999,6552669.41941000,34673,23136.13100000,3507636.09990000,0
1749223800000000,150.95000000,151.47000000,150.31000000,150.42000000,47622.19800000,1749224699999999,7178879.59701000,26944,24478.95100000,3690532.64293000,0
1749224700000000,150.43000000,151.12000000,150.42000000,151.08000000,36260.06600000,1749225599999999,5466312.79008000,23916,20144.99400000,3036715.03136000,0
1749225600000000,151.09000000,151.42000000,150.96000000,151.01000000,16746.78800000,1749226499999999,2530975.79026000,14817,7604.45800000,1149379.64099000,0
1749226500000000,151.01000000,151.56000000,150.96000000,151.00000000,21752.47700000,1749227399999999,3288865.79561000,20404,11397.92900000,1723363.45362000,0
1749227400000000,150.99000000,151.06000000,150.25000000,150.49000000,21522.46100000,1749228299999999,3243250.12921000,13624,6953.94100000,1047821.29502000,0
1749228300000000,150.48000000,150.76000000,149.84000000,150.09000000,18779.98900000,1749229199999999,2820925.66124000,12660,5842.78800000,877880.24685000,0
1749229200000000,150.08000000,150.31000000,149.54000000,149.87000000,34620.69100000,1749230099999999,5191015.41426000,20018,15218.09900000,2281617.74292000,0
1749230100000000,149.87000000,150.31000000,149.44000000,149.63000000,24359.84800000,1749230999999999,3650698.66238000,17022,14087.89000000,2111543.71217000,0
1749231000000000,149.62000000,149.77000000,149.22000000,149.50000000,17971.49700000,1749231899999999,2686405.13973000,13590,7008.62000000,1048053.24025000,0
1749231900000000,149.51000000,150.21000000,149.48000000,150.10000000,21419.20900000,1749232799999999,3207879.68882000,17760,8763.79400000,1312968.98332000,0
1749232800000000,150.09000000,150.19000000,149.57000000,149.74000000,17182.57100000,1749233699999999,2575780.48823000,17268,4624.69100000,693265.09649000,0
1749233700000000,149.73000000,150.05000000,148.91000000,149.02000000,25864.90900000,1749234599999999,3866086.24372000,19774,6191.79500000,926311.35222000,0
1749234600000000,149.02000000,149.28000000,148.46000000,148.85000000,29552.48600000,1749235499999999,4401500.76100000,23902,11832.54300000,1762343.49848000,0
1749235500000000,148.85000000,149.00000000,148.62000000,148.91000000,20437.72500000,1749236399999999,3041154.06360000,16578,9391.75100000,1397157.51694000,0
1749236400000000,148.92000000,149.44000000,148.84000000,149.31000000,14456.67500000,1749237299999999,2155532.95389000,14336,5378.64600000,801986.15799000,0
1749237300000000,149.31000000,149.49000000,149.02000000,149.04000000,13439.44600000,1749238199999999,2006814.43066000,14660,4929.72000000,736215.68298000,0
1749238200000000,149.04000000,149.59000000,149.02000000,149.54000000,11333.22600000,1749239099999999,1691037.15683000,12707,4193.82200000,625842.67237000,0
1749239100000000,149.54000000,149.73000000,148.94000000,149.09000000,16933.54100000,1749239999999999,2527306.49729000,16769,7418.82800000,1107342.55012000,0
1749240000000000,149.10000000,149.57000000,148.67000000,149.47000000,13534.65100000,1749240899999999,2018515.81685000,11210,6572.12300000,980428.48205000,0
1749240900000000,149.46000000,149.70000000,149.42000000,149.48000000,7205.28300000,1749241799999999,1077445.11703000,8125,4072.37400000,609009.14957000,0
1749241800000000,149.48000000,149.97000000,149.36000000,149.83000000,9157.28700000,1749242699999999,1370893.80795000,10036,5635.04800000,843760.63187000,0
1749242700000000,149.83000000,149.85000000,149.27000000,149.34000000,10134.15100000,1749243599999999,1514943.86239000,8905,5011.42800000,749222.29412000,0
1749243600000000,149.33000000,149.38000000,149.09000000,149.37000000,8926.47400000,1749244499999999,1332309.47192000,9307,5359.61900000,799952.53987000,0
1749244500000000,149.38000000,149.44000000,149.14000000,149.24000000,17700.65000000,1749245399999999,2642291.18924000,7608,12578.69700000,1877583.25106000,0
1749245400000000,149.25000000,149.79000000,149.23000000,149.77000000,18844.10200000,1749246299999999,2816379.23725000,7660,15060.67300000,2250662.83810000,0
1749246300000000,149.77000000,149.77000000,149.18000000,149.21000000,11548.50300000,1749247199999999,1724749.96764000,4262,9648.37400000,1440820.09656000,0
1749247200000000,149.20000000,149.22000000,148.56000000,148.57000000,19783.66100000,1749248099999999,2944444.94706000,15543,11408.97200000,1698219.41363000,0
1749248100000000,148.57000000,148.86000000,148.47000000,148.77000000,10992.76700000,1749248999999999,1634480.55444000,9336,6878.56200000,1022802.83417000,0
1749249000000000,148.77000000,148.77000000,148.21000000,148.21000000,8414.41800000,1749249899999999,1248712.38752000,8297,3659.31900000,542894.44799000,0
1749249900000000,148.22000000,148.56000000,148.17000000,148.50000000,7592.47100000,1749250799999999,1126612.77625000,8166,5346.10600000,793308.06199000,0
1749250800000000,148.50000000,148.54000000,147.94000000,147.99000000,12230.67700000,1749251699999999,1811527.32221000,9702,5712.99200000,846197.31954000,0
1749251700000000,147.99000000,148.26000000,147.95000000,148.24000000,7434.53500000,1749252599999999,1100615.52657000,6323,4268.38500000,631916.24005000,0
1749252600000000,148.24000000,148.30000000,147.95000000,148.07000000,8986.46000000,1749253499999999,1331458.53617000,7066,4704.81400000,697063.35917000,0
1749253500000000,148.08000000,148.09000000,147.68000000,147.83000000,11238.55100000,1749254399999999,1662009.61021000,7846,5386.23500000,796412.66014000,0
1749254400000000,147.82000000,147.88000000,147.23000000,147.23000000,21949.87200000,1749255299999999,3238670.90747000,14013,13934.22300000,2055739.77215000,0
1749255300000000,147.24000000,147.70000000,146.84000000,147.60000000,28498.32300000,1749256199999999,4196048.58681000,19486,14924.76300000,2198717.38726000,0
1749256200000000,147.61000000,148.33000000,147.55000000,148.24000000,17046.23900000,1749257099999999,2522864.88936000,13645,12725.39300000,1883489.60460000,0
1749257100000000,148.24000000,148.71000000,148.02000000,148.69000000,17710.16000000,1749257999999999,2627688.34387000,12849,13673.12000000,2028772.85015000,0
1749258000000000,148.68000000,148.90000000,148.21000000,148.52000000,19166.84400000,1749258899999999,2847950.42838000,16031,11310.44500000,1680393.58498000,0
1749258900000000,148.52000000,148.53000000,147.61000000,147.64000000,16100.79000000,1749259799999999,2385368.72582000,12732,8235.37200000,1220190.06031000,0
1749259800000000,147.65000000,147.79000000,147.37000000,147.62000000,8223.98100000,1749260699999999,1213322.14190000,9979,4727.08400000,697440.43865000,0
1749260700000000,147.63000000,147.93000000,147.62000000,147.73000000,8829.43000000,1749261599999999,1304626.46163000,10151,5004.53700000,739416.48757000,0
1749261600000000,147.72000000,148.02000000,147.47000000,147.88000000,7113.40100000,1749262499999999,1051049.84649000,9501,3026.10600000,447105.96420000,0
1749262500000000,147.89000000,148.31000000,147.89000000,148.29000000,6893.89900000,1749263399999999,1021254.57226000,8937,3893.72200000,576806.30702000,0
1749263400000000,148.30000000,148.32000000,147.98000000,148.07000000,8812.17300000,1749264299999999,1305428.36814000,9272,5178.21700000,767010.28732000,0
1749264300000000,148.07000000,148.64000000,148.05000000,148.33000000,10359.39700000,1749265199999999,1536686.65766000,8551,6412.64700000,951080.64228000,0
1749265200000000,148.32000000,148.63000000,148.01000000,148.53000000,13330.49800000,1749266099999999,1976990.07063000,12695,8683.46300000,1287750.54614000,0
1749266100000000,148.54000000,148.99000000,148.51000000,148.74000000,24289.56100000,1749266999999999,3614063.88874000,14531,16239.10100000,2416439.58465000,0
1749267000000000,148.75000000,149.45000000,148.58000000,149.25000000,18582.99900000,1749267899999999,2769523.17904000,15427,10816.06900000,1611994.50550000,0
1749267900000000,149.26000000,149.71000000,149.16000000,149.46000000,15828.01500000,1749268799999999,2366037.94114000,16261,9587.35600000,1433055.99681000,0
1749268800000000,149.47000000,149.47000000,149.01000000,149.02000000,12718.62300000,1749269699999999,1898219.55568000,13700,8540.13200000,1274569.63054000,0
1749269700000000,149.02000000,149.75000000,149.01000000,149.37000000,12089.60200000,1749270599999999,1806025.27928000,10862,8231.78600000,1229682.89592000,0
1749270600000000,149.38000000,149.68000000,148.99000000,149.64000000,9857.23000000,1749271499999999,1470550.90459000,9090,6143.22100000,916533.64500000,0
1749271500000000,149.64000000,149.90000000,149.49000000,149.76000000,13092.24500000,1749272399999999,1959961.48022000,8716,6542.70000000,979607.24988000,0
1749272400000000,149.76000000,150.35000000,149.54000000,150.23000000,14268.14600000,1749273299999999,2139129.48385000,13720,8017.13200000,1202105.63503000,0
1749273300000000,150.23000000,150.25000000,149.94000000,150.22000000,11176.91200000,1749274199999999,1677636.16207000,8583,7410.00400000,1112280.40635000,0
1749274200000000,150.22000000,151.27000000,149.96000000,151.05000000,17226.92500000,1749275099999999,2594260.64112000,15532,11620.03500000,1750097.79448000,0
1749275100000000,151.05000000,151.28000000,150.79000000,150.89000000,16114.85600000,1749275999999999,2432677.68463000,10752,8196.67900000,1237417.86635000,0
1749276000000000,150.88000000,150.99000000,150.53000000,150.65000000,22018.99200000,1749276899999999,3318310.82477000,9813,7215.09100000,1087197.61826000,0
1749276900000000,150.65000000,151.00000000,150.41000000,150.46000000,17774.03000000,1749277799999999,2679186.91448000,11324,7973.37200000,1202089.51528000,0
1749277800000000,150.46000000,151.14000000,150.46000000,151.08000000,9540.04000000,1749278699999999,1439560.81221000,8361,5969.76700000,900647.31757000,0
1749278700000000,151.09000000,152.34000000,151.00000000,152.09000000,52620.83300000,1749279599999999,7989308.71228000,23648,38302.51100000,5814301.94326000,0
1749279600000000,152.10000000,152.20000000,151.56000000,151.64000000,15570.12300000,1749280499999999,2363934.99910000,14193,7807.72000000,1185337.08924000,0
1749280500000000,151.65000000,152.75000000,151.51000000,152.47000000,37154.08800000,1749281399999999,5656766.29963000,24666,25022.76500000,3808422.82946000,0
1749281400000000,152.46000000,152.84000000,152.41000000,152.48000000,24856.19400000,1749282299999999,3792576.88187000,14555,12117.55500000,1849214.95124000,0
1749282300000000,152.49000000,152.63000000,152.10000000,152.38000000,14647.83900000,1749283199999999,2230248.10932000,9320,7959.33600000,1211918.53898000,0
1749283200000000,152.37000000,152.72000000,152.04000000,152.13000000,17884.50000000,1749284099999999,2725747.52024000,10648,7727.01600000,1178044.85792000,0
1749284100000000,152.13000000,152.61000000,152.07000000,152.46000000,10524.79200000,1749284999999999,1602720.41585000,10747,6381.98000000,972006.65491000,0
1749285000000000,152.46000000,152.54000000,152.18000000,152.18000000,8181.14100000,1749285899999999,1246105.93777000,6638,3847.38800000,586051.90733000,0
1749285900000000,152.19000000,152.40000000,151.76000000,151.86000000,21091.15700000,1749286799999999,3205689.50695000,13280,8488.17900000,1290095.84987000,0
1749286800000000,151.86000000,152.22000000,151.70000000,152.02000000,11806.82400000,1749287699999999,1794314.82109000,10005,6230.13300000,946795.01300000,0
1749287700000000,152.02000000,152.27000000,151.83000000,152.17000000,10699.10200000,1749288599999999,1627490.43910000,6470,7189.85500000,1093980.27631000,0
1749288600000000,152.17000000,152.28000000,151.61000000,151.64000000,8515.68200000,1749289499999999,1293300.57927000,10108,3503.08300000,532070.74052000,0
1749289500000000,151.65000000,151.74000000,151.47000000,151.48000000,11059.56900000,1749290399999999,1676470.02709000,8596,3500.86800000,530765.08734000,0
1749290400000000,151.48000000,151.72000000,151.23000000,151.71000000,10934.39200000,1749291299999999,1655834.83251000,11072,5104.38900000,773079.87040000,0
1749291300000000,151.70000000,152.07000000,151.64000000,152.03000000,11194.13800000,1749292199999999,1699931.26192000,11375,6676.88500000,1014006.61260000,0
1749292200000000,152.03000000,152.08000000,151.65000000,151.72000000,7659.54800000,1749293099999999,1162801.08621000,6463,2932.69000000,445170.07558000,0
1749293100000000,151.71000000,151.98000000,151.42000000,151.85000000,8747.96300000,1749293999999999,1327372.79069000,9635,4016.83400000,609564.77113000,0
1749294000000000,151.86000000,152.06000000,151.70000000,151.80000000,10571.89100000,1749294899999999,1605224.40835000,9098,5774.02500000,876888.70501000,0
1749294900000000,151.80000000,152.15000000,151.72000000,151.98000000,10478.63400000,1749295799999999,1592554.44971000,8690,5394.84600000,819882.67801000,0
1749295800000000,151.98000000,151.98000000,151.61000000,151.62000000,12436.78300000,1749296699999999,1887769.70603000,10201,5285.62700000,802258.21905000,0
1749296700000000,151.61000000,151.61000000,151.36000000,151.45000000,7366.37400000,1749297599999999,1115791.76878000,7022,2602.42000000,394166.88282000,0
1749297600000000,151.45000000,151.73000000,151.38000000,151.64000000,8982.67900000,1749298499999999,1361203.96464000,7874,3701.32100000,560815.33347000,0
1749298500000000,151.64000000,151.96000000,151.48000000,151.96000000,22264.67500000,1749299399999999,3378683.88846000,15453,13142.01900000,1994395.03999000,0
1749299400000000,151.95000000,152.40000000,151.86000000,152.39000000,37362.22900000,1749300299999999,5683118.63056000,23856,18001.48400000,2738543.62613000,0
1749300300000000,152.39000000,152.42000000,152.04000000,152.13000000,19442.70800000,1749301199999999,2959378.78048000,11407,8134.41700000,1238106.16203000,0
1749301200000000,152.14000000,152.18000000,151.45000000,152.02000000,28163.85800000,1749302099999999,4274305.85646000,13490,10399.70300000,1578392.07922000,0
1749302100000000,152.02000000,152.16000000,151.85000000,151.87000000,24955.13300000,1749302999999999,3794142.65863000,11459,8143.73100000,1238201.52878000,0
1749303000000000,151.88000000,152.32000000,151.88000000,152.26000000,17843.84800000,1749303899999999,2715032.58058000,9956,7307.72800000,1111819.41357000,0
1749303900000000,152.27000000,152.42000000,151.82000000,151.83000000,24722.82900000,1749304799999999,3762468.90696000,11247,6887.80400000,1048132.07985000,0
1749304800000000,151.82000000,151.91000000,151.57000000,151.84000000,13085.88400000,1749305699999999,1986123.58235000,8248,4809.30300000,729759.04687000,0
1749305700000000,151.83000000,151.88000000,151.41000000,151.58000000,13579.10700000,1749306599999999,2058607.24771000,9827,4981.93400000,755230.33078000,0
1749306600000000,151.58000000,152.00000000,151.54000000,151.85000000,15872.05100000,1749307499999999,2410317.42578000,12096,7305.72200000,1109463.58042000,0
1749307500000000,151.85000000,151.88000000,151.45000000,151.48000000,12655.73500000,1749308399999999,1918665.17497000,9915,4367.52500000,662079.39262000,0
1749308400000000,151.48000000,151.66000000,151.15000000,151.16000000,19587.51800000,1749309299999999,2966257.91382000,16317,7602.71400000,1151461.43281000,0
1749309300000000,151.17000000,151.44000000,150.87000000,151.25000000,22442.94600000,1749310199999999,3391833.08172000,15884,7891.39900000,1193047.73892000,0
1749310200000000,151.24000000,151.32000000,150.71000000,150.76000000,24382.07300000,1749311099999999,3681544.93852000,14975,7118.97700000,1074970.46905000,0
1749311100000000,150.76000000,151.09000000,150.74000000,150.99000000,12864.16400000,1749311999999999,1941554.92328000,8131,4949.99400000,747169.58500000,0
1749312000000000,151.00000000,151.61000000,150.90000000,151.29000000,23660.64300000,1749312899999999,3580339.97637000,16009,14040.03700000,2124956.65931000,0
1749312900000000,151.30000000,151.45000000,150.78000000,150.79000000,18775.91900000,1749313799999999,2836012.75424000,14895,5189.48300000,784072.86746000,0
1749313800000000,150.79000000,150.85000000,150.47000000,150.77000000,17363.37300000,1749314699999999,2616515.45320000,13151,5644.61600000,850602.58920000,0
1749314700000000,150.78000000,150.97000000,150.53000000,150.72000000,15118.43800000,1749315599999999,2278658.92285000,13025,5156.11500000,777068.24083000,0
1749315600000000,150.72000000,151.22000000,150.68000000,151.11000000,10206.77800000,1749316499999999,1540954.67019000,8454,5750.23100000,868183.81897000,0
1749316500000000,151.10000000,151.25000000,150.81000000,151.11000000,8480.12300000,1749317399999999,1280846.96235000,9090,4545.60600000,686623.98688000,0
1749317400000000,151.11000000,151.20000000,150.67000000,150.92000000,9459.08800000,1749318299999999,1427450.54586000,7843,4498.24700000,678926.37442000,0
1749318300000000,150.93000000,150.94000000,150.25000000,150.33000000,11338.36400000,1749319199999999,1706589.96397000,8005,3548.40900000,534046.48836000,0
1749319200000000,150.32000000,150.92000000,150.15000000,150.53000000,14712.93700000,1749320099999999,2215281.02231000,13474,8681.61300000,1307400.16424000,0
1749320100000000,150.53000000,151.07000000,150.52000000,150.91000000,10903.23500000,1749320999999999,1644582.23077000,10524,6382.78000000,962760.16074000,0
1749321000000000,150.91000000,151.18000000,150.46000000,150.46000000,12002.07400000,1749321899999999,1809555.63617000,12693,6205.88400000,935705.41743000,0
1749321900000000,150.47000000,150.60000000,150.18000000,150.58000000,10062.30400000,1749322799999999,1513358.30227000,8249,5497.19900000,826740.54547000,0
1749322800000000,150.57000000,151.11000000,150.55000000,150.79000000,10218.10800000,1749323699999999,1540987.67195000,9446,4518.70500000,681503.02620000,0
1749323700000000,150.79000000,151.21000000,150.75000000,151.12000000,7364.30700000,1749324599999999,1112093.19823000,8409,5232.85800000,790207.08156000,0
1749324600000000,151.12000000,151.18000000,150.66000000,150.71000000,22838.45100000,1749325499999999,3444740.49760000,9355,7754.30800000,1169417.29514000,0
1749325500000000,150.71000000,150.71000000,150.46000000,150.58000000,7718.43100000,1749326399999999,1162230.97014000,4593,3024.88000000,455444.77007000,0
1749326400000000,150.57000000,151.00000000,150.56000000,150.96000000,8569.58700000,1749327299999999,1292695.37759000,5764,3765.64100000,567932.22361000,0
1749327300000000,150.97000000,150.97000000,150.51000000,150.84000000,17882.67300000,1749328199999999,2694465.20834000,8376,9197.64500000,1385714.42056000,0
1749328200000000,150.83000000,150.85000000,150.56000000,150.62000000,8541.12800000,1749329099999999,1286780.29338000,6907,3029.32300000,456357.45401000,0
1749329100000000,150.62000000,150.89000000,150.50000000,150.88000000,6838.16500000,1749329999999999,1030688.89102000,6959,2832.18500000,426889.83214000,0
1749330000000000,150.88000000,151.15000000,150.82000000,150.90000000,10074.85200000,1749330899999999,1521394.01443000,7541,5344.08600000,807004.47664000,0
1749330900000000,150.91000000,151.20000000,150.86000000,151.18000000,5125.21000000,1749331799999999,774125.67551000,5969,2913.16400000,439971.24190000,0
1749331800000000,151.18000000,151.43000000,151.14000000,151.38000000,7274.73200000,1749332699999999,1100846.00265000,4690,4672.85200000,707070.85177000,0
1749332700000000,151.39000000,151.39000000,150.88000000,151.23000000,6625.18000000,1749333599999999,1001394.92230000,5516,3400.78800000,514000.97406000,0
1749333600000000,151.22000000,151.44000000,150.90000000,150.99000000,10688.63200000,1749334499999999,1616268.67856000,11015,5951.11000000,899870.55252000,0
1749334500000000,150.99000000,151.10000000,150.90000000,150.96000000,6461.71700000,1749335399999999,975581.54513000,5668,3599.05500000,543353.12017000,0
1749335400000000,150.96000000,151.49000000,150.86000000,151.18000000,14764.91300000,1749336299999999,2233528.37967000,10989,9120.09300000,1379712.56262000,0
1749336300000000,151.19000000,151.36000000,151.05000000,151.08000000,6256.80100000,1749337199999999,946070.94999000,5475,3319.69900000,501985.26301000,0
1749337200000000,151.08000000,151.14000000,150.46000000,150.47000000,10760.76200000,1749338099999999,1621910.76233000,6729,4279.21800000,645040.82109000,0
1749338100000000,150.47000000,150.60000000,150.26000000,150.38000000,6994.63800000,1749338999999999,1052158.58835000,4135,3387.22300000,509553.37704000,0
1749339000000000,150.38000000,150.47000000,149.87000000,149.95000000,14483.57800000,1749339899999999,2174148.18109000,9736,5684.67500000,853283.76259000,0
1749339900000000,149.94000000,150.19000000,149.76000000,150.06000000,15817.28700000,1749340799999999,2373294.66281000,7673,5650.71900000,847679.18186000,0
1749340800000000,150.07000000,150.10000000,149.58000000,149.61000000,12780.98100000,1749341699999999,1915470.79516000,9066,6385.00500000,956843.24072000,0
1749341700000000,149.61000000,149.71000000,149.44000000,149.56000000,14605.17200000,1749342599999999,2184110.27908000,9368,7894.42200000,1180478.05049000,0
1749342600000000,149.57000000,149.99000000,149.46000000,149.50000000,11973.49500000,1749343499999999,1792940.69411000,9557,8176.68400000,1224415.50113000,0
1749343500000000,149.49000000,149.50000000,149.20000000,149.47000000,20517.43500000,1749344399999999,3063990.28195000,7965,13883.82700000,2073321.54114000,0
1749344400000000,149.46000000,149.53000000,149.15000000,149.52000000,13488.87000000,1749345299999999,2014333.97325000,8008,9192.49100000,1372774.98418000,0
1749345300000000,149.52000000,149.65000000,149.30000000,149.52000000,11711.75000000,1749346199999999,1750625.38264000,8211,7558.84800000,1129865.84581000,0
1749346200000000,149.52000000,150.26000000,149.43000000,150.14000000,25702.20400000,1749347099999999,3851447.60211000,11374,17722.85600000,2655831.68002000,0
1749347100000000,150.13000000,150.33000000,149.94000000,150.29000000,18781.83100000,1749347999999999,2819601.84045000,9474,12427.86300000,1865715.76227000,0
1749348000000000,150.29000000,150.35000000,149.68000000,149.78000000,14787.45500000,1749348899999999,2217134.71186000,9563,9579.19700000,1436192.35804000,0
1749348900000000,149.77000000,150.17000000,149.77000000,149.97000000,12501.12700000,1749349799999999,1875258.81302000,9790,9472.93500000,1420978.13591000,0
1749349800000000,149.97000000,150.19000000,149.95000000,150.17000000,16434.34300000,1749350699999999,2466569.18592000,8252,12147.20200000,1823166.57017000,0
1749350700000000,150.17000000,150.20000000,149.73000000,149.75000000,11470.90800000,1749351599999999,1720082.62259000,10213,7335.70900000,1100054.26721000,0
1749351600000000,149.75000000,149.83000000,149.58000000,149.69000000,9206.83200000,1749352499999999,1378016.08183000,6931,5881.89300000,880314.85616000,0
1749352500000000,149.69000000,149.86000000,149.67000000,149.70000000,6123.66600000,1749353399999999,917102.11875000,5761,4004.58300000,599755.65610000,0
1749353400000000,149.71000000,150.07000000,149.66000000,150.00000000,10716.74200000,1749354299999999,1606394.26680000,8337,7712.68100000,1156023.87971000,0
1749354300000000,150.00000000,150.00000000,149.82000000,149.85000000,8271.70300000,1749355199999999,1239637.49847000,5118,5476.37800000,820683.18608000,0
1749355200000000,149.85000000,149.87000000,149.43000000,149.53000000,12981.21600000,1749356099999999,1942525.98460000,6836,4064.51900000,608444.61104000,0
1749356100000000,149.52000000,149.92000000,149.52000000,149.81000000,5401.89100000,1749356999999999,809145.76303000,4439,2852.44400000,427188.82789000,0
1749357000000000,149.81000000,150.33000000,149.81000000,150.21000000,8693.33800000,1749357899999999,1305651.71317000,7108,5473.09900000,821942.41441000,0
1749357900000000,150.20000000,150.32000000,150.00000000,150.06000000,6592.14700000,1749358799999999,989713.94787000,5750,3865.56000000,580353.37032000,0
1749358800000000,150.07000000,150.10000000,149.76000000,149.84000000,8770.15400000,1749359699999999,1314703.85094000,7468,3385.49300000,507476.66698000,0
1749359700000000,149.84000000,150.41000000,149.80000000,150.25000000,9828.22900000,1749360599999999,1475785.10778000,6992,4954.28900000,744053.46548000,0
1749360600000000,150.25000000,150.30000000,149.85000000,150.01000000,8611.09400000,1749361499999999,1292539.75267000,5936,3028.38400000,454367.62525000,0
1749361500000000,150.01000000,150.13000000,149.76000000,149.88000000,5708.08000000,1749362399999999,855944.38488000,5703,2354.16500000,352964.28027000,0
1749362400000000,149.89000000,150.21000000,149.85000000,150.16000000,10670.13900000,1749363299999999,1600837.78062000,8113,7417.15100000,1112815.23896000,0
1749363300000000,150.16000000,150.51000000,150.10000000,150.29000000,9942.24600000,1749364199999999,1494487.01862000,8884,5039.54400000,757497.54497000,0
1749364200000000,150.29000000,150.35000000,150.10000000,150.23000000,5090.80000000,1749365099999999,764603.37591000,6680,2717.08700000,408076.29023000,0
1749365100000000,150.23000000,150.26000000,149.87000000,149.92000000,6716.83500000,1749365999999999,1007667.26435000,6005,2802.37500000,420406.45240000,0
1749366000000000,149.91000000,150.21000000,149.86000000,150.07000000,5259.01100000,1749366899999999,788989.98511000,6410,3239.90200000,486018.14261000,0
1749366900000000,150.07000000,150.21000000,149.88000000,149.97000000,7378.83600000,1749367799999999,1107291.32226000,7610,3695.73300000,554555.26913000,0
1749367800000000,149.98000000,150.03000000,149.55000000,149.60000000,7944.51300000,1749368699999999,1189839.49488000,5936,3220.52900000,482345.70624000,0
1749368700000000,149.60000000,149.70000000,149.13000000,149.31000000,19089.07600000,1749369599999999,2851304.44597000,8362,4795.94800000,716352.37232000,0
1749369600000000,149.30000000,149.61000000,149.19000000,149.59000000,7649.59400000,1749370499999999,1143244.35366000,7708,3857.62500000,576509.55494000,0
1749370500000000,149.59000000,149.70000000,149.28000000,149.29000000,13903.31400000,1749371399999999,2077718.43940000,8373,3627.96200000,542237.20867000,0
1749371400000000,149.29000000,149.54000000,149.09000000,149.21000000,22986.03800000,1749372299999999,3430611.29425000,8311,4252.12400000,634755.57576000,0
1749372300000000,149.22000000,149.40000000,148.92000000,149.02000000,18036.19600000,1749373199999999,2690229.95123000,8214,3910.63000000,583491.17849000,0
1749373200000000,149.03000000,149.12000000,148.60000000,148.75000000,14094.33800000,1749374099999999,2097683.23383000,12113,5799.74800000,863368.96534000,0
1749374100000000,148.74000000,148.78000000,147.88000000,148.15000000,44527.17000000,1749374999999999,6604852.95084000,22034,15132.33500000,2243912.09182000,0
1749375000000000,148.14000000,148.50000000,148.01000000,148.28000000,17105.97500000,1749375899999999,2536140.13651000,16218,8761.50800000,1299039.79160000,0
1749375900000000,148.28000000,148.61000000,148.25000000,148.45000000,13121.25000000,1749376799999999,1948592.96560000,9711,7195.08800000,1068615.72632000,0
1749376800000000,148.46000000,148.53000000,148.15000000,148.19000000,9710.02800000,1749377699999999,1440284.90947000,11009,4229.26900000,627324.18185000,0
1749377700000000,148.18000000,148.58000000,148.18000000,148.40000000,8746.56400000,1749378599999999,1298366.25127000,7674,6108.25000000,906808.08425000,0
1749378600000000,148.40000000,148.88000000,148.40000000,148.81000000,9901.22800000,1749379499999999,1472544.28651000,9135,4531.13300000,673768.90042000,0
1749379500000000,148.82000000,148.99000000,148.67000000,148.86000000,7454.85400000,1749380399999999,1109672.74799000,6907,3919.53900000,583488.11840000,0
1749380400000000,148.87000000,149.17000000,148.83000000,149.01000000,8236.54200000,1749381299999999,1227706.69718000,7172,3842.35200000,572745.06018000,0
1749381300000000,149.01000000,149.56000000,148.95000000,149.35000000,16676.11600000,1749382199999999,2489619.01741000,9346,9628.64500000,1437549.99795000,0
1749382200000000,149.35000000,149.58000000,149.19000000,149.44000000,8959.65000000,1749383099999999,1338870.41601000,8805,5426.54000000,810909.53754000,0
1749383100000000,149.43000000,149.71000000,149.43000000,149.62000000,11828.61600000,1749383999999999,1769520.88221000,9959,6174.28700000,923571.96629000,0
1749384000000000,149.62000000,149.96000000,149.34000000,149.88000000,13862.69700000,1749384899999999,2074014.22185000,10843,7856.50800000,1175536.56481000,0
1749384900000000,149.87000000,149.88000000,149.26000000,149.43000000,15758.16800000,1749385799999999,2356091.02302000,10858,7464.85100000,1115811.57621000,0
1749385800000000,149.43000000,149.43000000,149.02000000,149.17000000,8928.51100000,1749386699999999,1332201.50323000,8011,3634.04100000,542202.56656000,0
1749386700000000,149.17000000,149.60000000,149.14000000,149.54000000,14085.24400000,1749387599999999,2104832.56383000,8528,6996.24000000,1045345.94786000,0
1749387600000000,149.54000000,149.69000000,149.38000000,149.55000000,5024.35300000,1749388499999999,751311.17534000,6530,2954.73200000,441818.90010000,0
1749388500000000,149.55000000,149.79000000,149.17000000,149.79000000,11445.82700000,1749389399999999,1710387.32245000,10232,7887.49400000,1178807.13039000,0
1749389400000000,149.79000000,150.65000000,149.79000000,150.52000000,25314.16700000,1749390299999999,3805224.46465000,16856,17109.63000000,2571920.17120000,0
1749390300000000,150.52000000,151.19000000,149.59000000,149.66000000,39719.03700000,1749391199999999,5978267.24127000,25828,20969.42700000,3157138.10805000,0
1749391200000000,149.67000000,149.94000000,149.49000000,149.86000000,11079.05000000,1749392099999999,1659050.12795000,12952,5028.76700000,753062.98519000,0
1749392100000000,149.85000000,150.41000000,149.77000000,149.91000000,11166.81700000,1749392999999999,1675638.03768000,12148,6610.09600000,991930.18691000,0
1749393000000000,149.90000000,150.18000000,149.67000000,150.09000000,8013.25600000,1749393899999999,1201692.63018000,11407,4575.28100000,686167.12987000,0
1749393900000000,150.09000000,150.43000000,149.92000000,150.35000000,6859.64600000,1749394799999999,1030492.27059000,9057,3872.38500000,581722.51856000,0
1749394800000000,150.35000000,150.99000000,150.30000000,150.83000000,14738.82900000,1749395699999999,2221560.85145000,13434,7186.03400000,1082911.08908000,0
1749395700000000,150.84000000,150.93000000,150.50000000,150.90000000,13070.37700000,1749396599999999,1970058.62053000,13209,7694.50100000,1159794.19666000,0
1749396600000000,150.90000000,150.97000000,150.47000000,150.80000000,16090.73400000,1749397499999999,2425075.46860000,10779,7968.47700000,1201047.96573000,0
1749397500000000,150.81000000,150.82000000,150.50000000,150.70000000,10131.08800000,1749398399999999,1526145.82295000,8470,5669.33200000,854024.01653000,0
1749398400000000,150.69000000,151.49000000,150.64000000,151.29000000,20474.16200000,1749399299999999,3094788.36787000,13716,13019.35300000,1968199.34212000,0
1749399300000000,151.28000000,152.03000000,151.18000000,151.66000000,29337.89100000,1749400199999999,4449690.93700000,20545,14774.11300000,2241338.50624000,0
1749400200000000,151.66000000,152.15000000,151.65000000,152.02000000,19047.81300000,1749401099999999,2894907.07892000,15422,8470.90900000,1287359.12852000,0
1749401100000000,152.03000000,152.23000000,151.82000000,152.21000000,20809.98300000,1749401999999999,3163968.71358000,15568,10714.60100000,1629194.78905000,0
1749402000000000,152.21000000,153.31000000,152.21000000,152.73000000,49519.08400000,1749402899999999,7570777.16035000,28663,29038.03400000,4439351.75668000,0
1749402900000000,152.73000000,153.26000000,152.66000000,152.99000000,31164.71800000,1749403799999999,4767918.91232000,17987,15948.48300000,2440237.36587000,0
1749403800000000,153.00000000,153.89000000,152.87000000,153.29000000,38625.98000000,1749404699999999,5926643.85527000,23895,19353.96600000,2969237.61232000,0
1749404700000000,153.30000000,153.49000000,152.97000000,153.16000000,26972.00800000,1749405599999999,4133180.35658000,17774,11927.15000000,1827572.29864000,0
1749405600000000,153.15000000,154.17000000,152.95000000,153.91000000,39150.00100000,1749406499999999,6012312.06792000,26432,20033.07600000,3077005.26959000,0
1749406500000000,153.91000000,154.14000000,153.58000000,153.81000000,23543.39500000,1749407399999999,3621085.33277000,15566,10383.76400000,1597084.88074000,0
1749407400000000,153.80000000,153.89000000,153.53000000,153.73000000,17147.52100000,1749408299999999,2635549.71984000,12038,5499.97500000,845328.24810000,0
1749408300000000,153.73000000,154.17000000,153.64000000,153.86000000,23047.54600000,1749409199999999,3547830.77428000,13124,10433.65800000,1605963.75205000,0
1749409200000000,153.86000000,154.52000000,153.86000000,154.22000000,47768.18300000,1749410099999999,7363879.72219000,12487,35912.02000000,5535885.47965000,0
1749410100000000,154.22000000,154.28000000,153.81000000,154.20000000,17308.53900000,1749410999999999,2666026.91724000,10765,7520.67900000,1158426.95373000,0
1749411000000000,154.19000000,154.38000000,153.73000000,153.98000000,16444.70700000,1749411899999999,2534708.90918000,12950,6192.19900000,954134.37168000,0
1749411900000000,153.99000000,154.50000000,153.99000000,154.46000000,12899.16400000,1749412799999999,1990596.33227000,9955,6389.57600000,985765.30719000,0
1749412800000000,154.47000000,154.74000000,154.07000000,154.65000000,17419.47600000,1749413699999999,2689012.28010000,15387,7626.28600000,1177285.20416000,0
1749413700000000,154.66000000,154.74000000,154.44000000,154.68000000,11662.28900000,1749414599999999,1803182.62801000,8582,6346.05600000,981241.75328000,0
1749414600000000,154.67000000,154.75000000,154.26000000,154.28000000,24466.53300000,1749415499999999,3778897.36337000,11329,15108.70400000,2333347.72618000,0
1749415500000000,154.28000000,154.31000000,153.93000000,154.27000000,22268.68900000,1749416399999999,3431693.95858000,12113,10947.84400000,1687050.41703000,0
1749416400000000,154.27000000,154.44000000,154.04000000,154.09000000,16228.25800000,1749417299999999,2503567.61783000,10372,6444.27100000,994226.11574000,0
1749417300000000,154.08000000,154.27000000,153.99000000,154.24000000,9876.99300000,1749418199999999,1522208.78331000,7146,5937.86300000,915046.09122000,0
1749418200000000,154.23000000,154.71000000,154.03000000,154.62000000,10990.48200000,1749419099999999,1696302.49122000,7114,6142.09200000,948090.14265000,0
1749419100000000,154.62000000,155.30000000,154.41000000,154.42000000,27330.17500000,1749419999999999,4232378.20552000,16239,16593.48100000,2570381.95833000,0
1749420000000000,154.42000000,154.52000000,153.79000000,153.79000000,29858.83600000,1749420899999999,4601134.09868000,24412,11322.79800000,1744777.51882000,0
1749420900000000,153.80000000,154.29000000,153.66000000,153.73000000,22554.24600000,1749421799999999,3472538.67069000,14158,10852.49600000,1670782.33012000,0
1749421800000000,153.73000000,153.80000000,153.09000000,153.51000000,31955.14400000,1749422699999999,4901320.11474000,17638,15576.60900000,2389253.71116000,0
1749422700000000,153.50000000,153.64000000,152.76000000,152.94000000,21986.41200000,1749423599999999,3365748.49869000,12946,7281.61000000,1114871.49067000,0
1749423600000000,152.94000000,153.00000000,152.44000000,152.61000000,21628.54100000,1749424499999999,3303120.82170000,14361,9725.14300000,1485125.44303000,0
1749424500000000,152.60000000,152.87000000,152.20000000,152.58000000,18868.47300000,1749425399999999,2878618.75828000,15178,10433.35200000,1591712.46515000,0
1749425400000000,152.58000000,152.82000000,152.42000000,152.52000000,13838.35600000,1749426299999999,2111577.12838000,13877,7728.93400000,1179321.87449000,0
1749426300000000,152.52000000,152.59000000,152.13000000,152.45000000,13829.37500000,1749427199999999,2107516.03818000,8854,5792.25500000,882707.81404000,0
1749427200000000,152.45000000,152.73000000,151.98000000,152.25000000,41058.66100000,1749428099999999,6256614.28964000,30269,18696.03200000,2848619.83478000,0
1749428100000000,152.25000000,152.66000000,151.85000000,152.25000000,28022.88700000,1749428999999999,4266531.28876000,28473,13387.26400000,2038130.16470000,0
1749429000000000,152.25000000,153.17000000,152.22000000,152.53000000,22978.21500000,1749429899999999,3509713.21206000,20045,14442.64700000,2206070.44213000,0
1749429900000000,152.54000000,152.54000000,151.92000000,152.38000000,18613.68700000,1749430799999999,2833763.27052000,16760,9601.38900000,1461622.67634000,0
1749430800000000,152.38000000,152.50000000,151.79000000,151.96000000,18059.91800000,1749431699999999,2745882.55673000,16137,7213.21300000,1096586.37593000,0
1749431700000000,151.95000000,152.49000000,151.72000000,152.48000000,13153.84400000,1749432599999999,2000613.24833000,14191,6941.98800000,1055893.04790000,0
1749432600000000,152.49000000,152.69000000,152.20000000,152.27000000,9250.36500000,1749433499999999,1410032.27045000,12116,3712.18700000,565874.14000000,0
1749433500000000,152.27000000,152.42000000,151.85000000,151.96000000,12976.13700000,1749434399999999,1972877.07827000,12503,5672.01000000,862370.75078000,0
1749434400000000,151.96000000,152.37000000,151.62000000,152.36000000,13076.70900000,1749435299999999,1986774.97539000,14960,5822.77300000,884807.97350000,0
1749435300000000,152.36000000,152.49000000,152.12000000,152.18000000,6817.12600000,1749436199999999,1038012.76112000,8215,3195.42400000,486605.24252000,0
1749436200000000,152.19000000,152.23000000,151.58000000,151.70000000,17568.60600000,1749437099999999,2667821.44169000,11866,8319.45100000,1263302.66103000,0
1749437100000000,151.71000000,152.03000000,151.68000000,151.71000000,7689.75500000,1749437999999999,1167449.73892000,8422,4359.70600000,661871.30860000,0
1749438000000000,151.72000000,151.82000000,151.32000000,151.46000000,13477.46000000,1749438899999999,2042157.31860000,9532,4622.53100000,700329.77695000,0
1749438900000000,151.46000000,151.63000000,150.79000000,150.98000000,38689.38400000,1749439799999999,5844564.91819000,14395,10004.39600000,1511469.87254000,0
1749439800000000,150.99000000,151.32000000,150.90000000,151.02000000,13694.86000000,1749440699999999,2069308.53658000,11694,8328.04600000,1258482.57354000,0
1749440700000000,151.02000000,151.68000000,150.97000000,151.54000000,13648.44800000,1749441599999999,2066427.82036000,8036,8196.83900000,1241209.16669000,0
1749441600000000,151.54000000,151.87000000,151.41000000,151.57000000,12221.45200000,1749442499999999,1853776.26599000,8191,5532.48700000,839236.70965000,0
1749442500000000,151.57000000,151.70000000,151.15000000,151.39000000,20774.66000000,1749443399999999,3143907.72783000,10976,10827.32200000,1638492.99889000,0
1749443400000000,151.38000000,151.47000000,151.08000000,151.22000000,15220.27400000,1749444299999999,2302764.84457000,12326,7965.99900000,1205268.71581000,0
1749444300000000,151.23000000,151.26000000,150.62000000,150.84000000,22645.08300000,1749445199999999,3415687.60140000,13786,8431.52400000,1271629.21020000,0
1749445200000000,150.85000000,150.85000000,150.22000000,150.54000000,29304.14200000,1749446099999999,4409655.19117000,16417,11679.59400000,1757538.95358000,0
1749446100000000,150.54000000,150.80000000,150.33000000,150.36000000,14007.02300000,1749446999999999,2109135.41089000,10843,6944.66500000,1045998.95065000,0
1749447000000000,150.37000000,150.46000000,149.91000000,150.03000000,21626.21700000,1749447899999999,3246022.19428000,13218,7637.18300000,1146384.73750000,0
1749447900000000,150.04000000,150.15000000,149.79000000,149.80000000,15070.11600000,1749448799999999,2260723.47524000,11511,8038.81400000,1206087.75647000,0
1749448800000000,149.81000000,150.16000000,149.58000000,149.95000000,18913.37600000,1749449699999999,2835474.19199000,13085,8747.62600000,1311710.04650000,0
1749449700000000,149.96000000,150.40000000,149.95000000,150.33000000,11890.50200000,1749450599999999,1786225.91337000,10038,6734.59000000,1011650.16702000,0
1749450600000000,150.33000000,150.54000000,150.08000000,150.49000000,11250.90700000,1749451499999999,1691275.95616000,9031,7426.46900000,1116331.22133000,0
1749451500000000,150.49000000,151.04000000,150.47000000,150.90000000,17583.43100000,1749452399999999,2652295.99406000,9475,12353.65300000,1863432.09562000,0
1749452400000000,150.89000000,150.90000000,150.29000000,150.45000000,14335.09400000,1749453299999999,2158485.69171000,11279,7142.46700000,1075385.38203000,0
1749453300000000,150.44000000,150.45000000,150.00000000,150.21000000,9384.22500000,1749454199999999,1410057.53932000,10829,4565.16600000,685940.61198000,0
1749454200000000,150.21000000,150.73000000,150.20000000,150.63000000,11599.52500000,1749455099999999,1746328.80916000,10066,6945.83100000,1045654.27749000,0
1749455100000000,150.63000000,151.05000000,150.50000000,150.88000000,26254.33100000,1749455999999999,3958961.52128000,9433,17833.30600000,2689449.76639000,0
1749456000000000,150.87000000,151.02000000,150.61000000,150.84000000,20640.40300000,1749456899999999,3113119.96827000,12891,10317.69500000,1556204.78540000,0
1749456900000000,150.84000000,150.97000000,150.45000000,150.57000000,14178.71600000,1749457799999999,2136593.19762000,10757,4979.37800000,750412.51512000,0
1749457800000000,150.57000000,151.30000000,150.40000000,151.28000000,21468.40300000,1749458699999999,3241876.87262000,14435,13501.44600000,2038636.31647000,0
1749458700000000,151.28000000,151.80000000,151.12000000,151.74000000,18702.66200000,1749459599999999,2833227.16263000,14082,11086.12800000,1679581.94166000,0
1749459600000000,151.74000000,151.90000000,151.35000000,151.81000000,22999.23200000,1749460499999999,3485902.64439000,13373,13000.06700000,1970556.88879000,0
1749460500000000,151.81000000,152.04000000,151.32000000,152.02000000,24633.40500000,1749461399999999,3735648.11532000,16649,16678.51400000,2529264.68600000,0
1749461400000000,152.02000000,153.84000000,151.96000000,153.64000000,65036.07000000,1749462299999999,9947516.63420000,37007,41138.50100000,6291434.46932000,0
1749462300000000,153.64000000,154.47000000,153.36000000,153.42000000,68809.13700000,1749463199999999,10586923.75283000,42975,34206.67200000,5263836.39640000,0
1749463200000000,153.43000000,154.78000000,153.23000000,154.54000000,50520.48600000,1749464099999999,7772483.81936000,26725,32499.98500000,5000347.34940000,0
1749464100000000,154.54000000,155.17000000,154.49000000,154.84000000,87323.11500000,1749464999999999,13526939.46386000,43468,48875.19900000,7571343.89468000,0
1749465000000000,154.84000000,155.19000000,154.64000000,154.92000000,43698.21300000,1749465899999999,6771082.86204000,28143,23912.83800000,3705476.30050000,0
1749465900000000,154.92000000,155.59000000,154.89000000,155.35000000,61127.34100000,1749466799999999,9493117.19935000,26986,36281.96500000,5634773.31356000,0
1749466800000000,155.35000000,155.90000000,154.91000000,155.87000000,41633.42900000,1749467699999999,6467077.13239000,21572,20760.52200000,3226535.18151000,0
1749467700000000,155.87000000,156.34000000,155.65000000,156.22000000,49134.21100000,1749468599999999,7666581.87517000,35013,27189.32600000,4242514.37745000,0
1749468600000000,156.21000000,156.61000000,155.89000000,156.34000000,80649.36600000,1749469499999999,12606316.68438000,32134,53142.86600000,8308127.43576000,0
1749469500000000,156.33000000,156.37000000,155.32000000,155.62000000,57268.48400000,1749470399999999,8915890.26275000,27856,25900.09000000,4031303.45147000,0
1749470400000000,155.62000000,155.67000000,154.76000000,154.82000000,38842.35200000,1749471299999999,6024668.14504000,21385,16567.95500000,2569785.76041000,0
1749471300000000,154.82000000,155.28000000,154.74000000,154.98000000,29994.57400000,1749472199999999,4649829.29752000,16157,17277.33100000,2678333.78546000,0
1749472200000000,154.97000000,155.50000000,154.97000000,155.50000000,24998.93300000,1749473099999999,3881870.14682000,17080,14221.54700000,2208550.30707000,0
1749473100000000,155.50000000,155.81000000,155.30000000,155.70000000,25003.42900000,1749473999999999,3888289.24000000,12378,14211.12600000,2210147.95455000,0
1749474000000000,155.70000000,155.83000000,155.05000000,155.09000000,26711.75200000,1749474899999999,4153386.22668000,15245,10715.20200000,1666045.97947000,0
1749474900000000,155.09000000,155.25000000,154.65000000,154.68000000,23412.22600000,1749475799999999,3629025.49065000,14231,12055.79900000,1868860.03871000,0
1749475800000000,154.68000000,155.16000000,153.74000000,154.20000000,46562.96500000,1749476699999999,7188780.51393000,36994,20767.02200000,3207358.82020000,0
1749476700000000,154.21000000,154.31000000,153.07000000,153.38000000,49438.10600000,1749477599999999,7596907.37158000,36765,20747.32800000,3187946.22468000,0
1749477600000000,153.38000000,154.19000000,153.24000000,154.03000000,37180.51000000,1749478499999999,5714402.68423000,24975,20606.25700000,3167610.26586000,0
1749478500000000,154.03000000,154.43000000,153.83000000,154.05000000,18352.08900000,1749479399999999,2827975.47000000,13661,8683.90800000,1338382.31912000,0
1749479400000000,154.05000000,154.70000000,153.97000000,154.52000000,35208.99300000,1749480299999999,5440065.26890000,25837,20937.55400000,3235174.16615000,0
1749480300000000,154.52000000,154.82000000,153.73000000,154.10000000,26277.78100000,1749481199999999,4052371.29301000,23553,12771.15800000,1969784.24385000,0
1749481200000000,154.11000000,155.58000000,153.93000000,155.28000000,54564.34800000,1749482099999999,8455410.09373000,26729,33300.82400000,5161053.29275000,0
1749482100000000,155.28000000,155.40000000,155.00000000,155.28000000,25063.36000000,1749482999999999,3890078.39179000,19538,11927.90100000,1851397.43410000,0
1749483000000000,155.29000000,155.36000000,154.69000000,155.14000000,29167.31600000,1749483899999999,4520703.50503000,16492,16212.35300000,2512576.52567000,0
1749483900000000,155.15000000,155.44000000,154.99000000,155.02000000,50526.52800000,1749484799999999,7847183.06331000,13639,15147.88700000,2352143.18717000,0
1749484800000000,155.02000000,155.41000000,155.00000000,155.36000000,15252.46700000,1749485699999999,2367812.38798000,13721,8599.30100000,1334867.32486000,0
1749485700000000,155.36000000,156.43000000,155.12000000,156.41000000,57062.44300000,1749486599999999,8897636.49027000,30313,37976.19900000,5921742.73862000,0
1749486600000000,156.41000000,156.60000000,155.87000000,156.55000000,32546.24100000,1749487499999999,5084423.65372000,21443,18850.74500000,2945181.44134000,0
1749487500000000,156.54000000,156.57000000,155.40000000,155.56000000,34877.83600000,1749488399999999,5439258.24247000,23570,14586.79400000,2274670.53050000,0
1749488400000000,155.56000000,156.53000000,155.36000000,156.53000000,33758.57400000,1749489299999999,5267140.47111000,21117,19658.72000000,3067596.58073000,0
1749489300000000,156.53000000,157.01000000,156.10000000,156.21000000,69138.84800000,1749490199999999,10831737.07771000,26313,36227.79600000,5674662.22066000,0
1749490200000000,156.21000000,156.26000000,155.76000000,156.20000000,21034.07400000,1749491099999999,3281669.02273000,16936,9172.10600000,1431070.11208000,0
1749491100000000,156.20000000,156.47000000,156.03000000,156.31000000,19673.72400000,1749491999999999,3073755.72498000,14629,7901.32000000,1234390.19628000,0
1749492000000000,156.31000000,156.60000000,156.13000000,156.38000000,24911.65300000,1749492899999999,3896093.87856000,18405,9277.41500000,1450980.95212000,0
1749492900000000,156.37000000,156.73000000,156.23000000,156.58000000,21891.46000000,1749493799999999,3426528.16180000,12514,11259.14800000,1762637.26260000,0
1749493800000000,156.58000000,156.66000000,156.00000000,156.22000000,35082.94300000,1749494699999999,5484138.30561000,13431,16069.52000000,2511912.01605000,0
1749494700000000,156.23000000,156.50000000,156.04000000,156.47000000,37324.44400000,1749495599999999,5831855.56825000,11680,18521.26500000,2893993.87349000,0
1749495600000000,156.47000000,156.63000000,156.31000000,156.35000000,26384.55500000,1749496499999999,4128466.97220000,9163,10230.81200000,1600781.47710000,0
1749496500000000,156.36000000,156.60000000,156.02000000,156.03000000,34321.25500000,1749497399999999,5362690.23013000,15355,15356.62800000,2399229.89760000,0
1749497400000000,156.02000000,156.05000000,155.21000000,155.36000000,37504.58200000,1749498299999999,5833859.48819000,15870,13046.88800000,2029323.53051000,0
1749498300000000,155.36000000,155.89000000,155.05000000,155.75000000,37914.02300000,1749499199999999,5898572.63229000,15526,17437.12600000,2712922.05656000,0
1749499200000000,155.76000000,156.33000000,155.72000000,155.89000000,29182.01000000,1749500099999999,4554315.90388000,12716,12898.82000000,2013034.08316000,0
1749500100000000,155.90000000,156.37000000,155.90000000,156.35000000,22609.45400000,1749500999999999,3530895.74416000,9182,9689.70600000,1513360.92465000,0
1749501000000000,156.36000000,156.65000000,156.36000000,156.47000000,15882.23200000,1749501899999999,2485961.65908000,6702,4988.24000000,780770.64432000,0
1749501900000000,156.48000000,156.64000000,156.30000000,156.52000000,17550.92000000,1749502799999999,2745256.14385000,9704,6727.64700000,1052256.64789000,0
1749502800000000,156.52000000,157.88000000,156.52000000,157.47000000,56323.26800000,1749503699999999,8864373.58515000,33984,31020.42300000,4881507.68855000,0
1749503700000000,157.47000000,159.50000000,157.47000000,159.50000000,84247.10400000,1749504599999999,13344499.07247000,44621,49827.25700000,7894240.88316000,0
1749504600000000,159.50000000,159.65000000,158.67000000,158.75000000,74350.52300000,1749505499999999,11834702.11367000,46900,35881.99200000,5712325.38751000,0
1749505500000000,158.74000000,159.50000000,158.40000000,159.04000000,48492.54800000,1749506399999999,7705540.96176000,30048,20118.99100000,3197810.01754000,0
1749506400000000,159.04000000,159.86000000,158.94000000,159.21000000,59721.34800000,1749507299999999,9525961.19994000,38541,27316.22200000,4357305.77683000,0
1749507300000000,159.21000000,160.15000000,159.05000000,159.82000000,62566.84700000,1749508199999999,9994823.34536000,29172,36288.24000000,5799950.21015000,0
1749508200000000,159.82000000,160.31000000,159.49000000,159.75000000,51853.42600000,1749509099999999,8289502.36687000,26116,20416.56800000,3265610.98259000,0
1749509100000000,159.75000000,160.03000000,159.47000000,159.83000000,37957.11000000,1749509999999999,6060580.89830000,20208,16117.66500000,2574000.91234000,0
1749510000000000,159.83000000,160.23000000,159.67000000,159.78000000,29920.66000000,1749510899999999,4784675.99454000,22531,12457.56300000,1992322.14927000,0
1749510900000000,159.78000000,160.31000000,159.57000000,159.92000000,24218.18900000,1749511799999999,3873450.20609000,16172,11714.00800000,1874084.36974000,0
1749511800000000,159.92000000,161.73000000,159.64000000,161.57000000,67001.41600000,1749512699999999,10779840.39368000,38866,39213.11000000,6308324.68731000,0
1749512700000000,161.57000000,161.67000000,160.95000000,161.16000000,29187.73300000,1749513599999999,4705386.92277000,31054,14138.10700000,2278718.98309000,0
1749513600000000,161.16000000,161.34000000,160.47000000,160.66000000,40114.16500000,1749514499999999,6453801.63925000,34244,18204.99900000,2929167.96749000,0
1749514500000000,160.65000000,161.77000000,160.52000000,161.75000000,55890.40500000,1749515399999999,9012044.70601000,36509,34194.95200000,5515743.94416000,0
1749515400000000,161.74000000,161.82000000,160.69000000,160.83000000,33050.86100000,1749516299999999,5325596.19892000,29637,12472.66400000,2010299.60246000,0
1749516300000000,160.83000000,160.92000000,160.36000000,160.66000000,28804.08000000,1749517199999999,4625410.73724000,20083,10760.13700000,1727946.21614000,0
1749517200000000,160.66000000,160.97000000,160.29000000,160.41000000,23883.94900000,1749518099999999,3837126.12732000,19401,12362.23600000,1986314.55988000,0
1749518100000000,160.41000000,160.95000000,160.40000000,160.41000000,13105.73100000,1749518999999999,2104671.02802000,15985,6240.77400000,1002403.64819000,0
1749519000000000,160.41000000,160.59000000,160.17000000,160.34000000,16724.77500000,1749519899999999,2681724.66976000,17379,6648.02400000,1066022.95534000,0
1749519900000000,160.35000000,160.40000000,159.80000000,160.04000000,23283.19200000,1749520799999999,3726754.30791000,14934,9616.24700000,1539209.03461000,0
1749520800000000,160.05000000,160.05000000,159.21000000,159.69000000,25327.91400000,1749521699999999,4041386.40450000,16640,11304.28500000,1803140.66672000,0
1749521700000000,159.69000000,159.83000000,159.17000000,159.55000000,17942.06700000,1749522599999999,2862035.97441000,17169,8521.42400000,1359412.31910000,0
1749522600000000,159.55000000,159.75000000,159.28000000,159.69000000,20240.61100000,1749523499999999,3228788.54117000,18227,10615.58500000,1693469.93478000,0
1749523500000000,159.70000000,159.85000000,159.45000000,159.55000000,11055.47400000,1749524399999999,1765012.27335000,14702,4271.15500000,681853.69271000,0
1749524400000000,159.54000000,159.71000000,159.01000000,159.17000000,21701.63600000,1749525299999999,3456053.86347000,15768,10697.76900000,1703760.14494000,0
1749525300000000,159.18000000,159.42000000,158.93000000,159.09000000,15743.75700000,1749526199999999,2505765.62128000,12169,6961.81800000,1108203.59402000,0
1749526200000000,159.09000000,159.18000000,158.69000000,159.09000000,13228.76100000,1749527099999999,2101931.70757000,13765,5938.77100000,943768.84840000,0
1749527100000000,159.09000000,159.50000000,159.00000000,159.17000000,13605.69300000,1749527999999999,2166995.82937000,10586,8299.79900000,1321896.07437000,0
1749528000000000,159.18000000,159.50000000,158.89000000,158.98000000,16645.31700000,1749528899999999,2650391.55329000,14391,8179.92700000,1302712.53225000,0
1749528900000000,158.99000000,159.03000000,158.72000000,158.96000000,11845.92200000,1749529799999999,1881986.06553000,11169,6294.61900000,1000086.35540000,0
1749529800000000,158.96000000,159.19000000,158.88000000,159.06000000,11369.40500000,1749530699999999,1807674.36474000,8711,6309.61300000,1003212.97581000,0
1749530700000000,159.06000000,159.38000000,158.97000000,159.30000000,15640.79700000,1749531599999999,2489452.48623000,10202,10519.35500000,1674265.16696000,0
1749531600000000,159.30000000,159.31000000,158.94000000,159.21000000,21310.58800000,1749532499999999,3390664.65727000,12029,12615.93800000,2007231.26874000,0
1749532500000000,159.21000000,159.61000000,158.37000000,158.51000000,40404.01600000,1749533399999999,6422009.51841000,23991,21793.99100000,3465296.40666000,0
1749533400000000,158.52000000,158.68000000,157.74000000,158.08000000,45187.82900000,1749534299999999,7141963.00690000,28983,17722.40600000,2800389.18591000,0
1749534300000000,158.09000000,158.22000000,157.66000000,158.13000000,22058.06200000,1749535199999999,3483486.64556000,20317,13605.90700000,2148617.87535000,0
1749535200000000,158.13000000,158.14000000,157.40000000,157.49000000,28251.79600000,1749536099999999,4455260.19819000,22595,14866.66500000,2344479.69792000,0
1749536100000000,157.50000000,158.25000000,157.45000000,158.23000000,27555.29900000,1749536999999999,4352211.98130000,16426,17116.31000000,2703097.52401000,0
1749537000000000,158.22000000,158.57000000,157.96000000,158.39000000,23044.70100000,1749537899999999,3647075.86493000,15857,14846.75100000,2349607.88811000,0
1749537900000000,158.39000000,158.54000000,158.19000000,158.34000000,13086.13800000,1749538799999999,2072327.40909000,11187,9263.22000000,1466902.85216000,0
1749538800000000,158.34000000,158.43000000,157.81000000,158.02000000,15917.29000000,1749539699999999,2515796.87002000,13458,6630.10200000,1047673.94384000,0
1749539700000000,158.02000000,158.64000000,157.81000000,158.63000000,23855.63300000,1749540599999999,3775932.36741000,17087,14718.57100000,2330405.40726000,0
1749540600000000,158.62000000,158.81000000,158.22000000,158.36000000,14445.67600000,1749541499999999,2289003.28486000,15909,7668.79000000,1214993.23184000,0
1749541500000000,158.35000000,158.59000000,158.15000000,158.45000000,12426.65800000,1749542399999999,1967824.26384000,12606,7468.53800000,1182543.40077000,0
1749542400000000,158.46000000,158.98000000,158.38000000,158.44000000,15536.04400000,1749543299999999,2464755.71133000,15481,6661.89700000,1056795.23631000,0
1749543300000000,158.44000000,158.57000000,157.86000000,158.02000000,16282.02600000,1749544199999999,2576510.16591000,14135,6096.25600000,964661.65993000,0
1749544200000000,158.02000000,158.36000000,157.83000000,158.22000000,15987.12100000,1749545099999999,2527760.51995000,14059,8169.03600000,1291552.66137000,0
1749545100000000,158.22000000,158.27000000,157.73000000,157.77000000,17404.37000000,1749545999999999,2749576.84231000,14494,7486.96800000,1182732.62269000,0
1749546000000000,157.77000000,158.01000000,157.53000000,157.99000000,22445.49900000,1749546899999999,3540355.38675000,17560,9439.96700000,1489176.94657000,0
1749546900000000,157.99000000,158.36000000,157.84000000,158.14000000,19386.21300000,1749547799999999,3064988.26277000,17907,9484.28200000,1499357.82768000,0
1749547800000000,158.15000000,158.88000000,158.10000000,158.53000000,21988.94400000,1749548699999999,3487362.08598000,19935,13753.46900000,2181348.16883000,0
1749548700000000,158.53000000,159.03000000,158.53000000,158.95000000,11131.27900000,1749549599999999,1767500.60028000,10667,7152.97600000,1135799.16644000,0
1749549600000000,158.96000000,159.42000000,158.59000000,159.20000000,33165.87600000,1749550499999999,5276868.17837000,17540,24789.15800000,3945202.66983000,0
1749550500000000,159.19000000,159.30000000,158.81000000,159.09000000,18557.38900000,1749551399999999,2952381.15617000,13817,8952.02700000,1424215.05375000,0
1749551400000000,159.10000000,159.10000000,157.73000000,157.80000000,29792.79500000,1749552299999999,4716445.79701000,21595,8562.99300000,1355611.47971000,0
1749552300000000,157.80000000,158.20000000,157.68000000,158.14000000,15506.03100000,1749553199999999,2449494.41154000,16003,6868.83000000,1085056.20600000,0
1749553200000000,158.14000000,158.15000000,157.15000000,158.04000000,45323.42900000,1749554099999999,7146260.78378000,27695,26565.38000000,4188446.83150000,0
1749554100000000,158.04000000,159.57000000,158.04000000,159.47000000,87771.98400000,1749554999999999,13948543.35080000,49558,48909.61900000,7772618.46072000,0
1749555000000000,159.47000000,161.51000000,159.25000000,161.12000000,100743.43000000,1749555899999999,16166642.42763000,60078,59561.38200000,9558000.01516000,0
1749555900000000,161.12000000,161.27000000,160.06000000,160.85000000,66576.84900000,1749556799999999,10695015.87859000,40805,36309.59800000,5834361.13111000,0
1749556800000000,160.85000000,161.13000000,159.36000000,159.83000000,52759.43600000,1749557699999999,8457238.17290000,44132,22213.83800000,3560440.47867000,0
1749557700000000,159.84000000,160.66000000,159.66000000,160.00000000,31276.93100000,1749558599999999,5012174.32798000,29783,17150.29800000,2748433.38657000,0
1749558600000000,159.99000000,161.09000000,159.87000000,160.86000000,52440.81000000,1749559499999999,8406901.91234000,30304,24839.31900000,3982520.32288000,0
1749559500000000,160.87000000,161.54000000,160.60000000,161.53000000,40198.17300000,1749560399999999,6472690.05594000,28321,20074.36600000,3232960.42546000,0
1749560400000000,161.53000000,161.60000000,160.95000000,161.57000000,37309.63300000,1749561299999999,6019986.09010000,26040,18067.95100000,2916024.51055000,0
1749561300000000,161.57000000,161.99000000,160.68000000,160.72000000,46403.19100000,1749562199999999,7489435.65914000,31280,18913.77100000,3053554.62437000,0
1749562200000000,160.73000000,160.98000000,158.27000000,158.41000000,106774.27900000,1749563099999999,17025379.79015000,67088,41113.12600000,6550919.43450000,0
1749563100000000,158.42000000,159.26000000,158.34000000,159.14000000,39226.92400000,1749563999999999,6230906.90234000,42712,18661.97600000,2964611.53665000,0
1749564000000000,159.14000000,159.20000000,157.81000000,158.83000000,44560.39100000,1749564899999999,7065873.08358000,41607,14454.15400000,2293440.63078000,0
1749564900000000,158.82000000,158.82000000,157.68000000,158.04000000,30252.47300000,1749565799999999,4786420.74528000,35471,12766.91900000,2020184.12574000,0
1749565800000000,158.04000000,158.15000000,156.77000000,156.93000000,52301.27600000,1749566699999999,8230409.89733000,41976,21336.76800000,3358299.79404000,0
1749566700000000,156.94000000,157.45000000,156.65000000,157.18000000,30956.19300000,1749567599999999,4861940.76737000,32957,16459.96400000,2584787.77518000,0
1749567600000000,157.17000000,158.43000000,156.68000000,158.29000000,45951.25600000,1749568499999999,7237316.90160000,37351,28083.14700000,4424950.14934000,0
1749568500000000,158.29000000,158.73000000,158.10000000,158.20000000,26311.82900000,1749569399999999,4169524.89857000,24461,16200.24400000,2567215.92538000,0
1749569400000000,158.20000000,158.21000000,156.32000000,157.34000000,52824.35800000,1749570299999999,8296538.62348000,52623,25456.07900000,3997934.01185000,0
1749570300000000,157.34000000,158.27000000,157.20000000,158.02000000,27882.86600000,1749571199999999,4401494.50668000,19479,18670.44500000,2947559.42085000,0
1749571200000000,158.03000000,158.40000000,157.81000000,158.38000000,18008.62200000,1749572099999999,2848259.83688000,22808,6823.57900000,1079322.51666000,0
1749572100000000,158.38000000,158.46000000,157.47000000,158.14000000,14967.64300000,1749572999999999,2364198.13979000,15854,6744.96000000,1065617.26286000,0
1749573000000000,158.15000000,158.30000000,157.41000000,157.53000000,14273.24300000,1749573899999999,2252523.06702000,16320,6602.59700000,1042239.17133000,0
1749573900000000,157.53000000,157.78000000,157.10000000,157.21000000,22876.07500000,1749574799999999,3601073.99309000,17994,8493.46800000,1336948.34435000,0
1749574800000000,157.20000000,158.17000000,157.17000000,158.04000000,23236.92400000,1749575699999999,3665404.65142000,18780,17243.29100000,2719523.82515000,0
1749575700000000,158.04000000,158.49000000,158.00000000,158.10000000,12400.72700000,1749576599999999,1962676.46180000,15802,6983.28800000,1105488.83621000,0
1749576600000000,158.10000000,158.65000000,157.87000000,158.35000000,16993.34400000,1749577499999999,2689494.54386000,14278,6781.54300000,1073885.72576000,0
1749577500000000,158.36000000,158.64000000,157.97000000,158.25000000,11679.93900000,1749578399999999,1848805.32192000,13043,3968.48300000,628264.62696000,0
1749578400000000,158.25000000,158.48000000,157.75000000,158.22000000,12116.98300000,1749579299999999,1915311.95257000,13260,3970.99900000,627910.69056000,0
1749579300000000,158.21000000,158.60000000,158.13000000,158.51000000,6404.00400000,1749580199999999,1014306.54859000,9318,4379.95500000,693749.61958000,0
1749580200000000,158.50000000,159.12000000,158.19000000,158.98000000,12363.34600000,1749581099999999,1961190.24402000,13830,7210.31400000,1143982.99577000,0
1749581100000000,158.99000000,164.99000000,158.91000000,163.95000000,377153.03800000,1749581999999999,61405633.34827000,161346,221847.20900000,36080907.16822000,0
1749582000000000,163.95000000,164.84000000,162.76000000,164.36000000,152020.99300000,1749582899999999,24904143.58890000,84310,78216.71900000,12808758.06571000,0
1749582900000000,164.35000000,164.89000000,163.82000000,164.13000000,75817.95600000,1749583799999999,12461337.26634000,49929,38053.89300000,6254626.90571000,0
1749583800000000,164.13000000,165.48000000,163.59000000,163.99000000,132038.49800000,1749584699999999,21743784.87167000,66370,76359.09100000,12582228.16256000,0
1749584700000000,163.99000000,163.99000000,162.82000000,163.61000000,80348.79500000,1749585599999999,13124218.98705000,63876,39023.93600000,6374128.78566000,0
1749585600000000,163.61000000,163.77000000,162.90000000,163.11000000,39649.58200000,1749586499999999,6471609.84801000,41336,18475.08800000,3015283.70843000,0
1749586500000000,163.12000000,164.06000000,162.86000000,163.70000000,30384.27200000,1749587399999999,4967889.40387000,33655,14825.87400000,2424637.84692000,0
1749587400000000,163.70000000,164.60000000,163.32000000,164.24000000,28219.50200000,1749588299999999,4628464.67089000,35533,16434.94500000,2696179.98143000,0
1749588300000000,164.24000000,165.61000000,164.08000000,165.57000000,64011.40800000,1749589199999999,10557416.74351000,36756,41536.44000000,6849946.83519000,0
1749589200000000,165.57000000,165.67000000,164.07000000,164.51000000,74034.12200000,1749590099999999,12193042.45442000,39942,29472.33600000,4853478.41172000,0
1749590100000000,164.50000000,164.51000000,163.34000000,163.99000000,59687.35600000,1749590999999999,9779484.55533000,36855,34953.81600000,5727151.66306000,0
1749591000000000,163.98000000,163.98000000,163.23000000,163.84000000,43502.16800000,1749591899999999,7117069.21152000,24900,24488.85600000,4006752.40336000,0
1749591900000000,163.85000000,164.35000000,163.09000000,163.89000000,20308.86300000,1749592799999999,3324542.96124000,21637,10505.93100000,1720165.23261000,0
1749592800000000,163.89000000,164.93000000,163.59000000,164.72000000,47228.08600000,1749593699999999,7758905.97694000,40138,25547.86700000,4197795.92294000,0
1749593700000000,164.72000000,165.16000000,164.49000000,164.66000000,35957.49700000,1749594599999999,5927237.34530000,34906,14811.14300000,2441070.85169000,0
1749594600000000,164.66000000,165.10000000,163.96000000,164.10000000,33111.06600000,1749595499999999,5448640.58046000,27374,13238.73900000,2179278.82063000,0
1749595500000000,164.11000000,165.07000000,163.77000000,164.94000000,28051.72700000,1749596399999999,4611549.90485000,24438,12037.13500000,1979260.05105000,0
1749596400000000,164.94000000,165.34000000,164.00000000,164.37000000,44716.20400000,1749597299999999,7365309.32666000,41558,18288.23100000,3012696.18020000,0
1749597300000000,164.38000000,164.86000000,164.00000000,164.47000000,37348.06100000,1749598199999999,6140385.44364000,28702,19803.32600000,3255911.76206000,0
1749598200000000,164.48000000,165.28000000,164.38000000,165.02000000,28040.10500000,1749599099999999,4621659.56334000,26211,11365.65300000,1873477.60331000,0
1749599100000000,165.03000000,165.17000000,164.75000000,165.12000000,20831.51800000,1749599999999999,3436614.43778000,16404,9485.25300000,1564746.64791000,0
1749600000000000,165.12000000,165.75000000,164.90000000,165.61000000,38744.56600000,1749600899999999,6403558.25039000,33810,18427.05400000,3046134.96121000,0
1749600900000000,165.62000000,165.80000000,164.38000000,164.45000000,43968.92400000,1749601799999999,7254339.82012000,37139,20095.62100000,3318493.79050000,0
1749601800000000,164.45000000,164.70000000,163.88000000,164.10000000,39491.37700000,1749602699999999,6488644.52360000,24903,12089.57000000,1986785.44046000,0
1749602700000000,164.11000000,165.22000000,163.93000000,164.61000000,42896.51200000,1749603599999999,7068395.90419000,30936,18285.84800000,3013373.59054000,0
1749603600000000,164.61000000,165.14000000,163.76000000,164.30000000,31726.62100000,1749604499999999,5214055.51426000,31495,13848.23000000,2275222.59375000,0
1749604500000000,164.31000000,164.36000000,163.48000000,163.94000000,28351.90700000,1749605399999999,4643124.50481000,23466,12522.74800000,2050668.93969000,0
1749605400000000,163.93000000,164.16000000,163.43000000,164.02000000,27894.98500000,1749606299999999,4568310.22401000,27844,14870.16300000,2435351.26016000,0
1749606300000000,164.01000000,164.51000000,163.77000000,164.16000000,61811.01200000,1749607199999999,10149354.60770000,32042,29915.85200000,4910950.60434000,0
1749607200000000,164.16000000,165.86000000,164.13000000,165.25000000,74081.86100000,1749608099999999,12235065.06516000,32305,41655.24600000,6877623.34384000,0
1749608100000000,165.24000000,165.30000000,164.11000000,164.60000000,31226.71400000,1749608999999999,5139254.73340000,22453,15968.93500000,2627935.59276000,0
1749609000000000,164.61000000,164.78000000,163.98000000,163.99000000,39213.82600000,1749609899999999,6446451.84402000,24178,15777.06400000,2593326.05008000,0
1749609900000000,163.98000000,164.35000000,163.68000000,164.33000000,21128.61600000,1749610799999999,3464028.58731000,18286,11702.30500000,1918875.41032000,0
1749610800000000,164.33000000,165.98000000,164.27000000,165.88000000,54636.72600000,1749611699999999,9036325.07132000,32910,31132.89300000,5147619.37200000,0
1749611700000000,165.87000000,167.18000000,165.30000000,166.53000000,105984.37800000,1749612599999999,17632095.97935000,52083,68862.33400000,11452395.57011000,0
1749612600000000,166.54000000,167.46000000,166.41000000,166.81000000,66947.03200000,1749613499999999,11175268.39189000,41757,36688.18600000,6123947.43748000,0
1749613500000000,166.80000000,167.43000000,166.58000000,166.67000000,58242.58000000,1749614399999999,9731697.33585000,33323,32101.23800000,5362391.13939000,0
1749614400000000,166.67000000,166.79000000,165.39000000,165.57000000,50257.28900000,1749615299999999,8339124.63867000,29932,20531.37800000,3407796.88190000,0
1749615300000000,165.58000000,165.88000000,164.93000000,165.11000000,37075.72200000,1749616199999999,6132095.39275000,24104,14663.81600000,2426066.73857000,0
1749616200000000,165.11000000,165.58000000,164.75000000,164.99000000,23165.31100000,1749617099999999,3826185.12189000,20784,13226.65300000,2184602.11427000,0
1749617100000000,164.99000000,165.29000000,164.81000000,165.08000000,26607.41300000,1749617999999999,4393528.32670000,15789,15663.64700000,2586618.42693000,0
1749618000000000,165.07000000,165.14000000,164.50000000,164.76000000,25757.58300000,1749618899999999,4243852.43883000,21644,12476.88300000,2055935.09223000,0
1749618900000000,164.76000000,165.12000000,164.35000000,165.04000000,13836.12100000,1749619799999999,2279285.57261000,14257,5761.86500000,949371.05950000,0
1749619800000000,165.04000000,165.28000000,164.53000000,164.55000000,10284.79400000,1749620699999999,1695197.38631000,12810,5367.10800000,884661.54351000,0
1749620700000000,164.54000000,164.94000000,164.40000000,164.94000000,10621.54100000,1749621599999999,1750047.26091000,10231,6225.17200000,1025842.84379000,0
1749621600000000,164.93000000,165.84000000,164.93000000,165.78000000,31309.04500000,1749622499999999,5182933.74687000,23119,19841.02200000,3284225.70226000,0
1749622500000000,165.78000000,166.54000000,165.40000000,166.10000000,35953.86400000,1749623399999999,5973071.36687000,23153,21842.86500000,3629023.21735000,0
1749623400000000,166.10000000,166.10000000,165.51000000,165.67000000,22625.40300000,1749624299999999,3751140.46341000,20997,9929.12600000,1646066.99291000,0
1749624300000000,165.68000000,166.26000000,165.43000000,165.95000000,25258.74800000,1749625199999999,4188692.69932000,20802,15065.73500000,2498730.73725000,0
1749625200000000,165.95000000,166.35000000,165.27000000,166.12000000,23788.61400000,1749626099999999,3943412.81892000,22073,10423.85700000,1728422.15213000,0
1749626100000000,166.12000000,166.98000000,166.03000000,166.69000000,36448.52300000,1749626999999999,6070190.72751000,29691,19017.50900000,3166886.79786000,0
1749627000000000,166.70000000,166.91000000,166.18000000,166.87000000,25455.98600000,1749627899999999,4239967.99341000,20241,12804.44100000,2132687.70374000,0
1749627900000000,166.87000000,167.15000000,166.47000000,166.65000000,39354.69000000,1749628799999999,6563980.67894000,23649,20758.48400000,3462749.75047000,0
1749628800000000,166.65000000,167.19000000,166.47000000,166.53000000,24000.30600000,1749629699999999,4003774.76207000,24707,12792.48800000,2134564.39909000,0
1749629700000000,166.53000000,166.98000000,166.01000000,166.11000000,21265.42600000,1749630599999999,3537814.35993000,20766,8823.18100000,1468354.65714000,0
1749630600000000,166.11000000,166.67000000,165.99000000,166.21000000,26537.04900000,1749631499999999,4411963.69140000,20728,10240.14000000,1702887.37657000,0
1749631500000000,166.21000000,166.21000000,165.55000000,165.76000000,20938.98000000,1749632399999999,3472427.56157000,19393,5389.92900000,893926.57045000,0
1749632400000000,165.76000000,166.39000000,165.54000000,166.38000000,21461.14100000,1749633299999999,3561483.10876000,27521,11916.60100000,1978098.60985000,0
1749633300000000,166.38000000,167.09000000,165.86000000,166.08000000,137746.96400000,1749634199999999,22926679.19114000,33674,55211.30500000,9189997.22943000,0
1749634200000000,166.08000000,166.29000000,165.37000000,165.38000000,32336.71400000,1749635099999999,5362778.68459000,23414,16429.55700000,2725434.97383000,0
1749635100000000,165.39000000,165.73000000,164.78000000,164.96000000,47465.67600000,1749635999999999,7841971.23445000,27513,21919.93500000,3621554.01553000,0
1749636000000000,164.97000000,165.16000000,164.61000000,164.85000000,37887.09800000,1749636899999999,6246089.91021000,28103,16219.08500000,2674065.19091000,0
1749636900000000,164.84000000,165.00000000,164.49000000,164.86000000,19476.13600000,1749637799999999,3208932.56065000,19681,7053.02900000,1162194.43863000,0
1749637800000000,164.86000000,165.25000000,164.15000000,164.58000000,26324.70300000,1749638699999999,4333922.21414000,18026,9168.24400000,1510356.91175000,0
1749638700000000,164.59000000,164.80000000,164.30000000,164.52000000,27245.04400000,1749639599999999,4483308.42787000,17318,17874.44800000,2941485.88218000,0
1749639600000000,164.52000000,164.99000000,164.42000000,164.68000000,24514.37400000,1749640499999999,4036852.38868000,16860,12272.75700000,2020647.58482000,0
1749640500000000,164.67000000,164.98000000,164.27000000,164.88000000,23836.37400000,1749641399999999,3924772.52178000,18890,9670.22700000,1592429.42517000,0
1749641400000000,164.87000000,165.22000000,164.05000000,164.31000000,23852.92900000,1749642299999999,3925014.33125000,18017,10165.38200000,1672444.41911000,0
1749642300000000,164.31000000,164.70000000,164.00000000,164.50000000,18572.27700000,1749643199999999,3052434.99726000,16752,9892.43800000,1625853.28855000,0
1749643200000000,164.50000000,164.91000000,164.00000000,164.51000000,42994.01200000,1749644099999999,7070814.30990000,34700,21246.90000000,3494459.74896000,0
1749644100000000,164.51000000,164.51000000,163.73000000,164.05000000,36632.27400000,1749644999999999,6007073.09008000,23618,16439.74600000,2695816.23683000,0
1749645000000000,164.05000000,167.31000000,164.05000000,167.00000000,165481.56600000,1749645899999999,27444095.61702000,60528,94707.63200000,15705829.72719000,0
1749645900000000,167.00000000,167.48000000,166.60000000,167.21000000,74596.27100000,1749646799999999,12459025.69158000,46830,35018.61000000,5849800.58494000,0
1749646800000000,167.22000000,167.40000000,166.41000000,166.68000000,55971.29700000,1749647699999999,9346362.36654000,38482,23272.46900000,3885786.74531000,0
1749647700000000,166.69000000,167.34000000,166.61000000,167.04000000,64832.80400000,1749648599999999,10832504.88370000,33163,40518.56700000,6770080.41894000,0
1749648600000000,167.04000000,167.07000000,165.31000000,166.17000000,101100.27200000,1749649499999999,16797723.13094000,70819,58790.93500000,9770023.38598000,0
1749649500000000,166.18000000,166.19000000,165.18000000,165.77000000,30912.88900000,1749650399999999,5121384.03293000,37498,15192.75100000,2516389.40233000,0
1749650400000000,165.78000000,166.56000000,165.53000000,166.56000000,31953.56000000,1749651299999999,5309458.13097000,36201,17322.69600000,2878425.95996000,0
1749651300000000,166.55000000,168.00000000,166.41000000,167.71000000,72538.55600000,1749652199999999,12147457.03328000,50601,43739.85400000,7324303.61327000,0
1749652200000000,167.72000000,168.36000000,166.78000000,167.43000000,118074.80700000,1749653099999999,19789263.03381000,67646,71917.63100000,12061273.02658000,0
1749653100000000,167.43000000,167.60000000,166.74000000,167.07000000,46667.89500000,1749653999999999,7799282.05673000,32485,30527.16100000,5101837.87421000,0
1749654000000000,167.07000000,167.67000000,165.98000000,166.04000000,49993.03700000,1749654899999999,8342580.65889000,42853,25965.70900000,4337283.12534000,0
1749654900000000,166.05000000,166.52000000,165.87000000,166.42000000,27998.91100000,1749655799999999,4653989.53042000,27620,16804.25400000,2793122.73636000,0
1749655800000000,166.43000000,166.99000000,166.32000000,166.56000000,39054.43800000,1749656699999999,6507961.88160000,35618,22813.65500000,3802330.26648000,0
1749656700000000,166.56000000,167.41000000,166.56000000,167.26000000,79221.05700000,1749657599999999,13239554.61838000,37617,57924.81000000,9681303.80188000,0
1749657600000000,167.27000000,167.44000000,166.09000000,166.51000000,52124.79100000,1749658499999999,8686337.21808000,38900,24511.84600000,4084751.08436000,0
1749658500000000,166.52000000,167.17000000,166.38000000,167.10000000,42376.22500000,1749659399999999,7064927.65456000,36431,24285.97300000,4050089.80143000,0
1749659400000000,167.09000000,167.24000000,166.59000000,167.04000000,27372.07800000,1749660299999999,4567610.17901000,28324,15140.82000000,2526537.28558000,0
1749660300000000,167.04000000,167.44000000,166.64000000,166.66000000,44249.66700000,1749661199999999,7390433.78333000,21423,23684.34300000,3955545.01067000,0
1749661200000000,166.66000000,166.66000000,165.96000000,166.32000000,30374.47000000,1749662099999999,5048653.07343000,20953,15892.62900000,2641588.49980000,0
1749662100000000,166.33000000,166.65000000,165.97000000,166.38000000,18982.53500000,1749662999999999,3156382.28568000,14826,11725.92000000,1950292.29351000,0
1749663000000000,166.38000000,166.62000000,165.26000000,165.26000000,31774.42000000,1749663899999999,5270809.85483000,22433,12711.43200000,2109185.93339000,0
1749663900000000,165.26000000,165.30000000,163.83000000,163.86000000,81386.64500000,1749664799999999,13379758.42953000,38923,29858.27400000,4907953.85994000,0
1749664800000000,163.86000000,164.12000000,163.20000000,163.29000000,70268.26500000,1749665699999999,11494765.21226000,48829,35619.05000000,5827631.34900000,0
1749665700000000,163.28000000,164.05000000,162.39000000,163.60000000,92099.21300000,1749666599999999,15022197.38923000,52818,42208.50200000,6887946.84057000,0
1749666600000000,163.59000000,163.90000000,163.06000000,163.83000000,30868.51300000,1749667499999999,5047594.68232000,29107,15990.90600000,2615170.11389000,0
1749667500000000,163.83000000,163.85000000,163.14000000,163.34000000,22112.74400000,1749668399999999,3615942.17759000,21034,9358.20200000,1530174.90715000,0
1749668400000000,163.33000000,163.49000000,162.64000000,163.26000000,42093.29900000,1749669299999999,6861046.40784000,25041,29415.82000000,4794399.93268000,0
1749669300000000,163.26000000,163.56000000,162.81000000,163.40000000,19663.90800000,1749670199999999,3209551.88637000,22236,9460.36000000,1544124.89799000,0
1749670200000000,163.39000000,163.48000000,162.51000000,163.24000000,24047.16400000,1749671099999999,3920649.63928000,20360,13239.72700000,2159270.04471000,0
1749671100000000,163.24000000,163.30000000,162.50000000,162.64000000,26963.03200000,1749671999999999,4387801.78778000,24134,13326.72400000,2168558.26620000,0
1749672000000000,162.64000000,163.25000000,161.85000000,163.17000000,57581.92300000,1749672899999999,9350642.94335000,30478,24862.87700000,4039344.22536000,0
1749672900000000,163.17000000,163.74000000,163.03000000,163.58000000,25407.64300000,1749673799999999,4153547.29762000,13254,13505.05000000,2207690.26801000,0
1749673800000000,163.59000000,163.66000000,163.31000000,163.52000000,22988.50600000,1749674699999999,3757618.72769000,12738,12964.44100000,2119008.79876000,0
1749674700000000,163.52000000,163.53000000,162.98000000,163.16000000,22975.69700000,1749675599999999,3748619.33411000,13729,7403.64200000,1207900.43192000,0
1749675600000000,163.17000000,163.85000000,162.93000000,163.81000000,20016.42600000,1749676499999999,3268617.66804000,10355,9667.87000000,1578993.87915000,0
1749676500000000,163.82000000,163.86000000,163.12000000,163.13000000,21152.92900000,1749677399999999,3460856.31199000,11143,9001.22300000,1473265.76465000,0
1749677400000000,163.12000000,163.12000000,160.94000000,161.57000000,65652.03100000,1749678299999999,10616458.46807000,32284,19283.83300000,3118291.43132000,0
1749678300000000,161.58000000,161.85000000,160.24000000,160.41000000,55373.55600000,1749679199999999,8913827.28070000,33554,16648.15900000,2681614.15782000,0
1749679200000000,160.41000000,160.75000000,159.37000000,160.67000000,108569.76800000,1749680099999999,17390733.61809000,53424,60298.04600000,9662373.69775000,0
1749680100000000,160.67000000,160.78000000,159.44000000,159.89000000,47495.50600000,1749680999999999,7595450.94934000,37934,17159.53200000,2744439.58336000,0
1749681000000000,159.89000000,160.06000000,159.21000000,159.93000000,33180.97900000,1749681899999999,5296692.59038000,34506,14722.51700000,2349897.17324000,0
1749681900000000,159.93000000,160.38000000,159.81000000,160.11000000,25471.16200000,1749682799999999,4077952.78234000,24439,12065.91100000,1931479.97561000,0
1749682800000000,160.11000000,160.55000000,159.91000000,160.30000000,24787.70400000,1749683699999999,3974130.10545000,20269,14750.22000000,2364931.75395000,0
1749683700000000,160.30000000,160.90000000,160.26000000,160.88000000,21234.14500000,1749684599999999,3412274.81535000,15821,15205.26500000,2443538.80865000,0
1749684600000000,160.89000000,161.13000000,160.69000000,160.85000000,21568.97500000,1749685499999999,3471738.02836000,15067,13693.14900000,2204099.06782000,0
1749685500000000,160.85000000,161.16000000,160.55000000,160.97000000,13577.95900000,1749686399999999,2185082.09706000,11917,5230.58100000,841568.59102000,0
1749686400000000,160.98000000,161.16000000,160.38000000,160.65000000,69038.92700000,1749687299999999,11100470.40650000,32500,22738.57800000,3655627.04258000,0
1749687300000000,160.65000000,161.28000000,160.21000000,160.24000000,24380.30500000,1749688199999999,3921307.64349000,21587,11810.70500000,1900411.93362000,0
1749688200000000,160.23000000,160.72000000,159.63000000,160.72000000,24458.45400000,1749689099999999,3917090.68591000,25166,10406.28500000,1667315.67851000,0
1749689100000000,160.71000000,161.00000000,160.46000000,160.82000000,16452.38100000,1749689999999999,2645204.42722000,19262,8406.08200000,1351703.44887000,0
1749690000000000,160.81000000,161.00000000,160.24000000,160.56000000,19473.41100000,1749690899999999,3127864.47843000,16809,10281.03300000,1651497.26053000,0
1749690900000000,160.56000000,161.00000000,160.21000000,160.30000000,16812.34200000,1749691799999999,2699447.44997000,20297,6982.94600000,1121225.73734000,0
1749691800000000,160.30000000,160.39000000,159.29000000,160.00000000,53551.47500000,1749692699999999,8547135.45058000,27979,21499.10500000,3430974.19816000,0
1749692700000000,160.00000000,160.40000000,159.35000000,160.38000000,17213.28300000,1749693599999999,2750681.90027000,19921,7943.21000000,1269179.78927000,0
1749693600000000,160.39000000,161.01000000,160.20000000,160.52000000,15424.39400000,1749694499999999,2478266.10550000,15873,7296.85100000,1172541.87252000,0
1749694500000000,160.52000000,160.57000000,159.64000000,160.06000000,17908.59500000,1749695399999999,2865961.43172000,14840,5712.46000000,914211.53769000,0
1749695400000000,160.05000000,160.13000000,159.59000000,159.71000000,20120.66700000,1749696299999999,3215917.11720000,16273,8772.70600000,1402340.79726000,0
1749696300000000,159.71000000,160.53000000,159.58000000,160.02000000,30855.29100000,1749697199999999,4937931.00636000,22025,17790.24100000,2847581.87564000,0
1749697200000000,160.02000000,160.63000000,159.94000000,160.38000000,20788.29000000,1749698099999999,3333593.75164000,18796,9957.47300000,1596924.35047000,0
1749698100000000,160.39000000,160.49000000,159.28000000,159.71000000,36654.37700000,1749698999999999,5854303.68957000,27498,10951.00900000,1748215.56790000,0
1749699000000000,159.71000000,160.41000000,159.62000000,160.41000000,23430.85200000,1749699899999999,3751617.29514000,20559,10673.01200000,1708898.76648000,0
1749699900000000,160.41000000,160.59000000,159.80000000,159.87000000,19832.59400000,1749700799999999,3175571.65055000,15919,6114.48600000,979471.83361000,0
1749700800000000,159.87000000,160.26000000,159.84000000,160.09000000,19995.54900000,1749701699999999,3200168.85718000,18887,9804.66900000,1569012.25235000,0
1749701700000000,160.09000000,160.56000000,159.77000000,160.11000000,20427.40200000,1749702599999999,3271678.17727000,19658,8600.88900000,1377548.61082000,0
1749702600000000,160.11000000,160.26000000,159.40000000,159.48000000,21447.40500000,1749703499999999,3425030.65876000,14618,6492.75200000,1036611.73079000,0
1749703500000000,159.48000000,160.08000000,159.42000000,159.98000000,24586.79200000,1749704399999999,3928706.41619000,14177,9436.07600000,1507535.58691000,0
1749704400000000,159.97000000,159.98000000,158.74000000,159.08000000,36955.37300000,1749705299999999,5880662.58354000,22589,11253.46300000,1790277.54045000,0
1749705300000000,159.09000000,160.06000000,159.08000000,159.84000000,18311.47700000,1749706199999999,2922882.15343000,13842,12727.95600000,2031367.78918000,0
1749706200000000,159.85000000,160.10000000,159.11000000,159.26000000,20396.13700000,1749707099999999,3253821.29380000,16824,6994.74800000,1116621.11828000,0
1749707100000000,159.27000000,159.75000000,159.26000000,159.51000000,11939.31300000,1749707999999999,1904610.40182000,9812,6514.61700000,1039393.35133000,0
1749708000000000,159.50000000,159.52000000,159.08000000,159.15000000,13505.81000000,1749708899999999,2151069.17904000,14575,6003.76300000,956363.87568000,0
1749708900000000,159.14000000,159.39000000,158.88000000,159.34000000,11555.27300000,1749709799999999,1838790.51669000,15119,5443.00200000,866257.07515000,0
1749709800000000,159.35000000,159.99000000,159.30000000,159.90000000,12690.68400000,1749710699999999,2026237.36061000,14614,7692.39700000,1228358.19909000,0
1749710700000000,159.89000000,159.89000000,159.21000000,159.32000000,15945.63900000,1749711599999999,2542531.26289000,11036,7011.96000000,1117713.95558000,0
1749711600000000,159.32000000,159.66000000,159.13000000,159.49000000,12752.15400000,1749712499999999,2033231.39232000,14478,8160.81200000,1301485.78398000,0
1749712500000000,159.49000000,159.60000000,158.85000000,158.87000000,13038.34700000,1749713399999999,2076557.79889000,12312,4780.31200000,761714.10205000,0
1749713400000000,158.88000000,159.17000000,158.28000000,158.81000000,57388.91300000,1749714299999999,9101080.17641000,21005,15417.93800000,2446537.55264000,0
1749714300000000,158.82000000,159.27000000,158.52000000,158.80000000,18016.42400000,1749715199999999,2861842.18389000,15806,9247.54100000,1469254.19099000,0
1749715200000000,158.80000000,159.37000000,158.17000000,159.34000000,38831.84400000,1749716099999999,6162202.82766000,23816,18363.97800000,2916704.76232000,0
1749716100000000,159.34000000,159.34000000,157.98000000,159.05000000,98517.13500000,1749716999999999,15631758.59038000,29338,26609.93600000,4228616.57498000,0
1749717000000000,159.05000000,159.36000000,158.94000000,159.19000000,31234.70500000,1749717899999999,4972385.48794000,19404,18987.65100000,3022551.11661000,0
1749717900000000,159.19000000,159.57000000,159.02000000,159.46000000,18441.63100000,1749718799999999,2939661.51759000,10151,12323.22300000,1964241.83753000,0
1749718800000000,159.45000000,159.75000000,159.33000000,159.34000000,23125.13900000,1749719699999999,3688866.80938000,16026,16170.71000000,2579538.95466000,0
1749719700000000,159.33000000,159.58000000,159.18000000,159.48000000,17850.66900000,1749720599999999,2844523.66526000,15878,13022.83200000,2075146.82055000,0
1749720600000000,159.48000000,159.92000000,159.47000000,159.79000000,18680.81400000,1749721499999999,2984006.90317000,13702,12811.10000000,2046371.76693000,0
1749721500000000,159.79000000,159.87000000,159.44000000,159.61000000,19507.44700000,1749722399999999,3113620.42151000,12704,12709.39400000,2028457.34757000,0
1749722400000000,159.60000000,159.65000000,158.86000000,158.90000000,24027.23800000,1749723299999999,3821592.44851000,18022,12473.33800000,1983984.37994000,0
1749723300000000,158.91000000,159.19000000,158.44000000,158.84000000,23517.88800000,1749724199999999,3735066.16038000,26959,11762.11000000,1868050.65624000,0
1749724200000000,158.84000000,159.05000000,158.55000000,158.84000000,15030.49100000,1749725099999999,2386451.58982000,19276,8307.17200000,1318902.39691000,0
1749725100000000,158.85000000,159.20000000,158.60000000,159.10000000,21521.38400000,1749725999999999,3418735.34379000,22871,11487.31500000,1824858.11373000,0
1749726000000000,159.10000000,159.15000000,158.52000000,158.56000000,17408.36400000,1749726899999999,2763259.39196000,19285,8054.18500000,1278557.34578000,0
1749726900000000,158.55000000,158.55000000,157.67000000,157.76000000,33532.29200000,1749727799999999,5297837.89842000,26928,14014.71800000,2214698.95617000,0
1749727800000000,157.77000000,158.12000000,157.42000000,158.04000000,31402.81300000,1749728699999999,4954651.70988000,24609,17887.33100000,2822687.19172000,0
1749728700000000,158.04000000,158.23000000,157.65000000,157.72000000,23141.62800000,1749729599999999,3652944.18772000,21857,10978.19100000,1732713.65603000,0
1749729600000000,157.72000000,158.07000000,157.31000000,157.65000000,26408.65700000,1749730499999999,4165398.77969000,22107,11779.99100000,1858219.89599000,0
1749730500000000,157.65000000,158.26000000,157.57000000,158.19000000,19846.37200000,1749731399999999,3135595.94184000,15925,9822.25400000,1551892.22798000,0
1749731400000000,158.19000000,159.12000000,158.06000000,159.12000000,45347.03400000,1749732299999999,7196549.58261000,25170,25538.96900000,4053067.63087000,0
1749732300000000,159.12000000,159.12000000,158.33000000,158.65000000,26386.61600000,1749733199999999,4186746.75144000,19080,10372.93200000,1645440.85915000,0
1749733200000000,158.65000000,159.04000000,158.40000000,158.76000000,38252.99300000,1749734099999999,6075513.12193000,22276,13460.91500000,2137316.82551000,0
1749734100000000,158.77000000,159.00000000,158.14000000,158.25000000,19060.54900000,1749734999999999,3020972.27056000,17384,8439.14300000,1337851.20590000,0
1749735000000000,158.24000000,159.02000000,157.82000000,158.99000000,34725.87400000,1749735899999999,5503745.08000000,32600,19689.33300000,3122303.97401000,0
1749735900000000,158.99000000,159.05000000,158.38000000,158.80000000,33210.10600000,1749736799999999,5274908.81628000,23858,13653.49000000,2167826.78647000,0
1749736800000000,158.80000000,159.74000000,158.80000000,159.72000000,38979.26900000,1749737699999999,6209883.30699000,22678,20471.73900000,3261077.76106000,0
1749737700000000,159.72000000,160.31000000,159.53000000,160.11000000,35247.99400000,1749738599999999,5638958.33223000,23291,22913.22200000,3666234.55635000,0
1749738600000000,160.12000000,160.64000000,160.06000000,160.23000000,29709.45600000,1749739499999999,4764486.05368000,21562,17593.58800000,2821513.53138000,0
1749739500000000,160.24000000,160.58000000,159.81000000,159.94000000,34495.15700000,1749740399999999,5528952.20930000,15861,17011.39900000,2726912.25890000,0
1749740400000000,159.94000000,160.33000000,159.62000000,159.65000000,16258.80100000,1749741299999999,2601844.37628000,21883,6592.54200000,1055002.07794000,0
1749741300000000,159.65000000,159.90000000,157.69000000,158.29000000,63851.05300000,1749742199999999,10116476.50520000,38936,26821.07300000,4246389.87502000,0
1749742200000000,158.29000000,158.77000000,158.11000000,158.48000000,29157.96100000,1749743099999999,4618662.70631000,30997,15157.26600000,2400877.55880000,0
1749743100000000,158.48000000,158.52000000,156.44000000,157.02000000,122751.37000000,1749743999999999,19265747.85544000,63758,70831.77700000,11110653.37392000,0
1749744000000000,157.02000000,158.01000000,156.73000000,157.73000000,46496.31900000,1749744899999999,7324252.62838000,41105,21900.49200000,3448618.04120000,0
1749744900000000,157.74000000,158.64000000,157.69000000,158.40000000,29369.90600000,1749745799999999,4648028.43532000,26762,17535.63300000,2776222.78035000,0
1749745800000000,158.41000000,158.45000000,157.96000000,158.30000000,16712.76600000,1749746699999999,2644015.77306000,23188,7159.45700000,1132635.23077000,0
1749746700000000,158.30000000,158.52000000,157.82000000,158.35000000,14897.14500000,1749747599999999,2355934.68730000,13473,7738.46800000,1223898.31598000,0
1749747600000000,158.34000000,158.91000000,158.10000000,158.70000000,22309.01700000,1749748499999999,3538523.80650000,15667,13470.30200000,2136529.18869000,0
1749748500000000,158.70000000,159.85000000,158.69000000,159.53000000,33923.82700000,1749749399999999,5410458.44481000,25389,17099.76500000,2727178.03042000,0
1749749400000000,159.52000000,160.31000000,159.52000000,160.25000000,37995.80100000,1749750299999999,6078691.04169000,21591,19797.36200000,3168042.48075000,0
1749750300000000,160.26000000,160.46000000,159.83000000,160.02000000,19079.80700000,1749751199999999,3056935.53919000,20315,6939.93600000,1112071.32971000,0
1749751200000000,160.02000000,160.09000000,158.94000000,159.01000000,22594.91400000,1749752099999999,3603343.84147000,19666,9043.17800000,1442471.46049000,0
1749752100000000,159.01000000,159.23000000,157.68000000,158.08000000,24346.75800000,1749752999999999,3851832.84200000,25663,8807.29500000,1393377.01538000,0
1749753000000000,158.08000000,158.61000000,157.32000000,157.46000000,19517.24800000,1749753899999999,3085121.44909000,20304,9463.80300000,1496879.82595000,0
1749753900000000,157.47000000,157.91000000,156.94000000,157.73000000,34283.72400000,1749754799999999,5395446.82238000,25120,20355.63200000,3204567.30696000,0
1749754800000000,157.73000000,157.98000000,157.31000000,157.77000000,16219.42200000,1749755699999999,2556338.94472000,21355,8057.45800000,1270083.44566000,0
1749755700000000,157.77000000,158.08000000,157.28000000,157.52000000,15233.51500000,1749756599999999,2401788.50784000,19574,8228.59600000,1297391.45625000,0
1749756600000000,157.52000000,157.71000000,156.51000000,156.55000000,19955.87300000,1749757499999999,3133092.04856000,22432,6646.70200000,1043366.39356000,0
1749757500000000,156.55000000,156.55000000,154.50000000,154.84000000,115059.57200000,1749758399999999,17863291.88095000,73399,40296.09000000,6253128.94920000,0
1749758400000000,154.84000000,155.47000000,154.22000000,154.39000000,57299.24200000,1749759299999999,8877558.72433000,52739,28449.50500000,4410517.00363000,0
1749759300000000,154.39000000,155.30000000,154.27000000,155.19000000,33257.45200000,1749760199999999,5151225.83885000,33345,15325.16800000,2373624.75503000,0
1749760200000000,155.18000000,155.29000000,153.41000000,153.63000000,79752.88000000,1749761099999999,12295065.67544000,43860,31320.29500000,4829843.48185000,0
1749761100000000,153.64000000,153.85000000,152.32000000,153.23000000,108697.65500000,1749761999999999,16627882.38666000,85550,49432.70400000,7563226.81912000,0
1749762000000000,153.22000000,153.35000000,152.22000000,152.23000000,68516.36800000,1749762899999999,10471329.20606000,50884,29919.41200000,4573420.06398000,0
1749762900000000,152.24000000,153.52000000,152.20000000,153.51000000,27887.39100000,1749763799999999,4263317.46810000,25983,13051.95500000,1995448.60195000,0
1749763800000000,153.51000000,153.65000000,152.64000000,153.11000000,31921.38700000,1749764699999999,4887688.02339000,26635,14676.74300000,2246805.84569000,0
1749764700000000,153.11000000,153.36000000,152.25000000,152.34000000,18870.36200000,1749765599999999,2884037.34019000,18765,7964.80200000,1217559.24886000,0
1749765600000000,152.34000000,152.96000000,152.25000000,152.82000000,16502.85900000,1749766499999999,2518236.02703000,25370,9512.25600000,1451644.84693000,0
1749766500000000,152.82000000,152.91000000,152.23000000,152.35000000,20045.53300000,1749767399999999,3057978.96559000,22573,9520.23300000,1452138.06278000,0
1749767400000000,152.34000000,152.65000000,152.03000000,152.07000000,24962.91300000,1749768299999999,3801759.64120000,21453,11221.04500000,1709036.79104000,0
1749768300000000,152.07000000,152.60000000,152.02000000,152.50000000,18039.61900000,1749769199999999,2747044.08555000,17010,7496.86800000,1141857.40518000,0
1749769200000000,152.50000000,152.86000000,152.14000000,152.20000000,19142.58600000,1749770099999999,2920344.00310000,19416,8281.24300000,1263257.84549000,0
1749770100000000,152.21000000,152.95000000,152.08000000,152.83000000,14542.61500000,1749770999999999,2218885.76035000,18979,7335.51800000,1119328.03654000,0
1749771000000000,152.84000000,152.86000000,152.39000000,152.76000000,15716.07900000,1749771899999999,2398927.46816000,16272,7442.18600000,1136043.37513000,0
1749771900000000,152.75000000,152.93000000,152.32000000,152.32000000,15517.05600000,1749772799999999,2368988.55358000,16100,7024.82700000,1072630.26427000,0
1749772800000000,152.32000000,152.59000000,147.15000000,147.98000000,385856.35700000,1749773699999999,57652101.93047000,176418,150623.62300000,22490546.74604000,0
1749773700000000,147.98000000,148.54000000,145.38000000,145.84000000,201062.43700000,1749774599999999,29541846.95667000,136564,84964.74900000,12481666.63828000,0
1749774600000000,145.84000000,146.44000000,142.34000000,145.00000000,357244.55200000,1749775499999999,51584944.88838000,184520,163858.20500000,23663033.44327000,0
1749775500000000,145.00000000,145.75000000,143.64000000,145.57000000,116280.16700000,1749776399999999,16819976.40383000,89245,59806.53200000,8653802.21322000,0
1749776400000000,145.57000000,145.58000000,142.45000000,142.93000000,190279.23600000,1749777299999999,27367928.60403000,117769,79900.96100000,11489814.74194000,0
1749777300000000,142.94000000,144.51000000,142.78000000,143.76000000,115731.48300000,1749778199999999,16649648.35385000,95016,61197.99200000,8806274.43939000,0
1749778200000000,143.77000000,143.77000000,140.87000000,143.39000000,227096.43500000,1749779099999999,32346166.80420000,115080,96988.49200000,13813475.71407000,0
1749779100000000,143.39000000,144.03000000,142.74000000,143.33000000,77786.54300000,1749779999999999,11151835.03701000,58200,45427.88000000,6512899.52197000,0
1749780000000000,143.32000000,143.33000000,142.50000000,142.52000000,62474.94900000,1749780899999999,8931287.19944000,58510,30980.69000000,4428992.89879000,0
1749780900000000,142.51000000,143.07000000,141.63000000,142.35000000,79997.46500000,1749781799999999,11380738.08030000,64574,38749.07700000,5514782.74192000,0
1749781800000000,142.35000000,142.91000000,140.21000000,141.34000000,117207.24500000,1749782699999999,16586691.41049000,64066,46250.07800000,6558916.70632000,0
1749782700000000,141.34000000,142.73000000,141.17000000,142.67000000,50508.66200000,1749783599999999,7180979.20238000,45259,31145.21700000,4428494.21567000,0
1749783600000000,142.67000000,143.57000000,142.63000000,143.22000000,81985.45600000,1749784499999999,11737100.42247000,34680,47260.83100000,6766220.76621000,0
1749784500000000,143.23000000,144.34000000,143.15000000,143.94000000,72008.75100000,1749785399999999,10359944.49929000,36421,42566.46400000,6123259.81726000,0
1749785400000000,143.93000000,144.49000000,143.75000000,143.94000000,47687.77400000,1749786299999999,6875293.82553000,30327,31313.82700000,4514907.72732000,0
1749786300000000,143.94000000,145.32000000,143.63000000,144.76000000,97240.89600000,1749787199999999,14065170.02315000,44061,61379.15900000,8878555.70305000,0
1749787200000000,144.76000000,144.76000000,143.57000000,143.61000000,59199.87300000,1749788099999999,8526729.49990000,31488,26093.97600000,3759225.38838000,0
1749788100000000,143.61000000,144.21000000,143.47000000,144.08000000,36507.45500000,1749788999999999,5251768.67448000,25828,17286.79600000,2486576.44129000,0
1749789000000000,144.07000000,144.69000000,144.01000000,144.69000000,31687.30700000,1749789899999999,4573043.63933000,20865,19474.77800000,2810507.92864000,0
1749789900000000,144.69000000,144.70000000,144.07000000,144.28000000,23597.62100000,1749790799999999,3405167.56730000,16179,12389.11900000,1787526.66862000,0
1749790800000000,144.27000000,144.28000000,143.70000000,143.93000000,49204.72600000,1749791699999999,7078757.11911000,23805,22094.49300000,3178777.72923000,0
1749791700000000,143.92000000,144.22000000,143.66000000,143.90000000,38527.71100000,1749792599999999,5546616.24801000,28056,17005.90900000,2448235.51076000,0
1749792600000000,143.91000000,144.05000000,143.51000000,143.77000000,31956.85700000,1749793499999999,4594747.25511000,27916,16670.44500000,2396761.70043000,0
1749793500000000,143.78000000,144.31000000,143.66000000,143.76000000,44124.03300000,1749794399999999,6353229.40023000,23593,23534.10200000,3388338.89398000,0
1749794400000000,143.77000000,144.17000000,143.19000000,143.27000000,38637.97200000,1749795299999999,5551406.81726000,28198,19418.67700000,2789910.40822000,0
1749795300000000,143.27000000,143.30000000,142.58000000,142.81000000,35897.75600000,1749796199999999,5129314.68409000,28547,16114.01600000,2302200.25617000,0
1749796200000000,142.81000000,143.53000000,142.81000000,143.45000000,31670.94000000,1749797099999999,4534800.25452000,23123,19423.26700000,2781360.72059000,0
1749797100000000,143.44000000,144.94000000,143.02000000,144.94000000,52177.01300000,1749797999999999,7520398.37132000,34283,33786.88900000,4870092.32860000,0
1749798000000000,144.93000000,144.94000000,144.22000000,144.49000000,74261.79000000,1749798899999999,10732268.66719000,26701,48954.35100000,7074637.86656000,0
1749798900000000,144.49000000,145.12000000,144.23000000,145.02000000,42537.51200000,1749799799999999,6152560.02210000,26114,27603.64000000,3992895.22175000,0
1749799800000000,145.02000000,145.46000000,144.66000000,145.08000000,80559.66900000,1749800699999999,11688341.71098000,36137,37372.33800000,5421720.88829000,0
1749800700000000,145.09000000,145.28000000,144.77000000,145.02000000,40949.98100000,1749801599999999,5939698.46811000,26594,23459.78700000,3402611.85032000,0
1749801600000000,145.02000000,146.67000000,144.91000000,146.56000000,91115.50300000,1749802499999999,13271226.66770000,44686,53669.74400000,7818679.77256000,0
1749802500000000,146.55000000,146.56000000,145.64000000,146.14000000,42534.93400000,1749803399999999,6213668.58283000,29861,22582.33100000,3298789.91905000,0
1749803400000000,146.14000000,146.55000000,145.00000000,145.02000000,47177.71400000,1749804299999999,6879572.65962000,28401,18969.27700000,2767995.40988000,0
1749804300000000,145.01000000,145.04000000,144.34000000,144.85000000,40090.51600000,1749805199999999,5804111.77577000,30649,18797.60800000,2721421.73034000,0
1749805200000000,144.85000000,145.02000000,144.43000000,144.77000000,47318.90000000,1749806099999999,6850590.62895000,33004,22315.36500000,3230753.59073000,0
1749806100000000,144.77000000,145.08000000,144.44000000,144.96000000,45301.68900000,1749806999999999,6554000.08176000,26930,20179.82700000,2919802.61344000,0
1749807000000000,144.95000000,145.09000000,144.47000000,144.64000000,24446.25600000,1749807899999999,3538525.28604000,19820,12144.99000000,1757739.04528000,0
1749807900000000,144.64000000,145.09000000,144.37000000,144.80000000,48539.86000000,1749808799999999,7021509.58332000,25358,22549.75400000,3262123.16337000,0
1749808800000000,144.80000000,144.98000000,143.66000000,144.24000000,46735.01000000,1749809699999999,6737616.13510000,31000,18965.37700000,2734310.66176000,0
1749809700000000,144.24000000,144.34000000,143.83000000,144.14000000,18618.87600000,1749810599999999,2682789.87136000,20094,7593.12900000,1093960.90668000,0
1749810600000000,144.14000000,144.71000000,143.80000000,144.48000000,35092.67100000,1749811499999999,5066285.92127000,23516,17386.26200000,2509429.75914000,0
1749811500000000,144.48000000,145.04000000,143.93000000,144.99000000,44959.97300000,1749812399999999,6500791.98130000,26480,23385.83900000,3383266.99304000,0
1749812400000000,144.99000000,145.71000000,144.78000000,144.99000000,41575.75800000,1749813299999999,6037302.49874000,28064,20698.90600000,3005984.54384000,0
1749813300000000,144.98000000,145.10000000,144.23000000,144.53000000,25228.26100000,1749814199999999,3647814.49935000,20730,11665.85600000,1687019.66277000,0
1749814200000000,144.53000000,145.16000000,144.45000000,145.11000000,31088.19700000,1749815099999999,4499633.63722000,22342,15929.43600000,2305597.46326000,0
1749815100000000,145.10000000,145.52000000,144.94000000,145.45000000,43091.52200000,1749815999999999,6258419.03564000,18149,21590.90800000,3136054.37796000,0
1749816000000000,145.45000000,146.00000000,145.20000000,145.86000000,54048.00900000,1749816899999999,7871712.69248000,29016,31000.19200000,4514539.70536000,0
1749816900000000,145.86000000,146.07000000,145.33000000,145.67000000,41637.30600000,1749817799999999,6063601.35878000,30725,23133.44400000,3368432.65032000,0
1749817800000000,145.66000000,146.26000000,145.20000000,145.23000000,29253.41100000,1749818699999999,4263857.42559000,27202,15666.09300000,2283518.61097000,0
1749818700000000,145.24000000,145.60000000,144.93000000,145.14000000,20723.27500000,1749819599999999,3009619.76987000,20529,10045.59300000,1459136.33863000,0
1749819600000000,145.15000000,145.23000000,144.80000000,145.12000000,23848.21900000,1749820499999999,3457620.41295000,23967,10007.39200000,1450886.01126000,0
1749820500000000,145.12000000,145.34000000,144.62000000,144.89000000,34001.02200000,1749821399999999,4926745.75545000,29878,17436.54600000,2526003.46802000,0
1749821400000000,144.89000000,146.48000000,144.76000000,146.17000000,61299.11100000,1749822299999999,8936625.85668000,57227,33464.43700000,4879247.26429000,0
1749822300000000,146.18000000,146.24000000,145.17000000,145.29000000,49202.18800000,1749823199999999,7171800.11128000,42259,24657.62200000,3593995.03789000,0
1749823200000000,145.30000000,146.26000000,144.76000000,144.89000000,88634.39600000,1749824099999999,12891023.62034000,52907,37460.44200000,5449607.08996000,0
1749824100000000,144.88000000,144.93000000,144.06000000,144.09000000,46110.08300000,1749824999999999,6662185.51302000,37320,16451.97900000,2377583.70032000,0
1749825000000000,144.09000000,145.39000000,143.92000000,145.24000000,38951.93100000,1749825899999999,5630443.07942000,31381,20840.56800000,3013162.65654000,0
1749825900000000,145.24000000,146.37000000,144.92000000,146.17000000,38159.90700000,1749826799999999,5559235.81404000,40019,22535.99900000,3283856.66309000,0
1749826800000000,146.17000000,147.16000000,145.69000000,146.87000000,58746.52600000,1749827699999999,8614564.97914000,43400,35407.94400000,5191714.59302000,0
1749827700000000,146.86000000,147.73000000,146.54000000,147.36000000,60562.26300000,1749828599999999,8908784.31751000,53711,36623.58500000,5386873.63616000,0
1749828600000000,147.37000000,147.66000000,146.96000000,147.58000000,41093.53000000,1749829499999999,6053421.47266000,42498,20726.33000000,3053109.27717000,0
1749829500000000,147.59000000,147.78000000,146.69000000,147.18000000,44422.73900000,1749830399999999,6543143.84705000,35723,21838.54000000,3217705.71179000,0
1749830400000000,147.18000000,148.50000000,146.79000000,148.42000000,51547.02900000,1749831299999999,7619395.83240000,41177,25005.66100000,3696725.72166000,0
1749831300000000,148.42000000,148.52000000,147.37000000,147.75000000,49063.38100000,1749832199999999,7256636.62221000,36597,22698.41700000,3355902.25289000,0
1749832200000000,147.75000000,147.80000000,146.76000000,147.08000000,36000.77600000,1749833099999999,5299741.59677000,31609,18523.24400000,2726001.15690000,0
1749833100000000,147.08000000,147.52000000,146.32000000,147.43000000,32366.77100000,1749833999999999,4750947.84344000,21843,15127.02800000,2221592.92733000,0
1749834000000000,147.42000000,147.42000000,146.43000000,146.50000000,35670.21100000,1749834899999999,5236980.79508000,22473,14493.55200000,2127544.96595000,0
1749834900000000,146.50000000,146.66000000,145.92000000,146.00000000,44359.02100000,1749835799999999,6487191.52204000,35407,19548.96800000,2859275.55607000,0
1749835800000000,146.00000000,146.58000000,145.74000000,145.82000000,32291.74900000,1749836699999999,4718328.20382000,29555,14295.91100000,2089330.90718000,0
1749836700000000,145.82000000,146.57000000,145.30000000,146.48000000,36167.01100000,1749837599999999,5275062.76233000,28566,19116.51100000,2789995.16269000,0
1749837600000000,146.47000000,146.63000000,145.22000000,145.31000000,35715.05400000,1749838499999999,5205969.14725000,28493,14325.70100000,2089263.23738000,0
1749838500000000,145.30000000,145.79000000,144.77000000,145.17000000,36073.24400000,1749839399999999,5238021.59265000,34742,14553.54900000,2113386.52084000,0
1749839400000000,145.16000000,145.20000000,144.30000000,144.71000000,44925.88400000,1749840299999999,6497117.20031000,30173,14913.86500000,2156743.83107000,0
1749840300000000,144.72000000,145.88000000,144.63000000,145.53000000,43485.51200000,1749841199999999,6312685.53862000,26222,20990.85900000,3046797.06727000,0
1749841200000000,145.52000000,145.58000000,144.84000000,145.41000000,51469.49800000,1749842099999999,7472180.33972000,22712,14201.01400000,2061842.67235000,0
1749842100000000,145.41000000,146.00000000,144.48000000,145.01000000,36946.79900000,1749842999999999,5364661.27877000,27682,18542.17600000,2693661.81598000,0
1749843000000000,145.01000000,145.63000000,144.82000000,145.04000000,22656.42400000,1749843899999999,3290692.24644000,19171,10451.03800000,1517924.64633000,0
1749843900000000,145.04000000,145.39000000,144.77000000,145.17000000,39202.20100000,1749844799999999,5687350.98410000,22020,20276.55100000,2941960.38265000,0
1749844800000000,145.17000000,145.90000000,144.75000000,145.76000000,29271.08600000,1749845699999999,4251431.66701000,22583,15219.30200000,2210531.05128000,0
1749845700000000,145.76000000,146.17000000,145.44000000,146.14000000,21571.17800000,1749846599999999,3144302.80510000,19097,11971.72000000,1745126.23412000,0
1749846600000000,146.13000000,147.35000000,145.91000000,147.30000000,35629.04600000,1749847499999999,5223603.17352000,20807,21397.13400000,3137629.60480000,0
1749847500000000,147.31000000,147.69000000,146.24000000,147.29000000,42564.55700000,1749848399999999,6259224.77912000,26506,25176.24300000,3701655.53005000,0
1749848400000000,147.28000000,147.42000000,146.66000000,146.72000000,23401.45800000,1749849299999999,3440679.95943000,18280,12525.70600000,1841615.44762000,0
1749849300000000,146.72000000,147.24000000,146.45000000,147.11000000,15380.06700000,1749850199999999,2257869.89842000,14258,10333.62900000,1517222.06464000,0
1749850200000000,147.11000000,147.34000000,146.67000000,147.20000000,14907.45800000,1749851099999999,2192283.04187000,11909,8302.82800000,1221192.45531000,0
1749851100000000,147.20000000,147.64000000,146.89000000,147.11000000,13599.51000000,1749851999999999,2003071.95419000,11596,8510.30300000,1253643.13451000,0
1749852000000000,147.11000000,147.84000000,147.11000000,147.33000000,18669.91300000,1749852899999999,2755267.45688000,16755,11282.28500000,1664852.23546000,0
1749852900000000,147.32000000,147.53000000,147.03000000,147.19000000,10765.25600000,1749853799999999,1585525.45664000,12240,5259.71800000,774689.66325000,0
1749853800000000,147.19000000,147.46000000,147.15000000,147.46000000,12042.85600000,1749854699999999,1773729.22968000,9653,6502.90900000,957826.81788000,0
1749854700000000,147.46000000,148.04000000,147.40000000,147.81000000,16118.53900000,1749855599999999,2382351.09928000,10191,7870.99200000,1163163.27071000,0
1749855600000000,147.81000000,148.20000000,147.69000000,147.76000000,14968.45700000,1749856499999999,2215590.77033000,12704,6771.38200000,1002299.49130000,0
1749856500000000,147.77000000,148.28000000,147.76000000,148.20000000,11314.84300000,1749857399999999,1675845.17567000,8386,5652.90300000,837179.42302000,0
1749857400000000,148.20000000,148.75000000,148.03000000,148.75000000,18949.60400000,1749858299999999,2812203.82341000,10594,11106.60200000,1648498.94495000,0
1749858300000000,148.76000000,148.94000000,148.30000000,148.60000000,17132.21000000,1749859199999999,2546422.61850000,14959,7897.69000000,1173986.60457000,0
1749859200000000,148.60000000,148.63000000,148.16000000,148.23000000,15550.44100000,1749860099999999,2306743.01997000,15736,5771.37500000,856312.00878000,0
1749860100000000,148.24000000,148.70000000,147.92000000,148.03000000,34634.23500000,1749860999999999,5135050.93547000,18695,15122.18600000,2242477.24165000,0
1749861000000000,148.03000000,148.39000000,147.76000000,148.16000000,23128.79100000,1749861899999999,3424120.85432000,15661,10892.96600000,1612713.27136000,0
1749861900000000,148.17000000,148.51000000,147.64000000,147.82000000,21669.85400000,1749862799999999,3208176.14993000,18882,8959.84400000,1326474.71658000,0
1749862800000000,147.83000000,147.83000000,147.10000000,147.15000000,18590.51700000,1749863699999999,2739984.55121000,13499,6592.59200000,971490.68321000,0
1749863700000000,147.15000000,147.32000000,146.97000000,147.16000000,10039.11100000,1749864599999999,1477114.14862000,9367,5062.31000000,744958.81072000,0
1749864600000000,147.15000000,147.48000000,146.96000000,147.46000000,11266.37300000,1749865499999999,1659308.84683000,12257,5637.64300000,830375.21538000,0
1749865500000000,147.47000000,147.55000000,146.71000000,146.89000000,15342.72000000,1749866399999999,2255977.61023000,12592,7215.41400000,1060828.83967000,0
1749866400000000,146.88000000,146.94000000,146.66000000,146.89000000,10478.63500000,1749867299999999,1538351.58382000,9279,5696.37300000,836323.31462000,0
1749867300000000,146.88000000,147.33000000,146.73000000,146.80000000,15905.31500000,1749868199999999,2338545.92665000,10922,10737.73200000,1578849.53412000,0
1749868200000000,146.79000000,146.83000000,146.42000000,146.47000000,17760.12400000,1749869099999999,2605039.09481000,7650,11428.64500000,1676430.59944000,0
1749869100000000,146.47000000,146.65000000,146.45000000,146.50000000,22348.03700000,1749869999999999,3274471.25864000,8895,14424.81300000,2113583.04439000,0
1749870000000000,146.50000000,146.93000000,146.50000000,146.70000000,38180.55400000,1749870899999999,5601890.57580000,11878,30435.73000000,4465451.58630000,0
1749870900000000,146.70000000,147.13000000,146.50000000,147.03000000,19682.46700000,1749871799999999,2891992.46750000,9700,14379.31700000,2112878.46579000,0
1749871800000000,147.04000000,147.22000000,146.90000000,146.91000000,14536.81700000,1749872699999999,2137586.76732000,9445,9909.09700000,1457065.76043000,0
1749872700000000,146.91000000,147.02000000,146.49000000,146.71000000,14299.95100000,1749873599999999,2098168.28235000,8777,10504.49600000,1541260.84122000,0
1749873600000000,146.71000000,147.03000000,146.64000000,146.89000000,19196.77100000,1749874499999999,2818601.65791000,9880,7464.97200000,1095982.18578000,0
1749874500000000,146.89000000,147.12000000,146.71000000,147.01000000,8296.77100000,1749875399999999,1219331.24258000,9142,3384.22100000,497241.19697000,0
1749875400000000,147.00000000,147.15000000,146.70000000,146.96000000,8668.27100000,1749876299999999,1273923.82105000,9250,4629.70600000,680427.72123000,0
1749876300000000,146.95000000,147.02000000,146.54000000,146.80000000,11140.95700000,1749877199999999,1634597.23459000,8216,7044.11200000,1033423.69800000,0
1749877200000000,146.80000000,146.87000000,146.56000000,146.65000000,8794.51600000,1749878099999999,1290055.22641000,9006,5728.57400000,840247.17301000,0
1749878100000000,146.65000000,146.79000000,146.36000000,146.54000000,6218.35500000,1749878999999999,911463.59071000,9521,3580.36300000,524778.54271000,0
1749879000000000,146.55000000,146.88000000,146.36000000,146.86000000,9252.13100000,1749879899999999,1356322.78996000,8660,4259.73400000,624699.91294000,0
1749879900000000,146.85000000,147.05000000,146.76000000,146.86000000,12818.94100000,1749880799999999,1883176.44485000,6329,9462.04000000,1390120.30146000,0
1749880800000000,146.86000000,147.07000000,146.55000000,146.58000000,15653.45900000,1749881699999999,2297744.99851000,9850,8486.15700000,1245746.17601000,0
1749881700000000,146.58000000,146.70000000,146.07000000,146.33000000,25165.24000000,1749882599999999,3682257.54270000,13140,10580.14900000,1548267.48140000,0
1749882600000000,146.32000000,146.45000000,146.12000000,146.35000000,9674.08600000,1749883499999999,1414913.57295000,9603,4804.01300000,702611.43924000,0
1749883500000000,146.34000000,146.39000000,146.12000000,146.22000000,6649.67100000,1749884399999999,972424.19033000,5409,3113.05800000,455239.94617000,0
1749884400000000,146.22000000,146.25000000,145.81000000,145.92000000,19181.67600000,1749885299999999,2800780.89314000,10011,4246.62900000,620039.93190000,0
1749885300000000,145.92000000,146.12000000,145.54000000,146.05000000,44134.02400000,1749886199999999,6435038.26416000,14226,6600.39600000,962412.90729000,0
1749886200000000,146.05000000,146.43000000,146.01000000,146.36000000,10603.87900000,1749887099999999,1551240.26756000,8701,6357.18700000,930002.40020000,0
1749887100000000,146.36000000,146.45000000,146.15000000,146.18000000,6307.43100000,1749887999999999,922656.66569000,5681,3128.09000000,457570.96065000,0
1749888000000000,146.17000000,146.21000000,145.38000000,145.46000000,23984.67900000,1749888899999999,3493739.89698000,11673,8419.99100000,1226239.74112000,0
1749888900000000,145.45000000,145.70000000,145.43000000,145.55000000,15686.42900000,1749889799999999,2282890.48117000,11798,6615.29800000,962715.96449000,0
1749889800000000,145.54000000,145.87000000,145.17000000,145.79000000,9494.11200000,1749890699999999,1381516.59756000,9710,3720.42800000,541416.38843000,0
1749890700000000,145.79000000,145.93000000,145.59000000,145.82000000,6725.94800000,1749891599999999,980479.15660000,6404,3554.69300000,518143.51811000,0
1749891600000000,145.83000000,145.89000000,145.59000000,145.64000000,12836.39600000,1749892499999999,1870715.39776000,8762,6883.91700000,1003117.61742000,0
1749892500000000,145.65000000,145.95000000,145.36000000,145.40000000,11753.95800000,1749893399999999,1711969.13220000,8302,4683.25000000,682233.27613000,0
1749893400000000,145.40000000,145.52000000,145.25000000,145.41000000,6689.07800000,1749894299999999,972502.88769000,8444,2847.93900000,414056.44382000,0
1749894300000000,145.41000000,145.47000000,144.93000000,145.15000000,32641.52900000,1749895199999999,4735574.05238000,14076,6646.38000000,964198.23051000,0
1749895200000000,145.15000000,145.55000000,145.09000000,145.49000000,9089.04400000,1749896099999999,1320650.04581000,9665,4297.12000000,624332.65318000,0
1749896100000000,145.48000000,145.59000000,145.21000000,145.59000000,14400.24400000,1749896999999999,2093865.65602000,11062,7699.98200000,1119667.95992000,0
1749897000000000,145.58000000,145.91000000,145.56000000,145.67000000,8253.78400000,1749897899999999,1202622.52313000,7090,4264.38600000,621374.69067000,0
1749897900000000,145.67000000,145.78000000,145.58000000,145.63000000,6191.40500000,1749898799999999,901849.30931000,6754,3795.06000000,552784.11908000,0
1749898800000000,145.62000000,145.86000000,145.53000000,145.73000000,8104.46900000,1749899699999999,1180756.26373000,9368,5165.96000000,752675.76321000,0
1749899700000000,145.74000000,146.11000000,145.73000000,145.86000000,13006.95500000,1749900599999999,1898855.38773000,8351,8177.73400000,1193915.76305000,0
1749900600000000,145.87000000,146.06000000,145.45000000,145.53000000,7877.49600000,1749901499999999,1148760.16139000,9275,3855.20100000,562246.36543000,0
1749901500000000,145.52000000,145.92000000,145.45000000,145.86000000,5433.24300000,1749902399999999,791697.44514000,7792,2622.61100000,382129.13018000,0
1749902400000000,145.85000000,145.95000000,145.44000000,145.56000000,7727.39000000,1749903299999999,1125631.23089000,9510,3362.43100000,489871.42598000,0
1749903300000000,145.56000000,145.72000000,145.26000000,145.42000000,8196.23900000,1749904199999999,1192190.34093000,8724,4258.77300000,619406.56858000,0
1749904200000000,145.42000000,145.83000000,145.11000000,145.21000000,14793.86900000,1749905099999999,2152531.07541000,10755,5419.64300000,788577.51078000,0
1749905100000000,145.21000000,145.55000000,144.92000000,145.54000000,28384.10100000,1749905999999999,4120104.42289000,16963,11898.77100000,1727008.85581000,0
1749906000000000,145.53000000,145.93000000,145.35000000,145.79000000,12188.71000000,1749906899999999,1776568.74601000,13934,6790.73400000,989636.77054000,0
1749906900000000,145.78000000,145.88000000,145.45000000,145.55000000,18287.26000000,1749907799999999,2662667.73874000,15676,5592.24800000,814410.11460000,0
1749907800000000,145.56000000,145.74000000,145.23000000,145.26000000,14678.63000000,1749908699999999,2134902.80127000,11611,8321.26100000,1210166.22956000,0
1749908700000000,145.26000000,145.60000000,145.00000000,145.51000000,12755.19300000,1749909599999999,1853156.88246000,12943,6450.39500000,937394.90768000,0
1749909600000000,145.51000000,145.57000000,145.23000000,145.50000000,11228.79700000,1749910499999999,1632440.54620000,10988,5024.89800000,730527.92083000,0
1749910500000000,145.49000000,145.78000000,145.37000000,145.52000000,8335.80600000,1749911399999999,1213418.61263000,12039,3788.48400000,551486.34332000,0
1749911400000000,145.52000000,145.60000000,145.10000000,145.19000000,9101.25500000,1749912299999999,1322691.93134000,9984,4191.46300000,609224.88478000,0
1749912300000000,145.19000000,145.34000000,145.00000000,145.28000000,17254.54100000,1749913199999999,2504420.95122000,9815,9791.89800000,1421303.71240000,0
1749913200000000,145.28000000,145.50000000,145.16000000,145.17000000,9224.31000000,1749914099999999,1340591.68930000,11857,4138.47900000,601377.20305000,0
1749914100000000,145.16000000,145.34000000,144.65000000,144.81000000,28823.67800000,1749914999999999,4176371.91948000,17697,7095.62800000,1028744.49984000,0
1749915000000000,144.82000000,144.82000000,143.80000000,144.02000000,83420.98600000,1749915899999999,12045293.57947000,39956,22956.99200000,3314073.91252000,0
1749915900000000,144.02000000,144.59000000,143.81000000,144.54000000,56359.21500000,1749916799999999,8127840.72129000,24148,26574.60200000,3834001.04634000,0
1749916800000000,144.53000000,144.95000000,144.21000000,144.43000000,59518.68200000,1749917699999999,8609882.06130000,27430,16921.51800000,2447686.90650000,0
1749917700000000,144.43000000,144.52000000,143.91000000,144.03000000,18694.34500000,1749918599999999,2695220.52025000,16939,5279.38000000,761565.66090000,0
1749918600000000,144.03000000,144.14000000,143.58000000,143.81000000,18585.21300000,1749919499999999,2673690.10993000,20622,8408.25400000,1209615.78429000,0
1749919500000000,143.81000000,143.82000000,142.92000000,143.39000000,41646.96200000,1749920399999999,5967222.40501000,30724,15653.30300000,2242587.02754000,0
1749920400000000,143.39000000,143.99000000,143.05000000,143.75000000,21724.39600000,1749921299999999,3117700.46934000,17247,11467.61400000,1645612.15010000,0
1749921300000000,143.75000000,144.65000000,143.72000000,144.36000000,26715.63500000,1749922199999999,3855805.41068000,16750,12145.63800000,1752130.75321000,0
1749922200000000,144.36000000,144.56000000,143.82000000,143.98000000,17094.70300000,1749923099999999,2466591.99591000,13738,6415.20600000,925318.06637000,0
1749923100000000,143.99000000,144.50000000,143.95000000,144.47000000,12113.00800000,1749923999999999,1748311.74131000,9093,7141.43500000,1030763.43028000,0
1749924000000000,144.46000000,145.11000000,144.43000000,144.68000000,25005.53300000,1749924899999999,3620540.08991000,16994,18267.04700000,2644904.96118000,0
1749924900000000,144.67000000,144.68000000,143.58000000,143.65000000,13481.42100000,1749925799999999,1942687.11574000,12119,6234.23600000,898679.04525000,0
1749925800000000,143.65000000,143.71000000,143.07000000,143.46000000,22582.50600000,1749926699999999,3237440.08542000,20055,7449.21000000,1067949.34224000,0
1749926700000000,143.47000000,144.22000000,143.18000000,144.11000000,14219.11300000,1749927599999999,2043284.30828000,18910,7611.26900000,1094053.24073000,0
1749927600000000,144.12000000,144.23000000,143.67000000,144.23000000,17556.48700000,1749928499999999,2526847.78424000,19277,11280.49400000,1623549.03325000,0
1749928500000000,144.23000000,144.48000000,143.89000000,144.11000000,9052.15100000,1749929399999999,1305408.77456000,13489,4541.99700000,655095.85365000,0
1749929400000000,144.12000000,144.47000000,144.01000000,144.17000000,9830.61500000,1749930299999999,1417862.21341000,10754,6152.46000000,887260.04446000,0
1749930300000000,144.16000000,144.16000000,143.47000000,143.50000000,13334.47300000,1749931199999999,1916381.81500000,10617,7716.39900000,1108946.12895000,0
1749931200000000,143.51000000,143.71000000,142.03000000,142.22000000,36268.92400000,1749932099999999,5176059.45061000,25808,12960.39000000,1849546.41028000,0
1749932100000000,142.21000000,142.84000000,141.97000000,142.58000000,20951.78900000,1749932999999999,2982376.21497000,23214,7780.15700000,1108374.64168000,0
1749933000000000,142.58000000,143.23000000,142.50000000,142.86000000,23093.98500000,1749933899999999,3299302.06652000,20577,8913.63300000,1273305.39095000,0
1749933900000000,142.85000000,143.23000000,142.58000000,142.91000000,10902.26000000,1749934799999999,1557755.34260000,13580,4097.02400000,585715.91857000,0
1749934800000000,142.90000000,143.22000000,142.68000000,143.09000000,12288.39800000,1749935699999999,1756614.04494000,16535,7008.35200000,1001652.96399000,0
1749935700000000,143.09000000,143.91000000,143.03000000,143.85000000,20138.23400000,1749936599999999,2888087.89064000,15645,11640.53400000,1669360.77779000,0
1749936600000000,143.85000000,144.17000000,143.60000000,144.02000000,19287.76500000,1749937499999999,2777019.27741000,10562,6997.72600000,1007339.87122000,0
1749937500000000,144.03000000,144.82000000,144.03000000,144.57000000,22560.22800000,1749938399999999,3259027.68927000,13999,11309.20400000,1633904.75795000,0
1749938400000000,144.57000000,144.90000000,144.34000000,144.65000000,16800.48300000,1749939299999999,2430314.70342000,18114,9590.28500000,1387501.93074000,0
1749939300000000,144.65000000,144.88000000,144.53000000,144.58000000,9448.71800000,1749940199999999,1367009.79416000,11910,5023.22900000,726753.34534000,0
1749940200000000,144.58000000,144.60000000,143.98000000,144.07000000,9809.97400000,1749941099999999,1414629.62999000,9652,3077.00600000,443790.31595000,0
1749941100000000,144.07000000,144.44000000,144.01000000,144.33000000,8678.80700000,1749941999999999,1251867.91887000,6191,3526.29700000,508653.79620000,0
1749942000000000,144.34000000,144.66000000,144.29000000,144.54000000,18458.65300000,1749942899999999,2667485.37868000,8744,5280.16800000,762964.61148000,0
1749942900000000,144.53000000,144.71000000,144.35000000,144.54000000,21366.77700000,1749943799999999,3088462.39169000,11147,5237.14700000,756891.99534000,0
1749943800000000,144.55000000,144.94000000,144.44000000,144.94000000,14659.56300000,1749944699999999,2119917.65149000,9381,4899.50900000,708663.87479000,0
1749944700000000,144.94000000,145.01000000,144.62000000,144.64000000,16026.08000000,1749945599999999,2320392.10892000,6737,3559.81300000,515537.55574000,0
1749945600000000,144.65000000,145.00000000,144.60000000,145.00000000,15155.30800000,1749946499999999,2193710.79807000,8233,7007.50100000,1014416.77446000,0
1749946500000000,144.99000000,145.47000000,144.96000000,145.17000000,30141.31600000,1749947399999999,4376042.12395000,14194,15920.37100000,2311240.97570000,0
1749947400000000,145.17000000,145.63000000,145.04000000,145.40000000,16054.40100000,1749948299999999,2334690.86541000,14012,6691.74000000,973283.78287000,0
1749948300000000,145.41000000,145.82000000,145.34000000,145.61000000,18666.67700000,1749949199999999,2717619.06932000,11782,9641.37000000,1403812.95612000,0
1749949200000000,145.61000000,145.68000000,145.36000000,145.60000000,8320.59600000,1749950099999999,1211065.86317000,10198,3825.57100000,556857.20418000,0
1749950100000000,145.59000000,145.59000000,145.06000000,145.12000000,15367.80800000,1749950999999999,2231925.62430000,10292,3636.19600000,528125.76766000,0
1749951000000000,145.12000000,145.17000000,144.82000000,145.09000000,8234.63100000,1749951899999999,1193821.85509000,7043,2704.69300000,392058.53584000,0
1749951900000000,145.09000000,145.19000000,144.93000000,145.03000000,5646.32500000,1749952799999999,818982.39841000,7396,3154.94300000,457603.21363000,0
1749952800000000,145.04000000,145.72000000,145.04000000,145.58000000,7229.86700000,1749953699999999,1051409.93288000,8592,3875.22300000,563621.15722000,0
1749953700000000,145.58000000,145.98000000,145.56000000,145.97000000,12127.97900000,1749954599999999,1768265.81381000,8997,6236.78700000,909257.64725000,0
1749954600000000,145.97000000,146.05000000,145.64000000,145.75000000,8102.79400000,1749955499999999,1181634.09426000,9349,4049.60400000,590749.15082000,0
1749955500000000,145.75000000,145.83000000,145.41000000,145.54000000,7122.53600000,1749956399999999,1036589.46885000,6964,4141.90900000,602675.21318000,0
1749956400000000,145.54000000,145.83000000,145.50000000,145.71000000,9403.03600000,1749957299999999,1369466.18488000,8382,2951.80100000,430018.48211000,0
1749957300000000,145.72000000,145.84000000,145.58000000,145.73000000,21707.56200000,1749958199999999,3163582.41165000,8985,16780.15800000,2445671.86801000,0
1749958200000000,145.72000000,145.86000000,145.50000000,145.76000000,6270.82000000,1749959099999999,913612.11629000,8444,3334.72800000,485900.33772000,0
1749959100000000,145.76000000,145.86000000,145.57000000,145.75000000,5868.41200000,1749959999999999,854967.30416000,9069,3468.04100000,505270.88410000,0
1749960000000000,145.75000000,145.93000000,145.68000000,145.92000000,8077.36800000,1749960899999999,1177736.48646000,8608,5286.91800000,770870.40120000,0
1749960900000000,145.91000000,146.03000000,145.71000000,145.93000000,13225.59600000,1749961799999999,1929221.14050000,8658,7317.12200000,1067405.87318000,0
1749961800000000,145.94000000,146.44000000,145.92000000,146.24000000,18493.33200000,1749962699999999,2703594.10007000,11707,12974.09400000,1896590.72358000,0
1749962700000000,146.25000000,146.42000000,146.00000000,146.25000000,15093.00900000,1749963599999999,2206771.62832000,8631,10466.03700000,1530407.90594000,0
1749963600000000,146.25000000,146.26000000,145.96000000,145.97000000,9754.29300000,1749964499999999,1424706.97779000,8573,6732.83000000,983342.10050000,0
1749964500000000,145.97000000,146.14000000,145.73000000,146.14000000,7530.35200000,1749965399999999,1098150.25326000,7484,4560.48300000,665073.09801000,0
1749965400000000,146.14000000,146.82000000,146.08000000,146.77000000,46642.67600000,1749966299999999,6830223.19077000,14305,33396.20400000,4890367.41643000,0
1749966300000000,146.77000000,147.41000000,146.75000000,147.37000000,102682.66300000,1749967199999999,15108158.68609000,18779,36530.64400000,5371731.39047000,0
1749967200000000,147.37000000,148.10000000,147.16000000,147.18000000,50485.57200000,1749968099999999,7453780.27934000,22437,30072.33400000,4441481.34142000,0
1749968100000000,147.18000000,147.46000000,146.66000000,146.79000000,26563.75700000,1749968999999999,3905318.70298000,14667,12128.44800000,1783752.22396000,0
1749969000000000,146.80000000,146.80000000,146.50000000,146.73000000,8611.29400000,1749969899999999,1262791.39678000,9741,4171.77900000,611718.87969000,0
1749969900000000,146.72000000,146.80000000,146.32000000,146.48000000,10889.16000000,1749970799999999,1595948.55082000,9101,5818.62300000,852906.91086000,0
1749970800000000,146.49000000,146.54000000,145.90000000,146.36000000,14429.99900000,1749971699999999,2109823.84061000,10202,5437.16000000,794821.64249000,0
1749971700000000,146.35000000,146.35000000,146.04000000,146.11000000,8715.05700000,1749972599999999,1274219.08208000,8155,4381.04800000,640541.10985000,0
1749972600000000,146.12000000,146.15000000,145.75000000,145.84000000,15297.57900000,1749973499999999,2231989.79537000,10652,8406.59500000,1226575.01569000,0
1749973500000000,145.85000000,146.05000000,145.81000000,145.87000000,9106.12000000,1749974399999999,1329166.99176000,7945,6503.58200000,949335.10567000,0
1749974400000000,145.87000000,146.01000000,145.22000000,145.27000000,18442.60900000,1749975299999999,2683255.22700000,13418,7614.80900000,1107913.86678000,0
1749975300000000,145.28000000,145.59000000,145.27000000,145.33000000,9434.38500000,1749976199999999,1372109.44553000,9877,6042.58700000,878798.55776000,0
1749976200000000,145.34000000,145.54000000,145.18000000,145.35000000,9940.63800000,1749977099999999,1445261.19529000,8137,5643.75700000,820564.58755000,0
1749977100000000,145.34000000,145.47000000,145.10000000,145.43000000,9273.57800000,1749977999999999,1347135.68099000,8855,5278.09400000,766708.06222000,0
1749978000000000,145.43000000,145.43000000,144.77000000,144.78000000,34465.29200000,1749978899999999,4998514.92492000,11386,7674.99800000,1113190.15112000,0
1749978900000000,144.78000000,144.99000000,144.61000000,144.78000000,21212.46100000,1749979799999999,3071155.75519000,15181,10697.69400000,1548913.21658000,0
1749979800000000,144.79000000,144.89000000,144.51000000,144.77000000,22012.45900000,1749980699999999,3185709.47399000,13650,12170.07600000,1761586.07262000,0
1749980700000000,144.76000000,144.93000000,144.22000000,144.34000000,13892.71400000,1749981599999999,2007310.43733000,11952,7441.27600000,1075291.64005000,0
1749981600000000,144.34000000,145.36000000,144.33000000,145.29000000,21431.51400000,1749982499999999,3106632.40370000,10987,14331.03000000,2077353.02098000,0
1749982500000000,145.29000000,145.38000000,144.66000000,144.85000000,19369.99000000,1749983399999999,2807214.32894000,11087,10591.99300000,1535392.63829000,0
1749983400000000,144.84000000,145.61000000,144.81000000,145.61000000,25101.43600000,1749984299999999,3643456.29034000,13959,18674.91900000,2710544.38227000,0
1749984300000000,145.61000000,145.95000000,145.49000000,145.84000000,26958.90100000,1749985199999999,3930620.92502000,11392,12100.59000000,1763914.33163000,0
1749985200000000,145.85000000,146.22000000,145.77000000,145.92000000,18329.06100000,1749986099999999,2675983.59295000,14501,12984.81600000,1895653.91131000,0
1749986100000000,145.92000000,146.13000000,145.61000000,145.72000000,12313.66400000,1749986999999999,1795877.47109000,13294,6295.25200000,918097.28695000,0
1749987000000000,145.72000000,145.94000000,145.52000000,145.74000000,11406.25600000,1749987899999999,1662190.73844000,12368,5977.30400000,871117.82234000,0
1749987900000000,145.74000000,146.71000000,145.64000000,146.36000000,23895.17100000,1749988799999999,3496517.06159000,17722,14535.18400000,2126905.82330000,0
1749988800000000,146.35000000,146.93000000,146.16000000,146.67000000,18420.93200000,1749989699999999,2701289.56922000,15349,11684.35900000,1714051.42653000,0
1749989700000000,146.68000000,147.04000000,146.59000000,146.74000000,16521.13400000,1749990599999999,2425306.27181000,12044,10622.29800000,1559311.77429000,0
1749990600000000,146.74000000,146.89000000,146.43000000,146.61000000,13523.38100000,1749991499999999,1983202.07507000,15696,7241.89300000,1061944.63101000,0
1749991500000000,146.61000000,147.84000000,146.57000000,147.69000000,28597.95800000,1749992399999999,4214508.78069000,24840,17367.97300000,2559135.52561000,0
1749992400000000,147.68000000,147.78000000,147.03000000,147.26000000,44456.08500000,1749993299999999,6553345.63002000,24031,13930.06700000,2053606.41306000,0
1749993300000000,147.25000000,147.43000000,146.97000000,147.03000000,33294.56400000,1749994199999999,4901417.73734000,19522,15685.68900000,2309237.58892000,0
1749994200000000,147.03000000,147.86000000,146.96000000,147.82000000,63317.88000000,1749995099999999,9340908.17986000,16737,51244.71000000,7561217.84180000,0
1749995100000000,147.81000000,148.37000000,147.66000000,148.35000000,66799.61600000,1749995999999999,9892879.99758000,28225,37688.11100000,5581776.51823000,0
1749996000000000,148.35000000,148.83000000,147.94000000,148.65000000,55048.57400000,1749996899999999,8172168.94136000,35239,27792.38600000,4125774.31807000,0
1749996900000000,148.65000000,148.97000000,148.21000000,148.74000000,48342.29300000,1749997799999999,7185689.33600000,31126,24715.48800000,3675167.94058000,0
1749997800000000,148.74000000,149.94000000,148.46000000,149.16000000,53975.14300000,1749998699999999,8056225.80759000,34381,31548.81700000,4709759.84351000,0
1749998700000000,149.16000000,152.44000000,149.06000000,151.92000000,202272.78700000,1749999599999999,30591645.03891000,84613,129223.73500000,19540378.31930000,0
1749999600000000,151.92000000,152.64000000,151.44000000,152.12000000,90635.03600000,1750000499999999,13781271.11186000,55698,43682.86500000,6643701.91623000,0
1750000500000000,152.13000000,152.28000000,151.50000000,151.96000000,65531.71800000,1750001399999999,9949388.00536000,34238,31842.21300000,4834113.92139000,0
1750001400000000,151.95000000,152.97000000,151.95000000,152.08000000,59070.98200000,1750002299999999,9000257.47852000,39604,27258.14900000,4152524.51390000,0
1750002300000000,152.09000000,152.39000000,150.51000000,150.84000000,69179.04300000,1750003199999999,10468104.70034000,36313,26037.62900000,3941164.79302000,0
1750003200000000,150.84000000,151.33000000,150.65000000,150.72000000,31903.44700000,1750004099999999,4815362.30671000,22842,14709.29100000,2220439.81930000,0
1750004100000000,150.72000000,150.76000000,150.18000000,150.64000000,39541.31800000,1750004999999999,5948599.79061000,24124,21914.35900000,3297336.37655000,0
1750005000000000,150.64000000,151.96000000,150.36000000,151.81000000,46923.32700000,1750005899999999,7092616.93230000,37466,31380.51600000,4744793.51789000,0
1750005900000000,151.81000000,152.00000000,151.33000000,151.95000000,36145.62000000,1750006799999999,5485102.99361000,24001,23734.06700000,3601630.79127000,0
1750006800000000,151.94000000,152.22000000,151.55000000,151.60000000,30054.13300000,1750007699999999,4564802.08737000,25884,14641.81800000,2223948.07783000,0
1750007700000000,151.60000000,152.07000000,151.49000000,151.97000000,21554.14700000,1750008599999999,3273076.09091000,17130,12450.74200000,1890822.83505000,0
1750008600000000,151.97000000,152.63000000,151.89000000,152.44000000,56312.07400000,1750009499999999,8576409.12055000,26415,36117.37200000,5500851.73005000,0
1750009500000000,152.45000000,152.65000000,151.96000000,152.23000000,36098.83800000,1750010399999999,5500618.58438000,17862,15731.37200000,2396952.47460000,0
1750010400000000,152.24000000,152.56000000,151.58000000,151.92000000,28791.26300000,1750011299999999,4378239.06614000,19129,13571.90300000,2064137.77144000,0
1750011300000000,151.92000000,152.32000000,151.31000000,152.12000000,31081.75000000,1750012199999999,4714559.39393000,19211,16033.96800000,2432232.41511000,0
1750012200000000,152.12000000,152.19000000,151.72000000,152.11000000,17025.72600000,1750013099999999,2587976.19379000,12747,10451.41100000,1588519.20961000,0
1750013100000000,152.11000000,152.83000000,151.99000000,152.70000000,21243.05800000,1750013999999999,3238929.80229000,12418,13086.25500000,1995502.94160000,0
1750014000000000,152.70000000,153.54000000,152.43000000,152.95000000,41980.41400000,1750014899999999,6426016.41032000,26794,26082.21200000,3992587.11403000,0
1750014900000000,152.95000000,153.05000000,152.49000000,152.92000000,20824.69000000,1750015799999999,3183158.30668000,14968,12000.38200000,1834632.96119000,0
1750015800000000,152.91000000,153.23000000,151.94000000,152.18000000,29169.72700000,1750016699999999,4447631.36071000,24045,12326.36400000,1879934.43702000,0
1750016700000000,152.18000000,152.54000000,151.87000000,152.23000000,27882.93100000,1750017599999999,4243261.02640000,15375,13937.85800000,2120797.21734000,0
1750017600000000,152.23000000,152.34000000,151.24000000,151.44000000,25707.23800000,1750018499999999,3900326.32495000,21663,12519.67400000,1899695.31042000,0
1750018500000000,151.44000000,151.45000000,150.27000000,150.52000000,51172.08700000,1750019399999999,7715840.03757000,26788,23556.59300000,3551762.91496000,0
1750019400000000,150.51000000,151.07000000,149.04000000,149.16000000,89476.65400000,1750020299999999,13398527.61387000,45613,31678.00600000,4747205.56395000,0
1750020300000000,149.15000000,149.51000000,148.17000000,148.84000000,53566.70700000,1750021199999999,7979022.31410000,44545,23221.95100000,3460285.99885000,0
1750021200000000,148.84000000,149.24000000,148.15000000,148.54000000,30823.69500000,1750022099999999,4583987.38307000,27283,15670.30800000,2330246.01374000,0
1750022100000000,148.55000000,149.97000000,148.54000000,149.96000000,29167.26000000,1750022999999999,4353721.09572000,17667,19451.60400000,2904454.77899000,0
1750023000000000,149.96000000,149.96000000,149.16000000,149.65000000,14392.23400000,1750023899999999,2153140.91109000,17321,6877.87700000,1029198.35688000,0
1750023900000000,149.65000000,150.79000000,149.60000000,150.55000000,11852.25300000,1750024799999999,1781886.70586000,14483,7566.74000000,1137465.39388000,0
1750024800000000,150.54000000,151.58000000,150.26000000,151.42000000,35172.83800000,1750025699999999,5315189.25885000,32946,21605.93400000,3265155.35805000,0
1750025700000000,151.42000000,152.46000000,151.13000000,151.80000000,40121.09900000,1750026599999999,6087004.25803000,27570,25295.16800000,3837465.61309000,0
1750026600000000,151.79000000,152.03000000,151.36000000,151.96000000,25482.23300000,1750027499999999,3865520.62175000,21764,14744.50100000,2236732.63530000,0
1750027500000000,151.96000000,152.56000000,151.73000000,152.07000000,24699.04000000,1750028399999999,3759345.11522000,21459,11951.55600000,1819325.39002000,0
1750028400000000,152.07000000,152.40000000,151.60000000,151.82000000,23027.61200000,1750029299999999,3501267.85156000,20195,10803.05600000,1642967.51080000,0
1750029300000000,151.81000000,152.80000000,151.80000000,152.42000000,23311.92900000,1750030199999999,3552246.37639000,19738,11745.13800000,1789670.11540000,0
1750030200000000,152.41000000,152.93000000,152.38000000,152.77000000,21476.96100000,1750031099999999,3278255.15393000,16439,12242.31500000,1868247.68706000,0
1750031100000000,152.78000000,153.00000000,152.39000000,152.97000000,28532.16300000,1750031999999999,4356331.54885000,15636,15688.03000000,2395385.97846000,0
1750032000000000,152.97000000,153.03000000,152.31000000,152.49000000,51483.83200000,1750032899999999,7860310.40257000,26899,23776.47300000,3631055.48164000,0
1750032900000000,152.48000000,153.25000000,151.98000000,152.36000000,43055.54500000,1750033799999999,6568396.21623000,27345,18782.72800000,2866240.80637000,0
1750033800000000,152.36000000,152.69000000,151.98000000,152.11000000,37933.86900000,1750034699999999,5777766.33846000,27697,14580.57000000,2220860.38730000,0
1750034700000000,152.12000000,152.26000000,151.55000000,152.01000000,30676.32700000,1750035599999999,4658408.91421000,21297,11089.13200000,1683933.84662000,0
1750035600000000,152.01000000,152.10000000,151.19000000,151.27000000,28169.56600000,1750036499999999,4271339.61081000,25635,10350.03300000,1569838.22642000,0
1750036500000000,151.26000000,151.90000000,150.99000000,151.77000000,22747.81700000,1750037399999999,3446705.32492000,24143,9691.96300000,1468517.91309000,0
1750037400000000,151.77000000,154.80000000,151.40000000,154.03000000,142187.70000000,1750038299999999,21864790.75232000,67101,81946.38200000,12597977.52397000,0
1750038300000000,154.03000000,156.66000000,153.97000000,156.56000000,208832.28300000,1750039199999999,32449180.06696000,75583,118051.49800000,18338673.67441000,0
1750039200000000,156.55000000,157.41000000,156.16000000,156.42000000,150268.45600000,1750040099999999,23551487.65866000,68907,67466.07800000,10573204.02058000,0
1750040100000000,156.43000000,156.59000000,155.50000000,155.71000000,83400.52900000,1750040999999999,13011819.03352000,36936,25833.75400000,4031564.40441000,0
1750041000000000,155.70000000,156.21000000,155.47000000,155.97000000,30738.07400000,1750041899999999,4789596.69144000,23981,17323.30100000,2699301.94304000,0
1750041900000000,155.97000000,155.98000000,155.48000000,155.71000000,20491.94400000,1750042799999999,3191487.50012000,13981,12055.82100000,1877843.22924000,0
1750042800000000,155.71000000,156.07000000,155.58000000,156.01000000,21794.40000000,1750043699999999,3395860.96353000,12251,11285.74600000,1758663.90473000,0
1750043700000000,156.01000000,156.25000000,155.71000000,156.02000000,25275.69600000,1750044599999999,3944461.28644000,16315,13640.28500000,2128823.95580000,0
1750044600000000,156.02000000,156.06000000,155.59000000,155.91000000,23248.43700000,1750045499999999,3623188.67262000,13299,11858.85500000,1848424.57497000,0
1750045500000000,155.91000000,155.91000000,155.51000000,155.58000000,18163.30200000,1750046399999999,2826765.81219000,9766,7385.66000000,1149591.13397000,0
1750046400000000,155.59000000,156.36000000,155.51000000,156.36000000,24080.14400000,1750047299999999,3753901.08390000,18909,16001.09100000,2494329.56303000,0
1750047300000000,156.36000000,156.98000000,156.08000000,156.63000000,56140.33100000,1750048199999999,8785192.10167000,29072,30832.33200000,4825258.35804000,0
1750048200000000,156.63000000,157.18000000,156.56000000,156.89000000,24323.72100000,1750049099999999,3815740.38010000,20567,12898.20300000,2023247.51315000,0
1750049100000000,156.89000000,157.04000000,156.49000000,156.78000000,22864.08200000,1750049999999999,3585174.46332000,14951,11478.49100000,1800012.86837000,0
1750050000000000,156.78000000,156.86000000,156.49000000,156.64000000,25557.20400000,1750050899999999,4002712.69294000,14677,8720.72300000,1366068.27099000,0
1750050900000000,156.64000000,157.57000000,156.64000000,157.39000000,32738.38000000,1750051799999999,5144655.51053000,19044,21169.94300000,3327612.11658000,0
1750051800000000,157.39000000,157.95000000,156.99000000,157.06000000,41506.47600000,1750052699999999,6535788.97824000,30175,21995.35200000,3463567.87631000,0
1750052700000000,157.05000000,157.49000000,156.58000000,156.72000000,31651.07400000,1750053599999999,4973939.09211000,15137,16786.87300000,2638389.18066000,0
1750053600000000,156.73000000,156.83000000,156.42000000,156.80000000,25777.51100000,1750054499999999,4036398.55146000,14216,7802.18700000,1222093.23139000,0
1750054500000000,156.80000000,157.01000000,156.56000000,156.61000000,16742.29600000,1750055399999999,2625476.06275000,12656,8453.37700000,1325745.25620000,0
1750055400000000,156.61000000,157.15000000,156.33000000,156.56000000,30033.17200000,1750056299999999,4709601.50729000,17904,13909.45700000,2180858.45166000,0
1750056300000000,156.57000000,156.68000000,156.39000000,156.48000000,15829.50400000,1750057199999999,2478062.97498000,12125,9428.95200000,1476189.94199000,0
1750057200000000,156.49000000,157.16000000,156.49000000,157.07000000,22261.70000000,1750058099999999,3493091.87911000,17527,10873.78200000,1706177.09940000,0
1750058100000000,157.08000000,157.45000000,156.71000000,157.33000000,17144.84400000,1750058999999999,2692038.73168000,11239,7623.49500000,1197212.79880000,0
1750059000000000,157.32000000,157.56000000,156.92000000,157.29000000,20557.96200000,1750059899999999,3231508.73520000,14220,12856.87900000,2021473.73922000,0
1750059900000000,157.29000000,157.31000000,156.98000000,157.28000000,11949.10400000,1750060799999999,1878202.45761000,10245,5878.48800000,923958.94233000,0
1750060800000000,157.27000000,157.50000000,157.10000000,157.16000000,21879.64500000,1750061699999999,3440954.89628000,13813,14623.71900000,2299891.97426000,0
1750061700000000,157.17000000,157.23000000,156.53000000,156.66000000,21105.15700000,1750062599999999,3309941.34548000,12689,7371.81900000,1155716.99010000,0
1750062600000000,156.65000000,157.04000000,156.55000000,156.95000000,16214.40800000,1750063499999999,2542351.22914000,11295,7877.12400000,1235111.37115000,0
1750063500000000,156.95000000,157.10000000,156.73000000,156.95000000,20776.20300000,1750064399999999,3260191.27171000,12281,13683.50400000,2147030.46889000,0
1750064400000000,156.96000000,157.00000000,156.45000000,156.50000000,19712.88000000,1750065299999999,3089413.25019000,13700,9407.40500000,1474583.59257000,0
1750065300000000,156.50000000,156.65000000,156.21000000,156.32000000,26740.88900000,1750066199999999,4183198.95231000,14145,12094.35000000,1892109.51614000,0
1750066200000000,156.33000000,156.59000000,156.01000000,156.36000000,30849.98600000,1750067099999999,4820265.17658000,14435,16274.11400000,2542829.72128000,0
1750067100000000,156.36000000,156.58000000,156.26000000,156.48000000,20007.33000000,1750067999999999,3129180.50404000,10976,8481.37900000,1326586.03786000,0
1750068000000000,156.48000000,157.00000000,156.26000000,156.88000000,24882.69500000,1750068899999999,3898561.34967000,14576,13460.49700000,2109148.56960000,0
1750068900000000,156.87000000,157.08000000,156.85000000,156.92000000,20199.72000000,1750069799999999,3170653.61935000,10338,12454.62300000,1955011.07751000,0
1750069800000000,156.92000000,156.92000000,156.38000000,156.44000000,16420.17400000,1750070699999999,2571549.11666000,9115,9334.02400000,1461806.10178000,0
1750070700000000,156.45000000,156.47000000,155.87000000,156.09000000,34795.43000000,1750071599999999,5432067.54353000,12364,11811.43400000,1844491.93236000,0
1750071600000000,156.10000000,156.12000000,155.24000000,155.28000000,28345.51300000,1750072499999999,4414188.09116000,17415,12285.79400000,1913262.26970000,0
1750072500000000,155.28000000,155.58000000,154.81000000,154.96000000,56607.16400000,1750073399999999,8787599.52464000,22374,22501.97400000,3494349.57592000,0
1750073400000000,154.96000000,156.07000000,154.95000000,156.06000000,54124.51200000,1750074299999999,8431890.70075000,18440,23181.76700000,3609642.21847000,0
1750074300000000,156.06000000,156.90000000,155.87000000,156.48000000,106532.31800000,1750075199999999,16667159.75103000,24047,34708.02900000,5428439.66379000,0
1750075200000000,156.48000000,156.76000000,156.13000000,156.13000000,23441.62900000,1750076099999999,3667122.10513000,22170,13637.61700000,2133869.10449000,0
1750076100000000,156.13000000,156.30000000,155.54000000,155.67000000,31693.10900000,1750076999999999,4940589.24596000,21918,12784.35800000,1992864.65598000,0
1750077000000000,155.66000000,155.70000000,155.20000000,155.43000000,19516.04500000,1750077899999999,3034980.20794000,15211,6852.66600000,1065507.35450000,0
1750077900000000,155.43000000,155.80000000,155.18000000,155.29000000,20953.75600000,1750078799999999,3258351.33759000,13805,8701.32300000,1353760.16950000,0
1750078800000000,155.28000000,155.47000000,154.68000000,154.81000000,32225.23000000,1750079699999999,4993858.54059000,20744,11044.80500000,1712061.08975000,0
1750079700000000,154.81000000,155.51000000,154.81000000,155.40000000,23822.06900000,1750080599999999,3696418.69636000,17165,12787.07500000,1984246.53188000,0
1750080600000000,155.39000000,155.90000000,155.09000000,155.82000000,41493.92000000,1750081499999999,6451312.69675000,34388,18510.70900000,2878338.28403000,0
1750081500000000,155.82000000,156.74000000,155.33000000,156.57000000,53444.06100000,1750082399999999,8341125.49363000,39219,35143.41400000,5485399.92584000,0
1750082400000000,156.57000000,157.32000000,155.65000000,156.33000000,75310.90400000,1750083299999999,11785819.55682000,49227,34364.01800000,5378336.56101000,0
1750083300000000,156.32000000,157.26000000,156.03000000,157.07000000,38598.17000000,1750084199999999,6051937.01256000,30452,18975.02100000,2975824.49428000,0
1750084200000000,157.07000000,157.78000000,156.91000000,156.96000000,62110.17300000,1750085099999999,9774046.68276000,39557,28920.36800000,4551316.71293000,0
1750085100000000,156.96000000,157.20000000,156.35000000,156.47000000,26618.92000000,1750085999999999,4172701.23756000,27358,11880.19400000,1862817.29113000,0
1750086000000000,156.47000000,156.81000000,156.11000000,156.71000000,31242.07600000,1750086899999999,4888558.94790000,26182,12483.59400000,1953272.98807000,0
1750086900000000,156.72000000,157.45000000,156.71000000,157.00000000,44962.92800000,1750087799999999,7061923.36736000,32192,23001.80000000,3612059.79530000,0
1750087800000000,157.00000000,157.49000000,156.61000000,156.96000000,25535.67500000,1750088699999999,4007750.61664000,24678,13599.39900000,2134604.17416000,0
1750088700000000,156.96000000,157.29000000,156.22000000,156.58000000,24477.89600000,1750089599999999,3836278.15322000,22110,9526.44500000,1492831.05000000,0
1750089600000000,156.58000000,157.63000000,156.35000000,157.57000000,21272.44700000,1750090499999999,3340131.49990000,17302,12599.49300000,1979041.11180000,0
1750090500000000,157.58000000,158.21000000,157.39000000,157.44000000,33324.52200000,1750091399999999,5258253.63317000,22467,20203.70300000,3188074.03755000,0
1750091400000000,157.44000000,157.88000000,157.31000000,157.42000000,26699.01600000,1750092299999999,4206579.28131000,14798,8114.44100000,1278366.16572000,0
1750092300000000,157.42000000,157.70000000,156.89000000,157.52000000,24294.94400000,1750093199999999,3821193.54436000,17230,11486.24000000,1807165.71363000,0
1750093200000000,157.51000000,158.06000000,157.40000000,157.43000000,16986.56400000,1750094099999999,2678269.91164000,20951,8719.85700000,1374984.60399000,0
1750094100000000,157.44000000,158.05000000,157.10000000,157.24000000,43462.99700000,1750094999999999,6852997.78359000,22428,21977.88800000,3464485.26225000,0
1750095000000000,157.23000000,157.91000000,157.23000000,157.61000000,39604.32000000,1750095899999999,6241848.41809000,24081,24126.94600000,3802771.59956000,0
1750095900000000,157.62000000,157.66000000,156.97000000,157.22000000,16419.55000000,1750096799999999,2583385.00759000,15606,5156.83800000,811261.35883000,0
1750096800000000,157.21000000,157.50000000,157.00000000,157.43000000,15459.34100000,1750097699999999,2430985.24231000,12958,8198.21100000,1289249.18735000,0
1750097700000000,157.42000000,158.09000000,157.24000000,157.97000000,25285.16900000,1750098599999999,3990187.88387000,17214,15625.10600000,2466142.31632000,0
1750098600000000,157.96000000,158.00000000,157.54000000,157.64000000,9091.34600000,1750099499999999,1433874.01922000,10977,3652.48200000,576078.36442000,0
1750099500000000,157.63000000,158.19000000,157.35000000,158.18000000,22659.51200000,1750100399999999,3575609.26355000,16602,13155.33500000,2075805.57385000,0
1750100400000000,158.18000000,158.66000000,157.96000000,158.19000000,40139.41900000,1750101299999999,6352795.86626000,25038,20785.79000000,3290865.76161000,0
1750101300000000,158.18000000,158.80000000,158.17000000,158.36000000,28551.32600000,1750102199999999,4525567.42888000,20732,17930.87700000,2842673.17640000,0
1750102200000000,158.37000000,158.41000000,157.45000000,157.60000000,23404.13900000,1750103099999999,3693691.77655000,20547,8334.41800000,1315231.13590000,0
1750103100000000,157.59000000,157.82000000,157.19000000,157.79000000,16509.00900000,1750103999999999,2600975.26103000,18024,7997.73700000,1260099.65243000,0
1750104000000000,157.80000000,157.82000000,156.79000000,157.18000000,38097.31700000,1750104899999999,5987614.07707000,20789,20850.26700000,3276598.21092000,0
1750104900000000,157.17000000,157.30000000,156.86000000,157.29000000,22814.56800000,1750105799999999,3584434.96779000,13089,14312.29100000,2249052.43738000,0
1750105800000000,157.28000000,157.85000000,157.14000000,157.74000000,14046.68600000,1750106699999999,2212363.83938000,13224,8452.78100000,1331503.38537000,0
1750106700000000,157.75000000,157.86000000,157.21000000,157.30000000,21524.32500000,1750107599999999,3388925.87670000,15701,9236.11100000,1454300.49876000,0
1750107600000000,157.30000000,157.57000000,157.02000000,157.12000000,12696.21000000,1750108499999999,1996067.87654000,9267,5475.54000000,860993.67930000,0
1750108500000000,157.11000000,157.28000000,156.88000000,157.28000000,10352.20800000,1750109399999999,1625739.48074000,7379,5502.63200000,864215.42718000,0
1750109400000000,157.28000000,157.28000000,156.36000000,156.95000000,23699.30000000,1750110299999999,3712656.59608000,16477,11807.61200000,1849428.02149000,0
1750110300000000,156.96000000,157.36000000,156.53000000,156.66000000,17936.57400000,1750111199999999,2813679.34604000,11004,9691.24500000,1520089.07936000,0
1750111200000000,156.67000000,157.23000000,156.54000000,156.74000000,21638.36300000,1750112099999999,3392757.00830000,18079,12396.31800000,1943443.12037000,0
1750112100000000,156.73000000,156.87000000,156.57000000,156.83000000,8237.65100000,1750112999999999,1291160.37626000,12153,4551.43800000,713325.20940000,0
1750113000000000,156.83000000,156.85000000,153.05000000,153.06000000,130177.83500000,1750113899999999,20125137.00097000,67352,47513.15100000,7337232.75784000,0
1750113900000000,153.06000000,153.98000000,151.83000000,153.00000000,143095.79500000,1750114799999999,21863098.72102000,84502,68779.15200000,10513774.74586000,0
1750114800000000,153.00000000,154.01000000,152.56000000,153.74000000,56649.49700000,1750115699999999,8685866.14347000,51050,24719.41700000,3790320.82460000,0
1750115700000000,153.75000000,154.13000000,152.68000000,152.97000000,44156.03200000,1750116599999999,6767722.39891000,33773,18979.11000000,2909669.64109000,0
1750116600000000,152.97000000,153.03000000,151.75000000,151.93000000,66311.31200000,1750117499999999,10099045.59699000,41908,31463.60300000,4791730.23942000,0
1750117500000000,151.93000000,152.37000000,150.30000000,150.72000000,86333.62400000,1750118399999999,13060794.26577000,61760,35025.69900000,5301062.40284000,0
1750118400000000,150.73000000,150.77000000,148.25000000,148.64000000,217214.20400000,1750119299999999,32420796.02680000,122552,107816.57400000,16083014.67703000,0
1750119300000000,148.64000000,150.87000000,147.47000000,150.52000000,121457.07000000,1750120199999999,18159557.49607000,82046,63835.43900000,9547346.28793000,0
1750120200000000,150.52000000,150.74000000,149.80000000,149.96000000,69602.10600000,1750121099999999,10447256.36496000,55028,29283.75800000,4396112.37344000,0
1750121100000000,149.96000000,152.01000000,149.90000000,152.01000000,76718.68100000,1750121999999999,11605317.82936000,42959,53498.39100000,8092894.17560000,0
1750122000000000,152.01000000,152.30000000,151.02000000,151.25000000,27839.06000000,1750122899999999,4220970.35668000,33093,10580.98000000,1604239.55704000,0
1750122900000000,151.26000000,151.70000000,151.03000000,151.16000000,19316.82700000,1750123799999999,2923579.72379000,21758,9140.82200000,1383591.99518000,0
1750123800000000,151.16000000,152.23000000,151.10000000,151.67000000,25399.95900000,1750124699999999,3849919.75444000,29138,14792.96400000,2242336.86322000,0
1750124700000000,151.67000000,152.05000000,151.40000000,151.61000000,43648.85400000,1750125599999999,6625718.86761000,19662,16860.42100000,2558569.48017000,0
1750125600000000,151.62000000,151.94000000,151.23000000,151.75000000,20837.71300000,1750126499999999,3159971.21972000,15256,8386.62400000,1271693.05949000,0
1750126500000000,151.75000000,152.00000000,150.90000000,151.06000000,44006.01500000,1750127399999999,6661269.34151000,25611,12343.89900000,1868144.98621000,0
1750127400000000,151.07000000,151.78000000,150.98000000,151.64000000,30806.48600000,1750128299999999,4665714.60080000,21546,11685.22100000,1769696.01151000,0
1750128300000000,151.64000000,153.40000000,151.08000000,153.25000000,101756.53100000,1750129199999999,15518840.86204000,47149,60401.31100000,9215522.79880000,0
1750129200000000,153.26000000,153.81000000,152.59000000,153.60000000,32262.63800000,1750130099999999,4947331.42581000,30501,18868.97500000,2894634.39788000,0
1750130100000000,153.60000000,153.98000000,153.10000000,153.15000000,25886.65800000,1750130999999999,3973582.15798000,24532,15452.52600000,2373011.85653000,0
1750131000000000,153.16000000,153.52000000,153.15000000,153.29000000,15802.94900000,1750131899999999,2423186.02620000,20925,8786.56700000,1347261.84704000,0
1750131900000000,153.30000000,153.65000000,153.11000000,153.36000000,15308.95000000,1750132799999999,2347881.82799000,16838,7272.12300000,1115509.90969000,0
1750132800000000,153.37000000,153.68000000,152.95000000,153.28000000,18901.06200000,1750133699999999,2897680.71174000,18699,9083.73700000,1392755.81007000,0
1750133700000000,153.27000000,153.30000000,152.83000000,153.24000000,18703.31300000,1750134599999999,2862933.19495000,16282,6887.38200000,1054498.14282000,0
1750134600000000,153.23000000,153.29000000,152.39000000,152.56000000,15910.06400000,1750135499999999,2430953.75647000,15997,6486.86500000,991318.62190000,0
1750135500000000,152.57000000,153.32000000,152.57000000,153.06000000,20007.58900000,1750136399999999,3060797.96812000,15418,12011.86100000,1837507.53505000,0
1750136400000000,153.05000000,153.44000000,152.96000000,153.28000000,13368.11200000,1750137299999999,2048536.97402000,14449,6864.69100000,1052042.10777000,0
1750137300000000,153.28000000,153.47000000,152.70000000,153.27000000,21678.19300000,1750138199999999,3318967.14457000,20808,9009.08900000,1379487.35249000,0
1750138200000000,153.28000000,153.89000000,153.19000000,153.55000000,18924.95000000,1750139099999999,2907475.37375000,18761,11052.22700000,1697892.99204000,0
1750139100000000,153.56000000,153.74000000,153.07000000,153.61000000,18833.93300000,1750139999999999,2889450.84969000,22590,7217.40800000,1107151.10473000,0
1750140000000000,153.60000000,154.33000000,153.52000000,154.14000000,24956.37000000,1750140899999999,3842342.16735000,24312,12730.84300000,1960177.37417000,0
1750140900000000,154.14000000,154.19000000,153.34000000,153.62000000,21119.03200000,1750141799999999,3247322.80684000,17665,10185.22600000,1566600.95797000,0
1750141800000000,153.63000000,153.65000000,152.76000000,152.78000000,42102.83500000,1750142699999999,6448965.52206000,26762,20827.56200000,3189715.07927000,0
1750142700000000,152.78000000,153.07000000,152.70000000,153.06000000,19091.14400000,1750143599999999,2918744.94710000,19396,9549.58900000,1460081.37758000,0
1750143600000000,153.07000000,153.37000000,152.84000000,152.84000000,14032.23100000,1750144499999999,2149345.14846000,15002,4705.18000000,720800.08564000,0
1750144500000000,152.84000000,153.14000000,152.54000000,152.66000000,20331.00600000,1750145399999999,3107887.38253000,19299,9816.10700000,1501393.46098000,0
1750145400000000,152.66000000,153.28000000,152.64000000,152.83000000,22365.57000000,1750146299999999,3420823.70430000,17298,8314.24100000,1271479.84768000,0
1750146300000000,152.82000000,153.15000000,151.91000000,152.67000000,52422.89800000,1750147199999999,8000592.56452000,18661,19660.59400000,3001034.56506000,0
1750147200000000,152.67000000,152.90000000,152.42000000,152.71000000,21804.66000000,1750148099999999,3329177.90666000,15605,11141.06300000,1701081.55719000,0
1750148100000000,152.71000000,152.71000000,152.01000000,152.45000000,19863.25400000,1750148999999999,3025029.55693000,14316,10339.43800000,1574445.79869000,0
1750149000000000,152.46000000,152.46000000,151.62000000,151.82000000,23283.18100000,1750149899999999,3536748.97442000,17491,9625.35200000,1461919.82473000,0
1750149900000000,151.81000000,152.06000000,151.46000000,151.57000000,29052.71200000,1750150799999999,4409890.71255000,20379,11618.52600000,1763592.78641000,0
1750150800000000,151.58000000,151.86000000,151.12000000,151.45000000,27940.99300000,1750151699999999,4232718.67978000,22015,12765.89100000,1934113.90565000,0
1750151700000000,151.44000000,152.02000000,151.41000000,151.55000000,33647.44700000,1750152599999999,5102627.11458000,19197,15835.42000000,2401382.16111000,0
1750152600000000,151.55000000,151.80000000,151.01000000,151.47000000,32663.58000000,1750153499999999,4942037.29340000,22667,13814.24300000,2090270.79078000,0
1750153500000000,151.48000000,151.80000000,151.25000000,151.53000000,25371.88000000,1750154399999999,3844924.62701000,16091,16453.07600000,2493425.88279000,0
1750154400000000,151.53000000,151.53000000,150.85000000,150.99000000,25492.00900000,1750155299999999,3850804.91353000,15838,8061.15400000,1218267.02165000,0
1750155300000000,150.99000000,151.32000000,150.68000000,151.21000000,32916.68700000,1750156199999999,4971634.48277000,17262,16041.11800000,2422345.06709000,0
1750156200000000,151.21000000,151.28000000,150.32000000,150.50000000,30246.13000000,1750157099999999,4558728.16842000,23022,14515.99000000,2188223.38069000,0
1750157100000000,150.49000000,151.26000000,150.49000000,151.22000000,32323.81600000,1750157999999999,4879285.07680000,17625,20424.26500000,3082965.55042000,0
1750158000000000,151.22000000,151.22000000,150.61000000,150.63000000,19628.47000000,1750158899999999,2960671.07127000,13239,10352.10800000,1561299.26019000,0
1750158900000000,150.62000000,150.80000000,150.32000000,150.55000000,22042.67300000,1750159799999999,3318487.45011000,14491,12758.12300000,1920571.81773000,0
1750159800000000,150.56000000,150.97000000,150.35000000,150.35000000,32153.66000000,1750160699999999,4845926.59532000,17087,17563.76000000,2646711.46361000,0
1750160700000000,150.35000000,150.65000000,150.18000000,150.53000000,18691.36000000,1750161599999999,2810563.40097000,13849,12682.70800000,1907148.97410000,0
1750161600000000,150.53000000,151.43000000,150.25000000,151.28000000,28525.76800000,1750162499999999,4304622.72002000,19012,20840.08700000,3145725.37150000,0
1750162500000000,151.28000000,151.28000000,150.53000000,150.69000000,19464.50600000,1750163399999999,2935960.33742000,12262,12637.47100000,1905881.35790000,0
1750163400000000,150.70000000,151.07000000,150.32000000,150.87000000,26516.54400000,1750164299999999,3995773.55886000,21830,14243.18100000,2146675.06478000,0
1750164300000000,150.86000000,150.86000000,149.52000000,149.67000000,41094.91500000,1750165199999999,6166464.44520000,19522,16753.57600000,2515179.12099000,0
1750165200000000,149.66000000,149.90000000,149.32000000,149.58000000,33565.48700000,1750166099999999,5021484.44973000,21948,17059.80800000,2552560.85272000,0
1750166100000000,149.57000000,150.17000000,149.41000000,150.08000000,22852.96000000,1750166999999999,3423549.45718000,18648,13540.77800000,2028242.09272000,0
1750167000000000,150.09000000,150.52000000,149.15000000,149.23000000,38018.90100000,1750167899999999,5699055.51787000,32393,20608.51800000,3091954.30228000,0
1750167900000000,149.23000000,149.88000000,149.20000000,149.57000000,28999.58200000,1750168799999999,4336378.14540000,20694,15094.68400000,2257461.76077000,0
1750168800000000,149.58000000,150.75000000,149.21000000,150.69000000,41987.19100000,1750169699999999,6307024.53768000,29429,24967.81200000,3754642.07947000,0
1750169700000000,150.68000000,150.78000000,149.94000000,150.22000000,27757.84600000,1750170599999999,4173822.18178000,20598,16964.16500000,2550981.17500000,0
1750170600000000,150.22000000,150.50000000,149.49000000,149.73000000,22131.34400000,1750171499999999,3319319.16132000,23514,9100.99000000,1365045.07808000,0
1750171500000000,149.73000000,150.07000000,148.71000000,148.85000000,48852.22300000,1750172399999999,7295147.63660000,26389,11436.28300000,1710228.24709000,0
1750172400000000,148.86000000,149.05000000,148.12000000,148.63000000,65649.15600000,1750173299999999,9749127.97806000,54816,30424.46200000,4519427.20705000,0
1750173300000000,148.63000000,148.63000000,147.27000000,147.50000000,95689.22100000,1750174199999999,14135464.59244000,52796,43361.95300000,6404831.60225000,0
1750174200000000,147.50000000,147.94000000,146.52000000,147.72000000,62440.91600000,1750175099999999,9198310.07228000,54114,29813.91400000,4394280.86215000,0
1750175100000000,147.72000000,147.80000000,147.11000000,147.62000000,31183.89500000,1750175999999999,4598915.31534000,28167,15777.63900000,2326844.49536000,0
1750176000000000,147.62000000,147.84000000,147.26000000,147.52000000,57367.62600000,1750176899999999,8464225.37450000,43124,26609.03100000,3925827.38519000,0
1750176900000000,147.53000000,147.58000000,146.84000000,147.12000000,59930.37800000,1750177799999999,8818528.56719000,40038,28078.11200000,4131294.79349000,0
1750177800000000,147.11000000,148.03000000,146.73000000,146.98000000,36700.59700000,1750178699999999,5405389.04084000,32095,16126.87600000,2376362.62171000,0
1750178700000000,146.98000000,147.16000000,145.98000000,146.02000000,111015.33600000,1750179599999999,16248012.52787000,57370,40158.60900000,5875646.54154000,0
1750179600000000,146.02000000,146.67000000,145.61000000,145.83000000,73911.88100000,1750180499999999,10802213.85267000,53125,33239.58900000,4858385.86235000,0
1750180500000000,145.83000000,146.97000000,145.79000000,146.94000000,33574.34200000,1750181399999999,4917531.33315000,32573,20006.99800000,2930568.32705000,0
1750181400000000,146.94000000,147.35000000,146.52000000,146.64000000,27390.72200000,1750182299999999,4026397.94103000,23931,15304.23100000,2250118.38756000,0
1750182300000000,146.64000000,146.73000000,146.07000000,146.29000000,27614.69800000,1750183199999999,4041651.52023000,22265,12944.79300000,1894474.11988000,0
1750183200000000,146.28000000,146.80000000,146.04000000,146.51000000,17973.01300000,1750184099999999,2631359.00270000,16151,9522.30500000,1394314.74533000,0
1750184100000000,146.50000000,146.50000000,145.65000000,145.83000000,16795.08400000,1750184999999999,2453615.35187000,12792,7083.30000000,1034907.62794000,0
1750185000000000,145.83000000,146.80000000,145.82000000,146.76000000,17849.83200000,1750185899999999,2613117.45307000,17544,9903.82400000,1449603.49356000,0
1750185900000000,146.75000000,148.17000000,146.71000000,148.16000000,21991.85100000,1750186799999999,3242597.67661000,16874,13225.60100000,1950292.28996000,0
1750186800000000,148.15000000,149.04000000,147.82000000,148.61000000,47651.03400000,1750187699999999,7072750.26503000,40774,22545.84600000,3347347.22982000,0
1750187700000000,148.62000000,150.04000000,148.57000000,149.47000000,66994.71800000,1750188599999999,9998808.07783000,40643,45807.80900000,6838155.11063000,0
1750188600000000,149.47000000,149.99000000,149.10000000,149.34000000,25103.45700000,1750189499999999,3751737.21732000,28123,11127.39000000,1663254.23414000,0
1750189500000000,149.34000000,150.39000000,148.63000000,148.87000000,63775.64100000,1750190399999999,9529310.03472000,41988,29079.07900000,4345338.12250000,0
1750190400000000,148.87000000,149.16000000,148.53000000,148.78000000,33724.13500000,1750191299999999,5019984.29537000,28836,15909.36100000,2368282.27131000,0
1750191300000000,148.77000000,149.25000000,148.07000000,148.91000000,26351.83600000,1750192199999999,3915891.47404000,20125,12090.10900000,1796961.83624000,0
1750192200000000,148.92000000,149.12000000,148.56000000,148.80000000,12745.58500000,1750193099999999,1896410.86720000,15750,6157.98900000,916324.82800000,0
1750193100000000,148.81000000,148.91000000,148.45000000,148.66000000,15209.21600000,1750193999999999,2260850.83973000,15388,5125.89200000,762022.93007000,0
1750194000000000,148.65000000,149.00000000,147.25000000,147.56000000,54442.47200000,1750194899999999,8055108.68098000,31220,20230.32800000,2993640.49052000,0
1750194900000000,147.56000000,147.92000000,146.69000000,147.82000000,41933.78700000,1750195799999999,6177492.18003000,23951,16914.27600000,2491816.46827000,0
1750195800000000,147.83000000,148.57000000,147.83000000,148.41000000,46980.90900000,1750196699999999,6963906.46117000,25516,19690.66100000,2918261.81236000,0
1750196700000000,148.41000000,148.41000000,147.44000000,147.80000000,13734.47900000,1750197599999999,2031066.11842000,12708,4432.96100000,655259.00205000,0
1750197600000000,147.81000000,147.96000000,147.11000000,147.91000000,15964.40600000,1750198499999999,2355866.67421000,18758,9245.46100000,1364621.70092000,0
1750198500000000,147.91000000,147.95000000,147.36000000,147.43000000,20835.78900000,1750199399999999,3077050.91034000,14156,12163.17000000,1796353.62578000,0
1750199400000000,147.42000000,147.52000000,146.91000000,147.09000000,13342.15300000,1750200299999999,1964017.94326000,15236,6120.85800000,900962.59275000,0
1750200300000000,147.10000000,147.57000000,146.26000000,146.45000000,18728.04400000,1750201199999999,2752875.96739000,16888,8738.16400000,1285368.60264000,0
1750201200000000,146.46000000,147.29000000,146.39000000,147.11000000,13026.14400000,1750202099999999,1913272.43352000,13721,6553.46000000,962773.43824000,0
1750202100000000,147.11000000,147.86000000,147.11000000,147.83000000,8087.51000000,1750202999999999,1192828.33443000,9883,3929.04800000,579563.98322000,0
1750203000000000,147.83000000,148.34000000,147.79000000,148.18000000,22582.70000000,1750203899999999,3344509.95545000,12559,15122.96100000,2239755.64872000,0
1750203900000000,148.18000000,148.36000000,147.49000000,147.57000000,19853.51400000,1750204799999999,2936378.62263000,11946,9278.79000000,1372264.65766000,0
1750204800000000,147.58000000,148.09000000,147.51000000,147.56000000,21061.40400000,1750205699999999,3111085.91512000,17608,12326.95400000,1820845.89673000,0
1750205700000000,147.57000000,147.81000000,146.66000000,146.66000000,28497.97200000,1750206599999999,4198201.42847000,19523,15418.65800000,2271731.57982000,0
1750206600000000,146.65000000,148.07000000,146.54000000,147.98000000,37202.79500000,1750207499999999,5483981.48531000,21352,27879.06400000,4109602.99016000,0
1750207500000000,147.97000000,148.26000000,147.28000000,148.23000000,37579.62200000,1750208399999999,5553987.30213000,19108,23783.35300000,3515622.54847000,0
1750208400000000,148.23000000,149.02000000,148.10000000,148.57000000,27266.34400000,1750209299999999,4052696.60784000,21688,17409.92500000,2588190.80952000,0
1750209300000000,148.56000000,149.10000000,148.10000000,148.10000000,26218.90000000,1750210199999999,3899261.88305000,14579,16172.34600000,2406338.04684000,0
1750210200000000,148.10000000,148.45000000,147.98000000,148.05000000,44325.05500000,1750211099999999,6569083.36237000,16253,19578.82500000,2900958.64604000,0
1750211100000000,148.06000000,148.06000000,147.50000000,147.57000000,13726.79800000,1750211999999999,2027734.56694000,12939,8121.31500000,1199543.88611000,0
1750212000000000,147.58000000,147.90000000,147.37000000,147.60000000,19072.72300000,1750212899999999,2816889.45339000,16639,8972.06500000,1324874.18743000,0
1750212900000000,147.59000000,148.20000000,147.20000000,148.13000000,16650.27000000,1750213799999999,2457897.69304000,17133,7872.92100000,1162824.34912000,0
1750213800000000,148.13000000,148.21000000,147.61000000,147.63000000,11124.28200000,1750214699999999,1645908.57831000,11895,5280.14200000,781199.02130000,0
1750214700000000,147.64000000,148.03000000,147.58000000,147.58000000,9975.45200000,1750215599999999,1475089.96043000,11244,6028.13800000,891350.38946000,0
1750215600000000,147.59000000,147.91000000,147.40000000,147.83000000,14535.18200000,1750216499999999,2146381.72337000,12873,6553.59100000,967709.79526000,0
1750216500000000,147.83000000,148.15000000,147.70000000,147.91000000,15332.69700000,1750217399999999,2268038.30876000,12265,8220.97100000,1216099.20012000,0
1750217400000000,147.91000000,148.55000000,147.90000000,148.54000000,13030.85800000,1750218299999999,1932900.22257000,12257,7951.02900000,1179511.82050000,0
1750218300000000,148.54000000,148.56000000,148.24000000,148.37000000,12615.20400000,1750219199999999,1872216.89364000,10598,6749.79700000,1001760.92493000,0
1750219200000000,148.38000000,148.85000000,148.20000000,148.84000000,13228.64500000,1750220099999999,1965875.26540000,10480,7254.58500000,1078223.41243000,0
1750220100000000,148.84000000,148.94000000,148.33000000,148.56000000,18213.88800000,1750220999999999,2707464.17003000,11266,6276.98900000,933223.18916000,0
1750221000000000,148.56000000,148.94000000,148.46000000,148.89000000,10885.50700000,1750221899999999,1619366.89084000,9009,5723.71900000,851526.39986000,0
1750221900000000,148.88000000,149.28000000,148.68000000,148.79000000,24240.88700000,1750222799999999,3609357.29739000,12123,8055.63400000,1199693.06654000,0
1750222800000000,148.80000000,148.91000000,148.49000000,148.56000000,16730.91800000,1750223699999999,2488235.71018000,13172,6571.27800000,977042.68142000,0
1750223700000000,148.56000000,148.89000000,148.50000000,148.71000000,11791.30600000,1750224599999999,1752940.15863000,10580,4145.69700000,616205.71012000,0
1750224600000000,148.70000000,149.10000000,148.67000000,148.80000000,17993.60700000,1750225499999999,2678547.59873000,10765,7596.52800000,1130937.42058000,0
1750225500000000,148.81000000,148.81000000,148.25000000,148.30000000,20676.65200000,1750226399999999,3069607.11479000,11278,4977.29200000,738931.73566000,0
1750226400000000,148.30000000,148.36000000,147.69000000,147.82000000,50357.92100000,1750227299999999,7453780.37241000,14276,18895.02200000,2796452.23950000,0
1750227300000000,147.81000000,148.12000000,147.59000000,147.70000000,23450.54900000,1750228199999999,3466005.99284000,12611,11758.46500000,1737634.71537000,0
1750228200000000,147.69000000,147.83000000,147.22000000,147.29000000,26960.97700000,1750229099999999,3978888.64616000,13414,10043.40200000,1482191.56595000,0
1750229100000000,147.28000000,147.40000000,146.89000000,147.23000000,30090.42100000,1750229999999999,4426839.08350000,13912,5949.46600000,875281.87825000,0
1750230000000000,147.22000000,147.52000000,147.04000000,147.15000000,34898.51100000,1750230899999999,5140922.42672000,16567,17611.38100000,2593891.26220000,0
1750230900000000,147.14000000,147.54000000,147.02000000,147.33000000,11795.90900000,1750231799999999,1737228.25443000,14975,4474.80100000,659039.54274000,0
1750231800000000,147.34000000,147.80000000,147.17000000,147.65000000,11606.47100000,1750232699999999,1711504.48948000,12716,4794.05800000,706837.00424000,0
1750232700000000,147.66000000,148.00000000,147.51000000,147.99000000,12062.00300000,1750233599999999,1782379.99006000,9835,6398.76600000,945686.02558000,0
1750233600000000,147.99000000,148.56000000,147.88000000,148.22000000,21979.32400000,1750234499999999,3260042.04474000,15652,11669.86300000,1731145.33604000,0
1750234500000000,148.22000000,148.25000000,147.70000000,147.70000000,12995.25400000,1750235399999999,1922813.48504000,11842,4822.73200000,713659.87904000,0
1750235400000000,147.70000000,147.77000000,147.08000000,147.24000000,16001.62200000,1750236299999999,2357671.18274000,13656,4214.05200000,620909.84300000,0
1750236300000000,147.24000000,147.78000000,147.24000000,147.66000000,14326.28600000,1750237199999999,2113751.24099000,12784,6244.35900000,921227.68000000,0
1750237200000000,147.66000000,148.18000000,147.66000000,148.10000000,16021.41500000,1750238099999999,2370662.98625000,12152,9055.89500000,1339683.34669000,0
1750238100000000,148.09000000,148.38000000,147.91000000,147.97000000,16707.84500000,1750238999999999,2475645.27317000,12198,6131.11700000,908447.17308000,0
1750239000000000,147.97000000,148.00000000,147.38000000,147.54000000,13122.10900000,1750239899999999,1938423.39596000,10522,4097.00700000,605245.34922000,0
1750239900000000,147.54000000,147.63000000,147.20000000,147.43000000,18022.97000000,1750240799999999,2657201.71215000,15463,5899.78100000,869963.92960000,0
1750240800000000,147.42000000,147.52000000,147.02000000,147.15000000,21633.93000000,1750241699999999,3184148.57222000,14490,11051.09300000,1626284.41933000,0
1750241700000000,147.15000000,147.48000000,146.52000000,146.65000000,28121.75300000,1750242599999999,4130354.95386000,23079,13143.40400000,1929855.49370000,0
1750242600000000,146.65000000,146.86000000,146.20000000,146.43000000,37786.38900000,1750243499999999,5534981.91129000,27525,18928.81500000,2772614.40939000,0
1750243500000000,146.44000000,146.62000000,145.34000000,145.69000000,53033.13300000,1750244399999999,7734457.22352000,34080,16521.52700000,2408721.98283000,0
1750244400000000,145.69000000,146.30000000,145.51000000,146.28000000,23612.29000000,1750245299999999,3444893.27535000,22217,14303.29000000,2086958.65258000,0
1750245300000000,146.27000000,146.30000000,145.89000000,146.25000000,19757.18600000,1750246199999999,2886311.60488000,13665,12245.06300000,1788837.77490000,0
1750246200000000,146.24000000,146.50000000,145.69000000,146.44000000,19664.04900000,1750247099999999,2872198.27376000,19339,11284.05400000,1648604.38999000,0
1750247100000000,146.43000000,146.77000000,146.29000000,146.52000000,26737.60400000,1750247999999999,3918682.73033000,20663,12874.56100000,1886793.30220000,0
1750248000000000,146.52000000,146.58000000,146.19000000,146.38000000,19401.23800000,1750248899999999,2839949.37951000,17037,10483.98800000,1534674.29643000,0
1750248900000000,146.38000000,146.38000000,145.62000000,146.01000000,27760.61500000,1750249799999999,4052129.20635000,16015,11865.14300000,1731892.65409000,0
1750249800000000,146.02000000,146.19000000,145.37000000,145.49000000,25785.80300000,1750250699999999,3757971.16568000,16264,7977.86300000,1162540.94692000,0
1750250700000000,145.50000000,145.72000000,145.00000000,145.17000000,33444.29500000,1750251599999999,4858257.47823000,20104,11267.54600000,1637189.19376000,0
1750251600000000,145.18000000,145.36000000,144.69000000,144.81000000,44188.20300000,1750252499999999,6406365.58907000,30239,14794.37600000,2144970.11929000,0
1750252500000000,144.81000000,144.96000000,143.76000000,143.97000000,107946.45100000,1750253399999999,15568864.02342000,48121,52437.39700000,7562776.80275000,0
1750253400000000,143.98000000,145.23000000,143.82000000,144.83000000,64563.70700000,1750254299999999,9341731.45510000,51967,32292.03900000,4671608.03623000,0
1750254300000000,144.83000000,145.48000000,144.21000000,145.29000000,43924.92800000,1750255199999999,6368187.76444000,35814,19185.96000000,2781550.72860000,0
1750255200000000,145.29000000,146.57000000,144.66000000,146.31000000,70314.91300000,1750256099999999,10264828.58108000,61405,35853.48500000,5234637.06349000,0
1750256100000000,146.31000000,146.77000000,145.97000000,146.48000000,45557.02800000,1750256999999999,6669998.39689000,41141,21233.45700000,3108934.64676000,0
1750257000000000,146.48000000,146.73000000,146.00000000,146.39000000,31316.62300000,1750257899999999,4581929.66467000,29922,12668.77400000,1853855.64072000,0
1750257900000000,146.40000000,146.43000000,144.88000000,145.28000000,49953.42800000,1750258799999999,7260117.29361000,30988,14908.69100000,2168110.16783000,0
1750258800000000,145.29000000,145.97000000,144.96000000,145.08000000,49899.63900000,1750259699999999,7265842.57088000,26567,21200.11100000,3087491.16881000,0
1750259700000000,145.08000000,145.78000000,144.64000000,145.58000000,32757.88500000,1750260599999999,4756968.80965000,24853,13129.87500000,1906857.74215000,0
1750260600000000,145.59000000,146.03000000,145.33000000,145.63000000,27998.45100000,1750261499999999,4078453.58404000,23729,12664.78400000,1845078.64874000,0
1750261500000000,145.64000000,146.12000000,145.53000000,145.74000000,23548.29900000,1750262399999999,3433337.86980000,21385,11583.98600000,1688854.30695000,0
1750262400000000,145.74000000,145.74000000,145.02000000,145.24000000,35064.31400000,1750263299999999,5096460.89522000,26952,19013.02800000,2763275.56058000,0
1750263300000000,145.25000000,145.25000000,144.42000000,144.60000000,32685.75000000,1750264199999999,4730408.47223000,22113,15647.76800000,2264500.14133000,0
1750264200000000,144.59000000,145.17000000,144.51000000,144.99000000,35484.29100000,1750265099999999,5138829.10496000,21995,15665.51000000,2268353.35809000,0
1750265100000000,145.00000000,145.06000000,144.47000000,144.83000000,25287.43000000,1750265999999999,3660626.22621000,19623,12035.54800000,1742320.71483000,0
1750266000000000,144.83000000,144.83000000,143.94000000,144.36000000,40804.15700000,1750266899999999,5889203.59763000,26541,19494.46000000,2814273.65729000,0
1750266900000000,144.36000000,145.13000000,144.24000000,144.55000000,25717.32300000,1750267799999999,3721579.02176000,26676,11866.06700000,1717064.91839000,0
1750267800000000,144.56000000,145.63000000,143.93000000,145.41000000,51428.75000000,1750268699999999,7434812.15253000,26135,20126.60500000,2912148.20731000,0
1750268700000000,145.42000000,145.89000000,145.05000000,145.55000000,31624.38400000,1750269599999999,4601084.54558000,17113,15562.00800000,2263692.95341000,0
1750269600000000,145.55000000,146.51000000,144.57000000,145.28000000,83920.47200000,1750270499999999,12203794.79934000,58892,41992.40600000,6108285.38414000,0
1750270500000000,145.29000000,145.39000000,144.65000000,145.01000000,25473.49400000,1750271399999999,3693575.09188000,24564,9288.60900000,1346803.34851000,0
1750271400000000,145.02000000,146.00000000,144.88000000,145.69000000,31059.71700000,1750272299999999,4520882.66120000,27117,14213.87800000,2068899.53438000,0
1750272300000000,145.69000000,145.87000000,143.96000000,143.96000000,44768.20500000,1750273199999999,6483376.74418000,33799,14786.43800000,2142947.81904000,0
1750273200000000,143.96000000,145.93000000,143.65000000,145.53000000,66245.81800000,1750274099999999,9571555.67312000,57551,31074.95200000,4492858.35363000,0
1750274100000000,145.53000000,146.03000000,144.62000000,144.70000000,52129.37200000,1750274999999999,7576567.37369000,51191,23202.55800000,3373477.83059000,0
1750275000000000,144.70000000,145.50000000,144.55000000,145.35000000,24045.15100000,1750275899999999,3489149.96458000,19829,11050.51600000,1603484.95889000,0
1750275900000000,145.35000000,145.53000000,144.64000000,144.71000000,28005.09900000,1750276799999999,4066693.36742000,23304,10900.03200000,1583193.77024000,0
1750276800000000,144.71000000,145.15000000,144.09000000,144.81000000,23103.59900000,1750277699999999,3341511.47645000,22485,8526.62100000,1233172.67964000,0
1750277700000000,144.82000000,145.72000000,144.79000000,145.70000000,27226.11800000,1750278599999999,3959840.18651000,15462,7898.04100000,1148643.16936000,0
1750278600000000,145.70000000,146.75000000,145.52000000,146.67000000,32896.79700000,1750279499999999,4807257.27546000,19619,13640.98000000,1993654.48207000,0
1750279500000000,146.68000000,147.87000000,146.63000000,147.46000000,58349.61000000,1750280399999999,8599225.70909000,36045,30682.57200000,4520712.63554000,0
1750280400000000,147.46000000,147.60000000,146.26000000,146.51000000,33510.95700000,1750281299999999,4923748.03648000,28616,13514.58500000,1985788.10168000,0
1750281300000000,146.52000000,147.14000000,146.50000000,146.99000000,19438.56100000,1750282199999999,2853751.04663000,20248,8479.86000000,1244960.22709000,0
1750282200000000,146.99000000,147.34000000,146.61000000,146.95000000,28366.59500000,1750283099999999,4169969.72098000,19114,13601.01700000,1999595.44556000,0
1750283100000000,146.95000000,147.85000000,146.72000000,147.55000000,23607.01100000,1750283999999999,3479537.00320000,14991,11003.66000000,1622267.72085000,0
1750284000000000,147.55000000,147.69000000,147.16000000,147.44000000,66849.72200000,1750284899999999,9861569.50956000,21520,17812.55700000,2626184.20094000,0
1750284900000000,147.44000000,147.92000000,147.24000000,147.62000000,17183.24800000,1750285799999999,2535661.41845000,10642,7580.97700000,1119058.55691000,0
1750285800000000,147.63000000,147.79000000,147.30000000,147.36000000,16745.36100000,1750286699999999,2469754.11359000,9263,7137.30400000,1052977.47657000,0
1750286700000000,147.37000000,147.69000000,147.30000000,147.37000000,8458.53600000,1750287599999999,1247483.30452000,7865,3064.57700000,451979.68150000,0
1750287600000000,147.38000000,147.80000000,147.30000000,147.45000000,9296.69000000,1750288499999999,1371441.70184000,10580,3659.51200000,539823.07941000,0
1750288500000000,147.45000000,147.51000000,147.16000000,147.16000000,10113.24100000,1750289399999999,1489924.06508000,7531,3717.51800000,547656.07993000,0
1750289400000000,147.16000000,147.16000000,145.93000000,146.02000000,38370.07000000,1750290299999999,5621980.46877000,18861,13207.51000000,1934654.85606000,0
1750290300000000,146.02000000,146.45000000,146.02000000,146.34000000,12564.74200000,1750291199999999,1837467.44501000,9782,5947.64200000,869780.58686000,0
1750291200000000,146.35000000,146.58000000,145.99000000,146.10000000,13678.13900000,1750292099999999,2001301.99283000,12986,5306.86400000,776486.70566000,0
1750292100000000,146.10000000,147.41000000,145.83000000,147.20000000,21365.74700000,1750292999999999,3133229.66080000,15388,12121.77000000,1778286.78353000,0
1750293000000000,147.21000000,147.90000000,147.08000000,147.70000000,35210.42900000,1750293899999999,5196102.73431000,26319,17494.89200000,2581936.73190000,0
1750293900000000,147.71000000,147.90000000,146.82000000,146.91000000,34765.57800000,1750294799999999,5122593.14226000,23935,16935.88700000,2496194.52080000,0
1750294800000000,146.92000000,146.97000000,145.45000000,145.60000000,47383.08200000,1750295699999999,6923737.81683000,37469,21080.01700000,3080706.35761000,0
1750295700000000,145.60000000,146.37000000,145.59000000,146.29000000,17442.78100000,1750296599999999,2546814.39026000,18974,8125.41200000,1186423.63825000,0
1750296600000000,146.29000000,146.29000000,145.74000000,145.80000000,28662.50800000,1750297499999999,4183106.88813000,14577,8786.15800000,1282413.80023000,0
1750297500000000,145.80000000,146.04000000,145.51000000,145.69000000,20865.41700000,1750298399999999,3041699.01685000,10206,8438.43400000,1229813.87316000,0
1750298400000000,145.70000000,146.11000000,145.34000000,145.40000000,27800.23100000,1750299299999999,4050595.92193000,15392,14650.01400000,2135035.53296000,0
1750299300000000,145.40000000,145.41000000,144.96000000,145.10000000,29966.19300000,1750300199999999,4349375.93353000,17685,12513.47100000,1816340.65464000,0
1750300200000000,145.10000000,146.08000000,145.02000000,146.06000000,24911.15000000,1750301099999999,3625426.60533000,15524,14627.50200000,2128225.62844000,0
1750301100000000,146.06000000,146.16000000,145.42000000,145.48000000,22760.79800000,1750301999999999,3319527.25261000,11801,8114.70700000,1183394.34607000,0
1750302000000000,145.49000000,145.86000000,145.47000000,145.62000000,22506.33700000,1750302899999999,3278859.61067000,11120,14812.57900000,2157977.09555000,0
1750302900000000,145.63000000,146.28000000,145.60000000,146.13000000,18354.43000000,1750303799999999,2677764.33256000,13076,10227.94800000,1492310.81978000,0
1750303800000000,146.13000000,146.37000000,145.97000000,146.36000000,13230.55500000,1750304699999999,1933521.48512000,11227,6022.67100000,880235.92753000,0
1750304700000000,146.37000000,146.73000000,146.08000000,146.58000000,16445.76300000,1750305599999999,2407469.71349000,10420,7783.78500000,1139900.50038000,0
1750305600000000,146.58000000,146.64000000,146.04000000,146.22000000,18525.96200000,1750306499999999,2710023.41186000,11651,6814.50000000,996872.00624000,0
1750306500000000,146.21000000,146.28000000,145.79000000,145.82000000,18844.67700000,1750307399999999,2750440.52454000,10161,11307.88500000,1650289.12013000,0
1750307400000000,145.82000000,146.09000000,145.60000000,146.00000000,14637.58600000,1750308299999999,2133483.72995000,10184,5108.95800000,744769.02807000,0
1750308300000000,146.00000000,146.56000000,146.00000000,146.56000000,12923.10800000,1750309199999999,1890428.55324000,7618,5913.41100000,864892.19613000,0
1750309200000000,146.56000000,147.14000000,146.41000000,146.67000000,19220.27600000,1750310099999999,2820993.63067000,15459,8348.49600000,1225417.70017000,0
1750310100000000,146.68000000,147.16000000,146.46000000,146.80000000,18363.57400000,1750310999999999,2696632.62708000,15493,6632.17400000,974082.07815000,0
1750311000000000,146.80000000,147.04000000,146.32000000,146.50000000,20185.30400000,1750311899999999,2961431.93796000,12054,9568.85700000,1404357.30516000,0
1750311900000000,146.50000000,146.67000000,145.86000000,145.97000000,112603.84000000,1750312799999999,16496468.99190000,21296,51530.89000000,7549779.50639000,0
1750312800000000,145.97000000,146.20000000,145.27000000,145.33000000,115204.81200000,1750313699999999,16791986.29917000,24841,59549.39900000,8679290.11385000,0
1750313700000000,145.34000000,145.45000000,145.12000000,145.16000000,37042.65000000,1750314599999999,5380619.13972000,14148,13875.51600000,2015375.32090000,0
1750314600000000,145.17000000,145.38000000,145.05000000,145.18000000,18851.72400000,1750315499999999,2738759.20572000,9867,6761.55700000,982242.41069000,0
1750315500000000,145.18000000,145.33000000,145.00000000,145.11000000,17845.88600000,1750316399999999,2589995.35834000,8471,4360.46800000,632831.50827000,0
1750316400000000,145.11000000,145.59000000,145.09000000,145.44000000,17880.45900000,1750317299999999,2600124.99617000,13055,7463.96400000,1085401.96367000,0
1750317300000000,145.45000000,145.59000000,145.10000000,145.21000000,15414.92500000,1750318199999999,2240694.29589000,11591,5938.98500000,863287.38984000,0
1750318200000000,145.22000000,145.36000000,145.13000000,145.24000000,13619.80800000,1750319099999999,1978131.93263000,11176,5665.21000000,822847.27996000,0
1750319100000000,145.24000000,145.40000000,145.00000000,145.07000000,12540.20600000,1750319999999999,1820917.85707000,8818,5169.44100000,750689.47572000,0
1750320000000000,145.08000000,145.64000000,145.07000000,145.45000000,18459.26400000,1750320899999999,2683550.17217000,10551,7714.41700000,1121403.62882000,0
1750320900000000,145.45000000,145.80000000,145.40000000,145.69000000,15515.14800000,1750321799999999,2259240.95737000,8217,5571.18800000,811320.93546000,0
1750321800000000,145.70000000,145.83000000,145.40000000,145.72000000,18592.60100000,1750322699999999,2708273.48699000,11640,6467.69500000,942006.64718000,0
1750322700000000,145.73000000,145.94000000,145.16000000,145.16000000,19927.83500000,1750323599999999,2900933.51767000,11373,5151.03200000,749856.06054000,0
1750323600000000,145.16000000,145.54000000,145.05000000,145.32000000,16653.56100000,1750324499999999,2420516.14797000,10548,7156.75900000,1040234.27720000,0
1750324500000000,145.32000000,145.82000000,145.32000000,145.77000000,24842.25000000,1750325399999999,3616618.17418000,10598,5552.64100000,808401.82189000,0
1750325400000000,145.77000000,145.86000000,145.61000000,145.68000000,16959.81100000,1750326299999999,2471459.90479000,10937,3368.81900000,490951.30882000,0
1750326300000000,145.68000000,146.24000000,145.68000000,146.12000000,23587.72500000,1750327199999999,3444563.94752000,13102,10998.31100000,1605883.57802000,0
1750327200000000,146.13000000,146.27000000,145.76000000,146.03000000,13231.59100000,1750328099999999,1931898.99708000,10731,5591.47600000,816309.14670000,0
1750328100000000,146.04000000,146.43000000,145.92000000,146.38000000,16995.37800000,1750328999999999,2484541.14503000,14693,8066.68900000,1179252.01608000,0
1750329000000000,146.38000000,146.50000000,146.13000000,146.27000000,17899.20200000,1750329899999999,2618931.31562000,13504,7002.22700000,1024639.83797000,0
1750329900000000,146.27000000,146.40000000,145.92000000,146.09000000,14489.07100000,1750330799999999,2117444.14098000,10586,4215.95400000,616131.08254000,0
1750330800000000,146.09000000,146.10000000,145.46000000,145.63000000,16747.80000000,1750331699999999,2441583.14041000,10323,5942.09300000,866452.11547000,0
1750331700000000,145.63000000,145.73000000,145.30000000,145.35000000,11708.24900000,1750332599999999,1704137.25199000,10375,4305.40500000,626635.41564000,0
1750332600000000,145.36000000,145.40000000,144.85000000,145.01000000,21661.81800000,1750333499999999,3143151.56392000,12647,5859.12300000,850239.05436000,0
1750333500000000,145.02000000,145.33000000,144.85000000,145.09000000,15653.09400000,1750334399999999,2271052.92161000,12480,6872.57200000,997065.63494000,0
1750334400000000,145.10000000,145.37000000,144.52000000,145.37000000,25451.63700000,1750335299999999,3686168.94179000,15955,7469.21700000,1082410.69503000,0
1750335300000000,145.38000000,145.38000000,145.10000000,145.31000000,16356.55200000,1750336199999999,2376128.39368000,10263,8617.69000000,1251844.32215000,0
1750336200000000,145.32000000,145.50000000,144.89000000,144.89000000,14986.27000000,1750337099999999,2176181.15853000,11333,8277.17000000,1202199.01967000,0
1750337100000000,144.89000000,145.34000000,144.85000000,145.20000000,18026.88000000,1750337999999999,2615501.55430000,10791,9130.52100000,1324720.45200000,0
1750338000000000,145.21000000,145.34000000,144.95000000,144.98000000,20087.16700000,1750338899999999,2914574.12738000,14002,6720.66200000,975196.97428000,0
1750338900000000,144.99000000,145.34000000,144.70000000,145.26000000,16110.34500000,1750339799999999,2336019.23877000,13830,8282.42200000,1200907.49139000,0
1750339800000000,145.27000000,145.28000000,144.52000000,144.60000000,20262.66500000,1750340699999999,2933820.57004000,16813,10048.28700000,1454978.32524000,0
1750340700000000,144.60000000,144.65000000,143.81000000,143.95000000,49748.18100000,1750341599999999,7168412.63690000,31746,23657.39300000,3408953.85433000,0
1750341600000000,143.95000000,144.44000000,143.88000000,144.14000000,24981.11000000,1750342499999999,3602462.77955000,15403,12573.27800000,1813133.74510000,0
1750342500000000,144.15000000,144.64000000,144.08000000,144.43000000,22701.29800000,1750343399999999,3276428.49441000,14859,9726.36300000,1403853.17561000,0
1750343400000000,144.44000000,144.62000000,143.63000000,143.74000000,54358.22300000,1750344299999999,7827161.10411000,20665,21720.92300000,3130317.34642000,0
1750344300000000,143.75000000,143.75000000,142.96000000,143.16000000,79616.50500000,1750345199999999,11406565.59540000,33578,31596.99100000,4528874.33502000,0
1750345200000000,143.17000000,143.65000000,143.04000000,143.63000000,26336.10000000,1750346099999999,3774343.12264000,23202,11327.55900000,1623461.04647000,0
1750346100000000,143.63000000,143.92000000,143.24000000,143.64000000,19209.14000000,1750346999999999,2758023.88722000,15033,7975.39500000,1145179.44958000,0
1750347000000000,143.65000000,143.72000000,143.25000000,143.45000000,25400.33500000,1750347899999999,3643582.35518000,16534,11163.34500000,1601640.48046000,0
1750347900000000,143.45000000,143.72000000,142.92000000,143.16000000,27803.10700000,1750348799999999,3982537.01073000,18834,10652.89200000,1526307.50846000,0
1750348800000000,143.16000000,144.01000000,143.13000000,143.93000000,14334.48600000,1750349699999999,2060624.46779000,10949,9502.53400000,1366192.26872000,0
1750349700000000,143.93000000,144.18000000,143.72000000,143.96000000,27518.24100000,1750350599999999,3962179.19592000,15247,19341.44200000,2784814.07086000,0
1750350600000000,143.96000000,143.98000000,143.56000000,143.86000000,20963.75900000,1750351499999999,3014071.82941000,16063,10538.76300000,1515154.83035000,0
1750351500000000,143.86000000,143.98000000,143.13000000,143.31000000,19052.27500000,1750352399999999,2734152.73883000,18863,10474.88300000,1503148.89587000,0
1750352400000000,143.32000000,143.82000000,143.11000000,143.67000000,16220.82800000,1750353299999999,2327936.29607000,15716,9352.31100000,1342269.80121000,0
1750353300000000,143.67000000,143.78000000,143.32000000,143.65000000,10867.00600000,1750354199999999,1560092.19975000,12521,6647.70300000,954331.83037000,0
1750354200000000,143.64000000,145.22000000,143.52000000,144.90000000,62435.75600000,1750355099999999,9034178.51855000,35671,31674.31100000,4581564.35598000,0
1750355100000000,144.91000000,145.20000000,144.66000000,144.78000000,28115.68300000,1750355999999999,4073655.99002000,17920,14409.71400000,2087966.12310000,0
1750356000000000,144.78000000,146.04000000,144.67000000,145.60000000,47662.53200000,1750356899999999,6934794.32777000,28491,31566.32000000,4593537.96894000,0
1750356900000000,145.61000000,145.82000000,145.22000000,145.33000000,24515.87000000,1750357799999999,3566429.00224000,18170,14450.24000000,2102173.90932000,0
1750357800000000,145.33000000,145.76000000,145.00000000,145.19000000,17812.73500000,1750358699999999,2589021.44978000,12517,12117.64900000,1761344.38988000,0
1750358700000000,145.18000000,145.38000000,144.81000000,145.35000000,13583.20300000,1750359599999999,1970269.63634000,10623,6768.63700000,981757.99505000,0
1750359600000000,145.36000000,145.75000000,145.14000000,145.75000000,18066.65100000,1750360499999999,2628095.34846000,15149,9400.04100000,1367471.14882000,0
1750360500000000,145.76000000,145.84000000,145.39000000,145.52000000,17098.35300000,1750361399999999,2490034.03550000,14573,10809.87600000,1574178.31746000,0
1750361400000000,145.52000000,145.67000000,145.04000000,145.31000000,16455.78500000,1750362299999999,2390980.73899000,11862,8139.82300000,1182484.65071000,0
1750362300000000,145.30000000,145.73000000,145.30000000,145.48000000,10188.96400000,1750363199999999,1482790.26571000,7778,6003.29000000,873585.62207000,0
1750363200000000,145.48000000,145.96000000,145.48000000,145.77000000,9823.79400000,1750364099999999,1430970.73856000,10910,4671.82800000,680503.67826000,0
1750364100000000,145.78000000,146.18000000,145.40000000,145.72000000,14568.92000000,1750364999999999,2124811.53005000,11445,6950.97100000,1013833.48267000,0
1750365000000000,145.73000000,145.87000000,145.10000000,145.12000000,8692.66300000,1750365899999999,1264995.02529000,11433,3289.04100000,478436.24987000,0
1750365900000000,145.12000000,145.44000000,145.03000000,145.34000000,11915.91800000,1750366799999999,1730355.42652000,11627,6458.37100000,937840.51744000,0
1750366800000000,145.34000000,145.73000000,145.29000000,145.53000000,9904.69800000,1750367699999999,1441345.79037000,8808,5389.60000000,784225.43402000,0
1750367700000000,145.53000000,145.89000000,145.38000000,145.64000000,13720.33600000,1750368599999999,1998589.77103000,9593,6987.80700000,1017589.88693000,0
1750368600000000,145.64000000,146.00000000,145.23000000,145.64000000,22086.50900000,1750369499999999,3216266.15191000,12288,11695.08000000,1702195.92249000,0
1750369500000000,145.64000000,145.91000000,145.43000000,145.67000000,7887.86000000,1750370399999999,1149273.38035000,6921,3670.42700000,534747.49332000,0
1750370400000000,145.68000000,146.68000000,145.68000000,146.53000000,31257.56300000,1750371299999999,4572868.59738000,25336,16036.92800000,2345919.34069000,0
1750371300000000,146.54000000,146.72000000,146.34000000,146.70000000,22799.12300000,1750372199999999,3341739.23009000,14911,11489.74700000,1684034.41786000,0
1750372200000000,146.70000000,147.45000000,146.67000000,147.19000000,39153.86900000,1750373099999999,5760960.71254000,19811,23820.77300000,3504553.83508000,0
1750373100000000,147.19000000,147.35000000,146.69000000,146.70000000,27518.74900000,1750373999999999,4047294.71862000,15832,7221.31200000,1062014.35451000,0
1750374000000000,146.69000000,147.13000000,146.38000000,147.03000000,17422.15700000,1750374899999999,2555269.88575000,13521,8153.99200000,1196027.04564000,0
1750374900000000,147.03000000,147.27000000,146.77000000,146.79000000,16641.58600000,1750375799999999,2446602.35554000,11630,5641.94500000,829700.25530000,0
1750375800000000,146.78000000,147.19000000,146.59000000,147.13000000,30565.90800000,1750376699999999,4486389.47623000,11186,15323.67800000,2248905.03298000,0
1750376700000000,147.13000000,147.19000000,146.99000000,147.04000000,13070.10100000,1750377599999999,1922569.72053000,8444,3543.87100000,521296.22713000,0
1750377600000000,147.04000000,147.54000000,146.87000000,147.28000000,42426.51500000,1750378499999999,6246640.51166000,15661,24182.83600000,3560311.92561000,0
1750378500000000,147.29000000,147.29000000,146.59000000,146.68000000,13309.29000000,1750379399999999,1954984.08883000,13283,4449.40400000,653333.09404000,0
1750379400000000,146.68000000,147.06000000,146.65000000,146.97000000,9662.92100000,1750380299999999,1419492.53675000,10302,4151.08800000,609706.08903000,0
1750380300000000,146.97000000,147.14000000,146.84000000,146.97000000,11312.39000000,1750381199999999,1662714.26802000,10660,6493.11100000,954353.97601000,0
1750381200000000,146.96000000,147.10000000,146.27000000,146.67000000,11715.88200000,1750382099999999,1717776.71960000,11766,4698.16200000,688974.06940000,0
1750382100000000,146.66000000,146.67000000,146.18000000,146.23000000,8631.60800000,1750382999999999,1264130.90644000,10010,3748.83100000,549015.01229000,0
1750383000000000,146.24000000,146.62000000,146.18000000,146.53000000,11532.87500000,1750383899999999,1688011.19862000,8607,6197.99200000,907203.37899000,0
1750383900000000,146.53000000,147.25000000,146.50000000,147.12000000,14063.02700000,1750384799999999,2066962.37231000,9354,9157.61400000,1345945.40735000,0
1750384800000000,147.13000000,147.18000000,146.77000000,146.77000000,13318.69800000,1750385699999999,1958496.53230000,8729,4801.13100000,705877.81082000,0
1750385700000000,146.78000000,146.87000000,146.44000000,146.46000000,8804.21800000,1750386599999999,1291310.57430000,8222,5363.92500000,786801.35217000,0
1750386600000000,146.46000000,146.48000000,145.72000000,145.81000000,25003.22700000,1750387499999999,3651463.76949000,12866,12919.19900000,1886582.23768000,0
1750387500000000,145.81000000,146.00000000,145.66000000,145.95000000,16162.53800000,1750388399999999,2357287.45539000,10409,11217.69500000,1636083.35135000,0
1750388400000000,145.95000000,145.99000000,145.51000000,145.83000000,11267.04100000,1750389299999999,1641894.29161000,9580,6222.28500000,906863.14494000,0
1750389300000000,145.83000000,146.07000000,145.69000000,146.03000000,9486.97900000,1750390199999999,1384505.87490000,10510,6156.16700000,898358.09504000,0
1750390200000000,146.03000000,146.03000000,145.69000000,145.69000000,8284.67900000,1750391099999999,1207830.09008000,7378,4628.91500000,674795.20337000,0
1750391100000000,145.69000000,145.70000000,145.41000000,145.44000000,17444.78700000,1750391999999999,2538386.20082000,8153,5251.45200000,764355.33282000,0
1750392000000000,145.45000000,145.63000000,145.28000000,145.33000000,7334.02400000,1750392899999999,1066493.06539000,8769,3324.13500000,483358.04444000,0
1750392900000000,145.33000000,145.49000000,144.58000000,145.06000000,23372.38000000,1750393799999999,3387650.03282000,14193,9916.13600000,1437877.43063000,0
1750393800000000,145.06000000,145.21000000,144.70000000,144.79000000,16961.07800000,1750394699999999,2458120.32740000,15103,7379.15600000,1069375.31445000,0
1750394700000000,144.79000000,144.93000000,144.30000000,144.50000000,16816.21300000,1750395599999999,2430304.57047000,15867,6775.41500000,979229.99736000,0
1750395600000000,144.51000000,144.89000000,144.49000000,144.82000000,7839.85000000,1750396499999999,1134798.60488000,10340,4126.74100000,597333.87512000,0
1750396500000000,144.82000000,145.03000000,144.50000000,144.77000000,10354.52000000,1750397399999999,1499006.16402000,11849,4791.55600000,693714.71158000,0
1750397400000000,144.77000000,145.29000000,144.77000000,145.29000000,11239.58300000,1750398299999999,1630942.68301000,8630,7377.23600000,1070473.69759000,0
1750398300000000,145.29000000,145.49000000,145.27000000,145.34000000,14707.60600000,1750399199999999,2137719.99009000,6265,5261.09200000,764717.25584000,0
1750399200000000,145.33000000,145.70000000,145.03000000,145.14000000,11494.97500000,1750400099999999,1671291.21895000,11118,6808.47600000,990084.20074000,0
1750400100000000,145.14000000,145.44000000,145.00000000,145.36000000,10004.67900000,1750400999999999,1453455.92301000,9198,4818.45500000,700055.86607000,0
1750401000000000,145.36000000,145.59000000,145.28000000,145.55000000,7373.00500000,1750401899999999,1072285.39898000,6573,4426.95500000,643859.82253000,0
1750401900000000,145.55000000,145.57000000,145.27000000,145.50000000,7556.18000000,1750402799999999,1098994.68128000,7499,3331.54700000,484553.63344000,0
1750402800000000,145.49000000,145.63000000,145.25000000,145.61000000,8397.52300000,1750403699999999,1221135.32404000,9892,3418.50200000,497159.56617000,0
1750403700000000,145.60000000,146.84000000,145.58000000,146.43000000,30634.48000000,1750404599999999,4482830.22714000,22616,19239.74900000,2815248.31294000,0
1750404600000000,146.42000000,147.15000000,146.40000000,146.95000000,37481.20300000,1750405499999999,5505316.81864000,24113,23168.90700000,3403466.15150000,0
1750405500000000,146.96000000,147.78000000,146.81000000,147.47000000,36463.03800000,1750406399999999,5371012.11661000,18819,19953.42400000,2938687.22709000,0
1750406400000000,147.48000000,148.27000000,147.25000000,148.00000000,55591.22300000,1750407299999999,8222391.61723000,29276,32231.99300000,4767223.17307000,0
1750407300000000,147.99000000,148.16000000,147.71000000,147.90000000,31604.31800000,1750408199999999,4674219.18265000,22793,17761.71300000,2627055.42428000,0
1750408200000000,147.89000000,147.97000000,146.91000000,146.95000000,50903.08500000,1750409099999999,7512653.95230000,23011,19660.66200000,2901301.86219000,0
1750409100000000,146.96000000,147.59000000,146.96000000,147.41000000,35285.19400000,1750409999999999,5198320.02060000,17236,16910.27400000,2491009.60197000,0
1750410000000000,147.41000000,147.81000000,147.21000000,147.76000000,21918.79400000,1750410899999999,3233003.36707000,15129,10891.87800000,1606612.44500000,0
1750410900000000,147.76000000,147.81000000,147.25000000,147.35000000,18807.11400000,1750411799999999,2774913.38179000,12397,5893.29500000,869470.38632000,0
1750411800000000,147.36000000,147.58000000,147.15000000,147.58000000,10692.15400000,1750412699999999,1575203.01426000,9681,4789.80500000,705733.37726000,0
1750412700000000,147.58000000,147.82000000,147.44000000,147.75000000,10530.12000000,1750413599999999,1554774.99773000,7803,4303.46700000,635362.83946000,0
1750413600000000,147.76000000,148.10000000,147.61000000,147.99000000,19738.74400000,1750414499999999,2918288.39075000,11803,9932.71400000,1468549.91901000,0
1750414500000000,147.99000000,148.50000000,147.88000000,148.25000000,21340.31600000,1750415399999999,3162932.12860000,13955,10675.41300000,1582419.13761000,0
1750415400000000,148.24000000,148.70000000,148.15000000,148.62000000,33225.61300000,1750416299999999,4935249.13107000,12090,19533.71700000,2901580.84568000,0
1750416300000000,148.62000000,148.81000000,148.32000000,148.56000000,40618.64800000,1750417199999999,6032288.22179000,14887,9916.60700000,1473137.21991000,0
1750417200000000,148.56000000,148.65000000,148.20000000,148.22000000,15825.54300000,1750418099999999,2349190.87441000,14100,6176.41500000,916916.60338000,0
1750418100000000,148.22000000,148.45000000,148.02000000,148.21000000,13337.55800000,1750418999999999,1976769.84369000,10962,4518.68800000,669739.19544000,0
1750419000000000,148.22000000,148.43000000,147.89000000,148.43000000,13713.17100000,1750419899999999,2031078.58021000,12436,6262.14600000,927667.75127000,0
1750419900000000,148.44000000,148.57000000,148.16000000,148.17000000,14013.82900000,1750420799999999,2078687.63360000,14352,4492.73800000,666447.03030000,0
1750420800000000,148.17000000,148.37000000,147.98000000,148.17000000,13444.49800000,1750421699999999,1992466.09645000,11554,5639.80900000,835876.05783000,0
1750421700000000,148.17000000,148.29000000,147.89000000,147.95000000,15176.74800000,1750422599999999,2246881.01901000,10711,6154.16200000,911124.16915000,0
1750422600000000,147.94000000,148.10000000,147.76000000,147.80000000,14313.81100000,1750423499999999,2117269.34803000,11126,8167.71100000,1208185.82651000,0
1750423500000000,147.81000000,147.94000000,147.42000000,147.48000000,16144.94900000,1750424399999999,2384316.46199000,12169,7419.69900000,1095855.53775000,0
1750424400000000,147.47000000,147.90000000,147.47000000,147.70000000,14210.01800000,1750425299999999,2099472.46962000,11011,7955.69300000,1175495.06879000,0
1750425300000000,147.71000000,147.96000000,147.35000000,147.45000000,13393.79900000,1750426199999999,1977507.18390000,13692,5922.65200000,874447.73413000,0
1750426200000000,147.46000000,147.54000000,146.73000000,147.10000000,32744.98500000,1750427099999999,4816679.15814000,34353,16996.49200000,2499979.76924000,0
1750427100000000,147.11000000,147.16000000,146.03000000,146.65000000,47692.12200000,1750427999999999,6991764.84544000,33730,17597.59100000,2579776.59073000,0
1750428000000000,146.64000000,146.87000000,146.05000000,146.18000000,48022.54600000,1750428899999999,7032697.20502000,31201,16726.44300000,2449284.93721000,0
1750428900000000,146.18000000,146.72000000,145.49000000,145.85000000,36718.15800000,1750429799999999,5361552.67852000,32590,14986.44800000,2189573.57884000,0
1750429800000000,145.85000000,146.00000000,145.02000000,145.29000000,37786.28100000,1750430699999999,5500063.82388000,30190,16454.77000000,2395620.76243000,0
1750430700000000,145.28000000,145.46000000,143.77000000,143.99000000,97969.19100000,1750431599999999,14147411.48718000,60386,29077.53800000,4198792.07770000,0
1750431600000000,144.00000000,144.42000000,143.80000000,144.04000000,59931.22200000,1750432499999999,8639056.80032000,51378,31196.82300000,4497311.09458000,0
1750432500000000,144.03000000,144.27000000,143.40000000,143.49000000,70300.55600000,1750433399999999,10112090.55415000,38484,32614.70200000,4691616.11560000,0
1750433400000000,143.48000000,144.01000000,143.21000000,143.84000000,41996.65400000,1750434299999999,6033446.87415000,27438,23787.63000000,3417454.14156000,0
1750434300000000,143.84000000,143.84000000,142.35000000,142.86000000,92508.28600000,1750435199999999,13222850.94180000,39908,41130.73600000,5880368.78897000,0
1750435200000000,142.86000000,143.00000000,142.32000000,142.67000000,44881.14200000,1750436099999999,6403893.01735000,33267,23118.53000000,3298756.85489000,0
1750436100000000,142.66000000,142.78000000,141.89000000,142.39000000,93813.64800000,1750436999999999,13349519.08774000,44470,38815.47600000,5527250.46578000,0
1750437000000000,142.38000000,142.71000000,142.30000000,142.53000000,72195.61600000,1750437899999999,10287458.06863000,24116,35469.55700000,5054058.94972000,0
1750437900000000,142.54000000,142.84000000,142.05000000,142.34000000,48535.63100000,1750438799999999,6912092.67729000,23088,32068.46300000,4567185.43515000,0
1750438800000000,142.34000000,142.67000000,141.37000000,141.48000000,68782.30800000,1750439699999999,9753372.77443000,36474,30953.79600000,4389891.37650000,0
1750439700000000,141.48000000,141.55000000,136.30000000,137.64000000,499096.02500000,1750440599999999,68954739.60618000,170440,198445.41400000,27352122.01896000,0
1750440600000000,137.64000000,138.03000000,135.69000000,137.96000000,197630.15700000,1750441499999999,27044966.19941000,123605,101935.55100000,13956131.64507000,0
1750441500000000,137.96000000,138.65000000,137.28000000,138.37000000,156312.14300000,1750442399999999,21542555.21203000,64685,90881.39100000,12529663.93083000,0
1750442400000000,138.37000000,139.16000000,137.96000000,138.99000000,97217.16100000,1750443299999999,13462345.14405000,50319,60870.07000000,8433377.95192000,0
1750443300000000,138.99000000,139.40000000,138.43000000,138.60000000,67234.06500000,1750444199999999,9341016.65314000,38561,32154.09400000,4466451.24715000,0
1750444200000000,138.60000000,139.35000000,138.46000000,139.05000000,36863.76400000,1750445099999999,5121770.42538000,28089,21724.97600000,3018219.30173000,0
1750445100000000,139.05000000,139.50000000,139.01000000,139.30000000,28873.42100000,1750445999999999,4020615.23905000,19025,15800.11300000,2200168.92218000,0
1750446000000000,139.29000000,139.35000000,138.05000000,138.25000000,31470.75400000,1750446899999999,4364618.46368000,28269,12521.85900000,1736732.27171000,0
1750446900000000,138.26000000,138.82000000,138.21000000,138.80000000,20565.81800000,1750447799999999,2850218.52955000,17966,10489.96100000,1453772.58178000,0
1750447800000000,138.80000000,139.42000000,138.80000000,139.30000000,35206.04300000,1750448699999999,4899929.60706000,19548,18756.45700000,2610261.02169000,0
1750448700000000,139.31000000,139.93000000,139.01000000,139.82000000,44295.56800000,1750449599999999,6179428.57335000,27043,24394.01900000,3403751.74792000,0
1750449600000000,139.81000000,140.81000000,139.78000000,140.68000000,33818.04400000,1750450499999999,4744495.20797000,22896,22323.20600000,3131565.70898000,0
1750450500000000,140.67000000,141.48000000,140.54000000,141.14000000,33362.99000000,1750451399999999,4702674.75067000,34072,16841.89200000,2374138.83251000,0
1750451400000000,141.13000000,141.71000000,141.01000000,141.24000000,26791.21000000,1750452299999999,3786480.07550000,22052,16058.68600000,2269555.35323000,0
1750452300000000,141.24000000,141.50000000,140.82000000,140.97000000,14789.17300000,1750453199999999,2086324.33277000,15135,6495.10100000,916272.76575000,0
1750453200000000,140.98000000,141.03000000,140.46000000,140.72000000,15907.77900000,1750454099999999,2237359.57810000,15424,9001.27500000,1265957.36826000,0
1750454100000000,140.71000000,140.84000000,140.15000000,140.15000000,22999.76300000,1750454999999999,3231761.91424000,13133,10041.91400000,1411131.86769000,0
1750455000000000,140.15000000,140.78000000,140.15000000,140.56000000,15424.25000000,1750455899999999,2168229.48767000,10571,8849.72700000,1243732.86577000,0
1750455900000000,140.56000000,140.74000000,140.03000000,140.17000000,11139.92000000,1750456799999999,1563319.55310000,8980,4861.96500000,682173.36451000,0
1750456800000000,140.17000000,140.18000000,139.46000000,139.46000000,21538.21600000,1750457699999999,3010070.65100000,18390,6905.71300000,964997.90016000,0
1750457700000000,139.46000000,139.51000000,138.82000000,139.00000000,18628.94700000,1750458599999999,2591630.77215000,18429,9420.22300000,1310616.74105000,0
1750458600000000,138.99000000,139.34000000,138.80000000,139.22000000,13645.55900000,1750459499999999,1898187.65073000,14253,7243.65300000,1007784.03172000,0
1750459500000000,139.22000000,139.24000000,138.67000000,139.09000000,14645.48100000,1750460399999999,2035479.63778000,10210,4619.15500000,641880.49138000,0
1750460400000000,139.08000000,139.48000000,138.81000000,138.96000000,20471.76500000,1750461299999999,2849301.73163000,17353,9200.38300000,1279968.04561000,0
1750461300000000,138.96000000,139.41000000,138.95000000,139.24000000,15238.28300000,1750462199999999,2120950.13636000,9459,5011.78000000,697444.15383000,0
1750462200000000,139.25000000,139.91000000,139.25000000,139.88000000,15679.61000000,1750463099999999,2188627.58066000,12164,10945.31200000,1527887.05151000,0
1750463100000000,139.88000000,140.17000000,139.88000000,140.11000000,6316.69500000,1750463999999999,884638.91446000,7174,3638.50100000,509554.29518000,0
1750464000000000,140.11000000,140.17000000,139.70000000,139.79000000,19933.24000000,1750464899999999,2789152.84221000,15226,8052.70200000,1126942.95110000,0
1750464900000000,139.79000000,140.33000000,139.54000000,140.33000000,10852.22700000,1750465799999999,1518686.81028000,11032,5597.74400000,783751.75201000,0
1750465800000000,140.33000000,140.47000000,139.88000000,140.41000000,12552.05400000,1750466699999999,1759613.51352000,10597,6836.14500000,958547.99609000,0
1750466700000000,140.40000000,140.40000000,139.87000000,139.94000000,16538.27200000,1750467599999999,2316537.34055000,9125,3579.13300000,501141.72240000,0
1750467600000000,139.94000000,140.19000000,139.93000000,140.18000000,7756.59000000,1750468499999999,1086502.30391000,6137,4069.23200000,570036.47194000,0
1750468500000000,140.18000000,140.47000000,139.90000000,140.38000000,13946.87200000,1750469399999999,1955584.69045000,7201,8308.01800000,1164999.56191000,0
1750469400000000,140.37000000,140.58000000,140.23000000,140.58000000,19163.68600000,1750470299999999,2690420.68836000,10046,13798.16400000,1937192.77459000,0
1750470300000000,140.58000000,140.60000000,139.89000000,140.23000000,29833.93600000,1750471199999999,4182984.02143000,13167,13018.38000000,1825055.65929000,0
1750471200000000,140.24000000,140.44000000,139.79000000,139.85000000,17035.37400000,1750472099999999,2385377.02206000,10641,4731.77600000,662673.16584000,0
1750472100000000,139.85000000,140.02000000,139.70000000,139.71000000,11407.27700000,1750472999999999,1596314.98207000,7282,7642.23500000,1069612.87130000,0
1750473000000000,139.70000000,140.10000000,139.62000000,140.03000000,9464.69400000,1750473899999999,1324015.44398000,7646,6236.78900000,872473.08189000,0
1750473900000000,140.03000000,140.12000000,139.89000000,139.98000000,4408.66900000,1750474799999999,617178.88518000,5086,1970.14000000,275819.06201000,0
1750474800000000,139.97000000,140.42000000,139.95000000,140.33000000,7975.65800000,1750475699999999,1118894.70771000,6210,4797.69400000,672970.82360000,0
1750475700000000,140.33000000,140.99000000,140.33000000,140.98000000,19584.88100000,1750476599999999,2757051.31834000,10929,11355.23100000,1598393.59139000,0
1750476600000000,140.99000000,141.34000000,140.78000000,141.03000000,53187.38200000,1750477499999999,7507368.85863000,18407,26088.32300000,3682309.46221000,0
1750477500000000,141.03000000,141.09000000,140.73000000,140.76000000,5399.61400000,1750478399999999,760456.21556000,6266,2503.97200000,352658.99612000,0
1750478400000000,140.75000000,140.98000000,140.55000000,140.56000000,7265.68900000,1750479299999999,1022550.57290000,6719,3241.17500000,456195.42059000,0
1750479300000000,140.55000000,140.63000000,140.32000000,140.38000000,6170.02400000,1750480199999999,866880.72761000,5320,2958.49700000,415673.99725000,0
1750480200000000,140.37000000,140.59000000,140.27000000,140.37000000,8643.73900000,1750481099999999,1213657.28481000,5903,4079.23300000,572801.45587000,0
1750481100000000,140.37000000,140.42000000,140.01000000,140.09000000,16083.41300000,1750481999999999,2253602.09406000,6404,7667.33200000,1074496.97977000,0
1750482000000000,140.09000000,140.33000000,139.94000000,139.98000000,45647.14700000,1750482899999999,6397177.21926000,6610,38587.72800000,5407923.99401000,0
1750482900000000,139.98000000,140.47000000,139.98000000,140.47000000,6783.13000000,1750483799999999,951148.22341000,5939,3740.93600000,524480.44435000,0
1750483800000000,140.47000000,140.58000000,140.21000000,140.22000000,8169.43700000,1750484699999999,1147566.75053000,5111,2632.64900000,369737.79535000,0
1750484700000000,140.22000000,140.43000000,140.13000000,140.38000000,4930.08500000,1750485599999999,691625.64371000,3998,1933.66200000,271313.84743000,0
1750485600000000,140.39000000,140.48000000,140.22000000,140.33000000,6619.94600000,1750486499999999,929167.20886000,4588,3096.70200000,434650.13431000,0
1750486500000000,140.33000000,140.54000000,140.10000000,140.31000000,9729.20400000,1750487399999999,1364887.04459000,6159,3950.77600000,554333.52683000,0
1750487400000000,140.31000000,140.38000000,140.11000000,140.32000000,4430.36500000,1750488299999999,621298.26526000,4879,2496.26100000,350016.19916000,0
1750488300000000,140.32000000,140.47000000,140.28000000,140.43000000,3399.41200000,1750489199999999,477256.64942000,4983,1831.65300000,257178.91985000,0
1750489200000000,140.43000000,140.50000000,139.85000000,140.04000000,9604.76100000,1750490099999999,1346026.03247000,6979,4007.92800000,561947.96170000,0
1750490100000000,140.03000000,140.43000000,139.93000000,140.21000000,4749.96000000,1750490999999999,665930.81695000,5825,2214.55900000,310500.27105000,0
1750491000000000,140.21000000,140.44000000,140.17000000,140.40000000,6286.19700000,1750491899999999,882129.49738000,6982,3618.79200000,507789.66305000,0
1750491900000000,140.39000000,140.72000000,140.39000000,140.64000000,9921.68400000,1750492799999999,1394975.09679000,6451,5030.73300000,707276.49735000,0
1750492800000000,140.64000000,141.00000000,140.63000000,140.67000000,7757.64100000,1750493699999999,1092340.93093000,7018,3702.80000000,521367.64252000,0
1750493700000000,140.66000000,140.66000000,140.29000000,140.45000000,7158.02400000,1750494599999999,1005495.57805000,6270,2795.25300000,392617.66144000,0
1750494600000000,140.45000000,141.10000000,140.40000000,141.06000000,13783.91500000,1750495499999999,1940663.81552000,9535,5789.85200000,815319.56766000,0
1750495500000000,141.06000000,141.91000000,140.91000000,141.64000000,21423.61300000,1750496399999999,3027081.94055000,12375,11428.94300000,1615300.61803000,0
1750496400000000,141.64000000,141.68000000,141.00000000,141.22000000,21607.30300000,1750497299999999,3053497.77393000,14327,7274.27700000,1028047.01438000,0
1750497300000000,141.22000000,141.51000000,141.21000000,141.38000000,18697.29900000,1750498199999999,2643102.59141000,11332,6688.08500000,945500.90702000,0
1750498200000000,141.38000000,141.83000000,141.15000000,141.80000000,19139.13200000,1750499099999999,2706061.36687000,10178,6464.15500000,913942.39161000,0
1750499100000000,141.81000000,142.05000000,141.67000000,141.88000000,31949.82500000,1750499999999999,4532897.29957000,14256,11693.34800000,1659237.44215000,0
1750500000000000,141.89000000,142.60000000,141.89000000,142.40000000,40125.93200000,1750500899999999,5708698.55691000,14229,16609.31900000,2363366.69099000,0
1750500900000000,142.40000000,142.45000000,141.97000000,142.37000000,33599.85200000,1750501799999999,4779079.01640000,13809,12295.53600000,1748798.75782000,0
1750501800000000,142.37000000,142.54000000,141.84000000,142.04000000,40178.47400000,1750502699999999,5715253.90299000,14491,18556.96300000,2640985.05137000,0
1750502700000000,142.04000000,142.27000000,141.72000000,142.24000000,23785.83200000,1750503599999999,3377190.11592000,11026,5437.19500000,772169.78168000,0
1750503600000000,142.23000000,142.52000000,142.12000000,142.39000000,25146.81100000,1750504499999999,3578636.96073000,14255,11873.22400000,1689962.05835000,0
1750504500000000,142.38000000,142.42000000,142.10000000,142.29000000,25874.28000000,1750505399999999,3680316.79153000,12153,6073.55400000,863906.90707000,0
1750505400000000,142.30000000,142.54000000,142.18000000,142.39000000,17231.44400000,1750506299999999,2454017.31105000,9572,4726.10000000,673086.28802000,0
1750506300000000,142.39000000,142.56000000,141.95000000,142.08000000,18772.35000000,1750507199999999,2671881.82755000,12266,5123.08500000,728994.01910000,0
1750507200000000,142.08000000,142.46000000,142.07000000,142.30000000,15559.25800000,1750508099999999,2213814.09782000,9431,4096.04600000,582735.20317000,0
1750508100000000,142.30000000,142.32000000,141.81000000,141.93000000,19411.66100000,1750508999999999,2756078.53953000,12958,5460.97900000,775417.36014000,0
1750509000000000,141.92000000,142.04000000,141.48000000,141.81000000,20607.77900000,1750509899999999,2920946.54254000,13231,6140.36600000,870284.86848000,0
1750509900000000,141.81000000,141.92000000,141.62000000,141.73000000,22090.41900000,1750510799999999,3132553.39684000,13741,7528.65800000,1067588.90522000,0
1750510800000000,141.72000000,142.17000000,141.71000000,141.96000000,13256.36700000,1750511699999999,1881363.07920000,11507,6725.74400000,954453.71047000,0
1750511700000000,141.96000000,142.22000000,141.78000000,141.97000000,11611.35200000,1750512599999999,1648606.58310000,12351,5609.97300000,796555.16849000,0
1750512600000000,141.98000000,142.02000000,141.03000000,141.11000000,22734.85900000,1750513499999999,3215493.97896000,18541,7753.61300000,1096845.80158000,0
1750513500000000,141.12000000,141.12000000,140.26000000,140.69000000,37368.52500000,1750514399999999,5256497.10915000,28410,13944.14800000,1961463.41256000,0
1750514400000000,140.69000000,141.10000000,140.43000000,140.65000000,31203.42900000,1750515299999999,4391012.67746000,20672,11547.16700000,1625101.08467000,0
1750515300000000,140.65000000,141.00000000,140.20000000,140.30000000,37402.88900000,1750516199999999,5257795.94145000,26598,14414.04900000,2026363.25816000,0
1750516200000000,140.31000000,141.39000000,140.28000000,140.82000000,50701.75300000,1750517099999999,7144528.04265000,26036,16790.29000000,2366084.98663000,0
1750517100000000,140.81000000,140.82000000,140.20000000,140.39000000,52842.39800000,1750517999999999,7419311.82749000,22576,13424.55100000,1885042.73967000,0
1750518000000000,140.39000000,140.78000000,140.21000000,140.47000000,41550.72600000,1750518899999999,5839549.53944000,22971,14281.04300000,2007011.05021000,0
1750518900000000,140.47000000,140.51000000,139.56000000,139.59000000,25018.77600000,1750519799999999,3502934.30077000,17723,7546.15100000,1056385.58196000,0
1750519800000000,139.59000000,140.09000000,139.40000000,139.63000000,21691.85600000,1750520699999999,3030424.55225000,18539,9068.39800000,1266898.87690000,0
1750520700000000,139.64000000,140.37000000,139.15000000,140.30000000,21654.70300000,1750521599999999,3024650.23959000,17225,10893.19800000,1522349.72014000,0
1750521600000000,140.29000000,140.55000000,139.87000000,140.36000000,15810.90200000,1750522499999999,2216412.06655000,19808,7509.22000000,1052818.05155000,0
1750522500000000,140.36000000,141.05000000,140.36000000,140.99000000,16622.47800000,1750523399999999,2339950.09092000,14434,10268.09200000,1445112.73475000,0
1750523400000000,141.00000000,141.05000000,139.85000000,139.87000000,33911.60800000,1750524299999999,4757919.16072000,23365,10011.40300000,1404059.59132000,0
1750524300000000,139.87000000,140.52000000,139.81000000,140.13000000,16968.10800000,1750525199999999,2377468.10051000,14007,7596.81000000,1064567.40781000,0
1750525200000000,140.13000000,140.72000000,140.13000000,140.58000000,12840.72200000,1750526099999999,1804723.65117000,15784,6554.01000000,921055.07685000,0
1750526100000000,140.59000000,140.89000000,139.56000000,139.58000000,27724.95700000,1750526999999999,3885633.82671000,18990,12666.97500000,1775795.64818000,0
1750527000000000,139.57000000,139.57000000,138.26000000,138.94000000,56991.82800000,1750527899999999,7917247.58652000,40379,25691.03800000,3568282.53841000,0
1750527900000000,138.94000000,138.95000000,138.43000000,138.66000000,46119.05300000,1750528799999999,6394095.30083000,26673,25450.52500000,3529084.73149000,0
1750528800000000,138.66000000,139.44000000,138.65000000,139.08000000,30106.02700000,1750529699999999,4185741.27169000,25106,20557.15200000,2858093.33119000,0
1750529700000000,139.07000000,139.12000000,138.32000000,138.93000000,33083.37400000,1750530599999999,4587819.98697000,21607,19666.27200000,2727242.00226000,0
1750530600000000,138.92000000,139.63000000,138.59000000,138.89000000,35293.62000000,1750531499999999,4906961.34003000,21333,20747.57000000,2884621.38414000,0
1750531500000000,138.89000000,138.89000000,137.37000000,137.71000000,68771.26200000,1750532399999999,9503691.51737000,38812,31831.17700000,4400038.12062000,0
1750532400000000,137.71000000,138.20000000,137.40000000,137.87000000,37886.65900000,1750533299999999,5219632.90527000,33090,17063.00000000,2351051.68449000,0
1750533300000000,137.86000000,138.29000000,137.57000000,137.89000000,56487.42800000,1750534199999999,7792682.87897000,26049,25191.63700000,3476336.02804000,0
1750534200000000,137.88000000,138.06000000,137.37000000,137.77000000,31699.73700000,1750535099999999,4365791.71072000,20399,13835.88800000,1905310.52280000,0
1750535100000000,137.76000000,138.06000000,137.22000000,137.28000000,21726.80700000,1750535999999999,2988446.48041000,16846,10734.89900000,1476722.49803000,0
1750536000000000,137.29000000,137.78000000,136.82000000,137.67000000,43057.35000000,1750536899999999,5907603.54272000,29371,22699.18400000,3114407.45267000,0
1750536900000000,137.67000000,137.94000000,137.00000000,137.72000000,14041.48400000,1750537799999999,1928878.15659000,21880,7315.14500000,1004923.35764000,0
1750537800000000,137.71000000,138.49000000,137.69000000,138.32000000,19865.62300000,1750538699999999,2746005.02362000,15123,12017.34000000,1661091.93136000,0
1750538700000000,138.32000000,138.90000000,138.07000000,138.42000000,29131.96600000,1750539599999999,4037044.59345000,15521,14589.28600000,2021621.14188000,0
1750539600000000,138.43000000,138.59000000,137.57000000,137.59000000,23757.13100000,1750540499999999,3279877.51737000,15244,10680.27300000,1474783.55822000,0
1750540500000000,137.59000000,138.00000000,134.01000000,135.32000000,186735.84700000,1750541399999999,25262942.93024000,69924,58171.90800000,7862389.08233000,0
1750541400000000,135.32000000,135.32000000,130.90000000,133.95000000,242560.78600000,1750542299999999,32232487.70194000,109511,97036.81800000,12897221.73415000,0
1750542300000000,133.94000000,133.95000000,132.55000000,132.74000000,41367.61600000,1750543199999999,5508619.23164000,41832,19127.82100000,2547478.71584000,0
1750543200000000,132.74000000,134.76000000,132.69000000,134.39000000,56178.42400000,1750544099999999,7529704.33518000,43612,33493.24800000,4488400.36756000,0
1750544100000000,134.39000000,134.71000000,134.16000000,134.28000000,41690.32100000,1750544999999999,5601739.85532000,28453,17789.04500000,2390663.17269000,0
1750545000000000,134.29000000,134.33000000,133.24000000,133.63000000,36105.12400000,1750545899999999,4830931.97647000,29700,16955.00300000,2268611.75942000,0
1750545900000000,133.63000000,134.35000000,133.52000000,134.20000000,21012.95400000,1750546799999999,2816318.26306000,19059,11114.74400000,1489705.00001000,0
1750546800000000,134.20000000,134.41000000,133.69000000,134.01000000,30967.56700000,1750547699999999,4151040.60299000,24251,15771.75100000,2114481.71092000,0
1750547700000000,134.01000000,134.29000000,133.52000000,133.81000000,37876.84200000,1750548599999999,5069318.64044000,31947,16210.34700000,2169550.46988000,0
1750548600000000,133.81000000,133.86000000,132.55000000,132.94000000,76380.09600000,1750549499999999,10175342.54979000,55827,30768.49100000,4100672.88220000,0
1750549500000000,132.94000000,135.63000000,131.90000000,135.43000000,155237.34600000,1750550399999999,20755931.85140000,103376,86872.69000000,11626760.67595000,0
1750550400000000,135.43000000,136.15000000,134.05000000,135.04000000,110706.96800000,1750551299999999,14974116.56460000,80719,64653.59700000,8747259.08041000,0
1750551300000000,135.03000000,136.65000000,135.00000000,135.80000000,77927.61100000,1750552199999999,10587814.96655000,63690,41245.58800000,5602955.34519000,0
1750552200000000,135.81000000,137.62000000,135.75000000,136.68000000,64557.53600000,1750553099999999,8838770.43380000,52001,38302.89400000,5243039.03599000,0
1750553100000000,136.68000000,137.23000000,136.28000000,136.53000000,49446.00900000,1750553999999999,6759693.18571000,32457,23138.17000000,3164108.47860000,0
1750554000000000,136.54000000,137.18000000,136.27000000,136.68000000,22657.59800000,1750554899999999,3099749.71508000,26612,11939.00900000,1633371.87893000,0
1750554900000000,136.68000000,136.79000000,135.75000000,135.93000000,23276.92500000,1750555799999999,3167666.17237000,20861,10615.34500000,1444200.93249000,0
1750555800000000,135.93000000,135.99000000,134.89000000,135.75000000,31729.31800000,1750556699999999,4294125.53656000,22850,13689.97400000,1852625.92371000,0
1750556700000000,135.76000000,136.05000000,134.96000000,135.05000000,31410.14500000,1750557599999999,4255554.67355000,22877,9759.80600000,1322828.10031000,0
1750557600000000,135.06000000,136.12000000,134.25000000,135.17000000,43257.19400000,1750558499999999,5839887.27306000,40581,19828.21500000,2677994.01531000,0
1750558500000000,135.16000000,135.22000000,133.65000000,134.17000000,45659.82800000,1750559399999999,6130548.63633000,41973,20679.59100000,2777160.55195000,0
1750559400000000,134.18000000,134.27000000,133.24000000,134.05000000,52438.16100000,1750560299999999,7014383.62126000,40637,28254.53800000,3780983.13412000,0
1750560300000000,134.06000000,135.11000000,133.76000000,134.70000000,46066.57500000,1750561199999999,6204010.38509000,28519,26285.62800000,3541786.53698000,0
1750561200000000,134.69000000,135.37000000,134.68000000,134.95000000,24910.61900000,1750562099999999,3365577.68287000,25121,13737.38200000,1855755.27318000,0
1750562100000000,134.95000000,135.56000000,134.15000000,134.29000000,33041.56600000,1750562999999999,4454584.57237000,27807,14698.09300000,1983031.97794000,0
1750563000000000,134.28000000,134.82000000,134.04000000,134.81000000,28914.71500000,1750563899999999,3890613.03551000,19517,11744.23500000,1579858.62750000,0
1750563900000000,134.80000000,135.17000000,134.26000000,135.11000000,22681.36400000,1750564799999999,3054751.96470000,20159,13761.32000000,1853970.01105000,0
1750564800000000,135.12000000,136.18000000,134.60000000,135.93000000,61149.48900000,1750565699999999,8289160.00138000,28544,40738.70100000,5522648.21686000,0
1750565700000000,135.93000000,136.06000000,135.51000000,135.67000000,33495.62800000,1750566599999999,4547251.37598000,21400,22815.97300000,3097368.76707000,0
1750566600000000,135.67000000,136.29000000,135.30000000,135.42000000,26469.99500000,1750567499999999,3593546.76302000,20997,16085.29500000,2183313.06688000,0
1750567500000000,135.41000000,136.10000000,135.35000000,135.82000000,16916.77400000,1750568399999999,2296686.89249000,16520,9736.30400000,1321824.90319000,0
1750568400000000,135.81000000,136.30000000,135.74000000,136.07000000,21317.86600000,1750569299999999,2900814.79901000,20092,13811.56000000,1879324.76471000,0
1750569300000000,136.06000000,136.50000000,135.91000000,136.22000000,12814.88100000,1750570199999999,1745744.12041000,15653,7087.56900000,965763.17485000,0
1750570200000000,136.22000000,136.22000000,135.54000000,135.72000000,7956.72900000,1750571099999999,1080670.79734000,11893,3207.53900000,435549.96347000,0
1750571100000000,135.72000000,136.32000000,135.46000000,136.22000000,10992.28300000,1750571999999999,1493639.06951000,13430,6658.44500000,904811.73582000,0
1750572000000000,136.23000000,136.50000000,135.66000000,136.40000000,10050.29300000,1750572899999999,1368597.02550000,16417,5926.15000000,807220.86602000,0
1750572900000000,136.39000000,136.45000000,135.91000000,135.94000000,13057.27300000,1750573799999999,1778075.82083000,12383,7276.86200000,990827.13681000,0
1750573800000000,135.95000000,136.25000000,135.70000000,135.71000000,15590.13100000,1750574699999999,2121062.61071000,13162,11012.76500000,1498407.33567000,0
1750574700000000,135.71000000,135.94000000,135.56000000,135.92000000,20324.81600000,1750575599999999,2757917.18897000,10541,15374.49300000,2086193.73257000,0
1750575600000000,135.92000000,135.92000000,135.43000000,135.50000000,11802.72500000,1750576499999999,1601276.88803000,12019,5345.44100000,725114.87247000,0
1750576500000000,135.49000000,135.78000000,135.20000000,135.56000000,11304.79100000,1750577399999999,1531022.07248000,13206,5474.67500000,741506.94578000,0
1750577400000000,135.55000000,135.55000000,134.69000000,134.88000000,20939.07300000,1750578299999999,2826852.83292000,15263,9013.41100000,1217301.70478000,0
1750578300000000,134.89000000,135.08000000,134.63000000,134.82000000,15346.64600000,1750579199999999,2069472.35457000,13863,7798.89600000,1051641.89689000,0
1750579200000000,134.82000000,135.05000000,134.12000000,134.69000000,24938.89900000,1750580099999999,3354272.38825000,18112,11797.44500000,1587146.85056000,0
1750580100000000,134.68000000,135.08000000,134.38000000,134.85000000,12527.80900000,1750580999999999,1688033.20084000,16559,6124.09200000,825347.64169000,0
1750581000000000,134.86000000,134.99000000,134.34000000,134.86000000,11116.66300000,1750581899999999,1496970.73456000,14827,6072.80300000,817841.91646000,0
1750581900000000,134.86000000,134.99000000,134.47000000,134.91000000,10087.66000000,1750582799999999,1358702.07768000,12633,5649.18100000,760919.38191000,0
1750582800000000,134.91000000,135.36000000,134.47000000,134.88000000,15901.56500000,1750583699999999,2146486.47773000,17463,8741.46200000,1179741.21334000,0
1750583700000000,134.88000000,135.09000000,133.39000000,133.63000000,34414.47300000,1750584599999999,4613314.26898000,30157,13625.62300000,1828164.89631000,0
1750584600000000,133.63000000,133.98000000,133.25000000,133.68000000,24218.32400000,1750585499999999,3234779.16993000,30155,11083.83700000,1480197.55514000,0
1750585500000000,133.68000000,133.97000000,132.28000000,132.32000000,37616.05000000,1750586399999999,4999477.26518000,38078,15537.34000000,2065893.10858000,0
1750586400000000,132.33000000,132.95000000,131.95000000,132.91000000,38271.33700000,1750587299999999,5070052.16581000,40709,19972.43200000,2647098.75294000,0
1750587300000000,132.91000000,133.37000000,132.51000000,133.02000000,21650.29200000,1750588199999999,2878937.38838000,25946,9860.86800000,1311233.96451000,0
1750588200000000,133.01000000,133.74000000,133.01000000,133.67000000,18720.22700000,1750589099999999,2496455.30125000,19687,8339.89700000,1112111.60070000,0
1750589100000000,133.67000000,133.77000000,133.08000000,133.21000000,21403.69300000,1750589999999999,2855071.43047000,15190,7941.29200000,1059312.88633000,0
1750590000000000,133.22000000,133.77000000,133.05000000,133.63000000,18896.12400000,1750590899999999,2522861.08494000,21073,7267.96100000,970383.42523000,0
1750590900000000,133.63000000,134.03000000,132.70000000,133.23000000,35696.32600000,1750591799999999,4760798.83243000,22766,13244.46900000,1767321.96689000,0
1750591800000000,133.23000000,133.31000000,132.65000000,132.87000000,19925.22400000,1750592699999999,2648561.15019000,18961,6594.28200000,876515.85632000,0
1750592700000000,132.87000000,133.31000000,132.47000000,133.25000000,24802.40900000,1750593599999999,3296387.62728000,17310,10826.69600000,1438971.76158000,0
1750593600000000,133.26000000,133.88000000,133.07000000,133.66000000,24928.51900000,1750594499999999,3327507.45402000,21183,9847.19400000,1314195.23898000,0
1750594500000000,133.66000000,133.69000000,132.92000000,133.08000000,28997.74800000,1750595399999999,3864858.67521000,23822,10612.13800000,1414740.61685000,0
1750595400000000,133.07000000,133.12000000,132.52000000,132.86000000,17007.33200000,1750596299999999,2258375.05273000,19113,6400.14000000,849873.18987000,0
1750596300000000,132.86000000,133.58000000,132.55000000,133.53000000,25434.67700000,1750597199999999,3383664.44429000,18072,7769.03000000,1033236.88904000,0
1750597200000000,133.53000000,133.77000000,132.21000000,132.31000000,25353.55900000,1750598099999999,3373630.55823000,27993,8693.31400000,1156892.20687000,0
1750598100000000,132.30000000,132.32000000,126.88000000,127.93000000,347973.79000000,1750598999999999,44994914.04848000,132943,138878.48800000,17948106.83767000,0
1750599000000000,127.92000000,129.68000000,126.82000000,127.58000000,240625.20000000,1750599899999999,30887340.29499000,156874,115894.25100000,14881386.36183000,0
1750599900000000,127.58000000,129.20000000,127.45000000,128.74000000,89758.23600000,1750600799999999,11523300.20812000,78762,48715.16400000,6254921.85263000,0
1750600800000000,128.74000000,129.49000000,128.28000000,128.30000000,83803.39000000,1750601699999999,10793470.72109000,65561,44071.02800000,5676343.95973000,0
1750601700000000,128.30000000,128.83000000,126.51000000,127.24000000,204755.14500000,1750602599999999,26089466.16989000,116964,95257.14000000,12135810.19666000,0
1750602600000000,127.24000000,128.78000000,127.08000000,128.17000000,135411.72600000,1750603499999999,17363446.69776000,89230,71101.98600000,9116960.99638000,0
1750603500000000,128.18000000,130.24000000,128.00000000,129.88000000,107745.98700000,1750604399999999,13937685.89824000,71617,60187.30900000,7787393.68826000,0
1750604400000000,129.89000000,130.46000000,129.38000000,129.42000000,65440.17300000,1750605299999999,8505059.28005000,51729,27288.35700000,3546113.70343000,0
1750605300000000,129.42000000,130.20000000,128.83000000,128.84000000,54385.73400000,1750606199999999,7042030.00456000,42964,23211.68400000,3007671.42931000,0
1750606200000000,128.83000000,129.68000000,128.82000000,128.90000000,33072.04800000,1750607099999999,4274200.76943000,29438,17349.91900000,2242877.73122000,0
1750607100000000,128.90000000,129.10000000,128.23000000,128.55000000,39965.08500000,1750607999999999,5142144.87632000,31172,18778.05100000,2416045.30425000,0
1750608000000000,128.56000000,129.25000000,128.36000000,128.65000000,54009.12600000,1750608899999999,6955481.97217000,53202,31474.41600000,4053906.84693000,0
1750608900000000,128.65000000,129.20000000,128.29000000,128.44000000,36482.08800000,1750609799999999,4693674.91251000,37536,16721.62600000,2152061.53344000,0
1750609800000000,128.45000000,129.68000000,128.42000000,129.00000000,38084.81700000,1750610699999999,4915706.67320000,34506,24717.20800000,3189894.47117000,0
1750610700000000,129.00000000,129.91000000,128.88000000,129.82000000,33105.69300000,1750611599999999,4286371.50751000,30777,21462.74100000,2778703.81909000,0
1750611600000000,129.81000000,131.48000000,129.43000000,130.72000000,70996.76200000,1750612499999999,9259412.49079000,51216,40760.73300000,5316698.80856000,0
1750612500000000,130.72000000,130.75000000,129.31000000,129.61000000,31378.22900000,1750613399999999,4078168.78046000,33585,16089.24400000,2091087.61433000,0
1750613400000000,129.60000000,130.37000000,129.54000000,130.23000000,17415.90000000,1750614299999999,2264339.25900000,22741,10113.34700000,1314819.93094000,0
1750614300000000,130.24000000,130.81000000,129.96000000,130.49000000,22633.08800000,1750615199999999,2952755.27011000,25253,10518.68900000,1372200.33836000,0
1750615200000000,130.48000000,131.12000000,130.27000000,130.27000000,24871.80700000,1750616099999999,3252354.12011000,29141,13308.21800000,1740356.13758000,0
1750616100000000,130.26000000,130.64000000,129.88000000,130.59000000,23481.51100000,1750616999999999,3057184.17369000,21567,11830.07900000,1540365.42187000,0
1750617000000000,130.59000000,130.59000000,129.93000000,130.40000000,13086.00900000,1750617899999999,1703729.57637000,15317,5123.51600000,667213.61794000,0
1750617900000000,130.41000000,130.42000000,129.30000000,129.43000000,14387.84200000,1750618799999999,1868510.00808000,20074,6703.15500000,870487.74887000,0
1750618800000000,129.43000000,129.51000000,128.80000000,128.90000000,28367.81400000,1750619699999999,3664472.93246000,25901,11250.69600000,1453553.46372000,0
1750619700000000,128.90000000,129.06000000,128.55000000,128.91000000,15671.85900000,1750620599999999,2018802.12146000,17233,7773.47100000,1001399.99083000,0
1750620600000000,128.90000000,129.42000000,128.64000000,128.86000000,15288.93600000,1750621499999999,1973100.74505000,19558,8100.93500000,1045625.45477000,0
1750621500000000,128.85000000,129.32000000,128.53000000,129.06000000,23233.71100000,1750622399999999,2995809.60437000,22740,12571.30800000,1620940.26775000,0
1750622400000000,129.07000000,129.24000000,126.32000000,126.77000000,94197.82700000,1750623299999999,12006179.82601000,68445,37669.20700000,4800711.92438000,0
1750623300000000,126.76000000,127.49000000,126.00000000,126.97000000,121785.82700000,1750624199999999,15443130.75901000,91177,65402.15000000,8295920.36643000,0
1750624200000000,126.97000000,128.91000000,126.69000000,128.76000000,53538.47000000,1750625099999999,6852479.86196000,49557,31216.99300000,3996420.74009000,0
1750625100000000,128.77000000,130.13000000,128.26000000,129.54000000,46031.48900000,1750625999999999,5953834.76060000,40727,21406.91300000,2768952.11276000,0
1750626000000000,129.55000000,130.03000000,129.24000000,129.79000000,32220.71700000,1750626899999999,4178984.72828000,34824,16193.79600000,2100587.73167000,0
1750626900000000,129.79000000,130.04000000,128.83000000,128.87000000,17046.67600000,1750627799999999,2206980.22406000,18320,7908.21100000,1024341.82372000,0
1750627800000000,128.88000000,129.28000000,127.96000000,129.22000000,25330.26000000,1750628699999999,3257203.92316000,21729,13069.77400000,1680944.60370000,0
1750628700000000,129.23000000,129.52000000,128.59000000,129.01000000,18462.52100000,1750629599999999,2383763.73925000,12104,10490.25400000,1354465.52402000,0
1750629600000000,129.02000000,131.45000000,128.83000000,130.78000000,107435.75700000,1750630499999999,14038909.50142000,64685,69610.20100000,9095622.36789000,0
1750630500000000,130.78000000,131.23000000,130.09000000,130.60000000,52785.50600000,1750631399999999,6895621.27789000,41435,27651.63200000,3611981.52603000,0
1750631400000000,130.59000000,132.47000000,130.56000000,132.28000000,103152.82500000,1750632299999999,13585004.58114000,39005,74443.45300000,9806326.37354000,0
1750632300000000,132.29000000,132.35000000,131.69000000,132.14000000,67113.51400000,1750633199999999,8855228.29272000,26331,38964.07100000,5141174.07788000,0
1750633200000000,132.15000000,132.42000000,131.70000000,131.94000000,38955.72200000,1750634099999999,5144288.43847000,26595,21495.89200000,2838818.23954000,0
1750634100000000,131.95000000,132.56000000,131.94000000,132.22000000,40354.73100000,1750634999999999,5339747.08281000,20379,22835.45600000,3021008.14436000,0
1750635000000000,132.22000000,132.22000000,131.55000000,131.69000000,34860.26100000,1750635899999999,4593079.23254000,18585,19017.77800000,2505432.42756000,0
1750635900000000,131.68000000,131.97000000,131.41000000,131.71000000,23295.77900000,1750636799999999,3067222.41021000,14715,15522.77100000,2043673.42408000,0
1750636800000000,131.71000000,131.89000000,131.53000000,131.85000000,74316.29400000,1750637699999999,9788366.76055000,24650,35488.81200000,4674686.60384000,0
1750637700000000,131.85000000,132.70000000,131.82000000,132.43000000,52647.98100000,1750638599999999,6963771.70046000,30815,26983.24800000,3568931.92481000,0
1750638600000000,132.43000000,133.38000000,132.01000000,133.24000000,43401.43800000,1750639499999999,5757426.84046000,26918,28228.61200000,3745663.12332000,0
1750639500000000,133.23000000,133.53000000,132.38000000,132.52000000,54087.80300000,1750640399999999,7189552.78640000,30007,19979.55700000,2657477.94849000,0
1750640400000000,132.53000000,132.58000000,131.97000000,132.37000000,27998.65200000,1750641299999999,3702384.31421000,18528,12166.45500000,1608997.57227000,0
1750641300000000,132.38000000,132.47000000,131.82000000,131.89000000,25521.39300000,1750642199999999,3369368.45640000,14713,11078.54400000,1462211.00665000,0
1750642200000000,131.90000000,132.48000000,131.71000000,132.40000000,19856.45900000,1750643099999999,2622720.84301000,13561,9609.95600000,1269280.44345000,0
1750643100000000,132.40000000,133.15000000,132.37000000,133.05000000,33817.04800000,1750643999999999,4493528.20774000,14831,19392.49100000,2577169.00092000,0
1750644000000000,133.05000000,133.22000000,132.75000000,132.83000000,19595.57200000,1750644899999999,2603969.78718000,13082,6965.70200000,925916.29249000,0
1750644900000000,132.84000000,133.22000000,132.59000000,133.03000000,17490.08000000,1750645799999999,2325767.77020000,14095,8371.12500000,1113251.93172000,0
1750645800000000,133.02000000,133.13000000,132.70000000,132.85000000,12759.07900000,1750646699999999,1695947.26490000,13584,6279.56200000,834582.28350000,0
1750646700000000,132.84000000,133.06000000,132.53000000,132.85000000,19279.95700000,1750647599999999,2558812.00704000,9986,6138.34800000,815028.80726000,0
1750647600000000,132.84000000,133.15000000,132.58000000,132.95000000,12233.39800000,1750648499999999,1625649.44303000,12570,5500.47700000,730901.74049000,0
1750648500000000,132.96000000,133.09000000,132.62000000,132.71000000,15673.96500000,1750649399999999,2082070.30170000,9661,5142.30300000,683245.40823000,0
1750649400000000,132.71000000,132.89000000,132.29000000,132.38000000,15821.55200000,1750650299999999,2096393.54589000,12351,5555.86300000,736446.26070000,0
1750650300000000,132.37000000,132.78000000,132.29000000,132.67000000,8020.24700000,1750651199999999,1062645.36035000,10086,4145.65100000,549311.47271000,0
1750651200000000,132.67000000,132.86000000,132.35000000,132.64000000,12088.70100000,1750652099999999,1602903.18115000,12945,4241.64900000,562473.10728000,0
1750652100000000,132.64000000,133.74000000,132.64000000,133.51000000,30639.86200000,1750652999999999,4086118.13988000,15610,18711.96700000,2495989.54913000,0
1750653000000000,133.52000000,133.53000000,132.98000000,133.01000000,12663.72800000,1750653899999999,1687075.22265000,12650,5451.10700000,726118.27881000,0
1750653900000000,133.02000000,133.26000000,132.91000000,133.18000000,10836.06300000,1750654799999999,1442068.78190000,10132,6100.14100000,811689.70915000,0
1750654800000000,133.18000000,133.79000000,133.12000000,133.60000000,22127.54500000,1750655699999999,2953910.55080000,12176,14476.99700000,1933010.03628000,0
1750655700000000,133.59000000,133.95000000,133.42000000,133.54000000,20074.75800000,1750656599999999,2683416.71834000,12688,11342.85200000,1516305.95291000,0
1750656600000000,133.54000000,133.77000000,133.37000000,133.60000000,14459.16200000,1750657499999999,1931315.77425000,10258,8994.11900000,1201431.91422000,0
1750657500000000,133.59000000,134.77000000,133.55000000,134.41000000,46188.27500000,1750658399999999,6206086.33153000,25813,26982.00400000,3624509.04442000,0
1750658400000000,134.41000000,134.78000000,134.21000000,134.42000000,26705.24900000,1750659299999999,3591552.23306000,19463,14709.85200000,1978538.46538000,0
1750659300000000,134.43000000,134.54000000,133.96000000,134.08000000,18273.80900000,1750660199999999,2453164.28800000,14999,8956.46100000,1202431.36142000,0
1750660200000000,134.09000000,134.39000000,133.89000000,133.94000000,41978.31200000,1750661099999999,5629197.64378000,15133,13914.09200000,1865991.34930000,0
1750661100000000,133.95000000,134.45000000,133.58000000,134.31000000,20284.57900000,1750661999999999,2718942.65220000,11485,9900.65500000,1327574.46921000,0
1750662000000000,134.31000000,135.01000000,134.27000000,134.49000000,33238.10400000,1750662899999999,4475488.35836000,22553,19060.95400000,2566571.72992000,0
1750662900000000,134.49000000,134.67000000,134.19000000,134.24000000,19715.94400000,1750663799999999,2650164.81771000,12389,8841.37300000,1188580.29672000,0
1750663800000000,134.25000000,134.55000000,134.02000000,134.24000000,19430.62000000,1750664699999999,2609365.04318000,13494,7193.92600000,965643.88937000,0
1750664700000000,134.24000000,134.48000000,134.12000000,134.38000000,9680.06400000,1750665599999999,1300273.25746000,9050,5984.04200000,803834.87350000,0
1750665600000000,134.38000000,134.88000000,134.15000000,134.74000000,18697.06900000,1750666499999999,2515253.72181000,12234,12401.85600000,1668296.81828000,0
1750666500000000,134.75000000,134.76000000,134.28000000,134.40000000,15055.78200000,1750667399999999,2025463.12800000,13462,7069.78700000,951367.80891000,0
1750667400000000,134.39000000,134.40000000,133.94000000,134.13000000,11849.55700000,1750668299999999,1589037.75138000,9479,4426.79200000,593728.26754000,0
1750668300000000,134.14000000,134.47000000,134.01000000,134.36000000,13462.52100000,1750669199999999,1806770.74950000,8993,4502.84900000,604290.00490000,0
1750669200000000,134.35000000,134.40000000,133.83000000,133.94000000,12474.14600000,1750670099999999,1672332.59927000,10222,5671.42400000,760470.24933000,0
1750670100000000,133.94000000,134.21000000,133.44000000,133.51000000,30252.85100000,1750670999999999,4046755.28218000,17836,10068.41600000,1346587.22142000,0
1750671000000000,133.50000000,134.43000000,133.50000000,134.22000000,21523.89200000,1750671899999999,2884029.20313000,14627,8427.20400000,1129264.48095000,0
1750671900000000,134.22000000,134.45000000,134.11000000,134.33000000,10321.38900000,1750672799999999,1386212.64708000,9561,4825.22300000,648015.32002000,0
1750672800000000,134.34000000,134.53000000,134.06000000,134.13000000,15158.23300000,1750673699999999,2035211.09784000,16078,7161.20400000,961391.29129000,0
1750673700000000,134.13000000,134.13000000,133.63000000,133.65000000,21307.66500000,1750674599999999,2849965.07816000,10543,11638.44300000,1556435.41113000,0
1750674600000000,133.65000000,133.92000000,133.30000000,133.36000000,17600.15600000,1750675499999999,2352180.53480000,12773,5843.68700000,780915.09343000,0
1750675500000000,133.36000000,134.04000000,133.36000000,133.83000000,8285.30000000,1750676399999999,1108644.23895000,9450,4530.99400000,606303.46578000,0
1750676400000000,133.82000000,134.03000000,133.52000000,133.76000000,18420.33300000,1750677299999999,2463236.29342000,13060,4771.13300000,638275.07956000,0
1750677300000000,133.77000000,133.78000000,133.25000000,133.51000000,15335.56900000,1750678199999999,2046857.19708000,11074,6834.93000000,912286.11674000,0
1750678200000000,133.50000000,134.05000000,133.43000000,133.93000000,13350.28600000,1750679099999999,1786380.74456000,9160,5786.57000000,774153.28754000,0
1750679100000000,133.93000000,134.45000000,133.69000000,134.09000000,17642.58800000,1750679999999999,2366815.23334000,14951,10499.00500000,1408508.98014000,0
1750680000000000,134.10000000,134.21000000,133.76000000,133.91000000,39325.25000000,1750680899999999,5267915.77023000,17309,18206.33300000,2438511.48537000,0
1750680900000000,133.92000000,134.14000000,133.80000000,134.03000000,16859.03500000,1750681799999999,2258838.81484000,11702,7864.77800000,1053820.42829000,0
1750681800000000,134.02000000,135.33000000,133.94000000,134.99000000,42087.29500000,1750682699999999,5671745.99397000,24324,21849.77600000,2944549.86267000,0
1750682700000000,134.99000000,135.55000000,134.83000000,135.53000000,52658.44700000,1750683599999999,7114249.20235000,24988,32887.67100000,4443889.13740000,0
1750683600000000,135.53000000,135.70000000,134.39000000,134.47000000,34371.67200000,1750684499999999,4638861.56166000,26377,15567.43000000,2101894.50788000,0
1750684500000000,134.46000000,134.68000000,133.82000000,133.88000000,26562.57700000,1750685399999999,3564545.10718000,18457,9196.95500000,1234708.81086000,0
1750685400000000,133.89000000,137.00000000,132.91000000,136.11000000,180073.84700000,1750686299999999,24300445.90256000,104786,83685.95400000,11308813.51950000,0
1750686300000000,136.12000000,136.82000000,135.37000000,136.64000000,139497.10000000,1750687199999999,18991029.84152000,90476,73052.43300000,9943253.54609000,0
1750687200000000,136.65000000,137.50000000,136.36000000,136.77000000,143895.00500000,1750688099999999,19691428.48193000,85417,88525.59100000,12114864.63099000,0
1750688100000000,136.78000000,136.89000000,135.28000000,135.52000000,56675.27000000,1750688999999999,7707722.38386000,40820,21224.36000000,2887002.69736000,0
1750689000000000,135.51000000,135.72000000,134.78000000,135.25000000,37031.66800000,1750689899999999,5006584.31029000,31951,13561.22900000,1833624.99434000,0
1750689900000000,135.25000000,135.55000000,134.57000000,134.77000000,25611.49400000,1750690799999999,3455045.29398000,28628,12266.13900000,1654933.99218000,0
1750690800000000,134.77000000,135.45000000,134.62000000,135.44000000,46249.57000000,1750691699999999,6240744.78017000,20801,25032.83300000,3377673.75104000,0
1750691700000000,135.43000000,135.48000000,134.03000000,134.04000000,29037.72200000,1750692599999999,3910474.01722000,21959,11489.79300000,1548291.27386000,0
1750692600000000,134.05000000,134.66000000,133.68000000,133.77000000,36339.65900000,1750693499999999,4877102.47008000,27572,14142.16000000,1898936.01863000,0
1750693500000000,133.77000000,133.79000000,133.15000000,133.43000000,32833.62500000,1750694399999999,4381807.85671000,25496,12226.49900000,1631991.77872000,0
1750694400000000,133.44000000,133.64000000,132.12000000,132.15000000,71042.44800000,1750695299999999,9434524.03727000,34190,27117.97300000,3604138.77595000,0
1750695300000000,132.15000000,132.77000000,131.42000000,131.53000000,145346.79400000,1750696199999999,19199662.95776000,68590,51175.58000000,6757400.54297000,0
1750696200000000,131.53000000,132.64000000,130.68000000,132.10000000,156662.98600000,1750697099999999,20628744.56434000,94953,66043.19400000,8699459.37236000,0
1750697100000000,132.09000000,132.96000000,131.65000000,132.51000000,82289.44700000,1750697999999999,10879466.13022000,65183,43470.67800000,5747972.52758000,0
1750698000000000,132.52000000,134.83000000,132.26000000,133.76000000,96399.99300000,1750698899999999,12889833.67551000,72927,52995.50500000,7088491.30030000,0
1750698900000000,133.76000000,136.69000000,133.72000000,136.16000000,118729.99600000,1750699799999999,16036531.03477000,75147,71302.70300000,9637515.80764000,0
1750699800000000,136.15000000,137.26000000,136.15000000,136.86000000,101440.20600000,1750700699999999,13870155.17507000,76900,51549.56300000,7049002.69895000,0
1750700700000000,136.86000000,137.20000000,136.10000000,136.77000000,60257.68800000,1750701599999999,8232089.39141000,45970,29998.02600000,4100056.71158000,0
1750701600000000,136.77000000,139.34000000,136.77000000,138.52000000,154657.38000000,1750702499999999,21405730.70722000,96103,87471.87900000,12103969.15940000,0
1750702500000000,138.52000000,139.21000000,138.08000000,138.14000000,71724.40200000,1750703399999999,9956405.07375000,53727,27252.54600000,3782733.12922000,0
1750703400000000,138.15000000,139.05000000,138.12000000,138.44000000,65950.75900000,1750704299999999,9142440.90374000,41142,36526.99800000,5063958.85808000,0
1750704300000000,138.44000000,138.46000000,137.80000000,138.11000000,36439.28000000,1750705199999999,5032583.37892000,20709,12275.44600000,1695819.91621000,0
1750705200000000,138.12000000,138.85000000,138.07000000,138.56000000,32579.08700000,1750706099999999,4516287.17169000,26429,16130.92500000,2235919.58277000,0
1750706100000000,138.57000000,139.15000000,138.28000000,138.88000000,32414.18000000,1750706999999999,4497172.53748000,22428,18172.50100000,2520425.62080000,0
1750707000000000,138.87000000,140.27000000,138.56000000,138.65000000,82220.28000000,1750707899999999,11461409.25193000,40767,49704.41900000,6929537.53245000,0
1750707900000000,138.65000000,140.01000000,138.38000000,139.79000000,57207.80700000,1750708799999999,7977540.05767000,34455,28406.05100000,3959351.09917000,0
1750708800000000,139.79000000,140.53000000,139.21000000,140.37000000,50767.57100000,1750709699999999,7107445.43899000,38139,30026.38700000,4204034.64048000,0
1750709700000000,140.37000000,142.27000000,140.20000000,141.68000000,114019.72500000,1750710599999999,16142661.26960000,73670,65509.13200000,9274537.67293000,0
1750710600000000,141.67000000,141.80000000,140.77000000,141.42000000,54898.01800000,1750711499999999,7757957.54939000,45853,27686.60800000,3912545.99112000,0
1750711500000000,141.43000000,141.59000000,140.47000000,140.59000000,35742.65500000,1750712399999999,5038246.80464000,26696,14730.28900000,2076659.25401000,0
1750712400000000,140.60000000,141.10000000,140.48000000,140.72000000,27789.68000000,1750713299999999,3913457.18009000,20597,13998.12500000,1971286.33030000,0
1750713300000000,140.73000000,141.61000000,140.62000000,140.70000000,32173.31300000,1750714199999999,4542400.81243000,23687,17879.62100000,2525056.29477000,0
1750714200000000,140.70000000,141.19000000,140.48000000,141.15000000,24097.36300000,1750715099999999,3392452.56427000,14691,11989.95700000,1688194.89701000,0
1750715100000000,141.15000000,141.75000000,140.86000000,140.94000000,34644.64600000,1750715999999999,4891321.06044000,17414,18181.04500000,2565682.96386000,0
1750716000000000,140.94000000,145.74000000,140.93000000,145.48000000,220531.62400000,1750716899999999,31691375.48242000,122509,138630.48300000,19918598.77506000,0
1750716900000000,145.48000000,146.92000000,144.74000000,146.41000000,190137.53600000,1750717799999999,27737418.46753000,110563,100783.24500000,14703651.24551000,0
1750717800000000,146.42000000,146.75000000,143.85000000,144.66000000,153939.77700000,1750718699999999,22352081.22770000,88294,74481.86400000,10817328.66027000,0
1750718700000000,144.67000000,145.39000000,143.92000000,144.89000000,92425.68800000,1750719599999999,13374100.17749000,44301,50693.55600000,7337777.63798000,0
1750719600000000,144.89000000,145.01000000,144.21000000,144.59000000,42606.89000000,1750720499999999,6164111.43328000,30284,26276.29800000,3802374.74029000,0
1750720500000000,144.60000000,145.23000000,144.35000000,144.69000000,40627.96000000,1750721399999999,5880990.01291000,24193,24097.23600000,3489092.06588000,0
1750721400000000,144.69000000,145.09000000,144.44000000,144.79000000,47891.98500000,1750722299999999,6933668.24574000,26335,33159.97900000,4801010.99275000,0
1750722300000000,144.79000000,144.88000000,144.35000000,144.51000000,34738.23700000,1750723199999999,5026211.12859000,25901,19313.54300000,2794448.03516000,0
1750723200000000,144.51000000,144.77000000,144.22000000,144.24000000,32256.85900000,1750724099999999,4660426.41649000,26398,13855.10200000,2002045.72634000,0
1750724100000000,144.24000000,144.35000000,143.54000000,143.56000000,32842.40000000,1750724999999999,4727873.83786000,20106,11903.79200000,1713261.68829000,0
1750725000000000,143.56000000,143.90000000,143.24000000,143.90000000,32297.73800000,1750725899999999,4637715.71119000,21624,13386.70100000,1922233.02388000,0
1750725900000000,143.90000000,143.90000000,143.02000000,143.34000000,37925.49700000,1750726799999999,5436268.37031000,22884,14413.34100000,2066578.66675000,0
1750726800000000,143.34000000,143.85000000,142.97000000,143.84000000,23373.58100000,1750727699999999,3352620.55629000,15949,11170.13500000,1603000.48774000,0
1750727700000000,143.83000000,144.40000000,143.57000000,144.17000000,20766.29500000,1750728599999999,2990521.88436000,19046,11947.01200000,1720491.59175000,0
1750728600000000,144.17000000,144.20000000,143.41000000,143.50000000,16502.10000000,1750729499999999,2371964.16848000,13014,5947.30100000,854979.04981000,0
1750729500000000,143.49000000,143.86000000,143.21000000,143.83000000,19385.75400000,1750730399999999,2781698.11102000,16610,9729.58000000,1396418.24101000,0
1750730400000000,143.82000000,143.82000000,142.51000000,142.90000000,40546.29200000,1750731299999999,5799873.71292000,26711,16767.09000000,2399491.51482000,0
1750731300000000,142.90000000,142.92000000,142.31000000,142.84000000,25561.60900000,1750732199999999,3643706.15525000,14957,12222.22700000,1742437.55157000,0
1750732200000000,142.83000000,143.01000000,142.59000000,142.97000000,30852.90400000,1750733099999999,4407593.76809000,12192,13139.33400000,1877192.43983000,0
1750733100000000,142.98000000,143.02000000,142.42000000,142.51000000,22580.45100000,1750733999999999,3220963.73551000,12133,8465.61700000,1207489.41084000,0
1750734000000000,142.51000000,142.99000000,142.46000000,142.95000000,16085.67000000,1750734899999999,2295998.67707000,13934,6934.49700000,989729.28301000,0
1750734900000000,142.94000000,143.52000000,142.89000000,143.45000000,25583.14300000,1750735799999999,3666129.10278000,17611,13462.13800000,1929206.05252000,0
1750735800000000,143.45000000,143.57000000,142.85000000,143.05000000,21956.76700000,1750736699999999,3146068.97298000,10765,11331.65400000,1623325.21288000,0
1750736700000000,143.05000000,143.47000000,142.97000000,143.24000000,12871.54400000,1750737599999999,1844064.59730000,11318,7230.31400000,1035988.69244000,0
1750737600000000,143.23000000,143.56000000,143.09000000,143.09000000,15876.75500000,1750738499999999,2275236.13318000,11502,10340.65700000,1482008.91111000,0
1750738500000000,143.09000000,143.31000000,142.84000000,143.10000000,15749.97800000,1750739399999999,2252830.56432000,9893,5364.77000000,767704.66940000,0
1750739400000000,143.09000000,143.26000000,143.05000000,143.19000000,8142.39500000,1750740299999999,1165758.66141000,8833,3655.92300000,523450.00783000,0
1750740300000000,143.20000000,143.52000000,143.08000000,143.27000000,36330.62900000,1750741199999999,5206653.77585000,10219,20578.91800000,2949124.09514000,0
1750741200000000,143.27000000,143.90000000,143.15000000,143.88000000,20539.12100000,1750742099999999,2944979.48100000,10853,9263.02000000,1328811.56715000,0
1750742100000000,143.87000000,144.42000000,143.66000000,144.28000000,45912.58100000,1750742999999999,6617345.32066000,22196,23744.30000000,3422488.28272000,0
1750743000000000,144.27000000,145.38000000,144.05000000,145.08000000,50432.18600000,1750743899999999,7302462.33602000,29896,32957.70600000,4773912.94729000,0
1750743900000000,145.08000000,145.59000000,144.94000000,145.49000000,38179.78300000,1750744799999999,5549942.59488000,26584,23022.19200000,3346623.31960000,0
1750744800000000,145.48000000,145.87000000,144.77000000,145.15000000,49951.22000000,1750745699999999,7253176.41267000,29321,25713.54300000,3733616.24784000,0
1750745700000000,145.16000000,145.73000000,145.11000000,145.57000000,25751.59800000,1750746599999999,3747635.39548000,17041,15239.17500000,2217705.04467000,0
1750746600000000,145.58000000,146.41000000,145.52000000,146.30000000,53067.95300000,1750747499999999,7753478.07937000,22947,24127.64600000,3524332.73384000,0
1750747500000000,146.29000000,146.77000000,146.01000000,146.07000000,41673.54700000,1750748399999999,6097656.64471000,24997,24496.37700000,3584523.46206000,0
1750748400000000,146.08000000,146.39000000,145.64000000,145.70000000,32027.62700000,1750749299999999,4673603.74899000,20204,10146.20500000,1481461.97391000,0
1750749300000000,145.69000000,146.40000000,145.61000000,145.74000000,21335.32200000,1750750199999999,3115743.93386000,15908,10374.95200000,1515035.40172000,0
1750750200000000,145.73000000,145.76000000,144.39000000,144.88000000,51188.29700000,1750751099999999,7417660.94697000,41085,20892.37000000,3027199.19831000,0
1750751100000000,144.88000000,144.97000000,143.86000000,144.01000000,43991.13500000,1750751999999999,6346041.94890000,26146,15104.79100000,2179723.07622000,0
1750752000000000,144.01000000,144.26000000,143.57000000,144.02000000,48116.76900000,1750752899999999,6923930.29606000,32580,16714.46000000,2404865.59500000,0
1750752900000000,144.02000000,144.59000000,143.42000000,144.52000000,32970.27900000,1750753799999999,4750080.99998000,26596,16647.76800000,2399624.80906000,0
1750753800000000,144.53000000,144.86000000,143.70000000,143.99000000,30206.94700000,1750754699999999,4356470.53524000,23865,16177.30400000,2333600.86541000,0
1750754700000000,143.99000000,144.26000000,143.64000000,144.25000000,19307.73100000,1750755599999999,2779546.93291000,16281,6591.28300000,949093.87364000,0
1750755600000000,144.24000000,144.49000000,143.86000000,144.21000000,18158.57100000,1750756499999999,2617209.19427000,16542,8562.86900000,1234398.27151000,0
1750756500000000,144.21000000,145.81000000,144.07000000,145.28000000,54383.42900000,1750757399999999,7889407.82997000,29448,36807.12000000,5339314.30955000,0
1750757400000000,145.27000000,145.51000000,143.73000000,144.21000000,56161.28600000,1750758299999999,8112052.30487000,40718,22141.02800000,3198240.21114000,0
1750758300000000,144.22000000,144.52000000,143.92000000,143.99000000,29101.40900000,1750759199999999,4197579.91155000,19055,9992.37900000,1441433.68304000,0
1750759200000000,143.98000000,144.20000000,143.63000000,143.72000000,26746.25600000,1750760099999999,3847507.16276000,18943,11914.18400000,1714069.13590000,0
1750760100000000,143.72000000,144.11000000,143.49000000,143.73000000,25259.15000000,1750760999999999,3629590.67679000,17188,11455.58000000,1645871.01851000,0
1750761000000000,143.72000000,144.13000000,143.30000000,143.86000000,21527.67000000,1750761899999999,3094375.56073000,22887,8660.26600000,1244906.42867000,0
1750761900000000,143.85000000,144.23000000,143.77000000,144.06000000,10661.59300000,1750762799999999,1535931.43920000,10169,6093.92000000,877946.05720000,0
1750762800000000,144.06000000,144.14000000,143.43000000,143.60000000,15882.68000000,1750763699999999,2283499.56723000,16123,6690.15400000,962076.48836000,0
1750763700000000,143.60000000,144.33000000,143.02000000,144.28000000,31311.64200000,1750764599999999,4495214.21948000,20910,14879.63300000,2139179.53825000,0
1750764600000000,144.28000000,144.35000000,143.91000000,144.04000000,25141.79300000,1750765499999999,3622448.01806000,19022,12437.75700000,1792038.13460000,0
1750765500000000,144.04000000,144.72000000,144.03000000,144.57000000,23579.53100000,1750766399999999,3405447.64497000,16793,16056.62500000,2319221.45167000,0
1750766400000000,144.56000000,144.91000000,144.50000000,144.69000000,15324.82900000,1750767299999999,2216907.35647000,15411,7210.41300000,1043151.83551000,0
1750767300000000,144.69000000,144.81000000,143.90000000,144.16000000,22503.99600000,1750768199999999,3246126.11641000,17931,8558.90000000,1234812.76043000,0
1750768200000000,144.15000000,144.52000000,143.72000000,144.51000000,17582.29700000,1750769099999999,2533006.59714000,16293,6691.48500000,964223.32918000,0
1750769100000000,144.52000000,144.77000000,144.27000000,144.43000000,13537.64000000,1750769999999999,1955699.40863000,13681,6530.89300000,943524.77631000,0
1750770000000000,144.42000000,144.66000000,144.26000000,144.61000000,18500.91800000,1750770899999999,2672759.74155000,14642,8602.78300000,1242880.12985000,0
1750770900000000,144.61000000,145.00000000,143.96000000,144.29000000,32848.43300000,1750771799999999,4747749.07694000,27812,17003.48400000,2458877.02197000,0
1750771800000000,144.30000000,144.83000000,143.48000000,144.07000000,58012.27800000,1750772699999999,8356109.26397000,40564,22490.63300000,3239501.12231000,0
1750772700000000,144.07000000,144.61000000,143.44000000,144.03000000,47447.80200000,1750773599999999,6829627.15375000,31189,21708.27200000,3124776.68351000,0
1750773600000000,144.03000000,144.77000000,143.90000000,144.50000000,48437.60700000,1750774499999999,6988732.23799000,39685,26560.95800000,3832341.52114000,0
1750774500000000,144.50000000,145.49000000,144.41000000,145.04000000,60023.54100000,1750775399999999,8700682.44039000,39907,33926.65500000,4916839.08968000,0
1750775400000000,145.04000000,145.68000000,144.75000000,145.60000000,43197.85400000,1750776299999999,6278685.08382000,25146,25534.68000000,3711604.34348000,0
1750776300000000,145.60000000,145.70000000,144.78000000,144.99000000,32152.93300000,1750777199999999,4667118.84947000,22184,15208.47800000,2208292.90981000,0
1750777200000000,144.99000000,145.65000000,144.78000000,144.81000000,42087.69500000,1750778099999999,6109809.44567000,30724,21910.14000000,3180719.07545000,0
1750778100000000,144.81000000,144.90000000,144.30000000,144.46000000,28312.45900000,1750778999999999,4093237.94798000,26055,13308.38000000,1923896.47755000,0
1750779000000000,144.47000000,144.55000000,143.61000000,143.95000000,36564.19500000,1750779899999999,5265422.56690000,25986,14075.66900000,2026856.36105000,0
1750779900000000,143.94000000,144.76000000,143.89000000,144.31000000,33530.24000000,1750780799999999,4836120.25179000,24306,14453.29300000,2085016.00817000,0
1750780800000000,144.31000000,144.69000000,143.77000000,144.03000000,16898.16900000,1750781699999999,2437190.85573000,17143,8506.83100000,1227100.56295000,0
1750781700000000,144.03000000,145.00000000,144.03000000,144.81000000,26909.13900000,1750782599999999,3890542.91943000,18457,16940.60200000,2449624.16827000,0
1750782600000000,144.81000000,145.64000000,144.17000000,145.55000000,45464.02000000,1750783499999999,6589588.16645000,32198,25731.39900000,3729814.90433000,0
1750783500000000,145.55000000,146.60000000,145.14000000,146.46000000,78888.71000000,1750784399999999,11499492.64658000,49063,50309.23100000,7333811.44715000,0
1750784400000000,146.46000000,146.62000000,144.83000000,144.90000000,43306.00000000,1750785299999999,6314344.87287000,38395,17750.25700000,2588074.50315000,0
1750785300000000,144.89000000,145.25000000,143.94000000,144.17000000,49006.99700000,1750786199999999,7088739.30292000,39784,25139.69800000,3638190.76908000,0
1750786200000000,144.16000000,144.89000000,143.91000000,144.83000000,21192.99300000,1750787099999999,3059921.93494000,19066,13081.56800000,1889309.95453000,0
1750787100000000,144.84000000,145.22000000,144.58000000,144.80000000,18046.11800000,1750787999999999,2615781.25376000,15520,10089.91500000,1462581.86990000,0
1750788000000000,144.81000000,145.18000000,144.08000000,144.16000000,24841.33600000,1750788899999999,3588852.74954000,20221,10716.65500000,1548306.48071000,0
1750788900000000,144.15000000,144.38000000,143.50000000,144.34000000,31342.72500000,1750789799999999,4510482.85627000,22436,16021.84400000,2306295.12429000,0
1750789800000000,144.34000000,144.39000000,143.93000000,144.07000000,15012.75100000,1750790699999999,2164134.76084000,13135,4204.13500000,605928.15847000,0
1750790700000000,144.08000000,144.42000000,143.67000000,143.68000000,24877.50800000,1750791599999999,3584335.51120000,16531,10980.99300000,1582435.35025000,0
1750791600000000,143.68000000,143.76000000,143.21000000,143.51000000,24942.41000000,1750792499999999,3578566.68452000,18768,11092.91700000,1591341.18890000,0
1750792500000000,143.52000000,143.85000000,143.28000000,143.45000000,13343.19600000,1750793399999999,1915978.96320000,11721,8413.61600000,1208220.51870000,0
1750793400000000,143.45000000,143.91000000,143.25000000,143.50000000,14942.14800000,1750794299999999,2145486.95947000,13910,6553.43200000,941022.88704000,0
1750794300000000,143.50000000,143.89000000,142.84000000,143.61000000,32199.93600000,1750795199999999,4607917.79849000,25579,14873.39800000,2128633.56737000,0
1750795200000000,143.61000000,143.69000000,143.23000000,143.36000000,19864.64700000,1750796099999999,2848851.85902000,15471,14232.11700000,2041067.39943000,0
1750796100000000,143.36000000,144.16000000,143.19000000,144.09000000,8621.10000000,1750796999999999,1238944.00019000,10968,4709.53800000,677075.82339000,0
1750797000000000,144.09000000,144.42000000,143.97000000,144.14000000,14642.55400000,1750797899999999,2111594.08185000,10028,7394.86500000,1066360.95352000,0
1750797900000000,144.15000000,145.14000000,144.15000000,145.07000000,53486.91100000,1750798799999999,7748363.89673000,19539,21622.95600000,3131303.52845000,0
1750798800000000,145.07000000,145.10000000,144.42000000,144.58000000,28264.47300000,1750799699999999,4092879.17403000,16001,8601.79400000,1245207.07463000,0
1750799700000000,144.58000000,145.00000000,144.52000000,144.84000000,5851.33000000,1750800599999999,847046.75531000,7890,3010.96400000,435845.87269000,0
1750800600000000,144.84000000,145.24000000,144.84000000,145.08000000,12108.96200000,1750801499999999,1756636.72171000,8504,6729.13100000,976237.16876000,0
1750801500000000,145.08000000,145.69000000,145.08000000,145.42000000,16645.37900000,1750802399999999,2420620.79039000,11099,10459.09500000,1521063.79056000,0
1750802400000000,145.41000000,145.42000000,144.74000000,145.03000000,11075.58300000,1750803299999999,1606058.46550000,17680,3594.58500000,521192.77262000,0
1750803300000000,145.04000000,145.22000000,144.40000000,144.81000000,12920.86900000,1750804199999999,1870372.86129000,10178,5714.20000000,827125.05699000,0
1750804200000000,144.82000000,144.89000000,144.42000000,144.80000000,10402.59500000,1750805099999999,1504656.00652000,7208,4786.71300000,692356.34873000,0
1750805100000000,144.80000000,145.08000000,144.66000000,144.99000000,5849.41700000,1750805999999999,847270.17738000,6572,2716.07600000,393377.26055000,0
1750806000000000,144.99000000,145.10000000,144.48000000,144.75000000,6858.43900000,1750806899999999,992936.22379000,7815,1886.04300000,273075.32508000,0
1750806900000000,144.76000000,145.13000000,144.67000000,145.10000000,5122.42800000,1750807799999999,742168.59483000,5123,2164.69900000,313670.58639000,0
1750807800000000,145.10000000,145.76000000,145.08000000,145.68000000,24898.70400000,1750808699999999,3622397.80060000,13007,18906.99000000,2751070.21862000,0
1750808700000000,145.69000000,145.96000000,145.61000000,145.92000000,43861.35500000,1750809599999999,6396526.21596000,15093,28591.75300000,4169249.23725000,0
1750809600000000,145.93000000,146.27000000,145.48000000,146.25000000,26566.83900000,1750810499999999,3874923.40547000,18836,16946.90600000,2472160.28554000,0
1750810500000000,146.25000000,146.31000000,145.63000000,145.75000000,14103.65400000,1750811399999999,2057766.83725000,17314,7132.32600000,1040637.56145000,0
1750811400000000,145.75000000,145.79000000,145.02000000,145.23000000,14945.79200000,1750812299999999,2171560.03595000,13874,8019.85500000,1164804.42893000,0
1750812300000000,145.24000000,146.40000000,145.14000000,146.12000000,16076.06700000,1750813199999999,2345967.21967000,17226,10036.24500000,1465017.37798000,0
1750813200000000,146.11000000,146.21000000,145.73000000,145.90000000,12579.90200000,1750814099999999,1836086.50095000,13553,5783.04700000,844294.06139000,0
1750814100000000,145.89000000,146.10000000,145.07000000,145.33000000,15075.07000000,1750814999999999,2194434.29809000,18372,8155.84400000,1187415.44300000,0
1750815000000000,145.33000000,146.18000000,145.10000000,146.14000000,11211.21400000,1750815899999999,1633461.20511000,12299,5492.77200000,800615.01929000,0
1750815900000000,146.13000000,146.20000000,145.73000000,145.80000000,8249.39600000,1750816799999999,1203766.32632000,10101,3768.35300000,549878.27633000,0
1750816800000000,145.81000000,146.90000000,145.62000000,146.65000000,56989.72200000,1750817699999999,8345361.69090000,31277,31216.49200000,4568572.17551000,0
1750817700000000,146.65000000,146.81000000,146.19000000,146.20000000,19707.09000000,1750818599999999,2887381.30806000,19789,11677.42800000,1711090.55577000,0
1750818600000000,146.21000000,146.31000000,145.77000000,145.98000000,15425.01800000,1750819499999999,2252300.55673000,15392,7654.59800000,1117720.35732000,0
1750819500000000,145.99000000,146.41000000,145.84000000,145.90000000,12785.94400000,1750820399999999,1867669.04456000,12313,6697.85300000,978504.27096000,0
1750820400000000,145.91000000,146.21000000,145.61000000,146.01000000,12978.23400000,1750821299999999,1893814.49516000,12490,8904.01700000,1299220.53114000,0
1750821300000000,146.00000000,146.35000000,145.76000000,145.96000000,14312.99100000,1750822199999999,2091553.63580000,13129,8540.57600000,1247959.50203000,0
1750822200000000,145.96000000,146.33000000,145.89000000,145.97000000,12027.48000000,1750823099999999,1756893.51660000,10267,6578.63800000,960992.31484000,0
1750823100000000,145.97000000,146.09000000,145.51000000,145.52000000,22574.76700000,1750823999999999,3291097.49155000,12144,10010.26100000,1459668.36268000,0
1750824000000000,145.51000000,145.61000000,145.18000000,145.22000000,17540.26300000,1750824899999999,2550359.40116000,13944,9184.97400000,1335569.85981000,0
1750824900000000,145.21000000,145.59000000,145.17000000,145.54000000,8897.44200000,1750825799999999,1293496.75508000,7148,5613.49300000,816092.13394000,0
1750825800000000,145.53000000,145.56000000,144.95000000,145.10000000,18377.47100000,1750826699999999,2667076.48173000,10440,8412.24700000,1220691.13124000,0
1750826700000000,145.10000000,145.56000000,144.88000000,145.39000000,19780.44300000,1750827599999999,2872637.81726000,9730,7523.38900000,1093406.12145000,0
1750827600000000,145.40000000,145.82000000,145.26000000,145.68000000,9911.21500000,1750828499999999,1443151.58425000,10041,5488.55500000,799310.23270000,0
1750828500000000,145.67000000,145.68000000,145.13000000,145.37000000,8221.24800000,1750829399999999,1195130.77769000,7875,2430.00500000,353292.23339000,0
1750829400000000,145.38000000,145.60000000,145.12000000,145.33000000,8324.17300000,1750830299999999,1209617.92578000,7872,4528.16300000,658117.31643000,0
1750830300000000,145.33000000,145.79000000,145.29000000,145.40000000,7462.09000000,1750831199999999,1086237.67606000,7391,3761.27200000,547386.39208000,0
1750831200000000,145.40000000,145.73000000,145.19000000,145.59000000,13795.47200000,1750832099999999,2007086.16789000,10833,4486.59800000,652731.28773000,0
1750832100000000,145.59000000,146.32000000,145.49000000,146.16000000,14632.67600000,1750832999999999,2134530.38018000,11224,8684.15000000,1266598.75129000,0
1750833000000000,146.16000000,146.44000000,145.93000000,146.36000000,22398.77300000,1750833899999999,3275463.30705000,12884,8524.69800000,1246565.01463000,0
1750833900000000,146.36000000,146.40000000,146.06000000,146.31000000,11326.24800000,1750834799999999,1656228.84285000,9226,3873.76300000,566533.54689000,0
1750834800000000,146.31000000,146.34000000,146.00000000,146.20000000,12951.40500000,1750835699999999,1893094.85904000,9737,3702.76300000,541296.44127000,0
1750835700000000,146.20000000,147.49000000,146.19000000,147.34000000,71012.07700000,1750836599999999,10440571.48586000,28482,38483.18200000,5658895.91911000,0
1750836600000000,147.35000000,147.38000000,146.71000000,147.16000000,31126.58400000,1750837499999999,4577348.59119000,19021,16065.10000000,2362471.97455000,0
1750837500000000,147.16000000,147.45000000,146.88000000,147.01000000,18478.09400000,1750838399999999,2717816.71577000,14215,8859.57800000,1303251.86802000,0
1750838400000000,147.01000000,147.13000000,146.46000000,146.66000000,16182.54400000,1750839299999999,2374222.27441000,12446,7137.47400000,1047316.26854000,0
1750839300000000,146.66000000,146.90000000,145.94000000,145.94000000,17390.38500000,1750840199999999,2542402.81820000,15379,6859.74800000,1002991.17986000,0
1750840200000000,145.93000000,145.97000000,145.25000000,145.38000000,16433.24500000,1750841099999999,2391647.81343000,16804,8258.10900000,1201916.42781000,0
1750841100000000,145.37000000,145.87000000,145.03000000,145.84000000,27231.26700000,1750841999999999,3959856.43484000,16871,13480.28700000,1960757.18328000,0
1750842000000000,145.85000000,146.32000000,145.56000000,146.10000000,25622.56200000,1750842899999999,3740108.65497000,21653,12475.55700000,1820847.41888000,0
1750842900000000,146.09000000,146.81000000,146.09000000,146.59000000,16148.87100000,1750843799999999,2366338.23145000,16640,8941.43000000,1310153.43760000,0
1750843800000000,146.60000000,146.72000000,145.04000000,145.18000000,36277.61300000,1750844699999999,5291559.34005000,28058,11795.77400000,1720855.96946000,0
1750844700000000,145.17000000,145.62000000,145.17000000,145.50000000,33319.28100000,1750845599999999,4844811.47281000,16928,17062.98500000,2481178.33254000,0
1750845600000000,145.50000000,145.70000000,145.08000000,145.27000000,26472.05000000,1750846499999999,3845709.52463000,17264,13758.88600000,1998536.85627000,0
1750846500000000,145.27000000,146.25000000,145.20000000,146.17000000,25923.15200000,1750847399999999,3780704.53352000,19466,13146.46200000,1917344.06057000,0
1750847400000000,146.17000000,146.21000000,145.50000000,145.59000000,15960.97600000,1750848299999999,2326635.97425000,16486,8412.70700000,1226259.16864000,0
1750848300000000,145.59000000,146.00000000,145.50000000,145.89000000,11934.78300000,1750849199999999,1739137.69190000,12976,6882.26500000,1002706.76078000,0
1750849200000000,145.90000000,145.99000000,145.52000000,145.56000000,19623.20600000,1750850099999999,2859608.61834000,15187,9782.15200000,1425231.15198000,0
1750850100000000,145.56000000,145.93000000,145.17000000,145.80000000,20202.51000000,1750850999999999,2941223.31346000,15140,8268.25300000,1203318.40688000,0
1750851000000000,145.79000000,146.36000000,145.72000000,146.24000000,22544.60500000,1750851899999999,3293066.02466000,15163,11286.22100000,1648546.48294000,0
1750851900000000,146.24000000,146.39000000,146.02000000,146.26000000,16598.20800000,1750852799999999,2427253.25243000,12639,6359.04500000,929946.22077000,0
1750852800000000,146.26000000,146.29000000,145.65000000,145.74000000,19299.05100000,1750853699999999,2817461.85296000,13715,8114.50900000,1184603.75510000,0
1750853700000000,145.75000000,145.96000000,145.48000000,145.57000000,24875.16300000,1750854599999999,3624233.41713000,17562,11399.22500000,1660407.24934000,0
1750854600000000,145.58000000,146.27000000,145.45000000,145.97000000,26329.72000000,1750855499999999,3843251.40307000,16848,11237.05400000,1640729.48843000,0
1750855500000000,145.96000000,146.46000000,145.82000000,146.44000000,22888.14100000,1750856399999999,3345371.10285000,15649,9924.74700000,1450821.86513000,0
1750856400000000,146.44000000,146.91000000,146.14000000,146.82000000,22111.66300000,1750857299999999,3238860.72455000,16054,10210.53000000,1496542.17162000,0
1750857300000000,146.82000000,147.54000000,146.80000000,147.48000000,60483.35900000,1750858199999999,8902654.31316000,35972,35880.96900000,5281135.41337000,0
1750858200000000,147.49000000,147.83000000,146.47000000,147.31000000,55597.04200000,1750859099999999,8183418.10693000,42939,32112.14500000,4728693.51693000,0
1750859100000000,147.32000000,147.95000000,146.69000000,147.37000000,44749.42400000,1750859999999999,6594877.65183000,41084,26171.79200000,3857506.31094000,0
1750860000000000,147.37000000,147.43000000,146.55000000,146.58000000,35518.83800000,1750860899999999,5225543.87630000,26595,20336.59600000,2992956.21182000,0
1750860900000000,146.58000000,146.58000000,144.75000000,145.33000000,94113.54200000,1750861799999999,13684590.40964000,62596,29482.91900000,4287024.81948000,0
1750861800000000,145.34000000,145.98000000,145.03000000,145.87000000,51083.27600000,1750862699999999,7441890.48888000,26608,28062.23000000,4089079.34319000,0
1750862700000000,145.87000000,146.55000000,145.42000000,145.65000000,33681.27500000,1750863599999999,4915308.04478000,26898,15511.49500000,2263276.61623000,0
1750863600000000,145.66000000,145.66000000,144.77000000,145.03000000,44603.93500000,1750864499999999,6470084.40096000,22419,12637.10100000,1833612.19384000,0
1750864500000000,145.03000000,145.06000000,143.76000000,144.03000000,58385.78400000,1750865399999999,8419067.41996000,39582,20848.37700000,3005897.37223000,0
1750865400000000,144.03000000,144.09000000,143.12000000,143.46000000,97263.90000000,1750866299999999,13965336.47809000,41356,51772.08500000,7435593.07230000,0
1750866300000000,143.46000000,143.95000000,143.38000000,143.69000000,26737.30200000,1750867199999999,3841199.01206000,19887,13646.34700000,1960486.47167000,0
1750867200000000,143.70000000,144.27000000,143.60000000,143.80000000,31392.37900000,1750868099999999,4519047.74267000,22936,15417.40700000,2219408.75648000,0
1750868100000000,143.79000000,144.27000000,143.66000000,143.96000000,25739.79800000,1750868999999999,3705098.63983000,21914,10980.25700000,1580813.44573000,0
1750869000000000,143.95000000,144.00000000,142.97000000,143.23000000,24327.37700000,1750869899999999,3487981.33779000,23185,9365.61200000,1343309.64673000,0
1750869900000000,143.22000000,143.52000000,142.82000000,143.43000000,27517.45000000,1750870799999999,3937751.70753000,18611,11436.52100000,1637036.54512000,0
1750870800000000,143.43000000,143.97000000,143.25000000,143.87000000,13967.83900000,1750871699999999,2005553.35275000,13503,8003.61900000,1149494.17972000,0
1750871700000000,143.88000000,144.57000000,143.79000000,144.05000000,21749.19400000,1750872599999999,3136871.55263000,22318,13081.28500000,1886564.23196000,0
1750872600000000,144.06000000,144.20000000,143.07000000,143.46000000,19659.42000000,1750873499999999,2823306.92702000,22672,6658.28300000,956124.25980000,0
1750873500000000,143.45000000,144.01000000,143.33000000,143.88000000,9961.84700000,1750874399999999,1431153.80905000,13735,5814.11500000,835144.91004000,0
1750874400000000,143.87000000,143.95000000,143.46000000,143.80000000,33522.69600000,1750875299999999,4817386.16905000,16239,11140.17100000,1601033.88698000,0
1750875300000000,143.81000000,143.87000000,143.35000000,143.43000000,16470.01400000,1750876199999999,2364897.98651000,11372,7780.72200000,1117431.39280000,0
1750876200000000,143.42000000,143.84000000,143.12000000,143.42000000,22894.90100000,1750877099999999,3284493.57080000,14914,12833.71900000,1841147.03760000,0
1750877100000000,143.42000000,143.66000000,143.16000000,143.30000000,12378.83500000,1750877999999999,1774568.27012000,9688,5434.19200000,779003.07491000,0
1750878000000000,143.30000000,144.20000000,143.25000000,144.06000000,20673.27300000,1750878899999999,2972766.24953000,15068,11121.04800000,1598811.01918000,0
1750878900000000,144.07000000,144.53000000,143.87000000,144.35000000,21455.46800000,1750879799999999,3096630.37069000,15124,10995.11900000,1586804.01425000,0
1750879800000000,144.36000000,144.51000000,143.75000000,144.33000000,21906.86000000,1750880699999999,3156098.18249000,14798,9142.30300000,1317504.98481000,0
1750880700000000,144.33000000,144.74000000,144.16000000,144.74000000,15832.00600000,1750881599999999,2286623.45448000,12998,9158.08100000,1322911.46952000,0
1750881600000000,144.74000000,144.74000000,144.18000000,144.63000000,16246.93200000,1750882499999999,2345841.90062000,12987,10305.39900000,1487965.10165000,0
1750882500000000,144.64000000,144.81000000,144.30000000,144.56000000,15312.58600000,1750883399999999,2212822.70040000,11005,7910.69700000,1143144.49401000,0
1750883400000000,144.55000000,145.07000000,144.43000000,144.43000000,13436.54100000,1750884299999999,1945623.85768000,13993,9100.97100000,1318134.92441000,0
1750884300000000,144.42000000,145.19000000,144.26000000,145.09000000,13486.25900000,1750885199999999,1952899.37252000,12179,8502.85600000,1231512.33021000,0
1750885200000000,145.08000000,145.61000000,144.36000000,144.40000000,21008.91900000,1750886099999999,3046968.84484000,15773,11025.76300000,1599509.92413000,0
1750886100000000,144.39000000,144.74000000,144.11000000,144.14000000,13472.36500000,1750886999999999,1946940.81277000,8445,4589.99300000,663118.60983000,0
1750887000000000,144.15000000,144.64000000,144.09000000,144.32000000,9460.95800000,1750887899999999,1365808.39371000,8081,5917.96100000,854259.53047000,0
1750887900000000,144.33000000,144.39000000,144.12000000,144.38000000,5426.61000000,1750888799999999,782857.69551000,5650,3085.59400000,445183.86643000,0
1750888800000000,144.38000000,144.38000000,143.66000000,143.89000000,16204.70100000,1750889699999999,2332197.10440000,15407,5482.84500000,789012.61017000,0
1750889700000000,143.89000000,143.96000000,143.54000000,143.57000000,7813.10500000,1750890599999999,1123090.12440000,9004,2933.47700000,421719.39459000,0
1750890600000000,143.57000000,143.69000000,143.21000000,143.30000000,11388.63300000,1750891499999999,1633720.12500000,11356,5329.31400000,764585.97993000,0
1750891500000000,143.30000000,143.34000000,142.92000000,143.20000000,15788.55300000,1750892399999999,2259921.37680000,11082,5009.35200000,717011.01545000,0
1750892400000000,143.19000000,143.19000000,142.25000000,142.86000000,26414.41200000,1750893299999999,3767428.38306000,20638,10705.71800000,1527073.58410000,0
1750893300000000,142.85000000,143.07000000,142.64000000,142.92000000,9487.47500000,1750894199999999,1356078.45982000,9858,5644.60400000,806880.47992000,0
1750894200000000,142.92000000,143.36000000,142.89000000,143.36000000,8682.29700000,1750895099999999,1242465.31750000,6686,4707.21300000,673770.92854000,0
1750895100000000,143.36000000,143.62000000,143.05000000,143.57000000,45090.67900000,1750895999999999,6457332.39024000,10419,8599.93300000,1232487.17195000,0
1750896000000000,143.57000000,143.95000000,143.43000000,143.82000000,16543.00700000,1750896899999999,2376572.40211000,14426,8050.67000000,1156825.67478000,0
1750896900000000,143.83000000,144.17000000,143.73000000,143.89000000,10321.61400000,1750897799999999,1486158.56424000,12897,5463.26000000,786603.74806000,0
1750897800000000,143.90000000,144.18000000,143.64000000,143.97000000,7760.65600000,1750898699999999,1116999.72348000,9052,3055.96500000,439880.54546000,0
1750898700000000,143.97000000,144.37000000,143.94000000,144.17000000,9927.88000000,1750899599999999,1431415.58277000,12862,4570.37000000,658928.21798000,0
1750899600000000,144.18000000,144.23000000,143.92000000,144.20000000,9345.88300000,1750900499999999,1346664.43701000,11233,4882.57500000,703524.50899000,0
1750900500000000,144.19000000,144.94000000,143.69000000,144.88000000,15171.99100000,1750901399999999,2187916.09771000,15260,8969.71500000,1294217.40501000,0
1750901400000000,144.88000000,146.19000000,144.46000000,145.35000000,51428.98400000,1750902299999999,7482575.18390000,45496,29516.35800000,4294569.62939000,0
1750902300000000,145.35000000,145.56000000,145.07000000,145.30000000,10851.95700000,1750903199999999,1576609.75013000,18261,4820.41100000,700316.25676000,0
1750903200000000,145.31000000,146.30000000,145.31000000,145.90000000,24878.25800000,1750904099999999,3630085.87544000,23914,12690.99300000,1851416.64423000,0
1750904100000000,145.89000000,146.00000000,145.52000000,145.52000000,19337.00400000,1750904999999999,2819245.38133000,13020,7583.60600000,1105615.71760000,0
1750905000000000,145.53000000,145.58000000,145.17000000,145.27000000,11491.95100000,1750905899999999,1670292.73089000,10739,6655.18100000,967306.25664000,0
1750905900000000,145.28000000,146.48000000,144.95000000,146.23000000,51467.97600000,1750906799999999,7513976.29395000,27976,31020.50000000,4527773.80259000,0
1750906800000000,146.23000000,148.00000000,146.22000000,146.82000000,90665.17100000,1750907699999999,13343004.55359000,48346,50896.98200000,7491521.22303000,0
1750907700000000,146.81000000,147.26000000,146.33000000,146.35000000,30263.93300000,1750908599999999,4441345.69453000,21843,13770.92800000,2021020.80615000,0
1750908600000000,146.36000000,146.63000000,145.93000000,146.03000000,18487.75800000,1750909499999999,2703123.04279000,17844,9190.24400000,1343820.05316000,0
1750909500000000,146.02000000,146.29000000,145.68000000,145.90000000,13171.17100000,1750910399999999,1922745.84903000,12847,5211.23500000,760724.44328000,0
1750910400000000,145.91000000,146.07000000,145.53000000,145.60000000,11682.11900000,1750911299999999,1702563.88388000,12585,7112.65300000,1036521.11306000,0
1750911300000000,145.61000000,145.70000000,145.26000000,145.39000000,13900.29800000,1750912199999999,2021351.79348000,10259,6881.21700000,1000725.46777000,0
1750912200000000,145.39000000,145.86000000,145.18000000,145.31000000,14649.72300000,1750913099999999,2130614.54971000,14061,7522.62900000,1094233.96156000,0
1750913100000000,145.32000000,145.49000000,144.97000000,145.44000000,18584.93500000,1750913999999999,2697841.83546000,12170,8225.62100000,1194379.66078000,0
1750914000000000,145.44000000,145.72000000,145.11000000,145.45000000,14299.24400000,1750914899999999,2078485.61280000,11263,9941.01300000,1444911.27489000,0
1750914900000000,145.46000000,145.46000000,144.59000000,144.78000000,57775.59600000,1750915799999999,8367750.66848000,15321,26214.53800000,3796112.21375000,0
1750915800000000,144.78000000,144.93000000,144.16000000,144.25000000,30537.65400000,1750916699999999,4411889.36495000,17638,17653.62400000,2550328.76536000,0
1750916700000000,144.24000000,144.52000000,144.02000000,144.49000000,25393.41400000,1750917599999999,3665244.17723000,10670,13308.14700000,1920916.46129000,0
1750917600000000,144.49000000,144.96000000,144.20000000,144.82000000,25153.47600000,1750918499999999,3636887.59021000,14577,12012.60300000,1737234.95577000,0
1750918500000000,144.81000000,145.02000000,144.50000000,144.81000000,8240.06000000,1750919399999999,1192693.51296000,9610,4574.04100000,662081.14364000,0
1750919400000000,144.81000000,145.16000000,144.74000000,144.92000000,13197.62700000,1750920299999999,1912539.82599000,11561,6532.92700000,946859.99428000,0
1750920300000000,144.93000000,145.05000000,144.52000000,144.86000000,10947.04200000,1750921199999999,1584622.06828000,9506,5824.03800000,843064.07886000,0
1750921200000000,144.85000000,145.24000000,144.73000000,145.18000000,20862.08600000,1750922099999999,3024727.89947000,16819,8902.94400000,1291030.34045000,0
1750922100000000,145.18000000,145.82000000,145.10000000,145.50000000,20704.76300000,1750922999999999,3012657.94816000,16584,13413.88300000,1951630.89185000,0
1750923000000000,145.49000000,145.86000000,145.41000000,145.74000000,11789.92100000,1750923899999999,1717229.40267000,12292,7511.95400000,1094140.48133000,0
1750923900000000,145.74000000,145.93000000,145.14000000,145.15000000,15498.50600000,1750924799999999,2254853.65457000,11968,7200.48300000,1047784.66168000,0
1750924800000000,145.16000000,145.73000000,145.15000000,145.73000000,10686.39300000,1750925699999999,1553237.96204000,9186,7569.32600000,1100302.37934000,0
1750925700000000,145.73000000,145.81000000,145.24000000,145.30000000,14587.86000000,1750926599999999,2122750.80585000,14075,6906.25300000,1004928.67961000,0
1750926600000000,145.31000000,145.34000000,144.87000000,144.90000000,14776.82000000,1750927499999999,2144124.35971000,11876,6638.90400000,963296.00911000,0
1750927500000000,144.91000000,144.94000000,144.69000000,144.87000000,12333.28100000,1750928399999999,1786333.60130000,8946,3866.01600000,559954.61592000,0
1750928400000000,144.88000000,145.16000000,143.99000000,144.14000000,35658.53000000,1750929299999999,5153495.09293000,21790,13042.70800000,1885468.76543000,0
1750929300000000,144.14000000,144.49000000,143.95000000,144.03000000,27308.49800000,1750930199999999,3938166.63631000,15428,11753.08800000,1694943.12490000,0
1750930200000000,144.04000000,144.12000000,143.64000000,143.99000000,38754.35500000,1750931099999999,5574500.53214000,13053,18583.68900000,2672824.33120000,0
1750931100000000,144.00000000,144.03000000,143.72000000,143.83000000,11436.95100000,1750931999999999,1645398.23159000,11077,3969.28900000,571073.71840000,0
1750932000000000,143.82000000,144.21000000,143.45000000,144.04000000,19383.16400000,1750932899999999,2787018.68910000,13096,9096.88600000,1308534.38512000,0
1750932900000000,144.04000000,144.13000000,143.79000000,143.93000000,10199.63900000,1750933799999999,1468047.83727000,8670,4026.68500000,579561.24527000,0
1750933800000000,143.93000000,143.97000000,143.43000000,143.55000000,15840.77800000,1750934699999999,2274461.75051000,8493,5111.05200000,734135.01481000,0
1750934700000000,143.56000000,143.67000000,143.20000000,143.53000000,30191.66900000,1750935599999999,4329976.52650000,12224,10484.24400000,1504230.24101000,0
1750935600000000,143.53000000,143.76000000,143.46000000,143.58000000,16298.20200000,1750936499999999,2340358.30724000,9364,6650.04200000,954882.56755000,0
1750936500000000,143.58000000,143.61000000,143.20000000,143.39000000,24927.04200000,1750937399999999,3571983.13703000,10623,7545.83900000,1081634.81041000,0
1750937400000000,143.40000000,143.66000000,143.39000000,143.48000000,14744.75300000,1750938299999999,2116474.24020000,8868,6499.28100000,932827.44594000,0
1750938300000000,143.47000000,143.97000000,143.41000000,143.65000000,13453.28100000,1750939199999999,1933697.58519000,10872,8010.50600000,1151337.79371000,0
1750939200000000,143.65000000,143.96000000,143.36000000,143.49000000,22168.00800000,1750940099999999,3183940.41629000,13120,10007.14300000,1437121.85344000,0
1750940100000000,143.49000000,143.69000000,142.94000000,143.36000000,49592.25900000,1750940999999999,7102423.02582000,16961,11592.67500000,1661131.47886000,0
1750941000000000,143.35000000,143.71000000,143.11000000,143.59000000,16534.21000000,1750941899999999,2371759.00478000,14169,8898.68700000,1276482.50913000,0
1750941900000000,143.60000000,143.63000000,142.78000000,143.01000000,27883.32800000,1750942799999999,3990102.72733000,19136,10020.35600000,1433538.22792000,0
1750942800000000,143.01000000,143.26000000,142.57000000,142.72000000,25154.09600000,1750943699999999,3594318.57207000,21116,10119.70700000,1446335.25370000,0
1750943700000000,142.72000000,142.99000000,142.52000000,142.81000000,32059.68800000,1750944599999999,4576951.83356000,21178,12224.36800000,1745092.32173000,0
1750944600000000,142.82000000,143.23000000,142.36000000,143.05000000,39967.86000000,1750945499999999,5705320.14786000,42459,19769.80500000,2821872.80726000,0
1750945500000000,143.06000000,143.20000000,141.41000000,141.84000000,82246.86600000,1750946399999999,11673231.29140000,46839,34094.85400000,4837367.77251000,0
1750946400000000,141.83000000,142.49000000,141.51000000,142.12000000,34568.23500000,1750947299999999,4908108.14757000,25409,19983.76900000,2837608.06300000,0
1750947300000000,142.12000000,142.81000000,141.96000000,142.69000000,36374.45500000,1750948199999999,5182761.17054000,20082,21409.03700000,3050530.19808000,0
1750948200000000,142.68000000,143.56000000,142.63000000,143.36000000,37709.86900000,1750949099999999,5399291.99196000,22829,22454.67900000,3214895.51769000,0
1750949100000000,143.36000000,143.77000000,142.90000000,143.12000000,25658.08600000,1750949999999999,3676328.43584000,21751,12559.23000000,1799860.89351000,0
1750950000000000,143.13000000,143.58000000,143.05000000,143.16000000,19012.90300000,1750950899999999,2724514.54986000,15902,9721.42000000,1393295.85353000,0
1750950900000000,143.16000000,143.54000000,142.14000000,142.24000000,25056.22600000,1750951799999999,3582276.95071000,21559,8239.02200000,1178801.76087000,0
1750951800000000,142.24000000,142.71000000,141.53000000,142.41000000,66931.98300000,1750952699999999,9515954.42777000,30971,37959.13300000,5399558.35571000,0
1750952700000000,142.41000000,143.08000000,142.40000000,143.00000000,28582.44800000,1750953599999999,4081205.64909000,20390,17023.80300000,2430875.47846000,0
1750953600000000,143.00000000,143.24000000,142.32000000,142.52000000,25051.71900000,1750954499999999,3575299.90942000,12718,13160.63200000,1878930.94743000,0
1750954500000000,142.52000000,142.75000000,142.14000000,142.63000000,16097.29700000,1750955399999999,2292807.78554000,13325,7854.14400000,1118820.36681000,0
1750955400000000,142.63000000,142.84000000,142.38000000,142.58000000,13181.04300000,1750956299999999,1879677.57744000,11300,8258.60200000,1177704.15957000,0
1750956300000000,142.59000000,142.60000000,142.11000000,142.32000000,16119.73200000,1750957199999999,2294539.50481000,12613,7025.96900000,1000082.49460000,0
1750957200000000,142.32000000,143.07000000,141.83000000,141.87000000,24508.20300000,1750958099999999,3490833.95912000,21261,10377.14400000,1478955.69032000,0
1750958100000000,141.88000000,142.34000000,141.82000000,142.23000000,21788.56400000,1750958999999999,3095713.01782000,16991,12461.08600000,1770435.44696000,0
1750959000000000,142.23000000,142.30000000,142.00000000,142.22000000,20432.89300000,1750959899999999,2904709.07006000,12671,10296.85000000,1463780.94077000,0
1750959900000000,142.21000000,142.46000000,141.56000000,141.71000000,41921.99100000,1750960799999999,5952249.41986000,15105,10692.46100000,1518682.55653000,0
1750960800000000,141.72000000,142.50000000,141.44000000,142.33000000,24738.47700000,1750961699999999,3513647.37096000,19217,15720.09500000,2233092.62740000,0
1750961700000000,142.34000000,142.45000000,141.43000000,141.70000000,22583.79900000,1750962599999999,3204355.06578000,14187,11760.55600000,1668526.45114000,0
1750962600000000,141.71000000,141.79000000,140.89000000,141.52000000,36229.61400000,1750963499999999,5116572.02673000,19997,17364.93200000,2452779.47104000,0
1750963500000000,141.51000000,141.66000000,141.15000000,141.52000000,20545.71900000,1750964399999999,2905788.15947000,10110,12185.15000000,1723379.96345000,0
1750964400000000,141.52000000,141.93000000,141.20000000,141.62000000,17596.55600000,1750965299999999,2490403.65841000,15014,10121.98800000,1432816.19342000,0
1750965300000000,141.63000000,142.26000000,141.58000000,141.88000000,17517.91800000,1750966199999999,2487799.72832000,14577,10232.27700000,1453069.29625000,0
1750966200000000,141.88000000,142.51000000,141.86000000,142.48000000,20447.48000000,1750967099999999,2907594.02209000,14392,14168.98800000,2014865.20944000,0
1750967100000000,142.48000000,142.64000000,142.20000000,142.29000000,20461.78100000,1750967999999999,2914714.13284000,19382,12679.04500000,1806325.64373000,0
1750968000000000,142.28000000,142.79000000,142.01000000,142.59000000,18339.57500000,1750968899999999,2613902.38656000,11549,11076.06900000,1578558.22458000,0
1750968900000000,142.59000000,142.74000000,142.33000000,142.58000000,15182.21400000,1750969799999999,2163998.23172000,11356,10051.42200000,1432696.47676000,0
1750969800000000,142.57000000,143.96000000,142.55000000,143.89000000,41540.53300000,1750970699999999,5953598.85727000,21782,31044.80300000,4447577.30653000,0
1750970700000000,143.89000000,143.96000000,142.68000000,142.97000000,61320.56300000,1750971599999999,8776412.53050000,23071,30135.95900000,4314125.04919000,0
1750971600000000,142.98000000,143.31000000,141.42000000,141.53000000,39866.67000000,1750972499999999,5679885.42920000,24344,21473.02600000,3060871.63891000,0
1750972500000000,141.53000000,141.77000000,140.61000000,141.30000000,48551.04200000,1750973399999999,6852567.69294000,18944,20922.02300000,2954103.06192000,0
1750973400000000,141.29000000,141.40000000,139.32000000,140.14000000,80447.17200000,1750974299999999,11272189.90405000,36541,31047.00800000,4351261.34815000,0
1750974300000000,140.13000000,140.64000000,139.86000000,140.43000000,41570.31000000,1750975199999999,5833040.76207000,18758,22052.62400000,3094814.61504000,0
1750975200000000,140.42000000,140.90000000,139.90000000,139.92000000,32967.07200000,1750976099999999,4627098.09033000,21946,18942.62500000,2658990.54267000,0
1750976100000000,139.92000000,140.28000000,139.55000000,140.00000000,31103.93900000,1750976999999999,4350479.08163000,14788,18201.61200000,2545923.58465000,0
1750977000000000,140.01000000,140.03000000,139.11000000,139.29000000,37348.93600000,1750977899999999,5211695.00985000,16117,17768.87600000,2480756.80964000,0
1750977900000000,139.29000000,139.60000000,138.93000000,139.03000000,33293.81800000,1750978799999999,4633941.82334000,16167,15251.26100000,2123870.84054000,0
1750978800000000,139.03000000,139.24000000,138.62000000,138.66000000,33283.38100000,1750979699999999,4621915.63349000,20654,15974.69800000,2219183.00501000,0
1750979700000000,138.66000000,139.34000000,138.66000000,139.14000000,21967.54100000,1750980599999999,3053824.08803000,11448,13931.24200000,1936575.41047000,0
1750980600000000,139.14000000,139.19000000,138.79000000,138.97000000,20230.44000000,1750981499999999,2812016.07196000,12119,13349.43400000,1855654.34334000,0
1750981500000000,138.97000000,139.19000000,138.76000000,139.06000000,21858.55600000,1750982399999999,3036594.00095000,12892,14236.45600000,1977854.27120000,0
1750982400000000,139.05000000,139.31000000,138.91000000,139.02000000,21028.92300000,1750983299999999,2925996.86969000,11038,13164.24700000,1831594.27341000,0
1750983300000000,139.02000000,139.31000000,138.90000000,139.10000000,20018.35700000,1750984199999999,2784689.54219000,10493,12554.01500000,1746591.63895000,0
1750984200000000,139.10000000,139.17000000,138.27000000,138.39000000,52004.75700000,1750985099999999,7221323.11326000,16157,28376.59100000,3940354.27524000,0
1750985100000000,138.38000000,138.52000000,137.84000000,137.85000000,94733.53900000,1750985999999999,13080051.76811000,23304,50804.54200000,7014105.14243000,0
1750986000000000,137.85000000,139.05000000,137.14000000,138.87000000,87992.26700000,1750986899999999,12141698.96698000,36547,49815.20300000,6876795.20307000,0
1750986900000000,138.87000000,139.55000000,138.56000000,139.26000000,55699.21700000,1750987799999999,7736095.46069000,26310,26572.11800000,3691758.58843000,0
1750987800000000,139.26000000,139.83000000,139.03000000,139.72000000,21906.17900000,1750988699999999,3054933.54718000,11866,12961.33300000,1807208.87153000,0
1750988700000000,139.72000000,139.87000000,139.42000000,139.44000000,19174.97300000,1750989599999999,2677111.47860000,9792,10713.44800000,1495784.93640000,0
1750989600000000,139.44000000,139.98000000,139.24000000,139.98000000,13473.78100000,1750990499999999,1882156.63806000,11006,9173.93000000,1281900.96953000,0
1750990500000000,139.98000000,140.22000000,139.93000000,140.08000000,15152.88000000,1750991399999999,2122446.01637000,13735,7573.52100000,1060849.16210000,0
1750991400000000,140.09000000,140.63000000,140.02000000,140.51000000,20490.61300000,1750992299999999,2876521.15185000,13596,11921.79800000,1673915.48075000,0
1750992300000000,140.51000000,141.03000000,140.45000000,140.89000000,14211.67000000,1750993199999999,2001390.73035000,13118,8468.04200000,1192644.36085000,0
1750993200000000,140.89000000,141.28000000,140.72000000,140.74000000,16973.96400000,1750994099999999,2393982.35029000,14693,8588.05600000,1211463.17404000,0
1750994100000000,140.75000000,141.42000000,140.75000000,141.41000000,10581.53300000,1750994999999999,1493477.32480000,9078,5790.27400000,817191.75234000,0
1750995000000000,141.42000000,141.58000000,141.26000000,141.45000000,14513.63000000,1750995899999999,2052510.46548000,10127,8340.66100000,1179552.93037000,0
1750995900000000,141.45000000,141.53000000,141.31000000,141.36000000,8519.86000000,1750996799999999,1204871.65230000,7800,3602.92200000,509534.51944000,0
1750996800000000,141.37000000,141.37000000,140.88000000,141.12000000,16227.58100000,1750997699999999,2289729.64415000,9117,8267.19800000,1166294.28677000,0
1750997700000000,141.11000000,141.44000000,140.86000000,141.04000000,12065.75500000,1750998599999999,1702338.81704000,6190,4493.84200000,634003.63664000,0
1750998600000000,141.05000000,141.48000000,141.05000000,141.36000000,7054.74100000,1750999499999999,996845.70358000,7010,3494.04400000,493593.65083000,0
1750999500000000,141.36000000,141.56000000,141.30000000,141.34000000,7564.49600000,1751000399999999,1070012.43958000,7260,3658.58200000,517514.36842000,0
1751000400000000,141.33000000,142.13000000,141.21000000,141.60000000,12680.63300000,1751001299999999,1796380.98281000,12219,7963.40900000,1128330.45912000,0
1751001300000000,141.60000000,141.64000000,140.89000000,140.93000000,11489.52500000,1751002199999999,1621429.01098000,10105,3544.84700000,500321.78399000,0
1751002200000000,140.92000000,141.06000000,140.61000000,140.69000000,16556.53800000,1751003099999999,2331216.65873000,9898,7756.05300000,1092185.65537000,0
1751003100000000,140.69000000,140.89000000,140.51000000,140.63000000,14593.46500000,1751003999999999,2053252.02068000,8522,3162.83000000,445153.72848000,0
1751004000000000,140.63000000,140.82000000,140.32000000,140.80000000,23793.54400000,1751004899999999,3343738.38858000,10942,7212.70100000,1013419.95895000,0
1751004900000000,140.80000000,141.09000000,140.60000000,140.80000000,13197.29100000,1751005799999999,1858918.58573000,10813,4835.99600000,681186.69266000,0
1751005800000000,140.80000000,141.31000000,140.64000000,141.23000000,7645.90700000,1751006699999999,1078824.44048000,8073,4320.85500000,609616.24307000,0
1751006700000000,141.24000000,141.40000000,141.00000000,141.27000000,14133.05400000,1751007599999999,1995554.65755000,11515,8570.77900000,1210116.23884000,0
1751007600000000,141.27000000,141.80000000,141.19000000,141.78000000,15516.96500000,1751008499999999,2194793.72645000,11913,6040.66000000,854471.48697000,0
1751008500000000,141.79000000,142.22000000,141.38000000,141.48000000,18250.17900000,1751009399999999,2589109.75306000,13428,8654.57100000,1227946.01632000,0
1751009400000000,141.49000000,141.52000000,140.57000000,140.64000000,38757.55600000,1751010299999999,5464957.93574000,17897,13702.90600000,1931493.16459000,0
1751010300000000,140.64000000,140.78000000,140.18000000,140.33000000,42872.46000000,1751011199999999,6019803.40867000,16320,15282.32100000,2145428.84406000,0
1751011200000000,140.33000000,140.88000000,140.32000000,140.83000000,35222.00600000,1751012099999999,4952169.51733000,17826,11428.64000000,1606690.91051000,0
1751012100000000,140.82000000,141.42000000,140.69000000,141.03000000,29726.38100000,1751012999999999,4192890.29675000,15208,14356.42200000,2025541.59153000,0
1751013000000000,141.03000000,141.83000000,141.02000000,141.76000000,19536.24700000,1751013899999999,2765212.43313000,13549,7956.02900000,1125861.37376000,0
1751013900000000,141.76000000,142.80000000,141.76000000,142.23000000,59294.24900000,1751014799999999,8444730.24800000,26369,34548.41400000,4920790.87722000,0
1751014800000000,142.23000000,142.31000000,141.57000000,141.83000000,23959.17500000,1751015699999999,3401241.45373000,13235,10031.42100000,1424133.09047000,0
1751015700000000,141.82000000,142.30000000,141.63000000,141.75000000,18587.07400000,1751016599999999,2639997.29192000,11603,6508.78300000,924443.88177000,0
1751016600000000,141.75000000,142.24000000,141.75000000,142.00000000,20657.94500000,1751017499999999,2933378.32772000,12853,9347.17600000,1327230.37332000,0
1751017500000000,142.00000000,142.25000000,141.82000000,142.10000000,21442.80700000,1751018399999999,3045729.72406000,13239,9856.02200000,1399885.97600000,0
1751018400000000,142.10000000,142.18000000,141.63000000,141.69000000,15846.46300000,1751019299999999,2249002.03550000,14547,6183.24000000,877480.04619000,0
1751019300000000,141.69000000,141.93000000,141.53000000,141.88000000,16030.70700000,1751020199999999,2271469.91339000,10797,6081.73300000,861658.01323000,0
1751020200000000,141.88000000,142.13000000,141.78000000,142.01000000,10295.91400000,1751021099999999,1461709.22786000,8224,4219.35400000,598921.90399000,0
1751021100000000,142.01000000,142.25000000,141.88000000,141.89000000,13778.85800000,1751021999999999,1957519.30921000,9347,6252.55100000,888272.19203000,0
1751022000000000,141.90000000,142.25000000,141.88000000,142.13000000,11160.57700000,1751022899999999,1585794.02483000,9300,3711.85400000,527370.37675000,0
1751022900000000,142.14000000,142.34000000,141.60000000,141.64000000,14196.35800000,1751023799999999,2015333.90980000,10824,5628.48100000,799580.87130000,0
1751023800000000,141.64000000,142.05000000,141.64000000,142.04000000,10920.77800000,1751024699999999,1549894.03898000,6711,4615.28200000,654888.47194000,0
1751024700000000,142.04000000,142.20000000,141.86000000,142.15000000,12051.15400000,1751025599999999,1711758.19292000,8466,3772.56500000,535809.00905000,0
1751025600000000,142.15000000,142.33000000,142.01000000,142.31000000,12670.80800000,1751026499999999,1801674.31569000,9263,5658.23900000,804578.53286000,0
1751026500000000,142.31000000,142.80000000,142.21000000,142.55000000,25412.53600000,1751027399999999,3624439.40786000,14210,12355.90100000,1762559.00133000,0
1751027400000000,142.55000000,142.61000000,141.59000000,141.74000000,37932.43200000,1751028299999999,5387161.53692000,27095,11168.03600000,1585854.98232000,0
1751028300000000,141.74000000,141.97000000,141.15000000,141.34000000,24264.21400000,1751029199999999,3434271.38731000,20099,9681.19700000,1370463.48449000,0
1751029200000000,141.35000000,142.25000000,141.16000000,142.18000000,20485.08500000,1751030099999999,2902646.99034000,15124,11058.25200000,1566956.24929000,0
1751030100000000,142.17000000,142.30000000,141.66000000,141.74000000,13894.68900000,1751030999999999,1973298.77711000,12718,5008.80400000,711301.62867000,0
1751031000000000,141.73000000,142.60000000,141.62000000,142.20000000,23940.43200000,1751031899999999,3403695.42833000,22751,12959.10400000,1842535.36106000,0
1751031900000000,142.20000000,142.97000000,141.43000000,142.75000000,30245.39300000,1751032799999999,4298669.83444000,25641,14148.38100000,2012156.67603000,0
1751032800000000,142.76000000,143.49000000,142.37000000,142.39000000,71502.14500000,1751033699999999,10232997.29944000,35307,44495.70000000,6369340.33165000,0
1751033700000000,142.38000000,142.56000000,141.76000000,141.89000000,26225.91800000,1751034599999999,3726255.20552000,27053,11401.19900000,1619560.10686000,0
1751034600000000,141.90000000,142.25000000,141.32000000,142.04000000,30612.06600000,1751035499999999,4340463.94626000,23613,14312.16000000,2029595.27775000,0
1751035500000000,142.05000000,142.39000000,141.62000000,141.88000000,22932.41400000,1751036399999999,3255834.37830000,15808,8721.50800000,1238385.58320000,0
1751036400000000,141.87000000,142.32000000,141.60000000,142.20000000,21044.34200000,1751037299999999,2987237.24895000,16913,8254.92800000,1171669.52807000,0
1751037300000000,142.21000000,142.70000000,141.90000000,142.61000000,22420.67900000,1751038199999999,3190882.56502000,13718,9466.48300000,1347506.76365000,0
1751038200000000,142.61000000,143.41000000,142.44000000,143.33000000,31334.92700000,1751039099999999,4479120.65161000,22168,16392.25800000,2343997.86956000,0
1751039100000000,143.34000000,143.85000000,142.90000000,143.47000000,41416.61500000,1751039999999999,5939562.10811000,27478,18387.10700000,2636919.28422000,0
1751040000000000,143.47000000,143.76000000,143.10000000,143.16000000,27284.40700000,1751040899999999,3913407.94402000,24448,12279.40400000,1761490.92253000,0
1751040900000000,143.16000000,143.88000000,143.08000000,143.53000000,58207.02800000,1751041799999999,8352414.03701000,26685,36773.25600000,5277131.54981000,0
1751041800000000,143.52000000,144.85000000,143.49000000,143.84000000,108516.03900000,1751042699999999,15650022.55114000,37409,74629.38900000,10761985.58947000,0
1751042700000000,143.85000000,144.16000000,143.66000000,143.73000000,23272.35400000,1751043599999999,3349221.81987000,21281,9893.78400000,1423866.37972000,0
1751043600000000,143.73000000,143.86000000,142.72000000,142.75000000,26851.89300000,1751044499999999,3844543.99466000,19502,6771.56700000,969066.39641000,0
1751044500000000,142.76000000,143.08000000,142.25000000,142.34000000,23489.98900000,1751045399999999,3352142.72227000,17822,10299.69900000,1469936.20662000,0
1751045400000000,142.34000000,142.39000000,141.51000000,141.54000000,28083.95400000,1751046299999999,3987923.28686000,21487,9592.75700000,1362673.23031000,0
1751046300000000,141.55000000,141.68000000,140.81000000,141.57000000,70224.76700000,1751047199999999,9929818.22984000,32728,17968.07300000,2539876.76293000,0
1751047200000000,141.57000000,141.76000000,141.29000000,141.40000000,17401.52000000,1751048099999999,2462209.64625000,15588,6742.94700000,954258.63309000,0
1751048100000000,141.40000000,141.56000000,140.80000000,140.89000000,23854.73100000,1751048999999999,3367312.54337000,16624,9210.83400000,1300521.55267000,0
1751049000000000,140.89000000,141.22000000,140.35000000,140.53000000,23336.94000000,1751049899999999,3284361.00562000,20574,9965.91400000,1402369.03562000,0
1751049900000000,140.52000000,140.83000000,140.12000000,140.64000000,17720.66400000,1751050799999999,2490120.05113000,22779,6673.55000000,937997.48048000,0
1751050800000000,140.64000000,141.49000000,140.51000000,141.17000000,18474.60500000,1751051699999999,2607644.85814000,18642,10860.04800000,1533436.08972000,0
1751051700000000,141.18000000,141.41000000,140.88000000,141.05000000,16235.52800000,1751052599999999,2291315.74075000,9893,8784.49700000,1239674.89618000,0
1751052600000000,141.05000000,141.42000000,140.75000000,141.36000000,15744.19300000,1751053499999999,2221397.34369000,11368,10227.05500000,1442822.00023000,0
1751053500000000,141.35000000,142.07000000,141.31000000,141.78000000,27265.04200000,1751054399999999,3864696.12325000,18351,17191.67600000,2437103.92706000,0
1751054400000000,141.77000000,142.65000000,141.63000000,142.21000000,24212.38900000,1751055299999999,3442611.14211000,15828,15340.85600000,2181334.04077000,0
1751055300000000,142.21000000,142.46000000,142.06000000,142.25000000,13557.01400000,1751056199999999,1928289.88304000,11883,6533.69000000,929254.43385000,0
1751056200000000,142.25000000,142.63000000,142.20000000,142.51000000,10531.66300000,1751057099999999,1499810.34267000,9977,4519.54300000,643604.95222000,0
1751057100000000,142.52000000,142.89000000,142.46000000,142.87000000,15081.15000000,1751057999999999,2152197.39555000,10628,7670.11300000,1094570.43959000,0
1751058000000000,142.86000000,142.90000000,142.58000000,142.76000000,30235.98400000,1751058899999999,4315592.33558000,12642,15134.65800000,2160101.54349000,0
1751058900000000,142.75000000,143.23000000,142.36000000,143.17000000,52680.19400000,1751059799999999,7524017.72640000,14455,29790.12300000,4255610.96562000,0
1751059800000000,143.16000000,143.36000000,142.57000000,142.69000000,46032.61100000,1751060699999999,6579767.98043000,12500,22165.68600000,3167897.05278000,0
1751060700000000,142.68000000,143.32000000,142.54000000,142.59000000,34977.34400000,1751061599999999,5000055.15342000,10765,21607.08200000,3088583.36360000,0
1751061600000000,142.59000000,142.92000000,142.59000000,142.72000000,19195.79900000,1751062499999999,2741571.97569000,7234,12574.56500000,1795852.42002000,0
1751062500000000,142.72000000,143.03000000,142.67000000,142.88000000,19860.41400000,1751063399999999,2836607.43834000,6741,16645.14300000,2377194.54159000,0
1751063400000000,142.88000000,142.94000000,142.60000000,142.70000000,27583.40100000,1751064299999999,3938408.91519000,11453,20351.06800000,2905854.98768000,0
1751064300000000,142.70000000,142.82000000,142.61000000,142.64000000,18653.87900000,1751065199999999,2661904.91862000,6609,12355.89400000,1763218.37411000,0
1751065200000000,142.64000000,142.66000000,142.35000000,142.42000000,24128.28800000,1751066099999999,3438669.14003000,8197,15543.46500000,2215243.45298000,0
1751066100000000,142.42000000,142.42000000,141.87000000,141.95000000,26282.30600000,1751066999999999,3736759.39702000,9637,15629.33300000,2222674.64828000,0
1751067000000000,141.96000000,142.20000000,141.91000000,142.03000000,16203.79200000,1751067899999999,2302064.63676000,8449,11887.21900000,1688791.65212000,0
1751067900000000,142.03000000,142.19000000,141.97000000,142.09000000,18750.04700000,1751068799999999,2664421.51020000,7917,12280.65700000,1745002.61942000,0
1751068800000000,142.09000000,142.10000000,141.46000000,141.48000000,24862.59600000,1751069699999999,3524046.44499000,10982,14988.40600000,2124477.90310000,0
1751069700000000,141.49000000,142.11000000,141.49000000,142.10000000,32296.46800000,1751070599999999,4581478.54039000,10729,24697.30900000,3503081.19275000,0
1751070600000000,142.10000000,142.48000000,141.95000000,142.03000000,25359.38300000,1751071499999999,3604768.32297000,11523,16343.22500000,2322738.25335000,0
1751071500000000,142.02000000,142.30000000,141.75000000,141.76000000,21609.90100000,1751072399999999,3069280.99145000,10166,14899.93400000,2116187.05096000,0
1751072400000000,141.76000000,141.98000000,141.61000000,141.64000000,15931.13800000,1751073299999999,2258539.22816000,8738,10724.42500000,1520384.10618000,0
1751073300000000,141.63000000,141.67000000,141.15000000,141.48000000,21806.63600000,1751074199999999,3083746.41712000,9940,14500.05700000,2050295.46260000,0
1751074200000000,141.48000000,142.02000000,141.13000000,141.96000000,26530.17700000,1751075099999999,3754788.99073000,11536,14502.62600000,2052421.80216000,0
1751075100000000,141.96000000,142.66000000,141.94000000,142.58000000,33613.98400000,1751075999999999,4782240.14230000,13547,21539.15800000,3064455.36869000,0
1751076000000000,142.58000000,143.16000000,142.52000000,142.69000000,21325.79800000,1751076899999999,3046660.77035000,17049,13945.52700000,1992434.45056000,0
1751076900000000,142.69000000,143.35000000,142.68000000,143.22000000,23484.20500000,1751077799999999,3362194.70126000,10693,18718.99900000,2680299.50661000,0
1751077800000000,143.23000000,143.42000000,143.11000000,143.36000000,13057.31400000,1751078699999999,1870252.04689000,10188,6829.03700000,978183.58539000,0
1751078700000000,143.37000000,143.37000000,142.99000000,143.01000000,8414.02200000,1751079599999999,1204040.73411000,8182,3629.62200000,519414.80154000,0
1751079600000000,143.02000000,143.13000000,142.85000000,142.95000000,6284.41100000,1751080499999999,898522.32113000,6456,3312.69400000,473634.76912000,0
1751080500000000,142.96000000,143.53000000,142.95000000,143.23000000,7659.19300000,1751081399999999,1097444.20020000,7504,3940.50000000,564570.55878000,0
1751081400000000,143.24000000,143.37000000,143.17000000,143.37000000,4101.71300000,1751082299999999,587721.60468000,3715,2267.21800000,324881.81706000,0
1751082300000000,143.37000000,143.55000000,143.27000000,143.40000000,9154.54900000,1751083199999999,1313099.97655000,6265,5572.16600000,799325.14351000,0
1751083200000000,143.39000000,143.45000000,143.10000000,143.19000000,7231.27300000,1751084099999999,1035808.02752000,5721,2932.16700000,420014.94301000,0
1751084100000000,143.19000000,143.34000000,143.08000000,143.31000000,2993.84200000,1751084999999999,428727.35948000,3539,1344.61300000,192549.37190000,0
1751085000000000,143.31000000,143.37000000,143.20000000,143.36000000,5634.76800000,1751085899999999,807462.26261000,3825,2273.41100000,325778.22211000,0
1751085900000000,143.36000000,143.39000000,143.17000000,143.23000000,7129.29000000,1751086799999999,1021600.04680000,3659,1926.61700000,276114.97036000,0
1751086800000000,143.24000000,143.70000000,143.23000000,143.62000000,46925.91600000,1751087699999999,6731722.63088000,10538,38677.49100000,5547815.32081000,0
1751087700000000,143.62000000,143.73000000,143.44000000,143.48000000,9407.08300000,1751088599999999,1350873.21822000,6838,5210.94300000,748384.55628000,0
1751088600000000,143.48000000,144.01000000,143.48000000,143.90000000,53770.05500000,1751089499999999,7732840.74051000,9472,35324.29000000,5080256.55443000,0
1751089500000000,143.90000000,144.13000000,143.81000000,143.93000000,11941.64000000,1751090399999999,1719031.99675000,8333,6865.79000000,988328.93555000,0
1751090400000000,143.93000000,144.46000000,143.81000000,144.37000000,22257.86000000,1751091299999999,3209711.33609000,11600,13630.26400000,1965189.79654000,0
1751091300000000,144.37000000,144.42000000,144.16000000,144.30000000,10411.48900000,1751092199999999,1502424.28375000,6120,5852.94900000,844658.87431000,0
1751092200000000,144.30000000,144.55000000,144.13000000,144.45000000,12655.49100000,1751093099999999,1826446.09857000,8091,7476.40500000,1079065.77578000,0
1751093100000000,144.46000000,144.84000000,144.37000000,144.82000000,21724.16100000,1751093999999999,3142131.57026000,9100,13906.55500000,2011453.21423000,0
1751094000000000,144.83000000,144.92000000,144.56000000,144.79000000,37864.90800000,1751094899999999,5477499.94600000,10053,19827.18200000,2867941.05131000,0
1751094900000000,144.80000000,145.40000000,144.70000000,145.24000000,34731.79500000,1751095799999999,5038287.26518000,14562,18715.22900000,2715211.19664000,0
1751095800000000,145.24000000,145.74000000,145.24000000,145.63000000,41592.98700000,1751096699999999,6055567.72257000,16712,28336.71200000,4125647.13104000,0
1751096700000000,145.63000000,146.81000000,145.62000000,146.57000000,90789.28400000,1751097599999999,13278099.52578000,29503,52369.77700000,7656545.44023000,0
1751097600000000,146.56000000,147.26000000,146.33000000,146.82000000,105329.07100000,1751098499999999,15468595.91545000,36172,51137.60100000,7508001.25001000,0
1751098500000000,146.83000000,146.91000000,146.26000000,146.54000000,71116.70600000,1751099399999999,10433291.87444000,22604,27627.35200000,4053312.79468000,0
1751099400000000,146.53000000,146.77000000,146.32000000,146.39000000,30334.09800000,1751100299999999,4443516.79854000,13080,11586.31200000,1697693.04926000,0
1751100300000000,146.39000000,146.44000000,146.17000000,146.39000000,33506.96500000,1751101199999999,4902318.60829000,11827,19267.93000000,2818972.77946000,0
1751101200000000,146.39000000,146.50000000,145.82000000,145.86000000,28443.75300000,1751102099999999,4156488.29637000,12460,7114.90200000,1039820.85962000,0
1751102100000000,145.85000000,146.10000000,145.61000000,145.94000000,23529.88200000,1751102999999999,3432486.32892000,11104,9699.91200000,1415046.28632000,0
1751103000000000,145.95000000,147.13000000,145.94000000,146.77000000,50240.48600000,1751103899999999,7367048.21613000,20998,32920.45100000,4828261.43021000,0
1751103900000000,146.77000000,147.57000000,146.74000000,147.20000000,48360.30500000,1751104799999999,7120491.52725000,26274,26114.24200000,3844713.92187000,0
1751104800000000,147.20000000,147.47000000,147.08000000,147.23000000,28160.46400000,1751105699999999,4146879.87666000,13099,10864.81100000,1599747.37333000,0
1751105700000000,147.22000000,147.50000000,147.07000000,147.35000000,26767.61400000,1751106599999999,3943099.35520000,11582,9267.51000000,1365566.78948000,0
1751106600000000,147.36000000,147.46000000,146.96000000,147.00000000,26816.60400000,1751107499999999,3948709.33090000,11423,10153.94100000,1495809.11571000,0
1751107500000000,146.99000000,147.08000000,146.80000000,146.95000000,21799.73400000,1751108399999999,3203830.96703000,8416,9218.89100000,1354958.79839000,0
1751108400000000,146.95000000,147.24000000,146.95000000,147.21000000,31731.74900000,1751109299999999,4667334.57068000,10944,22192.70000000,3264419.17230000,0
1751109300000000,147.20000000,147.62000000,147.11000000,147.37000000,113032.56800000,1751110199999999,16664386.78092000,22694,78335.78200000,11549512.05178000,0
1751110200000000,147.37000000,147.45000000,147.20000000,147.36000000,17395.80200000,1751111099999999,2562999.73351000,8518,6996.92600000,1030884.41859000,0
1751111100000000,147.36000000,147.47000000,147.12000000,147.15000000,16818.11300000,1751111999999999,2477660.07325000,8208,5274.47000000,777078.26497000,0
1751112000000000,147.14000000,147.34000000,147.09000000,147.13000000,14303.11200000,1751112899999999,2105181.17468000,7354,5031.53500000,740608.24240000,0
1751112900000000,147.14000000,147.15000000,146.70000000,146.72000000,16156.84500000,1751113799999999,2372615.20638000,9214,6048.82300000,888222.90934000,0
1751113800000000,146.72000000,146.98000000,146.62000000,146.64000000,11644.33300000,1751114699999999,1709566.26833000,7444,5234.47200000,768627.48195000,0
1751114700000000,146.64000000,146.92000000,146.39000000,146.44000000,20331.39200000,1751115599999999,2980427.93474000,9906,6354.39900000,931534.64315000,0
1751115600000000,146.44000000,146.84000000,146.44000000,146.65000000,12598.85400000,1751116499999999,1848129.93108000,7210,4745.60500000,696131.01561000,0
1751116500000000,146.65000000,146.70000000,146.01000000,146.07000000,31912.02100000,1751117399999999,4668289.36394000,10728,8995.16100000,1314999.33169000,0
1751117400000000,146.07000000,146.30000000,145.87000000,146.27000000,20432.33900000,1751118299999999,2984246.21795000,11258,7986.49100000,1166595.55517000,0
1751118300000000,146.27000000,146.37000000,146.01000000,146.14000000,12030.53700000,1751119199999999,1758186.72414000,6949,5046.66100000,737605.30144000,0
1751119200000000,146.13000000,146.58000000,146.13000000,146.41000000,13809.43000000,1751120099999999,2021251.59252000,6626,5462.87700000,799697.40544000,0
1751120100000000,146.41000000,147.12000000,146.41000000,146.89000000,23496.83400000,1751120999999999,3449883.77866000,11827,14292.64900000,2098908.49021000,0
1751121000000000,146.89000000,147.10000000,146.66000000,146.90000000,20308.56700000,1751121899999999,2983305.29298000,9003,9927.86000000,1458655.34588000,0
1751121900000000,146.90000000,146.97000000,146.67000000,146.84000000,17687.41800000,1751122799999999,2597100.65084000,7768,8654.71500000,1270736.34591000,0
1751122800000000,146.85000000,147.32000000,146.85000000,146.94000000,14118.79600000,1751123699999999,2076510.92895000,10336,7193.14800000,1058010.48865000,0
1751123700000000,146.94000000,147.11000000,146.75000000,146.85000000,21785.17900000,1751124599999999,3200017.67519000,7857,6416.89800000,942553.30224000,0
1751124600000000,146.86000000,147.76000000,146.85000000,147.46000000,20260.84100000,1751125499999999,2984610.64090000,10500,13346.15600000,1966636.25443000,0
1751125500000000,147.46000000,148.67000000,147.09000000,148.17000000,85234.63100000,1751126399999999,12620041.48979000,32467,49913.50700000,7390279.35157000,0
1751126400000000,148.16000000,149.80000000,148.10000000,149.25000000,147618.99700000,1751127299999999,21991301.89302000,59339,77905.37700000,11607462.51700000,0
1751127300000000,149.26000000,149.71000000,148.75000000,149.36000000,80976.47700000,1751128199999999,12085519.12407000,31950,35833.56900000,5348379.03672000,0
1751128200000000,149.36000000,149.79000000,149.04000000,149.39000000,35594.45600000,1751129099999999,5320435.05586000,23119,16014.49600000,2394185.60901000,0
1751129100000000,149.39000000,149.45000000,149.00000000,149.16000000,28757.65400000,1751129999999999,4290205.99432000,13602,12153.92600000,1813024.30844000,0
1751130000000000,149.16000000,149.78000000,149.09000000,149.73000000,27749.86200000,1751130899999999,4148426.82427000,15847,14677.93600000,2194283.05891000,0
1751130900000000,149.73000000,149.99000000,149.39000000,149.64000000,27793.30000000,1751131799999999,4161392.63204000,17363,18238.30200000,2731302.97260000,0
1751131800000000,149.63000000,150.90000000,149.36000000,150.59000000,61470.02100000,1751132699999999,9234874.86605000,34125,38127.83300000,5725980.25769000,0
1751132700000000,150.60000000,152.70000000,150.51000000,152.17000000,116232.58200000,1751133599999999,17645228.98742000,63879,66957.36100000,10159915.71560000,0
1751133600000000,152.16000000,152.29000000,151.04000000,151.19000000,48750.30000000,1751134499999999,7386968.16725000,33196,20366.60900000,3085449.38637000,0
1751134500000000,151.18000000,151.37000000,150.52000000,150.69000000,27787.75200000,1751135399999999,4194490.59403000,21106,13597.41900000,2052455.28938000,0
1751135400000000,150.69000000,150.95000000,150.54000000,150.60000000,18190.27000000,1751136299999999,2741812.37084000,15779,9838.11600000,1482958.23155000,0
1751136300000000,150.60000000,151.32000000,150.38000000,151.30000000,26818.90900000,1751137199999999,4045614.87884000,18457,16879.10100000,2546467.05012000,0
1751137200000000,151.29000000,151.29000000,150.92000000,150.92000000,15885.98700000,1751138099999999,2400287.97770000,11875,7982.09800000,1206044.82117000,0
1751138100000000,150.92000000,151.60000000,150.92000000,151.39000000,38233.51900000,1751138999999999,5787874.18628000,17549,28906.72200000,4375803.64971000,0
1751139000000000,151.38000000,151.38000000,150.92000000,151.06000000,14842.92000000,1751139899999999,2243161.22728000,11754,5962.29400000,900992.73159000,0
1751139900000000,151.07000000,151.26000000,150.66000000,150.67000000,12966.40800000,1751140799999999,1957132.61066000,9192,6534.62400000,986797.85449000,0
1751140800000000,150.67000000,150.94000000,150.35000000,150.38000000,16332.80900000,1751141699999999,2461129.84555000,11769,7835.69800000,1181006.48657000,0
1751141700000000,150.38000000,150.52000000,150.18000000,150.38000000,11990.16400000,1751142599999999,1802679.43751000,11105,5365.80900000,806794.49201000,0
1751142600000000,150.39000000,150.64000000,150.23000000,150.29000000,13165.05300000,1751143499999999,1979773.03916000,9047,8790.70100000,1321916.91121000,0
1751143500000000,150.30000000,150.48000000,150.06000000,150.08000000,13434.12300000,1751144399999999,2018804.34038000,8098,5147.88300000,773667.12919000,0
1751144400000000,150.08000000,150.42000000,150.04000000,150.21000000,11732.69700000,1751145299999999,1762843.88965000,6874,6043.39800000,908046.79392000,0
1751145300000000,150.21000000,150.62000000,150.17000000,150.57000000,10141.39700000,1751146199999999,1525093.16421000,5493,6846.62000000,1029642.21916000,0
1751146200000000,150.57000000,150.86000000,150.44000000,150.52000000,13105.14100000,1751147099999999,1974056.91410000,6537,6755.82000000,1017657.04404000,0
1751147100000000,150.52000000,151.22000000,150.31000000,151.07000000,21421.08500000,1751147999999999,3229709.36440000,12757,13505.25000000,2036905.63241000,0
1751148000000000,151.07000000,151.14000000,150.76000000,150.77000000,12004.16900000,1751148899999999,1811953.42551000,13629,5875.42800000,886807.25720000,0
1751148900000000,150.77000000,151.00000000,150.77000000,150.91000000,7891.57400000,1751149799999999,1190841.40259000,8836,5133.91700000,774713.23165000,0
1751149800000000,150.92000000,151.37000000,150.83000000,151.36000000,9623.94600000,1751150699999999,1453941.92439000,8006,6545.71900000,988908.30692000,0
1751150700000000,151.35000000,151.36000000,150.73000000,150.82000000,8588.49300000,1751151599999999,1297235.60034000,7546,3663.20900000,553112.75557000,0
1751151600000000,150.82000000,151.30000000,150.82000000,151.04000000,13394.60800000,1751152499999999,2022798.24467000,10341,9065.90400000,1368969.32409000,0
1751152500000000,151.03000000,151.22000000,150.74000000,150.79000000,6162.20000000,1751153399999999,930510.87578000,5552,3783.01100000,571332.57270000,0
1751153400000000,150.79000000,150.87000000,150.61000000,150.64000000,8067.79500000,1751154299999999,1216030.72134000,5491,3264.53600000,492012.53566000,0
1751154300000000,150.64000000,150.90000000,150.56000000,150.72000000,9063.64100000,1751155199999999,1366045.52217000,6290,6040.70600000,910369.22966000,0
1751155200000000,150.73000000,150.91000000,150.33000000,150.55000000,15501.36900000,1751156099999999,2334371.00875000,10576,9010.99700000,1356667.15152000,0
1751156100000000,150.55000000,151.08000000,150.27000000,150.87000000,20327.15200000,1751156999999999,3062859.30340000,11834,11935.12900000,1798214.82948000,0
1751157000000000,150.87000000,151.07000000,150.30000000,150.43000000,16145.80100000,1751157899999999,2432457.64314000,10175,9782.07900000,1473600.99701000,0
1751157900000000,150.43000000,150.81000000,150.43000000,150.64000000,21361.31900000,1751158799999999,3217603.24941000,10296,11144.14600000,1678665.17395000,0
1751158800000000,150.64000000,150.64000000,150.30000000,150.43000000,17691.42000000,1751159699999999,2661445.50030000,6696,9823.91200000,1477944.83797000,0
1751159700000000,150.43000000,150.90000000,150.42000000,150.62000000,25608.39200000,1751160599999999,3860581.51241000,7881,18690.34400000,2817628.52558000,0
1751160600000000,150.62000000,150.80000000,150.38000000,150.38000000,17203.97700000,1751161499999999,2591354.53938000,8815,12080.91100000,1819745.41906000,0
1751161500000000,150.39000000,150.50000000,150.21000000,150.24000000,16565.59100000,1751162399999999,2489945.28726000,6401,9734.40900000,1463225.62398000,0
1751162400000000,150.25000000,150.32000000,149.59000000,149.74000000,36726.76500000,1751163299999999,5504801.15947000,17020,16531.54400000,2477901.81725000,0
1751163300000000,149.75000000,149.75000000,149.47000000,149.53000000,25010.69100000,1751164199999999,3740922.40734000,11917,12928.53000000,1933692.92059000,0
1751164200000000,149.52000000,150.02000000,149.42000000,149.86000000,27424.93700000,1751165099999999,4106291.59423000,10888,19077.30800000,2857192.49359000,0
1751165100000000,149.86000000,149.93000000,149.69000000,149.88000000,28591.59200000,1751165999999999,4283172.78499000,8523,13432.19200000,2012469.91415000,0
1751166000000000,149.87000000,150.04000000,149.68000000,149.87000000,10083.48600000,1751166899999999,1511240.62388000,8406,6469.01900000,969609.26128000,0
1751166900000000,149.86000000,150.17000000,149.84000000,150.07000000,11262.90900000,1751167799999999,1689777.34596000,7171,7380.10400000,1107215.29001000,0
1751167800000000,150.07000000,150.08000000,149.72000000,149.73000000,11321.60500000,1751168699999999,1697087.29073000,6566,6399.13400000,959335.41356000,0
1751168700000000,149.72000000,149.77000000,149.46000000,149.47000000,20415.26400000,1751169599999999,3053351.81507000,7357,10093.07900000,1509408.50271000,0
1751169600000000,149.47000000,149.73000000,149.36000000,149.73000000,9947.51500000,1751170499999999,1487377.47092000,8449,5763.81600000,861915.59781000,0
1751170500000000,149.73000000,149.78000000,149.54000000,149.60000000,11369.89700000,1751171399999999,1701597.02862000,6944,4899.02700000,733128.93224000,0
1751171400000000,149.59000000,149.89000000,149.59000000,149.74000000,7742.83900000,1751172299999999,1159470.28066000,6171,5179.68300000,775632.63859000,0
1751172300000000,149.74000000,149.97000000,149.73000000,149.78000000,8363.50800000,1751173199999999,1253148.19596000,6304,5037.29400000,754808.49221000,0
1751173200000000,149.79000000,149.88000000,149.41000000,149.75000000,15835.64600000,1751174099999999,2370050.50040000,7788,6939.93900000,1038552.85997000,0
1751174100000000,149.76000000,149.88000000,149.44000000,149.59000000,9324.68900000,1751174999999999,1395225.89391000,6362,5852.79700000,875749.99627000,0
1751175000000000,149.59000000,149.76000000,149.46000000,149.65000000,10655.80000000,1751175899999999,1594188.48732000,6952,6341.24100000,948684.99144000,0
1751175900000000,149.65000000,149.88000000,149.63000000,149.70000000,9202.14400000,1751176799999999,1377974.36261000,7300,6292.70800000,942252.80360000,0
1751176800000000,149.70000000,150.12000000,149.68000000,150.05000000,14734.46700000,1751177699999999,2209224.06123000,8615,9560.03800000,1433486.10714000,0
1751177700000000,150.06000000,150.24000000,149.97000000,150.03000000,17395.70800000,1751178599999999,2610647.14669000,7084,10175.53100000,1527086.81731000,0
1751178600000000,150.03000000,150.08000000,149.88000000,149.96000000,8076.40300000,1751179499999999,1211195.43647000,4499,5581.51400000,837043.73935000,0
1751179500000000,149.96000000,149.96000000,149.59000000,149.76000000,12808.77900000,1751180399999999,1917790.78636000,7138,5175.89400000,774886.37222000,0
1751180400000000,149.75000000,149.85000000,149.56000000,149.85000000,8190.70000000,1751181299999999,1226201.57584000,6470,3768.24200000,564110.38760000,0
1751181300000000,149.84000000,150.05000000,149.73000000,149.96000000,5203.64600000,1751182199999999,779815.93678000,4550,3296.70600000,494027.34889000,0
1751182200000000,149.95000000,150.24000000,149.89000000,149.95000000,8989.58100000,1751183099999999,1348951.02849000,6627,4934.37500000,740468.25119000,0
1751183100000000,149.94000000,150.33000000,149.71000000,150.32000000,10607.71500000,1751183999999999,1592203.41325000,7217,6140.02800000,921540.98859000,0
1751184000000000,150.33000000,150.66000000,150.18000000,150.26000000,18435.65100000,1751184899999999,2772936.69063000,10993,6912.46200000,1039574.15924000,0
1751184900000000,150.25000000,150.36000000,149.93000000,150.13000000,9312.52700000,1751185799999999,1397555.79804000,6423,4128.79100000,619720.15873000,0
1751185800000000,150.12000000,150.74000000,150.00000000,150.70000000,16940.18900000,1751186699999999,2549721.34808000,13316,10166.71800000,1530222.81007000,0
1751186700000000,150.71000000,151.01000000,150.61000000,150.78000000,19098.36900000,1751187599999999,2880297.89184000,12275,10899.75200000,1643934.86673000,0
1751187600000000,150.78000000,151.19000000,150.51000000,150.95000000,18428.09700000,1751188499999999,2779545.46119000,11777,9477.19500000,1429849.47275000,0
1751188500000000,150.95000000,151.27000000,150.90000000,151.22000000,16619.79500000,1751189399999999,2511494.64944000,11805,8708.31700000,1316074.02700000,0
1751189400000000,151.23000000,152.24000000,151.17000000,151.52000000,53118.90200000,1751190299999999,8059816.74359000,21797,34848.89900000,5287286.56382000,0
1751190300000000,151.51000000,151.72000000,151.07000000,151.09000000,20008.51800000,1751191199999999,3029810.96712000,13733,9747.65500000,1476680.86602000,0
1751191200000000,151.09000000,151.67000000,151.05000000,151.46000000,22958.08300000,1751192099999999,3476119.19303000,13706,13695.10200000,2073840.09740000,0
1751192100000000,151.46000000,151.82000000,151.14000000,151.45000000,19969.81800000,1751192999999999,3025514.70271000,13394,8326.68800000,1261300.90029000,0
1751193000000000,151.45000000,151.57000000,151.15000000,151.24000000,13806.10100000,1751193899999999,2089057.47520000,9600,5036.93900000,762091.93005000,0
1751193900000000,151.24000000,151.63000000,150.87000000,151.40000000,21295.87400000,1751194799999999,3221860.32603000,13986,9116.86900000,1379707.88108000,0
1751194800000000,151.41000000,151.43000000,150.93000000,151.02000000,16458.99200000,1751195699999999,2487560.19747000,9461,6164.09100000,931580.16162000,0
1751195700000000,151.03000000,151.40000000,150.95000000,151.39000000,15182.71100000,1751196599999999,2295217.79973000,9104,7164.10300000,1083119.85177000,0
1751196600000000,151.39000000,151.69000000,151.36000000,151.46000000,12900.32900000,1751197499999999,1955126.99659000,7407,4421.51600000,670128.54743000,0
1751197500000000,151.47000000,151.80000000,151.32000000,151.68000000,23560.50500000,1751198399999999,3571739.24544000,13245,13295.41700000,2016070.51650000,0
1751198400000000,151.68000000,151.73000000,150.91000000,151.12000000,22500.24300000,1751199299999999,3403572.25935000,15937,11008.75400000,1665034.00233000,0
1751199300000000,151.12000000,151.37000000,151.09000000,151.18000000,11723.85600000,1751200199999999,1772935.90684000,8448,5372.79400000,812554.46406000,0
1751200200000000,151.17000000,151.45000000,151.11000000,151.11000000,14157.49800000,1751201099999999,2142036.46122000,11124,6655.14500000,1006989.79170000,0
1751201100000000,151.11000000,151.99000000,151.11000000,151.86000000,21112.61000000,1751201999999999,3202526.07077000,11737,12675.89800000,1922912.43898000,0
1751202000000000,151.86000000,152.00000000,151.52000000,151.69000000,14593.15400000,1751202899999999,2214446.85044000,10407,6425.75500000,975235.77675000,0
1751202900000000,151.70000000,151.74000000,151.48000000,151.65000000,8302.99300000,1751203799999999,1258588.21158000,7602,3735.62900000,566304.96676000,0
1751203800000000,151.65000000,151.81000000,151.14000000,151.44000000,27863.68400000,1751204699999999,4219097.50627000,13679,11620.29400000,1760125.67093000,0
1751204700000000,151.43000000,151.88000000,151.36000000,151.77000000,22615.49200000,1751205599999999,3429929.69558000,11624,14046.19000000,2130344.15107000,0
1751205600000000,151.76000000,152.51000000,151.65000000,152.38000000,42255.39800000,1751206499999999,6429833.30283000,19596,27435.52900000,4174523.50098000,0
1751206500000000,152.39000000,152.55000000,152.11000000,152.39000000,17067.50200000,1751207399999999,2599809.92224000,12589,7054.99700000,1074635.41934000,0
1751207400000000,152.40000000,152.40000000,151.42000000,151.60000000,35406.72400000,1751208299999999,5373442.41432000,15744,11855.36900000,1798434.17438000,0
1751208300000000,151.60000000,151.79000000,151.17000000,151.29000000,40244.00500000,1751209199999999,6091355.50672000,18264,22545.03400000,3412216.97287000,0
1751209200000000,151.29000000,151.77000000,150.99000000,151.60000000,26261.09100000,1751210099999999,3972832.95700000,16498,10485.55400000,1586750.05214000,0
1751210100000000,151.59000000,151.60000000,151.01000000,151.14000000,17043.26200000,1751210999999999,2578097.22403000,9578,4479.00700000,677397.89261000,0
1751211000000000,151.14000000,151.40000000,150.91000000,151.23000000,14809.94800000,1751211899999999,2238334.42557000,6926,4555.58800000,688693.23034000,0
1751211900000000,151.22000000,151.22000000,150.72000000,150.75000000,17581.57700000,1751212799999999,2653253.38916000,12819,6085.07400000,918282.24782000,0
1751212800000000,150.76000000,150.96000000,150.41000000,150.74000000,26361.39900000,1751213699999999,3972642.24403000,12462,9868.85200000,1487319.99972000,0
1751213700000000,150.75000000,150.94000000,150.18000000,150.30000000,22175.09900000,1751214599999999,3337902.51033000,13883,6268.68200000,943968.91029000,0
1751214600000000,150.29000000,150.58000000,149.95000000,149.99000000,25248.09500000,1751215499999999,3792205.72578000,15200,8201.47000000,1232064.51224000,0
1751215500000000,149.99000000,150.55000000,149.72000000,150.51000000,25480.07400000,1751216399999999,3824429.38579000,13304,11086.58200000,1664263.15123000,0
1751216400000000,150.51000000,150.81000000,150.36000000,150.81000000,15710.53600000,1751217299999999,2364988.77855000,9823,5338.40600000,803739.11798000,0
1751217300000000,150.81000000,150.86000000,150.47000000,150.81000000,18180.68000000,1751218199999999,2739726.63705000,8241,5265.75100000,793395.18543000,0
1751218200000000,150.81000000,150.87000000,150.36000000,150.55000000,15492.43200000,1751219099999999,2333758.41817000,10257,4506.04200000,678738.62807000,0
1751219100000000,150.56000000,151.43000000,150.55000000,151.43000000,19872.39600000,1751219999999999,3000137.80855000,10424,8637.43900000,1304301.25910000,0
1751220000000000,151.42000000,151.50000000,151.17000000,151.32000000,15532.83000000,1751220899999999,2350424.86130000,9997,6601.57900000,998941.05745000,0
1751220900000000,151.32000000,151.85000000,151.30000000,151.74000000,14632.19000000,1751221799999999,2218143.13069000,9180,6860.82000000,1039871.42825000,0
1751221800000000,151.75000000,151.94000000,151.57000000,151.86000000,14881.69000000,1751222699999999,2258887.46317000,8585,7268.74100000,1103464.00286000,0
1751222700000000,151.85000000,152.24000000,151.84000000,151.89000000,20338.49000000,1751223599999999,3092400.63637000,11455,10483.17200000,1594017.91360000,0
1751223600000000,151.88000000,151.92000000,151.46000000,151.51000000,20470.21300000,1751224499999999,3103549.69518000,10774,5221.19500000,791494.43589000,0
1751224500000000,151.52000000,151.83000000,151.41000000,151.68000000,12146.94900000,1751225399999999,1841366.36421000,8024,5871.41000000,890008.14327000,0
1751225400000000,151.69000000,151.72000000,150.95000000,151.16000000,15736.75100000,1751226299999999,2381309.47870000,9377,4769.37500000,721951.07705000,0
1751226300000000,151.16000000,151.34000000,151.03000000,151.18000000,9732.06500000,1751227199999999,1471500.91093000,5295,2327.70500000,351942.92546000,0
1751227200000000,151.19000000,151.41000000,151.11000000,151.12000000,8774.63600000,1751228099999999,1327099.39009000,7331,2499.78000000,378081.29677000,0
1751228100000000,151.11000000,151.32000000,150.97000000,151.18000000,11052.65400000,1751228999999999,1670589.29959000,5025,4279.35300000,646939.63337000,0
1751229000000000,151.18000000,151.18000000,150.95000000,151.04000000,9086.39100000,1751229899999999,1372428.01198000,5511,2581.20800000,389844.09640000,0
1751229900000000,151.03000000,151.20000000,150.83000000,150.84000000,11006.92300000,1751230799999999,1662375.49303000,6303,3052.64600000,461019.93263000,0
1751230800000000,150.85000000,151.25000000,150.35000000,150.88000000,19550.27500000,1751231699999999,2947494.25202000,13390,9068.33000000,1367062.87947000,0
1751231700000000,150.88000000,151.55000000,150.86000000,151.34000000,10491.58200000,1751232599999999,1587631.42367000,6509,5445.83200000,824101.72941000,0
1751232600000000,151.35000000,151.88000000,151.34000000,151.74000000,12007.31300000,1751233499999999,1821359.91005000,6436,5264.25900000,798493.08052000,0
1751233500000000,151.74000000,152.00000000,151.43000000,151.66000000,23601.26100000,1751234399999999,3581007.70874000,9313,10981.84600000,1666299.29640000,0
1751234400000000,151.67000000,152.43000000,151.60000000,152.42000000,23859.37300000,1751235299999999,3628950.20867000,20719,13445.76900000,2045690.11151000,0
1751235300000000,152.41000000,154.56000000,152.31000000,154.35000000,160818.38200000,1751236199999999,24724009.83491000,73823,104902.94300000,16126942.63851000,0
1751236200000000,154.36000000,154.77000000,153.36000000,153.80000000,82334.31900000,1751237099999999,12665965.74365000,49847,30599.69400000,4709554.14833000,0
1751237100000000,153.80000000,154.23000000,152.78000000,152.92000000,174746.13100000,1751237999999999,26825214.42995000,41777,96970.68000000,14887736.32896000,0
1751238000000000,152.91000000,153.66000000,152.80000000,152.93000000,44088.83400000,1751238899999999,6757983.33125000,31749,20058.14300000,3075142.17630000,0
1751238900000000,152.94000000,153.76000000,152.52000000,153.58000000,31957.76900000,1751239799999999,4893638.86913000,22438,16415.15000000,2514921.16745000,0
1751239800000000,153.58000000,153.61000000,152.75000000,152.87000000,31324.44300000,1751240699999999,4793740.07635000,17663,10249.70400000,1568275.92971000,0
1751240700000000,152.86000000,153.48000000,152.84000000,153.32000000,42009.19200000,1751241599999999,6436011.15765000,13041,17724.52700000,2715365.80741000,0
1751241600000000,153.32000000,153.66000000,153.26000000,153.40000000,51158.89500000,1751242499999999,7846643.61526000,22354,17597.50600000,2699807.46757000,0
1751242500000000,153.41000000,154.08000000,153.26000000,153.70000000,36173.27800000,1751243399999999,5558437.30877000,22027,18727.36800000,2878407.87492000,0
1751243400000000,153.71000000,153.71000000,152.52000000,153.02000000,80525.95600000,1751244299999999,12313539.64495000,29302,33838.17900000,5172274.41321000,0
1751244300000000,153.03000000,153.07000000,152.47000000,152.59000000,62799.49500000,1751245199999999,9585184.76561000,17418,31061.64600000,4740025.03389000,0
1751245200000000,152.59000000,152.60000000,151.77000000,151.94000000,32467.13900000,1751246099999999,4937618.52462000,19464,11529.34900000,1753136.87722000,0
1751246100000000,151.95000000,152.11000000,151.60000000,152.03000000,17811.96700000,1751246999999999,2705992.03989000,14924,10135.23400000,1539757.30923000,0
1751247000000000,152.03000000,152.57000000,151.86000000,152.54000000,16838.82700000,1751247899999999,2562429.22689000,13267,9827.94700000,1495778.81720000,0
1751247900000000,152.53000000,152.59000000,151.99000000,152.03000000,23922.43300000,1751248799999999,3639924.09238000,9287,8225.44300000,1251666.63536000,0
1751248800000000,152.04000000,152.61000000,151.93000000,152.56000000,23611.63800000,1751249699999999,3594245.29007000,10678,11390.76500000,1734551.51156000,0
1751249700000000,152.56000000,152.61000000,152.16000000,152.32000000,10629.60800000,1751250599999999,1619096.34729000,8153,3783.13300000,576472.04796000,0
1751250600000000,152.33000000,152.64000000,152.32000000,152.60000000,16351.87200000,1751251499999999,2492870.70579000,7136,8016.52400000,1222143.60966000,0
1751251500000000,152.59000000,152.61000000,152.00000000,152.01000000,18335.72500000,1751252399999999,2790848.50346000,6337,5248.37800000,799078.26048000,0
1751252400000000,152.01000000,152.18000000,151.89000000,152.02000000,11809.01800000,1751253299999999,1795364.62568000,6835,5748.62600000,873903.51963000,0
1751253300000000,152.03000000,152.03000000,151.26000000,151.49000000,22710.47900000,1751254199999999,3442552.15866000,11640,8650.10800000,1311397.75611000,0
1751254200000000,151.49000000,152.00000000,151.47000000,151.97000000,9744.69900000,1751255099999999,1478923.35660000,7162,6718.38600000,1019617.94715000,0
1751255100000000,151.96000000,152.01000000,151.64000000,151.77000000,16539.25100000,1751255999999999,2510979.35667000,8281,9952.33400000,1510860.89205000,0
1751256000000000,151.77000000,152.02000000,151.71000000,151.96000000,11004.67600000,1751256899999999,1671508.05919000,7480,7407.25100000,1125070.85832000,0
1751256900000000,151.96000000,151.96000000,151.50000000,151.52000000,11203.41800000,1751257799999999,1699360.33913000,7349,5036.07000000,763892.32238000,0
1751257800000000,151.52000000,151.66000000,151.11000000,151.25000000,21027.41600000,1751258699999999,3183346.85033000,8706,9342.23000000,1414575.68042000,0
1751258700000000,151.25000000,151.43000000,150.96000000,151.10000000,15854.03100000,1751259599999999,2396852.86089000,8622,8126.60500000,1228799.41990000,0
1751259600000000,151.10000000,151.31000000,150.89000000,151.08000000,17844.51500000,1751260499999999,2696341.62420000,9063,9112.42600000,1376917.97790000,0
1751260500000000,151.08000000,151.10000000,150.66000000,150.68000000,12653.71900000,1751261399999999,1908978.04206000,6340,4435.89400000,669229.50672000,0
1751261400000000,150.69000000,151.21000000,150.52000000,151.19000000,15577.85200000,1751262299999999,2349522.08914000,10404,9594.84200000,1447372.73074000,0
1751262300000000,151.19000000,151.44000000,150.82000000,151.33000000,53356.42400000,1751263199999999,8068437.57998000,11388,24701.77300000,3734630.61160000,0
1751263200000000,151.32000000,151.39000000,151.20000000,151.21000000,23845.67900000,1751264099999999,3607881.43488000,6929,7918.01200000,1198027.26429000,0
1751264100000000,151.21000000,151.26000000,151.04000000,151.06000000,13208.38300000,1751264999999999,1996330.06840000,7164,6736.78300000,1018216.73057000,0
1751265000000000,151.05000000,151.25000000,150.60000000,150.68000000,18744.17100000,1751265899999999,2829070.91434000,11086,9126.61200000,1377807.19496000,0
1751265900000000,150.69000000,150.70000000,150.00000000,150.45000000,32658.06600000,1751266799999999,4911021.56129000,22178,12590.11700000,1893511.50228000,0
1751266800000000,150.45000000,150.62000000,149.70000000,150.41000000,47862.87600000,1751267699999999,7188761.98423000,22292,24467.53900000,3677544.07852000,0
1751267700000000,150.42000000,150.71000000,150.16000000,150.55000000,28823.58800000,1751268599999999,4337985.81714000,15093,15837.14100000,2383364.03885000,0
1751268600000000,150.56000000,150.58000000,150.31000000,150.51000000,11218.79600000,1751269499999999,1687721.74213000,7566,4941.46900000,743490.69807000,0
1751269500000000,150.51000000,150.78000000,150.50000000,150.64000000,14919.11600000,1751270399999999,2247884.44681000,7955,8661.90100000,1305167.74229000,0
1751270400000000,150.63000000,150.84000000,150.14000000,150.17000000,17434.74400000,1751271299999999,2625479.81257000,11604,9490.54100000,1429481.95512000,0
1751271300000000,150.18000000,150.24000000,149.92000000,150.11000000,13583.90900000,1751272199999999,2038263.38913000,9664,5370.53900000,805913.54819000,0
1751272200000000,150.11000000,150.11000000,149.47000000,149.58000000,23185.92100000,1751273099999999,3470997.44482000,13392,9577.21700000,1434221.43746000,0
1751273100000000,149.58000000,149.90000000,149.45000000,149.84000000,11143.54300000,1751273999999999,1669058.80326000,9711,5671.84000000,849518.15770000,0
1751274000000000,149.85000000,150.37000000,149.64000000,150.22000000,18022.35800000,1751274899999999,2704701.43851000,10087,10501.15600000,1576387.60750000,0
1751274900000000,150.22000000,150.37000000,150.03000000,150.15000000,9414.87900000,1751275799999999,1413837.10982000,7410,5853.16700000,878976.80456000,0
1751275800000000,150.14000000,150.48000000,149.81000000,149.84000000,18073.67000000,1751276699999999,2714267.84898000,10033,6687.51100000,1004862.35922000,0
1751276700000000,149.84000000,150.37000000,149.81000000,149.89000000,19618.77400000,1751277599999999,2943676.25699000,11036,9558.95500000,1434203.13802000,0
1751277600000000,149.90000000,150.18000000,149.89000000,150.05000000,11226.34700000,1751278499999999,1684378.46448000,7699,4595.13200000,689425.95762000,0
1751278500000000,150.05000000,150.34000000,150.01000000,150.27000000,15875.74300000,1751279399999999,2384052.45582000,7283,10160.43500000,1525665.51550000,0
1751279400000000,150.27000000,150.39000000,150.03000000,150.37000000,8678.97900000,1751280299999999,1303895.84110000,7799,3695.91500000,555232.26296000,0
1751280300000000,150.37000000,150.41000000,150.19000000,150.31000000,10309.20100000,1751281199999999,1549465.44701000,5534,4563.05700000,685919.40997000,0
1751281200000000,150.31000000,150.50000000,150.08000000,150.36000000,8645.20200000,1751282099999999,1299032.49581000,7649,5025.16700000,755015.32897000,0
1751282100000000,150.35000000,151.05000000,150.17000000,150.75000000,75849.66400000,1751282999999999,11417609.98565000,17377,32488.57300000,4889609.08624000,0
1751283000000000,150.74000000,151.07000000,150.63000000,150.67000000,17416.81700000,1751283899999999,2626783.71609000,12557,8496.93600000,1281662.87328000,0
1751283900000000,150.67000000,150.90000000,150.31000000,150.38000000,29423.21000000,1751284799999999,4430738.37998000,9462,4634.86500000,698016.81762000,0
1751284800000000,150.38000000,150.70000000,150.23000000,150.23000000,15358.60800000,1751285699999999,2310866.80189000,8736,9181.26300000,1381694.34743000,0
1751285700000000,150.23000000,150.36000000,150.00000000,150.15000000,12671.64100000,1751286599999999,1903206.52972000,9880,5285.53000000,793886.79981000,0
1751286600000000,150.15000000,150.35000000,149.92000000,150.14000000,13041.77000000,1751287499999999,1957652.06909000,10574,3982.71500000,597990.70129000,0
1751287500000000,150.15000000,150.18000000,149.67000000,149.92000000,19138.43700000,1751288399999999,2867813.09811000,11885,5438.92600000,815350.36996000,0
1751288400000000,149.91000000,150.39000000,149.82000000,150.35000000,8509.48600000,1751289299999999,1277775.66469000,9794,5124.79100000,769551.08365000,0
1751289300000000,150.35000000,151.76000000,150.30000000,151.52000000,43619.29000000,1751290199999999,6596013.40498000,25737,28014.22300000,4235869.19202000,0
1751290200000000,151.51000000,151.55000000,150.65000000,150.91000000,25416.86700000,1751291099999999,3837959.58458000,22749,12849.29400000,1940391.35156000,0
1751291100000000,150.90000000,151.16000000,150.54000000,150.90000000,14436.37800000,1751291999999999,2178182.94768000,21018,7034.54700000,1061272.99397000,0
1751292000000000,150.90000000,151.09000000,149.95000000,150.86000000,35660.73700000,1751292899999999,5368018.82748000,29945,17462.44400000,2630708.20530000,0
1751292900000000,150.87000000,151.24000000,150.54000000,150.99000000,35135.07800000,1751293799999999,5299381.73862000,21441,18692.53400000,2819199.79988000,0
1751293800000000,151.00000000,152.35000000,150.84000000,152.15000000,66040.84400000,1751294699999999,10023177.55415000,35853,37118.48100000,5633575.59871000,0
1751294700000000,152.14000000,152.33000000,150.86000000,151.34000000,63473.15600000,1751295599999999,9614413.37458000,35570,29636.84500000,4489814.35893000,0
1751295600000000,151.34000000,152.00000000,151.28000000,151.36000000,38411.82300000,1751296499999999,5826258.34691000,30689,25264.63300000,3832323.83591000,0
1751296500000000,151.36000000,155.92000000,150.85000000,155.39000000,234726.37000000,1751297399999999,36104452.47918000,72226,141435.34400000,21764323.44188000,0
1751297400000000,155.39000000,157.50000000,153.64000000,156.93000000,458358.86000000,1751298299999999,71507757.51255000,204224,243703.68400000,38012284.69335000,0
1751298300000000,156.92000000,159.99000000,156.90000000,157.83000000,420747.99700000,1751299199999999,66748751.78259000,156218,226007.92000000,35847987.81106000,0
1751299200000000,157.83000000,158.46000000,156.81000000,157.93000000,112752.00900000,1751300099999999,17773978.50225000,60748,54811.66700000,8638187.54870000,0
1751300100000000,157.92000000,158.00000000,156.92000000,157.27000000,178382.71200000,1751300999999999,28065787.56227000,50298,90613.28800000,14252746.75810000,0
1751301000000000,157.27000000,157.50000000,156.29000000,156.97000000,75764.69000000,1751301899999999,11881759.35050000,37987,36299.13700000,5693237.67520000,0
1751301900000000,156.97000000,157.48000000,156.32000000,157.02000000,43487.27900000,1751302799999999,6821082.80742000,30995,24657.65500000,3868383.13892000,0
1751302800000000,157.03000000,157.37000000,156.82000000,157.16000000,40790.37100000,1751303699999999,6405977.08764000,26781,22619.68300000,3552573.28128000,0
1751303700000000,157.15000000,157.45000000,156.78000000,157.19000000,47128.45300000,1751304599999999,7400732.67449000,24766,26916.97700000,4226750.24283000,0
1751304600000000,157.18000000,157.43000000,156.48000000,157.15000000,40599.07200000,1751305499999999,6371158.01169000,25135,19864.49300000,3119118.82281000,0
1751305500000000,157.15000000,157.33000000,156.68000000,156.74000000,28199.89100000,1751306399999999,4428169.19795000,19677,12981.71200000,2038765.35066000,0
1751306400000000,156.75000000,157.67000000,156.26000000,156.33000000,45400.43300000,1751307299999999,7126383.18916000,24096,19686.97000000,3093814.54204000,0
1751307300000000,156.33000000,156.85000000,155.81000000,156.45000000,40457.39000000,1751308199999999,6326709.25785000,24113,24620.61700000,3850534.46745000,0
1751308200000000,156.44000000,156.50000000,155.32000000,155.68000000,47950.02400000,1751309099999999,7466086.56545000,24427,20076.21800000,3126033.26276000,0
1751309100000000,155.69000000,156.00000000,155.67000000,155.77000000,19877.81600000,1751309999999999,3097421.47295000,13548,10448.74000000,1628184.72021000,0
1751310000000000,155.76000000,156.69000000,155.64000000,156.60000000,49309.73400000,1751310899999999,7695074.42697000,22586,23673.45600000,3695603.01289000,0
1751310900000000,156.60000000,157.15000000,156.39000000,156.77000000,20836.45500000,1751311799999999,3266758.64005000,18558,12078.31000000,1894046.77141000,0
1751311800000000,156.78000000,157.49000000,156.69000000,157.27000000,39131.71300000,1751312699999999,6150718.31494000,18648,13783.02700000,2166443.38413000,0
1751312700000000,157.26000000,157.97000000,157.13000000,157.77000000,30437.37200000,1751313599999999,4796292.55817000,28832,17502.51600000,2757942.27656000,0
1751313600000000,157.77000000,157.80000000,157.00000000,157.29000000,28589.27100000,1751314499999999,4497007.18378000,17980,9730.31000000,1531003.20608000,0
1751314500000000,157.30000000,157.69000000,156.99000000,157.11000000,19764.21800000,1751315399999999,3108670.70289000,15118,7225.43300000,1136612.21150000,0
1751315400000000,157.11000000,157.33000000,156.61000000,156.78000000,24638.18800000,1751316299999999,3867968.67604000,11206,9677.52300000,1518801.88394000,0
1751316300000000,156.78000000,157.06000000,156.08000000,156.58000000,35777.68500000,1751317199999999,5603150.90213000,14297,15103.27400000,2365122.66281000,0
1751317200000000,156.59000000,156.86000000,156.11000000,156.73000000,23801.85100000,1751318099999999,3721746.75644000,13462,7657.33000000,1197391.52823000,0
1751318100000000,156.73000000,156.77000000,155.97000000,156.18000000,20859.92000000,1751318999999999,3262351.71920000,10374,8364.35600000,1307962.55432000,0
1751319000000000,156.18000000,156.61000000,155.90000000,156.50000000,21183.71900000,1751319899999999,3310799.85953000,11729,10201.63700000,1594831.64038000,0
1751319900000000,156.50000000,156.50000000,155.39000000,155.55000000,28393.83300000,1751320799999999,4424224.15082000,23687,9690.11200000,1510229.83797000,0
1751320800000000,155.55000000,156.01000000,155.01000000,155.14000000,29380.69600000,1751321699999999,4568791.92621000,27399,10984.38400000,1708837.23651000,0
1751321700000000,155.15000000,155.56000000,155.03000000,155.35000000,25879.17000000,1751322599999999,4018313.10704000,15828,11195.75800000,1739048.36617000,0
1751322600000000,155.36000000,155.57000000,155.29000000,155.47000000,41631.24600000,1751323499999999,6469957.68088000,10569,22727.83400000,3531808.80792000,0
1751323500000000,155.48000000,155.48000000,155.02000000,155.17000000,16210.69400000,1751324399999999,2516506.28348000,9815,5162.74700000,801382.90113000,0
1751324400000000,155.17000000,155.80000000,155.01000000,155.72000000,12089.84200000,1751325299999999,1878663.92206000,9991,5512.81300000,856823.80210000,0
1751325300000000,155.72000000,155.73000000,155.33000000,155.46000000,10486.17200000,1751326199999999,1630854.27538000,8355,2913.98300000,453229.59412000,0
1751326200000000,155.45000000,155.49000000,155.05000000,155.20000000,11799.70300000,1751327099999999,1831606.31893000,7965,4210.94300000,653654.33851000,0
1751327100000000,155.20000000,155.20000000,154.50000000,154.81000000,46515.40400000,1751327999999999,7204380.71183000,13229,11737.94700000,1816849.49119000,0
