1782864000000000,73.67000000,73.74000000,73.55000000,73.73000000,21293.05600000,1782864899999999,1568611.90649000,7163,11680.39500000,860477.13978000,0
1782864900000000,73.73000000,73.82000000,73.36000000,73.52000000,27555.12600000,1782865799999999,2026858.92474000,8474,11665.07700000,858053.35912000,0
1782865800000000,73.52000000,73.88000000,73.51000000,73.62000000,18066.28000000,1782866699999999,1331352.99123000,9045,11212.12300000,826283.11857000,0
1782866700000000,73.62000000,73.83000000,73.57000000,73.65000000,17720.93200000,1782867599999999,1305847.83427000,5737,9703.42000000,715035.47239000,0
1782867600000000,73.65000000,73.67000000,72.25000000,72.87000000,61027.94100000,1782868499999999,4442635.11544000,25392,24113.46600000,1755281.79047000,0
1782868500000000,72.88000000,73.48000000,72.73000000,73.26000000,41399.83500000,1782869399999999,3028132.36413000,28486,22630.36800000,1655116.41024000,0
1782869400000000,73.26000000,74.36000000,73.22000000,74.21000000,53314.18300000,1782870299999999,3940720.18206000,30879,34063.18600000,2517683.17202000,0
1782870300000000,74.20000000,74.30000000,73.80000000,73.95000000,23071.12400000,1782871199999999,1707148.85576000,13625,11079.59400000,819907.42990000,0
1782871200000000,73.95000000,74.28000000,73.79000000,74.15000000,18677.92200000,1782872099999999,1382803.11147000,11989,10130.27100000,750185.05223000,0
1782872100000000,74.15000000,74.61000000,74.09000000,74.50000000,27360.23100000,1782872999999999,2034518.26381000,15295,15790.42400000,1174337.33254000,0
1782873000000000,74.50000000,75.03000000,74.44000000,75.01000000,47049.39000000,1782873899999999,3518745.75216000,21853,28935.10600000,2164383.27566000,0
1782873900000000,75.00000000,75.03000000,74.70000000,74.78000000,38910.35100000,1782874799999999,2912142.02755000,10712,21070.26700000,1576574.82149000,0
1782874800000000,74.78000000,74.92000000,74.57000000,74.66000000,32248.95400000,1782875699999999,2409021.00655000,9946,16055.61600000,1199510.60235000,0
1782875700000000,74.66000000,74.66000000,74.35000000,74.54000000,21145.99600000,1782876599999999,1574916.03305000,7059,7193.96700000,535740.27682000,0
1782876600000000,74.55000000,75.23000000,74.42000000,74.82000000,38153.17900000,1782877499999999,2857873.82948000,14960,21543.51700000,1613454.02421000,0
1782877500000000,74.82000000,75.69000000,74.81000000,75.48000000,119729.08800000,1782878399999999,9019613.49825000,23813,56116.90500000,4225869.40083000,0
1782878400000000,75.48000000,75.65000000,75.33000000,75.37000000,35124.82600000,1782879299999999,2651164.57777000,11985,15517.74400000,1171511.72842000,0
1782879300000000,75.37000000,75.47000000,75.25000000,75.42000000,16720.02800000,1782880199999999,1260021.52720000,7561,10097.26100000,760901.55647000,0
1782880200000000,75.42000000,75.81000000,75.35000000,75.60000000,51634.55200000,1782881099999999,3902774.06722000,14539,28699.90800000,2169314.28612000,0
1782881100000000,75.60000000,75.87000000,75.53000000,75.57000000,26182.63800000,1782881999999999,1981814.67803000,10582,14225.15600000,1076819.70019000,0
1782882000000000,75.56000000,75.79000000,75.41000000,75.49000000,19470.47300000,1782882899999999,1471150.90368000,7497,9573.74800000,723513.09118000,0
1782882900000000,75.49000000,75.64000000,75.15000000,75.18000000,21104.94700000,1782883799999999,1590260.82127000,8189,8155.76000000,614389.75722000,0
1782883800000000,75.18000000,75.36000000,75.14000000,75.36000000,23595.36800000,1782884699999999,1775807.90461000,7080,10681.29000000,803967.78098000,0
1782884700000000,75.36000000,75.40000000,75.16000000,75.25000000,13655.32600000,1782885599999999,1027672.33711000,5129,7123.33000000,536091.11599000,0
1782885600000000,75.24000000,75.28000000,74.93000000,75.01000000,18658.63500000,1782886499999999,1400447.80499000,8306,9179.23600000,688854.84322000,0
1782886500000000,75.02000000,75.07000000,74.57000000,74.75000000,33510.23100000,1782887399999999,2504794.64209000,12239,18197.73700000,1359864.64143000,0
1782887400000000,74.74000000,74.80000000,73.96000000,74.27000000,66147.96800000,1782888299999999,4912509.91362000,18119,30941.70000000,2298081.46593000,0
1782888300000000,74.27000000,74.35000000,74.01000000,74.31000000,19596.01900000,1782889199999999,1454215.95440000,8993,10222.29400000,758603.26691000,0
1782889200000000,74.32000000,74.44000000,74.10000000,74.43000000,20724.98300000,1782890099999999,1539532.54363000,9249,12733.57700000,946028.62708000,0
1782890100000000,74.43000000,74.78000000,74.24000000,74.59000000,28522.89900000,1782890999999999,2125514.00985000,12447,15898.95600000,1184737.77303000,0
1782891000000000,74.59000000,74.89000000,74.41000000,74.70000000,53188.54100000,1782891899999999,3967417.92412000,11314,25518.94300000,1903268.03299000,0
1782891900000000,74.70000000,74.96000000,74.63000000,74.87000000,14711.70300000,1782892799999999,1100513.44084000,6703,9359.46400000,700181.07294000,0
1782892800000000,74.87000000,75.09000000,74.65000000,74.84000000,35402.40100000,1782893699999999,2652146.97087000,14253,17835.51400000,1336209.12784000,0
1782893700000000,74.85000000,74.92000000,74.52000000,74.67000000,18120.89100000,1782894599999999,1354414.25889000,9477,8239.52700000,615969.14937000,0
1782894600000000,74.66000000,74.88000000,74.46000000,74.86000000,27331.44200000,1782895499999999,2041442.37588000,12061,11124.03400000,830964.70974000,0
1782895500000000,74.87000000,75.52000000,74.68000000,75.44000000,30537.18500000,1782896399999999,2293018.03652000,11210,17911.93900000,1344695.94623000,0
1782896400000000,75.44000000,75.44000000,75.05000000,75.16000000,35215.36300000,1782897299999999,2649642.84729000,12616,15957.30300000,1201286.53079000,0
1782897300000000,75.16000000,75.41000000,75.07000000,75.17000000,54582.12700000,1782898199999999,4105852.93609000,8043,26367.14600000,1982474.10341000,0
1782898200000000,75.18000000,75.35000000,75.09000000,75.19000000,15678.00900000,1782899099999999,1179634.87284000,6810,7663.38700000,576664.51259000,0
1782899100000000,75.20000000,75.58000000,75.08000000,75.45000000,61483.54900000,1782899999999999,4634300.10649000,10444,31491.42200000,2373152.74381000,0
1782900000000000,75.46000000,75.57000000,75.26000000,75.31000000,28052.75800000,1782900899999999,2115359.61519000,9388,14617.74900000,1102318.80576000,0
1782900900000000,75.32000000,75.52000000,75.15000000,75.35000000,20394.31900000,1782901799999999,1536152.32908000,7473,9245.92500000,696320.24537000,0
1782901800000000,75.34000000,75.39000000,75.02000000,75.06000000,18942.47100000,1782902699999999,1424638.96642000,7663,7694.96700000,578545.57091000,0
1782902700000000,75.05000000,75.23000000,74.97000000,74.99000000,10661.46600000,1782903599999999,800742.69930000,5144,5615.51200000,421817.97476000,0
1782903600000000,74.99000000,75.16000000,74.67000000,75.14000000,42200.08100000,1782904499999999,3160292.01870000,14308,23515.98200000,1761457.25363000,0
1782904500000000,75.15000000,75.32000000,75.02000000,75.02000000,18686.54200000,1782905399999999,1404252.05143000,8922,9789.72200000,735670.68478000,0
1782905400000000,75.02000000,75.11000000,74.84000000,74.97000000,28227.71400000,1782906299999999,2115196.20327000,10292,13275.45300000,995001.32695000,0
1782906300000000,74.97000000,75.04000000,74.64000000,74.84000000,47935.92700000,1782907199999999,3584983.06060000,8753,20739.64900000,1550470.94975000,0
1782907200000000,74.84000000,74.96000000,74.37000000,74.47000000,67126.91100000,1782908099999999,5009971.06703000,14852,35202.34400000,2626995.78815000,0
1782908100000000,74.48000000,74.68000000,74.48000000,74.61000000,17405.25700000,1782908999999999,1298336.26864000,8017,10022.74900000,747657.63551000,0
1782909000000000,74.60000000,74.72000000,74.36000000,74.50000000,33482.56300000,1782909899999999,2493352.96558000,13833,15621.93500000,1163333.53664000,0
1782909900000000,74.51000000,74.62000000,74.27000000,74.62000000,30265.60500000,1782910799999999,2253715.27920000,12773,12853.08900000,957314.80514000,0
1782910800000000,74.61000000,75.07000000,74.61000000,74.95000000,54810.84600000,1782911699999999,4104144.92897000,16252,31992.06500000,2394821.21484000,0
1782911700000000,74.95000000,75.42000000,74.86000000,75.37000000,34813.06000000,1782912599999999,2616527.92442000,13627,21156.79200000,1590101.41483000,0
1782912600000000,75.36000000,75.70000000,74.66000000,75.49000000,109206.01200000,1782913499999999,8224124.32879000,45980,47814.40000000,3600059.84758000,0
1782913500000000,75.48000000,76.34000000,75.34000000,76.04000000,115390.17200000,1782914399999999,8757169.44302000,38511,78507.89300000,5960849.61384000,0
1782914400000000,76.04000000,76.32000000,75.64000000,76.30000000,109344.86700000,1782915299999999,8310748.77484000,31138,71676.36900000,5447613.09640000,0
1782915300000000,76.31000000,77.27000000,76.24000000,76.67000000,148095.93200000,1782916199999999,11379228.68957000,47195,86969.90200000,6682702.98509000,0
1782916200000000,76.67000000,77.00000000,76.34000000,76.87000000,64669.52200000,1782917099999999,4960975.25406000,31096,28115.05400000,2157666.63857000,0
1782917100000000,76.87000000,77.15000000,76.42000000,76.97000000,59853.86400000,1782917999999999,4601207.97268000,27264,29209.31600000,2245564.14186000,0
1782918000000000,76.97000000,77.47000000,76.85000000,77.02000000,48628.06300000,1782918899999999,3751847.51427000,26918,21384.31800000,1649974.56601000,0
1782918900000000,77.02000000,77.80000000,76.82000000,77.54000000,81545.71700000,1782919799999999,6314015.37316000,31659,43144.63500000,3339518.10708000,0
1782919800000000,77.55000000,77.64000000,77.22000000,77.45000000,45178.13500000,1782920699999999,3495045.34526000,17738,20777.08000000,1607166.53691000,0
1782920700000000,77.44000000,77.50000000,77.10000000,77.43000000,32577.16300000,1782921599999999,2517517.71098000,12621,19219.99200000,1485669.64044000,0
1782921600000000,77.43000000,77.50000000,77.18000000,77.29000000,33976.35500000,1782922499999999,2628159.93989000,14018,15055.02100000,1164765.84209000,0
1782922500000000,77.28000000,78.25000000,77.27000000,77.77000000,122746.92900000,1782923399999999,9547273.13742000,24960,67796.04600000,5271993.36029000,0
1782923400000000,77.77000000,77.83000000,77.49000000,77.67000000,36682.96000000,1782924299999999,2847044.01233000,9616,14240.05300000,1105244.58036000,0
1782924300000000,77.68000000,77.68000000,76.91000000,77.17000000,34019.02400000,1782925199999999,2627442.70825000,12480,13688.84100000,1057308.00206000,0
1782925200000000,77.17000000,77.29000000,76.85000000,77.24000000,40970.93200000,1782926099999999,3160801.82995000,10288,17767.70300000,1370485.24763000,0
1782926100000000,77.25000000,77.98000000,77.19000000,77.74000000,37904.14700000,1782926999999999,2940924.75621000,13695,21313.41600000,1653932.00251000,0
1782927000000000,77.73000000,77.93000000,77.58000000,77.67000000,19619.58200000,1782927899999999,1525584.91785000,8323,11602.84400000,902282.25336000,0
1782927900000000,77.67000000,77.89000000,77.65000000,77.77000000,10995.93300000,1782928799999999,855404.67953000,6608,4807.53700000,374006.84892000,0
1782928800000000,77.77000000,77.91000000,77.51000000,77.76000000,26284.72400000,1782929699999999,2042971.04855000,10461,14674.03500000,1140401.87128000,0
1782929700000000,77.75000000,77.86000000,77.53000000,77.62000000,18117.14600000,1782930599999999,1406402.35997000,6161,5585.07500000,433622.06185000,0
1782930600000000,77.61000000,77.78000000,77.35000000,77.75000000,23157.21800000,1782931499999999,1797533.79575000,8754,8138.73300000,631715.07256000,0
1782931500000000,77.75000000,77.76000000,77.29000000,77.42000000,20547.39000000,1782932399999999,1591693.53263000,9117,8402.73800000,650851.70699000,0
1782932400000000,77.42000000,77.69000000,77.40000000,77.52000000,12394.94400000,1782933299999999,961271.43298000,6300,5844.46400000,453264.93251000,0
1782933300000000,77.53000000,77.61000000,77.16000000,77.24000000,15711.17300000,1782934199999999,1216318.87322000,8075,4851.59900000,375555.27764000,0
1782934200000000,77.24000000,77.42000000,77.20000000,77.35000000,17410.43100000,1782935099999999,1345863.94368000,7526,7209.43400000,557300.84289000,0
1782935100000000,77.34000000,77.34000000,76.80000000,77.00000000,32691.51100000,1782935999999999,2519303.58625000,11378,12695.42200000,978604.55719000,0
1782936000000000,77.01000000,77.05000000,76.70000000,76.85000000,21424.74000000,1782936899999999,1645970.01912000,9080,9144.21600000,702496.91878000,0
1782936900000000,76.84000000,76.92000000,76.59000000,76.88000000,20174.40800000,1782937799999999,1547895.52404000,7210,10224.12700000,784376.60560000,0
1782937800000000,76.88000000,77.36000000,76.83000000,77.23000000,30219.08600000,1782938699999999,2329882.31703000,8495,17148.73800000,1322428.23028000,0
1782938700000000,77.24000000,77.51000000,77.24000000,77.42000000,19288.81200000,1782939599999999,1492257.70694000,6218,8666.46800000,670613.38923000,0
1782939600000000,77.43000000,78.14000000,77.43000000,77.87000000,41874.11100000,1782940499999999,3259206.39136000,14198,24228.95000000,1886096.68079000,0
1782940500000000,77.87000000,77.94000000,77.68000000,77.84000000,23470.87300000,1782941399999999,1826386.19206000,8501,12091.35600000,940925.34029000,0
1782941400000000,77.83000000,78.63000000,77.82000000,78.22000000,50313.45600000,1782942299999999,3938226.41013000,15970,25962.55000000,2032327.92441000,0
1782942300000000,78.22000000,78.70000000,78.15000000,78.42000000,28184.54100000,1782943199999999,2210349.22911000,9666,15615.53600000,1224748.15523000,0
1782943200000000,78.41000000,78.41000000,78.20000000,78.29000000,15369.90100000,1782944099999999,1203621.65411000,6447,8475.11600000,663704.00765000,0
1782944100000000,78.29000000,78.96000000,78.22000000,78.23000000,81859.15300000,1782944999999999,6435723.25445000,24162,44646.47200000,3510613.73245000,0
1782945000000000,78.23000000,78.42000000,78.02000000,78.05000000,25403.17500000,1782945899999999,1986609.02158000,11387,12961.86900000,1013860.04895000,0
1782945900000000,78.04000000,78.06000000,77.77000000,77.87000000,30253.36300000,1782946799999999,2356742.11923000,11790,16533.67300000,1287865.17725000,0
1782946800000000,77.86000000,77.90000000,77.49000000,77.54000000,22865.83600000,1782947699999999,1775848.64133000,11149,11268.53800000,875098.82795000,0
1782947700000000,77.54000000,77.74000000,77.38000000,77.68000000,23427.00500000,1782948599999999,1817833.98830000,9629,11847.11000000,919288.77072000,0
1782948600000000,77.68000000,77.79000000,77.46000000,77.53000000,34308.99200000,1782949499999999,2662338.50198000,11894,18113.53800000,1405625.12171000,0
1782949500000000,77.53000000,77.62000000,77.26000000,77.46000000,26538.78600000,1782950399999999,2055032.16843000,8807,11783.08100000,912226.19471000,0
1782950400000000,77.46000000,77.46000000,77.12000000,77.33000000,41471.09500000,1782951299999999,3207034.27665000,12463,24206.15100000,1872115.82981000,0
1782951300000000,77.33000000,77.38000000,77.09000000,77.18000000,17546.78300000,1782952199999999,1355281.29052000,8285,8661.55500000,669051.00906000,0
1782952200000000,77.19000000,77.21000000,76.90000000,76.98000000,16929.09800000,1782953099999999,1303896.51047000,6724,6635.24800000,510989.72498000,0
1782953100000000,76.98000000,77.36000000,76.98000000,77.26000000,24035.13700000,1782953999999999,1855581.58086000,8470,12589.93900000,971601.48045000,0
1782954000000000,77.27000000,77.65000000,77.23000000,77.63000000,15431.24500000,1782954899999999,1194906.12560000,8036,9126.75900000,706536.70117000,0
1782954900000000,77.63000000,77.95000000,77.56000000,77.95000000,15250.53200000,1782955799999999,1186092.24699000,7830,9064.95000000,705059.54467000,0
1782955800000000,77.96000000,78.71000000,77.95000000,78.32000000,34158.64600000,1782956699999999,2675103.74987000,16025,19164.75200000,1500873.28000000,0
1782956700000000,78.33000000,78.43000000,78.01000000,78.20000000,23433.36600000,1782957599999999,1832992.40984000,9021,12791.69900000,1000666.50935000,0
1782957600000000,78.20000000,78.20000000,77.80000000,78.05000000,16149.70600000,1782958499999999,1259988.52934000,9548,8208.91300000,640550.81705000,0
1782958500000000,78.05000000,78.26000000,78.04000000,78.19000000,12545.32200000,1782959399999999,980580.74642000,7993,6210.57200000,485422.78829000,0
1782959400000000,78.19000000,78.53000000,78.11000000,78.50000000,14569.30600000,1782960299999999,1142103.20959000,8627,8279.52200000,649038.38821000,0
1782960300000000,78.50000000,78.60000000,78.33000000,78.44000000,19800.97700000,1782961199999999,1553241.26732000,7454,10010.76600000,785208.30230000,0
1782961200000000,78.44000000,78.56000000,78.36000000,78.45000000,12024.69500000,1782962099999999,943480.50776000,6402,5815.52400000,456326.11287000,0
1782962100000000,78.45000000,78.72000000,77.76000000,78.47000000,91611.76200000,1782962999999999,7162166.01613000,17558,29614.60000000,2317284.66755000,0
1782963000000000,78.46000000,78.61000000,78.07000000,78.54000000,41830.10900000,1782963899999999,3278025.74144000,12367,13054.80400000,1023822.91699000,0
1782963900000000,78.53000000,78.96000000,78.38000000,78.72000000,44481.19700000,1782964799999999,3502927.94497000,12604,30627.28000000,2411987.26979000,0
1782964800000000,78.71000000,78.72000000,78.36000000,78.51000000,26555.41200000,1782965699999999,2086279.16271000,8668,13433.72900000,1055451.86285000,0
1782965700000000,78.50000000,78.50000000,78.24000000,78.30000000,20851.98000000,1782966599999999,1633974.34946000,5659,9807.21200000,768516.01008000,0
1782966600000000,78.30000000,78.30000000,78.06000000,78.21000000,12985.65500000,1782967499999999,1014813.99635000,4529,5518.57000000,431257.89758000,0
1782967500000000,78.21000000,78.41000000,78.15000000,78.29000000,14224.86000000,1782968399999999,1113868.53330000,4023,5386.99800000,421843.77344000,0
1782968400000000,78.28000000,78.36000000,78.09000000,78.29000000,11083.29600000,1782969299999999,867058.77807000,4432,5200.12200000,406792.82153000,0
1782969300000000,78.29000000,78.33000000,78.05000000,78.05000000,13756.75600000,1782970199999999,1075147.83444000,4124,4633.32600000,362188.87770000,0
1782970200000000,78.05000000,78.15000000,77.79000000,77.84000000,15262.31600000,1782971099999999,1190124.32354000,6447,5487.23500000,427981.55857000,0
1782971100000000,77.85000000,78.14000000,77.80000000,78.11000000,11088.91700000,1782971999999999,864723.05594000,4694,6434.09300000,501822.26837000,0
1782972000000000,78.11000000,78.20000000,77.93000000,78.07000000,25692.64500000,1782972899999999,2004870.15707000,8689,9661.92900000,753952.23061000,0
1782972900000000,78.07000000,78.40000000,78.03000000,78.24000000,16830.55500000,1782973799999999,1316545.58699000,7436,9702.54700000,758819.17644000,0
1782973800000000,78.24000000,78.64000000,78.08000000,78.13000000,26584.52700000,1782974699999999,2083570.95825000,7875,14071.02000000,1103249.70768000,0
1782974700000000,78.14000000,78.17000000,77.74000000,77.90000000,20133.72300000,1782975599999999,1568496.89488000,8492,7621.86900000,593798.69927000,0
1782975600000000,77.91000000,78.00000000,77.67000000,77.80000000,24388.50900000,1782976499999999,1898312.73246000,9025,10288.39400000,800973.72497000,0
1782976500000000,77.81000000,77.95000000,77.59000000,77.74000000,14205.45600000,1782977399999999,1104531.81541000,7123,6825.74900000,530683.79259000,0
1782977400000000,77.74000000,77.98000000,77.65000000,77.97000000,22390.55100000,1782978299999999,1742828.10935000,8208,13088.42800000,1018736.54564000,0
1782978300000000,77.98000000,78.20000000,77.91000000,77.99000000,17516.66100000,1782979199999999,1366276.29172000,8069,9908.10600000,772807.30927000,0
1782979200000000,78.00000000,78.23000000,77.94000000,78.14000000,19950.50800000,1782980099999999,1558639.90058000,8762,10084.07900000,787775.01348000,0
1782980100000000,78.14000000,78.31000000,78.14000000,78.21000000,19584.64700000,1782980999999999,1532484.11047000,6382,13320.76300000,1042458.06909000,0
1782981000000000,78.20000000,78.48000000,78.10000000,78.41000000,26225.02000000,1782981899999999,2053798.57111000,7358,15183.63500000,1188879.86191000,0
1782981900000000,78.41000000,78.52000000,78.34000000,78.48000000,15602.64000000,1782982799999999,1223866.56173000,5199,7730.83500000,606413.54066000,0
1782982800000000,78.48000000,78.62000000,78.29000000,78.43000000,49229.98400000,1782983699999999,3861760.92286000,8203,24495.10400000,1921129.48928000,0
1782983700000000,78.44000000,78.88000000,78.35000000,78.82000000,50336.23200000,1782984599999999,3957597.21703000,9147,30460.68500000,2395183.40437000,0
1782984600000000,78.82000000,79.80000000,78.76000000,79.48000000,130318.94800000,1782985499999999,10349467.96188000,35956,79486.96300000,6311650.66959000,0
1782985500000000,79.47000000,79.72000000,79.25000000,79.50000000,51007.36600000,1782986399999999,4055610.56800000,18054,28491.74700000,2265518.23937000,0
1782986400000000,79.49000000,79.87000000,79.43000000,79.69000000,29858.35300000,1782987299999999,2377982.64018000,10929,16498.29600000,1314119.02473000,0
1782987300000000,79.70000000,80.59000000,79.46000000,80.25000000,111073.51600000,1782988199999999,8890884.20617000,32619,65547.93800000,5248031.35171000,0
1782988200000000,80.25000000,81.34000000,80.20000000,81.05000000,190440.17500000,1782989099999999,15392091.99402000,44549,105003.23100000,8489438.17861000,0
1782989100000000,81.06000000,82.18000000,80.89000000,82.09000000,215287.90100000,1782989999999999,17547668.94316000,57466,121671.26300000,9921467.20341000,0
1782990000000000,82.09000000,82.66000000,81.51000000,82.29000000,155508.36900000,1782990899999999,12759066.28432000,53449,79930.93400000,6560989.92374000,0
1782990900000000,82.29000000,82.78000000,81.95000000,82.54000000,119780.00300000,1782991799999999,9864924.58299000,47803,70519.82200000,5808072.88158000,0
1782991800000000,82.54000000,82.73000000,82.18000000,82.43000000,78403.66100000,1782992699999999,6462474.47464000,27034,41730.17600000,3439341.91156000,0
1782992700000000,82.43000000,82.57000000,81.99000000,82.38000000,97798.02300000,1782993599999999,8049481.44807000,28362,47779.56400000,3932454.13780000,0
1782993600000000,82.37000000,82.45000000,82.15000000,82.28000000,59622.17400000,1782994499999999,4906230.76523000,20828,29784.81000000,2450977.33342000,0
1782994500000000,82.29000000,82.40000000,81.66000000,82.07000000,91790.95500000,1782995399999999,7522616.50943000,27104,41075.53200000,3366899.41294000,0
1782995400000000,82.07000000,82.41000000,81.12000000,81.22000000,139789.77300000,1782996299999999,11405177.39502000,53410,56260.64100000,4591076.51193000,0
1782996300000000,81.21000000,81.50000000,81.21000000,81.41000000,51722.11800000,1782997199999999,4208811.64079000,18971,25222.53200000,2052543.99445000,0
1782997200000000,81.40000000,81.69000000,81.23000000,81.47000000,45266.35800000,1782998099999999,3688731.91989000,17713,21987.71400000,1791626.83343000,0
1782998100000000,81.47000000,81.67000000,80.72000000,80.95000000,78659.08700000,1782998999999999,6395692.46092000,30996,37716.01600000,3068110.73588000,0
1782999000000000,80.96000000,81.82000000,80.78000000,81.77000000,97433.87800000,1782999899999999,7937311.88666000,44307,51727.79500000,4214734.31420000,0
1782999900000000,81.77000000,81.99000000,81.35000000,81.51000000,50046.31400000,1783000799999999,4088572.07039000,24951,25459.47000000,2079834.18235000,0
1783000800000000,81.50000000,81.53000000,81.06000000,81.30000000,43704.36600000,1783001699999999,3553343.97757000,25504,23116.79000000,1879849.95396000,0
1783001700000000,81.29000000,81.46000000,80.41000000,80.58000000,67255.76000000,1783002599999999,5434923.12684000,29631,22547.01900000,1821927.57906000,0
1783002600000000,80.59000000,80.91000000,80.41000000,80.53000000,38548.50100000,1783003499999999,3108486.10245000,23124,22904.16700000,1847147.63378000,0
1783003500000000,80.53000000,80.87000000,80.12000000,80.54000000,75623.24100000,1783004399999999,6078002.14323000,26739,40016.44100000,3215474.03936000,0
1783004400000000,80.54000000,80.68000000,80.09000000,80.37000000,30804.21000000,1783005299999999,2474837.36490000,16286,16651.18800000,1337753.78411000,0
1783005300000000,80.36000000,80.80000000,80.25000000,80.69000000,29933.16300000,1783006199999999,2411599.71930000,16188,16696.71700000,1344994.25552000,0
1783006200000000,80.68000000,80.86000000,80.54000000,80.76000000,23101.86700000,1783007099999999,1864738.39259000,12259,13704.03500000,1106190.82495000,0
1783007100000000,80.75000000,80.92000000,80.57000000,80.86000000,22896.51100000,1783007999999999,1849754.67510000,10300,13527.03800000,1092506.99605000,0
1783008000000000,80.87000000,81.11000000,80.67000000,81.01000000,26665.66100000,1783008899999999,2157638.17052000,11695,13873.34100000,1122621.11792000,0
1783008900000000,81.02000000,81.03000000,80.37000000,80.52000000,31455.85800000,1783009799999999,2537477.08762000,14768,13818.48300000,1115085.69704000,0
1783009800000000,80.53000000,80.72000000,80.15000000,80.25000000,34458.96200000,1783010699999999,2769827.87330000,16045,18477.19500000,1485303.61894000,0
1783010700000000,80.25000000,80.76000000,80.24000000,80.56000000,37853.42600000,1783011599999999,3048585.81443000,14402,24928.00700000,2007754.18548000,0
1783011600000000,80.55000000,81.01000000,80.51000000,80.93000000,126719.94700000,1783012499999999,10241210.75588000,21183,82356.04400000,6655572.77442000,0
1783012500000000,80.94000000,81.24000000,80.90000000,81.13000000,28118.80100000,1783013399999999,2280115.73124000,11809,14360.47300000,1164549.14009000,0
1783013400000000,81.12000000,81.12000000,80.68000000,80.88000000,16716.66500000,1783014299999999,1352439.55672000,9661,9335.70800000,755195.77420000,0
1783014300000000,80.87000000,80.94000000,80.58000000,80.63000000,10226.78500000,1783015199999999,825588.92868000,6899,4282.49700000,345733.48739000,0
1783015200000000,80.64000000,81.15000000,80.64000000,81.10000000,11713.65400000,1783016099999999,947807.84191000,8214,7511.82200000,607906.69316000,0
1783016100000000,81.09000000,81.10000000,80.86000000,80.96000000,17982.33500000,1783016999999999,1455706.14804000,8186,8703.44700000,704515.48063000,0
1783017000000000,80.96000000,81.10000000,80.87000000,81.06000000,17465.35500000,1783017899999999,1414890.75503000,7081,9999.39300000,810182.00799000,0
1783017900000000,81.07000000,81.26000000,80.93000000,81.04000000,28672.98600000,1783018799999999,2323999.40615000,9280,11700.47000000,948668.35654000,0
1783018800000000,81.04000000,81.12000000,80.91000000,81.09000000,21690.66600000,1783019699999999,1757363.33612000,10499,10647.79700000,862647.84518000,0
1783019700000000,81.10000000,81.10000000,80.80000000,80.88000000,12500.97100000,1783020599999999,1011348.92637000,6057,5829.12900000,471551.67132000,0
1783020600000000,80.89000000,81.09000000,80.85000000,81.08000000,18295.88300000,1783021499999999,1481066.54749000,6572,12420.50100000,1005432.77749000,0
1783021500000000,81.09000000,81.32000000,80.83000000,80.83000000,20418.25600000,1783022399999999,1655624.83262000,9266,12123.19900000,983363.34281000,0
1783022400000000,80.84000000,80.88000000,80.60000000,80.81000000,26230.71200000,1783023299999999,2116962.92923000,6741,13041.66500000,1052715.05572000,0
1783023300000000,80.81000000,80.88000000,80.58000000,80.63000000,15848.92300000,1783024199999999,1278594.83873000,3764,4206.77000000,339457.15730000,0
1783024200000000,80.63000000,80.82000000,80.59000000,80.79000000,10197.19300000,1783025099999999,823342.56385000,4030,6913.29000000,558236.36284000,0
1783025100000000,80.79000000,81.11000000,80.78000000,81.03000000,18978.59000000,1783025999999999,1536425.29767000,5754,10928.57400000,884740.55241000,0
1783026000000000,81.03000000,81.17000000,80.93000000,81.08000000,12332.80900000,1783026899999999,999198.10536000,3953,6525.71800000,528727.01365000,0
1783026900000000,81.08000000,81.12000000,80.93000000,80.93000000,6365.27300000,1783027799999999,515851.97040000,2594,3428.37900000,277860.71168000,0
1783027800000000,80.92000000,81.01000000,80.70000000,80.75000000,8935.36100000,1783028699999999,722503.71317000,4565,4765.86900000,385409.10043000,0
1783028700000000,80.75000000,80.80000000,80.50000000,80.80000000,12285.45600000,1783029599999999,990575.97855000,6851,6950.82700000,560361.55179000,0
1783029600000000,80.79000000,80.87000000,80.45000000,80.48000000,26686.37400000,1783030499999999,2150485.10340000,7827,5507.42300000,444053.41861000,0
1783030500000000,80.48000000,80.68000000,80.41000000,80.66000000,17622.56400000,1783031399999999,1419734.13899000,5849,5741.99800000,462541.71690000,0
1783031400000000,80.65000000,80.77000000,80.50000000,80.54000000,19734.70400000,1783032299999999,1591429.92515000,5355,7400.34900000,596962.86303000,0
1783032300000000,80.55000000,80.89000000,80.49000000,80.66000000,25628.69500000,1783033199999999,2067158.54646000,7140,14324.23500000,1155106.45896000,0
1783033200000000,80.66000000,80.69000000,80.50000000,80.53000000,8974.97600000,1783034099999999,723280.17389000,5814,5346.15700000,430871.05013000,0
1783034100000000,80.54000000,80.75000000,80.50000000,80.68000000,6229.04400000,1783034999999999,502297.01390000,4787,3884.63800000,313230.35938000,0
1783035000000000,80.68000000,80.76000000,80.52000000,80.64000000,9096.99000000,1783035899999999,733641.51660000,5304,3694.77800000,298005.91724000,0
1783035900000000,80.64000000,80.78000000,80.63000000,80.73000000,12975.51800000,1783036799999999,1047009.46477000,5148,4936.94500000,398380.01068000,0
1783036800000000,80.72000000,80.85000000,80.58000000,80.73000000,17315.69300000,1783037699999999,1397617.87521000,8306,7582.53200000,612063.85352000,0
1783037700000000,80.72000000,80.85000000,80.62000000,80.63000000,8327.81500000,1783038599999999,672315.84933000,6088,4795.02600000,387152.65266000,0
1783038600000000,80.64000000,80.88000000,80.52000000,80.83000000,11897.08500000,1783039499999999,960355.80819000,7496,6127.00800000,494556.25610000,0
1783039500000000,80.83000000,80.92000000,80.70000000,80.75000000,24774.23100000,1783040399999999,2002609.20079000,9508,11803.78100000,954175.57542000,0
1783040400000000,80.74000000,81.31000000,80.71000000,81.25000000,26340.47700000,1783041299999999,2134690.27216000,11554,18907.21300000,1532668.92358000,0
1783041300000000,81.25000000,81.26000000,81.01000000,81.17000000,13536.90200000,1783042199999999,1098697.23441000,6572,7134.15200000,579040.78234000,0
1783042200000000,81.17000000,81.62000000,81.09000000,81.46000000,25086.16500000,1783043099999999,2043401.40107000,9770,14861.74500000,1210309.27951000,0
1783043100000000,81.47000000,81.69000000,81.40000000,81.48000000,15918.83700000,1783043999999999,1298883.43499000,6201,6640.12600000,541818.84102000,0
1783044000000000,81.49000000,81.68000000,81.30000000,81.30000000,18623.22800000,1783044899999999,1517800.60186000,6776,9970.32600000,812756.03920000,0
1783044900000000,81.29000000,81.52000000,81.14000000,81.16000000,10418.69300000,1783045799999999,847857.58880000,5243,4270.87300000,347536.10946000,0
1783045800000000,81.15000000,81.16000000,80.77000000,80.83000000,18064.51700000,1783046699999999,1462770.02206000,10058,7480.73400000,605711.24552000,0
1783046700000000,80.83000000,80.88000000,80.66000000,80.82000000,10267.72500000,1783047599999999,829270.32478000,6654,4453.81800000,359777.09290000,0
1783047600000000,80.81000000,80.81000000,80.34000000,80.43000000,16657.21000000,1783048499999999,1342023.84754000,8885,7264.01300000,585137.49069000,0
1783048500000000,80.43000000,80.98000000,80.42000000,80.91000000,14837.96400000,1783049399999999,1198077.25276000,7553,9382.55300000,757355.29961000,0
1783049400000000,80.92000000,80.98000000,80.60000000,80.67000000,11170.78400000,1783050299999999,902248.62100000,5177,6643.07900000,536417.04319000,0
1783050300000000,80.66000000,80.81000000,80.63000000,80.73000000,19803.71300000,1783051199999999,1598558.70974000,5631,12032.84100000,971331.13287000,0
1783051200000000,80.72000000,80.77000000,80.47000000,80.66000000,12542.17000000,1783052099999999,1011171.11664000,4717,6709.41700000,540919.44742000,0
1783052100000000,80.66000000,80.66000000,80.48000000,80.63000000,11162.37200000,1783052999999999,899553.76375000,4336,5984.67900000,482264.38479000,0
1783053000000000,80.64000000,80.81000000,80.57000000,80.78000000,9681.72000000,1783053899999999,781336.93908000,3737,5915.20200000,477412.46787000,0
1783053900000000,80.78000000,80.80000000,80.44000000,80.51000000,21047.76200000,1783054799999999,1695667.01005000,5157,6381.97300000,514413.07111000,0
1783054800000000,80.50000000,80.75000000,80.47000000,80.72000000,13031.17700000,1783055699999999,1050630.89792000,6731,9055.87100000,730192.30990000,0
1783055700000000,80.71000000,80.91000000,80.61000000,80.85000000,10734.46900000,1783056599999999,867014.22890000,5270,5132.52900000,414494.15713000,0
1783056600000000,80.85000000,81.22000000,80.81000000,81.09000000,15757.78900000,1783057499999999,1277163.19237000,8813,8180.94000000,663003.89696000,0
1783057500000000,81.08000000,81.26000000,81.01000000,81.15000000,6785.98500000,1783058399999999,550712.13636000,5473,4070.73000000,330387.20299000,0
1783058400000000,81.16000000,81.39000000,81.07000000,81.15000000,27830.42200000,1783059299999999,2260369.08936000,9718,10420.76200000,846677.53172000,0
1783059300000000,81.15000000,81.24000000,80.94000000,81.01000000,22822.56700000,1783060199999999,1849974.72834000,5702,6700.16000000,543185.07134000,0
1783060200000000,81.00000000,81.12000000,80.73000000,80.84000000,17783.01200000,1783061099999999,1438890.68916000,7133,7216.07100000,584036.92596000,0
1783061100000000,80.85000000,81.09000000,80.83000000,80.96000000,20278.08000000,1783061999999999,1641022.32158000,5672,14600.10700000,1181457.18900000,0
1783062000000000,80.97000000,81.04000000,80.83000000,80.92000000,7527.56000000,1783062899999999,609307.82413000,4403,3623.96400000,293349.02937000,0
1783062900000000,80.93000000,81.11000000,80.92000000,81.10000000,7712.44800000,1783063799999999,625031.13271000,3868,4669.56300000,378429.10829000,0
1783063800000000,81.10000000,81.32000000,81.03000000,81.29000000,15213.33700000,1783064699999999,1234969.27070000,6267,6397.74000000,519352.05692000,0
1783064700000000,81.28000000,81.51000000,81.19000000,81.22000000,24667.92900000,1783065599999999,2006650.10334000,8291,10461.81700000,851154.73983000,0
1783065600000000,81.23000000,81.33000000,81.12000000,81.17000000,15415.15400000,1783066499999999,1252186.58723000,6210,6641.19500000,539460.08730000,0
1783066500000000,81.18000000,81.28000000,81.00000000,81.05000000,15010.59800000,1783067399999999,1217950.42343000,6855,6763.51000000,548810.50513000,0
1783067400000000,81.05000000,81.53000000,80.94000000,81.39000000,25172.55200000,1783068299999999,2045853.91447000,9869,14255.43000000,1158651.88331000,0
1783068300000000,81.38000000,81.38000000,80.84000000,80.92000000,24856.84200000,1783069199999999,2014186.00112000,10370,13014.77300000,1054171.72455000,0
1783069200000000,80.91000000,81.09000000,80.80000000,81.08000000,20171.51200000,1783070099999999,1632640.24150000,10641,12247.30400000,991413.40372000,0
1783070100000000,81.08000000,81.11000000,80.87000000,80.95000000,11638.06000000,1783070999999999,942455.53727000,6525,6030.66500000,488321.97960000,0
1783071000000000,80.94000000,80.95000000,80.67000000,80.86000000,17476.12600000,1783071899999999,1411843.66093000,6924,7162.09800000,578587.81670000,0
1783071900000000,80.85000000,81.30000000,80.85000000,81.02000000,21552.90300000,1783072799999999,1747188.14228000,7884,8962.00200000,726589.91014000,0
1783072800000000,81.02000000,81.27000000,81.01000000,81.07000000,16807.46700000,1783073699999999,1363429.51081000,8008,7134.31500000,578840.96996000,0
1783073700000000,81.08000000,81.25000000,80.87000000,81.16000000,16997.22000000,1783074599999999,1377410.78853000,6724,7344.12300000,595253.23989000,0
1783074600000000,81.15000000,81.57000000,81.05000000,81.45000000,30667.24000000,1783075499999999,2493587.35045000,9959,20095.63500000,1633854.64614000,0
1783075500000000,81.46000000,81.88000000,81.25000000,81.54000000,57416.65700000,1783076399999999,4686270.78254000,16601,32730.80200000,2671094.52772000,0
1783076400000000,81.55000000,81.71000000,81.41000000,81.54000000,15928.23300000,1783077299999999,1298990.77095000,9786,5359.80100000,437184.00113000,0
1783077300000000,81.54000000,81.66000000,81.31000000,81.38000000,32250.83600000,1783078199999999,2628536.39910000,12067,12301.17400000,1003237.00605000,0
1783078200000000,81.38000000,81.45000000,81.25000000,81.33000000,13168.18300000,1783079099999999,1071367.19506000,6985,3856.91600000,313764.52640000,0
1783079100000000,81.33000000,81.67000000,81.33000000,81.58000000,15172.58800000,1783079999999999,1237184.12138000,8369,6139.83700000,500584.59403000,0
1783080000000000,81.57000000,81.78000000,81.47000000,81.51000000,26568.19400000,1783080899999999,2167770.23289000,9874,11130.21500000,908225.38003000,0
1783080900000000,81.51000000,81.52000000,81.23000000,81.33000000,29791.40800000,1783081799999999,2423199.46838000,9894,9354.95700000,760948.96363000,0
1783081800000000,81.32000000,81.42000000,81.25000000,81.35000000,12448.63900000,1783082699999999,1012380.38352000,6410,4466.74500000,363274.38697000,0
1783082700000000,81.36000000,81.57000000,81.36000000,81.53000000,12951.81400000,1783083599999999,1055133.25327000,5246,5876.64300000,478727.41752000,0
1783083600000000,81.54000000,81.70000000,81.52000000,81.62000000,21522.77500000,1783084499999999,1756508.93226000,7181,11191.38300000,913476.48506000,0
1783084500000000,81.63000000,81.71000000,81.43000000,81.66000000,9583.06400000,1783085399999999,781990.81930000,6023,5103.70100000,416531.74247000,0
1783085400000000,81.66000000,81.72000000,81.44000000,81.64000000,20746.82600000,1783086299999999,1693590.64608000,7363,16361.06800000,1335722.36824000,0
1783086300000000,81.65000000,81.85000000,81.47000000,81.61000000,18464.73000000,1783087199999999,1507981.26393000,9207,8440.21500000,689431.79856000,0
1783087200000000,81.61000000,81.61000000,80.96000000,81.05000000,21410.20600000,1783088099999999,1739734.35016000,12511,7331.75800000,596069.93806000,0
1783088100000000,81.05000000,81.30000000,80.91000000,81.28000000,20605.67700000,1783088999999999,1671587.29906000,13280,9541.24100000,774034.79138000,0
1783089000000000,81.28000000,81.60000000,81.24000000,81.56000000,18908.22300000,1783089899999999,1539164.88630000,9627,8538.43400000,694968.16263000,0
1783089900000000,81.55000000,81.84000000,81.46000000,81.69000000,16757.15200000,1783090799999999,1368294.08045000,8901,8907.66100000,727466.56058000,0
1783090800000000,81.69000000,82.06000000,81.59000000,81.61000000,34163.67200000,1783091699999999,2795848.44744000,16463,18097.60100000,1481375.63721000,0
1783091700000000,81.61000000,81.65000000,81.23000000,81.28000000,23098.39700000,1783092599999999,1880743.70553000,12617,13293.56900000,1082285.50621000,0
1783092600000000,81.27000000,81.38000000,81.16000000,81.23000000,20088.86400000,1783093499999999,1632836.72082000,9553,12926.60900000,1050777.77519000,0
1783093500000000,81.24000000,81.34000000,81.15000000,81.21000000,13406.61200000,1783094399999999,1089182.50093000,5829,7628.50900000,619758.83756000,0
1783094400000000,81.21000000,81.38000000,81.08000000,81.20000000,14196.08400000,1783095299999999,1153350.24090000,7198,6441.79200000,523446.84540000,0
1783095300000000,81.20000000,81.43000000,81.18000000,81.33000000,8134.07100000,1783096199999999,661489.78950000,5023,3460.39900000,281380.49616000,0
1783096200000000,81.34000000,81.46000000,81.17000000,81.45000000,11660.16200000,1783097099999999,948185.81881000,5708,5026.67900000,408856.52996000,0
1783097100000000,81.45000000,81.57000000,81.31000000,81.54000000,11749.64900000,1783097999999999,957210.69326000,5038,6055.58700000,493371.40658000,0
1783098000000000,81.54000000,81.75000000,81.47000000,81.64000000,13888.73100000,1783098899999999,1133587.12297000,5869,8616.41000000,703237.73307000,0
1783098900000000,81.64000000,81.98000000,81.63000000,81.79000000,25682.69600000,1783099799999999,2101537.76949000,7298,14352.40500000,1174366.01901000,0
1783099800000000,81.78000000,81.86000000,81.58000000,81.69000000,11519.38200000,1783100699999999,941482.76669000,5485,4395.24600000,359196.73827000,0
1783100700000000,81.70000000,81.82000000,81.64000000,81.78000000,7195.70800000,1783101599999999,588047.06087000,3077,2373.45400000,193977.54282000,0
1783101600000000,81.79000000,81.82000000,81.63000000,81.70000000,14895.82700000,1783102499999999,1216991.59070000,4814,5086.05600000,415497.01609000,0
1783102500000000,81.70000000,81.90000000,81.70000000,81.78000000,14204.67300000,1783103399999999,1161930.60766000,4759,6769.13200000,553765.91132000,0
1783103400000000,81.78000000,81.97000000,81.75000000,81.96000000,5827.44100000,1783104299999999,476967.27793000,3822,3457.43000000,282988.27863000,0
1783104300000000,81.97000000,82.37000000,81.86000000,82.12000000,43520.87800000,1783105199999999,3573042.01953000,10693,25920.93700000,2128062.15152000,0
1783105200000000,82.12000000,82.31000000,82.08000000,82.10000000,14694.69400000,1783106099999999,1207421.88588000,6136,6427.72900000,528074.77924000,0
1783106100000000,82.11000000,82.39000000,82.11000000,82.33000000,18454.01300000,1783106999999999,1518569.67975000,8206,10078.43500000,829339.52613000,0
1783107000000000,82.33000000,83.22000000,82.20000000,82.79000000,105492.93600000,1783107899999999,8743979.37284000,25981,58455.09900000,4843746.36378000,0
1783107900000000,82.79000000,82.79000000,82.42000000,82.48000000,22454.55100000,1783108799999999,1854123.91200000,8516,10065.08500000,831020.03672000,0
1783108800000000,82.47000000,82.73000000,82.24000000,82.46000000,35872.89800000,1783109699999999,2958790.99875000,12136,19518.48000000,1609597.84461000,0
1783109700000000,82.46000000,82.71000000,82.29000000,82.56000000,28278.51200000,1783110599999999,2333543.28667000,11599,14715.49500000,1214104.45957000,0
1783110600000000,82.56000000,82.99000000,82.38000000,82.77000000,25587.11000000,1783111499999999,2115068.79858000,14895,14749.39800000,1219424.65250000,0
1783111500000000,82.77000000,83.00000000,82.66000000,82.72000000,16376.82100000,1783112399999999,1356249.38215000,11376,7380.23700000,611031.06423000,0
1783112400000000,82.72000000,83.05000000,82.64000000,82.64000000,19850.17700000,1783113299999999,1644080.74430000,10544,9207.53800000,762611.39771000,0
1783113300000000,82.64000000,82.72000000,82.33000000,82.38000000,11600.08600000,1783114199999999,957053.15298000,6999,5473.94000000,451587.13930000,0
1783114200000000,82.39000000,82.45000000,82.16000000,82.37000000,18049.05800000,1783115099999999,1485947.73460000,7533,7220.31600000,594346.27709000,0
1783115100000000,82.37000000,82.85000000,82.37000000,82.66000000,12441.44900000,1783115999999999,1028258.75121000,8067,7157.61300000,591551.76079000,0
1783116000000000,82.67000000,82.68000000,82.36000000,82.38000000,11379.34700000,1783116899999999,938628.73285000,7092,6234.10000000,514106.01749000,0
1783116900000000,82.37000000,82.57000000,82.35000000,82.40000000,8704.24600000,1783117799999999,717907.59768000,4793,4656.86000000,384116.03765000,0
1783117800000000,82.40000000,82.45000000,82.26000000,82.45000000,11491.38400000,1783118699999999,946268.41942000,4732,4448.08100000,366329.95618000,0
1783118700000000,82.44000000,82.44000000,82.25000000,82.34000000,8336.68800000,1783119599999999,686420.69620000,3080,3971.78600000,327026.38832000,0
1783119600000000,82.35000000,82.39000000,82.18000000,82.24000000,6274.23900000,1783120499999999,516201.22046000,4461,2430.71500000,200039.90921000,0
1783120500000000,82.23000000,82.36000000,82.18000000,82.26000000,8568.87500000,1783121399999999,705160.51398000,3997,4906.48300000,403757.63534000,0
1783121400000000,82.26000000,82.51000000,82.26000000,82.43000000,16202.70500000,1783122299999999,1335793.09852000,4456,8142.81500000,671228.49895000,0
1783122300000000,82.43000000,82.46000000,82.31000000,82.34000000,8794.03000000,1783123199999999,724441.33879000,3325,3838.63300000,316222.04630000,0
1783123200000000,82.35000000,82.74000000,82.26000000,82.58000000,27755.85300000,1783124099999999,2290738.10126000,11198,15522.34000000,1281152.68634000,0
1783124100000000,82.58000000,82.74000000,82.41000000,82.59000000,11476.39400000,1783124999999999,947200.82835000,4729,6083.77400000,502184.56928000,0
1783125000000000,82.58000000,82.67000000,82.40000000,82.48000000,12569.44100000,1783125899999999,1036857.45411000,5980,4808.53400000,396656.34117000,0
1783125900000000,82.49000000,82.61000000,82.39000000,82.39000000,6719.15700000,1783126799999999,554320.80614000,3474,2783.46600000,229577.92034000,0
1783126800000000,82.39000000,82.39000000,81.91000000,82.01000000,29365.84200000,1783127699999999,2409511.00124000,12877,8414.01900000,690396.55175000,0
1783127700000000,82.01000000,82.22000000,81.91000000,82.01000000,16814.46500000,1783128599999999,1380155.68329000,6921,7987.86500000,655508.72487000,0
1783128600000000,82.02000000,82.08000000,81.84000000,81.92000000,10856.26500000,1783129499999999,889616.45761000,4404,4163.58500000,341226.20790000,0
1783129500000000,81.92000000,81.99000000,81.80000000,81.95000000,12199.32000000,1783130399999999,999068.46579000,3159,4551.58000000,372786.62059000,0
1783130400000000,81.94000000,82.12000000,81.90000000,82.06000000,8785.53300000,1783131299999999,720512.97610000,3727,4895.93700000,401585.96683000,0
1783131300000000,82.06000000,82.08000000,81.95000000,82.08000000,8865.81900000,1783132199999999,727134.71273000,3819,5250.22100000,430608.43473000,0
1783132200000000,82.08000000,82.20000000,81.93000000,82.18000000,8537.22200000,1783133099999999,700568.70290000,4110,4758.93500000,390618.24200000,0
1783133100000000,82.18000000,82.40000000,82.14000000,82.18000000,6708.14500000,1783133999999999,551881.82674000,4145,3513.39600000,289049.35881000,0
1783134000000000,82.18000000,82.42000000,82.05000000,82.26000000,55101.43200000,1783134899999999,4532390.32157000,6467,29577.24600000,2432802.74074000,0
1783134900000000,82.27000000,82.42000000,82.24000000,82.41000000,43210.66900000,1783135799999999,3555675.14400000,4575,32657.07700000,2687156.69927000,0
1783135800000000,82.41000000,82.85000000,82.32000000,82.74000000,28070.77500000,1783136699999999,2319153.52066000,9041,18785.93500000,1552219.51812000,0
1783136700000000,82.73000000,82.79000000,82.59000000,82.74000000,27274.95100000,1783137599999999,2256029.64266000,5139,14528.08200000,1201586.49042000,0
1783137600000000,82.74000000,83.05000000,82.66000000,82.93000000,23471.98100000,1783138499999999,1946104.65823000,7768,16521.56800000,1369991.10157000,0
1783138500000000,82.94000000,83.10000000,82.76000000,82.99000000,18662.78400000,1783139399999999,1548078.93093000,6563,8304.76100000,688820.19707000,0
1783139400000000,82.99000000,83.97000000,82.97000000,83.71000000,74600.35000000,1783140299999999,6235189.83216000,26198,38853.98400000,3247187.73566000,0
1783140300000000,83.71000000,83.98000000,83.41000000,83.48000000,45899.34000000,1783141199999999,3840576.38452000,13777,20288.11800000,1696883.48081000,0
1783141200000000,83.47000000,83.47000000,83.13000000,83.23000000,36830.66400000,1783142099999999,3066932.29911000,8928,19361.50700000,1612385.46915000,0
1783142100000000,83.23000000,83.41000000,82.90000000,83.11000000,18685.49400000,1783142999999999,1553938.79902000,9119,9065.09300000,753975.88487000,0
1783143000000000,83.10000000,83.38000000,83.04000000,83.35000000,14183.03400000,1783143899999999,1180111.07509000,6020,7160.16100000,595763.61885000,0
1783143900000000,83.35000000,83.49000000,83.19000000,83.38000000,13606.58300000,1783144799999999,1134423.22984000,7636,7271.07600000,606252.83861000,0
1783144800000000,83.38000000,83.59000000,83.27000000,83.31000000,24547.14300000,1783145699999999,2048997.44935000,7423,6682.11600000,557528.59648000,0
1783145700000000,83.30000000,83.34000000,82.39000000,82.64000000,171813.27500000,1783146599999999,14235579.46505000,23121,39162.19300000,3243845.22624000,0
1783146600000000,82.64000000,82.83000000,82.61000000,82.67000000,18894.37800000,1783147499999999,1562857.48692000,5254,10000.91500000,827192.34549000,0
1783147500000000,82.66000000,82.72000000,82.49000000,82.55000000,11436.27800000,1783148399999999,944584.24769000,3584,6365.21700000,525709.63132000,0
1783148400000000,82.55000000,82.58000000,82.26000000,82.45000000,24182.29900000,1783149299999999,1992269.29328000,6710,9880.44900000,813918.73753000,0
1783149300000000,82.44000000,82.55000000,82.32000000,82.39000000,11355.87800000,1783150199999999,936034.37929000,4810,6461.72700000,532589.12712000,0
1783150200000000,82.40000000,82.57000000,82.39000000,82.48000000,14070.39600000,1783151099999999,1160623.54080000,5741,7563.46800000,623905.91504000,0
1783151100000000,82.49000000,82.83000000,82.44000000,82.72000000,18482.95100000,1783151999999999,1528267.87411000,5509,8756.83400000,723971.77547000,0
1783152000000000,82.72000000,82.78000000,82.54000000,82.65000000,19853.27600000,1783152899999999,1640216.37286000,5882,11316.48200000,934923.85317000,0
1783152900000000,82.66000000,82.67000000,82.40000000,82.45000000,13636.53000000,1783153799999999,1124961.02460000,5087,6180.93200000,509940.45721000,0
1783153800000000,82.45000000,82.70000000,82.41000000,82.47000000,13800.59100000,1783154699999999,1139151.01317000,6921,8793.15300000,725813.89259000,0
1783154700000000,82.47000000,82.60000000,82.25000000,82.32000000,22196.37200000,1783155599999999,1828184.77699000,7349,14358.80000000,1182662.73111000,0
1783155600000000,82.31000000,82.34000000,81.86000000,82.09000000,40001.90300000,1783156499999999,3281557.74827000,14683,15063.16000000,1235725.38482000,0
1783156500000000,82.08000000,82.17000000,81.96000000,82.02000000,12144.98200000,1783157399999999,996543.99165000,5490,6464.00100000,530408.03201000,0
1783157400000000,82.02000000,82.02000000,81.61000000,81.67000000,23312.10100000,1783158299999999,1906269.74714000,9606,10352.14200000,846602.21548000,0
1783158300000000,81.67000000,81.84000000,81.62000000,81.74000000,13340.73800000,1783159199999999,1090915.58273000,4268,7357.46600000,601636.24081000,0
1783159200000000,81.74000000,81.84000000,81.68000000,81.80000000,8508.59700000,1783160099999999,695686.71841000,3746,4632.24200000,378716.93714000,0
1783160100000000,81.80000000,81.94000000,81.69000000,81.75000000,11244.80600000,1783160999999999,920114.84559000,3773,5606.48300000,458855.08751000,0
1783161000000000,81.75000000,81.75000000,81.42000000,81.59000000,27714.16300000,1783161899999999,2260411.87105000,6806,12615.16200000,1028845.47506000,0
1783161900000000,81.59000000,81.75000000,81.55000000,81.65000000,15403.07300000,1783162799999999,1257576.75927000,3944,8010.92500000,654096.84089000,0
1783162800000000,81.64000000,81.77000000,81.53000000,81.69000000,14678.51000000,1783163699999999,1197862.19979000,4548,4388.96000000,358308.82098000,0
1783163700000000,81.69000000,81.83000000,81.66000000,81.74000000,16569.32500000,1783164599999999,1354282.80246000,4096,6292.77700000,514296.91613000,0
1783164600000000,81.73000000,81.93000000,81.72000000,81.87000000,19506.03600000,1783165499999999,1596722.92599000,4040,12435.22800000,1017873.42899000,0
1783165500000000,81.87000000,81.91000000,81.76000000,81.82000000,20799.02100000,1783166399999999,1701902.48092000,3922,10070.16600000,823977.73261000,0
1783166400000000,81.82000000,82.00000000,81.78000000,81.82000000,11796.07500000,1783167299999999,965687.81695000,4362,5176.93900000,423816.19346000,0
1783167300000000,81.82000000,81.85000000,81.56000000,81.66000000,18361.67000000,1783168199999999,1500569.86829000,4965,9298.71000000,759945.36705000,0
1783168200000000,81.66000000,81.70000000,81.37000000,81.50000000,25689.31700000,1783169099999999,2094598.65304000,6700,13644.14500000,1112485.99806000,0
1783169100000000,81.49000000,81.65000000,81.36000000,81.59000000,11357.86500000,1783169999999999,925551.71354000,3128,4286.00500000,349337.72160000,0
1783170000000000,81.59000000,81.67000000,81.48000000,81.54000000,7391.03800000,1783170899999999,602817.13161000,3027,4229.43000000,344948.69784000,0
1783170900000000,81.54000000,81.92000000,81.52000000,81.64000000,15622.75800000,1783171799999999,1276652.64588000,8694,9217.73300000,753303.39078000,0
1783171800000000,81.64000000,81.65000000,81.39000000,81.53000000,12870.20800000,1783172699999999,1049036.08459000,6409,4842.51100000,394712.48043000,0
1783172700000000,81.53000000,81.68000000,81.42000000,81.66000000,9540.27700000,1783173599999999,778037.21670000,4494,4952.85800000,403878.30868000,0
1783173600000000,81.65000000,81.85000000,81.63000000,81.79000000,10962.19900000,1783174499999999,896003.46933000,5010,7326.65700000,598815.07986000,0
1783174500000000,81.79000000,81.87000000,81.55000000,81.70000000,13009.37100000,1783175399999999,1062810.00493000,6316,7578.91000000,619151.05349000,0
1783175400000000,81.70000000,81.84000000,81.62000000,81.82000000,10489.52300000,1783176299999999,857302.87599000,5207,4998.95600000,408527.82009000,0
1783176300000000,81.82000000,81.85000000,81.66000000,81.80000000,10544.79200000,1783177199999999,862056.96240000,4787,4779.13300000,390659.08551000,0
1783177200000000,81.80000000,82.39000000,81.72000000,82.06000000,40257.91200000,1783178099999999,3304935.90578000,18489,21223.47800000,1742720.49848000,0
1783178100000000,82.06000000,82.28000000,81.95000000,82.22000000,21470.04500000,1783178999999999,1762939.46874000,11659,10721.71000000,880354.45215000,0
1783179000000000,82.22000000,82.37000000,82.09000000,82.20000000,22121.72800000,1783179899999999,1818986.20643000,10385,11861.28100000,975438.30929000,0
1783179900000000,82.20000000,82.42000000,82.10000000,82.23000000,12960.53200000,1783180799999999,1066270.82963000,6568,6643.26500000,546627.17977000,0
1783180800000000,82.24000000,82.30000000,82.00000000,82.05000000,16609.54800000,1783181699999999,1364417.82042000,8800,7543.45200000,619827.51893000,0
1783181700000000,82.04000000,82.29000000,82.04000000,82.24000000,10220.68500000,1783182599999999,840066.79887000,5582,5947.71400000,488863.88560000,0
1783182600000000,82.24000000,82.39000000,82.17000000,82.20000000,19172.91700000,1783183499999999,1577806.78064000,7232,9771.84400000,804125.68864000,0
1783183500000000,82.19000000,82.31000000,82.16000000,82.22000000,6341.06700000,1783184399999999,521407.86471000,4157,3022.53300000,248548.70256000,0
1783184400000000,82.21000000,82.22000000,81.90000000,82.04000000,18427.92100000,1783185299999999,1512215.25168000,7351,6882.56400000,564843.43460000,0
1783185300000000,82.05000000,82.32000000,82.01000000,82.30000000,8547.71300000,1783186199999999,702867.23930000,5233,5015.91800000,412407.76031000,0
1783186200000000,82.30000000,82.64000000,82.24000000,82.48000000,40017.91200000,1783187099999999,3299367.65364000,13173,22721.55200000,1873518.34413000,0
1783187100000000,82.48000000,82.83000000,82.40000000,82.52000000,28049.81700000,1783187999999999,2317801.03901000,12512,17093.31900000,1412507.38927000,0
1783188000000000,82.53000000,82.62000000,82.40000000,82.57000000,14427.41900000,1783188899999999,1190273.96301000,7341,6951.88200000,573615.44086000,0
1783188900000000,82.57000000,82.60000000,82.10000000,82.30000000,24212.37800000,1783189799999999,1992977.56164000,7408,13311.20100000,1095394.04899000,0
1783189800000000,82.30000000,82.30000000,82.15000000,82.16000000,6164.71300000,1783190699999999,506843.63071000,3569,3307.49800000,271924.21260000,0
1783190700000000,82.15000000,82.36000000,82.15000000,82.27000000,6041.39000000,1783191599999999,496969.89009000,3207,1783.86100000,146722.26211000,0
1783191600000000,82.27000000,82.34000000,81.71000000,81.79000000,20096.40700000,1783192499999999,1648077.10764000,7439,6050.11400000,496385.65333000,0
1783192500000000,81.79000000,81.97000000,81.78000000,81.90000000,17652.90700000,1783193399999999,1445499.68770000,5367,8063.66700000,660270.64406000,0
1783193400000000,81.90000000,82.03000000,81.77000000,82.01000000,10411.02500000,1783194299999999,852983.36269000,4927,4381.63900000,358933.78453000,0
1783194300000000,82.01000000,82.03000000,81.75000000,81.88000000,13407.58900000,1783195199999999,1098145.34318000,5846,6760.46300000,553892.49874000,0
1783195200000000,81.88000000,81.96000000,81.78000000,81.92000000,9474.74700000,1783196099999999,775887.97481000,5010,5553.16900000,454796.87903000,0
1783196100000000,81.92000000,82.29000000,81.58000000,81.73000000,31103.16900000,1783196999999999,2545808.95974000,8411,22840.19500000,1870660.57907000,0
1783197000000000,81.74000000,82.09000000,81.73000000,82.08000000,10057.89600000,1783197899999999,823847.57072000,4984,4243.82200000,347530.23583000,0
1783197900000000,82.09000000,82.16000000,81.93000000,81.98000000,12545.67000000,1783198799999999,1029455.11671000,4501,5802.49100000,476153.60123000,0
1783198800000000,81.99000000,82.03000000,81.85000000,81.99000000,12776.04300000,1783199699999999,1046863.06133000,3975,7398.96300000,606195.27134000,0
1783199700000000,81.99000000,82.15000000,81.99000000,82.11000000,6839.93700000,1783200599999999,561298.66872000,3266,3792.16500000,311211.21523000,0
1783200600000000,82.11000000,82.23000000,81.97000000,82.03000000,5546.51700000,1783201499999999,455331.57828000,3562,2034.01800000,167001.72219000,0
1783201500000000,82.02000000,82.05000000,81.91000000,82.00000000,4646.47100000,1783202399999999,380900.29767000,3014,2286.95800000,187473.38025000,0
1783202400000000,81.99000000,82.04000000,81.81000000,81.92000000,6131.17800000,1783203299999999,502428.56708000,4479,3588.60000000,294069.79732000,0
1783203300000000,81.92000000,82.00000000,81.80000000,81.84000000,4283.66100000,1783204199999999,350741.08140000,2169,1858.01100000,152161.92433000,0
1783204200000000,81.83000000,81.91000000,81.80000000,81.85000000,3168.03300000,1783205099999999,259349.04534000,2065,1558.85300000,127616.24770000,0
1783205100000000,81.85000000,81.94000000,81.79000000,81.94000000,5074.45300000,1783205999999999,415395.59685000,2756,2765.82900000,226435.10883000,0
1783206000000000,81.93000000,81.94000000,81.54000000,81.54000000,14958.25500000,1783206899999999,1222643.37068000,5750,5924.39800000,484395.33695000,0
1783206900000000,81.55000000,81.76000000,81.45000000,81.70000000,12043.35200000,1783207799999999,982319.74038000,4996,5849.03500000,477123.78705000,0
1783207800000000,81.69000000,81.84000000,81.69000000,81.80000000,6897.32200000,1783208699999999,563944.10966000,3781,3922.70500000,320726.90285000,0
1783208700000000,81.80000000,81.86000000,81.64000000,81.80000000,46252.90500000,1783209599999999,3784088.17114000,5041,10138.15700000,829152.41649000,0
1783209600000000,81.80000000,81.84000000,81.48000000,81.61000000,15950.87500000,1783210499999999,1302073.64122000,5150,7653.96900000,624753.90917000,0
1783210500000000,81.60000000,81.62000000,81.30000000,81.44000000,15257.66400000,1783211399999999,1242585.81684000,5802,5588.95000000,455115.25795000,0
1783211400000000,81.43000000,81.47000000,81.14000000,81.39000000,22082.94800000,1783212299999999,1795078.41585000,8158,10028.53100000,815133.83893000,0
1783212300000000,81.39000000,81.44000000,81.12000000,81.30000000,16188.46400000,1783213199999999,1315964.53480000,4555,5606.32900000,455689.99792000,0
1783213200000000,81.31000000,81.46000000,81.18000000,81.20000000,43872.22000000,1783214099999999,3567142.75724000,4911,24135.33000000,1961985.67203000,0
1783214100000000,81.20000000,81.21000000,80.71000000,81.04000000,46615.92500000,1783214999999999,3772191.48927000,12575,19237.65700000,1556551.66892000,0
1783215000000000,81.04000000,81.04000000,80.54000000,80.85000000,35814.50800000,1783215899999999,2892736.47159000,10572,15786.13600000,1275295.76262000,0
1783215900000000,80.85000000,80.95000000,80.74000000,80.84000000,8633.90500000,1783216799999999,697811.65662000,5130,3722.83900000,300859.97486000,0
1783216800000000,80.85000000,80.89000000,80.47000000,80.52000000,20779.24700000,1783217699999999,1674898.87174000,7210,9641.75900000,777431.29684000,0
1783217700000000,80.52000000,80.69000000,80.41000000,80.55000000,27017.45500000,1783218599999999,2175662.36796000,8540,14286.51500000,1150356.29160000,0
1783218600000000,80.55000000,80.65000000,80.24000000,80.27000000,20357.56900000,1783219499999999,1638320.30731000,7689,7524.54000000,605642.54977000,0
1783219500000000,80.26000000,80.40000000,80.20000000,80.36000000,16188.54900000,1783220399999999,1299565.45995000,6366,5624.71000000,451587.11882000,0
1783220400000000,80.37000000,80.60000000,80.36000000,80.58000000,10144.39200000,1783221299999999,816618.25211000,3391,5158.93800000,415286.75734000,0
1783221300000000,80.58000000,80.61000000,80.35000000,80.38000000,16381.17000000,1783222199999999,1318332.44553000,5584,8543.71900000,687566.02447000,0
1783222200000000,80.39000000,80.55000000,80.37000000,80.45000000,4244.66600000,1783223099999999,341535.86305000,3036,2196.58600000,176723.32310000,0
1783223100000000,80.45000000,80.58000000,80.44000000,80.56000000,10737.08600000,1783223999999999,864639.05619000,2716,6422.05200000,517189.78263000,0
1783224000000000,80.56000000,80.59000000,80.41000000,80.53000000,10144.76700000,1783224899999999,816671.64559000,4036,4315.71200000,347437.91800000,0
1783224900000000,80.53000000,80.71000000,80.53000000,80.69000000,15219.46900000,1783225799999999,1227250.25511000,4082,8478.95700000,683732.76799000,0
1783225800000000,80.69000000,80.87000000,80.68000000,80.85000000,7261.67500000,1783226699999999,586573.18013000,3567,4500.92600000,363554.53321000,0
1783226700000000,80.84000000,80.87000000,80.58000000,80.60000000,10367.33000000,1783227599999999,837014.42073000,3625,6696.20100000,540764.80238000,0
1783227600000000,80.59000000,80.59000000,80.42000000,80.51000000,11165.68100000,1783228499999999,899018.74601000,3351,4537.56000000,365335.89010000,0
1783228500000000,80.51000000,80.57000000,80.42000000,80.49000000,5237.98300000,1783229399999999,421677.32442000,2777,1885.17400000,151778.09007000,0
1783229400000000,80.49000000,80.58000000,80.24000000,80.27000000,9877.29600000,1783230299999999,794522.89682000,4501,4103.93300000,330138.68566000,0
1783230300000000,80.27000000,80.52000000,80.27000000,80.48000000,7279.95500000,1783231199999999,585399.96325000,3243,3096.38800000,248938.98647000,0
1783231200000000,80.48000000,80.49000000,80.34000000,80.45000000,4868.14600000,1783232099999999,391487.62219000,2892,1784.25200000,143488.22699000,0
1783232100000000,80.44000000,80.53000000,80.39000000,80.53000000,8329.25500000,1783232999999999,670328.45698000,2730,4243.01600000,341479.94765000,0
1783233000000000,80.53000000,80.67000000,80.48000000,80.53000000,10999.23800000,1783233899999999,886301.12542000,2949,6858.05100000,552541.23086000,0
1783233900000000,80.52000000,80.64000000,80.49000000,80.60000000,6120.65300000,1783234799999999,493164.99369000,3226,3039.19100000,244888.77735000,0
1783234800000000,80.60000000,80.64000000,80.43000000,80.45000000,5273.56900000,1783235699999999,424679.86946000,2469,1493.84600000,120303.41231000,0
1783235700000000,80.45000000,80.52000000,80.37000000,80.41000000,11285.24000000,1783236599999999,907943.82967000,3701,4371.10100000,351648.64141000,0
1783236600000000,80.42000000,80.65000000,80.42000000,80.58000000,8185.29700000,1783237499999999,659592.38259000,2911,4630.97800000,373180.61843000,0
1783237500000000,80.58000000,80.77000000,80.54000000,80.72000000,9792.46600000,1783238399999999,790190.15046000,3450,4717.77300000,380728.31109000,0
1783238400000000,80.72000000,80.87000000,80.52000000,80.63000000,21378.26500000,1783239299999999,1724751.75198000,6090,11723.05800000,945672.80772000,0
1783239300000000,80.63000000,80.71000000,80.46000000,80.49000000,6101.58000000,1783240199999999,491576.72067000,2051,2602.63700000,209687.39688000,0
1783240200000000,80.48000000,80.63000000,80.48000000,80.57000000,10682.84900000,1783241099999999,860548.74844000,3165,6273.30800000,505235.59232000,0
1783241100000000,80.58000000,80.63000000,80.46000000,80.50000000,6410.12300000,1783241999999999,516272.02820000,2410,1796.25100000,144692.96189000,0
1783242000000000,80.50000000,80.55000000,80.41000000,80.42000000,8769.28600000,1783242899999999,705692.74607000,2369,2938.76800000,236472.64714000,0
1783242900000000,80.42000000,80.46000000,80.15000000,80.19000000,16220.71200000,1783243799999999,1301929.01787000,5283,5895.00300000,473125.65428000,0
1783243800000000,80.19000000,80.25000000,79.68000000,79.80000000,50110.00900000,1783244699999999,4006052.35210000,15649,17385.09700000,1389609.70359000,0
1783244700000000,79.80000000,79.93000000,79.70000000,79.90000000,20886.93400000,1783245599999999,1667727.07018000,7323,12655.70600000,1010538.75228000,0
1783245600000000,79.90000000,80.13000000,79.75000000,80.01000000,16010.89600000,1783246499999999,1280085.07215000,7347,7908.50600000,632256.87352000,0
1783246500000000,80.00000000,80.25000000,79.98000000,80.19000000,22600.52000000,1783247399999999,1811803.08249000,3943,12168.74600000,975527.12800000,0
1783247400000000,80.19000000,80.33000000,80.17000000,80.26000000,14756.08500000,1783248299999999,1183919.19281000,3143,5399.12300000,433282.60480000,0
1783248300000000,80.26000000,80.45000000,80.26000000,80.44000000,7794.18900000,1783249199999999,626592.60748000,2842,3501.53300000,281489.22529000,0
1783249200000000,80.44000000,80.60000000,80.37000000,80.51000000,9178.62300000,1783250099999999,738612.61793000,4239,4160.52600000,334797.94778000,0
1783250100000000,80.51000000,80.56000000,80.37000000,80.44000000,7124.54100000,1783250999999999,573206.75228000,3160,3811.54100000,306675.20033000,0
1783251000000000,80.43000000,80.66000000,80.36000000,80.57000000,9914.17900000,1783251899999999,798370.99793000,3656,4686.70900000,377513.56503000,0
1783251900000000,80.57000000,80.66000000,80.54000000,80.57000000,16121.85400000,1783252799999999,1299268.27454000,2955,5557.11500000,447847.74016000,0
1783252800000000,80.57000000,80.70000000,80.37000000,80.54000000,24012.56800000,1783253699999999,1933452.44314000,5202,18518.11500000,1491214.42223000,0
1783253700000000,80.54000000,81.08000000,80.53000000,81.07000000,20216.02500000,1783254599999999,1634209.79854000,7014,12057.04300000,974745.26260000,0
1783254600000000,81.07000000,81.32000000,80.81000000,80.81000000,39566.43000000,1783255499999999,3207875.56802000,11959,20511.98900000,1663351.90320000,0
1783255500000000,80.81000000,80.92000000,80.75000000,80.76000000,7748.37900000,1783256399999999,626375.28283000,3173,5271.41400000,426175.08558000,0
1783256400000000,80.76000000,81.02000000,80.69000000,80.90000000,9461.58200000,1783257299999999,764997.64007000,4260,5975.88100000,483212.12533000,0
1783257300000000,80.89000000,80.91000000,80.69000000,80.80000000,11661.90200000,1783258199999999,942582.74145000,4048,6037.34600000,488007.09278000,0
1783258200000000,80.80000000,81.15000000,80.74000000,81.14000000,14831.19600000,1783259099999999,1200656.95482000,4400,9589.53000000,776375.37159000,0
1783259100000000,81.14000000,81.25000000,81.08000000,81.25000000,20165.41400000,1783259999999999,1636906.74285000,5113,12209.70500000,991132.96908000,0
1783260000000000,81.25000000,81.36000000,81.13000000,81.21000000,16058.50300000,1783260899999999,1304409.80488000,6456,9025.93600000,733036.39839000,0
1783260900000000,81.21000000,81.25000000,81.03000000,81.10000000,8087.62500000,1783261799999999,656065.87703000,3983,3282.80900000,266336.51833000,0
1783261800000000,81.09000000,81.60000000,81.05000000,81.40000000,24524.30700000,1783262699999999,1994538.73725000,9219,13529.25800000,1100323.88783000,0
1783262700000000,81.41000000,81.49000000,81.26000000,81.46000000,9521.35600000,1783263599999999,774736.74595000,4351,6633.92900000,539763.53593000,0
1783263600000000,81.45000000,81.75000000,81.31000000,81.32000000,16579.95000000,1783264499999999,1351387.83178000,10435,8355.65600000,681147.24447000,0
1783264500000000,81.31000000,81.39000000,81.18000000,81.26000000,9648.38200000,1783265399999999,784287.95551000,5380,4456.71300000,362245.29400000,0
1783265400000000,81.26000000,81.54000000,81.12000000,81.16000000,9802.42900000,1783266299999999,797298.14980000,5373,4106.02200000,333945.62558000,0
1783266300000000,81.16000000,81.45000000,81.12000000,81.36000000,7125.12700000,1783267199999999,579543.07543000,3856,3873.86000000,315076.05958000,0
1783267200000000,81.36000000,81.54000000,81.26000000,81.27000000,26068.36600000,1783268099999999,2121395.55504000,8146,10073.16500000,819870.92523000,0
1783268100000000,81.27000000,81.30000000,81.04000000,81.06000000,6201.84900000,1783268999999999,503271.70031000,4466,2489.48900000,202029.21684000,0
1783269000000000,81.05000000,81.20000000,80.97000000,80.98000000,14640.03900000,1783269899999999,1187020.41040000,4297,6605.47200000,535580.85187000,0
1783269900000000,80.98000000,81.18000000,80.91000000,81.10000000,6920.61600000,1783270799999999,561001.94758000,3718,2675.26500000,216873.02959000,0
1783270800000000,81.09000000,81.27000000,81.05000000,81.14000000,9713.77500000,1783271699999999,788249.76990000,4539,4700.66800000,381450.15349000,0
1783271700000000,81.14000000,81.38000000,81.07000000,81.07000000,8532.85700000,1783272599999999,693113.18048000,5654,4653.63500000,378046.63653000,0
1783272600000000,81.08000000,81.21000000,81.01000000,81.03000000,8368.05700000,1783273499999999,678877.79760000,4319,3370.76900000,273418.95538000,0
1783273500000000,81.03000000,81.19000000,81.01000000,81.14000000,6453.36300000,1783274399999999,523325.80648000,3765,3472.89600000,281619.92231000,0
1783274400000000,81.14000000,81.22000000,81.10000000,81.17000000,3291.93100000,1783275299999999,267186.86455000,2685,1613.99200000,131006.32998000,0
1783275300000000,81.18000000,81.27000000,81.15000000,81.15000000,6082.94000000,1783276199999999,494022.67818000,2562,2722.02100000,221113.83767000,0
1783276200000000,81.16000000,81.22000000,81.08000000,81.19000000,4031.75700000,1783277099999999,327157.04716000,2327,1387.03900000,112547.20611000,0
1783277100000000,81.19000000,81.27000000,81.00000000,81.01000000,6492.33000000,1783277999999999,526747.81095000,4527,2885.18900000,234140.65269000,0
1783278000000000,81.01000000,81.11000000,80.94000000,81.05000000,6833.28400000,1783278899999999,553556.36600000,4161,3443.56500000,278940.76072000,0
1783278900000000,81.05000000,81.09000000,80.81000000,80.96000000,24155.15700000,1783279799999999,1955154.63074000,5619,17852.20700000,1444892.35659000,0
1783279800000000,80.96000000,81.09000000,80.90000000,81.04000000,7410.05200000,1783280699999999,600157.47418000,3097,4201.82100000,340256.36931000,0
1783280700000000,81.04000000,81.13000000,80.97000000,81.04000000,4658.53400000,1783281599999999,377552.44581000,2659,2383.57500000,193167.88430000,0
1783281600000000,81.04000000,81.18000000,81.00000000,81.08000000,6045.72800000,1783282499999999,490208.70996000,3432,3556.35600000,288347.34821000,0
1783282500000000,81.08000000,81.10000000,80.96000000,81.01000000,5852.39100000,1783283399999999,474301.95258000,2655,3466.33500000,280923.43249000,0
1783283400000000,81.02000000,81.06000000,80.96000000,81.01000000,3168.91300000,1783284299999999,256681.88623000,2480,1681.59200000,136213.06161000,0
1783284300000000,81.01000000,81.10000000,80.98000000,81.07000000,3962.12200000,1783285199999999,321031.59913000,2076,2411.37600000,195368.29257000,0
1783285200000000,81.08000000,81.10000000,80.79000000,80.96000000,8884.41400000,1783286099999999,719098.11766000,5762,2880.96300000,233204.04622000,0
1783286100000000,80.95000000,81.56000000,80.95000000,81.50000000,16216.91500000,1783286999999999,1319254.51711000,8721,7593.63700000,617678.04148000,0
1783287000000000,81.51000000,82.22000000,81.51000000,81.65000000,33223.91900000,1783287899999999,2717577.99010000,15989,17938.39900000,1467436.01703000,0
1783287900000000,81.66000000,82.04000000,81.50000000,81.80000000,21002.84200000,1783288799999999,1717082.27397000,12925,10997.26100000,898966.41044000,0
1783288800000000,81.80000000,82.13000000,81.65000000,82.04000000,20318.26200000,1783289699999999,1663573.04597000,14911,10770.70200000,881775.60124000,0
1783289700000000,82.03000000,82.43000000,81.92000000,82.15000000,55791.97000000,1783290599999999,4585854.01991000,19373,30944.70900000,2543545.81369000,0
1783290600000000,82.16000000,82.36000000,81.65000000,81.68000000,42622.30300000,1783291499999999,3495160.61860000,13868,21619.31800000,1773025.22407000,0
1783291500000000,81.69000000,81.87000000,81.65000000,81.82000000,11178.00600000,1783292399999999,913632.61647000,6676,5416.00900000,442740.76669000,0
1783292400000000,81.82000000,81.97000000,81.74000000,81.97000000,12175.49100000,1783293299999999,996398.10904000,7712,6651.97900000,544398.24391000,0
1783293300000000,81.97000000,82.08000000,81.57000000,81.64000000,22693.96800000,1783294199999999,1857187.55594000,9721,10343.16400000,846801.76454000,0
1783294200000000,81.63000000,81.78000000,81.54000000,81.67000000,15419.00000000,1783295099999999,1259140.32374000,6912,8552.39800000,698394.93707000,0
1783295100000000,81.67000000,81.70000000,81.44000000,81.59000000,12324.50500000,1783295999999999,1005373.36051000,7056,3665.34000000,298894.69748000,0
1783296000000000,81.59000000,81.60000000,81.31000000,81.56000000,13929.49100000,1783296899999999,1134859.86487000,9715,6335.38500000,516112.82088000,0
1783296900000000,81.56000000,81.73000000,81.19000000,81.24000000,15666.73100000,1783297799999999,1275663.58806000,10742,6644.20600000,541262.62265000,0
1783297800000000,81.24000000,81.91000000,81.11000000,81.87000000,21229.70300000,1783298699999999,1731265.64618000,13936,12121.99800000,989248.80167000,0
1783298700000000,81.88000000,82.24000000,81.83000000,82.20000000,25638.07900000,1783299599999999,2103654.87528000,14061,16204.55800000,1329616.95384000,0
1783299600000000,82.20000000,82.33000000,81.98000000,82.02000000,14369.37200000,1783300499999999,1180404.75863000,10926,7159.73000000,588225.07645000,0
1783300500000000,82.01000000,82.10000000,81.67000000,81.84000000,13579.54100000,1783301399999999,1112305.98830000,8913,6331.58800000,518754.67676000,0
1783301400000000,81.83000000,82.12000000,81.76000000,81.96000000,14710.68800000,1783302299999999,1206269.33338000,7550,6916.82900000,567247.48673000,0
1783302300000000,81.96000000,81.96000000,81.48000000,81.55000000,14496.06800000,1783303199999999,1183874.51558000,7185,5526.95400000,451289.26193000,0
1783303200000000,81.54000000,81.64000000,81.17000000,81.24000000,22291.05400000,1783304099999999,1814461.58197000,10392,11547.17000000,940069.55601000,0
1783304100000000,81.25000000,81.68000000,81.22000000,81.37000000,29657.79600000,1783304999999999,2415525.79728000,10467,19242.97500000,1567491.34051000,0
1783305000000000,81.38000000,81.44000000,81.15000000,81.16000000,23694.87000000,1783305899999999,1927127.40551000,11917,16063.30000000,1306538.52566000,0
1783305900000000,81.15000000,81.26000000,80.82000000,81.01000000,32868.98200000,1783306799999999,2663470.12867000,10856,17781.61700000,1440846.24718000,0
1783306800000000,81.01000000,81.05000000,80.85000000,80.92000000,18886.21900000,1783307699999999,1528950.36502000,6594,11956.65600000,968070.97352000,0
1783307700000000,80.92000000,80.99000000,80.45000000,80.68000000,21446.40600000,1783308599999999,1729900.58778000,10626,9684.88200000,781327.27849000,0
1783308600000000,80.68000000,80.81000000,80.48000000,80.59000000,12048.61000000,1783309499999999,971530.90102000,7660,6270.90800000,505704.67562000,0
1783309500000000,80.58000000,80.80000000,80.56000000,80.80000000,10637.75000000,1783310399999999,857934.73363000,4940,6725.57500000,542463.16255000,0
1783310400000000,80.80000000,80.93000000,80.70000000,80.93000000,9173.79700000,1783311299999999,741368.29979000,4993,4940.51100000,399299.83331000,0
1783311300000000,80.92000000,81.02000000,80.73000000,80.78000000,32425.01300000,1783312199999999,2624666.18595000,4616,12842.48500000,1039405.10406000,0
1783312200000000,80.77000000,81.01000000,80.72000000,80.88000000,11293.07500000,1783313099999999,912915.10087000,5427,6334.34200000,512184.08341000,0
1783313100000000,80.89000000,80.99000000,80.81000000,80.82000000,9480.63900000,1783313999999999,767137.76395000,4029,5395.04800000,436491.63563000,0
1783314000000000,80.81000000,80.82000000,80.56000000,80.60000000,7945.44500000,1783314899999999,641044.24727000,5804,4027.71000000,324929.82784000,0
1783314900000000,80.60000000,80.65000000,80.20000000,80.27000000,16260.15700000,1783315799999999,1308014.29569000,8153,5859.40300000,471331.50135000,0
1783315800000000,80.28000000,80.54000000,80.15000000,80.46000000,17737.92800000,1783316699999999,1425341.13576000,8251,10408.29400000,836304.97286000,0
1783316700000000,80.46000000,80.56000000,80.40000000,80.42000000,11067.05100000,1783317599999999,890466.25502000,3602,7355.80200000,591854.01758000,0
1783317600000000,80.42000000,80.53000000,80.31000000,80.49000000,9365.86800000,1783318499999999,753301.14215000,4211,4865.45000000,391327.55860000,0
1783318500000000,80.49000000,80.53000000,80.28000000,80.39000000,8129.41800000,1783319399999999,653581.99541000,5035,3949.38000000,317526.60503000,0
1783319400000000,80.38000000,80.45000000,80.26000000,80.44000000,9666.97900000,1783320299999999,776814.02133000,5122,5993.42000000,481617.21905000,0
1783320300000000,80.45000000,80.46000000,80.27000000,80.35000000,9909.37500000,1783321199999999,796220.77635000,4097,5753.43100000,462232.29000000,0
1783321200000000,80.36000000,80.55000000,80.27000000,80.41000000,13423.26300000,1783322099999999,1079316.99379000,5832,7495.25900000,602700.89113000,0
1783322100000000,80.41000000,80.76000000,80.39000000,80.68000000,25307.99300000,1783322999999999,2038526.58945000,6439,12965.46100000,1044467.67641000,0
1783323000000000,80.67000000,80.97000000,80.61000000,80.93000000,18170.25800000,1783323899999999,1467794.51950000,5494,10268.05500000,829478.61452000,0
1783323900000000,80.93000000,81.02000000,80.78000000,80.82000000,13897.15900000,1783324799999999,1124165.98423000,3933,7810.33500000,631908.76925000,0
1783324800000000,80.83000000,81.08000000,80.77000000,80.81000000,15411.56400000,1783325699999999,1247263.34704000,6542,7684.74200000,622034.35070000,0
1783325700000000,80.81000000,80.85000000,80.63000000,80.73000000,9934.71900000,1783326599999999,801895.39334000,5217,5713.27600000,461116.03828000,0
1783326600000000,80.73000000,80.73000000,80.30000000,80.39000000,16944.90600000,1783327499999999,1362570.02328000,6072,8244.64400000,662748.54247000,0
1783327500000000,80.40000000,80.50000000,80.34000000,80.49000000,6754.78800000,1783328399999999,543343.02623000,3489,3150.81500000,253467.34252000,0
1783328400000000,80.49000000,80.50000000,80.37000000,80.38000000,7021.34600000,1783329299999999,564755.06308000,3184,4840.12300000,389287.11129000,0
1783329300000000,80.38000000,80.46000000,80.30000000,80.42000000,10983.12300000,1783330199999999,882917.18964000,5409,6713.82700000,539723.57991000,0
1783330200000000,80.42000000,80.42000000,80.17000000,80.26000000,17004.49000000,1783331099999999,1364890.85153000,6233,7911.71400000,635058.73691000,0
1783331100000000,80.25000000,80.25000000,80.06000000,80.08000000,14005.94500000,1783331999999999,1122577.01974000,5108,8725.57100000,699407.95240000,0
1783332000000000,80.07000000,80.27000000,80.06000000,80.23000000,30858.84400000,1783332899999999,2474536.64772000,5940,22980.65300000,1842733.26506000,0
1783332900000000,80.24000000,80.43000000,80.23000000,80.42000000,12805.08000000,1783333799999999,1029010.56223000,4981,7354.09400000,590937.99711000,0
1783333800000000,80.42000000,80.71000000,80.38000000,80.60000000,11169.99600000,1783334699999999,899789.71550000,5717,6861.67200000,552664.73342000,0
1783334700000000,80.59000000,80.67000000,80.55000000,80.67000000,11525.78300000,1783335599999999,929218.12611000,3739,5066.06800000,408421.88172000,0
1783335600000000,80.66000000,80.80000000,80.65000000,80.65000000,10330.50000000,1783336499999999,833972.15643000,4565,4127.78300000,333266.99568000,0
1783336500000000,80.65000000,80.94000000,80.65000000,80.79000000,12567.57300000,1783337399999999,1015795.16320000,3998,6502.81400000,525471.87247000,0
1783337400000000,80.78000000,81.00000000,80.76000000,80.94000000,14617.05100000,1783338299999999,1183116.27623000,4703,9766.90900000,790619.24067000,0
1783338300000000,80.95000000,80.99000000,80.38000000,80.39000000,19835.09900000,1783339199999999,1600169.74652000,7925,8566.95800000,691269.25238000,0
1783339200000000,80.39000000,80.57000000,79.27000000,80.23000000,138632.43300000,1783340099999999,11066277.72300000,64377,61076.73700000,4877472.60492000,0
1783340100000000,80.24000000,80.64000000,80.21000000,80.27000000,35714.74300000,1783340999999999,2870677.64651000,17340,20046.72700000,1611809.64676000,0
1783341000000000,80.28000000,80.54000000,79.87000000,79.97000000,37487.23200000,1783341899999999,3008887.97379000,14673,12816.84300000,1029060.19758000,0
1783341900000000,79.98000000,80.00000000,79.45000000,79.46000000,40626.05200000,1783342799999999,3240797.93273000,19884,16814.27500000,1341654.43162000,0
1783342800000000,79.46000000,79.67000000,79.23000000,79.46000000,74009.67300000,1783343699999999,5872601.79934000,20288,53805.13900000,4268819.66376000,0
1783343700000000,79.46000000,79.58000000,79.26000000,79.46000000,20218.00100000,1783344599999999,1605591.13095000,13931,10193.63200000,809503.65689000,0
1783344600000000,79.45000000,80.40000000,79.35000000,80.37000000,46316.58800000,1783345499999999,3699876.92548000,34729,25295.46800000,2020767.21374000,0
1783345500000000,80.38000000,80.91000000,80.16000000,80.16000000,59384.93500000,1783346399999999,4785483.16876000,28565,31683.82200000,2553082.02314000,0
1783346400000000,80.17000000,80.32000000,80.03000000,80.14000000,33111.63800000,1783347299999999,2654069.83233000,15522,11450.05500000,918015.97376000,0
1783347300000000,80.14000000,80.79000000,79.86000000,80.37000000,34913.19400000,1783348199999999,2803668.80563000,26485,17632.89800000,1416673.88044000,0
1783348200000000,80.36000000,80.52000000,80.13000000,80.34000000,28526.05900000,1783349099999999,2291517.34654000,16630,18192.67000000,1461240.54874000,0
1783349100000000,80.34000000,80.38000000,80.06000000,80.29000000,17361.40000000,1783349999999999,1393438.79855000,10911,9486.26500000,761388.82748000,0
1783350000000000,80.30000000,80.84000000,80.29000000,80.70000000,35822.69100000,1783350899999999,2885646.20799000,17150,14602.88700000,1176680.87351000,0
1783350900000000,80.70000000,80.81000000,80.38000000,80.81000000,23687.04300000,1783351799999999,1907807.73125000,12710,13590.89500000,1094606.88060000,0
1783351800000000,80.80000000,81.41000000,80.46000000,81.36000000,35442.17700000,1783352699999999,2870270.15840000,21225,20289.65900000,1643349.11963000,0
1783352700000000,81.37000000,81.54000000,81.08000000,81.50000000,63304.14800000,1783353599999999,5150350.23859000,24640,38158.83500000,3104146.05386000,0
1783353600000000,81.50000000,82.20000000,81.29000000,81.98000000,82461.29800000,1783354499999999,6746400.43295000,28564,49203.94800000,4026792.94694000,0
1783354500000000,81.97000000,82.40000000,81.65000000,81.82000000,88329.50800000,1783355399999999,7240817.18679000,23307,43899.50100000,3600196.56130000,0
1783355400000000,81.82000000,82.17000000,81.78000000,82.06000000,32213.71600000,1783356299999999,2640600.61741000,13770,18274.67200000,1498059.80575000,0
1783356300000000,82.05000000,82.14000000,81.91000000,82.10000000,22819.41200000,1783357199999999,1872153.81168000,9489,10380.64600000,851702.21933000,0
1783357200000000,82.10000000,82.19000000,81.78000000,81.95000000,32335.65700000,1783358099999999,2652619.81763000,12974,13027.40900000,1068784.08585000,0
1783358100000000,81.96000000,82.18000000,81.88000000,82.02000000,14089.38400000,1783358999999999,1155288.28743000,7176,7617.99000000,624639.20061000,0
1783359000000000,82.02000000,82.06000000,81.55000000,81.55000000,23208.47700000,1783359899999999,1896745.65282000,11275,13716.41000000,1120658.61156000,0
1783359900000000,81.55000000,81.86000000,81.45000000,81.65000000,11777.63200000,1783360799999999,961608.88928000,8030,6313.81400000,515558.00081000,0
1783360800000000,81.64000000,81.81000000,81.36000000,81.39000000,11875.83900000,1783361699999999,968865.71735000,8723,3736.79300000,304924.56803000,0
1783361700000000,81.40000000,81.73000000,81.31000000,81.56000000,11056.88900000,1783362599999999,901445.44428000,7298,5384.85300000,439061.35598000,0
1783362600000000,81.57000000,81.98000000,81.53000000,81.85000000,52743.44900000,1783363499999999,4308490.48999000,11736,43720.35800000,3571185.22568000,0
1783363500000000,81.84000000,82.30000000,81.80000000,81.99000000,73635.88100000,1783364399999999,6046792.28763000,14848,52046.34200000,4274252.35456000,0
1783364400000000,81.99000000,82.03000000,81.81000000,81.93000000,18117.71300000,1783365299999999,1484159.33655000,7654,9667.90700000,792018.07405000,0
1783365300000000,81.93000000,82.10000000,81.90000000,82.08000000,14902.08500000,1783366199999999,1222133.55967000,6031,10386.92100000,851891.10133000,0
1783366200000000,82.08000000,82.18000000,81.95000000,82.10000000,21440.71800000,1783367099999999,1759601.69906000,6107,14190.18400000,1164525.10694000,0
1783367100000000,82.10000000,82.12000000,81.88000000,82.07000000,15000.60000000,1783367999999999,1230457.52541000,5823,7939.88400000,651358.38923000,0
1783368000000000,82.08000000,82.08000000,81.68000000,81.78000000,20499.22900000,1783368899999999,1676335.57431000,7144,6699.83300000,548041.81497000,0
1783368900000000,81.79000000,81.98000000,81.77000000,81.95000000,7052.53800000,1783369799999999,577455.09169000,3936,4824.43000000,395018.40068000,0
1783369800000000,81.96000000,82.17000000,81.94000000,82.00000000,5947.68700000,1783370699999999,488216.31474000,3506,3493.28100000,286729.87497000,0
1783370700000000,82.01000000,82.25000000,81.91000000,82.10000000,8502.83500000,1783371599999999,697708.48438000,4444,5071.15100000,416089.97986000,0
1783371600000000,82.10000000,83.74000000,82.06000000,82.95000000,150285.67700000,1783372499999999,12469012.12337000,47967,87865.41900000,7293884.97213000,0
1783372500000000,82.95000000,83.08000000,82.58000000,82.67000000,35659.80700000,1783373399999999,2954665.16985000,12881,17708.77700000,1467904.66883000,0
1783373400000000,82.67000000,82.87000000,82.46000000,82.61000000,24843.40200000,1783374299999999,2052246.30474000,9777,13467.17100000,1112481.79339000,0
1783374300000000,82.62000000,82.89000000,82.48000000,82.82000000,18745.35900000,1783375199999999,1550552.83177000,8200,11309.18000000,935428.50066000,0
1783375200000000,82.83000000,82.88000000,82.57000000,82.68000000,23665.06800000,1783376099999999,1957407.80163000,8391,10103.96100000,835941.07753000,0
1783376100000000,82.68000000,82.72000000,82.38000000,82.39000000,12173.28300000,1783376999999999,1005023.70259000,4639,5338.77900000,440833.15530000,0
1783377000000000,82.38000000,82.55000000,82.35000000,82.41000000,20355.79600000,1783377899999999,1678943.10229000,4280,13858.99400000,1143209.45571000,0
1783377900000000,82.41000000,82.48000000,82.25000000,82.32000000,13564.02300000,1783378799999999,1117046.80507000,5701,4205.75600000,346309.53112000,0
1783378800000000,82.33000000,82.43000000,82.25000000,82.31000000,12460.16000000,1783379699999999,1025846.07640000,6240,5664.34700000,466394.99106000,0
1783379700000000,82.31000000,82.32000000,82.00000000,82.14000000,16399.87400000,1783380599999999,1346402.55391000,7940,6002.21200000,492704.92031000,0
1783380600000000,82.15000000,82.17000000,82.00000000,82.04000000,9735.02200000,1783381499999999,799118.79153000,5472,3297.84400000,270722.84344000,0
1783381500000000,82.05000000,82.05000000,81.91000000,81.94000000,12976.03000000,1783382399999999,1063874.24315000,6069,5200.43100000,426364.64384000,0
1783382400000000,81.94000000,82.01000000,81.83000000,81.87000000,13512.57900000,1783383299999999,1107157.95738000,5954,7164.98800000,587139.13820000,0
1783383300000000,81.88000000,82.42000000,81.82000000,82.34000000,17857.18500000,1783384199999999,1467633.15478000,8083,10640.45800000,874672.62172000,0
1783384200000000,82.34000000,82.50000000,82.18000000,82.33000000,33535.08600000,1783385099999999,2761956.25921000,8794,23772.03800000,1958414.26302000,0
1783385100000000,82.32000000,82.47000000,82.23000000,82.36000000,21241.29500000,1783385999999999,1748834.50884000,6797,14437.88700000,1188525.75766000,0
1783386000000000,82.36000000,82.37000000,81.83000000,82.14000000,19343.87000000,1783386899999999,1587740.71456000,9166,7665.43300000,629486.18594000,0
1783386900000000,82.15000000,82.21000000,81.90000000,81.93000000,8960.70900000,1783387799999999,735124.78729000,6071,4851.09400000,397949.26677000,0
1783387800000000,81.93000000,82.06000000,81.81000000,82.01000000,13949.58500000,1783388699999999,1142887.34435000,6023,7611.57100000,623752.81306000,0
1783388700000000,82.02000000,82.18000000,81.88000000,81.90000000,6262.17100000,1783389599999999,513799.75903000,4260,3246.41900000,266332.86109000,0
1783389600000000,81.90000000,81.99000000,81.78000000,81.83000000,8272.09900000,1783390499999999,677171.40487000,4202,4091.11000000,334919.05650000,0
1783390500000000,81.84000000,81.93000000,81.56000000,81.59000000,13303.41500000,1783391399999999,1086780.93098000,6303,6933.75100000,566410.26045000,0
1783391400000000,81.60000000,81.63000000,81.40000000,81.59000000,14124.89900000,1783392299999999,1151191.86822000,6773,6428.56200000,523932.37750000,0
1783392300000000,81.60000000,81.67000000,81.29000000,81.35000000,10960.14000000,1783393199999999,892575.24025000,5655,5309.12500000,432461.04575000,0
1783393200000000,81.36000000,81.48000000,81.25000000,81.30000000,14304.97600000,1783394099999999,1164194.23365000,5266,8859.66200000,721088.33971000,0
1783394100000000,81.31000000,81.36000000,81.15000000,81.18000000,9911.67600000,1783394999999999,805232.93105000,5677,3816.89700000,310115.37405000,0
1783395000000000,81.18000000,81.27000000,81.08000000,81.18000000,13043.45800000,1783395899999999,1058771.33001000,5410,7921.95900000,643042.74535000,0
1783395900000000,81.17000000,81.17000000,80.97000000,81.05000000,19467.66800000,1783396799999999,1577776.53343000,5720,7533.49300000,610549.09361000,0
1783396800000000,81.05000000,81.10000000,80.91000000,80.92000000,10449.90700000,1783397699999999,846314.79735000,4938,6162.60300000,499109.25165000,0
1783397700000000,80.92000000,81.04000000,80.80000000,81.00000000,14301.29000000,1783398599999999,1156898.49579000,5789,6827.38400000,552374.51181000,0
1783398600000000,81.00000000,81.05000000,80.79000000,80.81000000,15848.88400000,1783399499999999,1282106.41626000,6442,9280.09300000,750658.71063000,0
1783399500000000,80.80000000,80.94000000,80.65000000,80.92000000,16579.56900000,1783400399999999,1339397.72374000,5606,10505.98300000,848731.76057000,0
1783400400000000,80.91000000,80.93000000,80.50000000,80.53000000,18309.67200000,1783401299999999,1478229.04874000,6528,7517.23200000,606828.92689000,0
1783401300000000,80.53000000,80.67000000,80.46000000,80.61000000,19251.01400000,1783402199999999,1550753.75312000,6109,10445.37200000,841454.27221000,0
1783402200000000,80.61000000,81.06000000,80.61000000,81.00000000,19326.66900000,1783403099999999,1563979.56455000,6137,12158.93900000,983782.03720000,0
1783403100000000,81.00000000,81.22000000,80.97000000,81.11000000,20010.31200000,1783403999999999,1623057.70079000,6096,11534.03100000,935472.06819000,0
1783404000000000,81.11000000,81.22000000,80.81000000,80.94000000,17352.50200000,1783404899999999,1405409.08642000,5763,6715.51700000,543953.46491000,0
1783404900000000,80.93000000,81.10000000,80.91000000,81.07000000,15663.75300000,1783405799999999,1268665.93191000,4407,5180.86800000,419629.94590000,0
1783405800000000,81.06000000,81.42000000,81.00000000,81.36000000,17484.35300000,1783406699999999,1420691.09603000,5678,9168.42700000,744972.77204000,0
1783406700000000,81.37000000,81.64000000,81.33000000,81.54000000,15990.08800000,1783407599999999,1303534.82436000,5164,7116.64500000,580088.28385000,0
1783407600000000,81.55000000,81.76000000,81.46000000,81.71000000,13727.04200000,1783408499999999,1120259.46009000,4836,7556.10400000,616675.10909000,0
1783408500000000,81.72000000,81.75000000,81.58000000,81.60000000,14069.66700000,1783409399999999,1148685.60250000,3630,6611.00000000,539819.14920000,0
1783409400000000,81.60000000,81.69000000,81.35000000,81.64000000,29422.67300000,1783410299999999,2398044.77640000,6932,12515.48400000,1020066.39989000,0
1783410300000000,81.63000000,81.70000000,81.48000000,81.50000000,13107.41000000,1783411199999999,1069526.32894000,4429,6394.93000000,521821.79185000,0
1783411200000000,81.51000000,81.59000000,81.21000000,81.43000000,21905.58300000,1783412099999999,1782853.18480000,6927,11362.04400000,924719.82074000,0
1783412100000000,81.42000000,81.57000000,81.37000000,81.50000000,10416.33100000,1783412999999999,848549.69816000,4106,5078.32000000,413741.73434000,0
1783413000000000,81.50000000,81.57000000,81.29000000,81.57000000,42199.80500000,1783413899999999,3435887.43898000,6690,24894.33500000,2026827.11065000,0
1783413900000000,81.57000000,81.60000000,81.23000000,81.28000000,41107.12300000,1783414799999999,3347309.50247000,6816,16385.43600000,1334013.07682000,0
1783414800000000,81.28000000,81.49000000,81.16000000,81.47000000,16910.98100000,1783415699999999,1375669.17223000,6566,8445.89400000,686949.72823000,0
1783415700000000,81.48000000,81.48000000,81.18000000,81.19000000,8008.26800000,1783416599999999,651418.66695000,3244,3833.11900000,311833.57651000,0
1783416600000000,81.19000000,81.37000000,81.14000000,81.35000000,25503.39000000,1783417499999999,2070857.69009000,5778,11068.93800000,898791.75348000,0
1783417500000000,81.36000000,81.43000000,81.20000000,81.31000000,11543.58600000,1783418399999999,938932.08089000,4609,5518.40800000,448858.29792000,0
1783418400000000,81.31000000,81.59000000,81.29000000,81.33000000,15827.26100000,1783419299999999,1288671.32217000,7193,8982.97200000,731316.58063000,0
1783419300000000,81.33000000,81.50000000,81.11000000,81.13000000,18522.39900000,1783420199999999,1505873.43257000,6154,9203.33500000,748383.97190000,0
1783420200000000,81.12000000,81.20000000,80.93000000,81.12000000,26710.40400000,1783421099999999,2165059.94830000,9474,14892.75700000,1207333.40728000,0
1783421100000000,81.12000000,81.13000000,80.95000000,80.99000000,16855.54300000,1783421999999999,1366126.79353000,8383,11280.64900000,914315.15101000,0
1783422000000000,80.99000000,81.00000000,80.76000000,80.87000000,20087.84200000,1783422899999999,1624949.02065000,8635,8364.37300000,676649.52530000,0
1783422900000000,80.86000000,81.10000000,80.84000000,80.99000000,10247.10200000,1783423799999999,829647.39402000,5216,5796.71300000,469287.40377000,0
1783423800000000,80.98000000,81.16000000,80.86000000,81.15000000,9187.61100000,1783424699999999,744158.05755000,4252,4273.80500000,346257.45450000,0
1783424700000000,81.16000000,81.40000000,81.16000000,81.32000000,15538.21700000,1783425599999999,1262978.14686000,5622,8417.74000000,684227.57404000,0
1783425600000000,81.32000000,81.93000000,81.30000000,81.83000000,40644.88500000,1783426499999999,3318227.21432000,14337,19315.57300000,1577079.70130000,0
1783426500000000,81.84000000,82.00000000,81.73000000,81.89000000,25792.19000000,1783427399999999,2111511.60384000,10015,10248.73100000,838963.33544000,0
1783427400000000,81.90000000,81.92000000,81.59000000,81.71000000,25953.86800000,1783428299999999,2120973.98239000,12985,9108.69100000,744191.24988000,0
1783428300000000,81.70000000,81.70000000,81.44000000,81.45000000,16943.57400000,1783429199999999,1381344.18197000,7877,5870.88100000,478591.60152000,0
1783429200000000,81.45000000,81.62000000,81.18000000,81.29000000,19224.71600000,1783430099999999,1564731.89248000,10061,10434.05500000,849216.69143000,0
1783430100000000,81.30000000,81.37000000,80.90000000,80.95000000,22778.37300000,1783430999999999,1847170.19949000,12137,11902.69000000,965162.30205000,0
1783431000000000,80.95000000,81.17000000,80.66000000,80.99000000,45175.00200000,1783431899999999,3655162.29825000,34254,29070.72700000,2352194.13193000,0
1783431900000000,80.99000000,81.39000000,80.71000000,80.84000000,37005.47300000,1783432799999999,3000044.01634000,27944,23228.92200000,1883049.29812000,0
1783432800000000,80.85000000,81.21000000,80.58000000,80.85000000,27653.12800000,1783433699999999,2236844.01419000,22124,13824.02500000,1118265.23323000,0
1783433700000000,80.86000000,81.17000000,80.74000000,81.16000000,19902.72500000,1783434599999999,1611530.90332000,18850,12737.93000000,1031458.22701000,0
1783434600000000,81.17000000,81.35000000,80.51000000,80.90000000,45671.28900000,1783435499999999,3690705.72295000,23552,17024.37400000,1376355.81636000,0
1783435500000000,80.90000000,81.92000000,80.89000000,81.81000000,38526.91000000,1783436399999999,3140991.30558000,25470,20844.96200000,1699382.16094000,0
1783436400000000,81.81000000,81.89000000,81.50000000,81.56000000,26147.53300000,1783437299999999,2136287.06526000,16952,11769.27700000,961693.52336000,0
1783437300000000,81.56000000,82.11000000,81.53000000,81.98000000,39485.71000000,1783438199999999,3233562.61650000,16232,24094.10900000,1974021.57787000,0
1783438200000000,81.98000000,82.32000000,81.87000000,81.99000000,33477.12800000,1783439099999999,2748528.46103000,19526,12744.06300000,1046331.26744000,0
1783439100000000,82.00000000,82.36000000,82.00000000,82.11000000,25761.13700000,1783439999999999,2117259.33150000,15482,11868.93100000,975511.67255000,0
1783440000000000,82.11000000,82.16000000,81.82000000,81.96000000,16005.56800000,1783440899999999,1312271.03871000,11452,6953.73900000,570164.75703000,0
1783440900000000,81.96000000,82.46000000,81.84000000,82.26000000,39821.34400000,1783441799999999,3274313.06444000,16653,21773.97900000,1790944.11294000,0
1783441800000000,82.25000000,82.34000000,82.06000000,82.25000000,13620.86500000,1783442699999999,1119629.18416000,8758,7396.00900000,608075.94578000,0
1783442700000000,82.24000000,82.57000000,82.16000000,82.22000000,12448.47500000,1783443599999999,1025234.73903000,10881,7276.53300000,599360.28283000,0
1783443600000000,82.21000000,82.47000000,82.09000000,82.38000000,8401.16300000,1783444499999999,691346.04794000,8231,3951.16200000,325139.89266000,0
1783444500000000,82.38000000,82.66000000,82.13000000,82.58000000,24281.85600000,1783445399999999,1998750.05317000,11339,12896.28300000,1061865.16092000,0
1783445400000000,82.57000000,82.79000000,82.42000000,82.78000000,16349.55000000,1783446299999999,1350426.81933000,8977,10033.17100000,828993.28030000,0
1783446300000000,82.79000000,82.79000000,82.53000000,82.72000000,11778.42200000,1783447199999999,973823.90327000,7514,5507.10000000,455325.26800000,0
1783447200000000,82.73000000,82.73000000,82.28000000,82.30000000,13999.77300000,1783448099999999,1153685.55664000,7882,5937.49000000,489304.46806000,0
1783448100000000,82.30000000,82.39000000,82.00000000,82.05000000,17309.05000000,1783448999999999,1423125.12657000,6849,7581.23600000,623410.81660000,0
1783449000000000,82.04000000,82.25000000,81.96000000,82.25000000,16334.76500000,1783449899999999,1340959.79712000,6989,8176.46700000,671310.78083000,0
1783449900000000,82.25000000,82.31000000,81.24000000,81.30000000,20988.05800000,1783450799999999,1714282.29098000,15188,7740.71900000,632670.36071000,0
1783450800000000,81.30000000,81.43000000,80.92000000,81.07000000,32407.08100000,1783451699999999,2629334.32429000,15839,15822.99400000,1284077.46857000,0
1783451700000000,81.07000000,81.20000000,80.78000000,81.11000000,28341.63300000,1783452599999999,2295534.32340000,13984,17453.93300000,1413810.58772000,0
1783452600000000,81.11000000,81.49000000,81.11000000,81.43000000,19747.72800000,1783453499999999,1606321.04652000,8967,12667.30200000,1030360.77489000,0
1783453500000000,81.43000000,81.56000000,81.27000000,81.37000000,20592.69100000,1783454399999999,1676153.50066000,7976,12145.12600000,988565.56607000,0
1783454400000000,81.38000000,81.49000000,81.16000000,81.45000000,14222.35700000,1783455299999999,1156750.61767000,6866,6613.34300000,537849.16131000,0
1783455300000000,81.45000000,81.48000000,81.22000000,81.34000000,10659.78300000,1783456199999999,866869.87799000,4472,4647.00600000,377820.04347000,0
1783456200000000,81.34000000,81.37000000,81.13000000,81.16000000,8110.22500000,1783457099999999,658856.54594000,3384,3273.71800000,265978.98599000,0
1783457100000000,81.15000000,81.17000000,81.01000000,81.17000000,4663.54500000,1783457999999999,378120.85314000,3312,3182.31100000,258031.44377000,0
1783458000000000,81.17000000,81.42000000,81.17000000,81.31000000,9308.69200000,1783458899999999,756840.52474000,4751,5550.55300000,451272.00050000,0
1783458900000000,81.30000000,81.31000000,80.67000000,80.90000000,23165.40100000,1783459799999999,1873570.06646000,8755,7759.40900000,627591.49712000,0
1783459800000000,80.89000000,80.89000000,80.57000000,80.67000000,31793.83900000,1783460699999999,2565076.81261000,7003,12463.69000000,1005684.63208000,0
1783460700000000,80.67000000,80.91000000,80.61000000,80.84000000,12862.51300000,1783461599999999,1039517.74782000,5313,6779.73800000,547865.23946000,0
1783461600000000,80.83000000,80.86000000,80.34000000,80.83000000,41429.53800000,1783462499999999,3337969.59062000,13778,16481.00300000,1328238.08019000,0
1783462500000000,80.84000000,81.02000000,80.73000000,80.82000000,12001.98000000,1783463399999999,970469.71493000,4824,7803.23500000,631028.64381000,0
1783463400000000,80.82000000,81.10000000,80.77000000,81.02000000,9268.32900000,1783464299999999,750596.95654000,4026,5737.81000000,464612.03611000,0
1783464300000000,81.02000000,81.02000000,80.82000000,80.88000000,8334.61400000,1783465199999999,674308.94491000,2990,4050.96000000,327719.36667000,0
1783465200000000,80.87000000,81.06000000,80.85000000,80.99000000,10878.79500000,1783466099999999,880919.97939000,4958,5491.74200000,444681.66296000,0
1783466100000000,81.00000000,81.15000000,80.98000000,81.12000000,16761.62300000,1783466999999999,1358988.82637000,7053,7420.36300000,601614.58967000,0
1783467000000000,81.12000000,81.13000000,80.68000000,80.69000000,11923.54500000,1783467899999999,964926.02985000,5505,3176.74700000,257011.36564000,0
1783467900000000,80.68000000,80.84000000,80.51000000,80.58000000,11516.01300000,1783468799999999,929382.17911000,4474,6078.02400000,490508.12150000,0
1783468800000000,80.58000000,80.78000000,80.53000000,80.66000000,21864.80000000,1783469699999999,1763667.29700000,8030,11765.41200000,948896.68747000,0
1783469700000000,80.66000000,80.78000000,80.48000000,80.65000000,32239.20400000,1783470599999999,2599224.93778000,9650,15105.85200000,1217827.93021000,0
1783470600000000,80.65000000,80.70000000,80.40000000,80.58000000,24599.36900000,1783471499999999,1982079.58487000,8355,14929.54100000,1203110.17319000,0
1783471500000000,80.57000000,80.59000000,80.35000000,80.37000000,13680.29100000,1783472399999999,1100360.12689000,5340,6730.41400000,541389.42839000,0
1783472400000000,80.37000000,80.42000000,80.20000000,80.38000000,16560.04300000,1783473299999999,1329740.02326000,7139,6831.75000000,548575.05940000,0
1783473300000000,80.38000000,80.38000000,80.07000000,80.07000000,16520.50600000,1783474199999999,1324581.22378000,5332,5656.30700000,453613.69996000,0
1783474200000000,80.07000000,80.09000000,78.82000000,79.32000000,113777.00900000,1783475099999999,9030153.90907000,30953,43015.22900000,3407893.59462000,0
1783475100000000,79.31000000,79.46000000,78.96000000,79.10000000,22098.11000000,1783475999999999,1751450.07679000,11295,10490.93700000,831427.68224000,0
1783476000000000,79.09000000,79.18000000,78.75000000,78.94000000,31031.38000000,1783476899999999,2450187.89251000,14631,12544.03200000,990702.12918000,0
1783476900000000,78.93000000,79.01000000,78.75000000,78.91000000,28235.11200000,1783477799999999,2227253.78482000,11607,12725.29500000,1003617.28547000,0
1783477800000000,78.90000000,78.97000000,78.22000000,78.95000000,60990.14300000,1783478699999999,4796567.19206000,21722,28651.25200000,2252858.99501000,0
1783478700000000,78.96000000,79.18000000,78.94000000,79.06000000,25185.99500000,1783479599999999,1990842.51463000,11992,13476.04500000,1065203.36515000,0
1783479600000000,79.07000000,79.34000000,79.05000000,79.26000000,24433.50200000,1783480499999999,1934598.36204000,8219,15694.52300000,1242635.43494000,0
1783480500000000,79.26000000,79.31000000,79.18000000,79.24000000,9724.75900000,1783481399999999,770661.15233000,4896,5853.61500000,463896.91385000,0
1783481400000000,79.24000000,79.25000000,78.92000000,79.04000000,14394.38700000,1783482299999999,1138331.17685000,5406,6232.19700000,492832.06401000,0
1783482300000000,79.04000000,79.04000000,78.62000000,78.73000000,17215.59500000,1783483199999999,1355793.56511000,7214,6868.82000000,540873.14228000,0
1783483200000000,78.73000000,78.79000000,78.57000000,78.72000000,17768.02500000,1783484099999999,1397818.42628000,7257,6944.18100000,546309.33860000,0
1783484100000000,78.72000000,78.92000000,78.69000000,78.88000000,8394.53300000,1783484999999999,661505.22773000,4796,4345.13800000,342415.03487000,0
1783485000000000,78.88000000,78.93000000,78.66000000,78.67000000,9392.99400000,1783485899999999,740149.25077000,5177,4408.66900000,347407.90928000,0
1783485900000000,78.67000000,78.71000000,78.35000000,78.64000000,11947.17400000,1783486799999999,938098.49853000,5590,3078.43400000,241877.49444000,0
1783486800000000,78.65000000,78.82000000,78.51000000,78.71000000,25705.74500000,1783487699999999,2022462.44536000,6604,14836.75600000,1167563.51350000,0
1783487700000000,78.72000000,78.82000000,78.57000000,78.63000000,17048.69200000,1783488599999999,1341597.92005000,6095,8135.42000000,640370.06835000,0
1783488600000000,78.62000000,78.67000000,78.42000000,78.42000000,16117.08900000,1783489499999999,1265957.20798000,5570,8916.89000000,700480.32701000,0
1783489500000000,78.42000000,78.52000000,78.35000000,78.42000000,17078.50200000,1783490399999999,1339344.54479000,5443,10043.93900000,787611.90199000,0
1783490400000000,78.43000000,78.46000000,78.23000000,78.36000000,20087.11600000,1783491299999999,1573623.49733000,7060,10381.41800000,813188.46587000,0
1783491300000000,78.36000000,78.40000000,78.13000000,78.29000000,19832.90500000,1783492199999999,1552537.07979000,8974,8743.77400000,684540.11887000,0
1783492200000000,78.28000000,78.33000000,77.95000000,78.06000000,35939.38500000,1783493099999999,2806404.08846000,10613,11042.45000000,862491.00953000,0
1783493100000000,78.05000000,78.38000000,77.99000000,78.23000000,29887.18900000,1783493999999999,2338220.49539000,7011,15920.54600000,1245746.92201000,0
1783494000000000,78.23000000,78.25000000,77.80000000,78.14000000,56961.95900000,1783494899999999,4438786.72272000,11506,35386.09000000,2757072.79884000,0
1783494900000000,78.14000000,78.23000000,77.96000000,78.13000000,68779.00900000,1783495799999999,5367246.29463000,10161,46615.15300000,3637221.68853000,0
1783495800000000,78.13000000,78.25000000,78.05000000,78.18000000,32332.52200000,1783496699999999,2526731.07307000,6295,19004.89500000,1485097.14899000,0
1783496700000000,78.18000000,78.34000000,78.09000000,78.28000000,16567.29300000,1783497599999999,1295407.18248000,5747,7868.22900000,615312.71616000,0
1783497600000000,78.29000000,78.43000000,78.24000000,78.34000000,18586.26800000,1783498499999999,1455792.88730000,8137,9920.68400000,777014.31275000,0
1783498500000000,78.33000000,78.37000000,77.17000000,77.20000000,78280.89900000,1783499399999999,6073579.98247000,38677,29742.90700000,2307883.01135000,0
1783499400000000,77.20000000,77.40000000,76.90000000,77.14000000,59444.95500000,1783500299999999,4581806.79481000,22841,23967.43900000,1847754.41393000,0
1783500300000000,77.14000000,77.73000000,77.13000000,77.25000000,45195.47300000,1783501199999999,3498996.47451000,16461,21904.56200000,1695982.42164000,0
1783501200000000,77.26000000,77.38000000,77.17000000,77.26000000,28169.24100000,1783502099999999,2177135.93903000,11929,15134.87500000,1169842.62650000,0
1783502100000000,77.26000000,77.30000000,77.01000000,77.23000000,17936.31800000,1783502999999999,1383384.79868000,9905,6164.10500000,475512.71292000,0
1783503000000000,77.23000000,77.49000000,77.20000000,77.34000000,17852.89400000,1783503899999999,1380121.37561000,7826,8705.70300000,673149.90882000,0
1783503900000000,77.35000000,77.37000000,77.16000000,77.19000000,14774.11200000,1783504799999999,1141458.58839000,5507,5386.22900000,416164.04987000,0
1783504800000000,77.19000000,77.30000000,76.94000000,77.08000000,21172.05600000,1783505699999999,1631782.61515000,6825,7274.67900000,560954.33124000,0
1783505700000000,77.08000000,77.41000000,77.01000000,77.40000000,18512.87300000,1783506599999999,1428835.88294000,5242,11611.02200000,896118.40456000,0
1783506600000000,77.39000000,77.50000000,77.31000000,77.37000000,15539.17800000,1783507499999999,1202971.47647000,5156,8873.27600000,686956.63016000,0
1783507500000000,77.38000000,77.40000000,77.24000000,77.33000000,10844.15800000,1783508399999999,838549.87460000,3829,5917.30200000,457584.69401000,0
1783508400000000,77.33000000,77.37000000,77.18000000,77.22000000,18003.94000000,1783509299999999,1391723.37690000,5664,9498.65000000,734300.87504000,0
1783509300000000,77.23000000,77.26000000,77.08000000,77.16000000,14647.82300000,1783510199999999,1130359.30379000,3826,10089.51300000,778643.11419000,0
1783510200000000,77.16000000,77.71000000,77.10000000,77.55000000,24245.40600000,1783511099999999,1877139.37182000,9079,13048.91900000,1010095.75094000,0
1783511100000000,77.56000000,77.66000000,77.46000000,77.56000000,18678.12500000,1783511999999999,1448726.63750000,7742,11583.54300000,898457.10379000,0
1783512000000000,77.56000000,77.66000000,77.40000000,77.53000000,19227.72900000,1783512899999999,1491209.65307000,6999,11243.59300000,872159.92886000,0
1783512900000000,77.53000000,77.59000000,77.43000000,77.51000000,9794.10300000,1783513799999999,759151.96926000,4404,5739.65900000,444882.37200000,0
1783513800000000,77.51000000,77.53000000,77.29000000,77.32000000,13320.33500000,1783514699999999,1030971.05281000,4785,7045.21300000,545431.58047000,0
1783514700000000,77.31000000,77.42000000,77.02000000,77.03000000,24869.88700000,1783515599999999,1920922.54909000,7236,9324.44700000,720388.06184000,0
1783515600000000,77.03000000,77.10000000,76.72000000,76.92000000,79109.59600000,1783516499999999,6080322.12662000,11927,16218.58200000,1247151.12844000,0
1783516500000000,76.93000000,76.96000000,76.64000000,76.85000000,32410.93600000,1783517399999999,2488763.88178000,8976,13232.90600000,1016163.72952000,0
1783517400000000,76.86000000,77.46000000,76.86000000,77.31000000,47073.92900000,1783518299999999,3633044.25639000,21072,26581.21200000,2051680.70121000,0
1783518300000000,77.30000000,77.47000000,76.91000000,77.31000000,38105.29600000,1783519199999999,2942440.69610000,16280,17990.94400000,1388890.86232000,0
1783519200000000,77.30000000,77.42000000,77.11000000,77.25000000,29004.17000000,1783520099999999,2240835.13860000,15489,14611.07500000,1129009.13234000,0
1783520100000000,77.24000000,77.41000000,76.88000000,77.10000000,23276.55500000,1783520999999999,1795481.77012000,14107,11596.25300000,894716.17313000,0
1783521000000000,77.09000000,77.14000000,76.90000000,76.98000000,25115.31600000,1783521899999999,1934014.99675000,9860,9990.48500000,769305.61721000,0
1783521900000000,76.99000000,77.23000000,76.71000000,77.11000000,35996.14800000,1783522799999999,2769666.95699000,13564,14341.35000000,1103924.70549000,0
1783522800000000,77.11000000,77.15000000,76.72000000,76.73000000,26444.61700000,1783523699999999,2035042.27060000,8962,9795.93900000,753677.18246000,0
1783523700000000,76.72000000,76.82000000,76.29000000,76.41000000,43210.92800000,1783524599999999,3305596.52679000,16085,15929.01300000,1218397.24222000,0
1783524600000000,76.40000000,76.68000000,76.33000000,76.52000000,21043.21300000,1783525499999999,1611004.98752000,8461,12190.91200000,933465.89350000,0
1783525500000000,76.51000000,76.79000000,76.46000000,76.75000000,13738.72600000,1783526399999999,1052737.70104000,7151,7974.34700000,611035.13277000,0
1783526400000000,76.76000000,77.00000000,76.76000000,76.97000000,19382.20400000,1783527299999999,1490642.47990000,7172,12591.05700000,968364.59382000,0
1783527300000000,76.98000000,77.18000000,76.87000000,77.04000000,13109.44300000,1783528199999999,1009374.27095000,7344,7917.50200000,609657.51758000,0
1783528200000000,77.03000000,77.33000000,76.84000000,77.29000000,26471.38200000,1783529099999999,2040656.86525000,9276,15052.53400000,1160534.36601000,0
1783529100000000,77.28000000,77.36000000,77.21000000,77.29000000,16719.94400000,1783529999999999,1292140.91206000,5420,9860.49300000,762079.67671000,0
1783530000000000,77.29000000,77.32000000,77.10000000,77.10000000,25816.54100000,1783530899999999,1993918.08509000,5855,10298.75700000,795284.70761000,0
1783530900000000,77.09000000,77.61000000,77.09000000,77.60000000,19973.63100000,1783531799999999,1545166.44051000,8706,14544.00400000,1125029.68447000,0
1783531800000000,77.60000000,77.68000000,77.37000000,77.41000000,20368.70300000,1783532699999999,1580106.57122000,6629,12795.37700000,992715.63039000,0
1783532700000000,77.41000000,77.42000000,77.04000000,77.13000000,11014.22000000,1783533599999999,850375.95109000,5162,4899.72100000,378275.18311000,0
1783533600000000,77.13000000,77.36000000,77.09000000,77.30000000,11471.40200000,1783534499999999,886388.97755000,5637,6978.19200000,539180.70856000,0
1783534500000000,77.31000000,77.32000000,77.09000000,77.12000000,7962.59500000,1783535399999999,614842.10573000,4131,4476.62600000,345651.63846000,0
1783535400000000,77.13000000,77.13000000,76.82000000,76.99000000,13185.83500000,1783536299999999,1014543.76872000,5687,6422.28600000,494065.28257000,0
1783536300000000,76.99000000,77.33000000,76.95000000,77.14000000,7565.50500000,1783537199999999,583670.29173000,5018,5102.58400000,393634.23871000,0
1783537200000000,77.15000000,77.27000000,77.01000000,77.01000000,8555.50600000,1783538099999999,659864.88330000,4422,5345.18700000,412365.82593000,0
1783538100000000,77.02000000,77.25000000,76.95000000,77.14000000,15072.02900000,1783538999999999,1162269.66687000,4116,10310.58500000,795353.96731000,0
1783539000000000,77.14000000,77.35000000,77.12000000,77.34000000,7299.14000000,1783539899999999,563768.40548000,4463,4575.97800000,353428.15190000,0
1783539900000000,77.34000000,77.49000000,77.14000000,77.42000000,18843.83000000,1783540799999999,1456120.20989000,7587,6071.63900000,469493.73625000,0
1783540800000000,77.42000000,77.57000000,77.31000000,77.44000000,8808.25900000,1783541699999999,682169.30923000,4539,3304.12200000,255894.71740000,0
1783541700000000,77.45000000,77.45000000,77.30000000,77.38000000,4428.78500000,1783542599999999,342631.32565000,2991,2155.53300000,166758.96194000,0
1783542600000000,77.38000000,77.40000000,77.08000000,77.15000000,13356.30100000,1783543499999999,1030819.70951000,3870,5597.98400000,431953.03106000,0
1783543500000000,77.15000000,77.23000000,77.05000000,77.17000000,10549.08400000,1783544399999999,813857.40492000,3446,4523.51700000,349039.30930000,0
1783544400000000,77.18000000,77.18000000,76.95000000,76.99000000,4760.78300000,1783545299999999,366906.85102000,3500,2463.37400000,189850.25925000,0
1783545300000000,77.00000000,77.14000000,76.93000000,77.12000000,7458.74400000,1783546199999999,574501.00513000,4107,4646.20500000,357792.52521000,0
1783546200000000,77.12000000,77.25000000,77.02000000,77.20000000,10382.75400000,1783547099999999,801436.85281000,3884,5249.44600000,405216.43139000,0
1783547100000000,77.19000000,77.35000000,77.17000000,77.26000000,7755.33600000,1783547999999999,599208.30256000,3208,5005.42600000,386752.08227000,0
1783548000000000,77.26000000,77.48000000,77.20000000,77.26000000,9190.33100000,1783548899999999,710598.52215000,5396,6069.48300000,469304.42068000,0
1783548900000000,77.27000000,77.41000000,77.18000000,77.40000000,11105.20200000,1783549799999999,858570.11844000,3158,6584.15000000,509130.99316000,0
1783549800000000,77.40000000,77.47000000,77.30000000,77.46000000,10103.83000000,1783550699999999,781862.28679000,3559,3934.56700000,304411.71031000,0
1783550700000000,77.45000000,77.59000000,77.44000000,77.55000000,13018.08000000,1783551599999999,1008885.31297000,2210,6054.37300000,469214.88263000,0
1783551600000000,77.54000000,77.66000000,77.47000000,77.63000000,5802.77300000,1783552499999999,450189.37330000,3018,3348.59000000,259778.81401000,0
1783552500000000,77.63000000,77.63000000,77.47000000,77.56000000,6988.86000000,1783553399999999,541948.85034000,3317,3443.27600000,266990.96142000,0
1783553400000000,77.56000000,77.63000000,77.43000000,77.62000000,8679.40100000,1783554299999999,673111.95810000,4041,5489.90900000,425784.37883000,0
1783554300000000,77.61000000,77.95000000,77.55000000,77.83000000,16187.38700000,1783555199999999,1259445.25353000,5870,9056.55700000,704702.96092000,0
1783555200000000,77.83000000,77.90000000,77.61000000,77.76000000,13970.45900000,1783556099999999,1086176.41275000,7312,7724.68900000,600540.28698000,0
1783556100000000,77.75000000,77.80000000,77.53000000,77.67000000,13421.96500000,1783556999999999,1042521.01953000,4034,8618.28700000,669400.08972000,0
1783557000000000,77.67000000,77.81000000,77.55000000,77.63000000,6668.42200000,1783557899999999,517878.15047000,5253,4218.45400000,327582.38393000,0
1783557900000000,77.63000000,77.77000000,77.52000000,77.71000000,19491.75200000,1783558799999999,1513855.32810000,4914,10458.18100000,812079.11830000,0
1783558800000000,77.72000000,78.78000000,77.65000000,78.37000000,49585.95300000,1783559699999999,3879811.38093000,18813,29326.59400000,2296381.33413000,0
1783559700000000,78.37000000,78.50000000,78.13000000,78.17000000,19657.83500000,1783560599999999,1539897.98353000,9342,6222.86500000,487628.87049000,0
1783560600000000,78.18000000,78.21000000,77.60000000,77.65000000,23274.55700000,1783561499999999,1811128.87211000,10901,7457.37700000,580398.30663000,0
1783561500000000,77.65000000,77.78000000,77.25000000,77.35000000,24161.43600000,1783562399999999,1873194.58824000,10635,11257.28400000,872859.13607000,0
1783562400000000,77.35000000,77.84000000,77.22000000,77.82000000,15016.20900000,1783563299999999,1164497.75082000,7808,9799.60700000,759952.02067000,0
1783563300000000,77.83000000,77.84000000,77.58000000,77.66000000,11826.02500000,1783564199999999,919106.17838000,5337,5531.22100000,429909.28593000,0
1783564200000000,77.65000000,77.68000000,77.29000000,77.31000000,14197.09100000,1783565099999999,1099313.54102000,6406,8591.70000000,665272.17537000,0
1783565100000000,77.31000000,77.33000000,76.98000000,77.07000000,23473.88900000,1783565999999999,1809518.40587000,7957,9120.12700000,703082.76720000,0
1783566000000000,77.06000000,77.11000000,76.86000000,76.98000000,12569.98300000,1783566899999999,967322.69252000,5942,6122.92300000,471153.86678000,0
1783566900000000,76.97000000,77.16000000,76.71000000,77.04000000,12407.49400000,1783567799999999,954733.65928000,7179,6666.55100000,512925.13959000,0
1783567800000000,77.05000000,77.38000000,77.05000000,77.24000000,10144.08000000,1783568699999999,783541.52515000,6585,5616.90400000,433858.94199000,0
1783568700000000,77.23000000,77.41000000,77.16000000,77.38000000,18367.12500000,1783569599999999,1419758.31194000,4532,12347.75200000,954620.63364000,0
1783569600000000,77.39000000,77.44000000,77.25000000,77.26000000,15767.79700000,1783570499999999,1219573.02616000,4445,2917.40700000,225665.69517000,0
1783570500000000,77.25000000,77.40000000,77.22000000,77.37000000,5422.16500000,1783571399999999,419164.96014000,3427,2468.59000000,190843.94651000,0
1783571400000000,77.36000000,77.83000000,77.36000000,77.81000000,13893.04900000,1783572299999999,1078715.11600000,6582,7874.36600000,611307.15459000,0
1783572300000000,77.81000000,78.04000000,77.71000000,77.99000000,14473.84200000,1783573199999999,1127277.66514000,6960,7169.16200000,558338.18402000,0
1783573200000000,77.98000000,78.32000000,77.79000000,78.15000000,30567.11700000,1783574099999999,2384935.38784000,9810,18184.35200000,1418832.22875000,0
1783574100000000,78.16000000,78.18000000,77.77000000,77.90000000,17113.97700000,1783574999999999,1334467.71850000,6852,6386.78200000,498002.81255000,0
1783575000000000,77.91000000,78.08000000,77.74000000,78.01000000,14924.37400000,1783575899999999,1162768.58237000,5205,8868.85200000,691085.09043000,0
1783575900000000,78.01000000,78.40000000,77.99000000,78.40000000,14539.05300000,1783576799999999,1137569.67548000,5777,9128.83200000,714220.74937000,0
1783576800000000,78.40000000,78.47000000,78.11000000,78.20000000,19930.19600000,1783577699999999,1561376.93923000,8105,8893.04300000,696983.97263000,0
1783577700000000,78.19000000,78.62000000,78.15000000,78.46000000,14728.13300000,1783578599999999,1155098.19892000,5841,8390.06500000,658062.50447000,0
1783578600000000,78.46000000,78.52000000,78.32000000,78.44000000,13026.30000000,1783579499999999,1021489.91898000,6014,6446.36400000,505496.18597000,0
1783579500000000,78.44000000,78.53000000,78.37000000,78.49000000,20389.11000000,1783580399999999,1599494.18810000,5832,14590.19600000,1144672.40494000,0
1783580400000000,78.50000000,78.83000000,78.30000000,78.44000000,38072.15200000,1783581299999999,2988223.23558000,11514,17973.99600000,1411039.50486000,0
1783581300000000,78.45000000,78.48000000,78.20000000,78.31000000,13003.79600000,1783582199999999,1018539.90307000,5256,5803.66400000,454680.98422000,0
1783582200000000,78.30000000,78.34000000,78.14000000,78.33000000,24471.83300000,1783583099999999,1914707.96019000,5298,13135.98500000,1027784.96546000,0
1783583100000000,78.33000000,78.60000000,78.15000000,78.21000000,14812.06600000,1783583999999999,1160188.50369000,6760,6293.51600000,493060.11954000,0
1783584000000000,78.22000000,78.24000000,78.08000000,78.16000000,11731.81000000,1783584899999999,916964.48383000,5247,3814.03300000,298111.02259000,0
1783584900000000,78.15000000,78.37000000,77.96000000,78.37000000,20763.98700000,1783585799999999,1622223.50970000,5815,10033.82200000,784177.49794000,0
1783585800000000,78.36000000,78.41000000,78.23000000,78.30000000,9054.72600000,1783586699999999,708943.00853000,4013,3689.80700000,288893.48885000,0
1783586700000000,78.30000000,78.30000000,78.05000000,78.11000000,14577.98500000,1783587599999999,1139139.96717000,4770,8438.51300000,659345.15614000,0
1783587600000000,78.11000000,78.18000000,77.97000000,78.00000000,9639.98800000,1783588499999999,752476.43748000,4198,4170.46100000,325548.22406000,0
1783588500000000,78.00000000,78.07000000,77.91000000,78.02000000,12812.84100000,1783589399999999,999121.32127000,5145,5106.02400000,398208.94806000,0
1783589400000000,78.02000000,78.11000000,77.86000000,77.89000000,11857.26600000,1783590299999999,925050.69844000,6485,4797.25200000,374310.71963000,0
1783590300000000,77.89000000,78.16000000,77.86000000,78.14000000,9807.44200000,1783591199999999,765533.23312000,4519,5421.22500000,423182.65205000,0
1783591200000000,78.13000000,78.22000000,78.05000000,78.10000000,12812.24400000,1783592099999999,1001021.91046000,5166,4659.45100000,363998.83524000,0
1783592100000000,78.11000000,78.13000000,77.93000000,78.04000000,23678.80400000,1783592999999999,1847439.89828000,6124,11748.96700000,916750.95395000,0
1783593000000000,78.03000000,78.09000000,77.96000000,78.01000000,24885.65300000,1783593899999999,1941627.03020000,6416,6826.94900000,532663.60592000,0
1783593900000000,78.02000000,78.02000000,77.52000000,77.68000000,21725.71300000,1783594799999999,1688695.00902000,8057,8893.71500000,691221.50175000,0
1783594800000000,77.69000000,77.78000000,77.58000000,77.72000000,10549.88400000,1783595699999999,819582.71242000,4998,3681.83900000,286026.60002000,0
1783595700000000,77.72000000,77.72000000,77.38000000,77.41000000,15609.30300000,1783596599999999,1209927.77200000,6422,4839.13700000,375052.62029000,0
1783596600000000,77.41000000,77.46000000,77.32000000,77.41000000,9625.08700000,1783597499999999,744847.71774000,4289,3761.07100000,291064.52153000,0
1783597500000000,77.40000000,77.69000000,77.36000000,77.61000000,14542.33600000,1783598399999999,1126693.20470000,5716,7384.91500000,572112.29815000,0
1783598400000000,77.61000000,77.79000000,77.43000000,77.61000000,18318.32700000,1783599299999999,1422200.92290000,8395,8445.53200000,655605.41474000,0
1783599300000000,77.62000000,77.78000000,77.55000000,77.71000000,50955.79800000,1783600199999999,3958762.49971000,12305,25701.80700000,1996885.56762000,0
1783600200000000,77.70000000,78.21000000,77.68000000,77.78000000,51393.45400000,1783601099999999,4005794.50080000,15684,25003.65100000,1949025.37256000,0
1783601100000000,77.79000000,77.79000000,77.41000000,77.64000000,32882.75800000,1783601999999999,2550895.51406000,10115,11267.79100000,874311.41337000,0
1783602000000000,77.64000000,78.10000000,77.64000000,78.02000000,10597.20000000,1783602899999999,825792.89169000,6910,5984.85100000,466225.69579000,0
1783602900000000,78.02000000,78.02000000,77.61000000,77.73000000,23497.97300000,1783603799999999,1827559.13632000,7466,8054.33300000,626668.52097000,0
1783603800000000,77.73000000,78.09000000,77.35000000,78.09000000,23711.33100000,1783604699999999,1842266.59121000,18443,11671.22000000,906910.04285000,0
1783604700000000,78.08000000,78.49000000,77.81000000,78.22000000,30011.03700000,1783605599999999,2346304.70207000,15573,14962.58200000,1169948.13987000,0
1783605600000000,78.22000000,78.35000000,77.97000000,78.07000000,13479.80300000,1783606499999999,1053391.25570000,9927,7404.05900000,578416.93125000,0
1783606500000000,78.06000000,78.06000000,77.68000000,77.91000000,20393.75600000,1783607399999999,1587242.10321000,13967,11453.73500000,891533.00032000,0
1783607400000000,77.91000000,77.92000000,77.58000000,77.73000000,13793.26600000,1783608299999999,1072103.53398000,8585,8013.12200000,622795.46256000,0
1783608300000000,77.73000000,77.99000000,77.63000000,77.88000000,15434.52200000,1783609199999999,1201066.44476000,7989,9868.86200000,767780.30560000,0
1783609200000000,77.88000000,78.08000000,77.67000000,78.00000000,15280.97700000,1783610099999999,1190233.93637000,9458,7519.78600000,585652.08162000,0
1783610100000000,78.00000000,78.20000000,77.78000000,77.81000000,11285.46900000,1783610999999999,880099.00585000,9026,5306.74800000,414055.73017000,0
1783611000000000,77.80000000,77.91000000,77.62000000,77.65000000,17837.46300000,1783611899999999,1386543.20058000,8213,7740.05900000,601823.25587000,0
1783611900000000,77.66000000,77.75000000,77.51000000,77.63000000,10444.88300000,1783612799999999,810702.98373000,5643,5331.62900000,413823.64124000,0
1783612800000000,77.63000000,77.81000000,77.54000000,77.60000000,10766.75800000,1783613699999999,836164.78428000,6488,6282.88000000,488011.33355000,0
1783613700000000,77.59000000,77.61000000,77.26000000,77.46000000,21093.35700000,1783614599999999,1633224.71672000,9980,11931.01500000,923690.26196000,0
1783614600000000,77.47000000,77.73000000,77.47000000,77.67000000,12865.59900000,1783615499999999,998605.70695000,6041,7231.91900000,561430.68026000,0
1783615500000000,77.66000000,77.72000000,77.49000000,77.69000000,8374.38600000,1783616399999999,649915.35001000,5244,5291.18000000,410608.95960000,0
1783616400000000,77.69000000,77.87000000,77.66000000,77.70000000,9530.76000000,1783617299999999,740915.20511000,5975,3684.14000000,286415.96576000,0
1783617300000000,77.70000000,78.00000000,77.69000000,77.78000000,10638.62800000,1783618199999999,828124.62854000,5702,4207.04900000,327462.77246000,0
1783618200000000,77.77000000,78.16000000,77.63000000,78.12000000,18275.31400000,1783619099999999,1423919.63073000,8097,9899.60700000,771801.71451000,0
1783619100000000,78.11000000,78.12000000,77.94000000,78.06000000,12688.52400000,1783619999999999,990365.06345000,4427,5653.54000000,441272.69405000,0
1783620000000000,78.06000000,78.43000000,78.00000000,78.27000000,21621.58900000,1783620899999999,1691871.07687000,9441,11386.35000000,890954.37073000,0
1783620900000000,78.28000000,78.40000000,78.10000000,78.26000000,11418.22500000,1783621799999999,893507.72396000,6444,6954.44800000,544240.87975000,0
1783621800000000,78.27000000,78.28000000,78.07000000,78.16000000,8959.40600000,1783622699999999,700370.10338000,4756,4428.50900000,346175.75338000,0
1783622700000000,78.15000000,78.25000000,78.01000000,78.19000000,9712.32000000,1783623599999999,759121.79121000,4295,4161.80000000,325323.51532000,0
1783623600000000,78.20000000,78.20000000,78.01000000,78.02000000,7000.45300000,1783624499999999,546825.05067000,3749,2661.14800000,207874.17763000,0
1783624500000000,78.02000000,78.17000000,77.91000000,78.13000000,9995.76200000,1783625399999999,780018.86169000,4156,6682.23400000,521524.25054000,0
1783625400000000,78.14000000,78.31000000,78.09000000,78.31000000,5341.17800000,1783626299999999,417816.84650000,3696,2709.92600000,211978.90847000,0
1783626300000000,78.30000000,78.32000000,78.06000000,78.15000000,7422.79700000,1783627199999999,580276.72664000,4672,3741.31800000,292460.00635000,0
1783627200000000,78.16000000,78.20000000,78.00000000,78.05000000,4913.60400000,1783628099999999,383642.54814000,3946,1664.13300000,129939.63797000,0
1783628100000000,78.05000000,78.21000000,77.98000000,78.17000000,6225.72100000,1783628999999999,486062.38562000,3029,3355.08800000,261920.09788000,0
1783629000000000,78.17000000,78.32000000,78.12000000,78.26000000,7890.93200000,1783629899999999,617403.02137000,3032,5301.40900000,414784.46777000,0
1783629900000000,78.27000000,78.27000000,78.06000000,78.15000000,5301.92800000,1783630799999999,414276.05003000,2583,2266.61500000,177086.21602000,0
1783630800000000,78.16000000,78.29000000,78.07000000,78.13000000,5585.28700000,1783631699999999,436712.96285000,3249,2661.44600000,208060.64152000,0
1783631700000000,78.12000000,78.19000000,78.00000000,78.03000000,4739.47900000,1783632599999999,370140.78424000,2222,1587.51700000,123980.50638000,0
1783632600000000,78.03000000,78.10000000,77.90000000,77.93000000,11471.53100000,1783633499999999,894991.56667000,3162,6067.03200000,473323.41111000,0
1783633500000000,77.93000000,78.08000000,77.92000000,78.04000000,6636.76400000,1783634399999999,517813.27842000,3244,4457.33700000,347781.16719000,0
1783634400000000,78.05000000,78.17000000,77.99000000,78.08000000,6271.50300000,1783635299999999,489636.67695000,5199,3550.72300000,277207.74184000,0
1783635300000000,78.09000000,78.22000000,78.08000000,78.18000000,8982.39400000,1783636199999999,702052.41513000,2907,4220.36400000,329820.34964000,0
1783636200000000,78.19000000,78.29000000,78.07000000,78.23000000,3841.07900000,1783637099999999,300311.23622000,2475,2147.63900000,167940.53285000,0
1783637100000000,78.23000000,78.29000000,78.10000000,78.11000000,6615.51200000,1783637999999999,517409.32787000,2107,3724.31300000,291353.61433000,0
1783638000000000,78.11000000,78.21000000,78.02000000,78.02000000,4476.56200000,1783638899999999,349645.68141000,2776,1891.24400000,147730.72359000,0
1783638900000000,78.02000000,78.13000000,77.74000000,78.05000000,14207.20000000,1783639799999999,1106712.49948000,6640,6724.22000000,523880.32267000,0
1783639800000000,78.04000000,78.09000000,77.94000000,78.07000000,4157.98500000,1783640699999999,324375.76192000,3308,1178.43800000,91927.90230000,0
1783640700000000,78.07000000,78.15000000,78.01000000,78.04000000,5052.97600000,1783641599999999,394561.97928000,3263,1472.36600000,114971.25610000,0
1783641600000000,78.05000000,78.06000000,77.81000000,78.01000000,7682.43400000,1783642499999999,598893.47568000,5424,2799.55900000,218265.56135000,0
1783642500000000,78.00000000,78.16000000,77.90000000,78.00000000,8971.52300000,1783643399999999,699912.70976000,5598,4219.83900000,329201.19475000,0
1783643400000000,78.00000000,78.13000000,77.79000000,77.99000000,13286.15000000,1783644299999999,1036364.91627000,7183,5114.08000000,398913.33587000,0
1783644300000000,77.98000000,78.12000000,77.86000000,78.12000000,10085.45700000,1783645199999999,786542.78853000,4149,3761.79300000,293396.60796000,0
1783645200000000,78.12000000,78.23000000,77.94000000,78.23000000,10833.39700000,1783646099999999,845824.85399000,4821,4742.08900000,370314.19721000,0
1783646100000000,78.22000000,78.68000000,78.20000000,78.49000000,19275.31400000,1783646999999999,1512322.64248000,9041,10385.38100000,814862.99802000,0
1783647000000000,78.49000000,78.52000000,78.31000000,78.41000000,13752.75600000,1783647899999999,1078377.03580000,6783,5676.39200000,445093.65244000,0
1783647900000000,78.42000000,79.45000000,78.40000000,79.05000000,59182.85400000,1783648799999999,4683433.71362000,20825,36603.62500000,2896244.42814000,0
1783648800000000,79.06000000,79.16000000,78.84000000,78.99000000,31243.48600000,1783649699999999,2467912.95685000,10535,19815.87800000,1565346.89672000,0
1783649700000000,79.00000000,79.02000000,78.83000000,78.89000000,8652.99700000,1783650599999999,682865.30417000,4511,3944.56200000,311281.57029000,0
1783650600000000,78.89000000,79.03000000,78.84000000,78.95000000,10913.51100000,1783651499999999,861514.62032000,4057,7133.97300000,563120.04538000,0
1783651500000000,78.96000000,79.16000000,78.91000000,79.05000000,9457.90400000,1783652399999999,747712.52098000,4718,3493.44700000,276201.98741000,0
1783652400000000,79.05000000,79.05000000,78.74000000,78.82000000,9594.80100000,1783653299999999,756960.78143000,4024,4101.10600000,323569.06056000,0
1783653300000000,78.83000000,78.94000000,78.73000000,78.82000000,41122.88200000,1783654199999999,3241437.76708000,4595,29936.09400000,2359502.81718000,0
1783654200000000,78.81000000,79.03000000,78.73000000,78.99000000,22529.51100000,1783655099999999,1777626.40797000,5048,11978.95200000,945161.90616000,0
1783655100000000,78.99000000,79.13000000,78.92000000,79.07000000,16324.16600000,1783655999999999,1289705.87989000,3869,11580.44500000,914896.21962000,0
1783656000000000,79.07000000,79.11000000,78.98000000,79.05000000,9530.44400000,1783656899999999,753375.98240000,3242,4002.74600000,316459.62005000,0
1783656900000000,79.05000000,79.11000000,78.88000000,78.88000000,6867.29200000,1783657799999999,542604.80703000,3147,2554.25600000,201845.92138000,0
1783657800000000,78.89000000,79.09000000,78.84000000,78.98000000,6988.05800000,1783658699999999,551869.20980000,4002,3559.12600000,281096.82287000,0
1783658700000000,78.99000000,79.08000000,78.94000000,78.97000000,12065.45700000,1783659599999999,953251.74017000,3134,8137.07500000,642882.63393000,0
1783659600000000,78.97000000,79.05000000,78.87000000,78.94000000,41548.39600000,1783660499999999,3281174.00137000,3682,17682.39100000,1396241.69060000,0
1783660500000000,78.94000000,79.09000000,78.93000000,79.08000000,37203.67400000,1783661399999999,2939426.65979000,3543,22447.59300000,1773368.46602000,0
1783661400000000,79.09000000,79.37000000,79.03000000,79.23000000,17780.77400000,1783662299999999,1408202.72712000,5633,8415.53500000,666673.16632000,0
1783662300000000,79.23000000,79.25000000,79.12000000,79.18000000,8884.28800000,1783663199999999,703518.47233000,2965,3229.69500000,255742.96488000,0
1783663200000000,79.18000000,79.24000000,79.10000000,79.13000000,11524.91000000,1783664099999999,912236.39691000,4093,6986.28400000,552999.59347000,0
1783664100000000,79.13000000,79.13000000,78.88000000,78.96000000,12514.43800000,1783664999999999,988323.87347000,3884,6028.21400000,475990.00091000,0
1783665000000000,78.96000000,79.03000000,78.93000000,78.96000000,6536.82000000,1783665899999999,516240.58816000,3046,2211.03200000,174617.86819000,0
1783665900000000,78.96000000,79.02000000,78.86000000,78.92000000,7643.39500000,1783666799999999,603296.71127000,2408,2009.04000000,158590.58741000,0
1783666800000000,78.92000000,79.08000000,78.85000000,79.08000000,7751.44100000,1783667699999999,611892.46817000,2585,4613.67700000,364298.06391000,0
1783667700000000,79.08000000,79.08000000,78.97000000,78.98000000,6430.00600000,1783668599999999,508076.07587000,2194,2477.15700000,195744.35744000,0
1783668600000000,78.99000000,78.99000000,78.79000000,78.80000000,18170.35400000,1783669499999999,1432859.48989000,3169,5221.14800000,411872.26914000,0
1783669500000000,78.80000000,78.90000000,78.75000000,78.87000000,7255.72000000,1783670399999999,571986.24395000,2786,4294.83400000,338612.51130000,0
1783670400000000,78.87000000,79.00000000,78.81000000,78.98000000,6873.16200000,1783671299999999,542311.08743000,2948,4166.92600000,328816.68922000,0
1783671300000000,78.99000000,79.40000000,78.99000000,79.36000000,24337.84600000,1783672199999999,1928504.54286000,8844,15953.92100000,1263922.06911000,0
1783672200000000,79.37000000,79.42000000,79.27000000,79.37000000,19457.07700000,1783673099999999,1543867.07514000,4815,8727.62900000,692540.30211000,0
1783673100000000,79.37000000,79.41000000,79.20000000,79.20000000,38597.67900000,1783673999999999,3061118.77947000,5928,20493.75800000,1625213.77661000,0
1783674000000000,79.19000000,79.23000000,78.95000000,79.01000000,19941.55900000,1783674899999999,1577596.26709000,6527,5996.32800000,474304.42886000,0
1783674900000000,79.01000000,79.24000000,79.00000000,79.20000000,9643.46600000,1783675799999999,762973.50140000,3819,5197.25600000,411237.37264000,0
1783675800000000,79.21000000,79.35000000,79.15000000,79.34000000,28404.28800000,1783676699999999,2252120.17105000,5611,20654.83200000,1637727.86697000,0
1783676700000000,79.34000000,79.38000000,79.20000000,79.22000000,11931.80400000,1783677599999999,945950.44238000,3351,4736.85600000,375511.49200000,0
1783677600000000,79.23000000,79.28000000,79.15000000,79.18000000,12233.64200000,1783678499999999,969002.41422000,3277,8229.38300000,651817.75297000,0
1783678500000000,79.18000000,79.68000000,79.17000000,79.62000000,19278.41900000,1783679399999999,1531225.47696000,7801,10352.52500000,822407.80515000,0
1783679400000000,79.62000000,79.63000000,79.42000000,79.54000000,10858.16300000,1783680299999999,863509.33694000,4502,7194.71100000,572174.28420000,0
1783680300000000,79.54000000,79.58000000,79.39000000,79.39000000,22732.31200000,1783681199999999,1807053.98818000,3961,13633.68000000,1083851.68539000,0
1783681200000000,79.40000000,79.52000000,79.32000000,79.45000000,17103.49100000,1783682099999999,1358181.27679000,5074,9708.80300000,770989.84933000,0
1783682100000000,79.44000000,79.52000000,79.31000000,79.37000000,9781.34500000,1783682999999999,776813.22396000,3831,5492.10900000,436165.28927000,0
1783683000000000,79.37000000,79.37000000,79.18000000,79.33000000,9538.26200000,1783683899999999,756253.11914000,4581,4015.08200000,318354.60120000,0
1783683900000000,79.33000000,79.46000000,79.27000000,79.36000000,9008.87800000,1783684799999999,714982.70678000,3708,5664.14800000,449500.51614000,0
1783684800000000,79.37000000,79.56000000,79.18000000,79.44000000,22045.99700000,1783685699999999,1750547.50144000,6795,12496.79600000,992313.00262000,0
1783685700000000,79.43000000,79.44000000,79.24000000,79.36000000,9387.87400000,1783686599999999,744733.57634000,4315,4253.58600000,337393.76426000,0
1783686600000000,79.36000000,79.36000000,79.01000000,79.02000000,20275.81100000,1783687499999999,1605045.32962000,5583,7894.87800000,624893.95354000,0
1783687500000000,79.03000000,79.06000000,78.90000000,78.92000000,13724.97600000,1783688399999999,1084112.50741000,4042,6881.31600000,543605.64022000,0
1783688400000000,78.92000000,79.01000000,78.86000000,78.90000000,11968.36300000,1783689299999999,944648.74399000,5161,7132.78000000,562999.15211000,0
1783689300000000,78.90000000,78.98000000,78.85000000,78.88000000,12176.73900000,1783690199999999,960867.82705000,5472,7527.29000000,593996.02617000,0
1783690200000000,78.88000000,79.09000000,78.77000000,78.97000000,36181.22800000,1783691099999999,2856992.03845000,14078,22922.55900000,1810252.31711000,0
1783691100000000,78.97000000,79.35000000,78.95000000,78.99000000,22687.87000000,1783691999999999,1795628.13868000,10149,11168.41300000,884167.31389000,0
1783692000000000,78.98000000,78.98000000,78.21000000,78.24000000,89004.69900000,1783692899999999,6989827.80794000,20759,30668.88500000,2408277.79141000,0
1783692900000000,78.25000000,78.34000000,77.58000000,77.75000000,87836.64400000,1783693799999999,6839779.42211000,26907,37602.98000000,2927598.22120000,0
1783693800000000,77.75000000,77.95000000,77.07000000,77.75000000,129604.67500000,1783694699999999,10050799.89388000,35762,61606.09400000,4778294.10433000,0
1783694700000000,77.75000000,78.31000000,77.63000000,77.91000000,110959.16300000,1783695599999999,8655349.83573000,31553,60839.32900000,4745620.52994000,0
1783695600000000,77.90000000,78.18000000,77.78000000,77.94000000,24806.05200000,1783696499999999,1934930.23985000,13418,14794.94100000,1154111.20695000,0
1783696500000000,77.94000000,78.36000000,77.94000000,78.31000000,24404.94600000,1783697399999999,1907927.60277000,13149,12152.27800000,949916.85097000,0
1783697400000000,78.32000000,78.36000000,77.99000000,78.16000000,14112.03800000,1783698299999999,1103520.92188000,8072,6982.82300000,546082.36858000,0
1783698300000000,78.16000000,78.23000000,77.98000000,78.14000000,19387.10000000,1783699199999999,1514803.40280000,7445,12043.84500000,941192.53971000,0
1783699200000000,78.15000000,78.17000000,77.90000000,78.15000000,18235.16200000,1783700099999999,1423159.58110000,8572,10888.23800000,849846.96568000,0
1783700100000000,78.15000000,78.26000000,77.90000000,77.94000000,11270.86100000,1783700999999999,879530.50091000,5693,4468.35000000,348677.22655000,0
1783701000000000,77.94000000,78.01000000,77.66000000,77.84000000,15275.16700000,1783701899999999,1188914.65232000,7268,8810.08400000,685701.97138000,0
1783701900000000,77.84000000,78.21000000,77.79000000,78.14000000,16397.77300000,1783702799999999,1278725.75587000,8048,9374.10700000,731062.47611000,0
1783702800000000,78.14000000,78.17000000,77.80000000,77.80000000,21212.98800000,1783703699999999,1653845.83107000,7366,9142.67800000,712922.46113000,0
1783703700000000,77.81000000,77.90000000,77.70000000,77.83000000,27944.34000000,1783704599999999,2173938.38731000,6223,13676.05800000,1064062.91953000,0
1783704600000000,77.83000000,77.83000000,77.67000000,77.74000000,16285.10800000,1783705499999999,1265961.07645000,4552,6425.82000000,499619.76507000,0
1783705500000000,77.73000000,77.81000000,77.58000000,77.59000000,16365.80000000,1783706399999999,1271647.52451000,4507,8058.90800000,626289.57377000,0
1783706400000000,77.58000000,77.91000000,77.57000000,77.68000000,22575.76500000,1783707299999999,1755293.03175000,5569,9319.81900000,724689.97978000,0
1783707300000000,77.67000000,77.80000000,77.59000000,77.68000000,10202.50400000,1783708199999999,792734.34690000,4817,5804.02800000,451001.31326000,0
1783708200000000,77.68000000,77.76000000,77.47000000,77.49000000,11404.19800000,1783709099999999,885009.40946000,5071,5610.25700000,435472.91860000,0
1783709100000000,77.49000000,77.53000000,77.33000000,77.53000000,26582.90400000,1783709999999999,2058114.04111000,7060,15264.94900000,1182071.82929000,0
1783710000000000,77.52000000,77.72000000,77.45000000,77.69000000,7783.21500000,1783710899999999,603892.26660000,3938,5237.23100000,406308.19669000,0
1783710900000000,77.69000000,77.84000000,77.61000000,77.81000000,8563.41600000,1783711799999999,665793.10147000,4061,4385.62100000,340951.77130000,0
1783711800000000,77.81000000,78.05000000,77.78000000,77.97000000,15650.02800000,1783712699999999,1220217.67780000,6370,9427.99300000,735107.47127000,0
1783712700000000,77.96000000,78.02000000,77.88000000,77.89000000,11417.67000000,1783713599999999,889982.03228000,5314,5659.11200000,441122.05083000,0
1783713600000000,77.90000000,77.94000000,77.78000000,77.92000000,7318.27000000,1783714499999999,569740.52374000,3081,4570.08700000,355763.03056000,0
1783714500000000,77.92000000,77.99000000,77.71000000,77.81000000,13331.15400000,1783715399999999,1037503.62116000,5169,7251.98300000,564501.36194000,0
1783715400000000,77.80000000,77.97000000,77.78000000,77.89000000,8092.34800000,1783716299999999,630226.91842000,3050,4926.19300000,383635.18917000,0
1783716300000000,77.88000000,77.90000000,77.75000000,77.76000000,6139.46200000,1783717199999999,477976.29593000,2049,4481.40400000,348905.44355000,0
1783717200000000,77.75000000,77.96000000,77.73000000,77.90000000,7296.86200000,1783718099999999,568180.10104000,3416,5579.60400000,434462.74257000,0
1783718100000000,77.90000000,78.01000000,77.86000000,77.96000000,9017.49700000,1783718999999999,702852.96913000,3115,6798.03700000,529866.62997000,0
1783719000000000,77.97000000,78.11000000,77.97000000,78.03000000,7072.05900000,1783719899999999,551881.72752000,3041,4186.46000000,326686.54397000,0
1783719900000000,78.03000000,78.05000000,77.92000000,78.00000000,8139.19500000,1783720799999999,634696.00990000,3212,6051.78000000,471920.61780000,0
1783720800000000,78.00000000,78.25000000,77.94000000,78.07000000,17167.80300000,1783721699999999,1340494.87871000,7531,10764.17600000,840438.46525000,0
1783721700000000,78.06000000,78.11000000,77.98000000,78.07000000,16946.05000000,1783722599999999,1322616.39475000,3332,8887.38400000,693538.43124000,0
1783722600000000,78.07000000,78.13000000,78.03000000,78.08000000,10663.79500000,1783723499999999,832732.43069000,2714,5942.74900000,464064.81884000,0
1783723500000000,78.07000000,78.24000000,78.05000000,78.17000000,17726.55900000,1783724399999999,1384576.61388000,3574,10801.94200000,843682.36157000,0
1783724400000000,78.17000000,78.18000000,77.93000000,78.05000000,9672.85000000,1783725299999999,754617.95980000,4353,5462.68800000,426120.40187000,0
1783725300000000,78.04000000,78.14000000,78.00000000,78.09000000,8031.65400000,1783726199999999,627158.94168000,2587,4473.52900000,349316.24037000,0
1783726200000000,78.09000000,78.12000000,78.03000000,78.12000000,12967.63400000,1783727099999999,1012540.38001000,3344,8748.80700000,683172.90346000,0
1783727100000000,78.12000000,78.15000000,78.06000000,78.13000000,7091.80600000,1783727999999999,553892.21069000,2977,3207.72700000,250560.24569000,0
1783728000000000,78.14000000,78.14000000,77.90000000,77.93000000,12436.55100000,1783728899999999,970322.53863000,3458,7240.18200000,564849.82517000,0
1783728900000000,77.93000000,78.03000000,77.83000000,77.97000000,10356.48800000,1783729799999999,806952.26715000,3011,6694.71200000,521645.64977000,0
1783729800000000,77.96000000,77.99000000,77.80000000,77.95000000,13867.59400000,1783730699999999,1080087.50368000,3072,5146.50400000,400807.51963000,0
1783730700000000,77.94000000,77.94000000,77.79000000,77.85000000,6298.65200000,1783731599999999,490342.58543000,2154,2675.78500000,208322.03107000,0
1783731600000000,77.85000000,77.89000000,77.75000000,77.80000000,11801.02600000,1783732499999999,918242.82460000,3066,7690.56000000,598434.91193000,0
1783732500000000,77.80000000,78.06000000,77.79000000,78.00000000,10329.02700000,1783733399999999,805324.08567000,5051,4945.26600000,385538.01424000,0
1783733400000000,78.01000000,78.07000000,77.47000000,77.55000000,23864.29200000,1783734299999999,1854722.60864000,9410,9020.73500000,700876.21682000,0
1783734300000000,77.55000000,77.70000000,77.52000000,77.54000000,11569.77700000,1783735199999999,897810.24122000,4180,3745.37700000,290687.92274000,0
1783735200000000,77.54000000,77.68000000,77.49000000,77.56000000,9997.02900000,1783736099999999,775546.39272000,4096,4408.96400000,342107.08863000,0
1783736100000000,77.57000000,77.70000000,77.57000000,77.66000000,6030.99800000,1783736999999999,468213.08572000,2898,3463.11300000,268842.56067000,0
1783737000000000,77.66000000,77.78000000,77.62000000,77.76000000,23740.45000000,1783737899999999,1843998.80410000,3507,14890.42600000,1156668.78970000,0
1783737900000000,77.77000000,77.83000000,77.69000000,77.78000000,13036.25500000,1783738799999999,1013795.41454000,5369,5455.56500000,424338.25424000,0
1783738800000000,77.78000000,77.81000000,77.66000000,77.78000000,10331.76900000,1783739699999999,803018.62252000,3983,4844.12000000,376582.20315000,0
1783739700000000,77.78000000,77.82000000,77.60000000,77.70000000,8954.31300000,1783740599999999,695862.36901000,4184,3821.96900000,296998.89605000,0
1783740600000000,77.71000000,77.87000000,77.67000000,77.85000000,8957.68200000,1783741499999999,696741.56809000,4106,5579.94800000,433946.22835000,0
1783741500000000,77.84000000,77.88000000,77.77000000,77.79000000,6943.26000000,1783742399999999,540416.14260000,3288,3022.06800000,235214.73895000,0
1783742400000000,77.80000000,77.84000000,77.65000000,77.75000000,8867.83700000,1783743299999999,689315.03255000,3694,4122.54200000,320447.26342000,0
1783743300000000,77.74000000,77.79000000,77.65000000,77.70000000,5368.49700000,1783744199999999,417208.89662000,3092,2305.62500000,179171.69360000,0
1783744200000000,77.70000000,77.86000000,77.69000000,77.77000000,8450.72100000,1783745099999999,657527.34735000,3303,4932.43200000,383789.68308000,0
1783745100000000,77.78000000,77.81000000,77.67000000,77.74000000,5955.87200000,1783745999999999,462983.66668000,2305,3548.04700000,275825.98381000,0
1783746000000000,77.74000000,77.81000000,77.60000000,77.76000000,13923.89100000,1783746899999999,1081540.27941000,3354,3994.03700000,310278.65053000,0
1783746900000000,77.76000000,77.88000000,77.72000000,77.86000000,6770.49600000,1783747799999999,526920.16256000,2996,2805.73700000,218361.59466000,0
1783747800000000,77.87000000,77.98000000,77.82000000,77.86000000,10471.12700000,1783748699999999,815730.56478000,5125,3159.67400000,246129.60337000,0
1783748700000000,77.87000000,77.92000000,77.81000000,77.90000000,5461.39200000,1783749599999999,425253.55644000,2736,2205.04800000,171726.56826000,0
1783749600000000,77.91000000,77.91000000,77.79000000,77.83000000,11476.79700000,1783750499999999,893482.14168000,5634,2736.27300000,212972.07497000,0
1783750500000000,77.83000000,78.04000000,77.83000000,77.98000000,13487.98800000,1783751399999999,1051495.70110000,4543,4932.26600000,384470.87615000,0
1783751400000000,77.98000000,78.12000000,77.97000000,78.08000000,12029.15200000,1783752299999999,939149.99427000,5125,3780.97200000,295164.53187000,0
1783752300000000,78.08000000,78.11000000,77.97000000,78.06000000,9878.88300000,1783753199999999,771170.78370000,5614,2332.46700000,182069.98910000,0
1783753200000000,78.07000000,78.11000000,77.93000000,77.98000000,15280.99300000,1783754099999999,1192238.70267000,6637,4886.77700000,381145.15756000,0
1783754100000000,77.99000000,78.10000000,77.98000000,78.04000000,8550.78200000,1783754999999999,667277.74974000,3566,3453.53300000,269502.97542000,0
1783755000000000,78.04000000,78.10000000,78.00000000,78.01000000,6811.28600000,1783755899999999,531668.57972000,2460,3975.64400000,310328.67880000,0
1783755900000000,78.00000000,78.03000000,77.96000000,78.00000000,15337.81600000,1783756799999999,1196249.53852000,2185,6202.21400000,483742.21728000,0
1783756800000000,77.99000000,78.08000000,77.95000000,78.04000000,8362.61200000,1783757699999999,652364.49628000,2843,3384.59700000,264055.63170000,0
1783757700000000,78.04000000,78.09000000,78.02000000,78.04000000,4119.46600000,1783758599999999,321539.35615000,1905,2284.75300000,178333.35418000,0
1783758600000000,78.03000000,78.18000000,78.01000000,78.08000000,7072.99000000,1783759499999999,552326.18811000,3022,3021.39300000,235927.42897000,0
1783759500000000,78.08000000,78.17000000,78.03000000,78.17000000,6992.93900000,1783760399999999,546172.32596000,4216,2584.24400000,201823.38387000,0
1783760400000000,78.16000000,78.34000000,78.13000000,78.14000000,13673.36800000,1783761299999999,1069896.82931000,5781,6725.06600000,526279.90099000,0
1783761300000000,78.15000000,78.21000000,78.04000000,78.09000000,6868.30400000,1783762199999999,536577.43986000,3596,2150.46000000,168019.06091000,0
1783762200000000,78.09000000,78.09000000,77.91000000,77.99000000,10809.71700000,1783763099999999,843324.47147000,4197,4251.12400000,331702.86771000,0
1783763100000000,77.99000000,77.99000000,77.83000000,77.84000000,8205.08000000,1783763999999999,639230.40864000,3479,3668.24900000,285779.19607000,0
1783764000000000,77.84000000,77.98000000,77.75000000,77.92000000,18951.34800000,1783764899999999,1475839.35053000,3531,13788.40800000,1073907.09658000,0
1783764900000000,77.93000000,77.94000000,77.80000000,77.93000000,11089.93000000,1783765799999999,863617.30625000,5117,7721.88700000,601332.55362000,0
1783765800000000,77.93000000,78.02000000,77.85000000,77.96000000,11957.49400000,1783766699999999,931669.69160000,5537,8344.04900000,650077.90077000,0
1783766700000000,77.96000000,78.11000000,77.96000000,78.05000000,9208.67000000,1783767599999999,718781.92667000,2759,5766.81200000,450102.87863000,0
1783767600000000,78.05000000,78.10000000,77.99000000,78.07000000,4419.50100000,1783768499999999,344898.47509000,2479,2441.13300000,190490.80497000,0
1783768500000000,78.07000000,78.07000000,78.00000000,78.04000000,2615.51000000,1783769399999999,204083.18498000,1420,1028.62700000,80269.09585000,0
1783769400000000,78.03000000,78.13000000,78.00000000,78.08000000,10602.46400000,1783770299999999,827795.92620000,2461,7595.57300000,593054.16037000,0
1783770300000000,78.07000000,78.15000000,78.06000000,78.13000000,8176.74400000,1783771199999999,638576.90829000,2382,3523.02700000,275178.62541000,0
1783771200000000,78.13000000,78.21000000,77.99000000,78.10000000,10984.80400000,1783772099999999,858249.41825000,3314,6010.65500000,469636.62423000,0
1783772100000000,78.09000000,78.12000000,78.02000000,78.08000000,5296.54000000,1783772999999999,413531.34218000,1740,2670.35800000,208499.12506000,0
1783773000000000,78.09000000,78.11000000,77.95000000,77.97000000,5552.31800000,1783773899999999,433233.43338000,2330,2754.87600000,214924.25406000,0
1783773900000000,77.97000000,78.11000000,77.97000000,78.08000000,3891.00400000,1783774799999999,303769.47999000,1439,2616.98700000,204308.88552000,0
1783774800000000,78.09000000,78.11000000,78.03000000,78.09000000,10519.03000000,1783775699999999,821208.37759000,2185,4532.05200000,353825.99177000,0
1783775700000000,78.10000000,78.28000000,78.07000000,78.23000000,8306.15200000,1783776599999999,649371.53763000,2572,5696.59000000,445326.97259000,0
1783776600000000,78.22000000,78.45000000,78.15000000,78.18000000,8049.64000000,1783777499999999,630146.98634000,4194,4338.94800000,339700.59090000,0
1783777500000000,78.18000000,78.26000000,78.16000000,78.18000000,5399.40700000,1783778399999999,422282.60077000,2449,2771.33900000,216751.92386000,0
1783778400000000,78.17000000,78.31000000,78.17000000,78.26000000,5566.43800000,1783779299999999,435656.45969000,2203,2969.32200000,232405.55644000,0
1783779300000000,78.26000000,78.50000000,78.24000000,78.38000000,11486.41300000,1783780199999999,900177.57311000,5262,8155.77700000,639150.13412000,0
1783780200000000,78.38000000,78.74000000,78.38000000,78.58000000,16120.59300000,1783781099999999,1266462.66865000,8318,9961.79300000,782461.01511000,0
1783781100000000,78.58000000,78.61000000,78.47000000,78.50000000,10754.60400000,1783781999999999,844727.15328000,3392,3453.26700000,271220.40106000,0
1783782000000000,78.50000000,78.76000000,78.50000000,78.62000000,12565.14200000,1783782899999999,987851.70331000,5980,7929.59900000,623363.99947000,0
1783782900000000,78.62000000,78.88000000,78.53000000,78.74000000,27912.16700000,1783783799999999,2197241.12216000,8043,19477.96600000,1533181.38347000,0
1783783800000000,78.73000000,78.74000000,78.13000000,78.22000000,39126.60600000,1783784699999999,3067642.95805000,14918,17528.25200000,1374254.37031000,0
1783784700000000,78.22000000,78.42000000,77.97000000,78.38000000,27657.50000000,1783785599999999,2160509.31626000,9082,12653.11600000,988669.90902000,0
1783785600000000,78.39000000,78.40000000,78.14000000,78.33000000,9040.51700000,1783786499999999,707689.16998000,4970,4681.62600000,366518.49101000,0
1783786500000000,78.33000000,78.33000000,77.99000000,78.15000000,131506.27500000,1783787399999999,10265920.59572000,10654,87812.75300000,6851719.02810000,0
1783787400000000,78.15000000,78.25000000,77.75000000,77.80000000,128684.88100000,1783788299999999,10027886.17336000,18008,81909.76400000,6381513.03083000,0
1783788300000000,77.80000000,77.94000000,77.63000000,77.94000000,20763.71500000,1783789199999999,1615229.84484000,7674,13299.07200000,1034868.67571000,0
1783789200000000,77.93000000,77.97000000,77.82000000,77.92000000,12242.49700000,1783790099999999,953717.82612000,5747,8347.90800000,650277.26694000,0
1783790100000000,77.92000000,78.02000000,77.82000000,78.02000000,12262.19200000,1783790999999999,955420.55273000,6458,10028.75900000,781414.77805000,0
1783791000000000,78.01000000,78.19000000,77.99000000,78.13000000,12182.20700000,1783791899999999,951394.90464000,6520,7838.77400000,612177.41571000,0
1783791900000000,78.14000000,78.17000000,78.01000000,78.09000000,11200.12000000,1783792799999999,874447.06838000,2911,7736.33800000,604012.77090000,0
1783792800000000,78.08000000,78.13000000,78.00000000,78.07000000,17192.93600000,1783793699999999,1342070.67588000,4177,5439.47500000,424632.71458000,0
1783793700000000,78.06000000,78.31000000,78.06000000,78.21000000,10359.72300000,1783794599999999,810108.42327000,4497,6459.23700000,505056.95096000,0
1783794600000000,78.21000000,78.22000000,78.11000000,78.15000000,8525.47500000,1783795499999999,666291.95991000,2744,3863.95600000,301943.83807000,0
1783795500000000,78.15000000,78.15000000,78.04000000,78.08000000,9245.06800000,1783796399999999,721893.03351000,3308,4059.30200000,316965.88499000,0
1783796400000000,78.08000000,78.11000000,78.03000000,78.06000000,7907.54400000,1783797299999999,617256.65311000,2810,3941.04800000,307647.03452000,0
1783797300000000,78.06000000,78.10000000,77.88000000,77.90000000,12421.56400000,1783798199999999,968655.71895000,3335,4774.49300000,372219.92894000,0
1783798200000000,77.91000000,78.07000000,77.89000000,78.01000000,13280.30700000,1783799099999999,1035635.64451000,4074,9587.70400000,747722.25319000,0
1783799100000000,78.02000000,78.15000000,77.97000000,78.15000000,6438.22700000,1783799999999999,502501.38584000,2585,4584.18300000,357826.06005000,0
1783800000000000,78.15000000,78.19000000,78.11000000,78.15000000,3978.27900000,1783800899999999,310868.70707000,1924,2642.61600000,206500.60480000,0
1783800900000000,78.15000000,78.23000000,78.15000000,78.22000000,5035.74900000,1783801799999999,393779.99329000,1588,4179.80900000,326850.37091000,0
1783801800000000,78.23000000,78.28000000,78.15000000,78.22000000,3986.49600000,1783802699999999,311769.92331000,1892,2160.58500000,168995.23270000,0
1783802700000000,78.22000000,78.25000000,78.15000000,78.17000000,5030.16800000,1783803599999999,393318.78419000,1358,3231.93200000,252710.77764000,0
1783803600000000,78.17000000,78.30000000,78.16000000,78.28000000,10409.84500000,1783804499999999,814552.47289000,2313,6752.32600000,528325.63285000,0
1783804500000000,78.28000000,78.32000000,78.21000000,78.24000000,9307.57500000,1783805399999999,728482.94149000,2660,5941.70200000,465033.18789000,0
1783805400000000,78.25000000,78.29000000,78.13000000,78.20000000,8697.31600000,1783806299999999,680274.16303000,2916,4709.01300000,368380.78240000,0
1783806300000000,78.19000000,78.31000000,78.17000000,78.23000000,4766.94700000,1783807199999999,372959.86439000,2316,3267.92000000,255664.39680000,0
1783807200000000,78.23000000,78.27000000,78.09000000,78.21000000,11727.03700000,1783808099999999,916860.41796000,4391,5398.79200000,422115.38725000,0
1783808100000000,78.22000000,78.22000000,77.75000000,77.95000000,14320.21100000,1783808999999999,1115618.69187000,7309,5854.24600000,456164.71077000,0
1783809000000000,77.94000000,78.06000000,77.87000000,77.96000000,7310.89300000,1783809899999999,570006.17920000,3848,3742.65000000,291800.03924000,0
1783809900000000,77.97000000,78.00000000,77.80000000,77.89000000,8731.45700000,1783810799999999,680205.33146000,3627,4756.04900000,370617.53426000,0
1783810800000000,77.89000000,77.93000000,77.46000000,77.60000000,30041.23100000,1783811699999999,2332131.48557000,7644,12564.24500000,975824.94151000,0
1783811700000000,77.60000000,77.61000000,76.86000000,77.00000000,52658.16400000,1783812599999999,4064258.50684000,16420,20317.53600000,1567783.10371000,0
1783812600000000,77.01000000,77.07000000,76.77000000,77.01000000,31707.75000000,1783813499999999,2438544.78056000,11609,15551.84800000,1196298.66538000,0
1783813500000000,77.01000000,77.14000000,76.78000000,76.79000000,11552.91300000,1783814399999999,889028.65262000,5532,4657.78900000,358495.65692000,0
1783814400000000,76.79000000,76.88000000,76.40000000,76.42000000,42192.55100000,1783815299999999,3232442.36281000,13848,12898.23100000,988453.86117000,0
1783815300000000,76.41000000,76.58000000,76.34000000,76.35000000,22716.51900000,1783816199999999,1736561.08918000,9464,11432.80200000,874028.55857000,0
1783816200000000,76.35000000,76.35000000,75.65000000,76.04000000,60943.62300000,1783817099999999,4627377.58140000,23836,26470.27300000,2009184.70252000,0
1783817100000000,76.04000000,76.17000000,75.91000000,76.11000000,14668.49500000,1783817999999999,1115680.49933000,7823,8266.45000000,628786.68923000,0
1783818000000000,76.10000000,76.36000000,76.04000000,76.19000000,15051.43900000,1783818899999999,1147134.28681000,6836,7492.78800000,571132.12497000,0
1783818900000000,76.19000000,76.70000000,76.14000000,76.63000000,31789.32800000,1783819799999999,2433204.11547000,9641,17975.80700000,1375839.26312000,0
1783819800000000,76.62000000,76.86000000,76.58000000,76.82000000,15815.07500000,1783820699999999,1213170.53282000,6389,8246.10700000,632652.79558000,0
1783820700000000,76.83000000,76.88000000,76.76000000,76.84000000,5659.77800000,1783821599999999,434758.97048000,3012,3423.47600000,262974.47482000,0
1783821600000000,76.83000000,76.85000000,76.63000000,76.72000000,9660.41900000,1783822499999999,741318.72091000,4461,5354.68000000,410857.00212000,0
1783822500000000,76.71000000,76.91000000,76.69000000,76.85000000,15425.22500000,1783823399999999,1184868.73710000,5246,9822.16100000,754496.04855000,0
1783823400000000,76.86000000,76.89000000,76.72000000,76.75000000,5831.76100000,1783824299999999,447863.24688000,3439,3152.05000000,242045.66622000,0
1783824300000000,76.75000000,76.92000000,76.73000000,76.86000000,7048.33300000,1783825199999999,541468.49740000,3182,3361.55800000,258250.71158000,0
1783825200000000,76.86000000,76.99000000,76.75000000,76.91000000,16595.15500000,1783826099999999,1276267.91840000,4408,8875.48100000,682607.63582000,0
1783826100000000,76.90000000,77.02000000,76.83000000,77.00000000,31361.90700000,1783826999999999,2412271.61069000,4914,13065.34800000,1004991.83446000,0
1783827000000000,76.99000000,77.09000000,76.89000000,76.95000000,10297.08500000,1783827899999999,792790.79672000,4235,5146.05100000,396242.21073000,0
1783827900000000,76.95000000,77.05000000,76.90000000,77.04000000,9501.65600000,1783828799999999,731357.44761000,2878,4688.03600000,360847.70161000,0
1783828800000000,77.05000000,77.08000000,76.89000000,76.91000000,12427.66500000,1783829699999999,956649.56315000,3872,4887.57400000,376205.91785000,0
1783829700000000,76.91000000,77.06000000,76.82000000,76.88000000,8327.12200000,1783830599999999,640525.03256000,3554,4009.39900000,308400.30676000,0
1783830600000000,76.87000000,76.91000000,76.63000000,76.79000000,9790.23600000,1783831499999999,751383.41423000,3048,3154.41200000,242102.29212000,0
1783831500000000,76.79000000,76.80000000,76.61000000,76.71000000,6024.92900000,1783832399999999,461942.96288000,2514,2605.86500000,199796.02557000,0
1783832400000000,76.71000000,76.83000000,76.66000000,76.71000000,7470.79900000,1783833299999999,573366.32861000,2449,2621.84900000,201226.90239000,0
1783833300000000,76.71000000,76.72000000,76.38000000,76.44000000,12516.79200000,1783834199999999,958126.82227000,3954,3568.17800000,273047.11219000,0
1783834200000000,76.45000000,76.55000000,76.39000000,76.53000000,8469.23200000,1783835099999999,647774.01392000,2871,4738.09700000,362371.53450000,0
1783835100000000,76.53000000,76.54000000,76.44000000,76.44000000,4265.09700000,1783835999999999,326227.21203000,1562,1402.44800000,107273.67158000,0
1783836000000000,76.44000000,76.44000000,76.01000000,76.03000000,14715.78300000,1783836899999999,1121137.79672000,8117,6119.97100000,466239.64772000,0
1783836900000000,76.03000000,76.14000000,75.85000000,75.92000000,18494.21500000,1783837799999999,1405437.60296000,5914,7443.94800000,566074.17226000,0
1783837800000000,75.92000000,76.24000000,75.89000000,76.23000000,11736.31300000,1783838699999999,893171.52096000,4828,5383.75600000,409663.08248000,0
1783838700000000,76.23000000,76.39000000,76.20000000,76.37000000,10372.03000000,1783839599999999,791323.44684000,3408,5264.29700000,401621.42514000,0
1783839600000000,76.37000000,76.57000000,76.31000000,76.55000000,9129.79400000,1783840499999999,698179.89860000,3216,5186.80500000,396598.29362000,0
1783840500000000,76.56000000,76.71000000,76.51000000,76.55000000,18872.54700000,1783841399999999,1445456.84116000,4057,10410.58100000,797288.79856000,0
1783841400000000,76.55000000,76.57000000,76.49000000,76.52000000,4462.40500000,1783842299999999,341463.43372000,2197,2074.42800000,158743.66037000,0
1783842300000000,76.53000000,76.55000000,76.43000000,76.51000000,4372.70300000,1783843199999999,334523.13196000,2296,2237.80600000,171203.26418000,0
1783843200000000,76.52000000,76.83000000,76.47000000,76.71000000,14426.74700000,1783844099999999,1105311.17086000,4419,11775.47600000,902094.72967000,0
1783844100000000,76.71000000,76.79000000,76.60000000,76.63000000,7492.55400000,1783844999999999,574443.43461000,3111,3102.27900000,237826.40204000,0
1783845000000000,76.63000000,76.69000000,76.59000000,76.69000000,5381.30800000,1783845899999999,412429.84739000,1839,3107.87300000,238206.61487000,0
1783845900000000,76.68000000,76.72000000,76.59000000,76.70000000,7805.40400000,1783846799999999,598371.86479000,2632,5199.85500000,398603.80642000,0
1783846800000000,76.71000000,76.75000000,76.57000000,76.59000000,6562.78200000,1783847699999999,503255.24657000,2597,3107.73100000,238342.55446000,0
1783847700000000,76.59000000,76.59000000,76.39000000,76.53000000,13794.45900000,1783848599999999,1055126.96803000,4164,6339.57400000,485020.91539000,0
1783848600000000,76.54000000,76.89000000,76.53000000,76.84000000,11561.58600000,1783849499999999,887216.04455000,4306,6017.98700000,462004.85606000,0
1783849500000000,76.84000000,76.91000000,76.74000000,76.75000000,6412.52100000,1783850399999999,492692.42014000,1997,4241.07700000,325903.38615000,0
1783850400000000,76.76000000,76.77000000,76.66000000,76.74000000,5257.90300000,1783851299999999,403365.51770000,2540,3077.36000000,236081.28721000,0
1783851300000000,76.73000000,76.85000000,76.67000000,76.78000000,4056.36800000,1783852199999999,311403.72305000,2321,2390.61500000,183521.27526000,0
1783852200000000,76.78000000,76.83000000,76.70000000,76.76000000,4647.94700000,1783853099999999,356852.36720000,2125,2117.94000000,162604.84596000,0
1783853100000000,76.76000000,76.80000000,76.70000000,76.71000000,3504.99800000,1783853999999999,268988.58584000,1826,1613.28400000,123813.50679000,0
1783854000000000,76.72000000,76.77000000,76.53000000,76.67000000,5378.86200000,1783854899999999,412406.60529000,2713,2668.04400000,204547.96458000,0
1783854900000000,76.68000000,76.88000000,76.67000000,76.84000000,6584.98300000,1783855799999999,505687.33819000,2955,4083.26600000,313524.94186000,0
1783855800000000,76.85000000,77.00000000,76.85000000,76.97000000,8170.67800000,1783856699999999,628677.74796000,3391,4323.03200000,332651.73377000,0
1783856700000000,76.97000000,77.28000000,76.95000000,76.95000000,19979.44100000,1783857599999999,1540405.27529000,9633,8117.51300000,625793.01746000,0
1783857600000000,76.94000000,77.07000000,76.78000000,77.05000000,20192.85000000,1783858499999999,1552451.65172000,6626,13040.35400000,1002454.03296000,0
1783858500000000,77.05000000,77.14000000,77.01000000,77.11000000,20263.36300000,1783859399999999,1561860.75286000,4830,12137.09000000,935480.70305000,0
1783859400000000,77.12000000,77.20000000,77.07000000,77.17000000,8439.05700000,1783860299999999,651021.19238000,4257,3646.61900000,281318.86283000,0
1783860300000000,77.17000000,77.24000000,77.06000000,77.19000000,7967.00500000,1783861199999999,614714.26455000,3284,4449.67400000,343316.74681000,0
1783861200000000,77.19000000,77.49000000,77.13000000,77.32000000,21966.53900000,1783862099999999,1699213.64914000,7463,13418.20100000,1037907.64989000,0
1783862100000000,77.32000000,77.37000000,77.21000000,77.29000000,7661.07200000,1783862999999999,592075.66158000,3684,3038.65700000,234814.84993000,0
1783863000000000,77.29000000,77.38000000,77.25000000,77.26000000,10958.96100000,1783863899999999,847227.87410000,4043,4960.12100000,383472.62464000,0
1783863900000000,77.27000000,77.32000000,77.13000000,77.15000000,5803.57800000,1783864799999999,448111.86154000,2752,3511.59300000,271145.97111000,0
1783864800000000,77.16000000,77.16000000,76.99000000,77.01000000,12040.60000000,1783865699999999,928177.78873000,3751,5992.02400000,461891.06812000,0
1783865700000000,77.01000000,77.06000000,76.97000000,77.04000000,9969.40500000,1783866599999999,767810.26257000,3021,4502.66300000,346788.67929000,0
1783866600000000,77.04000000,77.23000000,77.04000000,77.21000000,5646.83500000,1783867499999999,435691.62331000,3107,3522.54700000,271780.51055000,0
1783867500000000,77.20000000,77.71000000,77.17000000,77.55000000,32725.53500000,1783868399999999,2536599.62975000,9507,21540.83300000,1669486.75265000,0
1783868400000000,77.55000000,77.62000000,77.38000000,77.53000000,10702.67100000,1783869299999999,829512.64179000,6614,4825.13200000,373909.93781000,0
1783869300000000,77.53000000,77.59000000,77.39000000,77.55000000,11788.63400000,1783870199999999,913456.90075000,5136,4706.55500000,364718.73719000,0
1783870200000000,77.54000000,77.58000000,77.28000000,77.34000000,23193.62500000,1783871099999999,1793959.41126000,5407,9509.91000000,735375.96820000,0
1783871100000000,77.33000000,77.55000000,77.33000000,77.46000000,11238.55900000,1783871999999999,870161.35328000,4705,5592.36100000,433016.51007000,0
1783872000000000,77.47000000,77.67000000,77.41000000,77.41000000,25304.69200000,1783872899999999,1961752.66610000,6359,9105.56000000,705736.94134000,0
1783872900000000,77.40000000,77.60000000,77.40000000,77.56000000,9056.68500000,1783873799999999,701950.08302000,3490,4841.58200000,375172.12317000,0
1783873800000000,77.56000000,77.58000000,77.38000000,77.51000000,6232.38200000,1783874699999999,482907.18903000,2703,2449.40700000,189782.83615000,0
1783874700000000,77.51000000,77.66000000,77.50000000,77.54000000,8965.31500000,1783875599999999,695624.76684000,3341,4090.18200000,317378.40446000,0
1783875600000000,77.55000000,77.58000000,77.46000000,77.49000000,3605.80300000,1783876499999999,279525.76978000,2341,1406.81100000,109057.10369000,0
1783876500000000,77.49000000,77.50000000,77.41000000,77.43000000,4656.50300000,1783877399999999,360648.48540000,2081,2528.12000000,195796.91054000,0
1783877400000000,77.42000000,77.61000000,77.41000000,77.54000000,4066.36600000,1783878299999999,315152.00630000,2205,1557.18900000,120678.83843000,0
1783878300000000,77.54000000,77.54000000,77.23000000,77.35000000,6977.93300000,1783879199999999,539768.74065000,3366,2808.04000000,217199.09865000,0
1783879200000000,77.35000000,77.48000000,77.30000000,77.36000000,3318.38800000,1783880099999999,256728.29268000,2138,1342.71100000,103862.64756000,0
1783880100000000,77.36000000,77.42000000,77.24000000,77.36000000,6026.02200000,1783880999999999,465821.32974000,2362,3947.67600000,305145.05591000,0
1783881000000000,77.37000000,77.58000000,77.35000000,77.52000000,12658.06100000,1783881899999999,980467.84332000,3997,6792.46500000,526217.51440000,0
1783881900000000,77.53000000,77.65000000,77.52000000,77.57000000,6117.16500000,1783882799999999,474714.57852000,2675,4075.56500000,316280.77200000,0
1783882800000000,77.58000000,77.65000000,77.49000000,77.52000000,3757.73700000,1783883699999999,291587.34615000,2484,1948.46900000,151202.01927000,0
1783883700000000,77.52000000,77.64000000,77.51000000,77.58000000,4082.13200000,1783884599999999,316622.44134000,2150,2314.16500000,179498.81654000,0
1783884600000000,77.58000000,77.58000000,77.44000000,77.48000000,3968.48300000,1783885499999999,307495.92503000,1902,2088.56300000,161813.95484000,0
1783885500000000,77.49000000,77.78000000,77.48000000,77.68000000,6895.62100000,1783886399999999,535592.94998000,3199,3234.81300000,251252.78765000,0
1783886400000000,77.67000000,77.71000000,77.56000000,77.57000000,3715.16800000,1783887299999999,288324.97710000,2432,1522.74700000,118186.65539000,0
1783887300000000,77.57000000,77.59000000,77.48000000,77.52000000,3569.25600000,1783888199999999,276784.80701000,1556,1278.47500000,99127.59396000,0
1783888200000000,77.52000000,77.61000000,77.45000000,77.58000000,2608.24100000,1783889099999999,202201.90628000,2039,1140.71800000,88433.79947000,0
1783889100000000,77.58000000,77.61000000,77.44000000,77.46000000,3235.29600000,1783889999999999,250849.41932000,1804,1652.32700000,128121.28187000,0
1783890000000000,77.46000000,77.70000000,77.45000000,77.55000000,5644.21400000,1783890899999999,437993.36342000,3540,2630.23500000,204102.18974000,0
1783890900000000,77.56000000,77.57000000,77.23000000,77.27000000,10261.49000000,1783891799999999,793708.05585000,3429,3323.90400000,257151.89349000,0
1783891800000000,77.27000000,77.27000000,77.08000000,77.22000000,14316.85400000,1783892699999999,1105211.22166000,3231,6952.75400000,536627.70655000,0
1783892700000000,77.21000000,77.29000000,76.97000000,77.10000000,13993.47800000,1783893599999999,1078875.26168000,7591,7249.19900000,558896.84713000,0
1783893600000000,77.10000000,77.10000000,76.55000000,76.71000000,32400.61600000,1783894499999999,2487365.75221000,18760,13692.19400000,1050853.73942000,0
1783894500000000,76.70000000,76.77000000,76.46000000,76.70000000,16605.27300000,1783895399999999,1272307.55937000,9554,9424.38400000,722196.97175000,0
1783895400000000,76.70000000,76.81000000,76.59000000,76.60000000,11241.15600000,1783896299999999,862037.38838000,5579,7049.73100000,540626.88560000,0
1783896300000000,76.59000000,76.81000000,76.50000000,76.77000000,12050.09700000,1783897199999999,923111.99903000,5390,6895.06200000,528251.98767000,0
1783897200000000,76.77000000,76.82000000,76.65000000,76.78000000,4529.08300000,1783898099999999,347452.26543000,3312,1909.67500000,146503.69562000,0
1783898100000000,76.77000000,76.82000000,76.70000000,76.80000000,7084.89400000,1783898999999999,543659.97674000,3035,3925.20700000,301202.55129000,0
1783899000000000,76.79000000,76.86000000,76.67000000,76.80000000,8350.43000000,1783899899999999,641014.37460000,3340,6152.64100000,472326.57482000,0
1783899900000000,76.81000000,76.95000000,76.68000000,76.92000000,14137.28500000,1783900799999999,1085948.84522000,4711,5952.40300000,457431.66709000,0
1783900800000000,76.92000000,78.20000000,76.82000000,78.02000000,62730.23100000,1783901699999999,4877858.64859000,29502,37388.73200000,2906941.67856000,0
1783901700000000,78.02000000,78.19000000,77.70000000,77.72000000,33842.37900000,1783902599999999,2637779.62813000,14983,14711.36800000,1146697.97194000,0
1783902600000000,77.71000000,77.77000000,76.92000000,77.17000000,35298.85000000,1783903499999999,2729482.47117000,17525,17445.13800000,1349435.05599000,0
1783903500000000,77.17000000,77.60000000,77.17000000,77.52000000,18741.33000000,1783904399999999,1451747.97140000,12010,10211.04500000,790987.07668000,0
1783904400000000,77.52000000,77.66000000,76.97000000,77.31000000,21176.18100000,1783905299999999,1636595.48205000,13016,11026.78800000,851883.52040000,0
1783905300000000,77.31000000,77.51000000,77.02000000,77.05000000,14544.11800000,1783906199999999,1122682.96853000,12099,7490.13400000,578198.25317000,0
1783906200000000,77.05000000,77.11000000,76.80000000,77.01000000,26058.61400000,1783907099999999,2005827.27231000,12706,16388.98700000,1261409.64647000,0
1783907100000000,77.01000000,77.02000000,76.29000000,76.32000000,30421.55300000,1783907999999999,2331394.07781000,14498,14484.96800000,1110250.65428000,0
1783908000000000,76.32000000,76.47000000,76.13000000,76.44000000,21066.59200000,1783908899999999,1607398.67092000,14461,9989.71100000,762181.72149000,0
1783908900000000,76.44000000,76.64000000,76.35000000,76.59000000,17378.16400000,1783909799999999,1329478.69550000,10713,9372.51000000,716987.49057000,0
1783909800000000,76.59000000,76.67000000,76.41000000,76.59000000,13041.17000000,1783910699999999,998355.66378000,6177,6150.09400000,470787.48122000,0
1783910700000000,76.58000000,76.65000000,76.44000000,76.48000000,7708.72600000,1783911599999999,590279.59614000,5389,4784.50300000,366421.89251000,0
1783911600000000,76.48000000,76.50000000,75.75000000,75.95000000,36139.83400000,1783912499999999,2747486.01234000,18898,15145.25200000,1151573.75138000,0
1783912500000000,75.94000000,76.12000000,75.64000000,76.08000000,28529.19400000,1783913399999999,2163991.36630000,10976,12294.49000000,932955.50927000,0
1783913400000000,76.08000000,76.11000000,75.43000000,75.74000000,32334.78200000,1783914299999999,2446449.32667000,14379,14420.19400000,1091044.17661000,0
1783914300000000,75.75000000,75.92000000,75.71000000,75.86000000,11418.31400000,1783915199999999,866192.22769000,5001,3861.29700000,292867.12255000,0
1783915200000000,75.87000000,75.99000000,75.72000000,75.95000000,29518.23300000,1783916099999999,2240349.15452000,8713,12677.92300000,961992.61933000,0
1783916100000000,75.95000000,76.17000000,75.94000000,76.11000000,14173.64400000,1783916999999999,1078423.73367000,5614,8058.60000000,613121.05843000,0
1783917000000000,76.12000000,76.12000000,75.86000000,75.97000000,12256.22300000,1783917899999999,931074.29211000,6937,6353.36000000,482620.14747000,0
1783917900000000,75.97000000,76.12000000,75.90000000,75.92000000,19484.39400000,1783918799999999,1480969.74248000,4255,7777.17200000,591213.12019000,0
1783918800000000,75.93000000,76.42000000,75.74000000,76.32000000,28587.89900000,1783919699999999,2173754.41783000,10253,15628.44400000,1188299.54735000,0
1783919700000000,76.32000000,76.45000000,76.09000000,76.14000000,19138.01900000,1783920599999999,1459868.42353000,6642,12521.29100000,955310.22465000,0
1783920600000000,76.13000000,76.47000000,75.95000000,76.41000000,33238.73100000,1783921499999999,2532101.60029000,9952,16598.04600000,1264926.44226000,0
1783921500000000,76.41000000,76.42000000,76.30000000,76.40000000,7760.68200000,1783922399999999,592728.23991000,3623,4929.21100000,376479.15222000,0
1783922400000000,76.40000000,76.59000000,76.31000000,76.32000000,11643.17300000,1783923299999999,890268.13284000,4880,7691.28600000,588096.21161000,0
1783923300000000,76.32000000,76.51000000,76.28000000,76.51000000,14445.06200000,1783924199999999,1103056.21229000,4616,7205.10300000,550211.63110000,0
1783924200000000,76.51000000,76.58000000,76.32000000,76.51000000,12396.41900000,1783925099999999,947705.71581000,5180,8116.16600000,620501.51402000,0
1783925100000000,76.52000000,76.55000000,76.30000000,76.34000000,10749.20900000,1783925999999999,821272.03407000,5683,5653.02600000,431945.07644000,0
1783926000000000,76.34000000,76.53000000,76.23000000,76.44000000,14418.09700000,1783926899999999,1102166.80435000,5743,8485.16400000,648664.89759000,0
1783926900000000,76.44000000,76.66000000,76.30000000,76.60000000,15760.02800000,1783927799999999,1205970.24932000,5934,8010.23000000,612776.99814000,0
1783927800000000,76.60000000,76.69000000,76.46000000,76.46000000,10915.12300000,1783928699999999,835899.30647000,4052,6187.84500000,473889.62091000,0
1783928700000000,76.46000000,76.49000000,76.39000000,76.44000000,9409.60100000,1783929599999999,719200.37481000,3134,5872.91700000,448899.04182000,0
1783929600000000,76.45000000,76.55000000,76.39000000,76.51000000,13823.29900000,1783930499999999,1057145.88179000,5799,8408.67800000,643069.39785000,0
1783930500000000,76.51000000,76.56000000,76.41000000,76.48000000,8091.90300000,1783931399999999,618831.01918000,3277,5547.87900000,424285.95788000,0
1783931400000000,76.48000000,76.68000000,76.36000000,76.68000000,9935.53800000,1783932299999999,760020.47683000,3509,6405.80000000,490021.08102000,0
1783932300000000,76.67000000,76.90000000,76.63000000,76.73000000,9852.38800000,1783933199999999,756083.10441000,5439,6281.83400000,482086.65134000,0
1783933200000000,76.74000000,76.75000000,76.64000000,76.72000000,5847.39300000,1783934099999999,448442.73946000,2773,2427.53500000,186178.63875000,0
1783934100000000,76.71000000,76.72000000,76.60000000,76.67000000,4607.33100000,1783934999999999,353147.91607000,2353,2153.65500000,165081.18702000,0
1783935000000000,76.67000000,76.74000000,76.63000000,76.70000000,6430.89300000,1783935899999999,493167.19728000,2226,4455.07600000,341658.20349000,0
1783935900000000,76.70000000,76.71000000,76.62000000,76.62000000,5990.67900000,1783936799999999,459204.53227000,2139,2916.62600000,223583.21586000,0
1783936800000000,76.63000000,76.63000000,76.25000000,76.25000000,14629.50900000,1783937699999999,1118056.73021000,3729,4990.85700000,381252.39364000,0
1783937700000000,76.26000000,76.44000000,76.20000000,76.31000000,12257.35500000,1783938599999999,935320.47445000,4291,5561.03100000,424413.09227000,0
1783938600000000,76.31000000,76.41000000,76.16000000,76.17000000,13036.90700000,1783939499999999,995123.84700000,4275,7601.65200000,580397.80025000,0
1783939500000000,76.18000000,76.33000000,76.10000000,76.29000000,9448.54600000,1783940399999999,720249.06464000,5059,4445.69900000,338931.78329000,0
1783940400000000,76.29000000,76.59000000,76.29000000,76.42000000,8851.00000000,1783941299999999,676699.20440000,5071,4378.95700000,334772.22664000,0
1783941300000000,76.43000000,76.51000000,76.31000000,76.46000000,5751.98500000,1783942199999999,439682.83006000,3494,2899.29100000,221632.79135000,0
1783942200000000,76.45000000,76.49000000,76.28000000,76.40000000,30556.35100000,1783943099999999,2332779.83686000,5522,7374.10100000,563157.42348000,0
1783943100000000,76.41000000,76.53000000,76.34000000,76.34000000,5663.57200000,1783943999999999,432867.65791000,3063,1648.77300000,125996.76642000,0
1783944000000000,76.35000000,76.41000000,75.99000000,76.09000000,21321.75900000,1783944899999999,1623161.72539000,7788,11347.16000000,863548.84379000,0
1783944900000000,76.09000000,76.18000000,75.95000000,75.96000000,14603.02600000,1783945799999999,1110771.94063000,5939,6853.28900000,521348.13288000,0
1783945800000000,75.97000000,76.02000000,75.74000000,75.83000000,20557.16300000,1783946699999999,1559220.32407000,8190,9141.84200000,693427.50768000,0
1783946700000000,75.83000000,75.92000000,75.80000000,75.85000000,9908.16700000,1783947599999999,751669.48125000,4371,5404.99400000,410050.50918000,0
1783947600000000,75.85000000,75.95000000,75.67000000,75.68000000,14794.46000000,1783948499999999,1121642.64376000,5309,6072.16700000,460580.85421000,0
1783948500000000,75.68000000,75.73000000,75.50000000,75.61000000,13928.83800000,1783949399999999,1053492.55270000,6847,6444.36000000,487502.18783000,0
1783949400000000,75.62000000,75.85000000,75.22000000,75.35000000,36218.90800000,1783950299999999,2734912.61929000,17036,18316.67800000,1383568.58256000,0
1783950300000000,75.36000000,75.46000000,75.11000000,75.40000000,30679.52200000,1783951199999999,2309600.19058000,13752,15901.82400000,1197389.02198000,0
1783951200000000,75.40000000,75.82000000,75.38000000,75.80000000,22972.94400000,1783952099999999,1736685.60196000,13170,11315.46400000,855389.66496000,0
1783952100000000,75.80000000,76.15000000,75.34000000,75.86000000,47997.33200000,1783952999999999,3635623.61741000,23090,23061.90600000,1747447.45010000,0
1783953000000000,75.86000000,76.08000000,75.67000000,76.00000000,17832.49000000,1783953899999999,1353368.74557000,13539,10282.68000000,780331.01938000,0
1783953900000000,75.99000000,76.18000000,75.97000000,76.16000000,14427.24500000,1783954799999999,1097295.31246000,7776,7103.41800000,540393.06705000,0
1783954800000000,76.16000000,76.26000000,75.97000000,76.00000000,14664.25300000,1783955699999999,1115760.16624000,5783,8479.61900000,645239.45387000,0
1783955700000000,76.01000000,76.31000000,76.01000000,76.17000000,14089.11000000,1783956599999999,1073553.92133000,6832,5913.83200000,450462.12535000,0
1783956600000000,76.17000000,76.22000000,75.75000000,75.84000000,11389.05200000,1783957499999999,865211.30534000,6274,4504.10300000,342136.01879000,0
1783957500000000,75.84000000,75.95000000,75.75000000,75.81000000,13397.38200000,1783958399999999,1016271.62323000,5908,7790.19500000,591003.20260000,0
1783958400000000,75.82000000,76.04000000,75.75000000,75.87000000,9314.42500000,1783959299999999,706994.04368000,5222,5355.99900000,406521.25932000,0
1783959300000000,75.87000000,75.88000000,75.45000000,75.50000000,11678.66900000,1783960199999999,882928.54331000,7173,4738.78200000,358249.22224000,0
1783960200000000,75.49000000,75.49000000,75.25000000,75.44000000,13588.25500000,1783961099999999,1024025.48000000,7267,5536.82300000,417244.93047000,0
1783961100000000,75.44000000,75.53000000,75.20000000,75.30000000,8574.18300000,1783961999999999,646043.75724000,6622,4803.34600000,362005.60006000,0
1783962000000000,75.30000000,75.47000000,75.20000000,75.40000000,7735.88200000,1783962899999999,582747.18102000,5769,3964.71100000,298682.76975000,0
1783962900000000,75.40000000,75.43000000,75.29000000,75.32000000,6313.09100000,1783963799999999,475755.66755000,4479,2772.45800000,208954.48813000,0
1783963800000000,75.32000000,75.36000000,74.60000000,75.10000000,57725.92500000,1783964699999999,4324923.12095000,17867,19582.80100000,1466516.96276000,0
1783964700000000,75.10000000,75.15000000,74.52000000,74.59000000,31118.98500000,1783965599999999,2328038.60008000,11125,15484.55600000,1158685.31280000,0
1783965600000000,74.60000000,74.89000000,74.58000000,74.75000000,17745.00700000,1783966499999999,1326151.70508000,9135,9311.86800000,696051.02774000,0
1783966500000000,74.75000000,74.99000000,74.57000000,74.93000000,14726.35000000,1783967399999999,1101849.80979000,7676,6671.31400000,499362.38646000,0
1783967400000000,74.93000000,74.93000000,74.76000000,74.89000000,10101.50400000,1783968299999999,756104.12490000,4702,4915.94200000,367930.30372000,0
1783968300000000,74.90000000,75.04000000,74.85000000,74.86000000,7162.42700000,1783969199999999,536623.02722000,4576,3606.68700000,270241.73858000,0
1783969200000000,74.87000000,74.91000000,74.80000000,74.88000000,5126.01300000,1783970099999999,383732.73009000,3315,2547.51700000,190717.81689000,0
1783970100000000,74.88000000,74.94000000,74.75000000,74.77000000,11676.24600000,1783970999999999,873635.51595000,4937,4876.93100000,364936.62783000,0
1783971000000000,74.77000000,75.05000000,74.77000000,75.04000000,15060.07600000,1783971899999999,1128952.02350000,4995,9768.67700000,732379.11834000,0
1783971900000000,75.05000000,75.25000000,74.92000000,75.20000000,15292.87700000,1783972799999999,1148593.54669000,6418,9627.80100000,723196.00043000,0
1783972800000000,75.19000000,75.35000000,75.08000000,75.13000000,11085.56200000,1783973699999999,833534.92639000,5648,4835.20700000,363562.27436000,0
1783973700000000,75.12000000,75.13000000,74.80000000,74.97000000,14922.96200000,1783974599999999,1119193.45997000,5883,7376.69900000,553122.09780000,0
1783974600000000,74.97000000,75.01000000,74.73000000,74.76000000,10791.32700000,1783975499999999,808238.87317000,4436,4746.60400000,355538.70176000,0
1783975500000000,74.75000000,74.81000000,74.59000000,74.80000000,12568.95200000,1783976399999999,939624.11102000,4669,4621.42800000,345455.88718000,0
1783976400000000,74.81000000,74.81000000,74.44000000,74.61000000,14077.48400000,1783977299999999,1049917.29423000,5481,4973.35900000,370946.77889000,0
1783977300000000,74.61000000,74.61000000,74.46000000,74.51000000,10883.08200000,1783978199999999,811346.06257000,3512,5986.32900000,446292.65371000,0
1783978200000000,74.51000000,74.54000000,74.10000000,74.32000000,28432.63600000,1783979099999999,2112774.33943000,9537,13865.42500000,1030291.82666000,0
1783979100000000,74.32000000,74.47000000,74.24000000,74.42000000,16269.91600000,1783979999999999,1209626.36188000,7057,7891.13500000,586647.39658000,0
1783980000000000,74.41000000,74.67000000,74.40000000,74.61000000,9126.98600000,1783980899999999,680736.06819000,6323,6135.03500000,457620.66748000,0
1783980900000000,74.62000000,74.75000000,74.59000000,74.65000000,8738.99500000,1783981799999999,652573.74184000,2953,3126.62500000,233492.88058000,0
1783981800000000,74.65000000,74.73000000,74.50000000,74.63000000,14313.28300000,1783982699999999,1068390.07638000,4011,10953.04400000,817726.01521000,0
1783982700000000,74.64000000,74.67000000,74.47000000,74.52000000,7705.90900000,1783983599999999,574590.99755000,3196,2483.42500000,185183.47690000,0
1783983600000000,74.52000000,74.57000000,74.41000000,74.56000000,7227.72900000,1783984499999999,538213.84472000,3832,3261.41800000,242882.59804000,0
1783984500000000,74.55000000,74.87000000,74.55000000,74.74000000,9656.13200000,1783985399999999,721755.04869000,3717,5079.43700000,379697.51412000,0
1783985400000000,74.73000000,74.84000000,74.65000000,74.67000000,11094.88200000,1783986299999999,829015.95896000,3380,6826.00600000,509980.46608000,0
1783986300000000,74.67000000,75.02000000,74.65000000,75.01000000,10931.74100000,1783987199999999,818793.43630000,5459,6569.07900000,492070.34160000,0
1783987200000000,75.02000000,75.22000000,74.83000000,75.15000000,20856.68100000,1783988099999999,1564236.14112000,8390,11981.17500000,898554.36957000,0
1783988100000000,75.16000000,75.22000000,75.03000000,75.17000000,19022.31800000,1783988999999999,1429222.23425000,6898,12948.77700000,973000.27997000,0
1783989000000000,75.17000000,75.27000000,75.01000000,75.03000000,15444.30900000,1783989899999999,1160929.39231000,5943,8949.25800000,672887.46198000,0
1783989900000000,75.04000000,75.49000000,75.04000000,75.45000000,16705.69300000,1783990799999999,1258833.08033000,6037,9451.31600000,712365.48978000,0
1783990800000000,75.45000000,75.46000000,75.32000000,75.34000000,9027.24300000,1783991699999999,680419.65529000,4811,4369.47400000,329342.65734000,0
1783991700000000,75.34000000,75.56000000,75.29000000,75.32000000,13399.25200000,1783992599999999,1010622.42379000,5664,7183.31600000,541788.95452000,0
1783992600000000,75.31000000,75.35000000,75.22000000,75.26000000,11841.18900000,1783993499999999,891154.77375000,5216,4953.71100000,372797.03157000,0
1783993500000000,75.27000000,75.40000000,75.26000000,75.30000000,6993.22500000,1783994399999999,526772.31210000,3592,2931.89400000,220848.35019000,0
1783994400000000,75.31000000,75.33000000,75.16000000,75.17000000,11199.87900000,1783995299999999,843065.23233000,4994,4930.54900000,371169.39902000,0
1783995300000000,75.16000000,75.18000000,74.87000000,74.93000000,9702.72700000,1783996199999999,728120.29620000,4495,3556.74700000,266857.58860000,0
1783996200000000,74.92000000,75.24000000,74.89000000,75.20000000,8491.52400000,1783997099999999,637628.31318000,4284,4785.67200000,359246.44664000,0
1783997100000000,75.21000000,75.28000000,75.04000000,75.08000000,8406.12200000,1783997999999999,631920.30869000,3030,5068.26600000,381070.51026000,0
1783998000000000,75.08000000,75.14000000,74.65000000,74.73000000,10019.74100000,1783998899999999,749813.29313000,4509,4054.72000000,303332.64477000,0
1783998900000000,74.73000000,74.83000000,74.56000000,74.83000000,8408.76600000,1783999799999999,627937.78236000,4756,4759.22400000,355423.97485000,0
1783999800000000,74.82000000,75.05000000,74.80000000,74.97000000,7797.34900000,1784000699999999,584024.41905000,4814,5011.69800000,375334.74417000,0
1784000700000000,74.97000000,75.17000000,74.96000000,75.15000000,5857.53400000,1784001599999999,439757.75552000,3501,3406.23500000,255733.09860000,0
1784001600000000,75.15000000,75.34000000,75.09000000,75.12000000,10278.85400000,1784002499999999,773110.79822000,4588,5343.36500000,401892.37038000,0
1784002500000000,75.12000000,75.24000000,75.04000000,75.16000000,9820.61700000,1784003399999999,738163.59181000,3729,3814.99300000,286759.04382000,0
1784003400000000,75.16000000,75.32000000,75.12000000,75.17000000,8571.71500000,1784004299999999,644885.31786000,4156,5247.51500000,394783.98185000,0
1784004300000000,75.17000000,75.23000000,75.08000000,75.15000000,5038.82300000,1784005199999999,378649.57800000,2789,2771.17700000,208227.92840000,0
1784005200000000,75.16000000,75.43000000,75.10000000,75.40000000,8809.17700000,1784006099999999,663403.46306000,4686,5495.38300000,413865.82333000,0
1784006100000000,75.40000000,75.47000000,75.27000000,75.41000000,7479.46800000,1784006999999999,563820.74841000,3936,4258.40800000,321011.62809000,0
1784007000000000,75.42000000,75.48000000,75.26000000,75.40000000,9444.07500000,1784007899999999,711711.42180000,4273,5465.75400000,411866.51425000,0
1784007900000000,75.40000000,75.43000000,75.34000000,75.42000000,6035.40500000,1784008799999999,455041.88326000,2376,3051.78200000,230097.92742000,0
1784008800000000,75.41000000,75.44000000,75.19000000,75.24000000,35059.13700000,1784009699999999,2638883.26190000,5779,8335.44700000,627484.80451000,0
1784009700000000,75.24000000,75.33000000,75.20000000,75.22000000,5280.79200000,1784010599999999,397441.67740000,2559,2950.11600000,222026.57321000,0
1784010600000000,75.22000000,75.32000000,75.15000000,75.26000000,5428.43300000,1784011499999999,408457.77084000,3381,3049.80000000,229478.72985000,0
1784011500000000,75.27000000,75.29000000,75.10000000,75.16000000,7547.40300000,1784012399999999,567374.16889000,2629,4419.88100000,332230.00142000,0
1784012400000000,75.16000000,75.17000000,75.00000000,75.05000000,12040.69800000,1784013299999999,904264.87927000,4720,6427.38900000,482786.29675000,0
1784013300000000,75.05000000,75.26000000,75.02000000,75.23000000,7303.73200000,1784014199999999,548649.86986000,4017,4128.95500000,310146.59191000,0
1784014200000000,75.23000000,75.23000000,75.02000000,75.05000000,8448.74500000,1784015099999999,634679.09658000,4121,3676.20600000,276186.65390000,0
1784015100000000,75.05000000,75.05000000,74.91000000,74.97000000,12302.57000000,1784015999999999,922581.58238000,4282,7775.28700000,583068.71650000,0
1784016000000000,74.98000000,75.07000000,74.85000000,75.06000000,12727.07600000,1784016899999999,954093.74745000,4465,7122.32800000,533999.51677000,0
1784016900000000,75.06000000,75.38000000,75.06000000,75.32000000,10077.13700000,1784017799999999,757710.00886000,4147,6007.18900000,451747.14354000,0
1784017800000000,75.32000000,75.39000000,75.25000000,75.33000000,5984.06300000,1784018699999999,450732.84363000,3559,2571.93400000,193747.34038000,0
1784018700000000,75.32000000,75.34000000,75.14000000,75.16000000,4869.25500000,1784019599999999,366110.08188000,2387,2732.51800000,205420.77933000,0
1784019600000000,75.16000000,75.27000000,75.16000000,75.24000000,5198.57000000,1784020499999999,391023.89583000,3116,2706.33700000,203566.72780000,0
1784020500000000,75.23000000,75.31000000,75.11000000,75.12000000,7643.56700000,1784021399999999,574775.50376000,3319,3393.20200000,255128.76777000,0
1784021400000000,75.11000000,75.16000000,74.88000000,75.01000000,10714.17100000,1784022299999999,803564.99465000,3949,7312.24500000,548397.95357000,0
1784022300000000,75.00000000,75.15000000,74.96000000,75.08000000,7228.32600000,1784023199999999,542585.48747000,3664,3822.41900000,286888.42489000,0
1784023200000000,75.08000000,75.29000000,75.07000000,75.23000000,10203.83700000,1784024099999999,767173.80040000,4036,5562.34300000,418218.31752000,0
1784024100000000,75.23000000,75.27000000,75.05000000,75.10000000,7514.18100000,1784024999999999,564706.29318000,3453,4173.01500000,313595.74062000,0
1784025000000000,75.10000000,75.31000000,74.96000000,75.27000000,10689.07600000,1784025899999999,803045.69657000,5377,5430.14400000,408045.49196000,0
1784025900000000,75.26000000,75.60000000,75.25000000,75.47000000,23520.36900000,1784026799999999,1773855.49923000,9658,11735.75700000,885087.64181000,0
1784026800000000,75.48000000,75.49000000,75.34000000,75.48000000,11618.11900000,1784027699999999,876074.41437000,5029,4863.18400000,366739.23822000,0
1784027700000000,75.48000000,75.59000000,75.40000000,75.56000000,22752.60300000,1784028599999999,1718292.73349000,4866,10443.10600000,788676.52904000,0
1784028600000000,75.55000000,75.62000000,75.42000000,75.44000000,18496.78900000,1784029499999999,1397393.49070000,5122,7392.49400000,558460.42058000,0
1784029500000000,75.43000000,75.50000000,75.36000000,75.40000000,18337.85100000,1784030399999999,1383443.07658000,3188,13815.91500000,1042320.89339000,0
1784030400000000,75.40000000,75.44000000,75.19000000,75.23000000,12696.47000000,1784031299999999,956040.92613000,4183,6259.37700000,471246.29534000,0
1784031300000000,75.23000000,75.64000000,75.21000000,75.43000000,29148.88300000,1784032199999999,2199600.14405000,9354,14758.46900000,1113541.96279000,0
1784032200000000,75.43000000,76.38000000,75.39000000,76.07000000,172887.07000000,1784033099999999,13144072.93764000,45602,91214.32000000,6932938.36629000,0
1784033100000000,76.08000000,76.98000000,76.08000000,76.86000000,76489.33500000,1784033999999999,5857999.78293000,27114,50142.63000000,3839683.45560000,0
1784034000000000,76.86000000,76.93000000,76.50000000,76.59000000,45675.29600000,1784034899999999,3502758.67939000,13612,19276.33900000,1478897.02826000,0
1784034900000000,76.59000000,77.73000000,76.59000000,77.44000000,101945.69200000,1784035799999999,7869336.93962000,27934,59057.75500000,4555763.22418000,0
1784035800000000,77.44000000,77.49000000,77.04000000,77.08000000,68682.09200000,1784036699999999,5304744.63217000,24979,37670.47900000,2909009.79231000,0
1784036700000000,77.08000000,77.26000000,76.80000000,76.94000000,37972.08900000,1784037599999999,2922671.73733000,17832,17560.29700000,1351786.61914000,0
1784037600000000,76.94000000,77.10000000,76.68000000,77.00000000,36127.84500000,1784038499999999,2776650.95176000,16980,16640.88300000,1279032.86312000,0
1784038500000000,77.00000000,77.09000000,76.71000000,76.88000000,34869.42300000,1784039399999999,2682435.64609000,15316,25071.75600000,1929062.52691000,0
1784039400000000,76.87000000,77.25000000,76.80000000,77.07000000,31179.55700000,1784040299999999,2403096.40609000,13934,16587.85000000,1278298.24251000,0
1784040300000000,77.07000000,77.50000000,76.94000000,77.35000000,23475.88000000,1784041199999999,1812104.58646000,10355,14642.67100000,1130366.25523000,0
1784041200000000,77.35000000,77.48000000,77.20000000,77.29000000,35272.13300000,1784042099999999,2728132.19180000,13117,19876.46500000,1537314.96832000,0
1784042100000000,77.30000000,77.53000000,77.18000000,77.47000000,24879.87300000,1784042999999999,1924468.91826000,10190,16770.77700000,1297248.37206000,0
1784043000000000,77.47000000,77.71000000,77.34000000,77.50000000,55733.41800000,1784043899999999,4322427.12368000,17216,34031.89300000,2639553.69182000,0
1784043900000000,77.50000000,77.95000000,77.27000000,77.38000000,47172.47200000,1784044799999999,3659780.24837000,13834,24064.70800000,1867429.15741000,0
1784044800000000,77.39000000,77.50000000,77.12000000,77.33000000,21712.20200000,1784045699999999,1679134.54288000,9571,12739.09400000,985337.71599000,0
1784045700000000,77.33000000,77.60000000,77.23000000,77.52000000,18029.13400000,1784046599999999,1395083.72518000,7189,9712.80000000,751704.05053000,0
1784046600000000,77.52000000,77.65000000,77.44000000,77.46000000,11357.49300000,1784047499999999,880832.04057000,6340,4770.33700000,369982.33496000,0
1784047500000000,77.45000000,77.51000000,77.25000000,77.28000000,12219.86200000,1784048399999999,945530.38621000,5539,5940.69900000,459683.36233000,0
1784048400000000,77.29000000,77.30000000,76.81000000,77.06000000,27413.91700000,1784049299999999,2112971.27502000,9786,10051.18500000,774446.65978000,0
1784049300000000,77.05000000,77.13000000,76.87000000,77.08000000,14711.17200000,1784050199999999,1132641.25824000,6870,5641.98000000,434372.69772000,0
1784050200000000,77.08000000,77.12000000,76.95000000,77.11000000,9994.23000000,1784051099999999,769854.17097000,4404,5104.06500000,393206.96339000,0
1784051100000000,77.11000000,77.28000000,76.99000000,77.18000000,8615.91900000,1784051999999999,664541.53891000,3680,4464.43700000,344385.65267000,0
1784052000000000,77.18000000,77.34000000,77.00000000,77.01000000,8829.95000000,1784052899999999,681510.41083000,4694,3264.52100000,251987.09629000,0
1784052900000000,77.01000000,77.17000000,77.00000000,77.06000000,8207.11900000,1784053799999999,632575.53520000,3942,5184.12300000,399625.45197000,0
1784053800000000,77.06000000,77.33000000,77.00000000,77.20000000,17545.74300000,1784054699999999,1354030.36104000,6355,8843.63400000,682431.83478000,0
1784054700000000,77.20000000,77.34000000,77.19000000,77.29000000,9281.46400000,1784055599999999,717146.78292000,3417,5434.78600000,419992.71947000,0
1784055600000000,77.30000000,77.43000000,77.26000000,77.41000000,11623.55300000,1784056499999999,899034.63549000,4742,5780.18100000,447035.59597000,0
1784056500000000,77.41000000,77.53000000,77.28000000,77.31000000,17530.22800000,1784057399999999,1356441.63687000,5097,7817.24200000,604957.43215000,0
1784057400000000,77.30000000,77.30000000,77.11000000,77.20000000,11345.16700000,1784058299999999,875601.20242000,4659,5818.05900000,448983.18511000,0
1784058300000000,77.20000000,77.28000000,77.13000000,77.17000000,10432.27400000,1784059199999999,805523.33216000,4864,4614.34200000,356300.79864000,0
1784059200000000,77.18000000,77.22000000,76.94000000,76.95000000,11330.90700000,1784060099999999,873201.82028000,4040,5130.11900000,395377.28832000,0
1784060100000000,76.95000000,77.03000000,76.93000000,76.96000000,8543.56100000,1784060999999999,657763.29978000,3217,3049.89200000,234792.29795000,0
1784061000000000,76.97000000,77.01000000,76.95000000,77.01000000,6872.58900000,1784061899999999,529077.04738000,3007,3026.45100000,232997.61675000,0
1784061900000000,77.01000000,77.20000000,77.01000000,77.18000000,9155.18900000,1784062799999999,705669.66712000,3651,3555.16900000,274077.58292000,0
1784062800000000,77.18000000,77.34000000,77.13000000,77.33000000,14730.19900000,1784063699999999,1137660.80855000,4119,7561.13100000,583981.75218000,0
1784063700000000,77.33000000,77.36000000,77.22000000,77.29000000,7346.89300000,1784064599999999,567860.60232000,1943,3394.26700000,262415.11895000,0
1784064600000000,77.29000000,77.41000000,77.23000000,77.31000000,10495.22100000,1784065499999999,811451.90605000,3797,4659.08400000,360221.69757000,0
1784065500000000,77.30000000,77.32000000,77.16000000,77.21000000,6860.19100000,1784066399999999,529813.23594000,2542,2991.20400000,231033.30379000,0
1784066400000000,77.22000000,77.31000000,77.10000000,77.16000000,9861.02200000,1784067299999999,761135.26174000,4886,3682.89200000,284300.36332000,0
1784067300000000,77.17000000,77.65000000,77.14000000,77.58000000,34701.09100000,1784068199999999,2688433.12576000,8147,26663.48500000,2065632.00597000,0
1784068200000000,77.58000000,77.95000000,77.57000000,77.79000000,31007.62500000,1784069099999999,2412881.30758000,9131,17812.17800000,1385927.77431000,0
1784069100000000,77.80000000,77.92000000,77.61000000,77.62000000,14126.43300000,1784069999999999,1098242.13002000,3862,4863.49500000,378272.92087000,0
1784070000000000,77.63000000,77.92000000,77.55000000,77.91000000,16646.38200000,1784070899999999,1294390.75678000,5243,11620.29600000,903871.79877000,0
1784070900000000,77.91000000,77.91000000,77.62000000,77.69000000,12699.99400000,1784071799999999,987163.27443000,4065,6651.69800000,517019.45115000,0
1784071800000000,77.70000000,77.77000000,77.62000000,77.72000000,8137.62400000,1784072699999999,632335.99466000,3284,5544.91400000,430853.12835000,0
1784072700000000,77.72000000,77.87000000,77.72000000,77.87000000,12769.54000000,1784073599999999,993453.08963000,4525,9413.81200000,732379.70507000,0
1784073600000000,77.87000000,77.92000000,77.68000000,77.68000000,18936.48100000,1784074499999999,1473332.55351000,5833,9347.15900000,727410.24736000,0
1784074500000000,77.68000000,77.75000000,77.60000000,77.61000000,10848.01500000,1784075399999999,842402.89004000,3695,4866.65500000,377960.28545000,0
1784075400000000,77.62000000,77.62000000,77.47000000,77.52000000,10807.54500000,1784076299999999,837904.01088000,3859,3529.15000000,273653.33131000,0
1784076300000000,77.52000000,77.70000000,77.52000000,77.66000000,7079.95300000,1784077199999999,549559.22000000,3380,3434.00200000,266550.05978000,0
1784077200000000,77.67000000,77.72000000,77.48000000,77.58000000,14231.17900000,1784078099999999,1104526.19236000,5716,6705.50900000,520499.68325000,0
1784078100000000,77.58000000,77.82000000,77.56000000,77.78000000,9411.43900000,1784078999999999,730767.09003000,4335,5709.89900000,443362.69921000,0
1784079000000000,77.79000000,77.82000000,77.49000000,77.55000000,13308.68100000,1784079899999999,1033564.90332000,4406,6206.26600000,481910.46645000,0
1784079900000000,77.54000000,77.58000000,77.28000000,77.44000000,24654.46800000,1784080799999999,1908562.73819000,7543,13911.48500000,1077094.56392000,0
1784080800000000,77.43000000,77.59000000,77.32000000,77.40000000,8795.94700000,1784081699999999,681170.20218000,4815,3515.93600000,272310.00428000,0
1784081700000000,77.40000000,77.43000000,77.13000000,77.16000000,19059.38900000,1784082599999999,1473175.95518000,5336,8078.91500000,624633.38601000,0
1784082600000000,77.16000000,77.24000000,77.03000000,77.22000000,24576.93500000,1784083499999999,1895608.49763000,6293,15572.46000000,1201176.26965000,0
1784083500000000,77.22000000,77.31000000,77.14000000,77.29000000,22372.10600000,1784084399999999,1727581.11209000,4999,10421.00700000,804680.50333000,0
1784084400000000,77.30000000,77.53000000,77.23000000,77.48000000,10722.87400000,1784085299999999,829513.61411000,4597,5647.33900000,436842.63514000,0
1784085300000000,77.48000000,77.56000000,77.44000000,77.52000000,19040.17000000,1784086199999999,1475469.92721000,2824,15775.52000000,1222552.09347000,0
1784086200000000,77.52000000,77.80000000,77.51000000,77.69000000,8523.01000000,1784087099999999,661961.68712000,4946,5302.51500000,411786.57578000,0
1784087100000000,77.69000000,77.90000000,77.65000000,77.78000000,9179.82400000,1784087999999999,714270.14180000,3676,5948.16300000,462745.21174000,0
1784088000000000,77.78000000,77.87000000,77.71000000,77.72000000,11458.27600000,1784088899999999,891249.48845000,4497,5412.79800000,420997.14841000,0
1784088900000000,77.72000000,77.81000000,77.62000000,77.62000000,5104.97300000,1784089799999999,396791.47389000,2798,2418.76200000,188013.33249000,0
1784089800000000,77.63000000,77.95000000,77.54000000,77.92000000,11898.32700000,1784090699999999,926069.24340000,5218,7261.11900000,565186.01092000,0
1784090700000000,77.91000000,78.18000000,77.91000000,78.02000000,27371.55900000,1784091599999999,2136182.74212000,8190,18289.60500000,1427338.83441000,0
1784091600000000,78.02000000,78.11000000,77.76000000,77.78000000,27297.09200000,1784092499999999,2128578.50630000,10201,13137.81000000,1024401.94515000,0
1784092500000000,77.77000000,77.89000000,77.66000000,77.66000000,9725.60500000,1784093399999999,756371.40205000,4493,5296.64400000,411985.07343000,0
1784093400000000,77.67000000,78.03000000,77.65000000,77.88000000,16001.58300000,1784094299999999,1245867.48500000,7739,8076.38300000,628683.17475000,0
1784094300000000,77.88000000,78.33000000,77.83000000,78.26000000,22400.67300000,1784095199999999,1750309.07484000,7763,15114.35700000,1180779.34267000,0
1784095200000000,78.26000000,78.46000000,78.13000000,78.44000000,52897.36400000,1784096099999999,4141099.00539000,11979,30377.46500000,2378044.19208000,0
1784096100000000,78.43000000,78.49000000,78.26000000,78.32000000,56030.46200000,1784096999999999,4393736.25709000,10183,22450.24500000,1760410.22761000,0
1784097000000000,78.32000000,78.70000000,78.27000000,78.32000000,34939.07900000,1784097899999999,2742662.10109000,12140,20488.58800000,1608242.14948000,0
1784097900000000,78.32000000,78.38000000,77.94000000,77.94000000,23496.87100000,1784098799999999,1836319.17486000,7747,12397.30000000,969091.84347000,0
1784098800000000,77.95000000,78.01000000,77.82000000,77.96000000,13669.70500000,1784099699999999,1064851.19361000,5210,5996.59000000,467095.55836000,0
1784099700000000,77.96000000,77.99000000,77.48000000,77.53000000,22743.78900000,1784100599999999,1767390.93337000,7839,8821.41100000,685379.42036000,0
1784100600000000,77.53000000,77.65000000,77.50000000,77.57000000,8309.67700000,1784101499999999,644637.70942000,3533,4284.57600000,332373.20390000,0
1784101500000000,77.57000000,77.59000000,77.40000000,77.42000000,10144.02700000,1784102399999999,786131.32164000,3480,5731.03600000,444176.08933000,0
1784102400000000,77.42000000,77.53000000,77.34000000,77.43000000,22031.54800000,1784103299999999,1705760.04180000,7488,13222.31700000,1023673.37015000,0
1784103300000000,77.44000000,77.53000000,77.23000000,77.41000000,17752.78400000,1784104199999999,1373479.43374000,5759,11737.62000000,908100.74376000,0
1784104200000000,77.41000000,77.53000000,77.34000000,77.52000000,10041.16800000,1784105099999999,777388.32342000,4049,6034.80600000,467272.64366000,0
1784105100000000,77.53000000,77.62000000,77.48000000,77.58000000,12183.14900000,1784105999999999,944823.82477000,3732,6924.84000000,536964.63796000,0
1784106000000000,77.57000000,77.82000000,77.57000000,77.75000000,8139.58000000,1784106899999999,632395.40959000,3201,5746.71200000,446449.74147000,0
1784106900000000,77.75000000,77.91000000,77.74000000,77.81000000,9571.69000000,1784107799999999,745053.18561000,2981,6287.98100000,489430.07651000,0
1784107800000000,77.81000000,77.82000000,77.56000000,77.58000000,9247.38600000,1784108699999999,718544.32261000,2856,2520.19200000,195826.14881000,0
1784108700000000,77.58000000,77.61000000,77.43000000,77.49000000,11087.95300000,1784109599999999,859373.11893000,2534,5001.22800000,387546.95722000,0
1784109600000000,77.49000000,77.71000000,77.45000000,77.63000000,9488.72500000,1784110499999999,736729.80739000,3500,4745.73200000,368445.24388000,0
1784110500000000,77.63000000,77.67000000,77.33000000,77.33000000,9565.07800000,1784111399999999,741358.42544000,4073,4500.99000000,348776.93367000,0
1784111400000000,77.33000000,77.39000000,77.23000000,77.36000000,21927.54700000,1784112299999999,1694922.32534000,5322,11585.87600000,895519.44782000,0
1784112300000000,77.36000000,77.42000000,77.32000000,77.37000000,8139.24200000,1784113199999999,629768.05267000,2409,5213.38500000,403381.64394000,0
1784113200000000,77.37000000,77.47000000,77.34000000,77.46000000,11107.44800000,1784114099999999,860054.38031000,3238,4339.53100000,335982.29860000,0
1784114100000000,77.46000000,77.50000000,77.35000000,77.38000000,10361.96200000,1784114999999999,802520.12937000,2896,5421.20600000,419868.06427000,0
1784115000000000,77.38000000,77.48000000,77.38000000,77.44000000,11265.65900000,1784115899999999,872279.76048000,2818,7791.99500000,603345.41860000,0
1784115900000000,77.45000000,77.53000000,77.41000000,77.52000000,5044.74400000,1784116799999999,390810.00989000,2757,3207.01900000,248445.08792000,0
1784116800000000,77.53000000,77.55000000,77.26000000,77.47000000,13885.39600000,1784117699999999,1074951.77152000,5811,8625.88700000,667752.31124000,0
1784117700000000,77.46000000,77.52000000,77.28000000,77.45000000,7511.87300000,1784118599999999,581435.37855000,3854,4569.41500000,353682.84137000,0
1784118600000000,77.44000000,77.87000000,77.40000000,77.64000000,41114.60400000,1784119499999999,3192257.61599000,16354,24472.84400000,1899898.49811000,0
1784119500000000,77.64000000,78.31000000,77.62000000,78.28000000,63140.46600000,1784120399999999,4931077.61822000,18267,40024.53000000,3125949.16634000,0
1784120400000000,78.28000000,79.00000000,78.23000000,78.84000000,87354.22200000,1784121299999999,6875271.32054000,25287,53201.02200000,4186748.91620000,0
1784121300000000,78.83000000,79.04000000,78.50000000,78.68000000,51296.01300000,1784122199999999,4043772.83009000,18290,24061.15600000,1897694.52789000,0
1784122200000000,78.68000000,79.00000000,78.45000000,78.50000000,56483.43500000,1784123099999999,4445750.22835000,26095,27181.41000000,2138965.21325000,0
1784123100000000,78.49000000,78.49000000,77.71000000,78.11000000,58257.97100000,1784123999999999,4543902.59712000,32018,26244.24500000,2046336.88557000,0
1784124000000000,78.11000000,78.39000000,78.11000000,78.12000000,22957.89000000,1784124899999999,1796944.76179000,18551,14463.55600000,1132107.67459000,0
1784124900000000,78.12000000,78.37000000,77.78000000,78.14000000,35726.16500000,1784125799999999,2788914.26174000,20648,18562.08400000,1449355.11188000,0
1784125800000000,78.13000000,78.23000000,77.89000000,77.96000000,25626.61600000,1784126699999999,1999800.63253000,17787,14514.49400000,1132645.07223000,0
1784126700000000,77.96000000,78.24000000,77.83000000,78.22000000,13812.52800000,1784127599999999,1078321.67101000,10555,7115.63900000,555664.91684000,0
1784127600000000,78.22000000,78.25000000,77.92000000,77.95000000,26982.06600000,1784128499999999,2106151.94312000,10608,14352.30600000,1120373.97703000,0
1784128500000000,77.95000000,78.21000000,77.76000000,78.07000000,33927.81400000,1784129399999999,2647319.25754000,13229,15496.32100000,1209290.32535000,0
1784129400000000,78.07000000,78.21000000,77.93000000,78.14000000,16491.03000000,1784130299999999,1288166.90189000,8745,9640.08100000,753179.10020000,0
1784130300000000,78.14000000,78.21000000,77.93000000,78.07000000,22944.77900000,1784131199999999,1792440.22900000,7104,11230.28100000,877572.07810000,0
1784131200000000,78.06000000,78.12000000,77.52000000,77.54000000,23517.01300000,1784132099999999,1828818.12021000,11412,9351.27300000,727413.63920000,0
1784132100000000,77.55000000,77.75000000,77.38000000,77.73000000,25720.97100000,1784132999999999,1995069.09485000,9279,13618.47700000,1056290.81172000,0
1784133000000000,77.72000000,77.74000000,77.07000000,77.39000000,33173.20100000,1784133899999999,2566887.31773000,11865,17924.74800000,1387792.49961000,0
1784133900000000,77.40000000,77.69000000,77.34000000,77.63000000,33333.25900000,1784134799999999,2585333.91611000,8590,22297.68100000,1729265.63624000,0
1784134800000000,77.63000000,77.79000000,77.57000000,77.58000000,14840.17100000,1784135699999999,1153248.87171000,5998,8028.09900000,623973.81578000,0
1784135700000000,77.58000000,77.76000000,77.50000000,77.72000000,14590.80700000,1784136599999999,1132573.15200000,4619,6986.26400000,542367.29464000,0
1784136600000000,77.72000000,77.85000000,77.63000000,77.78000000,14678.18100000,1784137499999999,1141392.32090000,4481,7508.88100000,583855.79598000,0
1784137500000000,77.79000000,78.05000000,77.65000000,77.82000000,19391.45400000,1784138399999999,1509679.91296000,6830,9267.51700000,721540.08449000,0
1784138400000000,77.82000000,78.09000000,77.75000000,78.08000000,13522.65600000,1784139299999999,1053260.61586000,4964,9286.99700000,723331.94560000,0
1784139300000000,78.08000000,78.08000000,77.89000000,77.97000000,7780.32300000,1784140199999999,606690.57231000,4255,3263.68100000,254508.92957000,0
1784140200000000,77.96000000,78.08000000,77.83000000,77.84000000,11300.21800000,1784141099999999,881187.26836000,3570,8659.85300000,675357.51797000,0
1784141100000000,77.84000000,77.90000000,77.51000000,77.58000000,14712.72700000,1784141999999999,1144100.33916000,5783,6385.78500000,496536.43573000,0
1784142000000000,77.59000000,77.69000000,77.46000000,77.56000000,13507.92000000,1784142899999999,1047748.91291000,5019,7319.98000000,567867.69228000,0
1784142900000000,77.55000000,77.56000000,77.14000000,77.20000000,20288.32000000,1784143799999999,1567426.78366000,7722,10277.68200000,793892.15446000,0
1784143800000000,77.21000000,77.36000000,77.17000000,77.31000000,18625.23700000,1784144699999999,1439214.38310000,8385,12587.75000000,972642.37775000,0
1784144700000000,77.30000000,77.31000000,76.94000000,77.18000000,30270.09800000,1784145599999999,2334799.75327000,8868,17160.89200000,1323930.24451000,0
1784145600000000,77.18000000,77.32000000,77.10000000,77.20000000,13475.32600000,1784146499999999,1040727.89022000,4847,7123.27500000,550117.63890000,0
1784146500000000,77.21000000,77.48000000,77.20000000,77.41000000,8360.64400000,1784147399999999,646875.87589000,2908,5563.91600000,430466.43928000,0
1784147400000000,77.41000000,77.54000000,77.40000000,77.46000000,5535.03000000,1784148299999999,428822.67339000,2343,3559.12000000,275732.48653000,0
1784148300000000,77.46000000,77.47000000,77.37000000,77.38000000,3355.91800000,1784149199999999,259830.42508000,1398,1646.35200000,127464.26893000,0
1784149200000000,77.38000000,77.52000000,77.25000000,77.42000000,8459.94300000,1784150099999999,654743.29231000,3180,4607.63600000,356599.86585000,0
1784150100000000,77.42000000,77.46000000,77.33000000,77.37000000,6310.23700000,1784150999999999,488429.48179000,2644,3070.13000000,237632.50092000,0
1784151000000000,77.36000000,77.39000000,77.24000000,77.33000000,9996.53100000,1784151899999999,772915.65758000,4176,5473.00000000,423186.35724000,0
1784151900000000,77.34000000,77.42000000,77.31000000,77.41000000,8151.23000000,1784152799999999,630600.16307000,3830,5671.01200000,438762.61111000,0
1784152800000000,77.41000000,77.58000000,77.30000000,77.49000000,11948.08700000,1784153699999999,925574.48270000,4539,7878.01900000,610242.57791000,0
1784153700000000,77.49000000,77.67000000,77.46000000,77.67000000,4127.17900000,1784154599999999,320077.03425000,2379,2057.48500000,159607.17248000,0
1784154600000000,77.67000000,77.74000000,77.50000000,77.50000000,4321.67300000,1784155499999999,335459.76944000,2196,1487.10000000,115461.27026000,0
1784155500000000,77.51000000,77.72000000,77.45000000,77.48000000,16417.53200000,1784156399999999,1273466.42960000,3670,7317.56200000,567712.92502000,0
1784156400000000,77.48000000,77.61000000,77.47000000,77.55000000,5774.98300000,1784157299999999,447801.44118000,2235,2929.48700000,227173.86568000,0
1784157300000000,77.55000000,77.59000000,77.41000000,77.43000000,7319.09700000,1784158199999999,567214.88540000,2290,2789.24000000,216166.00513000,0
1784158200000000,77.44000000,77.53000000,77.28000000,77.30000000,4230.39900000,1784159099999999,327462.37375000,2319,1430.00900000,110715.12869000,0
1784159100000000,77.30000000,77.36000000,77.21000000,77.29000000,12849.61400000,1784159999999999,993071.91033000,2911,6606.90200000,510569.36874000,0
1784160000000000,77.28000000,77.48000000,77.26000000,77.45000000,13231.78000000,1784160899999999,1023892.06986000,3304,7185.87900000,555958.53324000,0
1784160900000000,77.44000000,77.46000000,77.00000000,77.04000000,13210.45300000,1784161799999999,1019170.42468000,5415,5364.01800000,413864.91708000,0
1784161800000000,77.04000000,77.11000000,76.70000000,76.75000000,27380.35800000,1784162699999999,2105782.15360000,7872,10771.18700000,828459.05366000,0
1784162700000000,76.74000000,77.01000000,76.70000000,76.95000000,11270.87500000,1784163599999999,866250.57210000,4712,4679.95600000,359561.21296000,0
1784163600000000,76.94000000,77.10000000,76.89000000,76.94000000,14707.71600000,1784164499999999,1132759.37573000,5864,5443.30000000,419277.98248000,0
1784164500000000,76.95000000,76.95000000,76.70000000,76.84000000,19584.36200000,1784165399999999,1505175.77376000,6118,8735.66800000,671440.97563000,0
1784165400000000,76.84000000,77.14000000,76.80000000,76.83000000,16613.95200000,1784166299999999,1277949.32131000,4594,8791.46000000,676309.05240000,0
1784166300000000,76.82000000,77.15000000,76.80000000,77.09000000,14042.04400000,1784167199999999,1081788.41764000,4008,8977.74900000,691577.87774000,0
1784167200000000,77.09000000,77.10000000,76.95000000,76.98000000,5970.14200000,1784168099999999,459875.97706000,2165,1859.07900000,143218.63350000,0
1784168100000000,76.97000000,77.08000000,76.86000000,77.02000000,7599.86000000,1784168999999999,585083.45094000,2493,5094.45500000,392235.37538000,0
1784169000000000,77.03000000,77.10000000,76.93000000,77.05000000,6944.59100000,1784169899999999,534769.78236000,2281,3906.82200000,300843.34279000,0
1784169900000000,77.05000000,77.15000000,77.03000000,77.13000000,7855.15100000,1784170799999999,605498.91160000,2232,3780.70100000,291451.68726000,0
1784170800000000,77.13000000,77.28000000,77.07000000,77.21000000,13857.06000000,1784171699999999,1068918.00596000,2803,4452.17800000,343656.15838000,0
1784171700000000,77.20000000,77.20000000,76.95000000,77.03000000,24705.69000000,1784172599999999,1903402.10945000,3943,7591.23700000,584710.13004000,0
1784172600000000,77.03000000,77.10000000,76.96000000,76.97000000,4753.69700000,1784173499999999,366202.46158000,2359,1873.50000000,144328.78347000,0
1784173500000000,76.97000000,76.98000000,76.81000000,76.95000000,9915.85600000,1784174399999999,762351.30587000,2988,5705.28900000,438614.87570000,0
1784174400000000,76.95000000,77.02000000,76.78000000,76.98000000,8394.62400000,1784175299999999,645841.12352000,2306,2892.85400000,222633.20799000,0
1784175300000000,76.98000000,76.99000000,76.73000000,76.86000000,17846.24400000,1784176199999999,1371487.98081000,3073,5295.41700000,406916.90945000,0
1784176200000000,76.87000000,76.96000000,76.82000000,76.92000000,5509.31700000,1784177099999999,423549.87025000,2174,3078.17500000,236652.04788000,0
1784177100000000,76.91000000,76.92000000,76.59000000,76.81000000,25109.19000000,1784177999999999,1927140.50426000,5225,13299.87800000,1020820.91466000,0
1784178000000000,76.82000000,76.94000000,76.74000000,76.94000000,6429.79300000,1784178899999999,493980.10130000,2892,3074.37900000,236181.58995000,0
1784178900000000,76.94000000,77.34000000,76.94000000,77.27000000,14099.00700000,1784179799999999,1087951.98801000,5426,7845.08800000,605270.06963000,0
1784179800000000,77.27000000,77.50000000,77.16000000,77.37000000,29970.88400000,1784180699999999,2318171.03569000,7791,15621.16500000,1208300.56292000,0
1784180700000000,77.38000000,77.52000000,77.35000000,77.48000000,15897.63700000,1784181599999999,1230997.84782000,5097,5555.03900000,430091.54878000,0
1784181600000000,77.49000000,77.64000000,77.40000000,77.44000000,31439.92900000,1784182499999999,2436243.66468000,9483,13112.46300000,1016115.37537000,0
1784182500000000,77.45000000,77.46000000,77.32000000,77.37000000,9586.58300000,1784183399999999,742048.25182000,3484,3434.73100000,265849.95474000,0
1784183400000000,77.37000000,77.40000000,77.12000000,77.26000000,8684.43300000,1784184299999999,670720.17870000,3089,3396.10700000,262221.99128000,0
1784184300000000,77.26000000,77.41000000,77.23000000,77.35000000,4657.96100000,1784185199999999,360231.59453000,2111,2369.55900000,183241.14664000,0
1784185200000000,77.35000000,77.35000000,77.24000000,77.26000000,6767.94000000,1784186099999999,523099.32551000,2310,2932.99000000,226709.94846000,0
1784186100000000,77.25000000,77.26000000,76.99000000,77.02000000,15164.76300000,1784186999999999,1169337.09682000,3414,6342.16600000,489151.59915000,0
1784187000000000,77.02000000,77.04000000,76.22000000,76.31000000,91915.26100000,1784187899999999,7022943.23382000,14830,44975.27200000,3435451.18866000,0
1784187900000000,76.32000000,76.44000000,76.14000000,76.41000000,43071.41600000,1784188799999999,3286930.48794000,10118,26659.70200000,2034518.55722000,0
1784188800000000,76.42000000,76.48000000,75.78000000,75.79000000,77996.14300000,1784189699999999,5932826.82466000,16338,32764.47300000,2492873.71362000,0
1784189700000000,75.79000000,76.28000000,75.64000000,76.28000000,61344.32500000,1784190599999999,4653323.86006000,14483,26453.58500000,2007759.88410000,0
1784190600000000,76.27000000,76.46000000,76.17000000,76.19000000,17196.44400000,1784191499999999,1312546.43623000,6132,8175.52700000,624042.07273000,0
1784191500000000,76.19000000,76.32000000,76.03000000,76.16000000,12935.89200000,1784192399999999,985140.67231000,5094,6365.15200000,484788.25561000,0
1784192400000000,76.16000000,76.26000000,76.08000000,76.14000000,12000.84200000,1784193299999999,914227.08310000,4651,4846.80500000,369263.52206000,0
1784193300000000,76.15000000,76.20000000,76.03000000,76.07000000,14525.60600000,1784194199999999,1105569.94901000,4650,9055.02500000,689211.54183000,0
1784194200000000,76.07000000,76.19000000,76.03000000,76.14000000,5428.28800000,1784195099999999,413248.19497000,3555,2305.67700000,175537.04912000,0
1784195100000000,76.14000000,76.15000000,75.99000000,76.02000000,23400.88200000,1784195999999999,1780107.95386000,6387,16051.44100000,1221067.49182000,0
1784196000000000,76.03000000,76.24000000,76.01000000,76.16000000,7017.64900000,1784196899999999,534195.60362000,3753,4273.61500000,325355.84752000,0
1784196900000000,76.17000000,76.31000000,76.15000000,76.28000000,4676.40300000,1784197799999999,356464.59732000,2566,2085.46200000,158976.32577000,0
1784197800000000,76.28000000,76.35000000,76.19000000,76.21000000,7936.23900000,1784198699999999,605215.00963000,2923,3050.07400000,232629.99919000,0
1784198700000000,76.21000000,76.22000000,76.13000000,76.21000000,6439.16900000,1784199599999999,490570.12321000,2325,3830.35100000,291826.46170000,0
1784199600000000,76.21000000,76.24000000,76.05000000,76.19000000,8654.09400000,1784200499999999,658836.43954000,4575,3267.82500000,248804.72021000,0
1784200500000000,76.19000000,76.27000000,76.05000000,76.09000000,7353.69100000,1784201399999999,560114.50880000,4134,4490.01700000,342035.62321000,0
1784201400000000,76.09000000,76.27000000,76.05000000,76.26000000,6701.88500000,1784202299999999,510213.71966000,4188,4235.00000000,322430.71606000,0
1784202300000000,76.26000000,76.29000000,76.04000000,76.28000000,20411.22600000,1784203199999999,1554881.48511000,6532,9679.38800000,737400.48821000,0
1784203200000000,76.27000000,76.28000000,76.11000000,76.12000000,12026.29800000,1784204099999999,915969.70008000,3970,8418.99000000,641156.84770000,0
1784204100000000,76.13000000,76.23000000,75.94000000,76.23000000,35612.13400000,1784204999999999,2709145.83596000,8083,24309.74400000,1849553.76135000,0
1784205000000000,76.24000000,76.29000000,75.69000000,75.78000000,22547.99500000,1784205899999999,1711862.19012000,9365,7038.62600000,534446.20023000,0
1784205900000000,75.78000000,76.03000000,75.74000000,75.93000000,12052.63600000,1784206799999999,914831.16358000,5399,6443.48300000,489073.16383000,0
1784206800000000,75.92000000,76.15000000,75.91000000,76.12000000,12003.19100000,1784207699999999,912631.64834000,4286,5148.96900000,391375.50696000,0
1784207700000000,76.12000000,76.41000000,76.10000000,76.41000000,28266.77200000,1784208599999999,2155867.25497000,5701,17181.56600000,1310324.86583000,0
1784208600000000,76.41000000,76.63000000,76.27000000,76.28000000,30183.63700000,1784209499999999,2309167.61403000,13702,14904.16100000,1140327.73186000,0
1784209500000000,76.28000000,76.44000000,76.13000000,76.36000000,15890.10800000,1784210399999999,1212614.07424000,10356,8008.18900000,611093.81818000,0
1784210400000000,76.36000000,76.79000000,76.33000000,76.66000000,22118.99800000,1784211299999999,1693519.52236000,11639,14768.68700000,1130782.27060000,0
1784211300000000,76.67000000,76.80000000,76.45000000,76.64000000,10266.41200000,1784212199999999,786518.63937000,7892,5275.74300000,404161.83361000,0
1784212200000000,76.63000000,76.74000000,76.54000000,76.67000000,15504.78800000,1784213099999999,1188069.44055000,8450,8382.33100000,642311.73673000,0
1784213100000000,76.67000000,76.69000000,76.19000000,76.49000000,18252.38800000,1784213999999999,1394996.73001000,9351,7676.02600000,586829.48732000,0
1784214000000000,76.50000000,76.53000000,76.00000000,76.06000000,13118.77800000,1784214899999999,1000128.29585000,7592,7220.01700000,550503.30400000,0
1784214900000000,76.06000000,76.86000000,76.02000000,76.72000000,20643.23300000,1784215799999999,1577798.49733000,12143,12325.44000000,942557.87303000,0
1784215800000000,76.71000000,76.82000000,76.51000000,76.59000000,17066.13400000,1784216699999999,1308406.67718000,7757,8083.66300000,619731.49803000,0
1784216700000000,76.59000000,76.86000000,76.52000000,76.63000000,12890.20900000,1784217599999999,988150.99231000,6527,5268.17600000,403896.83366000,0
1784217600000000,76.63000000,76.63000000,76.23000000,76.31000000,14188.87300000,1784218499999999,1084296.01031000,7268,6800.84200000,519745.56335000,0
1784218500000000,76.31000000,76.42000000,76.20000000,76.37000000,11548.02900000,1784219399999999,881330.62284000,9135,4915.84000000,375194.82231000,0
1784219400000000,76.37000000,76.52000000,76.14000000,76.17000000,7620.38200000,1784220299999999,581510.16235000,6258,4299.53700000,328124.89508000,0
1784220300000000,76.17000000,76.35000000,76.10000000,76.27000000,8008.49900000,1784221199999999,610624.27611000,5260,3635.21200000,277143.15281000,0
1784221200000000,76.27000000,76.27000000,75.83000000,75.83000000,24369.29300000,1784222099999999,1851708.99822000,6065,11032.09900000,838326.02896000,0
1784222100000000,75.83000000,76.00000000,75.71000000,75.87000000,23601.48900000,1784222999999999,1790019.04320000,7843,11128.55600000,844080.74939000,0
1784223000000000,75.87000000,76.06000000,75.81000000,75.86000000,17193.89600000,1784223899999999,1306059.13079000,5961,7410.90800000,562986.48401000,0
1784223900000000,75.86000000,75.93000000,75.39000000,75.61000000,25729.61000000,1784224799999999,1944923.54709000,9328,13204.71900000,998358.78800000,0
1784224800000000,75.62000000,75.88000000,75.52000000,75.73000000,31519.60700000,1784225699999999,2386397.31923000,8590,18182.28500000,1376485.18439000,0
1784225700000000,75.73000000,75.92000000,75.68000000,75.82000000,11238.84900000,1784226599999999,852362.66614000,3986,3975.13800000,301465.53716000,0
1784226600000000,75.82000000,75.82000000,75.43000000,75.54000000,11910.88500000,1784227499999999,900002.45464000,5956,5714.43000000,431741.67874000,0
1784227500000000,75.53000000,75.78000000,75.51000000,75.74000000,6344.77900000,1784228399999999,480176.32705000,3721,3383.81600000,256044.23373000,0
1784228400000000,75.73000000,75.85000000,75.65000000,75.67000000,5502.96200000,1784229299999999,416835.81172000,3815,1981.12000000,150058.55544000,0
1784229300000000,75.68000000,75.82000000,75.62000000,75.81000000,6921.85800000,1784230199999999,523909.07708000,4189,3947.74400000,298809.83532000,0
1784230200000000,75.81000000,75.94000000,75.78000000,75.82000000,7906.38100000,1784231099999999,599827.44800000,3736,4744.44000000,359968.18195000,0
1784231100000000,75.81000000,75.94000000,75.73000000,75.81000000,20207.31700000,1784231999999999,1532593.33201000,5025,9652.21700000,732010.61819000,0
1784232000000000,75.80000000,75.86000000,75.73000000,75.76000000,6214.60200000,1784232899999999,471034.24018000,2722,2173.42100000,164759.62684000,0
1784232900000000,75.75000000,75.89000000,75.70000000,75.83000000,3822.88900000,1784233799999999,289857.78706000,2399,2273.87300000,172412.11366000,0
1784233800000000,75.82000000,75.90000000,75.74000000,75.79000000,4326.30800000,1784234699999999,327990.69993000,2358,2082.97900000,157917.65635000,0
1784234700000000,75.80000000,75.87000000,75.74000000,75.80000000,5349.90200000,1784235599999999,405528.98607000,1970,4237.98900000,321235.76319000,0
1784235600000000,75.79000000,76.01000000,75.77000000,75.98000000,8900.90700000,1784236499999999,675904.98532000,2617,4745.96800000,360321.23455000,0
1784236500000000,75.99000000,76.02000000,75.89000000,75.91000000,3670.29800000,1784237399999999,278795.43886000,1394,1435.04700000,109001.64458000,0
1784237400000000,75.90000000,76.08000000,75.86000000,75.98000000,6813.58500000,1784238299999999,517702.40449000,2004,3637.25600000,276349.95534000,0
1784238300000000,75.98000000,76.02000000,75.87000000,75.94000000,4741.77500000,1784239199999999,360148.84763000,3078,3455.60200000,262469.45603000,0
1784239200000000,75.95000000,76.04000000,75.92000000,75.96000000,6873.15700000,1784240099999999,522250.98685000,3601,3631.76200000,275979.50474000,0
1784240100000000,75.96000000,75.96000000,75.56000000,75.59000000,5943.10300000,1784240999999999,450137.43456000,2610,2727.50200000,206510.20291000,0
1784241000000000,75.60000000,75.79000000,75.53000000,75.63000000,7268.22600000,1784241899999999,549813.88086000,3294,3522.36300000,266477.92984000,0
1784241900000000,75.63000000,75.66000000,75.24000000,75.32000000,18730.35200000,1784242799999999,1411883.20180000,5008,7629.19600000,574882.25234000,0
1784242800000000,75.32000000,75.42000000,75.23000000,75.36000000,10234.19700000,1784243699999999,770893.33734000,3089,5960.80900000,448991.94661000,0
1784243700000000,75.37000000,75.39000000,75.01000000,75.17000000,30946.44200000,1784244599999999,2325560.23688000,10860,9658.05100000,725617.19137000,0
1784244600000000,75.17000000,75.30000000,75.10000000,75.29000000,20443.16900000,1784245499999999,1537197.67216000,7687,8642.20500000,649854.93854000,0
1784245500000000,75.29000000,75.40000000,75.22000000,75.32000000,8711.99900000,1784246399999999,656183.76809000,4161,3361.92600000,253244.12187000,0
1784246400000000,75.33000000,75.39000000,75.22000000,75.25000000,15391.83100000,1784247299999999,1158987.56640000,5146,6721.19800000,506146.03176000,0
1784247300000000,75.25000000,75.45000000,75.25000000,75.31000000,7841.00000000,1784248199999999,590924.15414000,3631,3766.21500000,283849.20067000,0
1784248200000000,75.32000000,75.34000000,74.92000000,75.32000000,26953.54200000,1784249099999999,2025232.20030000,8318,8139.46900000,611808.24393000,0
1784249100000000,75.32000000,75.56000000,75.32000000,75.55000000,11773.08000000,1784249999999999,888402.36268000,4042,5843.01500000,440945.59620000,0
1784250000000000,75.56000000,75.75000000,75.50000000,75.69000000,13991.76000000,1784250899999999,1058596.43622000,5129,8788.17800000,664977.53487000,0
1784250900000000,75.70000000,75.73000000,75.45000000,75.68000000,12636.40600000,1784251799999999,954882.55756000,4200,5535.61300000,418398.18802000,0
1784251800000000,75.69000000,75.70000000,75.27000000,75.28000000,12088.72900000,1784252699999999,911807.64880000,4863,4973.62100000,375138.11362000,0
1784252700000000,75.27000000,75.27000000,74.98000000,75.10000000,15263.19900000,1784253599999999,1145992.08926000,7555,6754.00400000,507142.73152000,0
1784253600000000,75.09000000,75.24000000,74.93000000,75.21000000,12931.88000000,1784254499999999,971304.04074000,6224,6075.15000000,456464.04937000,0
1784254500000000,75.21000000,75.28000000,75.07000000,75.13000000,7395.94400000,1784255399999999,555854.91367000,4616,2982.99600000,224236.60472000,0
1784255400000000,75.12000000,75.15000000,74.75000000,74.88000000,27721.36600000,1784256299999999,2077567.00181000,8366,12179.97400000,912816.92765000,0
1784256300000000,74.89000000,75.02000000,74.84000000,75.00000000,12868.33000000,1784257199999999,963867.59573000,4442,4946.11400000,370501.30381000,0
1784257200000000,75.00000000,75.29000000,74.99000000,75.24000000,7136.53500000,1784258099999999,536299.64323000,3806,3579.12500000,269030.31121000,0
1784258100000000,75.24000000,75.45000000,75.21000000,75.38000000,10926.65300000,1784258999999999,823535.01605000,4417,6375.27900000,480407.29031000,0
1784259000000000,75.39000000,75.41000000,75.25000000,75.30000000,5838.90800000,1784259899999999,439991.25677000,3049,3388.98000000,255390.76064000,0
1784259900000000,75.30000000,75.31000000,75.17000000,75.23000000,4645.01400000,1784260799999999,349409.52903000,2474,1704.38300000,128221.07508000,0
1784260800000000,75.23000000,75.23000000,75.07000000,75.09000000,9149.39000000,1784261699999999,687415.22193000,3149,5427.98200000,407814.25438000,0
1784261700000000,75.09000000,75.15000000,74.75000000,74.93000000,19363.04700000,1784262599999999,1450613.76110000,5327,6780.76100000,508054.91279000,0
1784262600000000,74.93000000,75.17000000,74.88000000,75.13000000,11665.69100000,1784263499999999,874546.47849000,4426,5302.35500000,397540.58240000,0
1784263500000000,75.13000000,75.34000000,75.12000000,75.24000000,17756.57200000,1784264399999999,1336301.08731000,4043,10228.68400000,769847.45612000,0
1784264400000000,75.23000000,75.23000000,75.05000000,75.17000000,8019.36200000,1784265299999999,602616.91017000,3876,2745.76400000,206319.34158000,0
1784265300000000,75.17000000,75.19000000,74.82000000,74.83000000,9337.48600000,1784266199999999,700092.96197000,3732,3869.07600000,290112.04825000,0
1784266200000000,74.82000000,74.92000000,74.63000000,74.72000000,21895.56100000,1784267099999999,1636791.17299000,7283,7485.76700000,559664.03326000,0
1784267100000000,74.71000000,74.72000000,74.29000000,74.40000000,36774.09100000,1784267999999999,2737298.05632000,11510,15597.90400000,1160947.09758000,0
1784268000000000,74.39000000,74.64000000,74.31000000,74.56000000,15485.32000000,1784268899999999,1153630.26026000,8354,7845.32800000,584408.43446000,0
1784268900000000,74.55000000,74.77000000,74.46000000,74.72000000,14715.68800000,1784269799999999,1097928.18140000,5187,7732.59000000,577022.88883000,0
1784269800000000,74.71000000,74.74000000,74.59000000,74.61000000,13171.50500000,1784270699999999,983885.39863000,4290,6404.51300000,478455.48889000,0
1784270700000000,74.62000000,74.63000000,74.49000000,74.60000000,4970.71800000,1784271599999999,370608.76222000,3063,2260.65100000,168548.31376000,0
1784271600000000,74.60000000,74.64000000,74.51000000,74.54000000,11804.00800000,1784272499999999,880420.53566000,4038,6530.93400000,487164.14809000,0
1784272500000000,74.55000000,74.58000000,74.42000000,74.56000000,15949.03400000,1784273399999999,1188396.13042000,4392,10043.00400000,748376.82207000,0
1784273400000000,74.56000000,74.72000000,74.46000000,74.68000000,9913.08400000,1784274299999999,739486.96902000,4794,4077.31900000,304146.33082000,0
1784274300000000,74.68000000,74.76000000,74.59000000,74.61000000,16216.19000000,1784275199999999,1210806.31383000,4548,5950.90300000,444428.34801000,0
1784275200000000,74.62000000,74.69000000,74.52000000,74.65000000,10624.69200000,1784276099999999,792733.70929000,4480,6183.94700000,461419.58859000,0
1784276100000000,74.65000000,74.66000000,74.35000000,74.51000000,8105.88800000,1784276999999999,603642.81468000,4945,3752.01700000,279410.78933000,0
1784277000000000,74.51000000,74.51000000,74.20000000,74.48000000,17431.66700000,1784277899999999,1295327.54963000,6642,4796.02000000,356383.35111000,0
1784277900000000,74.48000000,74.64000000,74.47000000,74.53000000,21380.99300000,1784278799999999,1593760.37115000,4238,7983.19000000,595069.90887000,0
1784278800000000,74.53000000,74.64000000,74.47000000,74.64000000,6339.82500000,1784279699999999,472516.07641000,3612,3774.58700000,281307.03941000,0
1784279700000000,74.64000000,74.70000000,74.51000000,74.68000000,7606.01500000,1784280599999999,567407.55793000,3107,5244.89400000,391248.50293000,0
1784280600000000,74.68000000,74.82000000,74.63000000,74.77000000,7697.40300000,1784281499999999,575187.68240000,2812,6039.82700000,451344.64207000,0
1784281500000000,74.78000000,74.79000000,74.63000000,74.65000000,6649.45400000,1784282399999999,496823.30665000,2865,4014.05900000,299945.15505000,0
1784282400000000,74.66000000,74.84000000,74.63000000,74.82000000,13181.42100000,1784283299999999,985131.01237000,5322,7885.43600000,589391.24781000,0
1784283300000000,74.82000000,74.85000000,74.69000000,74.76000000,9784.72200000,1784284199999999,731558.00255000,3317,5702.38000000,426428.87795000,0
1784284200000000,74.75000000,74.84000000,74.72000000,74.82000000,7700.07800000,1784285099999999,575946.01731000,2714,4318.42400000,322995.55298000,0
1784285100000000,74.82000000,74.88000000,74.79000000,74.80000000,7909.74000000,1784285999999999,591929.11647000,3415,4369.81600000,327045.79043000,0
1784286000000000,74.80000000,74.84000000,74.68000000,74.69000000,6955.80000000,1784286899999999,519984.13446000,2741,3016.86000000,225516.50234000,0
1784286900000000,74.69000000,74.84000000,74.64000000,74.81000000,4817.94500000,1784287799999999,360100.96719000,2755,2429.81500000,181599.09412000,0
1784287800000000,74.81000000,75.00000000,74.75000000,74.91000000,16635.84900000,1784288699999999,1245898.90529000,4220,10642.92400000,797054.24747000,0
1784288700000000,74.92000000,74.95000000,74.82000000,74.86000000,13041.94000000,1784289599999999,976597.55617000,3214,7407.39800000,554657.01475000,0
1784289600000000,74.86000000,74.88000000,74.67000000,74.71000000,8557.52900000,1784290499999999,639812.33327000,2762,3944.26100000,295040.87020000,0
1784290500000000,74.71000000,74.80000000,74.62000000,74.67000000,14180.79800000,1784291399999999,1059486.94767000,3761,5907.61500000,441451.14911000,0
1784291400000000,74.67000000,74.67000000,74.37000000,74.46000000,13549.97000000,1784292299999999,1009609.98081000,5191,5807.94400000,432714.60982000,0
1784292300000000,74.45000000,74.50000000,74.37000000,74.40000000,12606.51800000,1784293199999999,938546.78568000,3798,7607.30700000,566347.57217000,0
1784293200000000,74.40000000,74.40000000,73.57000000,73.73000000,93480.28200000,1784294099999999,6907981.37477000,23938,29067.16100000,2147206.14308000,0
1784294100000000,73.73000000,73.91000000,73.63000000,73.85000000,34339.61600000,1784294999999999,2533823.98159000,10740,20783.03600000,1533678.72445000,0
1784295000000000,73.85000000,73.98000000,73.39000000,73.52000000,49933.74100000,1784295899999999,3677425.27040000,25506,23243.67600000,1712539.70893000,0
1784295900000000,73.51000000,74.35000000,73.39000000,74.33000000,33280.91500000,1784296799999999,2460123.50817000,16769,22613.87400000,1671885.57494000,0
1784296800000000,74.34000000,74.81000000,74.31000000,74.62000000,39750.90300000,1784297699999999,2962477.67746000,19239,29352.64100000,2187200.46496000,0
1784297700000000,74.62000000,74.72000000,74.41000000,74.47000000,21434.70300000,1784298599999999,1597783.52996000,12332,10302.61500000,767886.20623000,0
1784298600000000,74.47000000,74.60000000,74.09000000,74.43000000,35457.41900000,1784299499999999,2636961.60355000,13985,14568.91400000,1083121.39575000,0
1784299500000000,74.43000000,74.44000000,74.20000000,74.32000000,15556.40200000,1784300399999999,1156562.04603000,10230,7336.59600000,545459.76242000,0
1784300400000000,74.32000000,74.33000000,73.90000000,73.98000000,19401.19900000,1784301299999999,1438372.79555000,13396,10828.50500000,802605.36089000,0
1784301300000000,73.98000000,74.27000000,73.80000000,74.26000000,16276.19600000,1784302199999999,1204893.58535000,10141,10733.76100000,794675.61725000,0
1784302200000000,74.27000000,74.52000000,74.09000000,74.43000000,30660.18700000,1784303099999999,2279764.39096000,9657,17768.03500000,1321792.03868000,0
1784303100000000,74.43000000,74.78000000,74.35000000,74.77000000,12844.90000000,1784303999999999,957671.23868000,7091,6842.67400000,510518.45429000,0
1784304000000000,74.78000000,74.96000000,74.63000000,74.81000000,28584.51700000,1784304899999999,2137762.63386000,10072,14711.71200000,1100318.77219000,0
1784304900000000,74.80000000,74.93000000,74.61000000,74.82000000,15046.29300000,1784305799999999,1125122.27784000,6576,7103.01800000,531283.02650000,0
1784305800000000,74.83000000,75.08000000,74.77000000,75.04000000,13364.79300000,1784306699999999,1001556.47685000,7211,7478.44800000,560462.78288000,0
1784306700000000,75.04000000,75.12000000,74.91000000,74.94000000,11882.10800000,1784307599999999,891421.31825000,7340,5070.80500000,380450.37953000,0
1784307600000000,74.95000000,75.60000000,74.95000000,75.32000000,36222.49500000,1784308499999999,2729952.73476000,12637,20193.03000000,1521564.97583000,0
1784308500000000,75.32000000,75.43000000,75.18000000,75.29000000,8544.98600000,1784309399999999,643435.85659000,6532,4865.38800000,366401.91639000,0
1784309400000000,75.28000000,75.34000000,75.16000000,75.22000000,7267.89700000,1784310299999999,546850.26162000,5081,3897.28600000,293245.95836000,0
1784310300000000,75.21000000,75.37000000,75.18000000,75.24000000,10043.28100000,1784311199999999,755437.92536000,5183,5567.57200000,418780.48796000,0
1784311200000000,75.24000000,75.32000000,75.16000000,75.25000000,10309.74200000,1784312099999999,775572.26617000,5004,5347.57200000,402320.52043000,0
1784312100000000,75.26000000,75.26000000,75.01000000,75.11000000,5979.78400000,1784312999999999,449030.34717000,5217,2479.69800000,186196.94515000,0
1784313000000000,75.11000000,75.19000000,74.98000000,75.10000000,7015.41100000,1784313899999999,526498.54141000,5098,5091.66700000,382126.22844000,0
1784313900000000,75.09000000,75.41000000,75.08000000,75.32000000,10744.66200000,1784314799999999,808690.76746000,6495,4596.05700000,346064.80520000,0
1784314800000000,75.32000000,75.37000000,75.03000000,75.05000000,14152.66000000,1784315699999999,1063906.39498000,5098,7472.88200000,561627.27424000,0
1784315700000000,75.05000000,75.07000000,74.86000000,75.05000000,6708.42700000,1784316599999999,503013.89018000,4629,2982.42800000,223603.04320000,0
1784316600000000,75.05000000,75.19000000,75.02000000,75.18000000,9325.09400000,1784317499999999,700252.40862000,5252,5935.49500000,445747.57121000,0
1784317500000000,75.18000000,75.26000000,75.10000000,75.20000000,8796.92500000,1784318399999999,661447.76118000,4667,4744.66900000,356760.13727000,0
1784318400000000,75.20000000,75.21000000,74.94000000,75.02000000,7011.21000000,1784319299999999,525941.77713000,3781,4339.30400000,325498.85197000,0
1784319300000000,75.02000000,75.10000000,74.98000000,75.06000000,5180.70000000,1784320199999999,388741.76949000,2393,2698.25800000,202444.16292000,0
1784320200000000,75.06000000,75.09000000,74.89000000,75.07000000,7488.70100000,1784321099999999,561581.08512000,3630,4210.24500000,315727.06496000,0
1784321100000000,75.07000000,75.19000000,74.96000000,75.11000000,12944.83100000,1784321999999999,972312.40597000,3586,8480.15100000,637080.12438000,0
1784322000000000,75.11000000,75.24000000,75.10000000,75.14000000,6385.26600000,1784322899999999,479964.20821000,2469,4333.16300000,325708.45745000,0
1784322900000000,75.14000000,75.21000000,75.10000000,75.13000000,6374.88600000,1784323799999999,479094.25464000,2178,5019.98600000,377279.62422000,0
1784323800000000,75.14000000,75.14000000,74.97000000,74.99000000,7980.15500000,1784324699999999,598620.52422000,2549,4853.16300000,364056.38951000,0
1784324700000000,74.99000000,75.08000000,74.96000000,75.01000000,5665.40900000,1784325599999999,425009.57287000,2736,1804.53900000,135379.46425000,0
1784325600000000,75.01000000,75.13000000,74.94000000,74.95000000,6420.60700000,1784326499999999,481687.76376000,3773,2216.05100000,166229.34185000,0
1784326500000000,74.95000000,74.99000000,74.84000000,74.92000000,6283.43100000,1784327399999999,470759.60958000,2975,3089.84600000,231509.51224000,0
1784327400000000,74.91000000,74.96000000,74.88000000,74.95000000,3227.52600000,1784328299999999,241823.71265000,2383,1327.26300000,99455.54310000,0
1784328300000000,74.94000000,75.04000000,74.94000000,75.02000000,3138.35600000,1784329199999999,235354.26689000,1338,2117.23900000,158788.68497000,0
1784329200000000,75.03000000,75.03000000,74.85000000,74.91000000,8460.11200000,1784330099999999,633710.06976000,1962,3685.84700000,276080.67821000,0
1784330100000000,74.91000000,75.05000000,74.91000000,75.05000000,3166.52600000,1784330999999999,237439.16738000,1129,2243.12300000,168218.89603000,0
1784331000000000,75.05000000,75.14000000,75.02000000,75.05000000,3802.98300000,1784331899999999,285543.84380000,1635,2173.33000000,163168.48890000,0
1784331900000000,75.04000000,75.09000000,75.01000000,75.04000000,5207.66700000,1784332799999999,390833.56299000,1730,2526.76400000,189647.88501000,0
1784332800000000,75.04000000,75.23000000,74.99000000,75.20000000,7221.43100000,1784333699999999,542000.61722000,2386,3734.83500000,280372.31368000,0
1784333700000000,75.20000000,75.27000000,75.15000000,75.21000000,5510.94800000,1784334599999999,414496.09928000,1903,3891.34200000,292680.80886000,0
1784334600000000,75.20000000,75.21000000,75.08000000,75.11000000,3972.05400000,1784335499999999,298430.66232000,1614,1352.40500000,101608.74797000,0
1784335500000000,75.10000000,75.17000000,75.06000000,75.09000000,3326.78100000,1784336399999999,249880.95419000,1406,2060.59400000,154801.41277000,0
1784336400000000,75.10000000,75.16000000,75.04000000,75.07000000,11594.21700000,1784337299999999,870600.32632000,2170,5953.25200000,447096.36675000,0
1784337300000000,75.07000000,75.23000000,75.06000000,75.21000000,2958.61800000,1784338199999999,222325.09683000,1438,1911.92000000,143701.02316000,0
1784338200000000,75.21000000,75.21000000,75.09000000,75.16000000,2213.29800000,1784339099999999,166272.68747000,1482,1199.38700000,90100.54813000,0
1784339100000000,75.16000000,75.24000000,75.15000000,75.23000000,4894.26300000,1784339999999999,368119.64437000,1400,4133.84300000,310932.12185000,0
1784340000000000,75.23000000,75.28000000,75.15000000,75.26000000,4267.01100000,1784340899999999,320945.04007000,2116,2665.12100000,200456.97213000,0
1784340900000000,75.26000000,75.37000000,75.25000000,75.33000000,6633.18200000,1784341799999999,499617.00566000,1723,4928.77900000,371221.79395000,0
1784341800000000,75.33000000,75.45000000,75.31000000,75.32000000,8851.22900000,1784342699999999,667296.30408000,3088,6562.30300000,494746.62117000,0
1784342700000000,75.31000000,75.32000000,75.21000000,75.21000000,7462.24400000,1784343599999999,561529.54840000,2413,4715.01700000,354829.93718000,0
1784343600000000,75.21000000,75.31000000,75.20000000,75.24000000,5383.49100000,1784344499999999,405085.53755000,2578,3561.93900000,268012.25029000,0
1784344500000000,75.24000000,75.28000000,75.14000000,75.16000000,3737.58900000,1784345399999999,281036.17901000,1440,1095.33800000,82369.53523000,0
1784345400000000,75.16000000,75.29000000,75.15000000,75.24000000,5277.66000000,1784346299999999,397021.33854000,1713,3964.70900000,298239.97478000,0
1784346300000000,75.23000000,75.38000000,75.23000000,75.38000000,3235.91900000,1784347199999999,243628.82414000,1328,1610.89500000,121299.96295000,0
1784347200000000,75.37000000,75.39000000,75.25000000,75.25000000,5006.16200000,1784348099999999,376974.17461000,1531,2780.53400000,209381.13142000,0
1784348100000000,75.25000000,75.26000000,75.17000000,75.24000000,3546.19000000,1784348999999999,266690.79524000,1373,2187.84400000,164534.71398000,0
1784349000000000,75.24000000,75.24000000,75.05000000,75.09000000,5015.13200000,1784349899999999,376721.83340000,1777,1978.00000000,148586.36832000,0
1784349900000000,75.09000000,75.16000000,75.08000000,75.10000000,5096.92900000,1784350799999999,382791.98134000,1048,4045.37200000,303814.18803000,0
1784350800000000,75.11000000,75.12000000,74.98000000,74.99000000,5601.97900000,1784351699999999,420412.28031000,2296,3144.85300000,236025.04729000,0
1784351700000000,74.98000000,75.09000000,74.96000000,75.03000000,8527.53500000,1784352599999999,639701.56879000,4347,4180.22700000,313535.00083000,0
1784352600000000,75.03000000,75.05000000,74.94000000,74.95000000,4595.75800000,1784353499999999,344679.58736000,2667,2987.29600000,224057.76176000,0
1784353500000000,74.94000000,75.01000000,74.87000000,74.92000000,7806.46400000,1784354399999999,584937.33165000,4211,4342.27200000,325398.34481000,0
1784354400000000,74.93000000,74.99000000,74.92000000,74.98000000,2944.53600000,1784355299999999,220694.59979000,1891,2013.25300000,150898.05853000,0
1784355300000000,74.98000000,75.09000000,74.97000000,75.04000000,4929.11900000,1784356199999999,369916.39225000,1886,3431.20600000,257516.53629000,0
1784356200000000,75.04000000,75.06000000,74.96000000,75.04000000,3310.63500000,1784357099999999,248287.38771000,1289,1408.01200000,105596.73158000,0
1784357100000000,75.03000000,75.08000000,74.97000000,74.98000000,3532.96300000,1784357999999999,265104.31826000,1288,2382.30600000,178786.01050000,0
1784358000000000,74.98000000,75.05000000,74.90000000,74.92000000,5792.81400000,1784358899999999,434299.92965000,2189,2627.46400000,196997.37077000,0
1784358900000000,74.92000000,74.98000000,74.90000000,74.96000000,10255.73200000,1784359799999999,768520.68626000,1320,8359.65800000,626408.17614000,0
1784359800000000,74.95000000,75.05000000,74.91000000,75.04000000,3441.30000000,1784360699999999,258027.29157000,1342,2443.35000000,183230.95755000,0
1784360700000000,75.04000000,75.05000000,74.92000000,74.97000000,6470.37300000,1784361599999999,485046.10615000,1199,1460.12300000,109459.59850000,0
1784361600000000,74.97000000,74.97000000,74.79000000,74.91000000,7629.74800000,1784362499999999,571197.87783000,2625,3907.49500000,292544.68533000,0
1784362500000000,74.91000000,75.00000000,74.90000000,75.00000000,5215.29200000,1784363399999999,390792.45079000,1453,3605.05500000,270142.98685000,0
1784363400000000,75.00000000,75.04000000,74.92000000,74.94000000,4399.64900000,1784364299999999,329945.13842000,1427,2612.05300000,195893.65091000,0
1784364300000000,74.93000000,75.03000000,74.93000000,74.96000000,7999.31500000,1784365199999999,599806.70690000,1985,6121.71000000,459017.17739000,0
1784365200000000,74.96000000,75.01000000,74.84000000,74.88000000,8120.58500000,1784366099999999,608465.35346000,2170,4451.26900000,333513.20497000,0
1784366100000000,74.89000000,74.89000000,74.67000000,74.70000000,9060.90900000,1784366999999999,677362.78179000,2581,2426.06800000,181383.51156000,0
1784367000000000,74.70000000,74.79000000,74.66000000,74.75000000,7186.02500000,1784367899999999,537031.35816000,2028,3691.88600000,275924.12557000,0
1784367900000000,74.75000000,74.85000000,74.75000000,74.85000000,3023.27100000,1784368799999999,226117.36811000,1269,2022.01800000,151232.72719000,0
1784368800000000,74.84000000,74.90000000,74.83000000,74.83000000,3201.11600000,1784369699999999,239654.73242000,1432,1544.15900000,115615.51141000,0
1784369700000000,74.84000000,74.92000000,74.80000000,74.92000000,6508.69100000,1784370599999999,487104.03630000,1694,4229.28800000,316549.14792000,0
1784370600000000,74.91000000,74.95000000,74.85000000,74.86000000,4078.53300000,1784371499999999,305517.21741000,1307,2402.47900000,179961.54707000,0
1784371500000000,74.87000000,74.91000000,74.86000000,74.91000000,4702.64700000,1784372399999999,352147.52277000,1310,3435.96700000,257307.67975000,0
1784372400000000,74.91000000,74.96000000,74.90000000,74.94000000,3322.61900000,1784373299999999,248954.65979000,1089,2235.06900000,167461.96739000,0
1784373300000000,74.95000000,75.02000000,74.94000000,75.01000000,2866.12300000,1784374199999999,214889.37175000,1064,1991.87500000,149351.82105000,0
1784374200000000,75.02000000,75.02000000,74.89000000,74.94000000,6457.83400000,1784375099999999,484026.96753000,1504,2161.15200000,161991.15006000,0
1784375100000000,74.94000000,75.02000000,74.92000000,74.97000000,2521.95700000,1784375999999999,189092.39525000,1081,1396.97700000,104741.16912000,0
1784376000000000,74.96000000,75.19000000,74.96000000,75.02000000,7027.29900000,1784376899999999,527524.02090000,2562,4102.27400000,307963.57632000,0
1784376900000000,75.02000000,75.02000000,74.73000000,74.74000000,6694.05300000,1784377799999999,500916.88678000,3211,2079.54300000,155598.15056000,0
1784377800000000,74.74000000,74.98000000,74.72000000,74.97000000,7806.83200000,1784378699999999,584379.09892000,2758,4513.66300000,337877.90857000,0
1784378700000000,74.96000000,75.09000000,74.96000000,75.01000000,6994.74100000,1784379599999999,524832.63271000,2351,4574.12000000,343217.85716000,0
1784379600000000,75.00000000,75.01000000,74.67000000,74.68000000,11703.27800000,1784380499999999,876056.77371000,3641,4296.90600000,321580.16062000,0
1784380500000000,74.68000000,74.75000000,74.50000000,74.70000000,18725.55700000,1784381399999999,1397469.39555000,7466,12108.38100000,903807.79645000,0
1784381400000000,74.69000000,74.75000000,74.66000000,74.71000000,7393.38800000,1784382299999999,552405.32577000,4079,5117.37800000,382350.52756000,0
1784382300000000,74.72000000,74.74000000,74.66000000,74.73000000,9342.12500000,1784383199999999,697913.58926000,4650,7082.86300000,529132.42174000,0
1784383200000000,74.73000000,74.81000000,74.65000000,74.81000000,8691.69300000,1784384099999999,649439.27902000,4240,5338.85400000,398894.58531000,0
1784384100000000,74.81000000,74.91000000,74.73000000,74.91000000,4499.91700000,1784384999999999,336658.39433000,2495,2720.04000000,203496.81310000,0
1784385000000000,74.90000000,74.96000000,74.81000000,74.96000000,6969.21900000,1784385899999999,521909.87756000,2564,3496.59300000,261833.06297000,0
1784385900000000,74.96000000,75.01000000,74.91000000,74.98000000,4287.18700000,1784386799999999,321364.83508000,2201,2466.85400000,184927.40438000,0
1784386800000000,74.99000000,74.99000000,74.86000000,74.91000000,4373.87600000,1784387699999999,327810.26526000,1781,1335.40400000,100085.39298000,0
1784387700000000,74.91000000,75.00000000,74.85000000,74.88000000,5931.58300000,1784388599999999,444529.90928000,2150,3007.98200000,225445.90355000,0
1784388600000000,74.88000000,74.97000000,74.86000000,74.86000000,4890.82600000,1784389499999999,366341.15995000,2156,1495.31200000,112009.12385000,0
1784389500000000,74.86000000,75.04000000,74.81000000,74.97000000,4798.34500000,1784390399999999,359670.07309000,2908,2578.68600000,193241.38116000,0
1784390400000000,74.96000000,75.05000000,74.84000000,75.04000000,7260.31400000,1784391299999999,544064.34796000,4122,2512.25300000,188241.18196000,0
1784391300000000,75.05000000,75.09000000,74.95000000,75.01000000,7309.40800000,1784392199999999,548346.08606000,4666,2035.67600000,152724.59835000,0
1784392200000000,75.01000000,75.14000000,75.01000000,75.06000000,9790.22200000,1784393099999999,735073.03340000,5128,2807.10300000,210752.67595000,0
1784393100000000,75.06000000,75.29000000,75.06000000,75.17000000,26412.61500000,1784393999999999,1985651.88871000,9197,10515.91100000,790669.19841000,0
1784394000000000,75.17000000,75.20000000,75.06000000,75.15000000,9543.60300000,1784394899999999,717018.92900000,6825,2282.27900000,171445.66809000,0
1784394900000000,75.15000000,75.36000000,75.09000000,75.12000000,16275.73100000,1784395799999999,1223731.03350000,7529,5975.23900000,449207.07495000,0
1784395800000000,75.12000000,75.37000000,75.11000000,75.32000000,14116.41600000,1784396699999999,1062866.73509000,6066,4981.04000000,375046.50585000,0
1784396700000000,75.32000000,75.41000000,75.27000000,75.35000000,11595.66600000,1784397599999999,873617.60477000,5626,5854.61700000,441106.23567000,0
1784397600000000,75.36000000,75.57000000,75.28000000,75.30000000,18940.79200000,1784398499999999,1428164.69443000,5865,8952.43000000,675097.55180000,0
1784398500000000,75.31000000,75.67000000,75.28000000,75.46000000,19060.80500000,1784399399999999,1438172.97188000,7629,10247.54900000,773295.14240000,0
1784399400000000,75.46000000,75.47000000,75.18000000,75.18000000,15289.43700000,1784400299999999,1150670.30702000,4193,4474.59300000,336743.25230000,0
1784400300000000,75.19000000,75.32000000,75.18000000,75.29000000,6991.53400000,1784401199999999,526098.04864000,3505,2636.10500000,198338.32804000,0
1784401200000000,75.28000000,75.34000000,75.23000000,75.27000000,4394.03000000,1784402099999999,330834.54067000,2396,1965.25400000,147969.33847000,0
1784402100000000,75.27000000,75.45000000,75.25000000,75.27000000,4777.51900000,1784402999999999,360027.22132000,2951,1951.45600000,147054.30957000,0
1784403000000000,75.27000000,75.37000000,75.25000000,75.37000000,3639.01100000,1784403899999999,274060.88741000,2099,1588.12700000,119632.48266000,0
1784403900000000,75.37000000,75.45000000,75.35000000,75.44000000,3125.55200000,1784404799999999,235643.93535000,1742,1893.79800000,142772.13295000,0
1784404800000000,75.45000000,75.50000000,75.38000000,75.49000000,4934.58000000,1784405699999999,372235.97388000,2128,2000.72400000,150938.42681000,0
1784405700000000,75.48000000,75.58000000,75.42000000,75.43000000,9526.97000000,1784406599999999,719407.57309000,2620,7147.60600000,539740.95006000,0
1784406600000000,75.43000000,75.43000000,75.34000000,75.36000000,2780.56600000,1784407499999999,209568.94202000,1561,898.01100000,67686.04622000,0
1784407500000000,75.37000000,75.48000000,75.34000000,75.47000000,3849.56500000,1784408399999999,290326.16261000,2081,1538.35200000,116028.13488000,0
1784408400000000,75.47000000,75.58000000,75.43000000,75.58000000,6953.53600000,1784409299999999,524971.69459000,1946,3712.16100000,280263.99733000,0
1784409300000000,75.57000000,75.64000000,75.46000000,75.51000000,9168.79000000,1784410199999999,692777.49465000,2843,6095.00200000,460505.98337000,0
1784410200000000,75.51000000,75.51000000,75.38000000,75.38000000,5004.39800000,1784411099999999,377523.90108000,1899,2024.84500000,152771.64259000,0
1784411100000000,75.39000000,75.52000000,75.35000000,75.49000000,4921.85400000,1784411999999999,371401.05136000,2079,2206.33600000,166500.52362000,0
1784412000000000,75.48000000,75.61000000,75.44000000,75.52000000,4509.02400000,1784412899999999,340589.00860000,2303,2722.40200000,205640.55784000,0
1784412900000000,75.52000000,75.57000000,75.45000000,75.46000000,3418.80400000,1784413799999999,258083.17796000,1489,1711.40500000,129180.09151000,0
1784413800000000,75.45000000,75.50000000,75.39000000,75.49000000,3878.20400000,1784414699999999,292517.87011000,1572,2047.50000000,154434.12353000,0
1784414700000000,75.48000000,75.61000000,75.46000000,75.57000000,18242.30200000,1784415599999999,1378382.74096000,2751,14568.11800000,1100844.32283000,0
1784415600000000,75.57000000,75.58000000,75.40000000,75.43000000,4481.37600000,1784416499999999,338255.67297000,1804,2523.74000000,190451.83541000,0
1784416500000000,75.43000000,75.58000000,75.43000000,75.57000000,5066.26400000,1784417399999999,382645.42460000,1610,3255.99900000,245919.20165000,0
1784417400000000,75.57000000,75.60000000,75.48000000,75.48000000,3425.71000000,1784418299999999,258784.93813000,1227,1439.27100000,108747.27244000,0
1784418300000000,75.48000000,75.53000000,75.45000000,75.52000000,3489.30800000,1784419199999999,263411.15789000,998,2637.03300000,199078.23446000,0
1784419200000000,75.53000000,75.55000000,75.48000000,75.51000000,4972.38200000,1784420099999999,375490.05678000,1613,3461.44300000,261396.69844000,0
1784420100000000,75.51000000,75.59000000,75.45000000,75.48000000,8548.24300000,1784420999999999,645473.77837000,1847,5749.38700000,434159.56607000,0
1784421000000000,75.49000000,75.54000000,75.48000000,75.53000000,2323.56600000,1784421899999999,175462.25852000,1248,1098.13200000,82923.34296000,0
1784421900000000,75.52000000,75.68000000,75.52000000,75.63000000,11518.09700000,1784422799999999,870641.73086000,2053,8870.60800000,670508.97662000,0
1784422800000000,75.64000000,75.66000000,75.57000000,75.64000000,26944.87600000,1784423699999999,2037717.71352000,2273,10988.37000000,830891.73747000,0
1784423700000000,75.63000000,75.68000000,75.57000000,75.58000000,31230.88200000,1784424599999999,2361587.58367000,2493,16067.44000000,1214876.73065000,0
1784424600000000,75.58000000,75.62000000,75.51000000,75.60000000,15157.83900000,1784425499999999,1145240.75381000,2053,7572.56600000,572201.00477000,0
1784425500000000,75.59000000,75.74000000,75.59000000,75.68000000,4990.94500000,1784426399999999,377673.95015000,2210,1695.53900000,128287.57289000,0
1784426400000000,75.68000000,76.30000000,75.67000000,76.11000000,49327.34500000,1784427299999999,3750981.69166000,11170,32629.17500000,2480952.32743000,0
1784427300000000,76.11000000,76.24000000,75.95000000,76.05000000,15124.32800000,1784428199999999,1150717.73355000,5816,4419.90000000,336153.69207000,0
1784428200000000,76.06000000,76.57000000,76.06000000,76.29000000,33254.23800000,1784429099999999,2540905.96919000,9784,17245.55800000,1317592.50994000,0
1784429100000000,76.29000000,76.35000000,76.19000000,76.21000000,16991.52700000,1784429999999999,1295934.56815000,5149,7527.38000000,573967.30785000,0
1784430000000000,76.20000000,76.45000000,76.01000000,76.03000000,15313.83800000,1784430899999999,1167113.75534000,4978,5664.77000000,431965.58792000,0
1784430900000000,76.03000000,76.03000000,75.81000000,75.89000000,11018.91100000,1784431799999999,836185.11381000,3733,4898.18300000,371652.47905000,0
1784431800000000,75.89000000,75.99000000,75.87000000,75.91000000,7997.31100000,1784432699999999,607195.91441000,2329,3619.44400000,274792.88423000,0
1784432700000000,75.91000000,75.96000000,75.86000000,75.96000000,9623.26500000,1784433599999999,730441.50326000,2067,6053.23400000,459498.63271000,0
1784433600000000,75.95000000,75.95000000,75.74000000,75.79000000,11159.02000000,1784434499999999,846144.94189000,3353,5353.37500000,405939.34793000,0
1784434500000000,75.79000000,75.91000000,75.79000000,75.91000000,3067.45400000,1784435399999999,232680.89462000,1663,1253.62200000,95088.61342000,0
1784435400000000,75.91000000,76.08000000,75.88000000,75.99000000,3822.28900000,1784436299999999,290458.87895000,1658,2118.89200000,161015.26180000,0
1784436300000000,75.98000000,76.06000000,75.92000000,76.00000000,11356.17700000,1784437199999999,862823.22617000,1914,5431.20200000,412691.66992000,0
1784437200000000,76.01000000,76.10000000,76.00000000,76.09000000,4040.06800000,1784438099999999,307178.45624000,1489,2944.29200000,223861.66809000,0
1784438100000000,76.09000000,76.10000000,75.98000000,76.00000000,6218.46800000,1784438999999999,472745.24558000,1692,2734.49900000,207883.80349000,0
1784439000000000,76.00000000,76.00000000,75.90000000,75.97000000,6886.15600000,1784439899999999,522813.93099000,1124,4709.79700000,357591.16927000,0
1784439900000000,75.96000000,76.07000000,75.96000000,75.97000000,4656.32700000,1784440799999999,353978.58603000,1343,2506.02100000,190518.80339000,0
1784440800000000,75.98000000,76.05000000,75.95000000,76.01000000,12154.26900000,1784441699999999,923620.17583000,1825,6241.07900000,474250.64541000,0
1784441700000000,76.02000000,76.10000000,75.98000000,76.01000000,17537.53500000,1784442599999999,1333436.47089000,2094,7846.23800000,596563.41531000,0
1784442600000000,76.01000000,76.09000000,75.98000000,76.08000000,19697.27300000,1784443499999999,1497525.75612000,2360,9036.81300000,687087.68539000,0
1784443500000000,76.08000000,76.17000000,76.01000000,76.11000000,30892.32800000,1784444399999999,2351073.16214000,2546,15492.72600000,1178997.96273000,0
1784444400000000,76.12000000,76.13000000,76.01000000,76.05000000,6848.83300000,1784445299999999,521058.67420000,1290,2717.18200000,206663.33860000,0
1784445300000000,76.05000000,76.24000000,76.05000000,76.18000000,19660.67200000,1784446199999999,1497128.49674000,2161,11494.87100000,875324.03838000,0
1784446200000000,76.19000000,76.34000000,76.14000000,76.27000000,22263.75200000,1784447099999999,1696795.06408000,3017,13256.16100000,1010332.86359000,0
1784447100000000,76.28000000,76.28000000,76.09000000,76.14000000,23322.46400000,1784447999999999,1776773.68110000,2696,12548.12600000,956074.26729000,0
1784448000000000,76.14000000,76.30000000,76.08000000,76.26000000,12812.54400000,1784448899999999,976093.42505000,3249,8632.60500000,657717.37402000,0
1784448900000000,76.26000000,76.26000000,76.16000000,76.21000000,12972.83200000,1784449799999999,988855.16736000,1761,7438.96300000,567067.98309000,0
1784449800000000,76.21000000,76.31000000,76.15000000,76.27000000,6894.29300000,1784450699999999,525569.63795000,2052,3810.65600000,290479.87182000,0
1784450700000000,76.27000000,76.38000000,76.20000000,76.28000000,24361.11000000,1784451599999999,1858295.60717000,2654,9781.81600000,746200.52099000,0
1784451600000000,76.28000000,76.31000000,76.13000000,76.14000000,11073.76900000,1784452499999999,844552.32406000,1761,5210.95600000,397463.38504000,0
1784452500000000,76.13000000,76.13000000,75.93000000,76.05000000,7864.61900000,1784453399999999,598015.07806000,2160,3633.43700000,276275.40131000,0
1784453400000000,76.05000000,76.12000000,75.93000000,75.97000000,8111.64500000,1784454299999999,616594.30314000,2302,3075.45900000,233781.12050000,0
1784454300000000,75.97000000,76.05000000,75.95000000,75.99000000,6830.75300000,1784455199999999,519152.48435000,1536,4524.93600000,343925.94225000,0
1784455200000000,75.99000000,76.07000000,75.90000000,76.01000000,6193.72200000,1784456099999999,470623.23590000,2157,3243.68400000,246486.36743000,0
1784456100000000,76.01000000,76.08000000,75.98000000,76.08000000,5515.09600000,1784456999999999,419273.16850000,1805,2986.33500000,227044.56259000,0
1784457000000000,76.08000000,76.22000000,76.05000000,76.20000000,5072.19600000,1784457899999999,386127.01816000,1912,3181.35300000,242178.03024000,0
1784457900000000,76.20000000,76.53000000,76.20000000,76.26000000,18730.57300000,1784458799999999,1430372.41813000,4503,12280.58600000,937715.19205000,0
1784458800000000,76.26000000,76.39000000,76.17000000,76.29000000,10808.40900000,1784459699999999,824297.44196000,2988,5226.44000000,398600.16933000,0
1784459700000000,76.29000000,76.41000000,76.24000000,76.27000000,13533.48300000,1784460599999999,1033040.24528000,2931,8312.06500000,634438.78439000,0
1784460600000000,76.27000000,76.29000000,76.15000000,76.21000000,5628.65400000,1784461499999999,429018.40866000,1787,2755.76200000,210055.19827000,0
1784461500000000,76.21000000,76.22000000,76.04000000,76.06000000,15564.61600000,1784462399999999,1184375.95372000,2826,6839.01600000,520360.98676000,0
1784462400000000,76.07000000,76.07000000,75.77000000,75.78000000,16485.04300000,1784463299999999,1251720.12263000,4455,6008.55300000,456209.83968000,0
1784463300000000,75.77000000,76.18000000,75.76000000,75.98000000,16878.89900000,1784464199999999,1282474.03591000,6274,9872.98200000,749927.38755000,0
1784464200000000,75.99000000,76.16000000,75.98000000,76.06000000,9480.60400000,1784465099999999,721317.56841000,3459,5845.11100000,444709.83950000,0
1784465100000000,76.05000000,76.06000000,75.91000000,76.01000000,17380.35400000,1784465999999999,1320294.37330000,4538,9166.54300000,696352.52232000,0
1784466000000000,76.02000000,76.03000000,75.90000000,75.91000000,11544.48300000,1784466899999999,877006.36793000,3353,5904.83000000,448611.77266000,0
1784466900000000,75.91000000,76.03000000,75.88000000,76.01000000,9977.74000000,1784467799999999,757772.58025000,3344,5281.80300000,401113.20778000,0
1784467800000000,76.02000000,76.12000000,75.98000000,76.00000000,8492.18200000,1784468699999999,645761.12548000,3560,4137.14900000,314564.72030000,0
1784468700000000,76.00000000,76.15000000,75.99000000,76.12000000,4571.07200000,1784469599999999,347778.70592000,2863,2846.09100000,216517.60214000,0
1784469600000000,76.12000000,76.30000000,76.11000000,76.27000000,8567.40400000,1784470499999999,652998.10076000,3228,5816.08600000,443275.94614000,0
1784470500000000,76.27000000,76.29000000,76.05000000,76.26000000,10873.92000000,1784471399999999,828164.36903000,3178,5608.82100000,427092.09269000,0
1784471400000000,76.25000000,76.51000000,76.24000000,76.38000000,13224.06500000,1784472299999999,1010408.35891000,3956,8155.85900000,623274.17412000,0
1784472300000000,76.38000000,76.70000000,76.37000000,76.43000000,24713.58800000,1784473199999999,1892094.62273000,6630,13327.31400000,1020210.06716000,0
1784473200000000,76.43000000,76.48000000,76.23000000,76.33000000,10741.15900000,1784474099999999,820059.67089000,3701,5292.61800000,404042.99535000,0
1784474100000000,76.33000000,76.35000000,76.11000000,76.11000000,9503.16400000,1784474999999999,724372.91938000,3083,3987.82400000,303979.40166000,0
1784475000000000,76.12000000,76.29000000,76.08000000,76.21000000,7447.95100000,1784475899999999,567343.10418000,2843,4111.66100000,313196.34609000,0
1784475900000000,76.21000000,76.30000000,76.17000000,76.21000000,4915.39600000,1784476799999999,374703.99911000,2353,2040.17700000,155517.98249000,0
1784476800000000,76.22000000,76.29000000,76.02000000,76.12000000,9570.99900000,1784477699999999,728793.20537000,3893,4138.58000000,315123.06196000,0
1784477700000000,76.13000000,76.20000000,76.07000000,76.09000000,5284.21700000,1784478599999999,402332.45023000,2504,2629.03300000,200164.77980000,0
1784478600000000,76.10000000,76.10000000,75.95000000,75.98000000,8290.06700000,1784479499999999,630005.23934000,3403,3005.25900000,228351.79953000,0
1784479500000000,75.99000000,76.01000000,75.87000000,75.92000000,8153.73100000,1784480399999999,618994.34292000,2801,3451.76200000,262044.49958000,0
1784480400000000,75.92000000,76.19000000,75.59000000,76.15000000,39856.55800000,1784481299999999,3024428.46976000,9458,20253.03700000,1538036.45274000,0
1784481300000000,76.16000000,76.23000000,76.02000000,76.11000000,11334.22600000,1784482199999999,862793.50150000,4203,5604.06500000,426614.97407000,0
1784482200000000,76.12000000,76.23000000,76.00000000,76.00000000,3766.01700000,1784483099999999,286655.25027000,2630,1905.20600000,145045.08584000,0
1784483100000000,76.00000000,76.07000000,75.95000000,75.97000000,9170.73000000,1784483999999999,696909.67776000,2582,3826.57900000,290794.44787000,0
1784484000000000,75.96000000,75.98000000,75.37000000,75.67000000,38440.80600000,1784484899999999,2905757.70651000,9963,13654.63800000,1032433.47584000,0
1784484900000000,75.68000000,75.70000000,75.56000000,75.58000000,7080.05600000,1784485799999999,535522.57946000,4036,3210.28900000,242815.44370000,0
1784485800000000,75.58000000,75.75000000,75.51000000,75.69000000,6444.59500000,1784486699999999,487513.34871000,2791,3386.19300000,256201.99089000,0
1784486700000000,75.70000000,75.75000000,75.61000000,75.75000000,4544.24500000,1784487599999999,343872.66813000,2964,2541.63100000,192323.82333000,0
1784487600000000,75.76000000,75.87000000,75.63000000,75.84000000,11649.63500000,1784488499999999,882812.72086000,2941,4736.03800000,358895.00552000,0
1784488500000000,75.84000000,75.86000000,75.78000000,75.84000000,4544.41900000,1784489399999999,344592.89483000,1927,2050.06000000,155449.15443000,0
1784489400000000,75.84000000,75.89000000,75.77000000,75.77000000,3845.51100000,1784490299999999,291572.56778000,2935,2141.92000000,162403.89838000,0
1784490300000000,75.78000000,75.89000000,75.74000000,75.88000000,5284.98500000,1784491199999999,400582.82640000,1861,3141.20000000,238131.30825000,0
1784491200000000,75.89000000,76.03000000,75.89000000,75.94000000,9995.44200000,1784492099999999,759209.83334000,2865,4886.40100000,371124.99785000,0
1784492100000000,75.95000000,75.99000000,75.87000000,75.96000000,8948.27800000,1784492999999999,679452.26886000,1540,4082.94400000,310035.78887000,0
1784493000000000,75.95000000,76.09000000,75.94000000,76.04000000,4387.23500000,1784493899999999,333576.34272000,1847,2066.62100000,157125.62889000,0
1784493900000000,76.04000000,76.15000000,76.00000000,76.14000000,3950.01800000,1784494799999999,300494.02090000,2093,1525.17500000,116022.66206000,0
1784494800000000,76.14000000,76.24000000,76.11000000,76.18000000,13578.30500000,1784495699999999,1034259.15132000,2698,6568.54600000,500334.51183000,0
1784495700000000,76.19000000,76.20000000,75.96000000,76.04000000,4336.41000000,1784496599999999,329728.99769000,1932,1637.66700000,124524.43948000,0
1784496600000000,76.04000000,76.04000000,75.74000000,75.80000000,10972.30000000,1784497499999999,832400.61147000,3999,4882.87600000,370323.72857000,0
1784497500000000,75.80000000,75.89000000,75.71000000,75.78000000,5650.45000000,1784498399999999,428240.87614000,2495,2808.72100000,212821.23259000,0
1784498400000000,75.78000000,76.19000000,75.63000000,76.12000000,23753.32300000,1784499299999999,1802914.62711000,13907,13400.83100000,1017135.78061000,0
1784499300000000,76.13000000,76.42000000,76.12000000,76.14000000,18194.38600000,1784500199999999,1387877.24068000,7764,7792.16500000,594269.33287000,0
1784500200000000,76.15000000,76.27000000,76.03000000,76.25000000,10860.31700000,1784501099999999,827190.64105000,4663,4039.76900000,307625.05963000,0
1784501100000000,76.24000000,76.26000000,76.09000000,76.10000000,7584.23300000,1784501999999999,577574.24405000,3523,2931.13600000,223233.87132000,0
1784502000000000,76.10000000,76.18000000,75.88000000,76.14000000,10453.29000000,1784502899999999,794560.87589000,4944,5714.42200000,434389.47306000,0
1784502900000000,76.15000000,76.36000000,76.05000000,76.27000000,14886.19600000,1784503799999999,1134504.49309000,4557,7945.79700000,605518.48544000,0
1784503800000000,76.27000000,76.57000000,76.26000000,76.55000000,17075.55700000,1784504699999999,1304501.10911000,5700,9716.40900000,742315.03715000,0
1784504700000000,76.55000000,76.56000000,76.31000000,76.38000000,10337.89300000,1784505599999999,790004.96952000,4504,4487.24200000,342832.08960000,0
1784505600000000,76.38000000,76.91000000,76.13000000,76.86000000,41217.68500000,1784506499999999,3156509.73379000,12226,24427.78900000,1870779.42673000,0
1784506500000000,76.85000000,77.12000000,76.59000000,76.73000000,41382.85400000,1784507399999999,3182727.37379000,13508,22255.89400000,1711673.00531000,0
1784507400000000,76.73000000,77.06000000,76.62000000,76.94000000,21407.78900000,1784508299999999,1645197.71311000,8343,12119.26000000,931589.21147000,0
1784508300000000,76.95000000,77.01000000,76.32000000,76.57000000,38212.04700000,1784509199999999,2930792.57851000,14380,18367.85500000,1408689.53246000,0
1784509200000000,76.57000000,77.40000000,76.57000000,77.00000000,40072.24900000,1784510099999999,3086391.82927000,15984,22337.85900000,1719940.00178000,0
1784510100000000,77.01000000,77.23000000,76.74000000,76.93000000,17597.12400000,1784510999999999,1354512.34446000,12020,8007.78400000,616301.18801000,0
1784511000000000,76.92000000,76.99000000,76.54000000,76.69000000,15771.43800000,1784511899999999,1211392.69531000,9343,8251.58500000,633754.93574000,0
1784511900000000,76.69000000,76.75000000,76.29000000,76.39000000,21387.65200000,1784512799999999,1634798.50509000,7962,9830.53300000,751443.30783000,0
1784512800000000,76.39000000,76.98000000,76.37000000,76.81000000,21457.05900000,1784513699999999,1647702.74579000,11638,11696.20200000,897653.38005000,0
1784513700000000,76.81000000,76.86000000,76.45000000,76.51000000,10097.94900000,1784514599999999,773701.94286000,9332,5100.82000000,390770.71707000,0
1784514600000000,76.50000000,76.97000000,76.47000000,76.82000000,12408.76800000,1784515499999999,952140.56483000,8406,6492.40200000,498056.91969000,0
1784515500000000,76.83000000,77.20000000,76.82000000,76.98000000,14033.84300000,1784516399999999,1081410.50801000,6852,6860.25300000,528566.98976000,0
1784516400000000,76.98000000,77.09000000,76.84000000,76.97000000,7579.38000000,1784517299999999,583441.99336000,5535,4518.92100000,347917.68922000,0
1784517300000000,76.97000000,77.05000000,76.56000000,76.59000000,9043.60700000,1784518199999999,694584.95955000,6687,4085.21800000,313910.03151000,0
1784518200000000,76.58000000,76.85000000,76.54000000,76.83000000,11512.56800000,1784519099999999,883186.99971000,6333,7670.14900000,588364.08735000,0
1784519100000000,76.84000000,76.88000000,76.63000000,76.76000000,7729.60800000,1784519999999999,593401.35865000,4493,4288.00000000,329172.44486000,0
1784520000000000,76.76000000,76.78000000,76.40000000,76.45000000,11154.69100000,1784520899999999,854042.50552000,4806,3408.96100000,261095.48007000,0
1784520900000000,76.46000000,76.63000000,76.30000000,76.57000000,7910.87800000,1784521799999999,604667.04110000,4518,4093.28600000,312966.32846000,0
1784521800000000,76.58000000,76.95000000,76.57000000,76.79000000,13320.25200000,1784522699999999,1022991.59447000,6997,6716.43000000,515726.67746000,0
1784522700000000,76.80000000,76.86000000,76.46000000,76.46000000,9405.08800000,1784523599999999,721007.38927000,4812,5204.16500000,398972.58484000,0
1784523600000000,76.46000000,76.50000000,75.78000000,76.10000000,27767.99200000,1784524499999999,2113401.80121000,12419,11202.27300000,852990.92038000,0
1784524500000000,76.09000000,76.29000000,75.94000000,76.09000000,10080.24200000,1784525399999999,767102.99634000,8980,4567.23500000,347633.36624000,0
1784525400000000,76.09000000,76.17000000,75.95000000,75.99000000,11382.82500000,1784526299999999,865426.92848000,6066,6322.47200000,480697.12300000,0
1784526300000000,75.99000000,76.00000000,75.80000000,75.92000000,27635.26000000,1784527199999999,2096787.54003000,6568,9890.39800000,750731.11457000,0
1784527200000000,75.93000000,76.04000000,75.86000000,76.01000000,10490.17600000,1784528099999999,796800.97234000,5405,5031.06700000,382105.80531000,0
1784528100000000,76.00000000,76.05000000,75.86000000,76.01000000,9730.94900000,1784528999999999,739388.63144000,5098,4129.00800000,313776.36326000,0
1784529000000000,76.00000000,76.03000000,75.50000000,75.78000000,38390.33000000,1784529899999999,2907917.63940000,13431,13553.01400000,1026751.32632000,0
1784529900000000,75.78000000,75.83000000,75.60000000,75.64000000,19526.67200000,1784530799999999,1478341.85428000,6764,7166.24800000,542566.25486000,0
1784530800000000,75.64000000,75.78000000,75.64000000,75.75000000,11555.35100000,1784531699999999,874889.60041000,4868,4637.97300000,351191.67561000,0
1784531700000000,75.74000000,75.99000000,75.54000000,75.98000000,18447.57100000,1784532599999999,1397564.16590000,5751,8014.05500000,607206.64071000,0
1784532600000000,75.98000000,76.09000000,75.88000000,76.09000000,13199.83100000,1784533499999999,1002702.66646000,5004,5101.06300000,387537.38250000,0
1784533500000000,76.08000000,76.25000000,76.03000000,76.22000000,14088.83400000,1784534399999999,1072555.34728000,3992,5533.76000000,421271.76063000,0
1784534400000000,76.22000000,76.35000000,76.10000000,76.28000000,11646.30700000,1784535299999999,887757.79723000,4568,4000.44700000,304943.96243000,0
1784535300000000,76.29000000,76.44000000,76.22000000,76.29000000,11479.25000000,1784536199999999,876198.95589000,5164,4004.91600000,305616.50182000,0
1784536200000000,76.29000000,76.36000000,75.91000000,75.91000000,37103.64300000,1784537099999999,2823807.84327000,8861,15664.85400000,1192183.67913000,0
1784537100000000,75.91000000,76.24000000,75.90000000,76.15000000,13204.15900000,1784537999999999,1004733.80952000,4093,6067.23300000,461487.50271000,0
1784538000000000,76.16000000,76.24000000,76.08000000,76.22000000,7224.83900000,1784538899999999,550272.73601000,3075,3193.18200000,243133.37921000,0
1784538900000000,76.22000000,76.58000000,76.21000000,76.57000000,12225.00100000,1784539799999999,933860.47574000,3874,6735.48300000,514574.68732000,0
1784539800000000,76.58000000,76.75000000,76.54000000,76.61000000,19439.68100000,1784540699999999,1489799.75392000,5762,11251.09000000,862190.69549000,0
1784540700000000,76.61000000,76.71000000,76.46000000,76.47000000,25795.78900000,1784541599999999,1976476.67528000,4796,13492.86100000,1034095.05656000,0
1784541600000000,76.47000000,76.49000000,76.37000000,76.47000000,9412.88700000,1784542499999999,719363.32730000,3139,3777.77200000,288724.23479000,0
1784542500000000,76.48000000,76.69000000,76.42000000,76.56000000,10015.17800000,1784543399999999,766638.45616000,3495,5156.57800000,394848.83757000,0
1784543400000000,76.56000000,76.57000000,76.42000000,76.51000000,7060.17800000,1784544299999999,539967.58356000,2991,4459.38700000,341043.59181000,0
1784544300000000,76.52000000,76.52000000,76.34000000,76.34000000,6001.22500000,1784545199999999,458650.15122000,2373,2933.65200000,224185.01471000,0
1784545200000000,76.35000000,76.62000000,76.31000000,76.56000000,13758.80000000,1784546099999999,1051671.44936000,5115,7066.48600000,540170.51617000,0
1784546100000000,76.55000000,76.60000000,76.37000000,76.41000000,6662.97300000,1784546999999999,509580.48925000,3573,2327.16900000,177944.25620000,0
1784547000000000,76.40000000,77.18000000,76.39000000,76.98000000,56708.41900000,1784547899999999,4358365.24698000,17857,34151.17500000,2623909.78307000,0
1784547900000000,76.99000000,77.24000000,76.98000000,77.14000000,34966.73200000,1784548799999999,2696689.62663000,7678,14754.35200000,1137714.50952000,0
1784548800000000,77.14000000,77.15000000,76.73000000,76.88000000,30578.77200000,1784549699999999,2351605.91843000,9858,14694.18700000,1129843.49134000,0
1784549700000000,76.87000000,76.95000000,76.76000000,76.85000000,11657.30300000,1784550599999999,896006.99536000,4501,5550.17100000,426594.07798000,0
1784550600000000,76.85000000,76.94000000,76.67000000,76.67000000,12589.97100000,1784551499999999,967086.78425000,4954,6999.81900000,537679.05262000,0
1784551500000000,76.68000000,76.92000000,76.67000000,76.75000000,12314.63900000,1784552399999999,945664.25587000,4057,6797.62400000,521961.10315000,0
1784552400000000,76.75000000,76.82000000,76.71000000,76.71000000,9486.66400000,1784553299999999,728354.39514000,3865,4728.24400000,363025.27481000,0
1784553300000000,76.71000000,76.83000000,76.59000000,76.76000000,10753.74900000,1784554199999999,824718.73757000,4565,5164.60900000,396039.43598000,0
1784554200000000,76.75000000,77.14000000,76.68000000,76.93000000,22542.80200000,1784555099999999,1733784.00303000,11982,12236.24900000,941243.36470000,0
1784555100000000,76.93000000,76.95000000,76.14000000,76.29000000,48511.57000000,1784555999999999,3711572.52128000,18823,17970.83600000,1374852.01967000,0
1784556000000000,76.29000000,76.45000000,76.02000000,76.11000000,38556.27700000,1784556899999999,2940800.49734000,16598,19804.45700000,1510760.13161000,0
1784556900000000,76.12000000,76.37000000,75.79000000,76.37000000,30753.38100000,1784557799999999,2338798.10681000,14391,15157.91500000,1152931.30968000,0
1784557800000000,76.37000000,76.39000000,76.17000000,76.25000000,21506.57500000,1784558699999999,1640239.97126000,8019,12402.52600000,945771.34988000,0
1784558700000000,76.24000000,76.47000000,76.02000000,76.15000000,20491.06500000,1784559599999999,1560611.81385000,10546,11617.53700000,884886.80294000,0
1784559600000000,76.16000000,77.09000000,76.11000000,77.05000000,37487.53400000,1784560499999999,2876681.79806000,15294,24159.04200000,1853753.88553000,0
1784560500000000,77.06000000,77.14000000,76.92000000,77.02000000,29024.77400000,1784561399999999,2235205.77526000,10127,11166.49800000,859987.99287000,0
1784561400000000,77.03000000,77.36000000,76.86000000,77.28000000,29552.95300000,1784562299999999,2278305.63648000,9873,18764.76500000,1446643.41578000,0
1784562300000000,77.28000000,77.92000000,77.28000000,77.76000000,99059.50100000,1784563199999999,7689179.70902000,20869,63827.92500000,4954070.43467000,0
1784563200000000,77.77000000,77.85000000,77.56000000,77.80000000,29445.60700000,1784564099999999,2287710.79266000,8959,13775.00600000,1070108.08642000,0
1784564100000000,77.80000000,77.88000000,77.50000000,77.59000000,16776.20600000,1784564999999999,1302836.59693000,6911,6461.60200000,501857.33239000,0
1784565000000000,77.59000000,77.76000000,77.45000000,77.58000000,30600.45400000,1784565899999999,2374456.50442000,8653,11362.30600000,881698.64424000,0
1784565900000000,77.59000000,77.81000000,77.58000000,77.66000000,18000.35700000,1784566799999999,1399156.98040000,7099,7420.63200000,576859.89618000,0
1784566800000000,77.66000000,77.74000000,77.60000000,77.63000000,20293.55700000,1784567699999999,1575975.56855000,5421,10463.97400000,812534.95953000,0
1784567700000000,77.62000000,77.68000000,77.54000000,77.60000000,7992.26800000,1784568599999999,620133.94988000,3932,3890.03800000,301840.14595000,0
1784568600000000,77.59000000,77.60000000,77.36000000,77.41000000,14831.96600000,1784569499999999,1149147.94808000,4734,4636.58400000,359235.04783000,0
1784569500000000,77.42000000,77.91000000,77.41000000,77.74000000,22870.96600000,1784570399999999,1777272.86791000,6755,13720.03400000,1066069.64604000,0
1784570400000000,77.75000000,78.38000000,77.75000000,78.21000000,53478.95700000,1784571299999999,4174813.13835000,12947,36557.69400000,2853687.48025000,0
1784571300000000,78.21000000,78.37000000,77.96000000,78.07000000,50203.05800000,1784572199999999,3921645.96930000,8649,24071.99900000,1879919.94296000,0
1784572200000000,78.06000000,78.06000000,77.74000000,77.75000000,15785.11700000,1784573099999999,1230161.63711000,5592,6772.51100000,527987.70303000,0
1784573100000000,77.75000000,77.82000000,77.60000000,77.67000000,22057.33600000,1784573999999999,1714626.42020000,7030,9635.43200000,749004.05730000,0
1784574000000000,77.66000000,77.73000000,77.38000000,77.39000000,21496.68300000,1784574899999999,1668117.25861000,6260,11327.21400000,879121.79730000,0
1784574900000000,77.39000000,77.63000000,77.29000000,77.55000000,27741.29500000,1784575799999999,2149884.40692000,6251,17483.82000000,1354925.36242000,0
1784575800000000,77.55000000,77.58000000,77.35000000,77.55000000,13954.63500000,1784576699999999,1080886.83742000,5454,6007.76500000,465363.28608000,0
1784576700000000,77.55000000,77.69000000,77.48000000,77.63000000,23993.94000000,1784577599999999,1861402.46060000,6489,10725.47900000,832114.17489000,0
1784577600000000,77.64000000,77.72000000,77.54000000,77.71000000,9917.90000000,1784578499999999,770145.76005000,4242,4043.49300000,313983.42147000,0
1784578500000000,77.72000000,77.87000000,77.65000000,77.84000000,7598.24100000,1784579399999999,590823.39247000,3668,4818.93900000,374748.70754000,0
1784579400000000,77.83000000,78.05000000,77.80000000,77.88000000,20919.36700000,1784580299999999,1631296.43342000,4233,17123.00900000,1335382.93953000,0
1784580300000000,77.88000000,77.96000000,77.82000000,77.88000000,7699.35000000,1784581199999999,599714.49691000,3174,2687.39200000,209319.29829000,0
1784581200000000,77.88000000,78.00000000,77.83000000,77.92000000,10962.48500000,1784582099999999,854151.65734000,3474,4393.10900000,342241.77084000,0
1784582100000000,77.93000000,78.03000000,77.90000000,77.95000000,7442.88400000,1784582999999999,580253.65586000,2112,2916.78800000,227404.40170000,0
1784583000000000,77.94000000,78.02000000,77.86000000,77.91000000,18423.79200000,1784583899999999,1436308.72370000,3767,5877.87600000,458263.41001000,0
1784583900000000,77.91000000,77.95000000,77.74000000,77.74000000,7833.33500000,1784584799999999,609514.44888000,2944,3259.05100000,253608.63280000,0
1784584800000000,77.74000000,77.84000000,77.62000000,77.75000000,6873.27100000,1784585699999999,534067.67908000,4955,2904.75200000,225719.49709000,0
1784585700000000,77.75000000,77.75000000,77.60000000,77.67000000,8648.26600000,1784586599999999,671712.83641000,2557,3687.06000000,286379.28784000,0
1784586600000000,77.67000000,77.71000000,77.45000000,77.48000000,10788.15300000,1784587499999999,836759.77597000,3250,3732.12100000,289418.06169000,0
1784587500000000,77.48000000,77.53000000,77.44000000,77.44000000,5093.04200000,1784588399999999,394578.69494000,1857,2331.87500000,180649.23543000,0
1784588400000000,77.44000000,77.64000000,77.43000000,77.54000000,4771.36600000,1784589299999999,369984.27449000,2531,2617.92700000,202973.14754000,0
1784589300000000,77.54000000,77.75000000,77.54000000,77.72000000,5692.35700000,1784590199999999,442201.72557000,2496,3415.88800000,265342.30104000,0
1784590200000000,77.73000000,77.82000000,77.66000000,77.75000000,6048.76500000,1784591099999999,470315.51404000,2014,2801.02900000,217795.96386000,0
1784591100000000,77.76000000,77.89000000,77.69000000,77.85000000,6394.72200000,1784591999999999,497575.71013000,2840,2916.56100000,226993.73959000,0
1784592000000000,77.85000000,77.96000000,77.75000000,77.83000000,11629.23600000,1784592899999999,905120.52155000,5298,4427.36300000,344604.42474000,0
1784592900000000,77.84000000,78.08000000,77.78000000,77.99000000,9659.23400000,1784593799999999,753205.98816000,5267,5718.18900000,446004.06944000,0
1784593800000000,77.98000000,78.25000000,77.98000000,78.22000000,12211.25900000,1784594699999999,954192.91936000,5360,7286.07400000,569319.52916000,0
1784594700000000,78.21000000,78.29000000,78.12000000,78.12000000,8209.14800000,1784595599999999,641868.48961000,3455,4474.55600000,349854.72586000,0
1784595600000000,78.11000000,78.22000000,78.01000000,78.14000000,6294.71800000,1784596499999999,491817.28461000,4343,3081.31000000,240762.54160000,0
1784596500000000,78.14000000,78.14000000,77.92000000,77.98000000,11781.50100000,1784597399999999,919018.68760000,3629,5920.80200000,461787.98252000,0
1784597400000000,77.98000000,78.09000000,77.88000000,77.95000000,11005.09700000,1784598299999999,858014.29972000,3431,6120.83300000,477288.15996000,0
1784598300000000,77.96000000,78.03000000,77.83000000,77.84000000,7760.96700000,1784599199999999,604876.03296000,2230,2201.68600000,171582.72167000,0
1784599200000000,77.84000000,78.05000000,77.80000000,77.84000000,5017.05300000,1784600099999999,390768.85011000,3141,2237.95800000,174348.12560000,0
1784600100000000,77.85000000,77.87000000,77.66000000,77.77000000,6468.02800000,1784600999999999,502944.45496000,3100,3779.68000000,293906.17414000,0
1784601000000000,77.77000000,78.01000000,77.75000000,78.01000000,5349.64900000,1784601899999999,416847.02022000,2721,2903.96900000,226330.52734000,0
1784601900000000,78.00000000,78.25000000,77.92000000,78.02000000,7578.98600000,1784602799999999,591598.25208000,3719,4662.18900000,363949.94264000,0
1784602800000000,78.03000000,78.55000000,78.02000000,78.30000000,27454.79300000,1784603699999999,2151118.66581000,7719,14557.59000000,1140600.25449000,0
1784603700000000,78.29000000,78.35000000,78.16000000,78.28000000,11124.15100000,1784604599999999,870367.34869000,4407,5152.27100000,403102.91055000,0
1784604600000000,78.28000000,78.37000000,78.19000000,78.25000000,10914.75300000,1784605499999999,854528.69626000,3462,6733.55900000,527205.11126000,0
1784605500000000,78.26000000,78.29000000,78.15000000,78.19000000,7323.34100000,1784606399999999,572776.01560000,2796,3207.24100000,250826.41271000,0
1784606400000000,78.20000000,78.39000000,78.11000000,78.11000000,13384.52300000,1784607299999999,1047366.14070000,4249,5897.68700000,461563.42709000,0
1784607300000000,78.11000000,78.28000000,78.02000000,78.04000000,18989.84800000,1784608199999999,1483325.38841000,3932,13444.50900000,1050101.30898000,0
1784608200000000,78.04000000,78.26000000,78.02000000,78.14000000,22702.15500000,1784609099999999,1773653.41737000,4542,9178.71700000,717123.77343000,0
1784609100000000,78.13000000,78.17000000,78.06000000,78.13000000,4876.00200000,1784609999999999,380918.54544000,2697,2303.29400000,179920.07880000,0
1784610000000000,78.12000000,78.28000000,78.11000000,78.25000000,6888.84200000,1784610899999999,538759.02149000,3275,4161.87200000,325469.98426000,0
1784610900000000,78.25000000,78.40000000,78.13000000,78.38000000,15959.07800000,1784611799999999,1248963.98283000,3971,9264.76100000,724990.67167000,0
1784611800000000,78.39000000,78.46000000,78.33000000,78.42000000,10968.07000000,1784612699999999,860020.21663000,3668,6340.08300000,497146.60774000,0
1784612700000000,78.42000000,78.67000000,78.38000000,78.45000000,19428.60200000,1784613599999999,1525302.93981000,6581,10386.33700000,815477.46763000,0
1784613600000000,78.46000000,78.62000000,78.30000000,78.41000000,11978.49000000,1784614499999999,939861.63928000,4637,5088.57200000,399301.33879000,0
1784614500000000,78.40000000,78.50000000,78.31000000,78.44000000,11178.53200000,1784615399999999,876501.80889000,3076,7054.43700000,553177.66856000,0
1784615400000000,78.45000000,78.88000000,78.42000000,78.71000000,40960.36900000,1784616299999999,3224249.70530000,9298,27138.16900000,2135950.79296000,0
1784616300000000,78.72000000,78.73000000,78.56000000,78.67000000,12797.31200000,1784617199999999,1006446.08128000,4344,5636.53600000,443287.53172000,0
1784617200000000,78.67000000,78.75000000,78.59000000,78.67000000,13922.03900000,1784618099999999,1095035.54073000,3307,6789.13900000,534063.55298000,0
1784618100000000,78.67000000,78.72000000,78.48000000,78.57000000,11953.12100000,1784618999999999,939392.39249000,3850,4859.22200000,381919.90317000,0
1784619000000000,78.57000000,78.68000000,78.49000000,78.52000000,23080.23400000,1784619899999999,1813964.56365000,4857,13816.23900000,1085993.82453000,0
1784619900000000,78.51000000,78.67000000,78.50000000,78.56000000,14775.03400000,1784620799999999,1161420.10576000,4371,8900.05000000,699625.86601000,0
1784620800000000,78.57000000,78.62000000,78.39000000,78.60000000,18546.54100000,1784621699999999,1455974.97500000,4780,9673.61300000,759447.15829000,0
1784621700000000,78.60000000,78.75000000,78.38000000,78.42000000,32754.40700000,1784622599999999,2572983.90163000,6969,14990.74500000,1177755.18108000,0
1784622600000000,78.42000000,78.51000000,78.37000000,78.45000000,14850.65800000,1784623499999999,1164831.69655000,4255,7343.27200000,576016.38500000,0
1784623500000000,78.45000000,78.49000000,78.34000000,78.36000000,14747.04800000,1784624399999999,1156526.82918000,3539,6674.68600000,523461.97914000,0
1784624400000000,78.37000000,78.37000000,78.15000000,78.27000000,21111.61200000,1784625299999999,1651638.74765000,5102,9410.02100000,736118.50276000,0
1784625300000000,78.27000000,78.31000000,78.21000000,78.28000000,14492.06100000,1784626199999999,1134210.98134000,3343,9407.85300000,736326.59254000,0
1784626200000000,78.28000000,78.45000000,78.27000000,78.43000000,8902.87000000,1784627099999999,697891.59743000,3043,5603.80600000,439282.49067000,0
1784627100000000,78.44000000,78.51000000,78.38000000,78.43000000,9778.96600000,1784627999999999,767235.07111000,2585,5460.55100000,428457.24865000,0
1784628000000000,78.43000000,78.49000000,78.38000000,78.41000000,12579.17700000,1784628899999999,986610.61274000,3608,7307.92900000,573143.25004000,0
1784628900000000,78.41000000,78.46000000,78.32000000,78.40000000,10696.65500000,1784629799999999,838366.69229000,2744,5294.28000000,414925.13677000,0
1784629800000000,78.40000000,78.43000000,78.27000000,78.27000000,14636.19000000,1784630699999999,1147047.93991000,2909,8624.05800000,675892.80330000,0
1784630700000000,78.27000000,78.34000000,78.07000000,78.22000000,15453.34900000,1784631599999999,1208421.63868000,4549,7174.42200000,561060.40329000,0
1784631600000000,78.22000000,78.23000000,78.10000000,78.15000000,19406.27300000,1784632499999999,1516809.81386000,3720,6794.54700000,531076.92391000,0
1784632500000000,78.15000000,78.24000000,78.12000000,78.24000000,15677.26400000,1784633399999999,1225755.34866000,3319,8163.49100000,638294.35254000,0
1784633400000000,78.24000000,78.37000000,78.23000000,78.34000000,7982.87300000,1784634299999999,625178.11378000,1973,3820.94600000,299255.46310000,0
1784634300000000,78.35000000,78.43000000,78.34000000,78.36000000,6469.01100000,1784635199999999,507092.82399000,1817,3605.01200000,282612.27924000,0
1784635200000000,78.36000000,78.51000000,78.29000000,78.39000000,9571.32300000,1784636099999999,750215.91932000,3279,4335.86300000,339908.11877000,0
1784636100000000,78.39000000,78.55000000,78.28000000,78.30000000,19469.44700000,1784636999999999,1526510.08856000,5180,9515.43300000,746082.30177000,0
1784637000000000,78.30000000,78.53000000,78.27000000,78.42000000,9732.02100000,1784637899999999,762944.16463000,4392,4146.30900000,325108.96523000,0
1784637900000000,78.43000000,78.53000000,78.40000000,78.52000000,9562.97800000,1784638799999999,750438.09624000,2551,7255.37800000,569368.98340000,0
1784638800000000,78.53000000,78.63000000,78.42000000,78.54000000,13166.58100000,1784639699999999,1034148.12443000,3803,5682.05100000,446323.77939000,0
1784639700000000,78.53000000,78.56000000,78.33000000,78.42000000,16664.69300000,1784640599999999,1306860.68023000,4248,7282.08500000,571022.83235000,0
1784640600000000,78.42000000,78.49000000,78.21000000,78.27000000,20857.96100000,1784641499999999,1634680.56246000,9254,9770.18800000,765837.53079000,0
1784641500000000,78.27000000,78.64000000,78.25000000,78.58000000,15773.99400000,1784642399999999,1237802.40062000,7738,6087.89100000,477586.40240000,0
1784642400000000,78.58000000,78.64000000,78.37000000,78.47000000,45686.18500000,1784643299999999,3587110.89336000,9417,23396.65700000,1837082.52420000,0
1784643300000000,78.47000000,78.50000000,78.02000000,78.11000000,31801.98700000,1784644199999999,2487134.45095000,8952,13992.08200000,1093976.96116000,0
1784644200000000,78.11000000,78.27000000,77.90000000,78.13000000,26305.81700000,1784645099999999,2053398.32286000,7220,11785.96400000,920095.10801000,0
1784645100000000,78.13000000,78.25000000,77.96000000,78.00000000,26307.21900000,1784645999999999,2054624.40558000,6800,15904.87700000,1242274.37029000,0
1784646000000000,78.01000000,78.05000000,77.79000000,77.89000000,33153.35900000,1784646899999999,2582649.90291000,9098,15735.80300000,1226064.69227000,0
1784646900000000,77.90000000,78.11000000,77.89000000,77.96000000,25993.44000000,1784647799999999,2027293.21832000,6133,16939.56000000,1321081.95505000,0
1784647800000000,77.95000000,78.14000000,77.86000000,77.95000000,13404.74200000,1784648699999999,1044972.09256000,5234,5456.00800000,425326.37370000,0
1784648700000000,77.95000000,78.16000000,77.91000000,78.14000000,7877.06000000,1784649599999999,614899.66212000,3328,3866.56500000,301774.11789000,0
1784649600000000,78.15000000,78.25000000,78.01000000,78.10000000,12428.74900000,1784650499999999,971159.84001000,4393,5186.07200000,405247.61501000,0
1784650500000000,78.10000000,78.11000000,77.98000000,78.01000000,6776.87400000,1784651399999999,528862.02092000,3337,3268.09400000,255072.36985000,0
1784651400000000,78.00000000,78.18000000,77.97000000,78.09000000,8970.14700000,1784652299999999,700530.40261000,3428,4027.04200000,314573.52786000,0
1784652300000000,78.09000000,78.23000000,78.02000000,78.19000000,10459.01600000,1784653199999999,817166.53254000,3302,4577.25600000,357608.47351000,0
1784653200000000,78.20000000,78.24000000,77.98000000,78.00000000,7274.22900000,1784654099999999,568088.66505000,3624,2464.70600000,192498.29204000,0
1784654100000000,78.00000000,78.03000000,77.83000000,77.88000000,7197.18000000,1784654999999999,560938.69967000,3279,3190.93000000,248712.92862000,0
1784655000000000,77.88000000,77.95000000,77.85000000,77.92000000,10025.68100000,1784655899999999,781034.34140000,3688,5318.02600000,414302.52111000,0
1784655900000000,77.92000000,77.94000000,77.42000000,77.72000000,46024.59000000,1784656799999999,3574355.25212000,12920,19328.03900000,1500789.00265000,0
1784656800000000,77.72000000,77.90000000,77.60000000,77.85000000,9407.01000000,1784657699999999,731427.41366000,4725,3509.45800000,272877.66296000,0
1784657700000000,77.85000000,77.99000000,77.81000000,77.89000000,7836.57900000,1784658599999999,610280.61591000,3076,3346.72800000,260658.43645000,0
1784658600000000,77.88000000,78.00000000,77.72000000,77.96000000,7863.20900000,1784659499999999,612271.79598000,3117,3460.73500000,269601.65632000,0
1784659500000000,77.96000000,77.99000000,77.82000000,77.85000000,5445.19200000,1784660399999999,424255.37410000,2629,3195.33700000,248989.10180000,0
1784660400000000,77.86000000,77.91000000,77.74000000,77.74000000,5870.50100000,1784661299999999,456901.84195000,3023,2543.52000000,197982.09245000,0
1784661300000000,77.74000000,77.97000000,77.71000000,77.88000000,8703.94400000,1784662199999999,677485.88708000,3481,5235.49600000,407469.12513000,0
1784662200000000,77.89000000,78.00000000,77.88000000,77.89000000,7000.15000000,1784663099999999,545557.52387000,3382,2784.32200000,216997.22218000,0
1784663100000000,77.89000000,77.92000000,77.72000000,77.87000000,24876.33100000,1784663999999999,1936373.43719000,5322,13228.75000000,1029638.57263000,0
1784664000000000,77.86000000,77.99000000,77.80000000,77.91000000,6720.24600000,1784664899999999,523555.13311000,2646,2835.26600000,220916.51852000,0
1784664900000000,77.91000000,77.92000000,77.83000000,77.90000000,4515.34400000,1784665799999999,351669.83415000,1487,739.13400000,57564.27827000,0
1784665800000000,77.90000000,78.11000000,77.89000000,77.99000000,9965.91800000,1784666699999999,777498.67034000,2843,3977.34200000,310323.38400000,0
1784666700000000,78.00000000,78.04000000,77.87000000,77.91000000,10541.24300000,1784667599999999,821488.79544000,2091,3758.83400000,292866.37719000,0
1784667600000000,77.90000000,78.07000000,77.80000000,78.01000000,15408.48900000,1784668499999999,1201599.65480000,3899,9707.11000000,757213.96982000,0
1784668500000000,78.01000000,78.08000000,77.98000000,78.00000000,7514.87800000,1784669399999999,586222.32611000,1770,3264.79700000,254717.95986000,0
1784669400000000,78.00000000,78.14000000,77.97000000,78.10000000,8213.68500000,1784670299999999,641305.01728000,3020,4222.61900000,329637.78619000,0
1784670300000000,78.11000000,78.12000000,78.00000000,78.05000000,7797.79700000,1784671199999999,608638.78973000,3497,2447.65500000,191040.89975000,0
1784671200000000,78.04000000,78.06000000,77.92000000,77.99000000,8855.94800000,1784672099999999,690846.89823000,3672,4219.77800000,329190.81320000,0
1784672100000000,77.98000000,78.03000000,77.90000000,77.99000000,5127.48900000,1784672999999999,399782.99408000,2275,2415.62700000,188351.81149000,0
1784673000000000,77.98000000,78.06000000,77.93000000,77.97000000,5015.59900000,1784673899999999,391232.59212000,2065,2249.72700000,175473.50566000,0
1784673900000000,77.97000000,78.00000000,77.85000000,78.00000000,4979.16400000,1784674799999999,387999.00135000,1984,2507.49400000,195385.34021000,0
1784674800000000,77.99000000,77.99000000,77.81000000,77.81000000,4345.96400000,1784675699999999,338492.80595000,1937,1869.10500000,145563.88713000,0
1784675700000000,77.82000000,77.96000000,77.81000000,77.95000000,5260.97200000,1784676599999999,409755.47745000,1435,3085.19200000,240291.60708000,0
1784676600000000,77.95000000,78.09000000,77.93000000,78.04000000,7932.62000000,1784677499999999,618927.93333000,2161,3126.33600000,243901.20281000,0
1784677500000000,78.05000000,78.20000000,78.05000000,78.12000000,8168.65500000,1784678399999999,638243.89265000,2699,3284.03700000,256581.96294000,0
1784678400000000,78.13000000,78.50000000,78.11000000,78.50000000,10935.51500000,1784679299999999,856085.13282000,4264,7065.75300000,553281.92918000,0
1784679300000000,78.49000000,78.58000000,78.36000000,78.42000000,15002.66100000,1784680199999999,1177089.52282000,4695,7510.48400000,589363.63885000,0
1784680200000000,78.42000000,78.58000000,78.33000000,78.53000000,11314.18700000,1784681099999999,888079.71340000,4419,5049.55400000,396307.81563000,0
1784681100000000,78.53000000,78.59000000,78.43000000,78.46000000,14164.29500000,1784681999999999,1111856.54234000,4376,4387.65500000,344386.09498000,0
1784682000000000,78.45000000,78.52000000,78.35000000,78.35000000,10231.18400000,1784682899999999,802727.55289000,3754,5740.93900000,450479.93795000,0
1784682900000000,78.36000000,78.39000000,78.15000000,78.27000000,14031.28000000,1784683799999999,1098590.43147000,4534,6648.24300000,520545.81793000,0
1784683800000000,78.26000000,78.39000000,78.21000000,78.31000000,7217.43200000,1784684699999999,565238.93155000,3175,4620.48600000,361862.71041000,0
1784684700000000,78.32000000,78.52000000,78.29000000,78.34000000,8967.57500000,1784685599999999,703276.71634000,3114,5633.93600000,441875.16594000,0
1784685600000000,78.35000000,78.42000000,78.20000000,78.38000000,12321.73400000,1784686499999999,964494.58059000,4338,8133.08500000,636586.80917000,0
1784686500000000,78.38000000,78.51000000,78.34000000,78.42000000,8490.24500000,1784687399999999,665880.93553000,3514,4671.03000000,366365.43700000,0
1784687400000000,78.42000000,78.42000000,78.19000000,78.26000000,6122.53300000,1784688299999999,479223.39530000,3223,2710.83800000,212172.51780000,0
1784688300000000,78.26000000,78.30000000,78.09000000,78.13000000,6587.11600000,1784689199999999,514918.74248000,2940,2564.66000000,200521.82626000,0
1784689200000000,78.12000000,78.24000000,77.95000000,77.95000000,6390.78400000,1784690099999999,498967.11951000,4002,2509.07900000,195978.48327000,0
1784690100000000,77.96000000,78.18000000,77.96000000,78.14000000,9392.36000000,1784690999999999,733314.04379000,2659,4201.83700000,328097.51338000,0
1784691000000000,78.15000000,78.18000000,77.96000000,78.05000000,6689.57200000,1784691899999999,522254.31037000,2875,3155.30200000,246278.31781000,0
1784691900000000,78.04000000,78.17000000,77.81000000,77.87000000,7396.07500000,1784692799999999,576691.56612000,3371,2738.37100000,213541.84124000,0
1784692800000000,77.87000000,78.14000000,77.83000000,78.08000000,12758.68300000,1784693699999999,995745.78621000,3578,5758.41600000,449281.29414000,0
1784693700000000,78.09000000,78.22000000,78.08000000,78.17000000,10733.40900000,1784694599999999,838626.05680000,2482,6577.14700000,513834.34225000,0
1784694600000000,78.18000000,78.23000000,78.07000000,78.22000000,25259.36600000,1784695499999999,1973638.11518000,4191,15334.70300000,1198072.01919000,0
1784695500000000,78.23000000,78.23000000,78.05000000,78.06000000,29935.50600000,1784696399999999,2337836.07746000,4172,13071.59900000,1020737.35963000,0
1784696400000000,78.06000000,78.08000000,77.83000000,77.90000000,21210.80000000,1784697299999999,1652866.85104000,3411,10290.54300000,801922.87213000,0
1784697300000000,77.91000000,77.91000000,77.52000000,77.55000000,33600.78100000,1784698199999999,2610109.43966000,7098,11371.89800000,883370.44983000,0
1784698200000000,77.56000000,77.72000000,77.50000000,77.54000000,15094.07900000,1784699099999999,1171117.69033000,4728,8650.59600000,671241.12372000,0
1784699100000000,77.54000000,77.63000000,77.41000000,77.43000000,14418.90500000,1784699999999999,1117937.79440000,4036,6922.68100000,536815.15519000,0
1784700000000000,77.43000000,77.50000000,77.21000000,77.29000000,31471.72200000,1784700899999999,2433666.80597000,7933,15229.02700000,1177585.38489000,0
1784700900000000,77.29000000,77.29000000,77.03000000,77.14000000,26332.40300000,1784701799999999,2031447.68126000,6226,13049.84200000,1006823.26758000,0
1784701800000000,77.14000000,77.31000000,77.01000000,77.24000000,12132.25700000,1784702699999999,936494.48013000,4513,6319.08700000,487812.55346000,0
1784702700000000,77.24000000,77.31000000,77.12000000,77.29000000,10853.92400000,1784703599999999,838083.26037000,3240,5774.87900000,446029.12552000,0
1784703600000000,77.30000000,77.32000000,77.17000000,77.22000000,10018.54300000,1784704499999999,773902.65211000,3522,5649.69600000,436445.22962000,0
1784704500000000,77.23000000,77.31000000,77.15000000,77.29000000,11571.93900000,1784705399999999,893547.46003000,3411,4830.95800000,373008.16692000,0
1784705400000000,77.28000000,77.31000000,77.00000000,77.12000000,12471.01100000,1784706299999999,961292.90640000,4758,4629.60000000,356909.43187000,0
1784706300000000,77.12000000,77.17000000,77.02000000,77.10000000,15436.48700000,1784707199999999,1190217.75810000,3520,5916.24600000,456245.01781000,0
1784707200000000,77.11000000,77.30000000,77.06000000,77.22000000,21170.09700000,1784708099999999,1633873.18245000,4616,10985.50500000,847876.70418000,0
1784708100000000,77.22000000,77.52000000,77.19000000,77.37000000,11612.12000000,1784708999999999,898563.48860000,3691,6337.44500000,490325.83755000,0
1784709000000000,77.38000000,77.43000000,77.31000000,77.32000000,10999.18200000,1784709899999999,850993.30956000,2686,2988.75300000,231243.65785000,0
1784709900000000,77.32000000,77.46000000,77.31000000,77.43000000,6157.40000000,1784710799999999,476578.83617000,2328,2635.95800000,204013.92676000,0
1784710800000000,77.43000000,77.56000000,77.37000000,77.38000000,5978.23200000,1784711699999999,463170.98407000,3210,2643.27700000,204802.10271000,0
1784711700000000,77.38000000,77.49000000,77.35000000,77.43000000,7697.49300000,1784712599999999,595942.99032000,2288,4405.29300000,341079.00054000,0
1784712600000000,77.42000000,77.45000000,77.29000000,77.44000000,22206.67000000,1784713499999999,1718574.66908000,3263,13164.44600000,1018862.83256000,0
1784713500000000,77.44000000,77.59000000,77.37000000,77.55000000,7942.65000000,1784714399999999,615408.40484000,3118,4107.56500000,318286.23253000,0
1784714400000000,77.56000000,77.61000000,77.46000000,77.51000000,25908.36600000,1784715299999999,2008833.25080000,3021,13954.49400000,1081923.97710000,0
1784715300000000,77.51000000,77.64000000,77.45000000,77.61000000,10602.78100000,1784716199999999,822207.94858000,2371,4366.01200000,338661.32999000,0
1784716200000000,77.61000000,77.66000000,77.54000000,77.61000000,6056.96700000,1784717099999999,469911.37006000,1864,3033.16000000,235324.64875000,0
1784717100000000,77.62000000,77.74000000,77.60000000,77.68000000,10906.78000000,1784717999999999,846967.96311000,3011,5526.83500000,429219.58333000,0
1784718000000000,77.68000000,77.73000000,77.61000000,77.66000000,23702.45300000,1784718899999999,1841082.02032000,3100,14262.53000000,1107787.06534000,0
1784718900000000,77.66000000,77.82000000,77.59000000,77.66000000,10031.38200000,1784719799999999,779611.59827000,2718,4905.75000000,381281.44207000,0
1784719800000000,77.67000000,77.74000000,77.48000000,77.53000000,12804.99700000,1784720699999999,993537.83202000,3462,4876.91800000,378368.92811000,0
1784720700000000,77.52000000,77.66000000,77.51000000,77.56000000,10345.55100000,1784721599999999,802850.06978000,2161,5191.61900000,402832.71938000,0
1784721600000000,77.56000000,77.57000000,77.33000000,77.42000000,6944.37000000,1784722499999999,537739.54771000,2855,2663.80900000,206284.72976000,0
1784722500000000,77.42000000,77.47000000,77.20000000,77.20000000,15689.00800000,1784723399999999,1212439.19345000,3844,6460.77800000,499189.07765000,0
1784723400000000,77.21000000,77.29000000,77.17000000,77.21000000,14540.56300000,1784724299999999,1122976.22444000,4275,7006.08800000,541068.07330000,0
1784724300000000,77.21000000,77.33000000,77.02000000,77.24000000,20544.34900000,1784725199999999,1585297.03782000,6349,11729.09000000,905184.25412000,0
1784725200000000,77.24000000,77.34000000,77.14000000,77.32000000,10069.80300000,1784726099999999,777851.94731000,3194,7021.35100000,542347.73752000,0
1784726100000000,77.33000000,77.33000000,77.22000000,77.29000000,9010.56000000,1784726999999999,696345.81183000,2794,4318.81300000,333770.61352000,0
1784727000000000,77.29000000,77.80000000,77.22000000,77.79000000,29242.61000000,1784727899999999,2267924.13467000,11421,17507.13700000,1357847.90166000,0
1784727900000000,77.80000000,77.95000000,77.71000000,77.87000000,47721.96500000,1784728799999999,3714579.66274000,11739,29801.97800000,2319802.28486000,0
1784728800000000,77.87000000,78.47000000,77.81000000,78.06000000,45930.37700000,1784729699999999,3588518.23575000,13663,32144.17700000,2511906.74716000,0
1784729700000000,78.06000000,78.06000000,77.42000000,77.47000000,27233.40500000,1784730599999999,2116433.98549000,11669,11622.44500000,902819.48716000,0
1784730600000000,77.47000000,77.92000000,77.40000000,77.70000000,17114.55700000,1784731499999999,1329914.26207000,10404,11563.19700000,898504.77775000,0
1784731500000000,77.70000000,77.90000000,77.65000000,77.90000000,9077.24400000,1784732399999999,706131.91927000,7691,4384.59500000,341080.23333000,0
1784732400000000,77.90000000,78.43000000,77.90000000,78.40000000,20166.03800000,1784733299999999,1576307.17543000,10586,12985.36600000,1014836.74951000,0
1784733300000000,78.40000000,78.85000000,78.26000000,78.67000000,58446.44100000,1784734199999999,4592932.22640000,19476,29187.31700000,2293076.08020000,0
1784734200000000,78.67000000,78.77000000,78.42000000,78.53000000,26544.90200000,1784735099999999,2086295.65947000,12597,8303.71700000,652668.28961000,0
1784735100000000,78.54000000,78.63000000,78.38000000,78.47000000,15287.29300000,1784735999999999,1199931.48792000,8105,4589.53300000,360185.15232000,0
1784736000000000,78.46000000,78.59000000,78.35000000,78.42000000,23539.36800000,1784736899999999,1846915.73052000,6987,8058.56100000,632374.61422000,0
1784736900000000,78.42000000,78.42000000,78.10000000,78.21000000,14140.46100000,1784737799999999,1106556.08019000,8163,5453.08000000,426751.08178000,0
1784737800000000,78.20000000,78.81000000,78.19000000,78.66000000,26060.40700000,1784738699999999,2048897.79313000,11538,14070.98900000,1105726.87848000,0
1784738700000000,78.66000000,78.70000000,78.44000000,78.58000000,12683.61600000,1784739599999999,996331.91462000,5035,5481.55600000,430612.70962000,0
1784739600000000,78.57000000,78.65000000,78.49000000,78.52000000,8632.25700000,1784740499999999,678196.66709000,5026,4872.98000000,382839.95041000,0
1784740500000000,78.53000000,78.55000000,78.15000000,78.28000000,17618.56600000,1784741399999999,1380158.82023000,6661,10782.40100000,844564.90875000,0
1784741400000000,78.27000000,78.53000000,78.25000000,78.46000000,13416.20300000,1784742299999999,1051563.08862000,5022,5476.64000000,429373.17731000,0
1784742300000000,78.47000000,78.52000000,78.18000000,78.21000000,6877.11000000,1784743199999999,538728.10106000,5412,2884.73800000,225984.64414000,0
1784743200000000,78.22000000,78.29000000,78.01000000,78.08000000,10452.81500000,1784744099999999,816849.41310000,4891,4476.56000000,349858.02853000,0
1784744100000000,78.08000000,78.15000000,77.80000000,77.83000000,15612.87500000,1784744999999999,1216939.98500000,8553,9185.82200000,715993.81581000,0
1784745000000000,77.82000000,77.82000000,77.46000000,77.51000000,28669.74400000,1784745899999999,2224477.98620000,11776,14902.11400000,1156060.03070000,0
1784745900000000,77.51000000,77.78000000,77.48000000,77.74000000,18866.00200000,1784746799999999,1464885.86329000,8536,13896.62800000,1079053.10774000,0
1784746800000000,77.75000000,77.81000000,77.31000000,77.45000000,19905.47100000,1784747699999999,1543151.54263000,7464,7802.84600000,605019.89262000,0
1784747700000000,77.45000000,77.76000000,77.43000000,77.64000000,9828.12700000,1784748599999999,762997.36767000,4899,5749.13400000,446227.61111000,0
1784748600000000,77.64000000,77.74000000,77.52000000,77.54000000,7346.83600000,1784749499999999,570396.86803000,3739,2699.86900000,209626.34108000,0
1784749500000000,77.54000000,77.72000000,77.50000000,77.66000000,13760.28700000,1784750399999999,1067843.11745000,4512,6952.05000000,539612.79744000,0
1784750400000000,77.66000000,77.88000000,77.58000000,77.87000000,25287.06300000,1784751299999999,1964976.62584000,9390,13589.03700000,1056023.55166000,0
1784751300000000,77.87000000,77.93000000,77.79000000,77.90000000,4624.35500000,1784752199999999,360087.54179000,3794,2434.74200000,189592.82284000,0
1784752200000000,77.90000000,77.96000000,77.79000000,77.89000000,5552.39400000,1784753099999999,432335.00493000,3527,1789.87100000,139365.45430000,0
1784753100000000,77.89000000,77.89000000,77.74000000,77.80000000,3222.74900000,1784753999999999,250747.90421000,3206,1627.84300000,126657.02199000,0
1784754000000000,77.80000000,77.88000000,77.75000000,77.75000000,3483.82400000,1784754899999999,271130.33507000,2855,1827.23400000,142202.30917000,0
1784754900000000,77.75000000,77.81000000,77.68000000,77.71000000,4230.63700000,1784755799999999,328956.76949000,2821,1638.20200000,127372.31435000,0
1784755800000000,77.70000000,78.05000000,77.69000000,77.99000000,6242.12500000,1784756699999999,486299.08238000,4306,3731.96600000,290710.11777000,0
1784756700000000,77.99000000,78.08000000,77.91000000,78.02000000,10858.92000000,1784757599999999,846935.09593000,4956,4968.54800000,387547.01955000,0
1784757600000000,78.02000000,78.12000000,77.86000000,78.06000000,28552.62200000,1784758499999999,2228524.73636000,8452,16353.41500000,1276300.50182000,0
1784758500000000,78.06000000,78.08000000,77.95000000,78.05000000,6454.19500000,1784759399999999,503554.72637000,3852,1738.00800000,135578.68914000,0
1784759400000000,78.05000000,78.06000000,77.70000000,77.77000000,19185.10600000,1784760299999999,1493437.99764000,5928,7704.91100000,599571.77742000,0
1784760300000000,77.77000000,78.06000000,77.77000000,78.01000000,3696.10000000,1784761199999999,288063.15067000,2658,1613.83400000,125795.16101000,0
1784761200000000,78.01000000,78.03000000,77.52000000,77.57000000,14499.34400000,1784762099999999,1127521.71541000,5315,3615.67700000,281103.12224000,0
1784762100000000,77.57000000,77.76000000,77.50000000,77.74000000,7175.38700000,1784762999999999,557012.98800000,4034,3909.20800000,303478.69522000,0
1784763000000000,77.74000000,77.83000000,77.70000000,77.81000000,4213.02900000,1784763899999999,327600.76690000,3113,1672.39900000,130058.11673000,0
1784763900000000,77.80000000,78.01000000,77.79000000,77.97000000,3723.20900000,1784764799999999,290100.09481000,3229,2142.34400000,166930.67272000,0
1784764800000000,77.97000000,78.39000000,77.97000000,78.30000000,18182.21900000,1784765699999999,1421458.67237000,7512,9838.67800000,769066.79170000,0
1784765700000000,78.31000000,78.54000000,78.26000000,78.43000000,26096.71600000,1784766599999999,2046404.36445000,9589,11480.14500000,900294.85596000,0
1784766600000000,78.43000000,78.46000000,78.31000000,78.33000000,15977.48400000,1784767499999999,1252345.26021000,9833,2928.74200000,229509.74505000,0
1784767500000000,78.33000000,78.44000000,78.24000000,78.27000000,21438.68200000,1784768399999999,1680136.82998000,9096,5953.34400000,466481.66770000,0
1784768400000000,78.27000000,78.41000000,78.17000000,78.23000000,11096.33400000,1784769299999999,868671.90917000,5521,3977.82300000,311485.47157000,0
1784769300000000,78.23000000,78.25000000,78.04000000,78.08000000,8322.38000000,1784770199999999,650266.71337000,4927,3307.73900000,258439.69850000,0
1784770200000000,78.08000000,78.11000000,77.87000000,77.90000000,10164.45500000,1784771099999999,792464.52580000,5802,5007.90800000,390432.91311000,0
1784771100000000,77.90000000,77.99000000,77.88000000,77.90000000,7232.01500000,1784771999999999,563713.76947000,3692,4156.74200000,324004.36619000,0
1784772000000000,77.90000000,77.90000000,77.65000000,77.65000000,12772.50100000,1784772899999999,993355.47829000,8392,8728.36000000,678838.68139000,0
1784772900000000,77.65000000,77.68000000,77.40000000,77.50000000,22366.05800000,1784773799999999,1734462.56751000,9376,14238.03100000,1104120.50842000,0
1784773800000000,77.50000000,77.69000000,77.48000000,77.63000000,12406.06900000,1784774699999999,962659.20157000,6438,9332.82800000,724139.52617000,0
1784774700000000,77.63000000,77.79000000,77.60000000,77.76000000,10483.96000000,1784775599999999,814505.10745000,4422,7104.36600000,551940.10110000,0
1784775600000000,77.76000000,77.79000000,77.49000000,77.57000000,8960.55400000,1784776499999999,695631.34551000,4019,3587.60400000,278557.64129000,0
1784776500000000,77.56000000,77.67000000,77.47000000,77.58000000,5378.63100000,1784777399999999,417265.88131000,3100,3177.32300000,246497.64575000,0
1784777400000000,77.58000000,77.70000000,77.57000000,77.66000000,4353.52400000,1784778299999999,338002.32328000,2668,2219.33500000,172297.89471000,0
1784778300000000,77.65000000,77.66000000,77.52000000,77.60000000,5374.95500000,1784779199999999,417054.36974000,2128,2274.59000000,176489.22514000,0
1784779200000000,77.60000000,77.70000000,77.52000000,77.70000000,5498.17100000,1784780099999999,426675.48934000,2904,2983.93400000,231578.61783000,0
1784780100000000,77.70000000,77.83000000,77.61000000,77.79000000,5985.40500000,1784780999999999,465417.84982000,2323,2911.84400000,226430.14430000,0
1784781000000000,77.80000000,77.83000000,77.57000000,77.61000000,16620.03800000,1784781899999999,1291194.28151000,3619,7424.82000000,576850.34243000,0
1784781900000000,77.62000000,77.70000000,77.38000000,77.53000000,22021.79700000,1784782799999999,1706356.09704000,3375,7195.33300000,557807.09691000,0
1784782800000000,77.53000000,77.56000000,77.41000000,77.49000000,10378.75000000,1784783699999999,804126.28380000,2376,3444.34600000,266847.10750000,0
1784783700000000,77.50000000,77.66000000,77.40000000,77.66000000,10324.17800000,1784784599999999,800030.98081000,3019,4769.82600000,369623.11472000,0
1784784600000000,77.66000000,77.72000000,77.59000000,77.62000000,6224.82200000,1784785499999999,483263.52030000,1913,3001.12200000,232964.68266000,0
1784785500000000,77.62000000,77.65000000,77.48000000,77.53000000,4824.01400000,1784786399999999,373987.32475000,2043,2972.44900000,230430.43619000,0
1784786400000000,77.53000000,77.58000000,77.40000000,77.49000000,9160.86600000,1784787299999999,709713.02669000,2566,5053.10500000,391451.70391000,0
1784787300000000,77.49000000,77.56000000,77.37000000,77.53000000,23171.10700000,1784788199999999,1794122.09749000,2901,5858.47800000,453851.70973000,0
1784788200000000,77.52000000,77.57000000,77.46000000,77.52000000,4594.07100000,1784789099999999,356075.74764000,1830,3082.15100000,238900.41715000,0
1784789100000000,77.52000000,77.59000000,77.51000000,77.57000000,4949.83300000,1784789999999999,383888.58832000,1625,2860.67300000,221875.75231000,0
1784790000000000,77.58000000,77.58000000,77.04000000,77.24000000,42995.56200000,1784790899999999,3319693.32986000,9384,18038.36400000,1392425.89064000,0
1784790900000000,77.23000000,77.23000000,77.10000000,77.18000000,8394.89600000,1784791799999999,647813.34266000,4174,4024.98300000,310572.96142000,0
1784791800000000,77.18000000,77.20000000,77.10000000,77.10000000,13895.15200000,1784792699999999,1071961.86330000,3414,6737.70500000,519813.49423000,0
1784792700000000,77.10000000,77.22000000,77.06000000,77.16000000,14901.25000000,1784793599999999,1149449.80080000,3107,4171.24200000,321745.46863000,0
1784793600000000,77.16000000,77.33000000,77.11000000,77.32000000,10679.06800000,1784794499999999,824637.93352000,2742,7475.32200000,577280.24093000,0
1784794500000000,77.32000000,77.38000000,77.24000000,77.36000000,4944.06100000,1784795399999999,382237.50074000,2363,2371.52900000,183351.95150000,0
1784795400000000,77.36000000,77.46000000,77.36000000,77.43000000,6753.84100000,1784796299999999,522862.92901000,2607,4512.93000000,349378.42497000,0
1784796300000000,77.44000000,77.50000000,77.38000000,77.47000000,6619.04000000,1784797199999999,512604.92881000,2062,2722.04400000,210799.90454000,0
1784797200000000,77.47000000,77.58000000,77.40000000,77.55000000,6293.63200000,1784798099999999,487845.67354000,3262,3481.57300000,269865.06738000,0
1784798100000000,77.54000000,77.65000000,77.54000000,77.58000000,8209.81800000,1784798999999999,636996.29336000,2285,4806.91500000,372966.84864000,0
1784799000000000,77.59000000,77.62000000,77.53000000,77.59000000,8002.46800000,1784799899999999,620819.09788000,2028,4904.64400000,380524.13547000,0
1784799900000000,77.59000000,77.61000000,77.47000000,77.49000000,6209.30500000,1784800799999999,481491.92388000,2131,2296.32600000,178074.99231000,0
1784800800000000,77.49000000,77.59000000,77.43000000,77.58000000,5982.20700000,1784801699999999,463818.59445000,2495,4238.31100000,328638.79430000,0
1784801700000000,77.57000000,77.77000000,77.54000000,77.75000000,6096.22800000,1784802599999999,473273.04061000,2158,4446.52700000,345152.01020000,0
1784802600000000,77.76000000,77.81000000,77.72000000,77.75000000,9555.19100000,1784803499999999,743171.10629000,2496,5170.83500000,402182.41928000,0
1784803500000000,77.76000000,77.76000000,77.69000000,77.74000000,5846.60700000,1784804399999999,454456.21830000,1698,2358.56000000,183359.51261000,0
1784804400000000,77.75000000,77.87000000,77.71000000,77.86000000,11864.18600000,1784805299999999,922855.08325000,3213,5614.10500000,436757.91290000,0
1784805300000000,77.85000000,77.86000000,77.71000000,77.72000000,16002.19900000,1784806199999999,1244449.79657000,3446,3038.10400000,236274.12810000,0
1784806200000000,77.71000000,77.76000000,77.64000000,77.66000000,8399.17900000,1784807099999999,652515.56836000,2430,4551.37400000,353575.38899000,0
1784807100000000,77.66000000,77.74000000,77.57000000,77.67000000,17941.12400000,1784807999999999,1393300.87489000,3330,9621.57700000,747297.00228000,0
1784808000000000,77.67000000,77.71000000,77.58000000,77.65000000,7201.79900000,1784808899999999,559089.45864000,3112,2882.17700000,223750.93147000,0
1784808900000000,77.66000000,77.74000000,77.50000000,77.54000000,16902.79900000,1784809799999999,1311653.11628000,6496,8242.34000000,639496.12174000,0
1784809800000000,77.53000000,77.54000000,76.84000000,76.90000000,70717.28500000,1784810699999999,5451568.05744000,17227,26017.03900000,2006076.06027000,0
1784810700000000,76.90000000,76.99000000,76.50000000,76.94000000,51002.82000000,1784811599999999,3911946.96206000,17382,22457.93300000,1722733.93640000,0
1784811600000000,76.94000000,77.02000000,76.71000000,76.75000000,23747.58000000,1784812499999999,1824499.34132000,9580,12061.21100000,926543.42461000,0
1784812500000000,76.75000000,76.84000000,76.57000000,76.69000000,25622.79400000,1784813399999999,1965793.93672000,8847,11746.73900000,901355.05522000,0
1784813400000000,76.69000000,77.02000000,76.65000000,76.99000000,26821.53600000,1784814299999999,2061779.72105000,17728,16061.55700000,1234848.21881000,0
1784814300000000,76.98000000,77.05000000,76.70000000,76.70000000,30688.13900000,1784815199999999,2359086.75974000,12732,17190.08700000,1321568.25371000,0
1784815200000000,76.70000000,76.89000000,76.62000000,76.83000000,21571.11000000,1784816099999999,1655600.19621000,10015,10495.12700000,805454.06463000,0
1784816100000000,76.83000000,76.86000000,76.60000000,76.76000000,19216.32200000,1784816999999999,1474549.06423000,9503,8338.95300000,639820.33816000,0
1784817000000000,76.76000000,76.86000000,76.64000000,76.68000000,8538.28800000,1784817899999999,655146.25510000,4757,4869.90800000,373644.02074000,0
1784817900000000,76.68000000,76.70000000,76.34000000,76.43000000,24721.41500000,1784818799999999,1889911.04508000,9323,9804.42100000,749405.67680000,0
1784818800000000,76.44000000,76.45000000,75.87000000,75.94000000,47715.65400000,1784819699999999,3630769.41476000,15784,20487.81200000,1558633.84152000,0
1784819700000000,75.95000000,76.38000000,75.86000000,76.27000000,32077.05400000,1784820599999999,2442487.64999000,11566,18245.25500000,1389414.25890000,0
1784820600000000,76.27000000,76.43000000,76.16000000,76.32000000,14407.91400000,1784821499999999,1099311.96011000,6059,7403.92200000,564955.24798000,0
1784821500000000,76.32000000,76.45000000,76.20000000,76.39000000,20802.52800000,1784822399999999,1587564.64131000,4982,12788.89800000,975876.18808000,0
1784822400000000,76.39000000,76.39000000,75.99000000,76.10000000,24319.63700000,1784823299999999,1851845.09125000,7879,9511.94700000,724203.47001000,0
1784823300000000,76.09000000,76.15000000,75.83000000,76.15000000,13485.39600000,1784824199999999,1024786.68226000,5187,6234.02800000,473886.55204000,0
1784824200000000,76.15000000,76.17000000,75.98000000,76.06000000,7684.54700000,1784825099999999,584463.92875000,4117,4376.56300000,332877.75071000,0
1784825100000000,76.06000000,76.12000000,76.00000000,76.01000000,7743.63200000,1784825999999999,589017.72174000,3015,4467.19300000,339810.00693000,0
1784826000000000,76.00000000,76.07000000,75.87000000,76.00000000,11048.79900000,1784826899999999,839399.57062000,5215,4319.62000000,328173.06372000,0
1784826900000000,75.99000000,76.17000000,75.94000000,76.11000000,8701.44100000,1784827799999999,661808.73029000,4370,4435.27900000,337333.94426000,0
1784827800000000,76.11000000,76.14000000,75.94000000,76.01000000,8339.94200000,1784828699999999,634067.65966000,3473,3231.03700000,245693.35662000,0
1784828700000000,76.00000000,76.02000000,75.47000000,75.65000000,33077.04500000,1784829599999999,2504069.18046000,9080,12951.55000000,980525.34549000,0
1784829600000000,75.65000000,75.77000000,75.56000000,75.74000000,12741.38200000,1784830499999999,964308.94736000,5911,4962.10300000,375523.55829000,0
1784830500000000,75.75000000,75.83000000,75.62000000,75.81000000,7085.90400000,1784831399999999,536599.76511000,3837,3286.27600000,248918.71858000,0
1784831400000000,75.81000000,75.85000000,75.62000000,75.73000000,9476.79700000,1784832299999999,717869.51129000,4102,6066.35000000,459498.26564000,0
1784832300000000,75.73000000,75.85000000,75.73000000,75.81000000,9022.12800000,1784833199999999,683903.77741000,3137,2927.53400000,221906.41630000,0
1784833200000000,75.81000000,75.85000000,75.52000000,75.59000000,8762.04200000,1784834099999999,663612.65442000,3114,3203.66500000,242595.11321000,0
1784834100000000,75.60000000,75.78000000,75.57000000,75.77000000,7148.49700000,1784834999999999,540908.56323000,2781,4434.86100000,335549.64325000,0
1784835000000000,75.78000000,75.83000000,75.60000000,75.63000000,6788.58000000,1784835899999999,513963.32265000,2935,3465.62000000,262364.43503000,0
1784835900000000,75.63000000,75.79000000,75.43000000,75.75000000,24038.84200000,1784836799999999,1817650.06787000,7505,12109.79300000,915516.38433000,0
1784836800000000,75.74000000,76.06000000,75.71000000,76.03000000,11080.85700000,1784837699999999,841456.56818000,4299,6997.26500000,531370.39568000,0
1784837700000000,76.04000000,76.18000000,76.01000000,76.13000000,8624.83800000,1784838599999999,656454.60240000,2762,6365.17400000,484445.67847000,0
1784838600000000,76.14000000,76.16000000,76.06000000,76.09000000,5028.09000000,1784839499999999,382682.77547000,2025,2341.46500000,178210.27570000,0
1784839500000000,76.09000000,76.17000000,76.06000000,76.12000000,5434.43100000,1784840399999999,413641.44610000,1460,2242.34000000,170697.28970000,0
1784840400000000,76.12000000,76.28000000,75.97000000,76.00000000,15222.59200000,1784841299999999,1159007.60964000,3641,9479.16400000,721729.42701000,0
1784841300000000,76.01000000,76.10000000,75.92000000,76.04000000,7930.46400000,1784842199999999,602731.75237000,2486,4066.88200000,309123.64631000,0
1784842200000000,76.04000000,76.12000000,76.01000000,76.06000000,10756.84700000,1784843099999999,818184.46510000,3060,6803.89400000,517476.99125000,0
1784843100000000,76.06000000,76.09000000,75.98000000,76.05000000,5934.01600000,1784843999999999,451263.05996000,2288,3041.70700000,231324.51638000,0
1784844000000000,76.05000000,76.11000000,75.93000000,75.97000000,12389.32600000,1784844899999999,941924.82546000,3764,5860.46500000,445527.99315000,0
1784844900000000,75.97000000,76.20000000,75.86000000,76.11000000,12552.25200000,1784845799999999,954223.15633000,4314,6252.82900000,475424.10746000,0
1784845800000000,76.11000000,76.25000000,76.11000000,76.23000000,6575.63000000,1784846699999999,501018.83719000,2826,4348.47900000,331300.89302000,0
1784846700000000,76.23000000,76.23000000,76.13000000,76.19000000,4818.91400000,1784847599999999,367141.17535000,1573,2957.50300000,225330.66231000,0
1784847600000000,76.19000000,76.24000000,76.15000000,76.18000000,6999.76400000,1784848499999999,533299.91103000,2451,3718.52100000,283295.21126000,0
1784848500000000,76.18000000,76.26000000,76.17000000,76.21000000,13168.45700000,1784849399999999,1003689.40563000,2161,8693.71200000,662664.68151000,0
1784849400000000,76.21000000,76.22000000,76.09000000,76.12000000,13856.50300000,1784850299999999,1055438.48072000,2875,8869.31200000,675513.75964000,0
1784850300000000,76.12000000,76.14000000,75.87000000,75.88000000,21114.69400000,1784851199999999,1603824.28569000,3654,7251.25500000,550780.12072000,0
1784851200000000,75.88000000,75.90000000,75.65000000,75.74000000,16888.78400000,1784852099999999,1279975.73737000,5601,8014.53400000,607369.67210000,0
1784852100000000,75.74000000,75.90000000,75.72000000,75.77000000,7429.67100000,1784852999999999,563081.71680000,2904,4899.87100000,371354.45871000,0
1784853000000000,75.77000000,75.80000000,75.53000000,75.68000000,12375.32200000,1784853899999999,936292.38294000,6484,5016.17200000,379537.04377000,0
1784853900000000,75.67000000,75.85000000,75.67000000,75.82000000,6528.47800000,1784854799999999,494751.31237000,3372,3794.97000000,287564.18536000,0
1784854800000000,75.83000000,76.03000000,75.78000000,75.91000000,8942.31600000,1784855699999999,678883.98365000,4023,4867.29000000,369563.66886000,0
1784855700000000,75.90000000,76.13000000,75.85000000,75.94000000,9168.64600000,1784856599999999,696850.99134000,3829,3651.41000000,277509.25664000,0
1784856600000000,75.93000000,76.02000000,75.88000000,75.91000000,8073.32800000,1784857499999999,613143.97584000,4612,5163.96600000,392173.95798000,0
1784857500000000,75.91000000,75.91000000,75.66000000,75.70000000,16376.81100000,1784858399999999,1241593.80006000,3731,7930.42000000,601138.86023000,0
1784858400000000,75.70000000,75.91000000,75.69000000,75.90000000,9550.50200000,1784859299999999,724060.02999000,3506,6255.36000000,474226.46250000,0
1784859300000000,75.91000000,75.92000000,75.72000000,75.79000000,9144.61500000,1784860199999999,693203.67381000,2727,4956.56200000,375681.52692000,0
1784860200000000,75.79000000,75.79000000,75.45000000,75.57000000,8335.67100000,1784861099999999,629828.15414000,4407,3540.40600000,267432.34693000,0
1784861100000000,75.58000000,75.58000000,75.30000000,75.53000000,19773.84600000,1784861999999999,1491568.29211000,6250,8422.64500000,635207.47752000,0
1784862000000000,75.54000000,75.83000000,75.48000000,75.79000000,10318.24400000,1784862899999999,781123.76600000,4544,5506.10000000,416852.93226000,0
1784862900000000,75.80000000,75.96000000,75.79000000,75.88000000,14713.57400000,1784863799999999,1116367.36189000,4986,6529.05900000,495437.03920000,0
1784863800000000,75.88000000,75.92000000,75.75000000,75.88000000,7190.30200000,1784864699999999,545301.04352000,2859,3620.86000000,274597.25916000,0
1784864700000000,75.88000000,75.90000000,75.80000000,75.83000000,5163.19400000,1784865599999999,391617.07887000,2015,2935.04100000,222612.45575000,0
1784865600000000,75.84000000,75.86000000,75.69000000,75.69000000,7716.56600000,1784866499999999,584828.03424000,2216,2868.26800000,217397.17403000,0
1784866500000000,75.69000000,75.82000000,75.64000000,75.80000000,6705.58100000,1784867399999999,507716.22269000,2695,4381.71100000,331763.81835000,0
1784867400000000,75.80000000,75.83000000,75.65000000,75.72000000,4184.19000000,1784868299999999,316972.65175000,1670,1989.75700000,150741.77114000,0
1784868300000000,75.72000000,75.74000000,75.60000000,75.66000000,5827.23100000,1784869199999999,440935.28405000,2108,2921.09000000,221041.02886000,0
1784869200000000,75.66000000,75.83000000,75.59000000,75.78000000,10810.72800000,1784870099999999,818660.45322000,2905,6110.18400000,462726.04054000,0
1784870100000000,75.78000000,75.92000000,75.77000000,75.85000000,13008.50900000,1784870999999999,986539.30245000,2626,6508.38000000,493540.42437000,0
1784871000000000,75.85000000,75.86000000,75.69000000,75.85000000,6301.85700000,1784871899999999,477521.85740000,2413,2957.66300000,224091.07075000,0
1784871900000000,75.84000000,75.86000000,75.71000000,75.80000000,11314.67700000,1784872799999999,857672.98406000,1815,4273.04000000,323816.68135000,0
1784872800000000,75.80000000,75.88000000,75.73000000,75.88000000,7765.32200000,1784873699999999,588491.04823000,1828,4893.51600000,370852.47482000,0
1784873700000000,75.88000000,76.02000000,75.83000000,75.86000000,9300.19500000,1784874599999999,706095.37351000,2777,5880.55400000,446449.59879000,0
1784874600000000,75.85000000,75.97000000,75.78000000,75.83000000,5183.68800000,1784875499999999,393338.42646000,2331,2381.62400000,180709.05317000,0
1784875500000000,75.82000000,75.87000000,75.78000000,75.85000000,3961.47800000,1784876399999999,300355.41259000,1528,2259.55400000,171321.39202000,0
1784876400000000,75.85000000,76.45000000,75.85000000,76.39000000,21163.14100000,1784877299999999,1612567.49307000,7415,11947.30400000,910485.14744000,0
1784877300000000,76.38000000,76.38000000,76.10000000,76.13000000,17028.73600000,1784878199999999,1298112.94648000,5963,5733.99900000,437090.38149000,0
1784878200000000,76.13000000,76.23000000,75.78000000,75.84000000,15904.64800000,1784879099999999,1209127.51766000,5835,3865.90900000,293937.91570000,0
1784879100000000,75.83000000,76.09000000,75.83000000,76.07000000,9817.15100000,1784879999999999,746174.88691000,2961,5687.24500000,432346.41168000,0
1784880000000000,76.08000000,76.11000000,75.95000000,76.01000000,9271.78500000,1784880899999999,704952.03084000,2995,4843.95600000,368280.14090000,0
1784880900000000,76.01000000,76.03000000,75.71000000,75.82000000,12755.94300000,1784881799999999,968103.38274000,3035,5961.84400000,452630.12990000,0
1784881800000000,75.83000000,75.93000000,75.83000000,75.91000000,10678.49600000,1784882699999999,810365.76703000,2049,6698.47500000,508324.99466000,0
1784882700000000,75.90000000,75.91000000,75.72000000,75.78000000,11362.79400000,1784883599999999,861026.72803000,1939,2020.60500000,153175.33905000,0
1784883600000000,75.78000000,75.83000000,75.37000000,75.49000000,62423.96800000,1784884499999999,4719599.70446000,7080,14336.86400000,1084550.27386000,0
1784884500000000,75.49000000,75.58000000,75.36000000,75.55000000,16104.15200000,1784885399999999,1215326.47119000,5272,6844.49200000,516428.81773000,0
1784885400000000,75.55000000,75.60000000,75.42000000,75.58000000,12482.25000000,1784886299999999,942675.57457000,3763,6709.05800000,506669.92439000,0
1784886300000000,75.58000000,75.66000000,75.55000000,75.62000000,6102.66400000,1784887199999999,461425.10658000,2371,3626.15000000,274151.85008000,0
1784887200000000,75.62000000,75.65000000,75.44000000,75.47000000,9995.24300000,1784888099999999,755002.27609000,2655,6405.72200000,483854.11984000,0
1784888100000000,75.46000000,75.58000000,75.40000000,75.55000000,14545.08700000,1784888999999999,1098131.35462000,3318,4859.91400000,367038.99014000,0
1784889000000000,75.55000000,75.61000000,75.50000000,75.52000000,10289.10600000,1784889899999999,777427.15905000,2744,2401.97500000,181486.22292000,0
1784889900000000,75.51000000,75.58000000,75.38000000,75.49000000,8223.89600000,1784890799999999,620658.65857000,2657,4001.59300000,301968.98129000,0
1784890800000000,75.49000000,75.49000000,75.33000000,75.38000000,6895.51500000,1784891699999999,520049.87370000,3344,4257.97400000,321128.23100000,0
1784891700000000,75.37000000,75.51000000,75.24000000,75.32000000,13671.92200000,1784892599999999,1030229.11255000,3943,7149.87000000,538676.00766000,0
1784892600000000,75.33000000,75.33000000,75.13000000,75.15000000,16216.43800000,1784893499999999,1219496.71220000,6098,8597.98400000,646601.45218000,0
1784893500000000,75.16000000,75.23000000,74.97000000,75.20000000,40004.18600000,1784894399999999,3003450.44610000,8272,18586.49900000,1395858.20264000,0
1784894400000000,75.20000000,75.24000000,75.08000000,75.18000000,10539.42500000,1784895299999999,792156.68936000,3306,6367.02900000,478580.80420000,0
1784895300000000,75.18000000,75.30000000,75.15000000,75.17000000,13701.02100000,1784896199999999,1030648.24417000,3339,6746.76100000,507545.38610000,0
1784896200000000,75.16000000,75.26000000,74.96000000,74.97000000,9385.16000000,1784897099999999,704837.18576000,3346,5186.17500000,389522.49303000,0
1784897100000000,74.97000000,75.05000000,74.81000000,74.86000000,15676.35000000,1784897999999999,1174167.65773000,5268,8325.79300000,623639.32161000,0
1784898000000000,74.86000000,74.93000000,74.27000000,74.50000000,67003.56500000,1784898899999999,4994710.71648000,19418,29565.96700000,2203679.81644000,0
1784898900000000,74.50000000,74.74000000,74.45000000,74.54000000,23141.89100000,1784899799999999,1726873.37336000,6116,10234.68000000,763638.54164000,0
1784899800000000,74.55000000,74.59000000,74.31000000,74.50000000,32153.50500000,1784900699999999,2393930.71630000,11213,14698.45700000,1094239.55523000,0
1784900700000000,74.50000000,74.58000000,73.99000000,74.22000000,53921.22200000,1784901599999999,4000573.48702000,14992,22605.48600000,1678054.57783000,0
1784901600000000,74.21000000,74.27000000,73.97000000,73.98000000,33548.28800000,1784902499999999,2486773.82833000,10824,19445.96000000,1441505.37877000,0
1784902500000000,73.97000000,74.05000000,73.65000000,73.97000000,43962.11600000,1784903399999999,3246025.45379000,14713,23553.24400000,1739441.12739000,0
1784903400000000,73.96000000,73.98000000,73.70000000,73.74000000,22790.69400000,1784904299999999,1682533.69446000,7912,13267.28800000,979421.02563000,0
1784904300000000,73.74000000,74.05000000,73.61000000,74.03000000,33888.38400000,1784905199999999,2503031.13286000,8913,22856.38600000,1688993.80696000,0
1784905200000000,74.03000000,74.14000000,73.69000000,74.12000000,34918.86200000,1784906099999999,2582006.48379000,8660,20122.52300000,1487726.32040000,0
1784906100000000,74.13000000,74.20000000,73.92000000,74.16000000,24270.22400000,1784906999999999,1798185.15708000,7162,14467.20900000,1071886.95989000,0
1784907000000000,74.15000000,74.30000000,74.10000000,74.13000000,31276.84800000,1784907899999999,2321023.10373000,8229,18120.35300000,1344743.39686000,0
1784907900000000,74.12000000,74.19000000,73.98000000,74.04000000,21803.30800000,1784908799999999,1615361.81369000,5106,12487.46100000,925227.10180000,0
1784908800000000,74.04000000,74.22000000,73.96000000,74.09000000,31028.19500000,1784909699999999,2299487.07297000,4849,21800.82900000,1615934.71975000,0
1784909700000000,74.08000000,74.19000000,74.02000000,74.04000000,11566.36900000,1784910599999999,856945.70401000,2895,5989.29600000,443708.38070000,0
1784910600000000,74.05000000,74.05000000,73.82000000,73.82000000,19403.94300000,1784911499999999,1435132.31503000,5186,7615.07400000,563166.96996000,0
1784911500000000,73.82000000,73.98000000,73.71000000,73.90000000,16507.42200000,1784912399999999,1218005.84527000,4254,10266.14300000,757441.72268000,0
1784912400000000,73.90000000,73.99000000,73.86000000,73.97000000,21151.47800000,1784913299999999,1563434.65157000,4646,9781.40000000,722954.78820000,0
1784913300000000,73.97000000,74.14000000,73.95000000,74.11000000,17259.46600000,1784914199999999,1278048.79217000,3473,7934.63900000,587503.12151000,0
1784914200000000,74.11000000,74.15000000,74.05000000,74.08000000,8872.47700000,1784915099999999,657404.73530000,2126,5265.84300000,390169.20144000,0
1784915100000000,74.08000000,74.09000000,73.94000000,74.05000000,9996.03000000,1784915999999999,739910.37091000,2686,4522.19700000,334669.95214000,0
1784916000000000,74.04000000,74.08000000,73.97000000,74.08000000,6237.04000000,1784916899999999,461624.65203000,2336,3793.81200000,280813.44824000,0
1784916900000000,74.07000000,74.08000000,73.96000000,74.01000000,7299.83300000,1784917799999999,540449.30022000,2195,3415.56800000,252919.77603000,0
1784917800000000,74.01000000,74.04000000,73.90000000,73.97000000,10796.94600000,1784918699999999,798665.77939000,3138,5081.08300000,375798.97383000,0
1784918700000000,73.97000000,74.06000000,73.93000000,73.98000000,5775.78600000,1784919599999999,427428.39817000,2678,3383.54900000,250367.01531000,0
1784919600000000,73.98000000,74.02000000,73.79000000,73.85000000,13821.01000000,1784920499999999,1021028.14474000,3953,6684.25500000,493869.30534000,0
1784920500000000,73.86000000,73.98000000,73.84000000,73.96000000,10957.64900000,1784921399999999,809822.79948000,3228,5487.82000000,405640.36475000,0
1784921400000000,73.96000000,74.05000000,73.88000000,73.99000000,7496.30100000,1784922299999999,554498.62315000,3127,3844.84200000,284378.09917000,0
1784922300000000,73.99000000,74.04000000,73.90000000,73.97000000,11802.91300000,1784923199999999,873047.77099000,3195,6023.14800000,445498.28030000,0
1784923200000000,73.97000000,74.03000000,73.86000000,73.96000000,11169.93600000,1784924099999999,826252.25828000,1996,2953.88900000,218419.77991000,0
1784924100000000,73.95000000,74.00000000,73.90000000,73.91000000,4164.71500000,1784924999999999,308005.05267000,1435,1780.52400000,131687.32676000,0
1784925000000000,73.91000000,73.91000000,73.75000000,73.81000000,8693.69500000,1784925899999999,641814.87239000,2314,3407.02300000,251517.48753000,0
1784925900000000,73.82000000,73.86000000,73.73000000,73.77000000,12297.95800000,1784926799999999,907501.63109000,2252,4910.94600000,362383.74478000,0
1784926800000000,73.77000000,73.84000000,73.50000000,73.59000000,45604.43600000,1784927699999999,3358386.48425000,6432,16974.13300000,1250176.82192000,0
1784927700000000,73.59000000,73.71000000,73.44000000,73.71000000,19387.64000000,1784928599999999,1426027.02369000,3582,6159.14200000,453225.25697000,0
1784928600000000,73.71000000,73.84000000,73.68000000,73.74000000,18530.17600000,1784929499999999,1366503.67668000,2936,9668.12000000,713055.99252000,0
1784929500000000,73.73000000,73.81000000,73.63000000,73.63000000,5704.05500000,1784930399999999,420594.52428000,2123,2582.73100000,190455.66868000,0
1784930400000000,73.64000000,73.83000000,73.63000000,73.81000000,6835.35500000,1784931299999999,503975.50041000,2287,3533.60200000,260541.17222000,0
1784931300000000,73.82000000,73.88000000,73.79000000,73.87000000,6703.40300000,1784932199999999,494940.89297000,1703,3859.65900000,284987.17352000,0
1784932200000000,73.87000000,73.98000000,73.87000000,73.94000000,3822.09800000,1784933099999999,282617.01567000,1528,2314.27600000,171124.50574000,0
1784933100000000,73.95000000,73.99000000,73.91000000,73.94000000,4368.93900000,1784933999999999,323071.93551000,1211,2751.69400000,203483.55255000,0
1784934000000000,73.94000000,74.03000000,73.87000000,73.91000000,10479.30900000,1784934899999999,774857.24554000,2169,3931.74700000,290749.27883000,0
1784934900000000,73.90000000,73.92000000,73.85000000,73.91000000,9463.79800000,1784935799999999,699224.84598000,1673,3115.93000000,230236.15900000,0
1784935800000000,73.91000000,73.98000000,73.86000000,73.94000000,5620.18800000,1784936699999999,415508.47904000,1535,3072.48100000,227148.50759000,0
1784936700000000,73.93000000,73.97000000,73.90000000,73.96000000,8298.39600000,1784937599999999,613670.29031000,1392,3450.33800000,255167.13582000,0
1784937600000000,73.97000000,74.04000000,73.94000000,74.03000000,17133.12400000,1784938499999999,1267776.75997000,2140,9692.25200000,717214.76730000,0
1784938500000000,74.02000000,74.07000000,73.95000000,74.05000000,14829.58500000,1784939399999999,1097247.04069000,1345,3013.45600000,223051.99429000,0
1784939400000000,74.05000000,74.16000000,74.00000000,74.05000000,7551.40100000,1784940299999999,559429.08825000,1971,4278.30700000,316993.40550000,0
1784940300000000,74.04000000,74.13000000,73.96000000,74.13000000,11360.36100000,1784941199999999,840968.31465000,2099,5553.55200000,411123.00983000,0
1784941200000000,74.13000000,74.23000000,74.04000000,74.09000000,7158.50300000,1784942099999999,530665.78809000,2134,3094.01200000,229389.70428000,0
1784942100000000,74.09000000,74.10000000,74.00000000,74.05000000,4251.57700000,1784942999999999,314809.62102000,1451,2211.99400000,163770.20058000,0
1784943000000000,74.04000000,74.22000000,74.02000000,74.22000000,4687.30800000,1784943899999999,347398.30971000,1842,2679.81900000,198636.46187000,0
1784943900000000,74.22000000,74.26000000,74.11000000,74.13000000,4572.89500000,1784944799999999,339191.63747000,1457,2481.53000000,184070.30952000,0
1784944800000000,74.12000000,74.21000000,74.11000000,74.12000000,5938.77300000,1784945699999999,440489.64679000,1579,3648.32300000,270592.10154000,0
1784945700000000,74.13000000,74.20000000,74.05000000,74.17000000,4480.51900000,1784946599999999,332108.42096000,1369,1600.53700000,118620.46173000,0
1784946600000000,74.17000000,74.22000000,74.10000000,74.13000000,4612.88200000,1784947499999999,342084.99997000,1611,3057.42400000,226726.76560000,0
1784947500000000,74.13000000,74.14000000,74.06000000,74.11000000,3885.55200000,1784948399999999,287918.18020000,1426,1647.62800000,122085.07694000,0
1784948400000000,74.12000000,74.21000000,74.05000000,74.16000000,4893.08600000,1784949299999999,362863.37288000,1636,1187.53200000,88031.37110000,0
1784949300000000,74.16000000,74.33000000,74.12000000,74.24000000,6689.57900000,1784950199999999,496719.92106000,1864,4876.03200000,362079.49960000,0
1784950200000000,74.23000000,74.26000000,74.17000000,74.20000000,6040.83300000,1784951099999999,448305.46253000,1483,2826.75200000,209755.53167000,0
1784951100000000,74.20000000,74.21000000,74.10000000,74.14000000,4925.07200000,1784951999999999,365173.43263000,1597,2066.07200000,153166.58675000,0
1784952000000000,74.14000000,74.29000000,74.13000000,74.28000000,9761.38500000,1784952899999999,724505.35314000,1603,5434.93100000,403361.22815000,0
1784952900000000,74.28000000,74.36000000,74.27000000,74.29000000,12124.20000000,1784953799999999,900996.77683000,1930,6759.90000000,502367.72493000,0
1784953800000000,74.29000000,74.34000000,74.24000000,74.29000000,32667.67300000,1784954699999999,2426733.19061000,2240,20975.04100000,1558112.02483000,0
1784954700000000,74.28000000,74.34000000,74.26000000,74.32000000,9993.48900000,1784955599999999,742474.16123000,1176,7810.44000000,580282.49645000,0
1784955600000000,74.32000000,74.36000000,74.21000000,74.23000000,18976.75700000,1784956499999999,1410076.29246000,1586,5975.03400000,443953.43549000,0
1784956500000000,74.23000000,74.27000000,74.19000000,74.21000000,15574.85100000,1784957399999999,1156033.26537000,1310,3402.26600000,252536.98703000,0
1784957400000000,74.21000000,74.22000000,74.04000000,74.06000000,4502.33100000,1784958299999999,333717.74777000,1377,1865.51800000,138271.33751000,0
1784958300000000,74.06000000,74.06000000,73.91000000,73.99000000,8670.06100000,1784959199999999,641451.84428000,1861,2634.70600000,194914.56657000,0
1784959200000000,73.98000000,74.03000000,73.93000000,74.01000000,3373.95100000,1784960099999999,249618.42710000,1139,1766.77500000,130706.86240000,0
1784960100000000,74.00000000,74.02000000,73.85000000,73.88000000,8242.35400000,1784960999999999,609393.19928000,2198,2223.02800000,164360.88130000,0
1784961000000000,73.87000000,73.93000000,73.77000000,73.89000000,8979.46000000,1784961899999999,663249.54820000,2370,5694.53700000,420647.54743000,0
1784961900000000,73.89000000,74.03000000,73.85000000,74.03000000,12143.49500000,1784962799999999,897576.33980000,1823,7381.69200000,545564.74625000,0
1784962800000000,74.03000000,74.06000000,73.95000000,73.96000000,6384.78600000,1784963699999999,472390.12371000,1235,1633.30200000,120873.60265000,0
1784963700000000,73.95000000,73.96000000,73.86000000,73.88000000,4894.16500000,1784964599999999,361678.23352000,1282,1886.04600000,139367.16324000,0
1784964600000000,73.87000000,73.92000000,73.83000000,73.87000000,6906.56800000,1784965499999999,510162.67775000,1372,4908.13500000,362547.94650000,0
1784965500000000,73.87000000,73.91000000,73.79000000,73.79000000,11340.47000000,1784966399999999,837531.48410000,1650,4265.38900000,315027.07602000,0
1784966400000000,73.79000000,73.80000000,73.56000000,73.74000000,14412.73300000,1784967299999999,1062240.34230000,3951,5069.55700000,373638.00200000,0
1784967300000000,73.74000000,73.86000000,73.74000000,73.86000000,3089.23000000,1784968199999999,227987.61800000,1612,1276.26600000,94188.25433000,0
1784968200000000,73.86000000,73.87000000,73.76000000,73.81000000,8676.88800000,1784969099999999,640514.02575000,2054,4949.50500000,365330.39153000,0
1784969100000000,73.81000000,73.82000000,73.74000000,73.79000000,8094.77000000,1784969999999999,597249.86162000,1745,4065.28700000,299945.15346000,0
1784970000000000,73.80000000,73.90000000,73.76000000,73.89000000,6931.44200000,1784970899999999,511681.63284000,1536,3898.56600000,287827.61277000,0
1784970900000000,73.89000000,74.01000000,73.88000000,74.00000000,4391.12000000,1784971799999999,324744.62883000,1499,3304.30500000,244387.37216000,0
1784971800000000,74.01000000,74.03000000,73.94000000,73.99000000,6437.87500000,1784972699999999,476294.90405000,1556,4287.29400000,317205.22127000,0
1784972700000000,74.00000000,74.04000000,73.98000000,74.00000000,4066.36100000,1784973599999999,300906.73905000,1219,2083.21800000,154154.73203000,0
1784973600000000,73.99000000,74.04000000,73.98000000,74.01000000,6840.93600000,1784974499999999,506297.57345000,1540,4611.81000000,341341.17193000,0
1784974500000000,74.02000000,74.04000000,73.92000000,73.99000000,4919.25300000,1784975399999999,363904.12406000,1430,2545.67900000,188318.61636000,0
1784975400000000,74.00000000,74.00000000,73.93000000,73.94000000,3005.30900000,1784976299999999,222289.54816000,1240,1283.74600000,94951.08747000,0
1784976300000000,73.93000000,74.00000000,73.91000000,73.98000000,3846.34600000,1784977199999999,284447.25863000,1062,2706.45100000,200172.97800000,0
1784977200000000,73.99000000,74.05000000,73.96000000,74.01000000,4477.19400000,1784978099999999,331343.71125000,1246,2348.63000000,173829.59636000,0
1784978100000000,74.01000000,74.03000000,73.92000000,73.94000000,5130.05100000,1784978999999999,379555.21071000,1219,2763.15500000,204463.36551000,0
1784979000000000,73.95000000,74.00000000,73.86000000,73.91000000,6040.86500000,1784979899999999,446598.26575000,2123,2863.63700000,211704.03429000,0
1784979900000000,73.91000000,73.95000000,73.90000000,73.92000000,3861.96900000,1784980799999999,285463.77378000,1216,1331.89500000,98460.05888000,0
1784980800000000,73.92000000,73.94000000,73.87000000,73.92000000,7405.49700000,1784981699999999,547235.32680000,1298,5809.95600000,429314.19102000,0
1784981700000000,73.92000000,73.99000000,73.89000000,73.93000000,7147.38700000,1784982599999999,528365.81859000,1370,2763.91200000,204323.07582000,0
1784982600000000,73.93000000,73.96000000,73.85000000,73.93000000,4897.09700000,1784983499999999,361950.00967000,1702,1879.21400000,138913.09521000,0
1784983500000000,73.93000000,73.97000000,73.90000000,73.97000000,4304.81300000,1784984399999999,318270.58658000,1262,1488.74500000,110065.02384000,0
1784984400000000,73.97000000,74.01000000,73.94000000,73.96000000,4639.34000000,1784985299999999,343231.97140000,1624,2994.82800000,221569.30073000,0
1784985300000000,73.96000000,74.07000000,73.96000000,73.98000000,7134.70200000,1784986199999999,528058.95421000,1618,4821.43600000,356835.29380000,0
1784986200000000,73.98000000,74.14000000,73.96000000,74.13000000,5485.11300000,1784987099999999,406113.88192000,2203,3143.43600000,232742.46318000,0
1784987100000000,74.13000000,74.20000000,73.97000000,73.98000000,8221.78300000,1784987999999999,609248.79588000,2615,4365.32000000,323508.72407000,0
1784988000000000,73.99000000,73.99000000,73.78000000,73.87000000,13515.34700000,1784988899999999,998001.21069000,3293,5892.06000000,435054.86043000,0
1784988900000000,73.87000000,73.91000000,73.80000000,73.86000000,11911.65800000,1784989799999999,879690.41784000,2655,7339.68300000,542063.05678000,0
1784989800000000,73.86000000,74.00000000,73.85000000,73.97000000,4721.19400000,1784990699999999,349096.97335000,2166,2781.18900000,205636.63686000,0
1784990700000000,73.96000000,74.08000000,73.92000000,74.06000000,10130.91300000,1784991599999999,749546.80466000,2225,6451.70900000,477352.55105000,0
1784991600000000,74.06000000,74.22000000,74.00000000,74.20000000,11372.30100000,1784992499999999,842734.19166000,2869,6698.05500000,496393.48074000,0
1784992500000000,74.20000000,74.31000000,74.17000000,74.20000000,8375.29500000,1784993399999999,621578.01569000,2606,5557.14800000,412407.28973000,0
1784993400000000,74.20000000,74.27000000,74.14000000,74.23000000,5292.43800000,1784994299999999,392792.22316000,2061,2642.07500000,196080.70281000,0
1784994300000000,74.23000000,74.24000000,74.17000000,74.18000000,4644.23400000,1784995199999999,344673.14104000,1575,1814.77700000,134694.96796000,0
1784995200000000,74.18000000,74.30000000,74.13000000,74.30000000,7204.42700000,1784996099999999,534610.59975000,2632,4393.39500000,326029.61591000,0
1784996100000000,74.30000000,74.30000000,74.09000000,74.18000000,5735.67900000,1784996999999999,425502.47645000,2488,3161.56100000,234516.88011000,0
1784997000000000,74.17000000,74.35000000,74.17000000,74.32000000,7702.56400000,1784997899999999,572041.80861000,2742,3706.46700000,275264.74470000,0
1784997900000000,74.33000000,74.42000000,74.26000000,74.32000000,5308.32600000,1784998799999999,394618.81104000,2527,3282.26700000,244006.82973000,0
1784998800000000,74.32000000,74.39000000,74.30000000,74.34000000,3939.70700000,1784999699999999,292897.01305000,1822,1970.70700000,146513.66268000,0
1784999700000000,74.33000000,74.58000000,74.33000000,74.49000000,17083.70300000,1785000599999999,1273036.30467000,3201,10651.18900000,793666.75937000,0
1785000600000000,74.49000000,74.63000000,74.45000000,74.63000000,7966.63200000,1785001499999999,593807.58565000,2612,5043.99700000,376033.25055000,0
1785001500000000,74.62000000,74.67000000,74.45000000,74.48000000,10265.62200000,1785002399999999,765402.01035000,3080,4092.60100000,305100.73607000,0
1785002400000000,74.47000000,74.67000000,74.46000000,74.54000000,9855.31500000,1785003299999999,734538.95938000,2835,3000.07600000,223702.38638000,0
1785003300000000,74.53000000,74.57000000,74.48000000,74.57000000,5797.00100000,1785004199999999,432016.64814000,2022,3153.18200000,234991.52180000,0
1785004200000000,74.57000000,74.67000000,74.52000000,74.55000000,14838.04800000,1785005099999999,1107208.23816000,2515,11481.82900000,856872.14120000,0
1785005100000000,74.55000000,74.72000000,74.55000000,74.66000000,6115.94700000,1785005999999999,456573.88305000,2058,3834.31900000,286244.69728000,0
1785006000000000,74.67000000,74.73000000,74.62000000,74.70000000,4894.48600000,1785006899999999,365537.34985000,1919,2583.98600000,192979.53831000,0
1785006900000000,74.70000000,74.71000000,74.60000000,74.62000000,4272.72000000,1785007799999999,318963.13505000,1713,2119.97100000,158269.00704000,0
1785007800000000,74.62000000,74.62000000,74.53000000,74.60000000,6355.24400000,1785008699999999,473969.57827000,1408,2107.02500000,157133.92895000,0
1785008700000000,74.59000000,74.63000000,74.54000000,74.57000000,7697.79500000,1785009599999999,574173.22951000,1446,3715.37100000,277133.76426000,0
1785009600000000,74.57000000,74.58000000,74.44000000,74.51000000,7444.63100000,1785010499999999,554679.70291000,1863,2373.17100000,176814.32958000,0
1785010500000000,74.51000000,74.54000000,74.43000000,74.49000000,6442.64100000,1785011399999999,479754.29062000,1659,1756.23600000,130789.92622000,0
1785011400000000,74.49000000,74.50000000,74.42000000,74.46000000,6541.59600000,1785012299999999,487056.34152000,1431,2599.13500000,193515.90800000,0
1785012300000000,74.46000000,74.47000000,74.40000000,74.45000000,6145.91500000,1785013199999999,457425.10303000,1579,2780.84400000,206963.90394000,0
1785013200000000,74.45000000,74.45000000,74.28000000,74.35000000,6706.96600000,1785014099999999,498718.45662000,1817,2092.78400000,155589.49459000,0
1785014100000000,74.35000000,74.43000000,74.30000000,74.43000000,4830.74000000,1785014999999999,359120.86067000,1247,1301.84200000,96798.44467000,0
1785015000000000,74.42000000,74.56000000,74.39000000,74.51000000,8766.06700000,1785015899999999,652887.37154000,2287,4291.16100000,319643.52327000,0
1785015900000000,74.51000000,74.60000000,74.44000000,74.46000000,7940.42600000,1785016799999999,591638.93059000,2214,4420.20200000,329358.94572000,0
1785016800000000,74.46000000,74.51000000,74.42000000,74.45000000,8129.24200000,1785017699999999,605390.43580000,1998,3671.38000000,273418.20358000,0
1785017700000000,74.46000000,74.46000000,74.37000000,74.38000000,7768.68300000,1785018599999999,578084.73955000,1402,2513.44200000,187039.81422000,0
1785018600000000,74.39000000,74.45000000,74.30000000,74.44000000,7368.04500000,1785019499999999,547889.92441000,1697,4243.22500000,315489.24758000,0
1785019500000000,74.44000000,74.53000000,74.41000000,74.50000000,4184.02000000,1785020399999999,311647.01937000,1407,2752.39900000,205027.22525000,0
1785020400000000,74.50000000,74.51000000,74.45000000,74.48000000,3629.02200000,1785021299999999,270300.70638000,1127,2199.77700000,163841.07451000,0
1785021300000000,74.48000000,74.48000000,74.41000000,74.46000000,4824.91900000,1785022199999999,359215.66380000,943,1884.51200000,140301.19527000,0
1785022200000000,74.45000000,74.55000000,74.45000000,74.45000000,5634.49700000,1785023099999999,419757.60256000,1008,3584.23400000,267005.63803000,0
1785023100000000,74.44000000,74.53000000,74.43000000,74.52000000,4456.62300000,1785023999999999,331934.46792000,1094,1912.64800000,142449.09321000,0
1785024000000000,74.53000000,74.67000000,74.47000000,74.65000000,3682.57100000,1785024899999999,274614.41162000,1732,2275.40800000,169716.92367000,0
1785024900000000,74.65000000,74.96000000,74.64000000,74.89000000,16897.73000000,1785025799999999,1264040.03224000,3971,10202.21200000,763118.56490000,0
1785025800000000,74.88000000,74.91000000,74.68000000,74.71000000,11841.23100000,1785026699999999,885457.91070000,2647,3739.98400000,279786.36269000,0
1785026700000000,74.70000000,74.82000000,74.65000000,74.79000000,6490.77500000,1785027599999999,485049.33262000,2126,3870.32300000,289248.11425000,0
1785027600000000,74.78000000,74.83000000,74.71000000,74.76000000,6953.12700000,1785028499999999,519830.82111000,2052,4554.92400000,340543.67761000,0
1785028500000000,74.76000000,74.77000000,74.67000000,74.68000000,7044.57100000,1785029399999999,526517.00191000,1629,3949.81300000,295283.78452000,0
1785029400000000,74.68000000,74.80000000,74.68000000,74.79000000,6168.14500000,1785030299999999,461073.29923000,1578,2648.02600000,197945.45402000,0
1785030300000000,74.79000000,74.90000000,74.76000000,74.82000000,3148.15700000,1785031199999999,235570.68296000,1470,1776.93600000,132962.81503000,0
1785031200000000,74.82000000,74.87000000,74.72000000,74.80000000,15884.39900000,1785032099999999,1188522.64487000,3262,10917.02800000,816938.03935000,0
1785032100000000,74.80000000,74.85000000,74.74000000,74.82000000,3717.18400000,1785032999999999,277987.94938000,1522,1982.87100000,148288.93575000,0
1785033000000000,74.82000000,74.83000000,74.72000000,74.81000000,3280.91200000,1785033899999999,245351.47289000,1401,1761.09500000,131695.78723000,0
1785033900000000,74.80000000,74.93000000,74.80000000,74.90000000,7140.26900000,1785034799999999,534737.34603000,1904,4542.43700000,340167.59388000,0
1785034800000000,74.90000000,75.05000000,74.82000000,74.99000000,19280.71500000,1785035699999999,1445071.71671000,3710,13348.24000000,1000504.77346000,0
1785035700000000,75.00000000,75.00000000,74.90000000,74.93000000,3811.94400000,1785036599999999,285681.46214000,1433,2397.85600000,179699.78325000,0
1785036600000000,74.92000000,75.00000000,74.90000000,74.96000000,4079.31800000,1785037499999999,305790.96194000,1873,1908.01000000,143018.89985000,0
1785037500000000,74.96000000,75.04000000,74.95000000,75.03000000,5252.99900000,1785038399999999,393900.08319000,1686,3054.69800000,229051.96178000,0
1785038400000000,75.04000000,75.14000000,74.95000000,74.98000000,9818.58700000,1785039299999999,736936.94404000,2902,4993.66900000,374829.09701000,0
1785039300000000,74.97000000,75.15000000,74.95000000,75.14000000,5395.18400000,1785040199999999,404989.95222000,1942,3606.65100000,270741.53260000,0
1785040200000000,75.14000000,75.20000000,75.08000000,75.19000000,8240.87800000,1785041099999999,619253.78748000,2352,5317.02700000,399566.35211000,0
1785041100000000,75.19000000,75.23000000,75.03000000,75.07000000,7057.62600000,1785041999999999,530097.49466000,2545,3466.47700000,260309.76606000,0
1785042000000000,75.07000000,75.18000000,75.00000000,75.15000000,6941.66700000,1785042899999999,521167.08699000,2064,3702.96700000,277987.79324000,0
1785042900000000,75.16000000,75.16000000,75.04000000,75.05000000,5824.50900000,1785043799999999,437481.65303000,1449,3999.80100000,300418.43101000,0
1785043800000000,75.05000000,75.12000000,74.95000000,75.11000000,8355.46500000,1785044699999999,627028.06549000,2824,5295.14400000,397378.53511000,0
1785044700000000,75.12000000,75.12000000,75.01000000,75.02000000,4772.80100000,1785045599999999,358226.08048000,1549,2302.48600000,172832.60043000,0
1785045600000000,75.02000000,75.07000000,74.84000000,74.87000000,9389.30200000,1785046499999999,703847.38171000,2411,3299.14000000,247292.02984000,0
1785046500000000,74.88000000,74.90000000,74.74000000,74.77000000,11577.75600000,1785047399999999,865937.71280000,2763,4838.95100000,361951.36526000,0
1785047400000000,74.76000000,74.95000000,74.76000000,74.94000000,6538.02700000,1785048299999999,489442.98420000,2266,3983.52100000,298146.56517000,0
1785048300000000,74.94000000,75.13000000,74.93000000,75.12000000,8491.39700000,1785049199999999,637523.21703000,2236,2494.18900000,187195.37729000,0
1785049200000000,75.13000000,75.15000000,74.99000000,75.03000000,5155.07700000,1785050099999999,387052.19354000,1998,2390.02100000,179441.02098000,0
1785050100000000,75.04000000,75.05000000,74.94000000,74.95000000,3379.04500000,1785050999999999,253374.29262000,1325,1295.93100000,97174.23879000,0
1785051000000000,74.95000000,74.99000000,74.89000000,74.89000000,4091.11100000,1785051899999999,306607.33830000,1753,1625.56300000,121842.14594000,0
1785051900000000,74.89000000,74.94000000,74.85000000,74.87000000,3574.74800000,1785052799999999,267716.75359000,1303,1284.58000000,96211.81460000,0
1785052800000000,74.88000000,74.96000000,74.85000000,74.93000000,3733.16200000,1785053699999999,279608.44277000,1211,2115.00700000,158400.01709000,0
1785053700000000,74.93000000,74.95000000,74.85000000,74.90000000,3190.39600000,1785054599999999,238936.08566000,1203,1773.05100000,132785.52734000,0
1785054600000000,74.90000000,74.95000000,74.88000000,74.93000000,6236.83100000,1785055499999999,467188.39853000,1296,3266.88500000,244730.36868000,0
1785055500000000,74.94000000,75.06000000,74.92000000,74.98000000,4704.22900000,1785056399999999,352735.06665000,1347,2781.74500000,208557.16333000,0
1785056400000000,74.99000000,75.12000000,74.98000000,75.02000000,3487.37500000,1785057299999999,261703.43930000,1552,1551.42100000,116421.36511000,0
1785057300000000,75.01000000,75.11000000,75.01000000,75.08000000,6112.59600000,1785058199999999,458853.75864000,1487,3406.36200000,255703.37017000,0
1785058200000000,75.07000000,75.28000000,75.02000000,75.15000000,18077.44900000,1785059099999999,1359009.51314000,4081,12385.01200000,931055.60520000,0
1785059100000000,75.15000000,75.21000000,75.07000000,75.07000000,6331.57600000,1785059999999999,475800.87496000,2003,2625.13900000,197285.21459000,0
1785060000000000,75.08000000,75.19000000,75.03000000,75.15000000,5237.76500000,1785060899999999,393369.50216000,2115,2617.32300000,196563.65648000,0
1785060900000000,75.15000000,75.20000000,75.11000000,75.14000000,7518.40100000,1785061799999999,564982.80127000,1729,2214.70200000,166416.19680000,0
1785061800000000,75.13000000,75.22000000,75.13000000,75.21000000,5295.95300000,1785062699999999,398143.09286000,2205,2904.69700000,218377.12733000,0
1785062700000000,75.22000000,75.25000000,75.11000000,75.12000000,5615.57900000,1785063599999999,422119.05083000,1924,2635.91500000,198112.06015000,0
1785063600000000,75.12000000,75.17000000,75.05000000,75.10000000,3659.98600000,1785064499999999,274898.38536000,1826,1571.12900000,118015.62604000,0
1785064500000000,75.11000000,75.11000000,75.06000000,75.06000000,4008.75300000,1785065399999999,300985.29481000,1280,1382.85500000,103838.90973000,0
1785065400000000,75.07000000,75.11000000,74.90000000,74.91000000,14606.29800000,1785066299999999,1095625.62593000,3003,5343.42800000,400902.96159000,0
1785066300000000,74.91000000,74.96000000,74.90000000,74.95000000,4858.64900000,1785067199999999,364062.00428000,1909,3341.81900000,250405.70380000,0
1785067200000000,74.95000000,75.14000000,74.93000000,75.04000000,7817.48300000,1785068099999999,586514.36524000,3166,4979.53700000,373634.64397000,0
1785068100000000,75.05000000,75.08000000,74.88000000,75.00000000,8307.71300000,1785068999999999,622756.96534000,2035,4387.90100000,328948.80681000,0
1785069000000000,74.99000000,75.00000000,74.84000000,74.87000000,5052.23900000,1785069899999999,378420.86395000,1537,2833.12700000,212206.56240000,0
1785069900000000,74.87000000,74.90000000,74.81000000,74.89000000,4990.07500000,1785070799999999,373615.38086000,1426,3148.90200000,235763.98546000,0
1785070800000000,74.89000000,74.90000000,74.77000000,74.80000000,8330.86100000,1785071699999999,623331.80182000,2028,1802.12300000,134828.93020000,0
1785071700000000,74.81000000,74.96000000,74.80000000,74.86000000,7291.15600000,1785072599999999,546052.46486000,2060,4142.07200000,310208.33709000,0
1785072600000000,74.87000000,74.95000000,74.75000000,74.94000000,11863.02400000,1785073499999999,887467.25740000,2134,3542.55300000,265124.12403000,0
1785073500000000,74.94000000,74.97000000,74.87000000,74.94000000,4184.52300000,1785074399999999,313540.73731000,1638,2111.55000000,158225.61197000,0
1785074400000000,74.94000000,75.23000000,74.92000000,75.13000000,11758.56500000,1785075299999999,883354.43075000,5174,7548.31800000,566998.15535000,0
1785075300000000,75.13000000,75.13000000,74.91000000,74.93000000,6679.92800000,1785076199999999,500998.97047000,2539,3714.69800000,278560.45046000,0
1785076200000000,74.92000000,75.04000000,74.89000000,74.98000000,5822.65800000,1785077099999999,436473.51453000,2645,3428.57900000,257001.11307000,0
1785077100000000,74.98000000,75.08000000,74.97000000,75.06000000,7257.83500000,1785077999999999,544598.21617000,3280,3799.50600000,285098.41263000,0
1785078000000000,75.05000000,75.18000000,74.97000000,75.00000000,5394.75000000,1785078899999999,404871.38741000,3059,2783.10400000,208863.07773000,0
1785078900000000,75.00000000,75.38000000,75.00000000,75.21000000,16265.98400000,1785079799999999,1223944.19289000,4657,12282.29400000,924223.67258000,0
1785079800000000,75.22000000,75.43000000,75.16000000,75.36000000,12753.83700000,1785080699999999,960558.53514000,5801,5254.45600000,395608.99659000,0
1785080700000000,75.35000000,75.50000000,75.32000000,75.49000000,11896.19100000,1785081599999999,896879.95222000,4744,5809.04000000,437985.03650000,0
1785081600000000,75.48000000,75.52000000,75.31000000,75.43000000,19369.44400000,1785082499999999,1461197.01821000,5552,9634.35300000,726952.79750000,0
1785082500000000,75.44000000,75.72000000,75.43000000,75.69000000,17802.78600000,1785083399999999,1345193.82243000,5923,8435.60800000,637470.49831000,0
1785083400000000,75.69000000,75.99000000,75.63000000,75.67000000,20597.82600000,1785084299999999,1561456.73612000,7864,10943.32700000,829618.60178000,0
1785084300000000,75.66000000,75.73000000,75.53000000,75.53000000,8362.29800000,1785085199999999,632376.92348000,3212,2473.82700000,187074.73551000,0
1785085200000000,75.53000000,75.58000000,75.40000000,75.57000000,7788.01600000,1785086099999999,587995.50021000,3223,2867.86800000,216548.64431000,0
1785086100000000,75.57000000,75.60000000,75.30000000,75.33000000,5085.28100000,1785086999999999,383677.72356000,2800,2018.42100000,152261.76227000,0
1785087000000000,75.33000000,75.44000000,75.31000000,75.37000000,5148.17000000,1785087899999999,388040.57964000,1956,2672.78200000,201493.42684000,0
1785087900000000,75.37000000,75.43000000,75.35000000,75.38000000,5886.17700000,1785088799999999,443831.81956000,1852,3772.06800000,284432.72729000,0
1785088800000000,75.38000000,75.42000000,75.28000000,75.32000000,4752.49900000,1785089699999999,358071.07197000,1980,1807.41700000,136158.07064000,0
1785089700000000,75.31000000,75.43000000,75.31000000,75.34000000,2520.43500000,1785090599999999,189947.27816000,1454,1355.72900000,102173.71082000,0
1785090600000000,75.35000000,75.41000000,75.29000000,75.38000000,5398.31600000,1785091499999999,406813.68374000,1896,2054.40500000,154812.52083000,0
1785091500000000,75.38000000,75.45000000,75.34000000,75.39000000,3382.35800000,1785092399999999,255049.05698000,1274,2085.11500000,157223.55684000,0
1785092400000000,75.40000000,75.46000000,75.26000000,75.26000000,5846.39100000,1785093299999999,440514.52318000,2387,2878.62000000,216870.56095000,0
1785093300000000,75.27000000,75.33000000,75.25000000,75.30000000,3642.21000000,1785094199999999,274179.18457000,2265,2193.69700000,165143.79841000,0
1785094200000000,75.30000000,75.33000000,75.25000000,75.28000000,6060.96400000,1785095099999999,456324.74237000,1715,4422.01100000,332935.26978000,0
1785095100000000,75.27000000,75.35000000,75.26000000,75.34000000,4371.40700000,1785095999999999,329189.32327000,2515,3524.35600000,265400.46917000,0
1785096000000000,75.34000000,75.40000000,75.34000000,75.36000000,4488.84300000,1785096899999999,338331.85485000,2259,2603.39300000,196211.90944000,0
1785096900000000,75.36000000,75.39000000,75.33000000,75.37000000,4706.73900000,1785097799999999,354708.39251000,2578,3428.80800000,258408.20830000,0
1785097800000000,75.36000000,75.40000000,75.35000000,75.37000000,2788.61700000,1785098699999999,210175.94073000,1429,1797.73700000,135498.09800000,0
1785098700000000,75.37000000,75.37000000,75.31000000,75.34000000,7254.91000000,1785099599999999,546604.47691000,2313,5086.26300000,383215.56896000,0
1785099600000000,75.33000000,75.49000000,75.32000000,75.41000000,7653.37600000,1785100499999999,576980.95972000,3344,3450.95900000,260156.04778000,0
1785100500000000,75.40000000,75.71000000,75.40000000,75.62000000,7834.55800000,1785101399999999,591940.37582000,3938,4989.09300000,376866.47783000,0
1785101400000000,75.62000000,75.67000000,75.53000000,75.56000000,7280.08200000,1785102299999999,550351.97039000,3422,3078.62400000,232719.07836000,0
1785102300000000,75.56000000,75.77000000,75.55000000,75.65000000,8833.56900000,1785103199999999,668647.12003000,3327,4380.20600000,331514.77754000,0
1785103200000000,75.65000000,76.20000000,75.65000000,76.10000000,38823.06300000,1785104099999999,2951645.57011000,16696,22431.03500000,1705154.94075000,0
1785104100000000,76.11000000,76.42000000,76.11000000,76.38000000,46588.53200000,1785104999999999,3552905.64660000,10382,28937.76800000,2207017.43940000,0
1785105000000000,76.39000000,76.82000000,76.35000000,76.67000000,38459.20100000,1785105899999999,2945381.95547000,10483,26430.73400000,2024109.53126000,0
1785105900000000,76.67000000,76.75000000,76.54000000,76.71000000,29781.21300000,1785106799999999,2283174.53822000,6793,17640.46500000,1352388.01111000,0
1785106800000000,76.72000000,77.10000000,76.61000000,76.81000000,38166.76400000,1785107699999999,2934517.07508000,13077,22411.74100000,1723247.85508000,0
1785107700000000,76.81000000,77.01000000,76.66000000,76.68000000,15823.58600000,1785108599999999,1215355.39324000,5662,7135.72100000,548054.50567000,0
1785108600000000,76.68000000,76.73000000,76.52000000,76.70000000,25529.40200000,1785109499999999,1956229.85295000,5707,5700.32900000,436916.47720000,0
1785109500000000,76.70000000,76.76000000,76.60000000,76.76000000,10767.29300000,1785110399999999,825637.27377000,4135,5103.10300000,391338.90770000,0
1785110400000000,76.77000000,76.80000000,76.50000000,76.60000000,16201.00600000,1785111299999999,1241260.54498000,6231,6487.60300000,497052.65552000,0
1785111300000000,76.60000000,76.60000000,76.38000000,76.50000000,16490.80900000,1785112199999999,1261310.09927000,6122,6779.47200000,518485.66694000,0
1785112200000000,76.50000000,76.54000000,76.40000000,76.42000000,12092.54000000,1785113099999999,924624.13032000,4458,5152.48900000,393903.41417000,0
1785113100000000,76.42000000,76.53000000,76.19000000,76.35000000,9984.00400000,1785113999999999,762681.16302000,5311,3718.21000000,284235.70193000,0
1785114000000000,76.34000000,76.45000000,76.25000000,76.27000000,9212.07900000,1785114899999999,703626.38503000,3845,5299.95100000,404848.49715000,0
1785114900000000,76.27000000,76.32000000,76.16000000,76.23000000,15971.09700000,1785115799999999,1217416.33371000,5282,9775.27000000,745072.93452000,0
1785115800000000,76.22000000,76.37000000,75.98000000,76.26000000,14149.68900000,1785116699999999,1077723.70889000,6102,5306.57300000,404522.63887000,0
1785116700000000,76.25000000,76.53000000,76.22000000,76.52000000,11593.51200000,1785117599999999,885822.62495000,3944,7365.09600000,562746.41523000,0
1785117600000000,76.53000000,76.61000000,76.40000000,76.51000000,18627.98900000,1785118499999999,1425160.42364000,4848,9242.98700000,707254.80400000,0
1785118500000000,76.50000000,76.63000000,76.44000000,76.58000000,23621.66400000,1785119399999999,1808013.77352000,4301,11770.56300000,900950.89409000,0
1785119400000000,76.59000000,76.68000000,76.45000000,76.60000000,14955.76900000,1785120299999999,1145115.73268000,3684,7223.79000000,553070.33469000,0
1785120300000000,76.60000000,76.63000000,76.37000000,76.44000000,8287.06300000,1785121199999999,633800.99422000,2485,3290.02900000,251491.50172000,0
1785121200000000,76.44000000,76.55000000,76.35000000,76.44000000,9858.24000000,1785122099999999,753333.78753000,3138,4541.26600000,347046.81047000,0
1785122100000000,76.43000000,76.53000000,76.41000000,76.46000000,13328.98600000,1785122999999999,1019342.94774000,2729,5412.78900000,413887.15031000,0
1785123000000000,76.46000000,76.50000000,76.35000000,76.49000000,7327.35600000,1785123899999999,559932.77636000,2351,4007.31000000,306244.79613000,0
1785123900000000,76.49000000,76.50000000,76.33000000,76.40000000,10244.74200000,1785124799999999,782643.87956000,2927,4399.56700000,336076.13231000,0
1785124800000000,76.41000000,76.52000000,76.32000000,76.42000000,14599.41500000,1785125699999999,1115815.61087000,3801,6889.15000000,526481.30126000,0
1785125700000000,76.42000000,76.64000000,76.34000000,76.39000000,14105.69900000,1785126599999999,1078681.90575000,4141,6692.41100000,511912.19926000,0
1785126600000000,76.39000000,76.43000000,76.26000000,76.42000000,10064.65100000,1785127499999999,768355.71692000,3229,4767.43300000,363998.60613000,0
1785127500000000,76.42000000,76.43000000,76.28000000,76.30000000,16105.85900000,1785128399999999,1229347.22117000,2105,2821.27100000,215409.63457000,0
1785128400000000,76.30000000,76.47000000,76.26000000,76.45000000,17876.62200000,1785129299999999,1364464.88986000,4564,9163.45300000,699459.55447000,0
1785129300000000,76.45000000,76.50000000,76.33000000,76.43000000,14537.95800000,1785130199999999,1111055.99782000,4881,7479.47100000,571633.25357000,0
1785130200000000,76.43000000,76.46000000,76.34000000,76.37000000,12977.57700000,1785131099999999,991561.02188000,4331,8414.61300000,642935.11985000,0
1785131100000000,76.38000000,76.64000000,76.31000000,76.56000000,11053.92200000,1785131999999999,844900.83694000,4505,7412.42000000,566460.74729000,0
1785132000000000,76.56000000,76.99000000,76.53000000,76.88000000,22301.49200000,1785132899999999,1713595.99339000,9986,13036.18900000,1001639.55202000,0
1785132900000000,76.87000000,76.94000000,76.66000000,76.69000000,9381.91400000,1785133799999999,720213.46207000,3990,3053.78600000,234410.04851000,0
1785133800000000,76.68000000,76.93000000,76.64000000,76.85000000,7967.50300000,1785134699999999,612024.40994000,3547,2784.26700000,213859.69560000,0
1785134700000000,76.85000000,76.87000000,76.65000000,76.73000000,6995.25600000,1785135599999999,536799.75743000,3118,3110.14000000,238643.44550000,0
1785135600000000,76.73000000,76.76000000,76.58000000,76.72000000,27516.76600000,1785136499999999,2109673.63581000,5256,19637.94600000,1505497.68346000,0
1785136500000000,76.72000000,76.72000000,76.57000000,76.57000000,4026.77000000,1785137399999999,308668.16190000,2666,1942.54400000,148914.33577000,0
1785137400000000,76.57000000,76.58000000,76.40000000,76.53000000,13510.42600000,1785138299999999,1033493.69059000,3634,4542.35900000,347485.60360000,0
1785138300000000,76.54000000,76.63000000,76.47000000,76.47000000,10846.87500000,1785139199999999,830399.27731000,2532,6449.70900000,493856.39144000,0
1785139200000000,76.48000000,76.51000000,76.30000000,76.37000000,8255.51400000,1785140099999999,630828.53405000,3284,4247.45900000,324629.86358000,0
1785140100000000,76.37000000,76.43000000,76.29000000,76.39000000,6867.87100000,1785140999999999,524494.01285000,2998,3537.46600000,270160.84651000,0
1785141000000000,76.39000000,76.40000000,76.28000000,76.30000000,11610.06000000,1785141899999999,886225.44616000,3383,6074.71200000,463698.41881000,0
1785141900000000,76.30000000,76.38000000,76.23000000,76.30000000,8056.67900000,1785142799999999,614777.63886000,3586,4889.52100000,373140.63566000,0
1785142800000000,76.29000000,76.29000000,76.13000000,76.19000000,11207.86400000,1785143699999999,853878.41955000,4295,5045.53000000,384386.76599000,0
1785143700000000,76.18000000,76.37000000,76.17000000,76.36000000,15958.51400000,1785144599999999,1216812.53322000,2762,7605.84900000,580033.16426000,0
1785144600000000,76.36000000,76.53000000,76.31000000,76.46000000,9874.71300000,1785145499999999,754660.04026000,3629,5528.23600000,422442.69921000,0
1785145500000000,76.45000000,76.56000000,76.43000000,76.49000000,4164.83000000,1785146399999999,318622.88960000,1769,2468.63400000,188874.53480000,0
1785146400000000,76.48000000,76.51000000,76.41000000,76.49000000,5899.58100000,1785147299999999,451110.05032000,2233,2686.70600000,205448.97322000,0
1785147300000000,76.48000000,76.64000000,76.48000000,76.58000000,8689.41500000,1785148199999999,665178.42358000,2697,6613.53300000,506254.86217000,0
1785148200000000,76.59000000,76.66000000,76.54000000,76.65000000,7979.88400000,1785149099999999,611218.42226000,2422,4837.95700000,370601.72942000,0
1785149100000000,76.65000000,76.68000000,76.57000000,76.61000000,5841.03900000,1785149999999999,447492.99982000,1984,3232.67700000,247671.27257000,0
1785150000000000,76.62000000,76.62000000,76.48000000,76.56000000,5013.61900000,1785150899999999,383842.25862000,2256,2400.58100000,183791.84482000,0
1785150900000000,76.57000000,76.67000000,76.51000000,76.51000000,21885.98000000,1785151799999999,1676596.07581000,3710,16214.76500000,1242201.36669000,0
1785151800000000,76.51000000,76.69000000,76.50000000,76.62000000,7885.20800000,1785152699999999,604203.36318000,2897,4775.49900000,365889.80666000,0
1785152700000000,76.62000000,76.63000000,76.50000000,76.50000000,6356.80500000,1785153599999999,486723.18973000,2286,3370.90400000,258135.98202000,0
1785153600000000,76.51000000,76.78000000,76.51000000,76.56000000,9666.59100000,1785154499999999,741116.01457000,4302,5329.47300000,408544.78643000,0
1785154500000000,76.56000000,76.65000000,76.39000000,76.40000000,13672.04000000,1785155399999999,1046196.14095000,4671,5462.35200000,418044.79260000,0
1785155400000000,76.39000000,76.88000000,76.25000000,76.86000000,26749.68300000,1785156299999999,2048797.59195000,6984,13986.95300000,1072310.82302000,0
1785156300000000,76.87000000,77.06000000,76.79000000,76.86000000,60087.98200000,1785157199999999,4622320.82522000,11661,34051.44800000,2619704.87074000,0
1785157200000000,76.86000000,76.96000000,76.63000000,76.63000000,13636.80400000,1785158099999999,1047416.96899000,5499,6129.57000000,470780.14214000,0
1785158100000000,76.63000000,76.70000000,76.46000000,76.51000000,12468.93100000,1785158999999999,954589.73987000,5015,4940.12700000,378262.75762000,0
1785159000000000,76.52000000,77.50000000,76.48000000,77.37000000,62179.99300000,1785159899999999,4791878.79463000,27190,33406.27400000,2574562.09329000,0
1785159900000000,77.37000000,77.46000000,76.80000000,76.92000000,62352.59000000,1785160799999999,4812483.33380000,18595,32387.28300000,2501776.29663000,0
1785160800000000,76.91000000,77.00000000,76.70000000,76.93000000,22935.40100000,1785161699999999,1762904.57262000,12403,10173.14700000,782070.88680000,0
1785161700000000,76.93000000,77.00000000,75.80000000,75.82000000,35481.58100000,1785162599999999,2704768.22535000,21611,10710.24600000,816371.01191000,0
1785162600000000,75.82000000,75.82000000,75.07000000,75.11000000,86995.23900000,1785163499999999,6562500.40088000,32258,33429.81000000,2521688.45944000,0
1785163500000000,75.11000000,75.64000000,75.03000000,75.48000000,42352.87200000,1785164399999999,3192375.30458000,17693,25012.21200000,1885291.94031000,0
1785164400000000,75.48000000,75.62000000,75.33000000,75.56000000,27266.71200000,1785165299999999,2058248.26672000,13922,17252.28700000,1302346.31470000,0
1785165300000000,75.56000000,75.61000000,75.27000000,75.38000000,17431.97400000,1785166199999999,1315130.20298000,10362,9405.17400000,709536.68720000,0
1785166200000000,75.38000000,75.49000000,75.09000000,75.44000000,29130.67500000,1785167099999999,2193406.80907000,11065,14846.51400000,1118050.58685000,0
1785167100000000,75.43000000,75.49000000,75.28000000,75.28000000,7763.83100000,1785167999999999,585355.77663000,5037,3669.05900000,276660.56676000,0
1785168000000000,75.29000000,75.39000000,75.20000000,75.28000000,13224.67300000,1785168899999999,995731.10117000,6836,6668.24800000,502044.06222000,0
1785168900000000,75.29000000,75.76000000,75.15000000,75.71000000,25358.15500000,1785169799999999,1914266.29257000,9657,16431.32100000,1240684.78450000,0
1785169800000000,75.71000000,75.90000000,75.71000000,75.84000000,12119.43100000,1785170699999999,918830.92907000,6105,7548.82600000,572219.58962000,0
1785170700000000,75.85000000,75.99000000,75.77000000,75.95000000,11758.49200000,1785171599999999,892404.32797000,4190,6780.24100000,514621.75370000,0
1785171600000000,75.96000000,76.03000000,75.82000000,75.97000000,6487.31500000,1785172499999999,492513.96995000,4265,3414.61700000,259246.47864000,0
1785172500000000,75.96000000,76.25000000,75.91000000,76.01000000,15290.91500000,1785173399999999,1163301.43472000,6346,8615.81200000,655393.93946000,0
1785173400000000,76.02000000,76.16000000,75.96000000,75.97000000,7100.39300000,1785174299999999,540116.12381000,4036,3540.02000000,269304.90503000,0
1785174300000000,75.97000000,75.97000000,75.83000000,75.91000000,7197.81800000,1785175199999999,546193.48443000,3432,3662.41600000,277905.82176000,0
1785175200000000,75.91000000,75.99000000,75.77000000,75.79000000,7857.45100000,1785176099999999,596124.01654000,3415,2605.48700000,197686.23696000,0
1785176100000000,75.79000000,75.79000000,75.55000000,75.61000000,9216.08000000,1785176999999999,696992.25552000,4219,4405.66400000,333141.09368000,0
1785177000000000,75.61000000,75.63000000,75.27000000,75.44000000,20860.44300000,1785177899999999,1573117.16352000,6893,11470.18800000,864804.97878000,0
1785177900000000,75.43000000,75.62000000,75.30000000,75.62000000,8319.33900000,1785178799999999,627740.77770000,4208,3745.33700000,282672.02589000,0
1785178800000000,75.62000000,76.01000000,75.50000000,75.90000000,9078.75400000,1785179699999999,687651.60119000,5704,4657.91300000,352713.26598000,0
1785179700000000,75.90000000,75.95000000,75.75000000,75.84000000,9898.09900000,1785180599999999,751171.81000000,4587,6501.12700000,493371.51050000,0
1785180600000000,75.85000000,75.98000000,75.78000000,75.82000000,9370.26800000,1785181499999999,710750.78332000,3668,3336.15500000,253144.85723000,0
1785181500000000,75.82000000,76.06000000,75.74000000,75.98000000,13902.22000000,1785182399999999,1055196.73814000,5131,6807.52400000,516619.15051000,0
1785182400000000,75.98000000,76.09000000,75.85000000,75.90000000,5990.04100000,1785183299999999,455076.51000000,3545,3837.62600000,291549.44857000,0
1785183300000000,75.91000000,76.14000000,75.80000000,76.09000000,3280.16100000,1785184199999999,249153.25847000,2480,1848.16300000,140400.45165000,0
1785184200000000,76.10000000,76.10000000,75.85000000,75.87000000,5807.26100000,1785185099999999,441240.33434000,2537,1915.36300000,145533.74577000,0
1785185100000000,75.87000000,75.99000000,75.81000000,75.98000000,5493.69600000,1785185999999999,416856.77238000,2532,3321.52900000,252039.72312000,0
1785186000000000,75.98000000,75.99000000,75.84000000,75.91000000,6732.23000000,1785186899999999,511094.96765000,3887,4587.04100000,348237.84452000,0
1785186900000000,75.90000000,75.90000000,75.58000000,75.58000000,8213.45500000,1785187799999999,622165.49282000,4302,4324.74900000,327606.34240000,0
1785187800000000,75.58000000,75.67000000,75.53000000,75.58000000,10485.91200000,1785188699999999,792602.29678000,4230,6908.68200000,522229.40183000,0
1785188700000000,75.59000000,75.67000000,75.51000000,75.60000000,9746.44100000,1785189599999999,736573.92797000,2974,4911.95400000,371254.19946000,0
1785189600000000,75.60000000,75.62000000,75.33000000,75.41000000,16472.62400000,1785190499999999,1242631.80270000,5756,6655.16900000,501940.47915000,0
1785190500000000,75.40000000,75.45000000,75.16000000,75.22000000,13420.79900000,1785191399999999,1011032.87319000,4241,5537.31200000,417246.10959000,0
1785191400000000,75.22000000,75.37000000,74.67000000,74.72000000,55271.09000000,1785192299999999,4144168.95975000,12766,14442.43000000,1082321.85185000,0
1785192300000000,74.73000000,74.74000000,74.02000000,74.06000000,57838.70600000,1785193199999999,4300529.59305000,20344,20690.30600000,1538327.07541000,0
1785193200000000,74.06000000,74.26000000,73.74000000,74.09000000,67773.55000000,1785194099999999,5014616.48220000,24267,35540.80300000,2630634.02853000,0
1785194100000000,74.08000000,74.41000000,73.98000000,74.31000000,20777.48000000,1785194999999999,1542385.25717000,7625,12535.77800000,930648.06701000,0
1785195000000000,74.31000000,74.38000000,73.96000000,74.01000000,18638.86200000,1785195899999999,1382623.30420000,6212,8423.79100000,624906.20423000,0
1785195900000000,74.01000000,74.24000000,73.99000000,74.20000000,13756.05200000,1785196799999999,1019664.39011000,4780,9579.83700000,710137.33526000,0
1785196800000000,74.21000000,74.29000000,73.94000000,74.05000000,17105.09700000,1785197699999999,1267716.36335000,7025,8212.55100000,608806.44431000,0
1785197700000000,74.06000000,74.17000000,73.77000000,73.99000000,21310.51900000,1785198599999999,1576188.68587000,6488,10433.01800000,771815.42321000,0
1785198600000000,73.99000000,74.09000000,73.84000000,73.97000000,14637.86700000,1785199499999999,1083281.23834000,5169,5274.89400000,390376.10790000,0
1785199500000000,73.96000000,73.99000000,73.68000000,73.73000000,18822.27500000,1785200399999999,1389340.22333000,7325,8465.02500000,624637.20561000,0
1785200400000000,73.73000000,73.75000000,72.86000000,73.30000000,109363.03800000,1785201299999999,8009092.62274000,25264,34441.00600000,2522025.75214000,0
1785201300000000,73.30000000,73.42000000,72.99000000,73.36000000,33613.94400000,1785202199999999,2460063.53306000,9841,17982.04800000,1316398.21969000,0
1785202200000000,73.36000000,73.49000000,73.16000000,73.30000000,17915.00100000,1785203099999999,1313848.27564000,7497,8834.51900000,647985.78354000,0
1785203100000000,73.31000000,73.43000000,73.16000000,73.21000000,16619.83800000,1785203999999999,1217795.30698000,6272,6884.58100000,504462.10348000,0
1785204000000000,73.20000000,73.34000000,73.07000000,73.34000000,19590.08400000,1785204899999999,1434055.93203000,6817,11445.68300000,838073.26976000,0
1785204900000000,73.33000000,73.47000000,73.24000000,73.38000000,27964.74600000,1785205799999999,2052489.09767000,5599,21550.06200000,1581735.61731000,0
1785205800000000,73.39000000,73.42000000,73.24000000,73.28000000,9142.06500000,1785206699999999,670474.55568000,3659,5331.33100000,391081.29899000,0
1785206700000000,73.28000000,73.42000000,73.19000000,73.37000000,16126.78300000,1785207599999999,1182675.47219000,3971,7922.01800000,581025.90884000,0
1785207600000000,73.38000000,73.42000000,73.22000000,73.34000000,10471.64900000,1785208499999999,767838.63397000,4158,5492.05600000,402644.86607000,0
1785208500000000,73.33000000,73.40000000,73.26000000,73.28000000,11864.42400000,1785209399999999,869943.18304000,2953,4579.23300000,335770.20983000,0
1785209400000000,73.28000000,73.38000000,73.17000000,73.38000000,9634.88700000,1785210299999999,706071.34520000,3579,6349.10700000,465331.58685000,0
1785210300000000,73.38000000,73.39000000,73.20000000,73.28000000,19785.58000000,1785211199999999,1449844.34936000,3487,3934.13500000,288260.39120000,0
1785211200000000,73.28000000,73.28000000,73.15000000,73.19000000,13422.56600000,1785212099999999,982836.36206000,3229,7480.20300000,547733.55493000,0
1785212100000000,73.20000000,73.26000000,73.11000000,73.12000000,10293.44400000,1785212999999999,753356.82742000,3957,3734.79200000,273337.19830000,0
1785213000000000,73.12000000,73.18000000,73.00000000,73.16000000,17649.74000000,1785213899999999,1289917.16767000,4630,9404.32900000,687253.42986000,0
1785213900000000,73.16000000,73.29000000,73.16000000,73.22000000,8130.39400000,1785214799999999,595438.87707000,2843,2974.60000000,217865.62688000,0
1785214800000000,73.22000000,73.39000000,73.20000000,73.35000000,8656.25500000,1785215699999999,634689.61389000,3169,4638.22900000,340106.03656000,0
1785215700000000,73.34000000,73.55000000,73.34000000,73.42000000,14919.83100000,1785216599999999,1095603.40542000,4208,8791.61200000,645618.81581000,0
1785216600000000,73.43000000,73.46000000,73.26000000,73.46000000,12512.40700000,1785217499999999,917638.50298000,4458,6028.93100000,442193.33701000,0
1785217500000000,73.46000000,73.48000000,73.26000000,73.27000000,13590.86800000,1785218399999999,997413.57145000,3717,5078.66700000,372660.15174000,0
1785218400000000,73.27000000,73.27000000,73.13000000,73.20000000,14794.27800000,1785219299999999,1082737.10308000,3652,6123.97100000,448149.81436000,0
1785219300000000,73.19000000,73.40000000,73.19000000,73.36000000,19024.75800000,1785220199999999,1394716.87917000,3804,8950.36700000,656137.07383000,0
1785220200000000,73.37000000,73.48000000,73.35000000,73.48000000,6582.77900000,1785221099999999,483336.54486000,2292,3974.96200000,291871.90855000,0
1785221100000000,73.48000000,73.49000000,73.41000000,73.44000000,10546.31900000,1785221999999999,774691.27709000,2811,5612.70300000,412273.44845000,0
1785222000000000,73.45000000,73.49000000,73.37000000,73.44000000,11773.60700000,1785222899999999,864465.55927000,2774,5233.91900000,384305.06029000,0
1785222900000000,73.45000000,73.48000000,73.37000000,73.43000000,10398.20200000,1785223799999999,763520.71937000,2719,3798.17200000,278899.36948000,0
1785223800000000,73.44000000,73.44000000,73.22000000,73.24000000,11093.27200000,1785224699999999,813847.48965000,3345,1647.32000000,120821.73771000,0
1785224700000000,73.24000000,73.32000000,73.14000000,73.30000000,12628.58200000,1785225599999999,924349.09655000,3412,7391.06800000,541024.50746000,0
1785225600000000,73.29000000,73.39000000,73.24000000,73.30000000,10189.46400000,1785226499999999,747228.34590000,2504,4451.50200000,326506.11328000,0
1785226500000000,73.30000000,73.36000000,73.15000000,73.32000000,21070.52900000,1785227399999999,1543305.82984000,4011,8636.76800000,632526.73078000,0
1785227400000000,73.32000000,73.38000000,73.23000000,73.38000000,12544.63900000,1785228299999999,919717.34694000,2530,5436.28700000,398515.66621000,0
1785228300000000,73.37000000,73.44000000,73.32000000,73.37000000,9715.22300000,1785229199999999,712814.73922000,2819,3995.83900000,293168.10076000,0
1785229200000000,73.37000000,73.44000000,73.28000000,73.43000000,8412.38000000,1785230099999999,617066.97702000,2560,2904.37300000,213063.05100000,0
1785230100000000,73.43000000,73.51000000,73.36000000,73.43000000,16780.91300000,1785230999999999,1232198.45876000,2229,4103.19800000,301272.92765000,0
1785231000000000,73.43000000,73.48000000,73.37000000,73.38000000,12327.14700000,1785231899999999,904955.53725000,2281,5727.25400000,420427.73179000,0
1785231900000000,73.38000000,73.41000000,73.20000000,73.26000000,11720.38900000,1785232799999999,859114.06288000,2526,3758.45800000,275525.67699000,0
1785232800000000,73.26000000,73.33000000,73.16000000,73.17000000,7055.21700000,1785233699999999,516807.70099000,2586,3608.38000000,264357.96583000,0
1785233700000000,73.17000000,73.30000000,73.13000000,73.22000000,10621.40500000,1785234599999999,777546.49848000,2990,6461.59200000,473012.27452000,0
1785234600000000,73.22000000,73.32000000,73.18000000,73.28000000,11953.09300000,1785235499999999,875616.48428000,3699,6404.06700000,469053.17410000,0
1785235500000000,73.28000000,73.31000000,73.14000000,73.15000000,8934.50500000,1785236399999999,654260.25104000,1797,4071.19600000,298227.64825000,0
1785236400000000,73.15000000,73.18000000,72.93000000,72.93000000,49716.93400000,1785237299999999,3630562.19634000,5881,10638.89900000,776827.55971000,0
1785237300000000,72.93000000,73.30000000,72.89000000,73.08000000,33794.36000000,1785238199999999,2469230.95096000,7253,18413.88800000,1345436.96574000,0
1785238200000000,73.07000000,73.35000000,73.05000000,73.09000000,21924.65900000,1785239099999999,1604724.16376000,4491,12106.81400000,886218.95028000,0
1785239100000000,73.09000000,73.25000000,73.09000000,73.20000000,5458.39900000,1785239999999999,399371.43240000,2869,2909.01500000,212840.76189000,0
1785240000000000,73.20000000,73.28000000,73.13000000,73.23000000,8142.51400000,1785240899999999,596264.56474000,2783,5544.05200000,405978.57508000,0
1785240900000000,73.23000000,73.30000000,73.18000000,73.24000000,6604.27200000,1785241799999999,483665.50335000,2257,2511.49800000,183948.42991000,0
1785241800000000,73.24000000,73.34000000,73.12000000,73.32000000,16443.45200000,1785242699999999,1203843.15103000,3518,8403.25500000,615308.93587000,0
1785242700000000,73.32000000,73.46000000,73.24000000,73.39000000,21618.81800000,1785243599999999,1586149.13300000,5181,14454.85000000,1060584.98609000,0
1785243600000000,73.39000000,73.44000000,73.23000000,73.29000000,14437.92500000,1785244499999999,1059048.32651000,4446,7406.51800000,543194.22107000,0
1785244500000000,73.29000000,73.32000000,73.00000000,73.01000000,13630.50100000,1785245399999999,996905.49559000,3702,4239.96000000,310343.78054000,0
1785245400000000,73.01000000,73.12000000,72.41000000,72.66000000,65554.94800000,1785246299999999,4769845.98372000,22766,26166.12900000,1903980.95154000,0
1785246300000000,72.67000000,72.80000000,72.36000000,72.72000000,65978.93400000,1785247199999999,4786793.99326000,15602,34527.23200000,2505538.51083000,0
1785247200000000,72.71000000,72.99000000,72.70000000,72.76000000,17093.44500000,1785248099999999,1245178.66574000,9752,10918.81600000,795355.75561000,0
1785248100000000,72.77000000,72.98000000,72.54000000,72.95000000,24275.04400000,1785248999999999,1766768.92532000,11384,12485.15800000,908932.34711000,0
1785249000000000,72.96000000,73.18000000,72.83000000,73.10000000,22905.99100000,1785249899999999,1672960.69841000,10929,13398.34500000,978546.94134000,0
1785249900000000,73.10000000,73.50000000,73.08000000,73.43000000,18667.90200000,1785250799999999,1369209.10953000,8709,12678.44400000,929779.34742000,0
1785250800000000,73.43000000,73.75000000,73.31000000,73.69000000,27342.43800000,1785251699999999,2010539.31971000,11416,12673.57900000,932133.24078000,0
1785251700000000,73.68000000,74.54000000,73.51000000,74.27000000,75155.64000000,1785252599999999,5576784.61754000,21512,40473.30700000,3002764.48181000,0
1785252600000000,74.27000000,74.58000000,74.18000000,74.51000000,28456.66200000,1785253499999999,2116104.10544000,12450,13728.58300000,1021059.83104000,0
1785253500000000,74.51000000,74.59000000,74.11000000,74.35000000,27645.87400000,1785254399999999,2054576.60411000,10081,9879.73800000,734308.74719000,0
1785254400000000,74.35000000,74.35000000,74.09000000,74.16000000,16113.55400000,1785255299999999,1195798.68087000,6734,7918.63800000,587645.15954000,0
1785255300000000,74.16000000,74.35000000,74.11000000,74.21000000,15591.38000000,1785256199999999,1157256.40038000,6259,7192.87200000,533954.33003000,0
1785256200000000,74.22000000,74.39000000,74.05000000,74.32000000,12511.67500000,1785257099999999,928656.51105000,6752,6558.42100000,486785.99159000,0
1785257100000000,74.32000000,74.58000000,74.23000000,74.42000000,11572.18300000,1785257999999999,861294.98938000,5849,6079.77000000,452653.92336000,0
1785258000000000,74.42000000,74.44000000,73.98000000,73.99000000,11899.78500000,1785258899999999,883255.17725000,5865,4633.69900000,344129.94164000,0
1785258900000000,73.98000000,74.01000000,73.80000000,73.84000000,15305.40700000,1785259799999999,1131074.03710000,6798,7737.02900000,571785.17558000,0
1785259800000000,73.84000000,73.85000000,73.56000000,73.67000000,16331.75700000,1785260699999999,1203066.45195000,8204,6599.48300000,486194.06328000,0
1785260700000000,73.66000000,73.84000000,73.64000000,73.83000000,13839.57700000,1785261599999999,1020300.44569000,5614,7421.71000000,547128.43033000,0
1785261600000000,73.83000000,74.06000000,73.81000000,73.86000000,8383.62100000,1785262499999999,619894.37109000,6992,5126.87900000,379088.72378000,0
1785262500000000,73.85000000,73.95000000,73.82000000,73.84000000,5232.62800000,1785263399999999,386647.52806000,4505,3667.31300000,271001.84973000,0
1785263400000000,73.85000000,73.93000000,73.81000000,73.90000000,6696.25800000,1785264299999999,494729.19211000,3853,3927.20800000,290142.22865000,0
1785264300000000,73.91000000,73.96000000,73.80000000,73.88000000,5159.62800000,1785265199999999,381248.29027000,3453,2551.11700000,188512.99528000,0
1785265200000000,73.89000000,74.02000000,73.88000000,73.93000000,9294.70900000,1785266099999999,687395.64995000,3935,5297.11700000,391813.17013000,0
1785266100000000,73.92000000,74.05000000,73.83000000,74.05000000,11580.06200000,1785266999999999,856320.56118000,4234,5589.41900000,413291.69889000,0
1785267000000000,74.05000000,74.27000000,74.05000000,74.18000000,8421.23900000,1785267899999999,624873.20558000,4950,4362.53500000,323724.70759000,0
1785267900000000,74.19000000,74.39000000,74.15000000,74.33000000,15474.62300000,1785268799999999,1149486.80758000,5253,6426.54500000,477364.09153000,0
1785268800000000,74.32000000,74.37000000,74.12000000,74.20000000,11788.22000000,1785269699999999,875108.54745000,5183,5538.38400000,411193.12862000,0
1785269700000000,74.20000000,74.34000000,74.10000000,74.10000000,9877.87400000,1785270599999999,733490.64635000,4251,5014.77000000,372364.48799000,0
1785270600000000,74.11000000,74.19000000,74.06000000,74.08000000,6607.78700000,1785271499999999,489708.16949000,2554,2749.82800000,203763.36025000,0
1785271500000000,74.09000000,74.10000000,74.01000000,74.05000000,5061.36900000,1785272399999999,374808.15948000,1982,3042.57600000,225308.71992000,0
1785272400000000,74.05000000,74.18000000,74.00000000,74.10000000,10037.72300000,1785273299999999,743563.71885000,3710,5728.31300000,424296.23454000,0
1785273300000000,74.10000000,74.17000000,74.05000000,74.17000000,5484.77500000,1785274199999999,406518.68883000,1531,3835.59100000,284311.70351000,0
1785274200000000,74.16000000,74.33000000,74.11000000,74.32000000,6265.99500000,1785275099999999,465239.18275000,2774,2740.05100000,203396.21732000,0
1785275100000000,74.33000000,74.40000000,74.13000000,74.15000000,12218.56800000,1785275999999999,907087.71265000,3261,6976.92400000,517905.71281000,0
1785276000000000,74.15000000,74.24000000,74.00000000,74.11000000,15285.77300000,1785276899999999,1133148.86388000,4801,6883.88800000,510357.62076000,0
1785276900000000,74.12000000,74.20000000,73.97000000,73.97000000,6447.73200000,1785277799999999,477684.65213000,2804,2642.15200000,195787.06095000,0
1785277800000000,73.97000000,73.97000000,73.75000000,73.77000000,6198.15500000,1785278699999999,457615.79998000,2968,1897.74700000,140120.90747000,0
1785278700000000,73.78000000,73.78000000,73.43000000,73.44000000,21679.25300000,1785279599999999,1594502.83572000,5242,8287.56900000,609290.39182000,0
1785279600000000,73.44000000,73.48000000,73.26000000,73.42000000,19157.80900000,1785280499999999,1405377.98290000,5454,6714.85300000,492590.20618000,0
1785280500000000,73.43000000,73.45000000,73.17000000,73.33000000,21489.87800000,1785281399999999,1575028.82708000,4687,6886.38100000,504591.85830000,0
1785281400000000,73.33000000,73.66000000,73.30000000,73.62000000,20560.33600000,1785282299999999,1511770.04542000,4576,12052.49800000,886120.13298000,0
1785282300000000,73.63000000,73.86000000,73.54000000,73.83000000,59497.40000000,1785283199999999,4389819.08711000,6628,34345.78700000,2534527.38270000,0
1785283200000000,73.83000000,74.20000000,73.82000000,74.04000000,36256.16600000,1785284099999999,2684596.08989000,7653,24194.55200000,1791686.39109000,0
1785284100000000,74.05000000,74.19000000,73.89000000,73.95000000,18369.76600000,1785284999999999,1360577.75213000,5751,10858.32000000,804196.58840000,0
1785285000000000,73.95000000,74.05000000,73.77000000,73.94000000,19468.36000000,1785285899999999,1439361.74153000,6644,9856.41900000,728789.82685000,0
1785285900000000,73.94000000,74.10000000,73.77000000,73.78000000,7894.82700000,1785286799999999,583607.31251000,4672,4462.02000000,329843.93633000,0
1785286800000000,73.77000000,73.79000000,73.53000000,73.56000000,6786.13300000,1785287699999999,499878.09986000,5337,3844.86700000,283164.31226000,0
1785287700000000,73.55000000,73.81000000,73.49000000,73.70000000,7153.69800000,1785288599999999,527061.54723000,5457,3030.31000000,223254.09893000,0
1785288600000000,73.70000000,73.73000000,73.43000000,73.48000000,9930.74400000,1785289499999999,731093.41059000,5584,5008.60300000,368720.88486000,0
1785289500000000,73.48000000,73.48000000,73.22000000,73.27000000,9516.75100000,1785290399999999,697965.13095000,6106,4667.91500000,342390.91189000,0
1785290400000000,73.27000000,73.41000000,73.08000000,73.35000000,12324.87000000,1785291299999999,902816.46583000,7998,7227.19200000,529521.92441000,0
1785291300000000,73.34000000,73.72000000,73.15000000,73.72000000,16839.77500000,1785292199999999,1235274.17800000,8028,10257.05800000,752427.34131000,0
1785292200000000,73.72000000,73.98000000,73.65000000,73.86000000,15637.70300000,1785293099999999,1153783.62802000,6987,7101.26500000,523867.45306000,0
1785293100000000,73.86000000,73.87000000,73.61000000,73.69000000,7763.86500000,1785293999999999,572451.60092000,3985,3193.46200000,235392.69553000,0
1785294000000000,73.70000000,73.76000000,73.45000000,73.57000000,7045.24900000,1785294899999999,518597.27137000,5082,3224.32800000,237415.28226000,0
1785294900000000,73.57000000,73.60000000,73.26000000,73.26000000,14650.14400000,1785295799999999,1075844.94450000,4957,10294.73300000,756303.05962000,0
1785295800000000,73.26000000,73.38000000,73.09000000,73.21000000,27100.46600000,1785296699999999,1983022.25961000,6737,11737.57200000,859074.09243000,0
1785296700000000,73.21000000,73.28000000,73.01000000,73.09000000,17943.58300000,1785297599999999,1312185.63943000,5796,7243.52100000,529644.76323000,0
1785297600000000,73.09000000,73.30000000,72.73000000,73.05000000,39311.55600000,1785298499999999,2868486.82262000,10804,21707.50100000,1583987.86069000,0
1785298500000000,73.04000000,73.25000000,72.88000000,73.18000000,33053.01200000,1785299399999999,2414879.65176000,7178,21697.01900000,1585592.57049000,0
1785299400000000,73.18000000,73.48000000,73.11000000,73.24000000,16462.23600000,1785300299999999,1206880.45322000,5546,9341.88000000,684995.45914000,0
1785300300000000,73.24000000,73.47000000,73.22000000,73.45000000,8472.29400000,1785301199999999,621540.59363000,4056,4723.81500000,346573.61923000,0
1785301200000000,73.45000000,73.60000000,73.41000000,73.57000000,16582.80500000,1785302099999999,1218887.49164000,5028,9564.89600000,703070.62820000,0
1785302100000000,73.58000000,73.58000000,73.34000000,73.53000000,11668.07600000,1785302999999999,857336.36213000,3699,3947.40400000,290044.63978000,0
1785303000000000,73.52000000,73.80000000,73.47000000,73.71000000,10235.59100000,1785303899999999,754075.56668000,3457,6163.58200000,454017.93180000,0
1785303900000000,73.72000000,73.79000000,73.67000000,73.68000000,10740.41100000,1785304799999999,791936.37990000,3127,5894.04700000,434601.17031000,0
1785304800000000,73.67000000,73.72000000,73.53000000,73.67000000,8121.79900000,1785305699999999,598158.16288000,3461,4415.78100000,325252.49372000,0
1785305700000000,73.67000000,74.01000000,73.63000000,74.00000000,11118.94200000,1785306599999999,821237.20787000,4976,8184.02200000,604525.28186000,0
1785306600000000,73.99000000,74.09000000,73.96000000,74.08000000,20065.99100000,1785307499999999,1485568.79889000,4314,7332.84800000,542845.44675000,0
1785307500000000,74.09000000,74.10000000,74.00000000,74.08000000,17894.25600000,1785308399999999,1325165.21560000,3109,11522.14300000,853274.40967000,0
1785308400000000,74.08000000,74.12000000,73.99000000,74.05000000,11124.00300000,1785309299999999,823656.53668000,2545,6577.29100000,487017.39267000,0
1785309300000000,74.06000000,74.16000000,73.99000000,74.16000000,9665.62400000,1785310199999999,715827.74671000,2893,6107.17900000,452348.98281000,0
1785310200000000,74.15000000,74.18000000,74.01000000,74.05000000,4613.42000000,1785311099999999,341706.16652000,1683,2184.30600000,161780.31153000,0
1785311100000000,74.06000000,74.28000000,74.01000000,74.26000000,10999.99000000,1785311999999999,815452.27171000,3011,5785.40300000,428973.31493000,0
1785312000000000,74.25000000,74.33000000,73.95000000,73.98000000,19681.54600000,1785312899999999,1460257.95245000,4693,10862.42000000,806043.38955000,0
1785312900000000,73.97000000,74.01000000,73.72000000,73.76000000,9741.41100000,1785313799999999,719646.12468000,2943,4746.01300000,350658.88116000,0
1785313800000000,73.76000000,74.14000000,73.73000000,74.12000000,15618.00100000,1785314699999999,1154505.67042000,3852,9311.22300000,688360.59361000,0
1785314700000000,74.12000000,74.23000000,73.91000000,73.95000000,11683.93700000,1785315599999999,864783.10707000,3380,4442.81400000,328900.42740000,0
1785315600000000,73.95000000,74.04000000,73.92000000,74.03000000,6919.37200000,1785316499999999,511874.27523000,2526,3504.45700000,259286.94354000,0
1785316500000000,74.04000000,74.10000000,73.98000000,74.07000000,8661.97600000,1785317399999999,641384.59117000,2355,4755.31400000,352128.45280000,0
1785317400000000,74.07000000,74.32000000,74.07000000,74.17000000,8917.46300000,1785318299999999,661773.25639000,3689,4785.80200000,355100.80880000,0
1785318300000000,74.17000000,74.20000000,74.05000000,74.14000000,8589.44600000,1785319199999999,636731.20974000,2709,3225.61000000,239128.60625000,0
1785319200000000,74.14000000,74.14000000,74.02000000,74.04000000,9531.27900000,1785320099999999,706146.51654000,3194,3915.92000000,290120.03485000,0
1785320100000000,74.03000000,74.10000000,74.01000000,74.01000000,4748.03600000,1785320999999999,351586.21617000,2196,3347.93900000,247917.19213000,0
1785321000000000,74.01000000,74.10000000,73.94000000,74.07000000,8607.22300000,1785321899999999,636897.08926000,2140,2305.87700000,170689.01475000,0
1785321900000000,74.08000000,74.08000000,73.79000000,73.91000000,12752.15300000,1785322799999999,942395.55171000,2917,4090.12000000,302236.63102000,0
1785322800000000,73.92000000,74.09000000,73.88000000,74.06000000,6204.95400000,1785323699999999,459250.20929000,2509,3612.52400000,267405.89632000,0
1785323700000000,74.07000000,74.10000000,73.94000000,73.95000000,8994.68500000,1785324599999999,665645.16240000,2639,4930.63400000,364847.21547000,0
1785324600000000,73.94000000,73.97000000,73.84000000,73.86000000,7329.48300000,1785325499999999,541618.02267000,2164,1979.24800000,146255.39168000,0
1785325500000000,73.86000000,74.01000000,73.84000000,73.96000000,7754.21300000,1785326399999999,573378.37590000,2017,3124.30100000,231018.93230000,0
1785326400000000,73.96000000,73.96000000,73.78000000,73.79000000,9041.31500000,1785327299999999,667643.23607000,2887,4260.47400000,314620.93795000,0
1785327300000000,73.79000000,73.79000000,73.46000000,73.54000000,14652.54900000,1785328199999999,1077957.43641000,6721,4053.74600000,298253.85019000,0
1785328200000000,73.54000000,73.60000000,73.46000000,73.56000000,6942.08600000,1785329099999999,510460.17964000,3184,3897.28500000,286569.89128000,0
1785329100000000,73.56000000,73.64000000,73.47000000,73.52000000,13083.83400000,1785329999999999,962489.64844000,4456,4930.56300000,362733.30396000,0
1785330000000000,73.53000000,73.61000000,73.47000000,73.56000000,8604.31700000,1785330899999999,632795.79314000,3345,4271.62100000,314179.26240000,0
1785330900000000,73.55000000,73.58000000,73.42000000,73.57000000,9470.21600000,1785331799999999,696074.36662000,3941,3672.78200000,269954.87810000,0
1785331800000000,73.56000000,73.77000000,73.46000000,73.70000000,19056.76300000,1785332699999999,1402994.98927000,11679,9735.28100000,716717.95091000,0
1785332700000000,73.70000000,73.74000000,73.34000000,73.72000000,12576.23800000,1785333599999999,924982.07863000,8406,6321.21400000,465018.51922000,0
1785333600000000,73.73000000,73.92000000,73.44000000,73.48000000,16748.45300000,1785334499999999,1234575.99537000,8155,10094.86300000,744205.89196000,0
1785334500000000,73.48000000,73.61000000,73.16000000,73.32000000,18650.13000000,1785335399999999,1368414.92136000,9532,8886.56300000,652182.62668000,0
1785335400000000,73.33000000,73.47000000,73.10000000,73.19000000,20065.14500000,1785336299999999,1469162.15225000,7507,11421.31400000,836275.65294000,0
1785336300000000,73.19000000,73.49000000,73.15000000,73.28000000,13168.61300000,1785337199999999,965697.88194000,6152,8591.44900000,630090.77170000,0
1785337200000000,73.28000000,73.43000000,73.22000000,73.35000000,10914.55600000,1785338099999999,800379.20410000,5746,5859.96400000,429706.70439000,0
1785338100000000,73.35000000,73.39000000,73.14000000,73.33000000,13861.99600000,1785338999999999,1015711.39642000,5412,6285.59500000,460573.58100000,0
1785339000000000,73.32000000,73.46000000,73.13000000,73.14000000,17446.21600000,1785339899999999,1278437.38708000,6093,4716.40100000,345698.06973000,0
1785339900000000,73.14000000,73.23000000,72.98000000,73.12000000,24847.52500000,1785340799999999,1816007.88667000,7387,5919.14000000,432653.17355000,0
1785340800000000,73.13000000,73.15000000,72.94000000,73.11000000,23744.95700000,1785341699999999,1734529.13943000,7186,6053.57200000,442182.57901000,0
1785341700000000,73.11000000,73.37000000,73.03000000,73.23000000,13526.91000000,1785342599999999,990197.18016000,5917,7532.23000000,551482.25255000,0
1785342600000000,73.23000000,73.27000000,72.91000000,73.00000000,8376.30000000,1785343499999999,611913.11920000,4093,3178.80000000,232240.90521000,0
1785343500000000,73.00000000,73.29000000,72.96000000,73.28000000,8113.94000000,1785344399999999,593744.57789000,4156,4539.42900000,332130.10756000,0
1785344400000000,73.28000000,73.56000000,73.27000000,73.53000000,25666.45200000,1785345299999999,1884152.39321000,8374,17326.72200000,1271662.39664000,0
1785345300000000,73.53000000,73.54000000,73.27000000,73.28000000,8316.50300000,1785346199999999,610148.51682000,3998,3663.22700000,268700.81014000,0
1785346200000000,73.28000000,73.39000000,73.17000000,73.39000000,6334.72100000,1785347099999999,464251.98364000,3809,3472.62000000,254490.94973000,0
1785347100000000,73.38000000,73.95000000,73.34000000,73.94000000,19228.26200000,1785347999999999,1416065.13251000,7135,11003.11900000,810372.52785000,0
1785348000000000,73.94000000,74.38000000,73.89000000,74.10000000,111510.59400000,1785348899999999,8270203.32516000,24985,62613.52000000,4643523.78322000,0
1785348900000000,74.10000000,74.17000000,73.81000000,73.93000000,44395.87800000,1785349799999999,3284978.76260000,13592,29697.97700000,2197282.15834000,0
1785349800000000,73.93000000,74.27000000,73.44000000,74.23000000,42505.75300000,1785350699999999,3142153.85331000,22351,16639.39600000,1230177.21716000,0
1785350700000000,74.23000000,74.53000000,74.14000000,74.23000000,43253.73000000,1785351599999999,3213930.34492000,15025,20376.80000000,1514006.59025000,0
1785351600000000,74.23000000,74.38000000,73.84000000,73.94000000,16618.72900000,1785352499999999,1230641.64953000,10261,7272.57600000,538501.66478000,0
1785352500000000,73.94000000,74.14000000,73.46000000,73.57000000,24081.72100000,1785353399999999,1776953.83094000,12672,11881.28000000,877078.87313000,0
1785353400000000,73.57000000,73.65000000,73.25000000,73.34000000,19581.54600000,1785354299999999,1437790.60853000,11934,7241.47100000,531933.34560000,0
1785354300000000,73.34000000,73.35000000,72.73000000,72.76000000,36865.11400000,1785355199999999,2690075.92671000,17125,15366.82400000,1121045.19563000,0
1785355200000000,72.76000000,72.99000000,72.44000000,72.95000000,66748.46800000,1785356099999999,4849872.33364000,22581,40593.40600000,2949696.79973000,0
1785356100000000,72.95000000,73.10000000,72.51000000,72.75000000,19663.02700000,1785356999999999,1433562.09344000,10419,12653.46000000,922613.14503000,0
1785357000000000,72.75000000,73.21000000,72.67000000,73.03000000,12965.30900000,1785357899999999,946197.00278000,7607,6796.76000000,496103.35365000,0
1785357900000000,73.02000000,73.07000000,72.61000000,72.65000000,12635.39100000,1785358799999999,919965.33693000,5804,6750.09400000,491523.52817000,0
1785358800000000,72.65000000,72.77000000,72.32000000,72.77000000,29659.42300000,1785359699999999,2150772.45357000,12412,10900.69300000,790397.59913000,0
1785359700000000,72.76000000,72.96000000,72.59000000,72.96000000,8985.79900000,1785360599999999,654170.80097000,4685,6447.65400000,469428.62771000,0
1785360600000000,72.96000000,73.09000000,72.90000000,73.03000000,11456.13500000,1785361499999999,836619.28007000,5316,6157.61200000,449691.45140000,0
1785361500000000,73.03000000,73.18000000,72.89000000,73.18000000,8858.22500000,1785362399999999,647001.89331000,5156,5542.32700000,404854.89655000,0
1785362400000000,73.19000000,73.71000000,73.19000000,73.62000000,18037.61700000,1785363299999999,1325374.31874000,9212,12484.86200000,917125.36867000,0
1785363300000000,73.62000000,73.80000000,73.55000000,73.70000000,25940.42600000,1785364199999999,1911634.19879000,5784,14897.95600000,1097742.94272000,0
1785364200000000,73.70000000,73.72000000,73.51000000,73.65000000,14897.01300000,1785365099999999,1096342.22802000,5370,5907.96500000,434776.32002000,0
1785365100000000,73.65000000,73.68000000,73.56000000,73.65000000,14603.12500000,1785365999999999,1074949.47749000,3961,3728.75400000,274451.33358000,0
1785366000000000,73.64000000,73.66000000,73.42000000,73.44000000,16491.48700000,1785366899999999,1212996.97994000,4629,6679.44700000,491036.87947000,0
1785366900000000,73.45000000,73.75000000,73.45000000,73.61000000,7123.12900000,1785367799999999,524553.95404000,3648,4190.65000000,308491.98545000,0
1785367800000000,73.62000000,73.68000000,73.50000000,73.65000000,5862.23900000,1785368699999999,431437.02657000,2848,2510.90000000,184801.34078000,0
1785368700000000,73.65000000,73.74000000,73.63000000,73.68000000,11928.71600000,1785369599999999,879115.42659000,3175,9520.70300000,701695.12814000,0
1785369600000000,73.69000000,73.87000000,73.64000000,73.77000000,9496.29200000,1785370499999999,700303.24671000,4921,5337.32200000,393520.90491000,0
1785370500000000,73.78000000,73.87000000,73.70000000,73.80000000,8841.80200000,1785371399999999,652474.47918000,4764,4527.12300000,334056.28916000,0
1785371400000000,73.81000000,73.81000000,73.21000000,73.22000000,12956.39900000,1785372299999999,951775.42074000,5112,3327.74200000,244485.55373000,0
1785372300000000,73.23000000,73.36000000,73.14000000,73.30000000,13477.61800000,1785373199999999,987117.63533000,5767,8191.84800000,600037.84096000,0
1785373200000000,73.29000000,73.77000000,73.27000000,73.44000000,14776.56500000,1785374099999999,1086474.08695000,6910,8493.16900000,624313.19926000,0
1785374100000000,73.44000000,73.70000000,73.40000000,73.66000000,6541.25500000,1785374999999999,481017.62783000,4153,4174.74200000,306980.15349000,0
1785375000000000,73.65000000,74.07000000,73.64000000,73.94000000,15618.28700000,1785375899999999,1154565.96457000,7062,10415.51900000,770062.96053000,0
1785375900000000,73.94000000,74.20000000,73.92000000,74.02000000,12750.03100000,1785376799999999,944696.58601000,7296,5464.44600000,404895.98357000,0
1785376800000000,74.03000000,74.14000000,73.99000000,74.01000000,12216.48200000,1785377699999999,904782.97311000,5501,5527.47700000,409444.40554000,0
1785377700000000,74.00000000,74.14000000,73.98000000,74.03000000,12547.96400000,1785378599999999,929262.84772000,4126,6946.30500000,514405.15362000,0
1785378600000000,74.02000000,74.03000000,73.86000000,74.01000000,6790.44400000,1785379499999999,502077.26997000,3819,3229.21400000,238775.56900000,0
1785379500000000,74.02000000,74.03000000,73.82000000,73.83000000,8260.80600000,1785380399999999,610773.52320000,3330,4266.47600000,315447.88244000,0
1785380400000000,73.84000000,73.99000000,73.73000000,73.85000000,5514.15900000,1785381299999999,407172.55495000,3403,3210.44400000,237105.29924000,0
1785381300000000,73.84000000,74.00000000,73.82000000,73.90000000,9321.16200000,1785382199999999,688627.21665000,3836,4081.55300000,301541.44643000,0
1785382200000000,73.90000000,73.91000000,73.70000000,73.70000000,15953.91000000,1785383099999999,1176898.59273000,5356,8316.25600000,613366.38267000,0
1785383100000000,73.71000000,73.78000000,73.66000000,73.71000000,12753.87600000,1785383999999999,940347.92341000,4688,8832.02900000,651180.70535000,0
1785384000000000,73.71000000,73.74000000,73.58000000,73.61000000,7575.37900000,1785384899999999,557920.26113000,2527,3113.64800000,229327.40537000,0
1785384900000000,73.60000000,73.65000000,73.50000000,73.57000000,5907.39300000,1785385799999999,434572.61500000,2585,1960.32500000,144206.26510000,0
1785385800000000,73.57000000,73.73000000,73.52000000,73.59000000,8570.76200000,1785386699999999,630910.71081000,2756,5341.61700000,393219.39581000,0
1785386700000000,73.59000000,73.65000000,73.50000000,73.52000000,10055.65000000,1785387599999999,739982.09744000,3986,5659.16200000,416549.54565000,0
1785387600000000,73.52000000,73.58000000,73.42000000,73.53000000,7532.50200000,1785388499999999,553727.70287000,3479,3211.83200000,236109.02385000,0
1785388500000000,73.53000000,73.62000000,73.48000000,73.57000000,5744.84200000,1785389399999999,422495.23191000,2639,3926.44700000,288774.03756000,0
1785389400000000,73.58000000,73.86000000,73.56000000,73.78000000,8087.20000000,1785390299999999,596375.95439000,4440,2761.13800000,203614.13465000,0
1785390300000000,73.78000000,73.85000000,73.61000000,73.70000000,11497.39000000,1785391199999999,847860.96229000,3624,2685.43500000,198076.11568000,0
1785391200000000,73.70000000,73.76000000,73.60000000,73.63000000,12515.98600000,1785392099999999,922293.85991000,3511,3263.51800000,240469.34981000,0
1785392100000000,73.63000000,73.70000000,73.52000000,73.69000000,8165.67500000,1785392999999999,601200.35223000,2908,5606.42900000,412821.67701000,0
1785393000000000,73.70000000,73.70000000,73.59000000,73.64000000,5489.89100000,1785393899999999,404366.62995000,1998,2690.74200000,198198.71589000,0
1785393900000000,73.65000000,73.68000000,73.48000000,73.53000000,6236.72700000,1785394799999999,458740.38554000,2375,3014.28200000,221683.26877000,0
1785394800000000,73.53000000,73.81000000,73.51000000,73.72000000,13927.62900000,1785395699999999,1026808.25112000,6014,9464.20300000,697765.30679000,0
1785395700000000,73.73000000,73.81000000,73.63000000,73.67000000,8169.42400000,1785396599999999,602280.91160000,4350,4305.25800000,317372.81822000,0
1785396600000000,73.67000000,73.68000000,73.48000000,73.56000000,12499.62600000,1785397499999999,919718.39195000,4224,4537.12000000,333815.65687000,0
1785397500000000,73.56000000,73.56000000,73.39000000,73.41000000,16004.74700000,1785398399999999,1175890.79229000,3982,4716.38300000,346454.39287000,0
1785398400000000,73.42000000,73.48000000,73.30000000,73.42000000,16108.19300000,1785399299999999,1182206.48616000,5837,5444.96300000,399617.44202000,0
1785399300000000,73.42000000,73.83000000,73.38000000,73.73000000,19168.98500000,1785400199999999,1409951.25874000,7218,8499.35600000,625166.20939000,0
1785400200000000,73.72000000,73.78000000,73.64000000,73.78000000,15948.93700000,1785401099999999,1175958.83106000,4330,8993.27500000,663098.25458000,0
1785401100000000,73.78000000,73.83000000,73.72000000,73.81000000,8711.08400000,1785401999999999,642597.98355000,2448,3871.92200000,285636.95392000,0
1785402000000000,73.81000000,74.02000000,73.80000000,74.01000000,22067.28700000,1785402899999999,1630883.20958000,5966,5986.54200000,442510.08144000,0
1785402900000000,74.01000000,74.10000000,73.94000000,74.06000000,19100.73200000,1785403799999999,1413524.71724000,5455,4474.82000000,331184.83263000,0
1785403800000000,74.06000000,74.22000000,74.05000000,74.08000000,18674.78400000,1785404699999999,1384360.59224000,4378,7978.56600000,591473.25035000,0
1785404700000000,74.08000000,74.14000000,74.03000000,74.05000000,12424.15700000,1785405599999999,920313.98877000,2679,4924.17200000,364758.16201000,0
1785405600000000,74.06000000,74.21000000,74.06000000,74.09000000,12401.13800000,1785406499999999,919489.99287000,2747,4930.95900000,365592.68204000,0
1785406500000000,74.09000000,74.15000000,74.07000000,74.09000000,10082.73000000,1785407399999999,747217.91428000,1991,4835.13700000,358355.87798000,0
1785407400000000,74.09000000,74.13000000,74.04000000,74.12000000,6673.04500000,1785408299999999,494390.45424000,1923,3971.96100000,294303.86210000,0
1785408300000000,74.12000000,74.13000000,73.83000000,73.90000000,12973.84600000,1785409199999999,959893.03478000,2766,3600.89000000,266307.52279000,0
1785409200000000,73.90000000,74.09000000,73.90000000,74.03000000,7568.17100000,1785410099999999,559881.66779000,2251,4609.66500000,341028.81903000,0
1785410100000000,74.04000000,74.12000000,74.00000000,74.07000000,7741.22500000,1785410999999999,573334.63064000,2080,5030.09800000,372540.41414000,0
1785411000000000,74.08000000,74.19000000,74.02000000,74.13000000,10190.03300000,1785411899999999,755186.34339000,2499,5543.52200000,410885.97826000,0
1785411900000000,74.13000000,74.33000000,74.11000000,74.23000000,20570.98000000,1785412799999999,1527182.75473000,3686,13343.66600000,990697.94646000,0
1785412800000000,74.22000000,74.37000000,74.22000000,74.30000000,12408.74600000,1785413699999999,921770.71906000,3875,5920.12100000,439794.28733000,0
1785413700000000,74.29000000,74.31000000,74.12000000,74.18000000,16468.11800000,1785414599999999,1221999.20297000,3320,8548.70700000,634410.49889000,0
1785414600000000,74.19000000,74.35000000,74.08000000,74.24000000,14571.28800000,1785415499999999,1081895.61007000,3760,8627.43500000,640556.31808000,0
1785415500000000,74.25000000,74.49000000,74.22000000,74.41000000,21250.91400000,1785416399999999,1580491.10490000,4476,13119.27600000,975689.42891000,0
1785416400000000,74.40000000,74.46000000,74.30000000,74.38000000,12722.04600000,1785417299999999,946352.15966000,3835,5282.04500000,392894.85813000,0
1785417300000000,74.38000000,74.39000000,74.25000000,74.26000000,9266.88600000,1785418199999999,688620.53306000,2667,3464.87100000,257477.99041000,0
1785418200000000,74.25000000,74.46000000,74.12000000,74.44000000,21259.21500000,1785419099999999,1577756.66456000,7081,10825.13900000,803392.20125000,0
1785419100000000,74.43000000,74.90000000,74.42000000,74.69000000,44522.84500000,1785419999999999,3325916.34601000,13370,29713.28400000,2219202.41732000,0
1785420000000000,74.68000000,74.78000000,74.38000000,74.45000000,23194.79900000,1785420899999999,1729980.94438000,9766,11248.13900000,838880.32994000,0
1785420900000000,74.45000000,74.69000000,74.29000000,74.63000000,21821.60500000,1785421799999999,1625685.66208000,7243,11206.41000000,835445.37114000,0
1785421800000000,74.62000000,74.77000000,74.58000000,74.71000000,13224.45900000,1785422699999999,987766.49788000,5644,6179.50700000,461594.33221000,0
1785422700000000,74.71000000,74.78000000,74.50000000,74.64000000,9457.86300000,1785423599999999,706258.51129000,5686,4145.76300000,309585.45790000,0
1785423600000000,74.64000000,74.86000000,74.52000000,74.64000000,15589.33200000,1785424499999999,1164025.66157000,6948,8705.98800000,650112.71274000,0
1785424500000000,74.65000000,74.86000000,74.51000000,74.53000000,17109.12000000,1785425399999999,1277771.46510000,6085,8289.75000000,619079.84560000,0
1785425400000000,74.53000000,74.64000000,74.46000000,74.59000000,9505.43600000,1785426299999999,708806.23956000,4804,5679.62700000,423516.34974000,0
1785426300000000,74.59000000,74.67000000,74.51000000,74.65000000,10612.20600000,1785427199999999,791498.85891000,3695,6618.09000000,493595.10766000,0
1785427200000000,74.65000000,74.84000000,74.63000000,74.73000000,24785.83200000,1785428099999999,1852044.00395000,4840,14793.75000000,1105313.97457000,0
1785428100000000,74.72000000,74.80000000,74.67000000,74.71000000,11285.22600000,1785428999999999,843287.56276000,3806,5361.05100000,400586.86535000,0
1785429000000000,74.72000000,74.74000000,74.46000000,74.46000000,20569.01400000,1785429899999999,1534529.38014000,4541,4938.70000000,368499.34763000,0
1785429900000000,74.46000000,74.63000000,74.45000000,74.58000000,12498.70700000,1785430799999999,931602.79793000,3050,8938.84500000,666228.09065000,0
1785430800000000,74.59000000,74.65000000,74.42000000,74.50000000,11592.88100000,1785431699999999,864208.79695000,3415,3260.78200000,243089.88551000,0
1785431700000000,74.49000000,74.64000000,74.47000000,74.58000000,13694.88800000,1785432599999999,1021221.97293000,3522,6302.70900000,470046.72538000,0
1785432600000000,74.58000000,74.80000000,74.49000000,74.77000000,10316.92400000,1785433499999999,769987.10992000,3328,6664.59700000,497419.86690000,0
1785433500000000,74.77000000,74.89000000,74.69000000,74.76000000,11700.52400000,1785434399999999,875122.20478000,3636,4316.28200000,322831.35007000,0
1785434400000000,74.77000000,74.98000000,74.75000000,74.76000000,10140.57500000,1785435299999999,759173.70748000,4086,5100.07400000,381827.83575000,0
1785435300000000,74.77000000,74.82000000,74.68000000,74.74000000,8339.19900000,1785436199999999,623385.73197000,2837,4614.99800000,344959.67361000,0
1785436200000000,74.74000000,74.75000000,74.55000000,74.60000000,6838.80600000,1785437099999999,510381.11000000,2652,2201.83600000,164351.55665000,0
1785437100000000,74.60000000,74.63000000,74.49000000,74.52000000,10580.57600000,1785437999999999,788815.83029000,2257,5772.65700000,430363.01083000,0
1785438000000000,74.53000000,74.77000000,74.52000000,74.74000000,9857.09100000,1785438899999999,735886.16536000,2779,4097.48100000,305949.41864000,0
1785438900000000,74.73000000,74.75000000,74.62000000,74.68000000,9360.54000000,1785439799999999,699130.64494000,3231,4138.05700000,309086.05719000,0
1785439800000000,74.68000000,74.69000000,74.58000000,74.65000000,6681.23700000,1785440699999999,498643.06028000,2663,2406.72500000,179624.39692000,0
1785440700000000,74.65000000,74.82000000,74.53000000,74.78000000,15926.52200000,1785441599999999,1189298.82699000,5026,8105.03200000,605223.82229000,0
1785441600000000,74.78000000,74.92000000,74.64000000,74.65000000,29142.58900000,1785442499999999,2179631.46319000,6637,16306.22700000,1219545.05338000,0
1785442500000000,74.64000000,74.70000000,74.56000000,74.58000000,8436.63200000,1785443399999999,629613.62584000,2854,3881.05300000,289606.00184000,0
1785443400000000,74.58000000,74.65000000,74.45000000,74.56000000,25575.95500000,1785444299999999,1906402.94997000,5054,12213.15200000,910514.12049000,0
1785444300000000,74.56000000,74.59000000,74.44000000,74.49000000,3507.72300000,1785445199999999,261362.40981000,1691,1456.67500000,108548.77692000,0
1785445200000000,74.48000000,74.61000000,74.46000000,74.53000000,16250.50700000,1785446099999999,1211351.87500000,3574,4545.64100000,338834.06554000,0
1785446100000000,74.53000000,74.58000000,74.43000000,74.45000000,4886.66700000,1785446999999999,364099.96437000,1696,1977.92000000,147378.50298000,0
1785447000000000,74.45000000,74.57000000,74.45000000,74.50000000,9206.01400000,1785447899999999,685960.96361000,2806,4959.15300000,369519.36820000,0
1785447900000000,74.50000000,74.57000000,74.43000000,74.49000000,5897.35800000,1785448799999999,439224.28051000,2529,1956.13300000,145681.22635000,0
1785448800000000,74.49000000,74.78000000,74.40000000,74.70000000,25046.97800000,1785449699999999,1869312.66702000,7677,7369.47200000,549942.17595000,0
1785449700000000,74.71000000,74.89000000,74.68000000,74.85000000,8830.13000000,1785450599999999,660245.91602000,4271,4932.42600000,368845.66034000,0
1785450600000000,74.84000000,74.88000000,74.72000000,74.83000000,8769.77600000,1785451499999999,656011.11451000,4065,4542.20000000,339797.57292000,0
1785451500000000,74.84000000,74.85000000,74.73000000,74.75000000,7164.50400000,1785452399999999,535842.93740000,2603,2000.08100000,149579.16348000,0
1785452400000000,74.75000000,74.78000000,74.68000000,74.77000000,7192.26700000,1785453299999999,537428.28432000,3320,4002.08000000,299054.30490000,0
1785453300000000,74.76000000,74.78000000,74.66000000,74.68000000,5060.56100000,1785454199999999,378045.49284000,1855,2454.91200000,183382.00419000,0
1785454200000000,74.67000000,74.99000000,74.66000000,74.71000000,22623.66000000,1785455099999999,1692954.56753000,6523,10589.58400000,792689.85709000,0
1785455100000000,74.72000000,74.74000000,74.47000000,74.51000000,17915.50800000,1785455999999999,1336257.85561000,5354,5070.77700000,378175.29770000,0
1785456000000000,74.52000000,74.66000000,74.51000000,74.61000000,10465.00900000,1785456899999999,780389.35703000,4537,5214.28500000,388836.50335000,0
1785456900000000,74.61000000,74.61000000,74.49000000,74.56000000,9727.34400000,1785457799999999,725146.68609000,2820,3520.78600000,262455.01858000,0
1785457800000000,74.56000000,74.64000000,74.45000000,74.55000000,11138.69400000,1785458699999999,829933.03172000,3429,6060.17300000,451528.99797000,0
1785458700000000,74.54000000,74.56000000,74.43000000,74.49000000,6315.92000000,1785459599999999,470393.65498000,2747,3247.32900000,241864.12102000,0
1785459600000000,74.49000000,75.29000000,74.49000000,75.22000000,53670.47600000,1785460499999999,4025500.56970000,14485,35265.44700000,2645040.23022000,0
1785460500000000,75.21000000,75.22000000,74.89000000,75.11000000,15397.05600000,1785461399999999,1155933.71012000,6325,7314.25000000,549253.31681000,0
1785461400000000,75.10000000,75.10000000,74.74000000,74.75000000,20208.71800000,1785462299999999,1514145.10654000,6069,6413.90600000,480479.32371000,0
1785462300000000,74.76000000,74.80000000,74.28000000,74.40000000,26660.43600000,1785463199999999,1985904.88059000,11492,11025.41900000,821335.55135000,0
1785463200000000,74.39000000,74.56000000,74.33000000,74.35000000,10322.74800000,1785464099999999,768418.03786000,6049,4513.18000000,335956.03883000,0
1785464100000000,74.34000000,74.35000000,74.19000000,74.21000000,10903.77800000,1785464999999999,809568.90479000,5333,3219.11400000,239006.14847000,0
1785465000000000,74.20000000,74.31000000,74.09000000,74.10000000,15138.14500000,1785465899999999,1122928.81710000,6333,7692.48900000,570663.82301000,0
1785465900000000,74.10000000,74.23000000,74.08000000,74.15000000,12825.68600000,1785466799999999,951034.08068000,4165,5516.88500000,409076.24902000,0
1785466800000000,74.16000000,74.16000000,73.88000000,74.00000000,18565.32700000,1785467699999999,1374004.16928000,5899,5157.80300000,381652.31923000,0
1785467700000000,74.01000000,74.35000000,73.97000000,74.20000000,9854.13800000,1785468599999999,731138.70520000,4411,5556.65700000,412316.17292000,0
1785468600000000,74.21000000,74.26000000,74.10000000,74.17000000,7248.57500000,1785469499999999,537645.89958000,3248,4255.47900000,315662.19046000,0
1785469500000000,74.18000000,74.28000000,74.13000000,74.14000000,19498.63700000,1785470399999999,1446512.82236000,3540,6760.60800000,501663.98797000,0
1785470400000000,74.14000000,74.15000000,74.00000000,74.01000000,10225.24400000,1785471299999999,757479.79882000,3398,5725.18200000,424229.00668000,0
1785471300000000,74.01000000,74.04000000,73.74000000,73.84000000,30519.81200000,1785472199999999,2253376.84639000,7492,11784.25500000,870119.69785000,0
1785472200000000,73.84000000,73.87000000,73.73000000,73.78000000,18754.85400000,1785473099999999,1383907.10759000,6826,12802.90100000,944712.22367000,0
1785473100000000,73.78000000,73.88000000,73.72000000,73.83000000,19252.08700000,1785473999999999,1420580.68949000,6715,14424.22500000,1064271.36275000,0
1785474000000000,73.83000000,74.12000000,73.82000000,74.10000000,18157.99300000,1785474899999999,1343656.04979000,5391,10273.98400000,760026.94473000,0
1785474900000000,74.11000000,74.32000000,74.09000000,74.18000000,12843.61300000,1785475799999999,953345.76304000,3651,7324.75800000,543649.17396000,0
1785475800000000,74.17000000,74.25000000,74.05000000,74.08000000,14281.62000000,1785476699999999,1059093.46447000,4220,4650.03900000,344834.20316000,0
1785476700000000,74.08000000,74.26000000,74.07000000,74.24000000,16635.86100000,1785477599999999,1234029.20613000,4902,6337.73900000,470335.87976000,0
1785477600000000,74.25000000,74.42000000,74.19000000,74.35000000,16185.39700000,1785478499999999,1202926.39560000,5728,5535.91300000,411553.11978000,0
1785478500000000,74.35000000,74.46000000,74.29000000,74.45000000,11044.62500000,1785479399999999,821279.85442000,3681,5512.80000000,409932.72945000,0
1785479400000000,74.45000000,74.54000000,74.12000000,74.13000000,12125.78300000,1785480299999999,901381.04953000,5142,4317.11900000,320966.50135000,0
1785480300000000,74.13000000,74.21000000,74.01000000,74.11000000,8726.82100000,1785481199999999,646638.67379000,3895,3462.89100000,256549.64812000,0
1785481200000000,74.10000000,74.10000000,73.67000000,73.79000000,13783.61200000,1785482099999999,1017982.32763000,6080,3392.54100000,250551.61150000,0
1785482100000000,73.78000000,73.84000000,73.53000000,73.54000000,15444.48400000,1785482999999999,1137468.22287000,5179,7548.09300000,555886.85840000,0
1785483000000000,73.54000000,73.71000000,73.51000000,73.66000000,32801.82300000,1785483899999999,2415241.13893000,7631,25644.94200000,1888170.70266000,0
1785483900000000,73.66000000,73.76000000,73.65000000,73.68000000,21255.62600000,1785484799999999,1566476.22063000,5202,16867.47300000,1243049.29111000,0
1785484800000000,73.68000000,73.77000000,73.61000000,73.74000000,18901.18100000,1785485699999999,1392350.42143000,4356,13495.72300000,994151.84072000,0
1785485700000000,73.74000000,73.78000000,73.62000000,73.74000000,10235.97700000,1785486599999999,754348.58034000,2804,5325.88800000,392527.19677000,0
1785486600000000,73.73000000,73.73000000,73.52000000,73.63000000,7948.40000000,1785487499999999,585272.15139000,2654,3113.79200000,229251.38450000,0
1785487500000000,73.63000000,73.80000000,73.60000000,73.66000000,9324.31200000,1785488399999999,687091.52187000,2710,3297.97900000,243031.73984000,0
1785488400000000,73.66000000,73.71000000,73.61000000,73.65000000,7749.66800000,1785489299999999,570806.65218000,2432,2954.17400000,217595.67868000,0
1785489300000000,73.65000000,73.66000000,73.45000000,73.48000000,11708.15600000,1785490199999999,860965.68820000,3463,3436.10800000,252713.10769000,0
1785490200000000,73.48000000,73.55000000,73.39000000,73.51000000,19924.90200000,1785491099999999,1463707.92369000,4659,6132.62500000,450588.32851000,0
1785491100000000,73.51000000,73.60000000,73.45000000,73.48000000,5809.73700000,1785491999999999,427126.51003000,2460,2466.51400000,181347.34819000,0
1785492000000000,73.48000000,73.56000000,73.29000000,73.55000000,9644.58400000,1785492899999999,708174.75529000,4488,3644.78800000,267612.35175000,0
1785492900000000,73.55000000,73.65000000,73.50000000,73.61000000,17986.08000000,1785493799999999,1323713.78131000,2649,4568.46700000,336138.56641000,0
1785493800000000,73.62000000,73.65000000,73.45000000,73.57000000,32840.98500000,1785494699999999,2416192.02915000,4088,7302.19500000,537293.44129000,0
1785494700000000,73.58000000,73.62000000,73.45000000,73.56000000,14926.45400000,1785495599999999,1097637.46061000,3358,4917.99100000,361797.28882000,0
1785495600000000,73.55000000,73.71000000,73.54000000,73.57000000,6624.23800000,1785496499999999,487696.75418000,2811,2685.66700000,197733.55178000,0
1785496500000000,73.57000000,73.69000000,73.49000000,73.58000000,6383.54300000,1785497399999999,469943.54500000,2778,3541.61600000,260722.71377000,0
1785497400000000,73.59000000,73.59000000,73.48000000,73.49000000,5381.32500000,1785498299999999,395665.82946000,1912,1911.92500000,140573.64744000,0
1785498300000000,73.50000000,73.57000000,73.47000000,73.57000000,5358.50000000,1785499199999999,393895.80516000,1883,2384.22600000,175272.55407000,0
1785499200000000,73.57000000,73.58000000,73.37000000,73.48000000,11305.27300000,1785500099999999,830515.17605000,3133,3209.62700000,235778.76220000,0
1785500100000000,73.47000000,73.65000000,73.43000000,73.60000000,6902.25000000,1785500999999999,507540.31906000,2244,3202.54900000,235529.57028000,0
1785501000000000,73.60000000,73.60000000,73.42000000,73.48000000,12291.55400000,1785501899999999,903640.76879000,4443,4855.99000000,357015.65008000,0
1785501900000000,73.48000000,73.63000000,73.45000000,73.63000000,6427.54000000,1785502799999999,472612.61678000,2519,2899.53800000,213237.67240000,0
1785502800000000,73.63000000,73.74000000,73.61000000,73.70000000,7007.21300000,1785503699999999,516335.63968000,2625,2779.29600000,204789.30350000,0
1785503700000000,73.69000000,73.81000000,73.69000000,73.80000000,8663.15500000,1785504599999999,639042.69350000,2947,5193.94600000,383129.97199000,0
1785504600000000,73.80000000,73.82000000,73.39000000,73.40000000,19813.50600000,1785505499999999,1457981.85018000,11645,5784.78800000,425747.93089000,0
1785505500000000,73.40000000,73.47000000,73.17000000,73.29000000,29957.49600000,1785506399999999,2194591.07215000,12547,10908.96000000,799257.17222000,0
1785506400000000,73.28000000,73.50000000,72.80000000,73.47000000,77760.24400000,1785507299999999,5684548.64160000,26515,36361.94200000,2659147.63598000,0
1785507300000000,73.48000000,73.69000000,73.26000000,73.30000000,42803.83800000,1785508199999999,3147078.84102000,16442,15670.99100000,1152276.49549000,0
1785508200000000,73.31000000,73.36000000,72.90000000,73.00000000,29051.16000000,1785509099999999,2125439.26594000,11236,14213.15800000,1039985.15118000,0
1785509100000000,72.99000000,73.19000000,72.84000000,73.05000000,23169.39700000,1785509999999999,1691228.81610000,8008,10333.32400000,754308.44616000,0
1785510000000000,73.05000000,73.09000000,72.88000000,72.99000000,16729.99900000,1785510899999999,1221290.86792000,5788,7510.64600000,548186.38457000,0
1785510900000000,72.99000000,73.12000000,72.88000000,72.97000000,18757.52300000,1785511799999999,1368549.65934000,5322,9172.07300000,669247.28973000,0
1785511800000000,72.98000000,73.22000000,72.91000000,73.09000000,12700.69200000,1785512699999999,927830.99860000,5376,6235.05700000,455444.57966000,0
1785512700000000,73.08000000,73.16000000,72.94000000,73.10000000,8472.78500000,1785513599999999,619123.37432000,3519,3327.97500000,243229.43785000,0
1785513600000000,73.11000000,73.29000000,73.08000000,73.14000000,11702.95900000,1785514499999999,856608.02534000,4862,5972.66900000,437115.01100000,0
1785514500000000,73.14000000,73.23000000,72.98000000,73.22000000,10452.54900000,1785515399999999,764481.68085000,5235,6568.32200000,480435.59213000,0
1785515400000000,73.22000000,73.23000000,73.04000000,73.13000000,9176.91500000,1785516299999999,671242.93212000,4028,4879.27500000,356866.42782000,0
1785516300000000,73.12000000,73.35000000,73.12000000,73.30000000,10229.83600000,1785517199999999,749245.54411000,3425,5707.52700000,418072.91366000,0
1785517200000000,73.29000000,73.34000000,73.17000000,73.30000000,8906.33200000,1785518099999999,652511.12010000,4062,4914.00100000,359980.84433000,0
1785518100000000,73.30000000,73.38000000,73.23000000,73.32000000,11809.80000000,1785518999999999,865601.90638000,4233,6485.54200000,475386.32274000,0
1785519000000000,73.31000000,73.43000000,73.28000000,73.32000000,10916.07000000,1785519899999999,800641.06283000,4732,5151.89400000,377865.55137000,0
1785519900000000,73.31000000,73.44000000,73.31000000,73.35000000,7448.26700000,1785520799999999,546580.37672000,3590,3969.11800000,291290.48094000,0
1785520800000000,73.35000000,73.48000000,73.28000000,73.30000000,7195.07800000,1785521699999999,527973.31777000,3464,3438.53100000,252345.85488000,0
1785521700000000,73.31000000,73.45000000,73.21000000,73.21000000,8186.65200000,1785522599999999,600394.20511000,3181,4190.55800000,307364.86890000,0
1785522600000000,73.21000000,73.22000000,72.94000000,73.08000000,10536.00500000,1785523499999999,769781.04973000,3718,2312.48200000,168961.02343000,0
1785523500000000,73.07000000,73.23000000,73.05000000,73.12000000,6172.70000000,1785524399999999,451392.59821000,2711,2842.75400000,207899.73670000,0
1785524400000000,73.11000000,73.20000000,73.04000000,73.10000000,4906.50300000,1785525299999999,358631.27596000,2854,2720.73100000,198860.28711000,0
1785525300000000,73.10000000,73.10000000,72.94000000,73.01000000,7197.75600000,1785526199999999,525489.82246000,2447,2941.24600000,214734.76759000,0
1785526200000000,73.01000000,73.09000000,72.92000000,73.08000000,7018.95700000,1785527099999999,512346.95014000,3128,3209.94300000,234319.39756000,0
1785527100000000,73.08000000,73.29000000,73.07000000,73.08000000,13882.84200000,1785527999999999,1016022.41674000,3784,6755.55600000,494456.04087000,0
1785528000000000,73.08000000,73.23000000,73.08000000,73.11000000,7000.12000000,1785528899999999,511933.73642000,3244,3301.31800000,241445.86753000,0
1785528900000000,73.10000000,73.17000000,73.07000000,73.12000000,4326.51700000,1785529799999999,316339.55289000,1998,2194.85200000,160475.03900000,0
1785529800000000,73.11000000,73.12000000,72.97000000,73.01000000,13361.56900000,1785530699999999,975818.27189000,3261,4870.14900000,355594.81381000,0
1785530700000000,73.01000000,73.05000000,72.93000000,72.95000000,17564.91100000,1785531599999999,1281973.26727000,4105,6036.90800000,440601.73720000,0
1785531600000000,72.96000000,73.05000000,72.88000000,73.05000000,5992.31700000,1785532499999999,437367.32113000,1994,2554.81700000,186501.56823000,0
1785532500000000,73.04000000,73.10000000,73.00000000,73.02000000,3834.48400000,1785533399999999,280108.31701000,1323,1883.52800000,137597.87795000,0
1785533400000000,73.02000000,73.05000000,72.95000000,73.04000000,5068.17100000,1785534299999999,370050.68357000,1943,2467.22000000,180141.53750000,0
1785534300000000,73.03000000,73.08000000,72.56000000,72.73000000,29717.33600000,1785535199999999,2163296.52896000,6799,9974.82000000,726025.02585000,0
1785535200000000,72.72000000,72.91000000,72.67000000,72.84000000,12696.87500000,1785536099999999,924094.08806000,4317,5620.57700000,409141.71892000,0
1785536100000000,72.84000000,72.88000000,72.81000000,72.87000000,8582.38800000,1785536999999999,625134.85110000,1588,3310.48100000,241147.29057000,0
1785537000000000,72.86000000,72.95000000,72.85000000,72.94000000,7017.88200000,1785537899999999,511602.26526000,1909,3279.77800000,239079.80051000,0
1785537900000000,72.93000000,72.94000000,72.84000000,72.85000000,6633.98000000,1785538799999999,483570.11041000,1460,1459.45300000,106371.51368000,0
1785538800000000,72.85000000,72.96000000,72.84000000,72.90000000,3279.96300000,1785539699999999,239160.79342000,1211,1398.70200000,101975.50096000,0
1785539700000000,72.90000000,72.96000000,72.88000000,72.90000000,5515.48300000,1785540599999999,402117.80341000,1187,3473.55200000,253245.72357000,0
1785540600000000,72.90000000,72.95000000,72.85000000,72.88000000,4682.63500000,1785541499999999,341349.89112000,1199,2992.36400000,218120.98457000,0
1785541500000000,72.89000000,72.91000000,72.80000000,72.87000000,4442.59000000,1785542399999999,323623.12794000,1541,2497.15500000,181891.10940000,0
