1709251200000,3340.10000000,3380.00000000,3338.54000000,3369.49000000,12804.38080000,1709252999999,42972741.84219000,30837,6834.11040000,22936514.84891200,0
1709253000000,3369.50000000,3379.89000000,3351.24000000,3378.73000000,8592.01110000,1709254799999,28956184.44738700,23975,3518.41600000,11862909.32637600,0
1709254800000,3378.73000000,3381.28000000,3364.61000000,3379.28000000,8029.88730000,1709256599999,27098026.68318900,22733,2995.97930000,10110910.06855600,0
1709256600000,3379.28000000,3388.82000000,3368.68000000,3375.20000000,12141.05250000,1709258399999,41027705.92650700,26287,4268.70650000,14427417.14371400,0
1709258400000,3375.20000000,3380.83000000,3352.05000000,3365.18000000,7218.10250000,1709260199999,24295547.27827500,23865,3177.10210000,10695532.19159500,0
1709260200000,3365.18000000,3371.80000000,3360.02000000,3366.73000000,6030.43310000,1709261999999,20287756.72682300,19516,2662.38350000,8956850.11332300,0
1709262000000,3366.73000000,3376.51000000,3355.18000000,3358.58000000,5381.33780000,1709263799999,18106238.96112400,21182,2506.12250000,8434131.41340400,0
1709263800000,3358.58000000,3377.59000000,3356.80000000,3367.79000000,6004.69850000,1709265599999,20220817.23359000,18709,2503.62780000,8431017.78049100,0
1709265600000,3367.78000000,3382.43000000,3365.59000000,3379.11000000,5215.40030000,1709267399999,17602602.25324600,17663,2857.45690000,9643893.27402200,0
1709267400000,3379.12000000,3381.45000000,3365.95000000,3376.87000000,8621.97280000,1709269199999,29079815.95449000,23069,3087.27640000,10412496.95521600,0
1709269200000,3376.87000000,3386.65000000,3372.65000000,3375.61000000,6080.43430000,1709270999999,20554155.06972000,19211,3557.54380000,12026896.90390500,0
1709271000000,3375.61000000,3379.82000000,3368.90000000,3368.90000000,5343.27890000,1709272799999,18026738.16510400,17911,1830.27060000,6175880.89123900,0
1709272800000,3368.91000000,3399.00000000,3368.52000000,3397.45000000,8801.98540000,1709274599999,29803041.89555600,26174,5296.27990000,17936227.56089800,0
1709274600000,3397.45000000,3397.65000000,3382.58000000,3387.26000000,6458.78450000,1709276399999,21881709.85610200,22800,3009.31490000,10194766.25721100,0
1709276400000,3387.26000000,3396.01000000,3375.12000000,3375.75000000,5748.53420000,1709278199999,19467414.11318400,20806,2384.68020000,8077758.00458300,0
1709278200000,3375.75000000,3378.71000000,3364.32000000,3365.41000000,9153.58110000,1709279999999,30860577.96383400,34928,4019.37430000,13550636.56868900,0
1709280000000,3365.41000000,3396.47000000,3353.74000000,3393.35000000,13796.52080000,1709281799999,46570801.40440200,42306,7223.49870000,24387598.16161900,0
1709281800000,3393.35000000,3437.08000000,3391.86000000,3420.93000000,37545.30140000,1709283599999,128513022.38869800,74437,17335.74870000,59322778.47400900,0
1709283600000,3420.94000000,3431.17000000,3416.75000000,3423.58000000,9133.32090000,1709285399999,31276334.98615400,27287,4906.03970000,16798772.06530800,0
1709285400000,3423.58000000,3431.76000000,3417.48000000,3429.14000000,6241.99570000,1709287199999,21381131.52999000,22564,3302.69550000,11313359.06799600,0
1709287200000,3429.13000000,3429.14000000,3414.00000000,3417.55000000,6164.82210000,1709288999999,21086989.36759600,24237,2807.50730000,9603197.86419200,0
1709289000000,3417.55000000,3422.00000000,3400.61000000,3406.04000000,7081.17300000,1709290799999,24143484.78633900,30109,3174.91970000,10823612.02466300,0
1709290800000,3406.04000000,3412.87000000,3401.10000000,3406.30000000,5838.28650000,1709292599999,19894973.22937900,20726,3249.13200000,11072453.23171600,0
1709292600000,3406.30000000,3418.32000000,3398.61000000,3410.90000000,5887.73110000,1709294399999,20072912.74604600,26357,2924.10630000,9971810.77686500,0
1709294400000,3410.89000000,3427.00000000,3410.26000000,3421.37000000,5069.76120000,1709296199999,17340975.06736800,21606,2950.79360000,10093264.07742600,0
1709296200000,3421.38000000,3436.86000000,3420.75000000,3423.98000000,8464.69910000,1709297999999,29037156.64200700,31574,4258.61300000,14609423.84271200,0
1709298000000,3423.98000000,3449.81000000,3422.60000000,3441.85000000,8519.65560000,1709299799999,29286865.14955500,27431,5048.57000000,17353793.83858900,0
1709299800000,3441.85000000,3445.58000000,3434.37000000,3438.51000000,6618.25210000,1709301599999,22764331.38935400,24649,3003.79770000,10332628.99694100,0
1709301600000,3438.50000000,3449.36000000,3432.00000000,3444.52000000,7770.17020000,1709303399999,26737392.75276600,30917,3654.21150000,12575643.86083600,0
1709303400000,3444.51000000,3449.41000000,3382.10000000,3415.85000000,27148.29200000,1709305199999,92600119.05140800,63203,12972.92800000,44240471.70769400,0
1709305200000,3415.84000000,3428.28000000,3403.47000000,3410.71000000,11483.25890000,1709306999999,39202802.93342200,35329,5744.20250000,19612361.47399100,0
1709307000000,3410.71000000,3414.55000000,3379.60000000,3390.76000000,14739.06600000,1709308799999,50050731.16394800,38251,6150.35420000,20880576.59869600,0
1709308800000,3390.76000000,3402.49000000,3380.06000000,3396.21000000,11079.36890000,1709310599999,37607785.24172900,32739,4898.19670000,16627023.95324700,0
1709310600000,3396.21000000,3396.90000000,3381.83000000,3387.19000000,9596.91570000,1709312399999,32535818.25889300,29673,4670.35040000,15834094.56332500,0
1709312400000,3387.19000000,3419.93000000,3387.19000000,3411.87000000,10256.49060000,1709314199999,34934152.53109000,28875,5637.89970000,19200737.29168600,0
1709314200000,3411.87000000,3425.45000000,3411.04000000,3419.39000000,6953.42340000,1709315999999,23771307.86838800,22815,3890.43760000,13299123.84027700,0
1709316000000,3419.38000000,3428.21000000,3410.19000000,3427.99000000,7063.01490000,1709317799999,24148053.41119600,23735,3418.21080000,11688239.55670800,0
1709317800000,3427.99000000,3433.91000000,3421.81000000,3431.69000000,7834.05980000,1709319599999,26864967.44505000,23776,4470.80360000,15331987.18285600,0
1709319600000,3431.69000000,3435.90000000,3420.75000000,3422.94000000,6073.77490000,1709321399999,20818824.13793100,21043,3069.07140000,10520230.04731800,0
1709321400000,3422.94000000,3428.58000000,3420.00000000,3427.73000000,5024.69630000,1709323199999,17206805.15548200,16159,2361.92680000,8089192.27447100,0
1709323200000,3427.73000000,3437.05000000,3421.28000000,3434.51000000,5729.53960000,1709324999999,19633874.50259900,18781,2841.02900000,9735965.53206500,0
1709325000000,3434.51000000,3450.00000000,3421.91000000,3443.64000000,8888.67300000,1709326799999,30524019.62102700,27462,5337.14040000,18328275.37056200,0
1709326800000,3443.65000000,3448.99000000,3425.00000000,3436.84000000,9278.62360000,1709328599999,31889622.21075200,28532,4908.18290000,16869049.55228900,0
1709328600000,3436.84000000,3438.06000000,3423.61000000,3426.71000000,3476.50650000,1709330399999,11923026.43168000,15827,1734.59680000,5949411.42694600,0
1709330400000,3426.71000000,3438.00000000,3424.36000000,3429.85000000,4635.31490000,1709332199999,15907415.58143900,16793,2234.56220000,7668494.24202000,0
1709332200000,3429.85000000,3437.70000000,3425.54000000,3433.21000000,3731.06290000,1709333999999,12805910.09429900,11796,1795.84050000,6164011.28141000,0
1709334000000,3433.21000000,3450.00000000,3433.20000000,3439.38000000,6223.52160000,1709335799999,21423155.96641300,19220,3213.54990000,11064891.75403700,0
1709335800000,3439.38000000,3440.15000000,3428.84000000,3433.43000000,3815.40900000,1709337599999,13099997.15597300,15255,2076.10000000,7128138.36018100,0
1709337600000,3433.42000000,3446.20000000,3427.30000000,3445.97000000,7038.53680000,1709339399999,24180641.36695200,20965,3506.96650000,12051305.19822400,0
1709339400000,3445.97000000,3460.04000000,3441.97000000,3457.82000000,12872.93870000,1709341199999,44452759.17243700,31792,5887.17020000,20330976.89553000,0
1709341200000,3457.81000000,3458.48000000,3424.71000000,3428.40000000,7973.59150000,1709342999999,27419635.17739200,26590,3158.83110000,10861552.87820400,0
1709343000000,3428.40000000,3443.74000000,3427.41000000,3442.47000000,5337.74860000,1709344799999,18346314.51215700,20037,2876.83680000,9887049.40093800,0
1709344800000,3442.47000000,3446.47000000,3428.73000000,3435.05000000,6205.06670000,1709346599999,21308368.39891100,17977,3216.26040000,11044401.05371100,0
1709346600000,3435.06000000,3443.92000000,3430.44000000,3437.68000000,4066.47880000,1709348399999,13972155.03630600,14898,1984.92450000,6820217.32343100,0
1709348400000,3437.67000000,3440.31000000,3428.44000000,3433.04000000,4080.86360000,1709350199999,14008665.35791100,14407,1878.75680000,6449884.70677100,0
1709350200000,3433.05000000,3444.15000000,3433.04000000,3442.34000000,6028.74680000,1709351999999,20739163.11686500,17636,2814.22350000,9679223.24474700,0
1709352000000,3442.33000000,3445.00000000,3431.83000000,3432.38000000,5439.75060000,1709353799999,18707569.91579800,17198,2269.11660000,7803757.14069900,0
1709353800000,3432.38000000,3438.38000000,3427.56000000,3427.57000000,4634.16600000,1709355599999,15907127.36542600,14674,2069.26780000,7103696.81872400,0
1709355600000,3427.56000000,3431.00000000,3390.01000000,3415.54000000,22368.24000000,1709357399999,76339145.13024700,42087,11514.45940000,39285964.46240600,0
1709357400000,3415.54000000,3421.79000000,3411.09000000,3419.70000000,11567.85110000,1709359199999,39501699.60347500,21668,6461.87690000,22064860.21988300,0
1709359200000,3419.69000000,3452.76000000,3414.71000000,3448.40000000,14611.68350000,1709360999999,50174406.64948800,35548,8531.75600000,29295155.34014700,0
1709361000000,3448.40000000,3448.52000000,3435.30000000,3435.82000000,5417.44860000,1709362799999,18643171.88530200,15819,2223.29720000,7650710.54391000,0
1709362800000,3435.83000000,3439.91000000,3426.90000000,3428.75000000,5407.14850000,1709364599999,18561984.59245900,20237,2825.33100000,9700069.41709800,0
1709364600000,3428.75000000,3433.43000000,3422.85000000,3430.25000000,4514.25950000,1709366399999,15477384.22032500,18405,2333.23640000,7999537.26258100,0
1709366400000,3430.26000000,3435.68000000,3405.17000000,3415.52000000,7199.72260000,1709368199999,24619626.78759500,26471,3346.78150000,11443910.57331100,0
1709368200000,3415.52000000,3425.26000000,3411.40000000,3417.50000000,5354.68520000,1709369999999,18308543.74293900,23509,2336.25900000,7987675.32217900,0
1709370000000,3417.50000000,3422.78000000,3409.20000000,3411.47000000,6068.61180000,1709371799999,20720932.10990400,21128,2494.33920000,8515165.98905400,0
1709371800000,3411.46000000,3411.47000000,3391.83000000,3403.00000000,10880.36720000,1709373599999,37005889.49029100,36227,4371.48740000,14868370.59325300,0
1709373600000,3402.99000000,3415.10000000,3401.42000000,3409.03000000,4529.96490000,1709375399999,15443422.28542400,16637,2428.23310000,8278608.08228800,0
1709375400000,3409.02000000,3413.73000000,3402.95000000,3407.31000000,4321.85140000,1709377199999,14732885.33832700,15405,1766.23610000,6020564.70895100,0
1709377200000,3407.32000000,3415.00000000,3403.43000000,3411.49000000,4366.62010000,1709378999999,14887564.29177500,15006,2429.06370000,8282163.90659500,0
1709379000000,3411.49000000,3416.48000000,3403.10000000,3403.39000000,4267.41730000,1709380799999,14552899.52337000,17011,1709.02600000,5829233.79057300,0
1709380800000,3403.40000000,3423.71000000,3403.14000000,3419.70000000,4416.66390000,1709382599999,15081168.55816900,16555,2325.92270000,7941848.89815600,0
1709382600000,3419.70000000,3427.01000000,3416.87000000,3420.64000000,5358.32600000,1709384399999,18340781.56900900,18569,2157.38330000,7384230.38326900,0
1709384400000,3420.64000000,3421.45000000,3413.20000000,3413.40000000,3686.30090000,1709386199999,12596285.11835300,15992,1622.53460000,5544364.09504000,0
1709386200000,3413.41000000,3424.51000000,3409.13000000,3410.15000000,4906.84380000,1709387999999,16762309.52240200,19003,2195.60680000,7502070.40348600,0
1709388000000,3410.15000000,3416.50000000,3396.01000000,3401.59000000,8777.76330000,1709389799999,29888857.21507300,29844,3574.45990000,12171827.89168400,0
1709389800000,3401.58000000,3414.73000000,3394.47000000,3413.22000000,5595.01080000,1709391599999,19054512.11719400,27793,3022.01160000,10292454.68447300,0
1709391600000,3413.22000000,3422.00000000,3410.44000000,3421.99000000,5058.07150000,1709393399999,17280758.81536900,19912,2977.70200000,10173769.97831500,0
1709393400000,3421.99000000,3424.19000000,3409.20000000,3418.05000000,5686.44500000,1709395199999,19434559.23229100,21076,2842.43690000,9714631.79572500,0
1709395200000,3418.04000000,3425.73000000,3417.40000000,3420.21000000,3731.69370000,1709396999999,12765804.84698700,17376,1957.06290000,6695067.53271300,0
1709397000000,3420.20000000,3424.60000000,3410.00000000,3424.60000000,8457.31750000,1709398799999,28887846.83030200,27515,3077.64740000,10513145.52180800,0
1709398800000,3424.59000000,3430.84000000,3417.42000000,3422.36000000,4465.66840000,1709400599999,15295148.75249400,18532,2077.79410000,7117484.57173200,0
1709400600000,3422.37000000,3425.66000000,3414.00000000,3414.01000000,4654.00380000,1709402399999,15915295.81108400,13729,2164.82630000,7403643.96959100,0
1709402400000,3414.00000000,3425.83000000,3413.37000000,3423.68000000,2868.69770000,1709404199999,9812652.11023700,11012,1789.34190000,6119953.91508100,0
1709404200000,3423.67000000,3430.56000000,3420.82000000,3430.52000000,2811.87380000,1709405999999,9634874.30528400,13038,1515.66950000,5193896.63277500,0
1709406000000,3430.51000000,3431.03000000,3423.79000000,3427.24000000,4383.07220000,1709407799999,15020966.92765700,14455,2405.35930000,8243315.97768000,0
1709407800000,3427.23000000,3430.49000000,3424.40000000,3426.19000000,3072.65590000,1709409599999,10530525.21611100,10925,1654.69040000,5671216.46711500,0
1709409600000,3426.20000000,3431.31000000,3404.40000000,3407.26000000,7673.62530000,1709411399999,26205354.86841600,22489,3501.77540000,11957561.10022300,0
1709411400000,3407.27000000,3410.54000000,3404.54000000,3406.29000000,5582.11960000,1709413199999,19020613.94929900,14777,3250.67530000,11076585.92721100,0
1709413200000,3406.30000000,3413.40000000,3404.75000000,3405.05000000,3617.78380000,1709414999999,12334020.42139700,13528,1850.88390000,6310147.93056700,0
1709415000000,3405.04000000,3408.20000000,3402.56000000,3408.19000000,3244.55670000,1709416799999,11048226.48678500,13541,1581.01550000,5383747.45400600,0
1709416800000,3408.19000000,3409.85000000,3403.44000000,3409.84000000,2994.24210000,1709418599999,10200902.57755500,12400,1918.29590000,6535256.00443800,0
1709418600000,3409.85000000,3409.88000000,3402.99000000,3404.00000000,1887.99680000,1709420399999,6430754.18058200,8174,779.85820000,2656211.24857500,0
1709420400000,3404.01000000,3419.62000000,3404.00000000,3417.77000000,3436.66640000,1709422199999,11727832.67831300,12406,1924.39200000,6565663.20999300,0
1709422200000,3417.76000000,3421.48000000,3414.60000000,3421.40000000,3063.78610000,1709423999999,10474913.26977000,12140,1641.19490000,5611438.81283100,0
1709424000000,3421.39000000,3422.93000000,3409.10000000,3413.41000000,6297.06520000,1709425799999,21513284.55535400,22554,2421.20720000,8271520.21324800,0
1709425800000,3413.41000000,3431.00000000,3413.40000000,3427.86000000,7629.34010000,1709427599999,26135785.93468100,24894,4198.64240000,14382252.65630400,0
1709427600000,3427.86000000,3434.00000000,3422.42000000,3425.62000000,5773.41310000,1709429399999,19793992.63913200,20516,2806.64690000,9623433.25946800,0
1709429400000,3425.61000000,3432.32000000,3423.92000000,3430.76000000,4586.04930000,1709431199999,15719968.16865400,14313,2311.05810000,7921026.79413100,0
1709431200000,3430.75000000,3430.97000000,3413.01000000,3413.69000000,4525.84480000,1709432999999,15486492.32078000,17101,2010.69800000,6879646.38253000,0
1709433000000,3413.69000000,3420.60000000,3410.81000000,3416.10000000,4409.47030000,1709434799999,15061805.06038100,15706,2357.45990000,8052863.73144400,0
1709434800000,3416.11000000,3426.56000000,3415.16000000,3424.94000000,3598.05870000,1709436599999,12308270.10170800,13217,2175.71440000,7440483.30127600,0
1709436600000,3424.94000000,3431.86000000,3424.47000000,3431.56000000,5378.89560000,1709438399999,18443893.08275800,14958,3324.09080000,11398164.46058000,0
1709438400000,3431.57000000,3445.00000000,3428.78000000,3444.63000000,8618.28100000,1709440199999,29625381.43253700,18540,5118.03850000,17590876.06025500,0
1709440200000,3444.63000000,3446.23000000,3436.62000000,3440.60000000,5093.34650000,1709441999999,17531028.07078800,15785,2261.04270000,7782014.36721500,0
1709442000000,3440.59000000,3443.69000000,3431.46000000,3432.26000000,4791.31580000,1709443799999,16464781.37483800,16261,2487.43710000,8547289.72681600,0
1709443800000,3432.26000000,3434.08000000,3420.72000000,3421.40000000,5189.56750000,1709445599999,17781102.23673200,18387,2408.04590000,8250088.13361800,0
1709445600000,3421.40000000,3424.50000000,3408.83000000,3423.77000000,8309.06660000,1709447399999,28380226.16452800,26055,3714.05040000,12687194.62333900,0
1709447400000,3423.77000000,3425.80000000,3412.08000000,3412.51000000,4299.01620000,1709449199999,14685370.16623600,18767,1780.30280000,6081869.12268600,0
1709449200000,3412.50000000,3415.23000000,3360.00000000,3380.21000000,20446.71790000,1709450999999,69267155.98075200,50797,8180.30990000,27705380.12496900,0
1709451000000,3380.20000000,3403.64000000,3366.46000000,3392.76000000,19304.72510000,1709452799999,65417136.31093000,52313,10119.78080000,34292619.17809600,0
1709452800000,3392.76000000,3401.77000000,3375.00000000,3388.87000000,12867.02640000,1709454599999,43570630.10622500,42389,5923.24790000,20063308.06378800,0
1709454600000,3388.87000000,3401.45000000,3387.92000000,3395.37000000,6132.24900000,1709456399999,20830573.77600900,24184,3063.14610000,10405028.08006100,0
1709456400000,3395.38000000,3410.78000000,3391.94000000,3406.68000000,6196.31480000,1709458199999,21096599.52818100,25412,3186.85970000,10850593.50846600,0
1709458200000,3406.68000000,3414.91000000,3401.53000000,3407.02000000,8434.50830000,1709459999999,28747150.40699700,23704,4257.75910000,14510888.44729200,0
1709460000000,3407.01000000,3408.93000000,3396.13000000,3408.60000000,5177.26670000,1709461799999,17615305.50180600,20357,2276.95930000,7747406.79891300,0
1709461800000,3408.59000000,3409.98000000,3399.32000000,3400.46000000,3214.45800000,1709463599999,10943976.32163100,15131,1515.40640000,5159983.94717800,0
1709463600000,3400.46000000,3409.67000000,3395.95000000,3405.40000000,4174.46680000,1709465399999,14207802.97705000,15761,1981.16280000,6742536.03779900,0
1709465400000,3405.40000000,3414.00000000,3402.86000000,3413.39000000,5617.41520000,1709467199999,19148354.16421900,17040,2652.26560000,9041348.24455200,0
1709467200000,3413.39000000,3447.53000000,3411.40000000,3442.38000000,15775.58650000,1709468999999,54185911.97948800,45986,8563.87090000,29410820.79049700,0
1709469000000,3442.38000000,3444.49000000,3419.40000000,3419.51000000,10547.07780000,1709470799999,36190999.90931700,33915,5039.32840000,17295953.02920200,0
1709470800000,3419.51000000,3427.03000000,3403.92000000,3416.46000000,9344.85650000,1709472599999,31922283.10414000,31837,4730.28810000,16159685.20632000,0
1709472600000,3416.46000000,3429.03000000,3411.86000000,3428.75000000,5408.69310000,1709474399999,18509463.53872100,22959,3001.07200000,10268404.76935300,0
1709474400000,3428.75000000,3436.05000000,3423.27000000,3434.34000000,4681.33670000,1709476199999,16055215.07842400,18684,2605.50090000,8936831.70581600,0
1709476200000,3434.34000000,3436.41000000,3415.81000000,3418.45000000,5983.17620000,1709477999999,20490974.46761900,25313,2421.77360000,8295144.62372100,0
1709478000000,3418.44000000,3429.92000000,3418.44000000,3422.07000000,4597.70490000,1709479799999,15745231.12564000,20233,2125.25770000,7278831.36075400,0
1709479800000,3422.07000000,3431.24000000,3417.80000000,3422.50000000,4166.88860000,1709481599999,14273635.25349700,15425,2180.02100000,7468398.75621300,0
1709481600000,3422.50000000,3442.34000000,3418.22000000,3441.50000000,7765.38030000,1709483399999,26637325.29361100,26856,4058.19870000,13924697.67631200,0
1709483400000,3441.50000000,3483.81000000,3438.99000000,3480.52000000,26377.41210000,1709485199999,91396179.68362100,59636,14513.43320000,50282176.38438700,0
1709485200000,3480.51000000,3484.44000000,3462.20000000,3464.27000000,11283.16290000,1709486999999,39185336.16824900,29294,4540.22970000,15770866.41111700,0
1709487000000,3464.26000000,3469.79000000,3454.68000000,3460.74000000,6806.70210000,1709488799999,23568718.79059500,22528,3096.42560000,10720628.22086000,0
1709488800000,3460.75000000,3472.46000000,3460.74000000,3465.33000000,4396.00560000,1709490599999,15240328.95086000,15468,2189.66560000,7590989.18820700,0
1709490600000,3465.32000000,3473.80000000,3457.00000000,3469.80000000,5081.45500000,1709492399999,17618374.69912900,19186,2470.70350000,8567523.53714100,0
1709492400000,3469.80000000,3474.48000000,3463.80000000,3467.40000000,4055.99690000,1709494199999,14070124.05444800,15957,1953.00680000,6775754.19470300,0
1709494200000,3467.40000000,3471.46000000,3462.60000000,3465.20000000,3862.80160000,1709495999999,13389158.27974200,14213,1648.87190000,5715158.56403300,0
1709496000000,3465.20000000,3473.50000000,3458.65000000,3471.25000000,3337.82090000,1709497799999,11565709.16304700,14182,1628.20450000,5642610.35088700,0
1709497800000,3471.25000000,3473.55000000,3464.60000000,3468.25000000,3164.84870000,1709499599999,10979242.90139800,13404,1724.46250000,5982550.76034100,0
1709499600000,3468.24000000,3472.58000000,3462.14000000,3468.57000000,2856.59740000,1709501399999,9904629.13484200,12021,1494.90690000,5183322.62759000,0
1709501400000,3468.58000000,3478.34000000,3468.57000000,3476.95000000,2914.11120000,1709503199999,10124151.74017500,13047,1747.02190000,6069658.16197800,0
1709503200000,3476.94000000,3491.80000000,3469.83000000,3488.56000000,7450.57990000,1709504999999,25950695.38763100,26456,4212.77420000,14675204.19945500,0
1709505000000,3488.56000000,3490.06000000,3461.00000000,3473.82000000,8908.16600000,1709506799999,30985986.38981100,27122,4401.51370000,15313097.62057700,0
1709506800000,3473.83000000,3481.89000000,3465.13000000,3480.45000000,7390.09140000,1709508599999,25661096.06356300,27955,3257.86530000,11312140.67188700,0
1709508600000,3480.46000000,3490.60000000,3473.84000000,3487.81000000,5411.19980000,1709510399999,18845823.44401500,21004,2703.43400000,9416440.58986800,0
1709510400000,3487.80000000,3527.94000000,3479.73000000,3526.20000000,21514.01370000,1709512199999,75372817.47505800,50345,13720.35890000,48084372.00486600,0
1709512200000,3526.20000000,3528.96000000,3423.78000000,3485.51000000,38414.59340000,1709513999999,134077812.66789700,91648,18032.71370000,62938953.08913400,0
1709514000000,3485.52000000,3493.21000000,3467.46000000,3489.39000000,11703.91840000,1709515799999,40738303.53971100,36956,6001.81330000,20894868.30605400,0
1709515800000,3489.39000000,3489.80000000,3477.36000000,3478.21000000,6126.81540000,1709517599999,21343315.41756800,26676,2558.29730000,8911852.16951200,0
1709517600000,3478.21000000,3485.80000000,3461.20000000,3484.99000000,8064.19690000,1709519399999,28023736.78565200,28631,3653.76840000,12697107.31273500,0
1709519400000,3485.00000000,3499.00000000,3484.21000000,3487.69000000,8485.90070000,1709521199999,29626733.79988600,28800,4164.40060000,14539626.27441600,0
1709521200000,3487.68000000,3487.84000000,3473.35000000,3481.15000000,4680.74870000,1709522999999,16281821.32886800,23160,2169.68790000,7547373.28989100,0
1709523000000,3481.16000000,3482.00000000,3465.52000000,3471.85000000,5250.93980000,1709524799999,18233059.76521100,24516,2429.33820000,8435306.65978700,0
1709524800000,3471.84000000,3478.93000000,3468.60000000,3478.92000000,4408.82300000,1709526599999,15311618.62127800,20102,2337.05800000,8116418.46465400,0
1709526600000,3478.92000000,3487.34000000,3478.56000000,3484.20000000,5506.43240000,1709528399999,19180386.46472200,21206,2922.39070000,10178535.36036200,0
1709528400000,3484.21000000,3485.72000000,3465.00000000,3468.27000000,14600.62110000,1709530199999,50713948.39179900,33187,5196.10520000,18047270.25791400,0
1709530200000,3468.28000000,3470.00000000,3456.36000000,3465.45000000,11894.27670000,1709531999999,41181275.15656900,34830,5538.12620000,19173897.21303300,0
1709532000000,3465.46000000,3469.20000000,3463.00000000,3469.10000000,5473.90330000,1709533799999,18974347.28714500,21518,2396.14550000,8306214.32128300,0
1709533800000,3469.10000000,3473.79000000,3465.72000000,3473.14000000,5076.31240000,1709535599999,17614086.36271900,20535,2316.63340000,8038408.79929900,0
1709535600000,3473.14000000,3473.15000000,3462.00000000,3468.39000000,5588.06370000,1709537399999,19376261.51780600,21738,2464.00700000,8543553.28431800,0
1709537400000,3468.40000000,3487.09000000,3466.34000000,3478.61000000,12383.00970000,1709539199999,43077977.79423900,44977,5133.31210000,17856355.31174300,0
1709539200000,3478.61000000,3519.00000000,3478.60000000,3514.60000000,28143.04390000,1709540999999,98563999.36764600,64232,14373.75990000,50333659.37627300,0
1709541000000,3514.61000000,3544.14000000,3512.11000000,3534.00000000,30815.12310000,1709542799999,108720205.48448200,74217,15154.22310000,53464125.27402500,0
1709542800000,3534.01000000,3535.00000000,3499.80000000,3523.67000000,18291.16400000,1709544599999,64320637.75869000,53020,7322.48770000,25751314.55684600,0
1709544600000,3523.68000000,3534.50000000,3520.50000000,3523.00000000,13028.71310000,1709546399999,45960803.15598500,40809,6171.76810000,21771608.33297600,0
1709546400000,3523.01000000,3523.52000000,3502.75000000,3505.66000000,12468.57390000,1709548199999,43759893.48182700,34301,5043.61650000,17700187.33521500,0
1709548200000,3505.66000000,3510.20000000,3481.67000000,3497.30000000,13799.41520000,1709549999999,48213390.84467800,40490,5255.71030000,18362835.03151400,0
1709550000000,3497.29000000,3511.93000000,3491.78000000,3493.86000000,8762.90200000,1709551799999,30679022.42568200,31113,3820.84860000,13380836.14767000,0
1709551800000,3493.86000000,3506.92000000,3491.17000000,3506.91000000,5252.30410000,1709553599999,18392009.99078900,20804,2398.16100000,8398980.56853300,0
1709553600000,3506.92000000,3507.20000000,3497.19000000,3507.18000000,6177.41930000,1709555399999,21633299.43577800,22627,2846.43780000,9968721.28706700,0
1709555400000,3507.17000000,3508.51000000,3497.52000000,3506.10000000,5004.15220000,1709557199999,17537800.22581600,19683,2291.37140000,8029996.62808900,0
1709557200000,3506.09000000,3519.00000000,3500.72000000,3502.67000000,8447.84150000,1709558999999,29645253.59146900,28192,3920.31100000,13758386.20674200,0
1709559000000,3502.68000000,3515.34000000,3484.70000000,3490.12000000,11904.71930000,1709560799999,41695307.55975600,37250,5195.46200000,18207634.11477100,0
1709560800000,3490.11000000,3500.00000000,3459.03000000,3495.75000000,22194.89720000,1709562599999,77278396.99264400,64339,10330.78260000,35977941.96366100,0
1709562600000,3495.74000000,3546.00000000,3493.15000000,3534.16000000,34342.55070000,1709564399999,121116464.00166200,82717,18823.36480000,66389979.89424700,0
1709564400000,3534.17000000,3568.00000000,3521.78000000,3557.26000000,23415.65900000,1709566199999,83145384.62522600,61290,12593.85140000,44718121.07590900,0
1709566200000,3557.25000000,3568.18000000,3540.04000000,3560.42000000,20633.21210000,1709567999999,73377106.12171300,45244,11664.47860000,41482758.42095300,0
1709568000000,3560.42000000,3575.00000000,3541.07000000,3547.41000000,24930.57880000,1709569799999,88783335.75795600,60271,12642.44120000,45027198.24614800,0
1709569800000,3547.42000000,3561.20000000,3534.65000000,3549.80000000,21592.62030000,1709571599999,76642301.76416800,50931,11808.44220000,41916086.09947700,0
1709571600000,3549.80000000,3584.07000000,3528.42000000,3578.01000000,29144.76070000,1709573399999,103565444.25584300,64963,16451.12910000,58465776.20987700,0
1709573400000,3578.00000000,3585.34000000,3540.54000000,3543.64000000,29148.08100000,1709575199999,103856711.25280800,68121,14062.08180000,50124807.45383400,0
1709575200000,3543.64000000,3567.32000000,3529.80000000,3532.99000000,22889.89760000,1709576999999,81211073.13928000,54813,10120.34560000,35913689.24177500,0
1709577000000,3533.00000000,3597.00000000,3532.99000000,3596.41000000,23059.00590000,1709578799999,82372692.03621500,50555,13430.45500000,48009900.31020600,0
1709578800000,3596.41000000,3610.00000000,3581.52000000,3604.99000000,23064.34360000,1709580599999,82895254.38049900,53328,13151.17270000,47277320.65887000,0
1709580600000,3605.00000000,3607.24000000,3586.86000000,3593.01000000,10859.64420000,1709582399999,39034958.49766400,29803,5545.86570000,19933444.16071600,0
1709582400000,3593.00000000,3595.99000000,3577.50000000,3579.74000000,9988.10930000,1709584199999,35814628.29289900,28574,4935.16670000,17696950.15470700,0
1709584200000,3579.74000000,3595.00000000,3573.40000000,3583.37000000,13124.22320000,1709585999999,47050255.00770700,35061,5686.02840000,20383154.67235000,0
1709586000000,3583.38000000,3593.23000000,3558.99000000,3564.41000000,14093.00730000,1709587799999,50346027.93723700,36089,6754.69980000,24131370.26701400,0
1709587800000,3564.41000000,3581.51000000,3558.30000000,3580.40000000,6001.12310000,1709589599999,21414748.56277800,21984,3137.95820000,11198145.97117800,0
1709589600000,3580.41000000,3593.23000000,3564.31000000,3574.87000000,11100.21890000,1709591399999,39731819.62527900,34269,5292.46000000,18941790.91546300,0
1709591400000,3574.87000000,3609.79000000,3565.00000000,3608.48000000,10338.19440000,1709593199999,37106355.74365400,27069,5523.91880000,19836225.71412700,0
1709593200000,3608.49000000,3640.94000000,3606.53000000,3623.23000000,19084.00090000,1709594999999,69211098.80173700,52681,10383.17280000,37653326.57166900,0
1709595000000,3623.23000000,3637.85000000,3607.21000000,3627.76000000,15088.56700000,1709596799999,54701859.44349500,36099,7887.89520000,28596210.64027300,0
1709596800000,3627.75000000,3634.20000000,3612.40000000,3617.71000000,14539.11010000,1709598599999,52703921.11705400,37719,6828.54010000,24753637.71401600,0
1709598600000,3617.72000000,3635.81000000,3607.24000000,3618.94000000,15910.66630000,1709600399999,57644415.79788300,40632,7501.44810000,27169836.87942700,0
1709600400000,3618.94000000,3637.58000000,3614.71000000,3636.85000000,14262.52980000,1709602199999,51692964.16553200,35639,6861.84720000,24877566.63840900,0
1709602200000,3636.84000000,3655.27000000,3632.38000000,3642.72000000,15786.53940000,1709603999999,57542562.31777100,47368,7873.80880000,28698901.74466300,0
1709604000000,3642.72000000,3643.38000000,3614.10000000,3621.48000000,13038.06830000,1709605799999,47313185.07371100,40521,5403.71890000,19609554.55100400,0
1709605800000,3621.48000000,3628.00000000,3607.28000000,3623.10000000,10024.59320000,1709607599999,36271896.18423900,33587,4662.55070000,16873057.33341100,0
1709607600000,3623.09000000,3644.00000000,3612.62000000,3643.50000000,9598.42100000,1709609399999,34810075.63072300,30993,4990.35700000,18093279.74569800,0
1709609400000,3643.50000000,3697.20000000,3643.49000000,3689.81000000,22452.56130000,1709611199999,82428864.24409500,58173,12933.53080000,47470775.20908600,0
1709611200000,3689.81000000,3740.00000000,3687.19000000,3715.11000000,44334.61980000,1709612999999,164866732.54439300,116797,22718.03000000,84459671.28663300,0
1709613000000,3715.12000000,3730.00000000,3672.06000000,3695.65000000,27019.44690000,1709614799999,100006474.76938000,84697,12832.07810000,47501839.41438900,0
1709614800000,3695.65000000,3705.22000000,3641.50000000,3703.71000000,46360.01690000,1709616599999,170557277.25027300,111048,22813.12620000,83941662.06438800,0
1709616600000,3703.70000000,3734.21000000,3692.92000000,3715.80000000,41350.13580000,1709618399999,153622483.18161300,82576,20589.45440000,76506742.38875200,0
1709618400000,3715.80000000,3722.55000000,3698.40000000,3718.06000000,14438.15180000,1709620199999,53581679.76787000,38340,7353.07370000,27288730.37115000,0
1709620200000,3718.06000000,3727.25000000,3703.50000000,3712.25000000,10912.02010000,1709621999999,40562220.87392100,31826,5246.55160000,19501025.96495900,0
1709622000000,3712.26000000,3722.06000000,3698.48000000,3698.93000000,10397.19820000,1709623799999,38589620.49626600,29823,4852.55680000,18014786.28824300,0
1709623800000,3698.94000000,3702.50000000,3670.81000000,3672.98000000,19841.66630000,1709625599999,73186149.32993500,58095,9490.19050000,35008369.96039300,0
1709625600000,3672.99000000,3689.80000000,3651.87000000,3685.36000000,24579.46710000,1709627399999,90347969.04244000,55659,12287.76840000,45170498.81676800,0
1709627400000,3685.36000000,3700.00000000,3678.03000000,3692.61000000,8738.14390000,1709629199999,32263899.93857100,30351,4611.05960000,17024286.89609500,0
1709629200000,3692.60000000,3701.65000000,3680.03000000,3696.55000000,8553.57960000,1709630999999,31571170.89006000,28748,4733.54430000,17472943.63091100,0
1709631000000,3696.54000000,3696.55000000,3674.00000000,3688.67000000,10144.55810000,1709632799999,37369649.03841100,31125,4902.07120000,18057749.52217400,0
1709632800000,3688.68000000,3712.45000000,3688.16000000,3712.36000000,8839.39580000,1709634599999,32684728.46178900,27574,4859.32530000,17968552.68768100,0
1709634600000,3712.36000000,3725.03000000,3707.55000000,3710.50000000,11493.99730000,1709636399999,42732577.08299400,33916,6081.67640000,22609342.77484900,0
1709636400000,3710.50000000,3739.00000000,3710.00000000,3738.99000000,11158.51760000,1709638199999,41583811.67555500,32023,6695.38810000,24952732.33583500,0
1709638200000,3739.00000000,3742.00000000,3723.96000000,3731.45000000,13050.20210000,1709639999999,48732593.82680300,39747,6925.48960000,25861659.07876000,0
1709640000000,3731.46000000,3769.00000000,3730.80000000,3767.76000000,25944.74310000,1709641799999,97440458.51039200,57637,14119.01420000,53020655.97980300,0
1709641800000,3767.75000000,3769.00000000,3750.60000000,3759.01000000,19789.17910000,1709643599999,74381124.17011800,43388,10637.55050000,39984232.04509100,0
1709643600000,3759.00000000,3779.51000000,3753.91000000,3760.84000000,18857.43780000,1709645399999,71003059.69169700,49151,10415.24370000,39218630.30741300,0
1709645400000,3760.83000000,3782.03000000,3751.57000000,3779.41000000,18322.34560000,1709647199999,69062826.55043400,52226,10473.05090000,39478945.36053500,0
1709647200000,3779.40000000,3788.60000000,3759.80000000,3766.31000000,22223.73270000,1709648999999,83882182.94760500,58784,11628.53460000,43893189.16301100,0
1709649000000,3766.31000000,3806.30000000,3745.95000000,3803.95000000,35319.54090000,1709650799999,133511747.61868800,80177,19339.66710000,73105273.24153000,0
1709650800000,3803.95000000,3822.04000000,3753.46000000,3782.00000000,54954.55170000,1709652599999,208691246.61819100,122385,26126.18390000,99203516.79298600,0
1709652600000,3782.00000000,3813.79000000,3756.27000000,3783.01000000,36891.60510000,1709654399999,139872312.14580700,83251,19076.47320000,72326351.66941000,0
1709654400000,3783.00000000,3796.07000000,3664.00000000,3727.20000000,78921.87750000,1709656199999,293392556.22509000,165281,37412.06750000,139053267.57723400,0
1709656200000,3727.20000000,3727.21000000,3671.20000000,3688.07000000,36252.74990000,1709657999999,134081091.98466900,81895,16121.20550000,59627813.42720700,0
1709658000000,3688.06000000,3688.64000000,3556.46000000,3643.66000000,67652.32830000,1709659799999,245546945.11246000,145552,29038.20300000,105413629.49007200,0
1709659800000,3643.66000000,3688.64000000,3623.80000000,3686.51000000,32077.97770000,1709661599999,117237684.22595900,68503,16328.50610000,59697313.46363100,0
1709661600000,3686.51000000,3686.52000000,3611.00000000,3648.61000000,22045.94250000,1709663399999,80761204.47882600,59691,9324.67540000,34167506.07257400,0
1709663400000,3648.61000000,3662.89000000,3590.85000000,3611.88000000,25090.81040000,1709665199999,90901659.89072600,61668,11143.71290000,40390636.77722300,0
1709665200000,3611.88000000,3626.52000000,3531.03000000,3575.74000000,40988.83460000,1709666999999,146450554.61761800,92672,18673.86210000,66708205.79349100,0
1709667000000,3575.74000000,3580.53000000,3200.00000000,3376.46000000,118414.36420000,1709668799999,404835499.39583200,227763,46281.68850000,158720093.52640300,0
1709668800000,3376.46000000,3464.88000000,3358.44000000,3424.59000000,81586.60640000,1709670599999,279835593.55581000,177144,41609.30050000,142742065.51927100,0
1709670600000,3424.59000000,3433.27000000,3324.68000000,3387.80000000,61040.43340000,1709672399999,206798719.07933500,121381,31615.72190000,107110800.48043600,0
1709672400000,3387.81000000,3529.60000000,3385.21000000,3529.47000000,57280.51490000,1709674199999,198724542.94000900,98479,32885.07370000,114143515.89681100,0
1709674200000,3529.46000000,3529.61000000,3487.34000000,3520.05000000,34586.49390000,1709675999999,121392821.98686400,72424,17816.85210000,62539107.22575400,0
1709676000000,3520.05000000,3527.44000000,3453.48000000,3487.77000000,26544.16340000,1709677799999,92701488.14707400,62703,12330.62840000,43077813.90130000,0
1709677800000,3487.77000000,3508.57000000,3434.97000000,3506.51000000,16996.29200000,1709679599999,59116986.83180600,42750,8693.36550000,30235878.86670300,0
1709679600000,3506.51000000,3540.60000000,3494.60000000,3540.21000000,12190.97180000,1709681399999,42907995.86262500,34353,6797.26530000,23928132.73382100,0
1709681400000,3540.22000000,3580.60000000,3532.40000000,3553.65000000,22107.76040000,1709683199999,78650454.39456300,49347,11264.41000000,40069595.68111100,0
1709683200000,3553.66000000,3582.92000000,3545.40000000,3582.64000000,17913.73710000,1709684999999,63834260.49781700,41647,9250.93210000,32968416.49201600,0
1709685000000,3582.63000000,3591.23000000,3562.13000000,3562.60000000,16835.64920000,1709686799999,60302377.10453300,38824,7897.57270000,28289359.62165200,0
1709686800000,3562.60000000,3583.65000000,3532.50000000,3533.98000000,17301.19450000,1709688599999,61521681.03320000,39534,8001.80560000,28455813.20922600,0
1709688600000,3533.97000000,3542.59000000,3515.00000000,3519.02000000,13205.30710000,1709690399999,46632783.54419200,37895,6084.20410000,21486100.66005600,0
1709690400000,3519.01000000,3548.93000000,3507.80000000,3516.00000000,14333.82790000,1709692199999,50575768.16271900,38177,7319.45020000,25836150.56620400,0
1709692200000,3515.99000000,3536.70000000,3499.40000000,3502.79000000,12795.48330000,1709693999999,45045434.14012300,35269,6179.75120000,21761487.00171300,0
1709694000000,3502.80000000,3535.36000000,3500.01000000,3532.80000000,12328.04190000,1709695799999,43386970.66657700,40765,6012.61020000,21163633.72870800,0
1709695800000,3532.79000000,3551.60000000,3523.22000000,3538.01000000,11107.53930000,1709697599999,39321287.30482700,35973,5849.16750000,20706325.71491400,0
1709697600000,3538.01000000,3562.52000000,3536.20000000,3552.25000000,9609.94950000,1709699399999,34127385.76395300,37512,5492.54090000,19502493.03892000,0
1709699400000,3552.26000000,3653.38000000,3550.20000000,3649.28000000,33627.61220000,1709701199999,121472167.94639400,85352,19508.88120000,70462230.93243000,0
1709701200000,3649.28000000,3754.64000000,3647.00000000,3742.00000000,58178.81460000,1709702999999,215367131.06949300,126195,26033.28870000,96399319.68686500,0
1709703000000,3741.99000000,3770.63000000,3725.00000000,3769.44000000,37631.23790000,1709704799999,140918529.06329200,78283,17222.34170000,64500289.74861700,0
1709704800000,3769.44000000,3789.00000000,3755.92000000,3765.68000000,31202.86950000,1709706599999,117663104.12214800,63234,13906.14370000,52441314.22836500,0
1709706600000,3765.67000000,3772.06000000,3747.67000000,3748.48000000,23994.04580000,1709708399999,90211093.44217200,48715,8993.76830000,33817932.96774700,0
1709708400000,3748.49000000,3780.00000000,3740.83000000,3763.61000000,20250.00920000,1709710199999,76241985.02419200,52564,9498.49440000,35755667.55813400,0
1709710200000,3763.62000000,3789.77000000,3753.99000000,3786.60000000,16243.30950000,1709711999999,61216618.72652700,40918,7984.21310000,30099596.85980500,0
1709712000000,3786.61000000,3857.85000000,3778.60000000,3846.87000000,48687.16780000,1709713799999,186321560.41405800,108752,24643.27850000,94261430.48882600,0
1709713800000,3846.87000000,3868.07000000,3810.64000000,3825.38000000,28965.99170000,1709715599999,111101023.72287900,77875,13541.03020000,51942100.30522800,0
1709715600000,3825.38000000,3867.27000000,3819.77000000,3844.19000000,19590.78410000,1709717399999,75312392.17910400,56339,9150.14330000,35183602.60786900,0
1709717400000,3844.20000000,3845.40000000,3788.04000000,3792.23000000,21588.69040000,1709719199999,82423020.92709800,64195,9735.18060000,37172631.75286300,0
1709719200000,3792.23000000,3840.00000000,3791.80000000,3817.01000000,24432.10630000,1709720999999,93237062.27625300,62025,13741.63320000,52426408.41972900,0
1709721000000,3817.01000000,3842.60000000,3815.19000000,3839.80000000,11510.07250000,1709722799999,44115177.32033600,38887,5847.13800000,22410834.33158300,0
1709722800000,3839.80000000,3899.47000000,3835.49000000,3889.22000000,29473.51050000,1709724599999,114021668.02289300,86761,15648.70570000,60532088.84511600,0
1709724600000,3889.23000000,3894.42000000,3861.49000000,3879.74000000,16803.55230000,1709726399999,65164261.10765900,48216,8500.83160000,32963946.82483700,0
1709726400000,3879.74000000,3900.00000000,3847.41000000,3857.71000000,24742.27680000,1709728199999,95954370.85624300,65626,12993.12610000,50428397.88388000,0
1709728200000,3857.71000000,3859.31000000,3755.00000000,3817.41000000,43986.85330000,1709729999999,167885989.40327700,112298,21270.65240000,81168710.04906400,0
1709730000000,3817.42000000,3839.20000000,3771.88000000,3816.38000000,29125.82470000,1709731799999,110981443.38079900,87822,14261.93860000,54352128.62169100,0
1709731800000,3816.37000000,3845.58000000,3807.80000000,3830.77000000,19180.63560000,1709733599999,73432628.56181000,55502,9958.83720000,38131524.52036100,0
1709733600000,3830.78000000,3863.18000000,3822.36000000,3833.39000000,24235.08010000,1709735399999,93299922.61216500,58058,14310.91460000,55110310.46742600,0
1709735400000,3833.39000000,3851.24000000,3768.93000000,3781.95000000,42357.05840000,1709737199999,161187726.97083500,89091,19703.76520000,74980812.22175000,0
1709737200000,3781.96000000,3794.65000000,3724.00000000,3780.01000000,32363.46870000,1709738999999,121824258.48582200,78699,15315.57240000,57658386.60847100,0
1709739000000,3780.00000000,3808.70000000,3773.25000000,3790.94000000,18048.59880000,1709740799999,68469649.17023400,50068,9462.75450000,35900025.30456500,0
1709740800000,3790.95000000,3806.56000000,3775.44000000,3804.19000000,15285.56120000,1709742599999,57974883.04225000,42837,8217.01540000,31168734.57897400,0
1709742600000,3804.18000000,3822.92000000,3764.25000000,3816.01000000,19604.17960000,1709744399999,74303426.15540700,54179,10094.05840000,38266346.02763400,0
1709744400000,3816.01000000,3817.39000000,3789.72000000,3795.73000000,11319.01780000,1709746199999,43036688.09743800,37998,5681.98300000,21605845.76444800,0
1709746200000,3795.74000000,3850.62000000,3795.23000000,3847.05000000,15567.79920000,1709747999999,59523400.29040800,41237,8985.71430000,34352506.48710200,0
1709748000000,3847.06000000,3861.31000000,3836.67000000,3856.95000000,14435.06260000,1709749799999,55596468.14313000,44081,7936.60590000,30567177.12585600,0
1709749800000,3856.95000000,3862.50000000,3828.39000000,3862.12000000,11657.56790000,1709751599999,44824675.67824300,41693,5966.94560000,22945998.02368800,0
1709751600000,3862.11000000,3878.41000000,3836.34000000,3877.30000000,10135.52340000,1709753399999,39078032.88894500,34708,5327.81760000,20546411.71302600,0
1709753400000,3877.31000000,3880.00000000,3850.00000000,3852.59000000,9001.07710000,1709755199999,34780975.57050600,32011,4309.02960000,16651013.64129800,0
1709755200000,3852.59000000,3892.58000000,3844.61000000,3875.41000000,14083.53130000,1709756999999,54622640.91666500,40588,7248.18690000,28109804.83300400,0
1709757000000,3875.40000000,3886.61000000,3849.03000000,3858.05000000,9160.15750000,1709758799999,35419382.60901900,30117,4036.00060000,15609273.00374200,0
1709758800000,3858.05000000,3861.97000000,3843.61000000,3845.17000000,9735.01040000,1709760599999,37500252.88392700,31747,4621.56230000,17803460.91115800,0
1709760600000,3845.16000000,3851.99000000,3832.83000000,3845.55000000,7386.89550000,1709762399999,28381626.98949400,29454,3509.26650000,13484109.16560900,0
1709762400000,3845.54000000,3845.55000000,3824.60000000,3844.49000000,6452.33710000,1709764199999,24754513.18211600,25497,3115.02750000,11951685.63455900,0
1709764200000,3844.48000000,3845.88000000,3805.03000000,3813.42000000,8177.26420000,1709765999999,31274849.46013500,26399,4052.50820000,15498064.72121300,0
1709766000000,3813.43000000,3832.53000000,3792.70000000,3822.09000000,9081.02580000,1709767799999,34635516.78241700,30689,4990.06970000,19035962.30824600,0
1709767800000,3822.09000000,3828.42000000,3804.20000000,3818.59000000,16762.39890000,1709769599999,63972858.56401300,31156,8308.61880000,31695105.63991100,0
1709769600000,3818.58000000,3838.23000000,3795.60000000,3805.11000000,20302.37530000,1709771399999,77606029.43274500,37573,9788.01250000,37398172.46069600,0
1709771400000,3805.12000000,3852.69000000,3805.11000000,3838.00000000,12548.66010000,1709773199999,48164899.90440800,33900,6993.21930000,26836359.76418600,0
1709773200000,3838.00000000,3838.01000000,3774.82000000,3810.38000000,19225.01630000,1709774999999,73070005.60836700,48832,9620.99380000,36546398.27302800,0
1709775000000,3810.37000000,3831.57000000,3785.80000000,3830.99000000,9935.03360000,1709776799999,37828560.23063200,29236,5275.19400000,20089269.86698000,0
1709776800000,3830.99000000,3831.40000000,3780.60000000,3787.07000000,11881.82310000,1709778599999,45228776.80509000,36427,5573.92820000,21212009.79537700,0
1709778600000,3787.07000000,3797.00000000,3777.25000000,3784.76000000,8734.66920000,1709780399999,33077022.64252900,27858,4379.36160000,16584817.44383800,0
1709780400000,3784.76000000,3805.40000000,3780.00000000,3794.64000000,8181.33660000,1709782199999,31048477.12950200,24593,3861.66400000,14655986.84453200,0
1709782200000,3794.63000000,3798.45000000,3764.21000000,3775.18000000,10812.93550000,1709783999999,40832522.44232100,37683,4274.45880000,16140412.46357100,0
1709784000000,3775.18000000,3799.98000000,3761.20000000,3798.30000000,8316.25270000,1709785799999,31469431.09473600,30582,4361.07270000,16507223.03360300,0
1709785800000,3798.30000000,3799.74000000,3770.35000000,3780.07000000,6714.76960000,1709787599999,25432771.83441100,25692,3244.42270000,12288436.13405200,0
1709787600000,3780.08000000,3803.36000000,3778.10000000,3798.41000000,6815.29400000,1709789399999,25846841.63134100,26116,3936.57870000,14928812.00776700,0
1709789400000,3798.40000000,3798.92000000,3742.51000000,3753.97000000,14309.51320000,1709791199999,53856143.24921100,47991,6283.89820000,23651971.68813800,0
1709791200000,3753.98000000,3780.95000000,3735.00000000,3778.97000000,11342.25490000,1709792999999,42618769.21567700,36712,6339.03340000,23824260.19340200,0
1709793000000,3778.97000000,3779.00000000,3757.57000000,3771.67000000,6881.38770000,1709794799999,25927293.46686400,26262,3644.95210000,13732646.42209200,0
1709794800000,3771.67000000,3788.08000000,3756.00000000,3786.27000000,8067.60300000,1709796599999,30435968.40262900,26172,4310.88260000,16267163.31683200,0
1709796600000,3786.27000000,3800.99000000,3774.46000000,3789.22000000,9405.40080000,1709798399999,35648074.23186100,33673,4708.41260000,17847956.30206900,0
1709798400000,3789.23000000,3814.85000000,3787.62000000,3802.96000000,10725.23960000,1709800199999,40789213.69499700,38621,5531.41190000,21036721.74605900,0
1709800200000,3802.96000000,3805.00000000,3784.25000000,3791.54000000,7373.49710000,1709801999999,27980328.74746700,28652,3063.56550000,11625277.46020600,0
1709802000000,3791.53000000,3800.84000000,3784.59000000,3786.31000000,7925.44540000,1709803799999,30073149.32677300,23579,3221.93810000,12224564.86289700,0
1709803800000,3786.30000000,3796.01000000,3774.08000000,3784.21000000,9501.58260000,1709805599999,35978428.03237400,25546,3494.95790000,13232819.76523000,0
1709805600000,3784.21000000,3801.70000000,3780.34000000,3797.56000000,5526.06630000,1709807399999,20959527.78703200,21586,2974.53660000,11282172.38001900,0
1709807400000,3797.56000000,3798.28000000,3773.09000000,3794.21000000,8653.97350000,1709809199999,32738605.81342400,27701,3982.19260000,15065298.57393700,0
1709809200000,3794.21000000,3814.92000000,3770.36000000,3781.40000000,15111.40960000,1709810999999,57292655.92360400,51220,7708.43980000,29234456.59917200,0
1709811000000,3781.40000000,3796.00000000,3774.89000000,3787.58000000,8531.08560000,1709812799999,32260679.16902600,27828,3916.34530000,14812281.83501400,0
1709812800000,3787.58000000,3804.50000000,3784.02000000,3787.97000000,7524.30320000,1709814599999,28544208.61517500,29427,3863.31540000,14656083.86616800,0
1709814600000,3787.97000000,3795.00000000,3773.40000000,3781.60000000,8046.90980000,1709816399999,30454554.10882900,26519,4452.04520000,16848774.39658000,0
1709816400000,3781.60000000,3783.75000000,3765.12000000,3782.39000000,7805.20590000,1709818199999,29462056.25698800,29588,3589.55340000,13549779.83058500,0
1709818200000,3782.39000000,3810.77000000,3782.10000000,3806.07000000,9379.47760000,1709819999999,35630907.25626700,32891,4985.78780000,18940051.43884700,0
1709820000000,3806.06000000,3834.39000000,3806.06000000,3824.52000000,13007.70540000,1709821799999,49698828.78388700,44686,5972.71640000,22818166.72296500,0
1709821800000,3824.53000000,3853.80000000,3780.52000000,3806.85000000,33095.15380000,1709823599999,126271803.06329900,89689,16826.86670000,64211213.10962800,0
1709823600000,3806.85000000,3826.37000000,3796.51000000,3814.05000000,13239.34380000,1709825399999,50448516.63633400,44707,7136.64710000,27197781.13772300,0
1709825400000,3814.05000000,3855.23000000,3813.80000000,3837.16000000,20674.59050000,1709827199999,79415925.49355900,52988,10412.58990000,39997380.57287600,0
1709827200000,3837.17000000,3848.14000000,3823.80000000,3825.90000000,11491.29830000,1709828999999,44072309.72122000,33716,4975.68060000,19086227.95548200,0
1709829000000,3825.91000000,3830.63000000,3812.44000000,3830.63000000,9500.13400000,1709830799999,36305247.21867200,29166,4869.55510000,18610013.00035200,0
1709830800000,3830.62000000,3864.66000000,3825.63000000,3856.92000000,12831.08490000,1709832599999,49379140.53455600,42841,6896.86470000,26542273.01146800,0
1709832600000,3856.91000000,3872.60000000,3848.71000000,3858.60000000,11723.18520000,1709834399999,45285124.30005800,34531,6307.33510000,24367014.28736000,0
1709834400000,3858.61000000,3862.82000000,3843.89000000,3862.81000000,7855.31660000,1709836199999,30263273.26791200,26559,4555.44690000,17550180.00256300,0
1709836200000,3862.82000000,3881.61000000,3850.11000000,3879.08000000,9485.90280000,1709837999999,36689403.50636600,30625,5336.56730000,20637376.24183500,0
1709838000000,3879.08000000,3883.77000000,3853.11000000,3858.21000000,8718.46370000,1709839799999,33738948.80269700,28980,3778.29400000,14620901.24225900,0
1709839800000,3858.21000000,3873.23000000,3852.43000000,3870.19000000,6724.16700000,1709841599999,25988055.63413600,22479,3624.89070000,14009072.23420700,0
1709841600000,3870.19000000,3908.38000000,3863.00000000,3903.14000000,15459.15030000,1709843399999,60126749.92990900,43808,9701.97520000,37740403.27867400,0
1709843400000,3903.14000000,3933.16000000,3900.70000000,3928.87000000,22967.77150000,1709845199999,90046485.39684200,52915,12316.86530000,48284690.47116900,0
1709845200000,3928.87000000,3933.81000000,3878.12000000,3880.62000000,18340.45030000,1709846999999,71465508.00068600,46464,8773.16520000,34179582.14825600,0
1709847000000,3880.61000000,3884.20000000,3854.01000000,3869.15000000,11756.29130000,1709848799999,45459085.37043400,33993,5657.53230000,21873828.98434400,0
1709848800000,3869.15000000,3888.53000000,3867.09000000,3878.39000000,9022.53800000,1709850599999,34993998.44046200,24339,4793.22820000,18589725.28562200,0
1709850600000,3878.38000000,3878.39000000,3840.00000000,3857.01000000,9596.36660000,1709852399999,37022856.30357300,23879,4133.03950000,15943244.76610400,0
1709852400000,3857.01000000,3870.12000000,3851.86000000,3862.16000000,7768.63900000,1709854199999,29994128.66349000,19950,3934.37270000,15191522.12931600,0
1709854200000,3862.16000000,3870.29000000,3855.35000000,3868.76000000,7944.60020000,1709855999999,30686626.32133700,17941,4866.60350000,18798513.37225800,0
1709856000000,3868.76000000,3888.80000000,3863.56000000,3881.50000000,9160.89740000,1709857799999,35495346.76452400,21496,5631.99390000,21823091.18099300,0
1709857800000,3881.50000000,3908.28000000,3870.80000000,3905.06000000,11604.16800000,1709859599999,45154632.77381100,29032,6020.36740000,23424011.42962400,0
1709859600000,3905.06000000,3940.60000000,3902.46000000,3933.76000000,19846.94410000,1709861399999,77939795.88065300,48949,9638.42300000,37844913.18561500,0
1709861400000,3933.77000000,3933.77000000,3903.15000000,3904.83000000,9728.59600000,1709863199999,38098507.13324700,32048,4282.60470000,16770468.39536800,0
1709863200000,3904.83000000,3916.56000000,3899.02000000,3910.36000000,7306.67450000,1709864999999,28548306.09579600,21582,3745.61700000,14637030.08225300,0
1709865000000,3910.36000000,3911.00000000,3891.26000000,3903.00000000,7461.42270000,1709866799999,29110575.66405400,24502,3391.35110000,13230995.38978000,0
1709866800000,3903.00000000,3912.38000000,3891.45000000,3912.37000000,7780.21520000,1709868599999,30358189.28640100,22532,4350.93750000,16978990.36220900,0
1709868600000,3912.37000000,3912.38000000,3898.07000000,3900.85000000,4836.99780000,1709870399999,18884439.90947300,16239,2657.60400000,10376086.62579100,0
1709870400000,3900.85000000,3910.22000000,3895.32000000,3897.41000000,5407.00300000,1709872199999,21102854.79418200,17164,2630.55120000,10268054.79151800,0
1709872200000,3897.40000000,3900.21000000,3885.80000000,3899.14000000,5506.21650000,1709873999999,21445482.51334300,19857,2566.37740000,9995892.14737400,0
1709874000000,3899.14000000,3904.25000000,3881.88000000,3885.17000000,5557.80190000,1709875799999,21624393.25263600,22311,2470.08040000,9611382.01106200,0
1709875800000,3885.17000000,3890.74000000,3880.00000000,3888.06000000,5369.95830000,1709877599999,20863899.83079800,16670,2675.17040000,10395551.71472700,0
1709877600000,3888.07000000,3902.02000000,3883.59000000,3896.42000000,5215.70370000,1709879399999,20302141.21412700,15072,2720.02390000,10587012.47719400,0
1709879400000,3896.42000000,3932.00000000,3894.00000000,3930.57000000,9345.47720000,1709881199999,36563312.44703000,25920,5337.16250000,20875489.57878300,0
1709881200000,3930.57000000,3934.99000000,3915.00000000,3917.86000000,10276.99990000,1709882999999,40333694.82036500,26732,4545.66830000,17839692.01878300,0
1709883000000,3917.87000000,3946.57000000,3906.39000000,3908.16000000,18065.78860000,1709884799999,70955893.33713500,41192,7113.97630000,27947934.51861300,0
1709884800000,3908.16000000,3929.73000000,3908.15000000,3924.26000000,9755.38720000,1709886599999,38204069.41310900,22981,6218.19170000,24347972.40232800,0
1709886600000,3924.25000000,3952.91000000,3924.25000000,3940.03000000,15102.90250000,1709888399999,59580113.45564000,42749,8099.63950000,31949552.34268500,0
1709888400000,3940.03000000,3950.73000000,3930.00000000,3938.53000000,11183.77260000,1709890199999,44071160.21029800,26421,5548.37310000,21872046.24445200,0
1709890200000,3938.53000000,3950.49000000,3927.40000000,3930.43000000,11804.09900000,1709891999999,46525155.71508900,28912,6134.03530000,24175844.13904900,0
1709892000000,3930.43000000,3936.50000000,3922.57000000,3936.41000000,8916.91600000,1709893799999,35041856.55645900,22152,4651.32920000,18279687.25209400,0
1709893800000,3936.41000000,3954.98000000,3934.30000000,3946.56000000,7913.30770000,1709895599999,31231952.16063500,25771,4133.71220000,16313891.21880000,0
1709895600000,3946.55000000,3949.74000000,3937.57000000,3940.15000000,6774.69560000,1709897399999,26722200.09039100,22070,3114.23060000,12284556.94140700,0
1709897400000,3940.15000000,3952.00000000,3933.63000000,3950.46000000,7992.88320000,1709899199999,31515579.64203400,24459,4299.66090000,16953735.84100800,0
1709899200000,3950.46000000,3953.00000000,3933.43000000,3944.37000000,8366.64960000,1709900999999,32979064.67018100,25617,4028.30820000,15879278.52559100,0
1709901000000,3944.37000000,3953.00000000,3935.03000000,3944.99000000,6637.52030000,1709902799999,26180882.80821100,24612,3178.54140000,12536507.99702200,0
1709902800000,3944.99000000,3968.00000000,3941.18000000,3948.23000000,13156.83920000,1709904599999,52046847.69056000,37556,6658.56690000,26340431.06896700,0
1709904600000,3948.23000000,3981.75000000,3945.00000000,3971.07000000,18974.37040000,1709906399999,75386768.21786600,56447,9691.16960000,38503995.25129900,0
1709906400000,3971.08000000,3973.40000000,3945.40000000,3961.40000000,15592.91090000,1709908199999,61780611.71096700,42297,8356.38050000,33111354.21852900,0
1709908200000,3961.39000000,3986.20000000,3961.00000000,3973.42000000,17053.20440000,1709909999999,67809882.88189800,45658,9409.66170000,37412520.14448600,0
1709910000000,3973.42000000,3989.00000000,3949.79000000,3988.99000000,27071.78590000,1709911799999,107458290.92379900,64808,13459.04620000,53431526.37623500,0
1709911800000,3989.00000000,3993.75000000,3886.00000000,3900.75000000,65387.86270000,1709913599999,257006048.73073800,131210,30172.06700000,118641591.42104800,0
1709913600000,3900.76000000,3911.60000000,3820.00000000,3859.99000000,70125.00530000,1709915399999,270675509.36180100,131922,34935.88450000,134840631.26589300,0
1709915400000,3859.99000000,3908.70000000,3851.26000000,3905.10000000,22868.22260000,1709917199999,88812244.95513400,56941,12074.55440000,46892362.30020400,0
1709917200000,3905.09000000,3929.95000000,3898.23000000,3928.11000000,14024.27910000,1709918999999,54837415.21236700,38507,8076.96320000,31582627.41226100,0
1709919000000,3928.10000000,3978.49000000,3927.88000000,3942.38000000,23953.60100000,1709920799999,94689012.66892100,54575,13259.55690000,52408682.12322300,0
1709920800000,3942.38000000,3950.74000000,3926.52000000,3928.69000000,11298.45720000,1709922599999,44489867.08804800,31718,5414.92510000,21323760.18109800,0
1709922600000,3928.69000000,3933.47000000,3916.79000000,3928.21000000,7018.99430000,1709924399999,27541237.19743000,23515,3190.44520000,12519512.40864800,0
1709924400000,3928.20000000,3930.80000000,3885.12000000,3901.80000000,14876.50450000,1709926199999,58154833.87402000,35751,6852.13580000,26784243.03488600,0
1709926200000,3901.81000000,3928.82000000,3895.02000000,3928.82000000,9840.05570000,1709927999999,38472902.90828600,27956,5089.08820000,19904133.20821800,0
1709928000000,3928.82000000,3950.25000000,3923.99000000,3928.07000000,14386.66240000,1709929799999,56649008.96026700,40052,6918.87240000,27247239.66172600,0
1709929800000,3928.08000000,3940.57000000,3921.80000000,3939.44000000,7962.81860000,1709931599999,31296235.54470700,26872,4235.68810000,16647320.54091900,0
1709931600000,3939.44000000,3950.85000000,3915.79000000,3921.23000000,10728.47750000,1709933399999,42193011.89759700,28805,5527.13920000,21739953.61087700,0
1709933400000,3921.23000000,3927.00000000,3890.00000000,3903.34000000,13042.44370000,1709935199999,51012565.00776400,31094,5983.83790000,23406195.09877000,0
1709935200000,3903.35000000,3910.69000000,3894.45000000,3903.41000000,11609.32100000,1709936999999,45299183.38974300,23550,4558.18300000,17788686.24735800,0
1709937000000,3903.41000000,3912.37000000,3871.28000000,3876.88000000,9059.09570000,1709938799999,35253865.94774900,22907,3942.45320000,15344709.31759600,0
1709938800000,3876.87000000,3901.02000000,3876.87000000,3890.60000000,5399.31880000,1709940599999,21019298.59424900,18913,2765.65540000,10765860.98667100,0
1709940600000,3890.60000000,3894.34000000,3873.66000000,3883.36000000,6050.02950000,1709942399999,23491776.80203200,19045,2917.09360000,11327185.37968000,0
1709942400000,3883.37000000,3897.14000000,3877.50000000,3895.36000000,5653.38350000,1709944199999,21966763.35404700,15290,3193.92070000,12412194.04370100,0
1709944200000,3895.36000000,3905.83000000,3891.47000000,3904.14000000,6493.48450000,1709945999999,25329007.04288700,18411,3829.47520000,14939092.18408500,0
1709946000000,3904.13000000,3904.63000000,3889.40000000,3904.63000000,4636.88660000,1709947799999,18077932.06308400,16305,2003.94430000,7813497.71701000,0
1709947800000,3904.62000000,3909.00000000,3897.31000000,3901.99000000,4879.41970000,1709949599999,19043488.21113900,15857,2612.59270000,10196538.51421300,0
1709949600000,3902.00000000,3914.97000000,3899.32000000,3914.00000000,6407.10570000,1709951399999,25034413.52738300,17348,3484.40190000,13614898.26727400,0
1709951400000,3914.01000000,3925.66000000,3903.95000000,3918.15000000,5916.96390000,1709953199999,23179469.00539000,17610,3112.69230000,12194414.77232700,0
1709953200000,3918.14000000,3929.00000000,3911.33000000,3921.96000000,5273.39210000,1709954999999,20671674.02007400,16095,2641.35880000,10356127.43854800,0
1709955000000,3921.96000000,3928.44000000,3919.01000000,3923.21000000,3720.86500000,1709956799999,14601112.43718400,13238,1806.64220000,7089207.09303200,0
1709956800000,3923.22000000,3928.26000000,3918.28000000,3925.69000000,3505.56740000,1709958599999,13754477.15631400,12011,1900.00950000,7455300.20187200,0
1709958600000,3925.70000000,3931.39000000,3920.26000000,3925.55000000,3982.91170000,1709960399999,15635263.84305300,11416,2115.48200000,8304779.57542100,0
1709960400000,3925.55000000,3927.79000000,3912.05000000,3922.14000000,4186.73850000,1709962199999,16411781.17469100,12721,1879.01250000,7365817.95269000,0
1709962200000,3922.13000000,3922.97000000,3914.14000000,3918.41000000,4101.05830000,1709963999999,16071764.58280000,13324,1890.57670000,7409148.38894100,0
1709964000000,3918.40000000,3927.45000000,3917.51000000,3923.20000000,4595.60890000,1709965799999,18025641.05883500,11666,2428.54530000,9525199.97075800,0
1709965800000,3923.20000000,3940.00000000,3922.99000000,3937.97000000,6582.37270000,1709967599999,25877106.85459200,19765,3943.23280000,15501503.34386000,0
1709967600000,3937.98000000,3942.00000000,3931.70000000,3933.81000000,5340.11720000,1709969399999,21027676.75038200,17013,2807.66420000,11056075.14222200,0
1709969400000,3933.81000000,3935.51000000,3925.40000000,3925.47000000,4037.45870000,1709971199999,15873398.61815300,14460,1952.50280000,7676570.88469900,0
1709971200000,3925.46000000,3935.34000000,3925.46000000,3934.49000000,3906.88680000,1709972999999,15360285.83915300,13935,2192.02220000,8617728.02168700,0
1709973000000,3934.49000000,3936.00000000,3922.68000000,3922.89000000,5143.60460000,1709974799999,20212146.51861800,15145,2729.31360000,10725675.00251000,0
1709974800000,3922.88000000,3930.60000000,3922.88000000,3927.79000000,3895.97070000,1709976599999,15298311.16710200,13021,1984.65680000,7793039.20732000,0
1709976600000,3927.80000000,3927.88000000,3906.86000000,3919.79000000,7926.42960000,1709978399999,31048230.72762600,23789,3283.76000000,12861210.52414000,0
1709978400000,3919.79000000,3920.00000000,3887.99000000,3897.50000000,11078.21980000,1709980199999,43238410.65235400,31455,4760.43940000,18580593.69648800,0
1709980200000,3897.51000000,3910.94000000,3896.73000000,3906.86000000,6632.61370000,1709981999999,25899146.27006200,20836,3271.10570000,12774588.46946800,0
1709982000000,3906.85000000,3915.46000000,3905.20000000,3913.01000000,4128.17530000,1709983799999,16145989.16206700,15347,2343.41500000,9165473.31749800,0
1709983800000,3913.00000000,3917.81000000,3904.44000000,3912.49000000,5137.82330000,1709985599999,20097289.77815200,15079,2595.52950000,10152693.73256100,0
1709985600000,3912.50000000,3913.25000000,3901.62000000,3901.63000000,5970.67300000,1709987399999,23327686.96415300,18263,2652.98300000,10365280.62794700,0
1709987400000,3901.62000000,3919.73000000,3901.62000000,3917.91000000,4487.27660000,1709989199999,17559543.63934700,15536,2362.31820000,9243770.19583300,0
1709989200000,3917.90000000,3919.26000000,3910.37000000,3917.76000000,4491.75400000,1709990999999,17581574.90541500,15552,2736.97830000,10712618.82221300,0
1709991000000,3917.76000000,3927.05000000,3915.17000000,3916.42000000,7291.31650000,1709992799999,28597346.80708800,20347,3600.29780000,14118589.42969000,0
1709992800000,3916.42000000,3924.64000000,3914.60000000,3918.50000000,4648.31750000,1709994599999,18220635.17794600,16347,2548.85050000,9990924.46738800,0
1709994600000,3918.50000000,3922.94000000,3907.31000000,3909.06000000,5833.22760000,1709996399999,22837865.50061700,19130,2979.51710000,11664651.26419600,0
1709996400000,3909.07000000,3916.78000000,3905.82000000,3915.87000000,4319.18350000,1709998199999,16889566.49333500,13943,2367.04890000,9256488.34558800,0
1709998200000,3915.87000000,3921.57000000,3912.98000000,3916.66000000,3166.81390000,1709999999999,12406192.36387700,13159,1542.90600000,6044135.88757000,0
1710000000000,3916.66000000,3920.22000000,3900.00000000,3904.03000000,8426.27130000,1710001799999,32915972.15837100,23270,4173.98790000,16304863.41196200,0
1710001800000,3904.03000000,3904.03000000,3874.08000000,3884.44000000,14939.43090000,1710003599999,58082200.41585100,40224,7007.27040000,27240257.46692800,0
1710003600000,3884.45000000,3890.60000000,3870.01000000,3879.99000000,9080.84880000,1710005399999,35235646.34867300,28685,4556.00960000,17678790.00950800,0
1710005400000,3879.99000000,3894.11000000,3876.04000000,3883.07000000,6131.85090000,1710007199999,23827989.65521200,21956,3319.00950000,12898491.41939700,0
1710007200000,3883.07000000,3893.21000000,3878.41000000,3884.40000000,4173.69460000,1710008999999,16220409.68816300,17592,2420.39490000,9406832.29227400,0
1710009000000,3884.40000000,3893.40000000,3883.18000000,3889.37000000,6091.66410000,1710010799999,23689585.46223300,19108,3145.08160000,12231259.88144100,0
1710010800000,3889.36000000,3891.76000000,3883.64000000,3887.84000000,4553.12910000,1710012599999,17702918.67437000,15476,2187.48220000,8504841.51841200,0
1710012600000,3887.85000000,3889.78000000,3878.02000000,3881.18000000,4056.54740000,1710014399999,15757068.86864100,17656,1654.81500000,6427469.88108600,0
1710014400000,3881.18000000,3892.26000000,3881.17000000,3890.30000000,3935.57460000,1710016199999,15302606.36409900,14303,2067.17720000,8037069.36201200,0
1710016200000,3890.31000000,3900.75000000,3890.30000000,3900.68000000,2888.66990000,1710017999999,11258195.77513900,14753,1416.86820000,5521858.09819500,0
1710018000000,3900.67000000,3903.26000000,3892.10000000,3895.35000000,2997.12870000,1710019799999,11684077.34579600,14585,1443.33180000,5626737.74649300,0
1710019800000,3895.35000000,3907.64000000,3895.35000000,3904.20000000,3030.34120000,1710021599999,11827125.17051300,12057,1678.13380000,6549333.27695800,0
1710021600000,3904.19000000,3912.00000000,3900.21000000,3904.08000000,3887.15510000,1710023399999,15183515.31056500,12746,1982.49410000,7743452.80440200,0
1710023400000,3904.08000000,3907.53000000,3896.32000000,3901.08000000,3025.24010000,1710025199999,11805492.55626900,10341,1383.09230000,5398174.86788700,0
1710025200000,3901.07000000,3912.68000000,3898.39000000,3903.00000000,5947.76610000,1710026999999,23229014.55596600,17609,2668.76470000,10422649.58035600,0
1710027000000,3902.99000000,3908.92000000,3898.00000000,3905.21000000,4302.20500000,1710028799999,16800678.29677200,15560,1993.50530000,7785208.04444200,0
1710028800000,3905.20000000,3916.78000000,3899.51000000,3914.19000000,5914.73010000,1710030599999,23112421.37073300,21839,3138.03340000,12263184.97978300,0
1710030600000,3914.18000000,3917.19000000,3901.86000000,3908.65000000,6542.06550000,1710032399999,25573364.83361600,20557,3343.75140000,13068882.92107500,0
1710032400000,3908.66000000,3940.10000000,3907.68000000,3926.64000000,14406.24750000,1710034199999,56595937.52425500,38505,8065.29100000,31681783.66561100,0
1710034200000,3926.64000000,3933.97000000,3916.83000000,3929.47000000,7391.56400000,1710035999999,29023740.52011300,25762,3260.05030000,12800817.51649800,0
1710036000000,3929.48000000,3936.01000000,3925.68000000,3929.53000000,4305.66660000,1710037799999,16924451.70964500,18090,2193.41260000,8621839.21789600,0
1710037800000,3929.53000000,3938.64000000,3921.00000000,3921.68000000,3890.89650000,1710039599999,15289759.86831200,17781,1797.84270000,7066389.18597800,0
1710039600000,3921.68000000,3936.11000000,3910.96000000,3934.36000000,5882.52480000,1710041399999,23094604.96808900,19291,3067.13200000,12044199.22230500,0
1710041400000,3934.36000000,3937.87000000,3929.10000000,3935.00000000,3584.33380000,1710043199999,14096615.75569800,15485,1769.45950000,6958839.90350700,0
1710043200000,3935.01000000,3950.00000000,3931.89000000,3938.79000000,11703.88190000,1710044999999,46144336.75419700,29237,5491.25530000,21650812.15761200,0
1710045000000,3938.79000000,3949.80000000,3934.93000000,3940.65000000,5092.65610000,1710046799999,20075596.53430700,18937,2194.33610000,8650320.64612900,0
1710046800000,3940.65000000,3948.65000000,3936.57000000,3945.30000000,3717.10220000,1710048599999,14661295.02574900,15659,2014.17390000,7944081.08086000,0
1710048600000,3945.29000000,3946.27000000,3934.00000000,3938.84000000,3951.49190000,1710050399999,15567567.81585400,17797,1584.87760000,6244724.20204300,0
1710050400000,3938.83000000,3940.00000000,3929.79000000,3932.14000000,3172.95400000,1710052199999,12486006.76807900,14942,1141.20130000,4491419.95258900,0
1710052200000,3932.15000000,3947.81000000,3931.15000000,3942.99000000,3127.21970000,1710053999999,12318450.70648300,13462,1668.92450000,6574273.15361400,0
1710054000000,3943.00000000,3945.77000000,3937.99000000,3942.59000000,3696.15340000,1710055799999,14568703.22654300,13263,1696.86200000,6688489.83791800,0
1710055800000,3942.60000000,3949.46000000,3940.22000000,3944.82000000,4243.28700000,1710057599999,16735498.13347500,14857,2010.52390000,7929106.49027900,0
1710057600000,3944.81000000,3950.00000000,3940.35000000,3943.20000000,4457.41210000,1710059399999,17589922.56547300,16506,2378.58080000,9387167.27813400,0
1710059400000,3943.19000000,3964.67000000,3940.00000000,3959.16000000,6129.72690000,1710061199999,24209099.55481500,22935,3276.07300000,12937744.89001900,0
1710061200000,3959.15000000,3959.20000000,3926.70000000,3934.02000000,9362.37270000,1710062999999,36910735.89739900,31393,4014.60650000,15824413.23283700,0
1710063000000,3934.03000000,3955.60000000,3920.02000000,3945.57000000,15170.27260000,1710064799999,59782177.16953400,44698,6915.07190000,27246948.41188100,0
1710064800000,3945.56000000,3955.88000000,3942.40000000,3944.59000000,7525.11400000,1710066599999,29715731.68711000,27122,3620.64140000,14297997.49497000,0
1710066600000,3944.59000000,3949.11000000,3932.02000000,3938.27000000,6758.13390000,1710068399999,26622659.54290400,24325,3064.71360000,12073396.51267900,0
1710068400000,3938.26000000,3943.68000000,3933.02000000,3935.60000000,5626.24040000,1710070199999,22157150.20066600,19035,2531.73940000,9970105.99340400,0
1710070200000,3935.60000000,3936.69000000,3926.47000000,3932.72000000,5427.88370000,1710071999999,21339253.46429700,22316,2433.39810000,9566634.01436600,0
1710072000000,3932.72000000,3947.18000000,3932.12000000,3937.93000000,4760.98650000,1710073799999,18758956.50118900,18808,2389.39670000,9414947.35295000,0
1710073800000,3937.94000000,3938.81000000,3911.98000000,3927.46000000,11769.39430000,1710075599999,46210106.26995000,34890,6163.39370000,24201556.45342200,0
1710075600000,3927.46000000,3931.40000000,3921.01000000,3921.02000000,4754.78060000,1710077399999,18669059.37585000,22369,2429.03100000,9536951.41642700,0
1710077400000,3921.02000000,3926.60000000,3886.32000000,3898.59000000,14940.77780000,1710079199999,58349964.09303300,37897,7182.99360000,28050640.17356600,0
1710079200000,3898.59000000,3911.57000000,3892.66000000,3905.79000000,10165.33340000,1710080999999,39686085.56454400,32247,5402.18000000,21090410.69507800,0
1710081000000,3905.79000000,3907.66000000,3860.65000000,3896.83000000,20511.34270000,1710082799999,79681224.39806900,52868,9224.43740000,35829144.34692000,0
1710082800000,3896.84000000,3903.23000000,3874.35000000,3899.44000000,11163.49800000,1710084599999,43416277.62178200,35685,4801.74500000,18679212.76667000,0
1710084600000,3899.45000000,3900.81000000,3880.49000000,3883.69000000,7409.57460000,1710086399999,28828167.65474400,25834,3287.88840000,12792125.59804500,0
1710086400000,3883.70000000,3918.15000000,3882.06000000,3912.12000000,12640.11420000,1710088199999,49332115.34476100,38664,6383.47920000,24913406.03824400,0
1710088200000,3912.12000000,3927.05000000,3903.00000000,3904.55000000,8423.72650000,1710089999999,32989567.47626900,28487,4002.90210000,15679935.94343400,0
1710090000000,3904.55000000,3914.12000000,3900.00000000,3903.48000000,4934.78970000,1710091799999,19282225.66662500,20278,2290.28110000,8949252.26079700,0
1710091800000,3903.47000000,3916.24000000,3900.87000000,3912.04000000,4509.00070000,1710093599999,17625541.23954100,18989,2500.82460000,9775170.76492900,0
1710093600000,3912.03000000,3918.00000000,3903.80000000,3912.61000000,3691.40920000,1710095399999,14439363.04050100,15681,2021.58480000,7907735.08344600,0
1710095400000,3912.61000000,3912.61000000,3893.12000000,3893.31000000,6419.29210000,1710097199999,25053750.10147200,20769,2470.95810000,9642658.53908800,0
1710097200000,3893.31000000,3900.00000000,3888.85000000,3897.16000000,4482.73520000,1710098999999,17458521.93850600,19246,2179.44930000,8488445.52802000,0
1710099000000,3897.17000000,3902.13000000,3895.00000000,3898.00000000,3349.55610000,1710100799999,13056685.91631200,15719,1585.52480000,6180588.71564300,0
1710100800000,3898.01000000,3903.89000000,3893.60000000,3894.47000000,3164.67530000,1710102599999,12336075.71791600,14015,1346.37810000,5248574.88909800,0
1710102600000,3894.48000000,3900.37000000,3892.21000000,3900.37000000,2580.37550000,1710104399999,10052777.98073400,12682,1466.87500000,5714856.75439200,0
1710104400000,3900.36000000,3903.40000000,3884.63000000,3885.75000000,4312.61690000,1710106199999,16795427.35638300,16129,1860.62790000,7247037.05833100,0
1710106200000,3885.75000000,3891.66000000,3875.00000000,3880.55000000,2843.70240000,1710107999999,11045534.18833200,14082,1384.16160000,5376524.93685700,0
1710108000000,3880.54000000,3882.17000000,3832.95000000,3845.56000000,18341.84570000,1710109799999,70684203.44098200,50779,7832.76770000,30182650.82444500,0
1710109800000,3845.56000000,3850.58000000,3791.26000000,3823.70000000,21428.99580000,1710111599999,81885137.82064700,61076,8941.40240000,34185108.41061300,0
1710111600000,3823.71000000,3867.49000000,3819.48000000,3861.01000000,12227.45700000,1710113399999,47011296.51477500,38331,6856.95900000,26360931.06765000,0
1710113400000,3861.01000000,3884.05000000,3856.60000000,3878.47000000,6758.76850000,1710115199999,26172507.16315700,26161,3798.64520000,14707908.72430100,0
1710115200000,3878.47000000,3888.38000000,3861.66000000,3863.40000000,9603.43840000,1710116999999,37220212.11939700,32412,4159.61250000,16121208.78242500,0
1710117000000,3863.39000000,3869.40000000,3722.95000000,3827.60000000,28697.61680000,1710118799999,109264501.59776900,86830,12670.62070000,48259314.07658500,0
1710118800000,3827.59000000,3840.50000000,3805.59000000,3815.28000000,16277.58410000,1710120599999,62260369.03171800,47545,7874.93240000,30124109.88089200,0
1710120600000,3815.28000000,3819.21000000,3778.21000000,3818.44000000,15347.55480000,1710122399999,58354903.31225400,48628,7422.43560000,28224881.23484900,0
1710122400000,3818.43000000,3838.92000000,3814.41000000,3835.47000000,10767.75380000,1710124199999,41229558.62288300,37033,6104.33060000,23372174.07219600,0
1710124200000,3835.47000000,3843.60000000,3825.53000000,3835.21000000,8840.65340000,1710125999999,33909525.07293500,27343,4791.29070000,18377958.57217500,0
1710126000000,3835.21000000,3865.14000000,3833.80000000,3862.59000000,8650.40210000,1710127799999,33334110.46849600,28382,4842.82210000,18659681.27266900,0
1710127800000,3862.59000000,3867.60000000,3849.16000000,3866.93000000,6475.84240000,1710129599999,24978315.47926500,25885,2983.04990000,11506562.52591300,0
1710129600000,3866.92000000,3878.17000000,3857.60000000,3861.39000000,6541.28170000,1710131399999,25287613.72496000,29110,3406.81850000,13169976.75030100,0
1710131400000,3861.39000000,3864.58000000,3852.18000000,3856.67000000,5379.42880000,1710133199999,20748172.06194300,25293,2386.13360000,9202577.99877600,0
1710133200000,3856.67000000,3879.17000000,3851.67000000,3859.58000000,8395.41990000,1710134999999,32451972.85696200,24993,4652.02220000,17981905.40289000,0
1710135000000,3859.58000000,3860.71000000,3842.38000000,3847.98000000,5380.73750000,1710136799999,20732844.63083000,19053,2454.25040000,9457003.09114800,0
1710136800000,3847.98000000,3852.49000000,3834.22000000,3846.59000000,5478.50640000,1710138599999,21061065.69281000,18971,2956.36620000,11365936.57822700,0
1710138600000,3846.60000000,3884.91000000,3838.37000000,3884.91000000,8718.74680000,1710140399999,33631855.19406200,27012,5406.48040000,20857873.46420100,0
1710140400000,3884.91000000,3970.00000000,3881.01000000,3965.75000000,57380.15710000,1710142199999,225909156.60448400,132486,27996.35610000,110215984.63244800,0
1710142200000,3965.75000000,4011.79000000,3954.63000000,4001.40000000,61467.06620000,1710143999999,245359361.60574600,144774,34139.86890000,136282733.48274800,0
1710144000000,4001.40000000,4019.64000000,3986.86000000,3995.80000000,28845.40350000,1710145799999,115443510.41038700,68377,13451.15750000,53833596.59202700,0
1710145800000,3995.80000000,4015.79000000,3986.86000000,4015.79000000,14964.29540000,1710147599999,59922126.81502600,45553,7983.86920000,31978272.96622100,0
1710147600000,4015.79000000,4019.64000000,3990.00000000,4007.55000000,15417.90420000,1710149399999,61736976.88527100,44685,7375.87590000,29536914.99264700,0
1710149400000,4007.54000000,4047.81000000,4006.60000000,4037.01000000,20799.62990000,1710151199999,83656365.37494700,56679,11194.02440000,45034861.38893300,0
1710151200000,4037.01000000,4038.48000000,4026.15000000,4035.93000000,20154.27480000,1710152999999,81264362.89799400,48976,6838.71680000,27575944.63079700,0
1710153000000,4035.93000000,4037.47000000,4022.13000000,4026.36000000,21356.03000000,1710154799999,86091791.09169900,47253,5680.24600000,22903457.26139700,0
1710154800000,4026.36000000,4035.65000000,4022.00000000,4026.25000000,9229.30670000,1710156599999,37172234.65482000,29117,4366.63580000,17584646.94205000,0
1710156600000,4026.25000000,4054.60000000,4020.02000000,4034.25000000,36021.04130000,1710158399999,145393320.65515100,82448,13390.21300000,54080230.19193200,0
1710158400000,4034.25000000,4048.00000000,4028.00000000,4047.68000000,19573.76320000,1710160199999,78990714.69441000,43880,6542.43940000,26416091.58414100,0
1710160200000,4047.68000000,4065.80000000,4044.23000000,4054.99000000,14298.39030000,1710161999999,57995477.12709100,41665,7331.77690000,29733746.08108000,0
1710162000000,4054.89000000,4062.37000000,4044.37000000,4052.74000000,11158.57460000,1710163799999,45206845.12131300,32397,5794.64820000,23475980.23540100,0
1710163800000,4052.75000000,4056.00000000,4017.00000000,4022.66000000,28153.45430000,1710165599999,113530912.37330500,52714,7909.84500000,31918270.48840300,0
1710165600000,4022.66000000,4049.00000000,4022.55000000,4040.43000000,10435.58460000,1710167399999,42122065.16563400,33074,5394.86310000,21775633.54280300,0
1710167400000,4040.43000000,4049.00000000,4030.67000000,4034.26000000,9073.03900000,1710169199999,36635192.70113900,28673,4376.13780000,17671263.37877300,0
1710169200000,4034.26000000,4053.12000000,4030.00000000,4039.93000000,11301.90250000,1710170999999,45643654.38570900,28122,5836.94010000,23581757.12058800,0
1710171000000,4039.94000000,4049.60000000,4017.57000000,4018.00000000,24799.77180000,1710172799999,99917617.44961400,38286,5820.18940000,23465891.86718000,0
1710172800000,4018.01000000,4027.27000000,3998.92000000,4023.43000000,24773.01260000,1710174599999,99487166.10772600,60237,9661.55470000,38805428.07666600,0
1710174600000,4023.43000000,4046.00000000,4023.42000000,4040.20000000,14285.50330000,1710176399999,57681678.52369700,35823,7508.77200000,30316381.22038200,0
1710176400000,4040.20000000,4045.92000000,4030.05000000,4039.94000000,9153.63050000,1710178199999,36954730.98750400,23661,4918.53690000,19859461.42460200,0
1710178200000,4039.94000000,4050.52000000,4033.80000000,4038.66000000,10953.36770000,1710179999999,44262694.44616900,29347,5366.70900000,21687923.16995400,0
1710180000000,4038.66000000,4086.23000000,4034.08000000,4069.42000000,17540.53300000,1710181799999,71265507.32820200,42135,9416.85530000,38259797.30127200,0
1710181800000,4069.43000000,4071.54000000,4046.30000000,4058.43000000,10506.99090000,1710183599999,42618077.50892400,27547,5421.45550000,21990901.17527200,0
1710183600000,4058.44000000,4062.59000000,4049.14000000,4053.88000000,9386.15510000,1710185399999,38053978.15055800,26107,4409.64610000,17880085.38998900,0
1710185400000,4053.87000000,4057.98000000,4029.77000000,4031.71000000,11314.37090000,1710187199999,45683985.15759100,26081,4181.58650000,16886819.54786600,0
1710187200000,4031.70000000,4038.00000000,4027.92000000,4033.18000000,5443.33850000,1710188999999,21953068.47773600,16492,2511.76050000,10129884.09516800,0
1710189000000,4033.18000000,4037.07000000,4029.40000000,4031.71000000,3354.71240000,1710190799999,13528420.24174900,13014,1712.69930000,6906650.81361900,0
1710190800000,4031.71000000,4053.12000000,4029.61000000,4052.29000000,7651.20450000,1710192599999,30892463.99006100,16894,5221.33220000,21083325.55888200,0
1710192600000,4052.29000000,4058.60000000,4044.60000000,4054.65000000,4949.40070000,1710194399999,20044327.18494900,14391,2605.20920000,10551096.16866500,0
1710194400000,4054.66000000,4063.00000000,4045.01000000,4062.47000000,6915.18640000,1710196199999,28031057.66431900,20778,3295.81250000,13358572.89991400,0
1710196200000,4062.48000000,4069.40000000,4052.97000000,4067.79000000,8949.53460000,1710197999999,36346749.11279300,22116,4549.03720000,18472552.20074900,0
1710198000000,4067.79000000,4081.40000000,4062.60000000,4080.40000000,10009.32770000,1710199799999,40782204.75124200,23274,5010.64720000,20415729.89716400,0
1710199800000,4080.40000000,4082.00000000,4064.80000000,4064.80000000,7383.68880000,1710201599999,30076338.79011500,18958,3033.08210000,12352886.92379500,0
1710201600000,4064.80000000,4093.92000000,4064.80000000,4074.20000000,24277.20840000,1710203399999,99121355.81654000,38203,11668.48630000,47629962.50872800,0
1710203400000,4074.21000000,4082.14000000,4054.25000000,4057.72000000,11201.06940000,1710205199999,45620590.55125400,24944,4871.77630000,19850480.88947500,0
1710205200000,4057.72000000,4069.44000000,4049.12000000,4062.37000000,6940.06300000,1710206999999,28176810.63806000,22904,3594.10830000,14593115.87328500,0
1710207000000,4062.37000000,4063.16000000,4055.08000000,4061.84000000,6860.64500000,1710208799999,27857778.32902500,18293,4444.13670000,18045432.28107600,0
1710208800000,4061.85000000,4061.85000000,4050.00000000,4050.27000000,4306.97070000,1710210599999,17459909.71011500,15689,1935.14380000,7843824.66104800,0
1710210600000,4050.26000000,4057.05000000,4048.60000000,4052.21000000,3897.12290000,1710212399999,15794077.86602700,14217,1721.90870000,6978296.77036300,0
1710212400000,4052.21000000,4059.63000000,4034.00000000,4042.31000000,12257.59580000,1710214199999,49588480.50078200,26222,5631.35090000,22787625.10575200,0
1710214200000,4042.30000000,4053.28000000,4021.19000000,4028.69000000,12614.60910000,1710215999999,50918245.94528700,30687,4839.06430000,19533687.83979000,0
1710216000000,4028.69000000,4047.60000000,4022.74000000,4041.82000000,9734.40070000,1710217799999,39275646.41307500,24134,4685.23270000,18904940.35263900,0
1710217800000,4041.82000000,4052.40000000,4035.44000000,4036.70000000,6221.48200000,1710219599999,25146973.18806100,19598,2976.92120000,12033654.95443200,0
1710219600000,4036.70000000,4041.60000000,4033.11000000,4041.01000000,4607.08410000,1710221399999,18601454.89812800,15199,2204.04230000,8899257.51487700,0
1710221400000,4041.00000000,4043.18000000,4033.11000000,4040.01000000,4393.80600000,1710223199999,17739297.71282800,13856,1910.06270000,7712832.34790400,0
1710223200000,4040.01000000,4040.01000000,4005.00000000,4005.01000000,11850.52580000,1710224999999,47661233.92946700,32223,5337.48690000,21460315.23343000,0
1710225000000,4005.00000000,4032.05000000,4000.02000000,4030.38000000,11378.68540000,1710226799999,45668413.51161800,33425,7040.49870000,28257727.05974200,0
1710226800000,4030.38000000,4032.61000000,4022.55000000,4029.40000000,8638.57080000,1710228599999,34786715.10810200,28736,4590.07110000,18484845.98933400,0
1710228600000,4029.40000000,4031.00000000,4015.64000000,4027.13000000,5195.14050000,1710230399999,20901446.22077400,36264,2592.72840000,10432163.06575100,0
1710230400000,4027.13000000,4034.00000000,3965.00000000,3975.68000000,22652.02950000,1710232199999,90422283.53703000,60971,9809.89820000,39152328.11968200,0
1710232200000,3975.68000000,3990.14000000,3969.00000000,3985.40000000,10304.97180000,1710233999999,41030750.45629200,32127,5333.54510000,21236924.74734200,0
1710234000000,3985.39000000,4012.03000000,3984.00000000,4010.21000000,8705.84000000,1710235799999,34808056.19774100,31527,5537.30760000,22139945.44585600,0
1710235800000,4010.20000000,4011.24000000,4001.16000000,4009.09000000,5636.01090000,1710237599999,22582772.70555100,21375,2965.46010000,11882106.76112400,0
1710237600000,4009.09000000,4010.40000000,3992.70000000,3995.13000000,6027.67280000,1710239399999,24117685.28053000,23246,2587.10660000,10350327.49191500,0
1710239400000,3995.12000000,4011.30000000,3995.12000000,4007.52000000,4884.56280000,1710241199999,19565095.94157600,22432,2795.38670000,11196362.34609100,0
1710241200000,4007.53000000,4065.00000000,4005.43000000,4035.19000000,17051.30880000,1710242999999,68832760.29003800,60380,9699.00250000,39143375.97599300,0
1710243000000,4035.20000000,4043.23000000,4018.79000000,4020.83000000,8579.99700000,1710244799999,34558986.00237800,30638,4501.44600000,18131784.27118700,0
1710244800000,4020.84000000,4029.26000000,3980.89000000,3987.82000000,18770.11030000,1710246599999,75112751.09796200,61436,8006.72820000,32040989.68698900,0
1710246600000,3987.82000000,4049.81000000,3977.16000000,4022.14000000,21918.23290000,1710248399999,87959950.00684800,74257,11731.88190000,47086482.32586800,0
1710248400000,4022.14000000,4035.58000000,4015.01000000,4030.74000000,9086.78410000,1710250199999,36578982.11863000,39858,5197.59620000,20923303.55794800,0
1710250200000,4030.75000000,4037.52000000,3999.00000000,4024.59000000,14254.56290000,1710251999999,57274449.38102800,52722,6820.09700000,27405892.96743400,0
1710252000000,4024.60000000,4053.80000000,3989.00000000,4008.43000000,33649.54620000,1710253799999,135071920.14891500,81619,16510.97600000,66300841.18870700,0
1710253800000,4008.44000000,4022.75000000,3978.94000000,3979.81000000,18714.80140000,1710255599999,74805069.90455900,54688,8328.08160000,33296976.13819400,0
1710255600000,3979.81000000,4005.85000000,3950.00000000,4001.58000000,23347.33160000,1710257399999,92987304.17381500,65902,11005.31510000,43836807.56718700,0
1710257400000,4001.57000000,4003.09000000,3983.04000000,3988.46000000,7234.84970000,1710259199999,28902392.04103600,29957,3162.94070000,12635023.53223900,0
1710259200000,3988.46000000,3991.62000000,3900.00000000,3924.15000000,27925.84630000,1710260999999,110094415.21429500,78795,11690.46620000,46084623.26359200,0
1710261000000,3924.14000000,3937.48000000,3900.00000000,3921.81000000,20315.33620000,1710262799999,79684864.76169300,66040,9915.43030000,38899164.27383400,0
1710262800000,3921.81000000,3927.00000000,3828.98000000,3864.99000000,50193.77320000,1710264599999,194719003.53949300,122472,22153.26470000,85982999.31194900,0
1710264600000,3864.78000000,3950.64000000,3864.78000000,3950.56000000,26308.81880000,1710266399999,103079156.40634100,70695,14708.46360000,57631419.75896600,0
1710266400000,3950.56000000,3961.00000000,3932.22000000,3946.08000000,17304.37560000,1710268199999,68311948.42642800,54478,9351.50800000,36917844.67650900,0
1710268200000,3946.08000000,3973.46000000,3946.07000000,3970.36000000,17450.90350000,1710269999999,69152351.55567100,47581,8950.05090000,35458010.69111900,0
1710270000000,3970.37000000,3985.00000000,3956.46000000,3979.40000000,29308.18340000,1710271799999,116347336.96961200,56229,15747.28910000,62496230.02855700,0
1710271800000,3979.39000000,3991.00000000,3972.72000000,3980.23000000,10213.53480000,1710273599999,40670149.08632000,39816,5486.56650000,21846618.21446600,0
1710273600000,3980.23000000,3980.56000000,3940.13000000,3952.59000000,8884.35520000,1710275399999,35210290.89833800,32791,4070.37370000,16134275.48263500,0
1710275400000,3952.59000000,3962.25000000,3927.18000000,3949.11000000,7346.82080000,1710277199999,28993791.71298600,29474,4109.14740000,16217293.60772500,0
1710277200000,3949.12000000,3949.12000000,3930.00000000,3938.14000000,4562.20280000,1710278999999,17969409.02500600,20813,2346.09020000,9239606.49186400,0
1710279000000,3938.15000000,3952.94000000,3930.92000000,3940.86000000,5109.17090000,1710280799999,20148133.00112100,19490,2706.58870000,10673325.11925100,0
1710280800000,3940.87000000,3957.80000000,3933.81000000,3942.73000000,7458.43140000,1710282599999,29442765.12651500,26503,4577.82140000,18072215.47954400,0
1710282600000,3942.73000000,3956.07000000,3934.37000000,3949.79000000,8343.33570000,1710284399999,32935029.91395400,23566,6008.47480000,23721615.55198900,0
1710284400000,3949.79000000,3969.99000000,3939.95000000,3967.82000000,11046.58050000,1710286199999,43648436.39163700,27700,7777.07880000,30729411.94005100,0
1710286200000,3967.82000000,3980.54000000,3965.93000000,3979.96000000,5822.13270000,1710287999999,23139151.42932800,24369,3430.66990000,13634602.11675000,0
1710288000000,3979.97000000,3999.77000000,3973.53000000,3978.73000000,9031.26970000,1710289799999,35994770.17682100,33197,4514.44340000,17991971.69283000,0
1710289800000,3978.74000000,3991.20000000,3974.20000000,3977.43000000,5147.28660000,1710291599999,20497409.86250800,22553,2427.80040000,9667311.01896500,0
1710291600000,3977.43000000,4000.00000000,3975.40000000,3999.99000000,7739.82050000,1710293399999,30872770.29760000,25025,4807.64650000,19180261.15278200,0
1710293400000,4000.00000000,4029.69000000,3999.99000000,4021.40000000,15831.82580000,1710295199999,63647985.14787900,41594,8422.08940000,33853491.50927400,0
1710295200000,4021.40000000,4025.00000000,4012.84000000,4017.39000000,5729.97830000,1710296999999,23025621.74803700,23823,3305.86450000,13283720.19030400,0
1710297000000,4017.40000000,4037.00000000,4017.39000000,4032.61000000,8867.27100000,1710298799999,35735300.30033100,25644,5449.19400000,21958054.84507800,0
1710298800000,4032.61000000,4043.61000000,4025.10000000,4040.03000000,7237.96210000,1710300599999,29207251.05512000,27475,3900.82610000,15741246.42241200,0
1710300600000,4040.03000000,4045.86000000,4031.72000000,4043.78000000,5389.55080000,1710302399999,21776041.62548400,22312,2701.49540000,10915656.72559800,0
1710302400000,4043.78000000,4043.78000000,4029.10000000,4033.55000000,6772.41370000,1710304199999,27333370.03798200,21563,2872.10470000,11591362.68240700,0
1710304200000,4033.55000000,4045.00000000,4032.15000000,4043.00000000,6487.95480000,1710305999999,26217791.85562500,21490,3268.18030000,13206859.36377400,0
1710306000000,4043.00000000,4043.15000000,4029.60000000,4038.32000000,5523.27680000,1710307799999,22296266.64611300,18254,2690.69880000,10862045.47734600,0
1710307800000,4038.32000000,4040.88000000,4033.57000000,4037.04000000,3583.63620000,1710309599999,14468795.12380000,14338,1656.16040000,6686592.22941700,0
1710309600000,4037.04000000,4045.50000000,4033.70000000,4042.20000000,6648.13760000,1710311399999,26859932.68241200,19301,3410.06170000,13777406.32113300,0
1710311400000,4042.20000000,4054.73000000,4040.86000000,4048.27000000,11715.69130000,1710313199999,47428572.24695900,37308,6018.64360000,24365121.09703400,0
1710313200000,4048.26000000,4078.38000000,4045.00000000,4054.50000000,15858.70520000,1710314999999,64417575.30517800,58513,8589.99490000,34892142.42708100,0
1710315000000,4054.51000000,4056.49000000,4033.60000000,4038.36000000,13528.34910000,1710316799999,54715032.34656300,34507,5822.84280000,23554064.97469400,0
1710316800000,4038.36000000,4083.00000000,4038.09000000,4076.04000000,14657.92220000,1710318599999,59477240.60611500,40995,8553.84470000,34712477.66351800,0
1710318600000,4076.04000000,4082.97000000,4054.72000000,4063.75000000,14203.74300000,1710320399999,57747413.55819700,44713,7061.78090000,28711249.86182800,0
1710320400000,4063.76000000,4066.67000000,4053.00000000,4063.96000000,7450.86730000,1710322199999,30256933.71692900,25649,3922.73690000,15928487.41635800,0
1710322200000,4063.96000000,4065.41000000,4044.00000000,4049.77000000,8209.11510000,1710323999999,33265932.52328300,30003,3884.79780000,15740014.61200700,0
1710324000000,4049.78000000,4057.34000000,4043.25000000,4046.01000000,8772.23830000,1710325799999,35528478.37607200,27269,4867.14530000,19711562.04212100,0
1710325800000,4046.01000000,4057.30000000,4042.98000000,4055.89000000,6609.23400000,1710327599999,26759840.39641800,20530,3351.58180000,13570528.03536400,0
1710327600000,4055.88000000,4060.21000000,4051.40000000,4053.65000000,6621.91940000,1710329399999,26854661.10303700,20599,3453.28630000,14003958.54384700,0
1710329400000,4053.65000000,4054.47000000,4045.40000000,4048.90000000,4975.95130000,1710331199999,20156105.79023200,17789,2498.91230000,10122396.72971800,0
1710331200000,4048.91000000,4053.00000000,4027.11000000,4035.91000000,8795.03980000,1710332999999,35547263.18082400,23710,4168.87250000,16847188.85150300,0
1710333000000,4035.91000000,4035.91000000,4002.56000000,4006.37000000,19753.00500000,1710334799999,79410999.84723700,55929,9122.58060000,36674429.28247300,0
1710334800000,4006.38000000,4022.60000000,3989.00000000,3996.74000000,14855.50750000,1710336599999,59535615.89421600,45816,7152.21870000,28670571.60915300,0
1710336600000,3996.74000000,4002.78000000,3932.23000000,3976.32000000,32993.64340000,1710338399999,130901919.04475700,85258,15767.28870000,62559610.18416800,0
1710338400000,3976.27000000,4000.00000000,3965.00000000,3982.61000000,21321.09390000,1710340199999,84967490.68855900,59419,10266.76110000,40916157.55129200,0
1710340200000,3982.60000000,3983.40000000,3951.39000000,3965.81000000,17002.77220000,1710341999999,67459206.66101700,56283,8097.45590000,32128214.23167400,0
1710342000000,3965.80000000,3999.94000000,3948.00000000,3967.52000000,19395.70400000,1710343799999,77108659.41947900,59554,8549.46780000,33996474.46320400,0
1710343800000,3967.52000000,3988.00000000,3951.14000000,3962.80000000,14031.53950000,1710345599999,55692937.00574600,41862,6916.30870000,27450295.08727500,0
1710345600000,3962.80000000,3985.80000000,3952.23000000,3981.09000000,15122.83700000,1710347399999,60035142.70090200,42678,8961.86080000,35577983.71707300,0
1710347400000,3981.09000000,3989.40000000,3967.61000000,3983.01000000,9872.97660000,1710349199999,39280632.46103300,31323,5835.25640000,23216788.32762200,0
1710349200000,3983.02000000,3995.26000000,3964.00000000,3969.31000000,10346.65510000,1710350999999,41151417.55831500,35880,5186.52410000,20627525.46066200,0
1710351000000,3969.31000000,3982.00000000,3959.69000000,3981.01000000,8004.66610000,1710352799999,31811972.28285800,25865,4681.62440000,18607692.73447000,0
1710352800000,3981.01000000,3993.79000000,3973.51000000,3991.42000000,5783.48840000,1710354599999,23035168.48193700,22419,3102.95810000,12359819.36394700,0
1710354600000,3991.41000000,4011.06000000,3987.76000000,4003.85000000,9276.24350000,1710356399999,37138346.23125300,31366,5027.75220000,20127957.37093700,0
1710356400000,4003.85000000,4010.18000000,3987.42000000,3987.69000000,5580.32800000,1710358199999,22326877.52300300,21108,2506.32050000,10029542.95866100,0
1710358200000,3987.68000000,4003.59000000,3980.00000000,4000.44000000,6591.12020000,1710359999999,26304471.46613300,24934,3466.51230000,13838821.92574400,0
1710360000000,4000.44000000,4021.00000000,3983.64000000,4000.00000000,11312.92490000,1710361799999,45305713.75749900,36120,5464.78770000,21886646.27742900,0
1710361800000,4000.01000000,4000.01000000,3974.62000000,3988.99000000,11594.22110000,1710363599999,46227529.39916800,30940,6445.22060000,25697368.18456400,0
1710363600000,3988.98000000,3996.20000000,3982.27000000,3987.13000000,4747.60790000,1710365399999,18943755.61020900,21367,2539.32700000,10134081.84695400,0
1710365400000,3987.14000000,4004.60000000,3978.43000000,4004.31000000,4899.67060000,1710367199999,19567631.64619800,22600,2500.27770000,9987669.48640800,0
1710367200000,4004.30000000,4005.37000000,3982.60000000,3986.80000000,5187.31440000,1710368999999,20719798.95273000,19988,2510.70990000,10030111.69044000,0
1710369000000,3986.80000000,3990.44000000,3980.33000000,3983.11000000,6417.85870000,1710370799999,25572838.92044100,23723,3141.06460000,12516068.59293300,0
1710370800000,3983.10000000,4010.66000000,3983.10000000,3995.33000000,7649.85290000,1710372599999,30607798.17355500,25644,4766.35180000,19070410.86348500,0
1710372600000,3995.32000000,4011.61000000,3992.35000000,4004.79000000,5175.58580000,1710374399999,20715110.86636000,18268,2476.43890000,9911209.05110100,0
1710374400000,4004.79000000,4010.98000000,3997.92000000,4005.20000000,5040.11190000,1710376199999,20178998.95511500,19969,2416.46440000,9674355.48568400,0
1710376200000,4005.21000000,4005.21000000,3975.00000000,3975.08000000,8496.48610000,1710377999999,33878208.19528100,27875,3401.19230000,13560491.37962100,0
1710378000000,3975.09000000,3976.36000000,3955.00000000,3968.19000000,11980.67100000,1710379799999,47531026.69356700,36020,5701.64380000,22617945.97883300,0
1710379800000,3968.20000000,3987.50000000,3960.04000000,3983.89000000,6439.56190000,1710381599999,25568086.81036500,22683,3603.17050000,14307410.37931300,0
1710381600000,3983.89000000,3997.20000000,3980.80000000,3996.02000000,6985.04990000,1710383399999,27859574.83453800,19183,3785.25780000,15096993.60053400,0
1710383400000,3996.01000000,4001.76000000,3981.67000000,3984.54000000,5250.26750000,1710385199999,20959050.61098700,17880,2573.08600000,10271308.10251000,0
1710385200000,3984.53000000,3999.58000000,3984.53000000,3999.58000000,7927.15160000,1710386999999,31639486.38781100,21529,4574.82470000,18259667.45775200,0
1710387000000,3999.58000000,4000.80000000,3991.29000000,3993.77000000,6963.70060000,1710388799999,27818680.45479900,19893,3263.63610000,13037413.33388000,0
1710388800000,3993.77000000,4005.69000000,3984.00000000,3984.87000000,8246.73740000,1710390599999,32925833.82379900,29901,3971.74580000,15858331.85782100,0
1710390600000,3984.87000000,3986.15000000,3940.64000000,3956.63000000,12527.51160000,1710392399999,49622247.66603100,42294,5360.21200000,21233720.70804800,0
1710392400000,3956.63000000,3963.46000000,3941.26000000,3953.02000000,8881.08780000,1710394199999,35097849.21399800,31312,4104.24430000,16222402.24871700,0
1710394200000,3953.01000000,3972.83000000,3951.40000000,3969.16000000,5648.53070000,1710395999999,22393392.43693600,20143,3242.48990000,12854426.31686400,0
1710396000000,3969.16000000,3991.79000000,3967.40000000,3989.81000000,7399.88430000,1710397799999,29459607.98287800,26365,4030.22880000,16044536.52144600,0
1710397800000,3989.81000000,3993.21000000,3968.75000000,3980.75000000,7814.38010000,1710399599999,31089014.56677000,28831,3693.07640000,14694032.32241300,0
1710399600000,3980.75000000,3989.94000000,3963.00000000,3965.01000000,7580.12670000,1710401399999,30156284.98564200,31196,3586.95000000,14270683.09482600,0
1710401400000,3965.01000000,3975.00000000,3959.00000000,3963.46000000,6417.38330000,1710403199999,25459332.31437100,29085,3394.17610000,13466008.17702100,0
1710403200000,3963.45000000,3982.19000000,3962.60000000,3979.19000000,6755.54780000,1710404999999,26837658.42136100,24301,2974.88300000,11817992.40123900,0
1710405000000,3979.19000000,3983.41000000,3973.82000000,3978.61000000,5968.84770000,1710406799999,23748046.48895400,21384,2735.11590000,10882407.66305400,0
1710406800000,3978.60000000,3993.60000000,3971.89000000,3992.33000000,8571.69030000,1710408599999,34159324.23330400,26521,4594.83650000,18311205.16095500,0
1710408600000,3992.32000000,3997.70000000,3977.52000000,3988.20000000,7074.25430000,1710410399999,28200592.49046800,29136,3786.25420000,15094894.46621600,0
1710410400000,3988.19000000,3990.00000000,3968.69000000,3979.15000000,6821.75000000,1710412199999,27145903.74880400,26939,3215.67350000,12795288.08551200,0
1710412200000,3979.15000000,3985.99000000,3962.40000000,3968.34000000,7097.59820000,1710413999999,28216577.44813700,26373,3169.65310000,12599875.41003700,0
1710414000000,3968.34000000,3969.85000000,3943.80000000,3955.85000000,11760.24470000,1710415799999,46515365.71890800,40220,5846.75620000,23126754.89447100,0
1710415800000,3955.85000000,3957.63000000,3943.12000000,3955.04000000,5739.23510000,1710417599999,22671464.71376700,24417,2592.94490000,10243938.06458100,0
1710417600000,3955.04000000,3967.40000000,3911.00000000,3939.02000000,14099.75220000,1710419399999,55548525.08771100,50831,6432.04720000,25341443.93466100,0
1710419400000,3939.03000000,3946.80000000,3925.13000000,3943.41000000,10131.44020000,1710421199999,39866080.81203600,34893,5269.24410000,20735699.80272300,0
1710421200000,3943.40000000,3952.28000000,3915.94000000,3923.39000000,12301.35220000,1710422999999,48368699.50197400,40849,6064.42090000,23848250.65189100,0
1710423000000,3923.39000000,3927.70000000,3850.00000000,3878.69000000,44010.84090000,1710424799999,170878967.51012000,115309,20084.64910000,77985981.34183700,0
1710424800000,3878.68000000,3930.78000000,3871.91000000,3911.41000000,23156.28650000,1710426599999,90343245.47594900,64352,12833.33860000,50071562.65510000,0
1710426600000,3911.40000000,3912.99000000,3864.80000000,3887.20000000,26728.35530000,1710428399999,103832991.15993200,65690,13979.30090000,54305099.58987100,0
1710428400000,3887.21000000,3904.00000000,3836.65000000,3838.29000000,24120.83100000,1710430199999,93480954.06529600,61557,10915.64380000,42360258.65487000,0
1710430200000,3838.29000000,3865.91000000,3820.20000000,3845.81000000,25835.41740000,1710431999999,99336742.74830300,65440,12446.75030000,47869231.68214800,0
1710432000000,3845.81000000,3868.90000000,3825.07000000,3839.40000000,24565.72020000,1710433799999,94585178.61210300,60917,10972.10300000,42243387.47458900,0
1710433800000,3839.41000000,3896.02000000,3828.60000000,3892.10000000,24858.73070000,1710435599999,96210218.10356400,62902,13144.68730000,50874056.31452800,0
1710435600000,3892.11000000,3895.66000000,3856.61000000,3861.02000000,11822.93800000,1710437399999,45830693.60843700,38524,5054.93940000,19596240.41073000,0
1710437400000,3861.01000000,3877.09000000,3853.45000000,3874.81000000,8106.72810000,1710439199999,31339084.03304400,31922,4575.39060000,17687570.35085400,0
1710439200000,3874.80000000,3874.81000000,3835.22000000,3846.96000000,9836.23370000,1710440999999,37876472.54445000,36497,4328.21100000,16663689.74380900,0
1710441000000,3846.97000000,3848.55000000,3760.29000000,3812.31000000,36849.27370000,1710442799999,140081657.42094800,95643,14915.26470000,56678108.13236900,0
1710442800000,3812.31000000,3828.00000000,3768.86000000,3779.11000000,21967.01280000,1710444599999,83544516.88931400,65063,10364.94550000,39430877.62079100,0
1710444600000,3779.11000000,3813.72000000,3723.00000000,3785.89000000,46651.55210000,1710446399999,175488693.52048000,116566,22002.27440000,82785731.62553300,0
1710446400000,3785.89000000,3846.60000000,3780.79000000,3839.82000000,22652.25640000,1710448199999,86524877.77906800,58769,11773.13490000,44962617.94090900,0
1710448200000,3839.83000000,3865.00000000,3834.84000000,3844.20000000,15812.54520000,1710449999999,60876029.63444100,44545,7938.10760000,30562446.72407000,0
1710450000000,3844.20000000,3870.77000000,3820.86000000,3841.26000000,26945.99580000,1710451799999,103580993.32158900,49182,13387.15410000,51456557.29934800,0
1710451800000,3841.27000000,3867.51000000,3838.17000000,3865.75000000,7377.75510000,1710453599999,28422567.72865600,20970,4236.05780000,16315232.96911500,0
1710453600000,3865.75000000,3890.76000000,3864.75000000,3886.26000000,9528.18860000,1710455399999,36967332.04643000,29972,5488.28980000,21291945.18045300,0
1710455400000,3886.25000000,3886.26000000,3871.51000000,3877.61000000,6715.94620000,1710457199999,26047414.48369400,22882,2637.11050000,10226799.57923100,0
1710457200000,3877.61000000,3892.00000000,3872.76000000,3882.34000000,5798.94340000,1710458999999,22519249.28335700,22819,3129.29780000,12152320.72547600,0
1710459000000,3882.35000000,3889.88000000,3876.90000000,3881.70000000,4975.61830000,1710460799999,19325157.12371300,20419,2614.75270000,10155505.13609200,0
1710460800000,3881.69000000,3919.79000000,3870.00000000,3919.27000000,11640.46460000,1710462599999,45345125.92434400,34201,7180.56030000,27979440.07686000,0
1710462600000,3919.28000000,3934.02000000,3898.24000000,3904.04000000,12436.62570000,1710464399999,48698416.79607400,36711,6840.59680000,26792908.79262100,0
1710464400000,3904.03000000,3909.79000000,3888.45000000,3892.42000000,7667.51440000,1710466199999,29889296.75301200,27870,2954.13110000,11516263.50010300,0
1710466200000,3892.42000000,3904.60000000,3876.23000000,3878.83000000,8253.14920000,1710467999999,32112836.00924000,28853,3999.08120000,15560873.79665500,0
1710468000000,3878.84000000,3884.60000000,3824.20000000,3826.60000000,16123.50460000,1710469799999,62170758.15476400,44428,6380.22860000,24598915.16439200,0
1710469800000,3826.60000000,3828.11000000,3700.00000000,3747.42000000,58948.24700000,1710471599999,221576197.56412300,133714,28860.29640000,108440437.08188800,0
1710471600000,3747.41000000,3770.37000000,3623.00000000,3667.59000000,54367.35100000,1710473399999,201526735.93676000,125171,23221.05860000,86166386.56372800,0
1710473400000,3667.60000000,3748.72000000,3663.00000000,3722.20000000,39490.13280000,1710475199999,146629826.09859500,96774,19982.62040000,74193867.95729600,0
1710475200000,3722.20000000,3735.00000000,3679.58000000,3710.10000000,32272.02300000,1710476999999,119757209.33392700,82058,16674.94080000,61881576.12672600,0
1710477000000,3710.09000000,3714.85000000,3656.49000000,3672.64000000,44537.50590000,1710478799999,163684865.90830700,88983,22262.27300000,81807872.27811100,0
1710478800000,3672.64000000,3727.66000000,3670.00000000,3694.78000000,22402.35240000,1710480599999,82886940.42612900,53925,10113.46850000,37429625.78259000,0
1710480600000,3694.78000000,3711.83000000,3661.86000000,3674.21000000,18028.78000000,1710482399999,66358673.08771200,49185,8143.89900000,29985418.55740500,0
1710482400000,3674.21000000,3747.03000000,3673.80000000,3739.11000000,18900.41880000,1710484199999,69974336.55784400,49785,9530.50380000,35295780.72942400,0
1710484200000,3739.10000000,3752.22000000,3728.21000000,3749.83000000,14703.21800000,1710485999999,55012475.28455500,41708,7834.52540000,29313788.59999400,0
1710486000000,3749.82000000,3752.60000000,3731.00000000,3738.22000000,10805.41470000,1710487799999,40411602.28260900,31964,5404.85930000,20214542.70798500,0
1710487800000,3738.22000000,3779.92000000,3735.71000000,3754.12000000,13328.67290000,1710489599999,50124312.93031400,38201,7712.13190000,28997884.99188800,0
1710489600000,3754.12000000,3761.65000000,3702.00000000,3706.20000000,18876.29680000,1710491399999,70501722.12876800,49592,7915.00370000,29575814.93290800,0
1710491400000,3706.20000000,3716.26000000,3658.20000000,3661.73000000,30664.62040000,1710493199999,113021211.24422600,75473,13223.66190000,48747004.44074100,0
1710493200000,3661.72000000,3678.74000000,3570.00000000,3647.94000000,63607.18790000,1710494999999,230657826.74878500,134318,27218.00000000,98769479.19893700,0
1710495000000,3647.93000000,3698.40000000,3622.43000000,3682.91000000,33908.70710000,1710496799999,124475271.65640900,83048,17000.86610000,62421638.02107300,0
1710496800000,3682.91000000,3695.73000000,3648.61000000,3686.94000000,19901.35400000,1710498599999,73159129.48043700,55463,9275.70520000,34111175.93657600,0
1710498600000,3686.95000000,3695.00000000,3659.04000000,3659.05000000,17825.89660000,1710500399999,65515497.31183900,46435,7719.09930000,28376677.13058700,0
1710500400000,3659.04000000,3673.40000000,3621.86000000,3626.84000000,26269.11440000,1710502199999,95725180.50346400,70459,12322.58410000,44901222.69208000,0
1710502200000,3626.85000000,3698.00000000,3626.22000000,3689.33000000,20210.67620000,1710503999999,74163575.89133600,61963,10845.97640000,39801067.17432200,0
1710504000000,3689.33000000,3707.94000000,3671.17000000,3695.80000000,15908.51120000,1710505799999,58662556.33238100,49069,8650.67820000,31907715.56149500,0
1710505800000,3695.79000000,3708.19000000,3681.20000000,3697.33000000,12239.51570000,1710507599999,45205168.09404400,43526,5994.01310000,22136926.04815300,0
1710507600000,3697.32000000,3726.38000000,3679.51000000,3687.89000000,17458.54090000,1710509399999,64687340.44345500,52902,7806.23730000,28921762.23181200,0
1710509400000,3687.89000000,3742.00000000,3670.77000000,3723.40000000,18607.22420000,1710511199999,69107114.03468200,62511,10312.80620000,38300004.52194700,0
1710511200000,3723.41000000,3731.41000000,3690.45000000,3699.40000000,13892.74680000,1710512999999,51477983.05370500,50651,6996.84490000,25930792.17599000,0
1710513000000,3699.40000000,3721.24000000,3687.22000000,3720.80000000,14194.05820000,1710514799999,52611075.13664800,45659,8536.67220000,31653581.19220700,0
1710514800000,3720.80000000,3725.80000000,3694.19000000,3702.00000000,13958.68720000,1710516599999,51757202.13168700,43288,7318.38500000,27143303.59958600,0
1710516600000,3702.01000000,3704.51000000,3684.84000000,3688.90000000,10302.23440000,1710518399999,38062978.67147500,33993,4819.61940000,17808999.85394600,0
1710518400000,3688.89000000,3694.91000000,3659.01000000,3686.56000000,14988.02110000,1710520199999,55083135.54049000,46207,7158.25320000,26304371.82428100,0
1710520200000,3686.56000000,3716.10000000,3680.07000000,3683.89000000,14207.07380000,1710521999999,52514535.68939100,41411,7082.45950000,26180577.91134100,0
1710522000000,3683.93000000,3692.00000000,3663.40000000,3690.50000000,10386.37670000,1710523799999,38197509.29439200,34941,5694.86050000,20946232.76780500,0
1710523800000,3690.49000000,3698.42000000,3681.00000000,3694.75000000,7949.99330000,1710525599999,29335289.33829700,28706,4548.16310000,16783880.37330200,0
1710525600000,3694.74000000,3712.86000000,3691.79000000,3701.65000000,8586.20630000,1710527399999,31807273.15440300,30658,4747.03970000,17590297.90444800,0
1710527400000,3701.66000000,3789.16000000,3701.27000000,3787.57000000,22533.47450000,1710529199999,84556273.20636300,53007,13455.15750000,50473758.50842300,0
1710529200000,3787.58000000,3806.62000000,3756.71000000,3770.99000000,20602.91760000,1710530999999,77955020.05258200,44692,11311.03950000,42801209.80309000,0
1710531000000,3771.00000000,3773.57000000,3675.09000000,3689.54000000,28929.80220000,1710532799999,107526539.20703900,56913,14223.43350000,52866003.04582600,0
1710532800000,3689.53000000,3690.00000000,3625.00000000,3663.99000000,24742.80120000,1710534599999,90555485.52082700,52179,11964.85750000,43791614.15301100,0
1710534600000,3664.00000000,3665.50000000,3606.65000000,3629.65000000,18513.39450000,1710536399999,67232322.45436300,40774,8452.77380000,30696325.46897200,0
1710536400000,3629.66000000,3654.35000000,3626.80000000,3638.12000000,9042.85970000,1710538199999,32960003.53857800,23815,4363.86300000,15905133.25370000,0
1710538200000,3638.11000000,3671.35000000,3630.31000000,3669.65000000,5765.01810000,1710539999999,21065925.81799900,18071,3373.78950000,12327035.54333500,0
1710540000000,3669.65000000,3687.81000000,3666.51000000,3680.97000000,5633.85300000,1710541799999,20714906.69930500,19766,3052.12920000,11219312.76654900,0
1710541800000,3680.97000000,3734.44000000,3671.78000000,3729.80000000,9239.72450000,1710543599999,34242120.21803700,28021,4950.34760000,18350028.22990400,0
1710543600000,3729.79000000,3736.25000000,3711.82000000,3733.16000000,7737.97200000,1710545399999,28795288.25155700,24205,3869.44170000,14400419.16219300,0
1710545400000,3733.16000000,3749.93000000,3729.00000000,3742.19000000,6947.17160000,1710547199999,25985389.42517600,22090,3899.01200000,14585015.55215100,0
1710547200000,3742.19000000,3770.00000000,3736.15000000,3762.60000000,15752.61970000,1710548999999,59138848.79668100,29764,9914.24330000,37226166.78726100,0
1710549000000,3762.61000000,3774.89000000,3752.11000000,3759.73000000,10360.85310000,1710550799999,39009141.92970700,27258,4921.62920000,18532731.46807800,0
1710550800000,3759.74000000,3781.12000000,3755.67000000,3757.79000000,13456.54440000,1710552599999,50701272.35450400,34880,6699.38350000,25245778.45309100,0
1710552600000,3757.80000000,3762.40000000,3737.33000000,3743.20000000,11400.07860000,1710554399999,42756291.91834200,31448,5296.07500000,19861197.70240700,0
1710554400000,3743.20000000,3745.00000000,3730.46000000,3732.75000000,5939.48520000,1710556199999,22202778.56844200,20895,2487.38670000,9297809.98860300,0
1710556200000,3732.76000000,3740.65000000,3725.87000000,3731.41000000,6269.80860000,1710557999999,23410997.68489800,22385,3359.51000000,12543584.54006700,0
1710558000000,3731.41000000,3749.31000000,3722.41000000,3734.10000000,7002.25970000,1710559799999,26160586.18161100,30446,3372.28800000,12600708.29489200,0
1710559800000,3734.10000000,3739.97000000,3729.52000000,3735.52000000,3181.64680000,1710561599999,11883507.88372400,16286,1682.43130000,6283439.57747400,0
1710561600000,3735.52000000,3743.60000000,3722.63000000,3738.07000000,4481.30050000,1710563399999,16728381.50180100,22364,2551.78310000,9527576.27665400,0
1710563400000,3738.06000000,3741.75000000,3714.15000000,3725.41000000,6029.20750000,1710565199999,22448755.61183700,28534,2786.50390000,10375526.15749500,0
1710565200000,3725.41000000,3728.20000000,3690.18000000,3696.72000000,8258.51160000,1710566999999,30596510.09173900,34085,3621.02210000,13415397.32034700,0
1710567000000,3696.72000000,3720.95000000,3696.02000000,3714.00000000,5869.85590000,1710568799999,21776716.51653700,25119,3150.06760000,11687185.75064800,0
1710568800000,3714.01000000,3727.80000000,3712.18000000,3720.01000000,4698.63120000,1710570599999,17486552.11562700,20615,2664.38530000,9915400.00262200,0
1710570600000,3720.00000000,3728.97000000,3705.25000000,3725.34000000,6353.34680000,1710572399999,23622621.96883900,23533,3175.78870000,11807906.97452700,0
1710572400000,3725.33000000,3733.27000000,3719.20000000,3723.63000000,5462.67570000,1710574199999,20351933.21356100,23459,2679.67180000,9984710.72930600,0
1710574200000,3723.63000000,3741.35000000,3719.49000000,3740.19000000,9065.43850000,1710575999999,33850719.91377500,34822,4712.45780000,17595490.38652100,0
1710576000000,3740.20000000,3741.10000000,3726.52000000,3727.37000000,7447.81570000,1710577799999,27789818.27576700,26103,3272.37730000,12209127.86151800,0
1710577800000,3727.37000000,3738.10000000,3713.34000000,3718.24000000,7163.98960000,1710579599999,26694656.90248400,30982,2961.18670000,11036160.33131500,0
1710579600000,3718.25000000,3726.95000000,3714.12000000,3726.29000000,4606.47400000,1710581399999,17139431.43588400,22219,2371.44550000,8824069.24378800,0
1710581400000,3726.29000000,3731.80000000,3712.28000000,3719.47000000,5354.25230000,1710583199999,19927212.01596200,23761,2851.04200000,10610767.95664900,0
1710583200000,3719.47000000,3722.74000000,3698.11000000,3711.80000000,7886.05950000,1710584999999,29269753.27866800,32610,3707.94580000,13763086.38672900,0
1710585000000,3711.80000000,3716.06000000,3699.60000000,3701.97000000,6466.16730000,1710586799999,23965448.14388700,31466,3384.90150000,12546768.63991600,0
1710586800000,3701.97000000,3708.20000000,3667.24000000,3670.13000000,12324.00090000,1710588599999,45430360.11652100,42540,5588.22260000,20601507.11964200,0
1710588600000,3670.12000000,3700.56000000,3661.83000000,3692.29000000,10764.27200000,1710590399999,39682718.23012700,35654,5722.98850000,21099505.25106500,0
1710590400000,3692.29000000,3711.37000000,3679.80000000,3703.01000000,9828.62480000,1710592199999,36317834.28871500,39576,5369.00110000,19840845.25081500,0
1710592200000,3703.00000000,3710.00000000,3664.15000000,3665.39000000,13038.52960000,1710593999999,48025855.01640900,45506,5883.99790000,21671210.67836600,0
1710594000000,3665.39000000,3684.00000000,3660.00000000,3673.76000000,12210.51270000,1710595799999,44852639.13954300,45417,6010.26200000,22078427.01056900,0
1710595800000,3673.76000000,3684.60000000,3646.03000000,3646.41000000,15621.18980000,1710597599999,57205457.59776600,49835,7438.45890000,27243435.66312900,0
1710597600000,3646.41000000,3666.55000000,3637.73000000,3652.59000000,14560.38610000,1710599399999,53189273.70014500,46218,7456.10680000,27238910.81214000,0
1710599400000,3652.60000000,3666.00000000,3643.78000000,3665.01000000,9373.06870000,1710601199999,34250627.77096600,38146,5350.95870000,19556594.53102400,0
1710601200000,3665.01000000,3666.60000000,3647.66000000,3661.29000000,8447.33300000,1710602999999,30883120.52127500,35204,4498.29610000,16443236.00910300,0
1710603000000,3661.29000000,3684.01000000,3657.65000000,3679.55000000,9862.43180000,1710604799999,36228016.44872200,36434,5433.97320000,19960344.51149500,0
1710604800000,3679.54000000,3679.88000000,3660.00000000,3671.60000000,6747.01730000,1710606599999,24775539.19213400,28735,3220.13870000,11823497.30088500,0
1710606600000,3671.60000000,3676.42000000,3656.86000000,3664.56000000,6041.48670000,1710608399999,22147479.74263400,32583,2576.00090000,9442762.47523400,0
1710608400000,3664.55000000,3668.80000000,3647.68000000,3647.68000000,9318.97720000,1710610199999,34088575.38002100,34482,3768.90600000,13785592.21417600,0
1710610200000,3647.68000000,3672.01000000,3626.39000000,3632.38000000,18909.08540000,1710611999999,68956905.88562600,60115,9402.28700000,34288166.12749800,0
1710612000000,3632.39000000,3638.14000000,3584.21000000,3600.60000000,27899.77110000,1710613799999,100706614.10596100,77021,12263.35330000,44274970.08127800,0
1710613800000,3600.59000000,3612.83000000,3570.00000000,3595.61000000,26624.72230000,1710615599999,95582039.15343300,70075,12483.61400000,44829760.78783000,0
1710615600000,3595.60000000,3632.78000000,3594.59000000,3627.42000000,14133.29160000,1710617399999,51154483.08226900,49585,7139.57810000,25837607.17167200,0
1710617400000,3627.43000000,3638.01000000,3592.00000000,3600.60000000,13096.02680000,1710619199999,47344895.79903700,42165,6315.13200000,22838965.77588300,0
1710619200000,3600.60000000,3615.32000000,3578.25000000,3608.61000000,12312.58450000,1710620999999,44273626.10843800,43676,5870.06270000,21114282.14515800,0
1710621000000,3608.61000000,3633.80000000,3608.60000000,3619.40000000,9792.84030000,1710622799999,35477094.09811900,33285,4767.55180000,17270263.22855600,0
1710622800000,3619.40000000,3628.78000000,3544.00000000,3552.36000000,21981.52330000,1710624599999,78590819.23496700,57705,9285.91410000,33219980.43096200,0
1710624600000,3552.37000000,3581.37000000,3541.18000000,3556.39000000,15103.12790000,1710626399999,53734153.45147000,39205,6741.42930000,23989299.17862900,0
1710626400000,3556.39000000,3564.78000000,3523.68000000,3564.78000000,18109.98190000,1710628199999,64173702.83243800,49249,8317.30390000,29481206.60100500,0
1710628200000,3564.78000000,3581.70000000,3550.43000000,3557.99000000,10850.18510000,1710629999999,38709569.83128400,33232,5140.83240000,18341907.90281400,0
1710630000000,3557.99000000,3557.99000000,3468.80000000,3508.51000000,43903.73030000,1710631799999,153882307.22415200,94218,17207.48160000,60311141.15225900,0
1710631800000,3508.51000000,3535.45000000,3505.96000000,3523.09000000,14926.43360000,1710633599999,52601237.05616600,46044,7130.22420000,25128029.24546300,0
1710633600000,3523.09000000,3568.03000000,3522.11000000,3559.13000000,17496.28730000,1710635399999,62177102.97118600,45211,9118.03640000,32394829.80203000,0
1710635400000,3559.13000000,3560.53000000,3504.95000000,3508.84000000,17029.03120000,1710637199999,60169635.91925300,43490,7791.19110000,27536019.83129000,0
1710637200000,3508.84000000,3552.83000000,3508.83000000,3537.07000000,14996.44820000,1710638999999,53077584.40616900,43951,8052.78040000,28493443.88030700,0
1710639000000,3537.06000000,3559.68000000,3532.34000000,3558.59000000,12200.80220000,1710640799999,43259731.67564000,35440,5965.73980000,21151642.82500700,0
1710640800000,3558.59000000,3575.19000000,3552.76000000,3574.94000000,9780.12670000,1710642599999,34830876.88515300,34255,4969.19540000,17699048.72179000,0
1710642600000,3574.93000000,3582.40000000,3563.91000000,3571.60000000,7963.00960000,1710644399999,28444276.26786300,30286,3994.85710000,14271246.04074600,0
1710644400000,3571.60000000,3573.40000000,3555.35000000,3558.90000000,6066.72670000,1710646199999,21621764.67956800,26544,2721.98850000,9701251.20588500,0
1710646200000,3558.91000000,3574.18000000,3558.55000000,3571.50000000,4851.74730000,1710647999999,17304734.21573300,21662,2348.94620000,8378262.34144600,0
1710648000000,3571.49000000,3572.51000000,3560.20000000,3565.93000000,3482.75620000,1710649799999,12418690.78084600,17386,1997.16580000,7121723.01428000,0
1710649800000,3565.93000000,3572.20000000,3550.53000000,3558.94000000,4277.32470000,1710651599999,15239855.41341000,21334,2159.39160000,7695168.47655300,0
1710651600000,3558.95000000,3569.23000000,3551.40000000,3562.45000000,4548.81250000,1710653399999,16206623.55062500,19500,2179.15100000,7763550.38081300,0
1710653400000,3562.45000000,3562.46000000,3536.00000000,3545.78000000,6814.25930000,1710655199999,24161401.26484200,29331,3016.71480000,10694993.48766900,0
1710655200000,3545.78000000,3550.27000000,3519.60000000,3521.20000000,9559.28430000,1710656999999,33769050.41572100,31994,4723.03110000,16684453.19995500,0
1710657000000,3521.19000000,3524.37000000,3441.87000000,3444.07000000,28373.44240000,1710658799999,98809807.99853400,79938,12272.95540000,42746318.61115000,0
1710658800000,3444.07000000,3466.42000000,3412.00000000,3453.29000000,38081.13580000,1710660599999,131111001.17136800,99506,18149.51700000,62497704.32221500,0
1710660600000,3453.29000000,3481.70000000,3434.00000000,3472.72000000,18983.85760000,1710662399999,65674061.81093000,56830,9977.92570000,34516616.93789800,0
1710662400000,3472.72000000,3514.87000000,3460.01000000,3512.90000000,19150.82220000,1710664199999,66648713.86498200,51005,9169.45830000,31918230.87835500,0
1710664200000,3512.90000000,3575.00000000,3508.20000000,3556.61000000,23616.93940000,1710665999999,83609318.87479100,59506,12036.73330000,42607526.05189200,0
1710666000000,3556.60000000,3574.69000000,3548.00000000,3565.00000000,14233.91640000,1710667799999,50670090.45152400,40585,6686.21480000,23803257.31703300,0
1710667800000,3565.01000000,3567.19000000,3545.00000000,3555.60000000,5995.99070000,1710669599999,21322168.73453700,27932,2739.52570000,9742888.35842800,0
1710669600000,3555.60000000,3593.00000000,3555.60000000,3590.39000000,13138.33010000,1710671399999,47000742.73203500,40162,7798.83220000,27905197.67797600,0
1710671400000,3590.40000000,3605.57000000,3573.80000000,3596.40000000,14941.83850000,1710673199999,53578971.11698800,42082,7519.90470000,26967880.79571700,0
1710673200000,3596.39000000,3606.41000000,3576.27000000,3580.75000000,10207.27020000,1710674999999,36662025.39191300,37463,3999.20960000,14370362.42739600,0
1710675000000,3580.75000000,3588.98000000,3573.91000000,3578.99000000,6198.87460000,1710676799999,22200023.94764000,32660,3012.11530000,10786930.70605900,0
1710676800000,3578.99000000,3601.80000000,3560.01000000,3563.50000000,9874.84610000,1710678599999,35363148.79534800,39637,4544.80420000,16281781.80017800,0
1710678600000,3563.50000000,3565.80000000,3528.36000000,3540.31000000,15350.12410000,1710680399999,54496082.11871100,45328,7412.87980000,26330757.68895900,0
1710680400000,3540.31000000,3584.06000000,3539.98000000,3561.05000000,14278.39760000,1710682199999,50954277.85047000,50772,7487.54230000,26720857.54442200,0
1710682200000,3561.06000000,3582.20000000,3557.22000000,3574.97000000,6945.91740000,1710683999999,24782464.77690400,33711,3602.51050000,12853545.18363200,0
1710684000000,3574.96000000,3591.84000000,3560.05000000,3590.51000000,7317.94750000,1710685799999,26165630.77410600,33746,4160.29120000,14878902.78840700,0
1710685800000,3590.51000000,3601.34000000,3571.84000000,3599.05000000,11470.22340000,1710687599999,41152663.44494300,37693,5823.86690000,20898488.83348100,0
1710687600000,3599.04000000,3599.30000000,3580.52000000,3592.47000000,6907.62930000,1710689399999,24786987.93840800,29385,3703.22670000,13288998.03785600,0
1710689400000,3592.47000000,3647.15000000,3592.38000000,3628.42000000,23024.67370000,1710691199999,83497157.07056100,62938,12821.35250000,46478628.64561300,0
1710691200000,3628.42000000,3636.55000000,3607.00000000,3617.68000000,17556.40900000,1710692999999,63553958.04000700,45449,8080.00950000,29251750.30012000,0
1710693000000,3617.68000000,3633.79000000,3602.43000000,3611.36000000,7463.83430000,1710694799999,26988538.75095200,31566,3551.45590000,12843489.80438000,0
1710694800000,3611.36000000,3624.30000000,3603.97000000,3623.53000000,4510.48050000,1710696599999,16300989.63554800,24917,2336.42490000,8443681.44525800,0
1710696600000,3623.54000000,3649.00000000,3609.93000000,3644.62000000,8302.22150000,1710698399999,30140791.32810900,34410,4853.39450000,17622559.26588300,0
1710698400000,3644.63000000,3653.72000000,3624.14000000,3627.49000000,11006.87490000,1710700199999,40042088.69538400,38813,5253.50300000,19114995.67412100,0
1710700200000,3627.49000000,3636.27000000,3623.04000000,3632.93000000,4232.79030000,1710701999999,15360414.22760400,22711,2044.80440000,7420546.78356500,0
1710702000000,3632.93000000,3643.72000000,3627.36000000,3635.30000000,4031.69130000,1710703799999,14660161.44915000,21407,1783.04020000,6483295.31157200,0
1710703800000,3635.29000000,3656.45000000,3634.75000000,3651.18000000,5275.71660000,1710705599999,19250811.49874600,24209,2978.90970000,10869311.79857600,0
1710705600000,3651.18000000,3658.00000000,3643.31000000,3645.68000000,4862.69060000,1710707399999,17747969.16173800,21644,2253.48910000,8225726.82952600,0
1710707400000,3645.68000000,3647.00000000,3632.00000000,3634.10000000,3593.31430000,1710709199999,13078528.18589100,18741,1434.38350000,5221194.32816400,0
1710709200000,3634.11000000,3643.67000000,3630.00000000,3639.60000000,3778.60460000,1710710999999,13737294.33685800,14484,1527.07290000,5553268.24907800,0
1710711000000,3639.61000000,3640.92000000,3624.19000000,3639.88000000,5336.95250000,1710712799999,19390717.62669100,14602,2968.31840000,10785620.76259400,0
1710712800000,3639.88000000,3651.76000000,3639.41000000,3650.81000000,4143.09750000,1710714599999,15100935.41527700,19169,2210.40060000,8056626.49906500,0
1710714600000,3650.80000000,3678.68000000,3643.38000000,3645.49000000,15573.46770000,1710716399999,57044316.81071900,40370,6891.77140000,25250144.79761000,0
1710716400000,3645.49000000,3650.73000000,3630.12000000,3635.48000000,6163.05980000,1710718199999,22436407.54603500,27353,3266.92470000,11894301.04916700,0
1710718200000,3635.49000000,3654.99000000,3632.74000000,3644.71000000,4800.99500000,1710719999999,17487174.60190300,20247,2570.34600000,9362371.64404100,0
1710720000000,3644.70000000,3645.02000000,3604.13000000,3620.59000000,13557.56530000,1710721799999,49090640.24709100,36923,5388.46420000,19506728.33950100,0
1710721800000,3620.58000000,3622.42000000,3575.78000000,3577.80000000,14704.66560000,1710723599999,52829461.60137000,42940,6199.14480000,22268688.90048100,0
1710723600000,3577.81000000,3600.66000000,3557.31000000,3588.87000000,14826.44470000,1710725399999,53102038.67954600,42334,7523.61350000,26951197.29217400,0
1710725400000,3588.87000000,3612.34000000,3585.60000000,3601.97000000,7489.59730000,1710727199999,26966426.61990700,25691,3949.51470000,14221425.49096900,0
1710727200000,3601.98000000,3612.49000000,3588.89000000,3590.75000000,7925.96920000,1710728999999,28535688.22805000,24500,2755.44700000,9921584.96831900,0
1710729000000,3590.75000000,3627.45000000,3584.22000000,3598.07000000,11096.97220000,1710730799999,40005538.64376400,31628,5476.51570000,19744224.60318900,0
1710730800000,3598.08000000,3617.63000000,3597.00000000,3603.40000000,7144.89260000,1710732599999,25782088.59071600,26186,3366.79370000,12148799.15281300,0
1710732600000,3603.41000000,3611.23000000,3598.33000000,3600.39000000,5262.33430000,1710734399999,18964827.80101000,21138,2598.67980000,9365169.25972500,0
1710734400000,3600.38000000,3600.81000000,3576.90000000,3596.82000000,9053.85550000,1710736199999,32478729.71700400,33587,4280.80020000,15353014.83248200,0
1710736200000,3596.82000000,3629.98000000,3596.00000000,3615.49000000,9981.63510000,1710737999999,36107729.26620600,33396,5671.46400000,20514623.16639100,0
1710738000000,3615.50000000,3639.00000000,3604.26000000,3637.59000000,7871.72830000,1710739799999,28500806.46711800,27301,4954.37320000,17943599.02683600,0
1710739800000,3637.59000000,3642.52000000,3628.11000000,3634.30000000,7140.25450000,1710741599999,25965618.78326700,28668,3663.23950000,13322984.26139100,0
1710741600000,3634.29000000,3634.66000000,3625.62000000,3627.47000000,4708.54000000,1710743399999,17088594.82276500,19429,1873.02680000,6797088.65623900,0
1710743400000,3627.46000000,3640.97000000,3623.04000000,3627.17000000,6261.34860000,1710745199999,22730012.32929900,21519,2830.82590000,10277616.79993400,0
1710745200000,3627.17000000,3635.74000000,3612.99000000,3622.21000000,10296.56720000,1710746999999,37303359.20267300,29657,4263.01750000,15445153.88790400,0
1710747000000,3622.21000000,3634.96000000,3617.52000000,3626.65000000,10156.96050000,1710748799999,36850767.10961300,31161,4815.62200000,17471024.58300800,0
1710748800000,3626.65000000,3627.00000000,3562.20000000,3568.72000000,19041.03250000,1710750599999,68392151.59048700,57935,7460.33870000,26796365.69635200,0
1710750600000,3568.72000000,3605.85000000,3562.24000000,3597.95000000,13670.40720000,1710752399999,49015026.07246200,47291,7003.70290000,25113410.20458800,0
1710752400000,3597.95000000,3601.32000000,3569.25000000,3595.38000000,12147.56400000,1710754199999,43527195.81716700,42330,6189.86070000,22178133.13413800,0
1710754200000,3595.38000000,3596.35000000,3555.26000000,3562.95000000,16616.50450000,1710755999999,59385807.52061400,50084,7253.51150000,25921807.21748300,0
1710756000000,3562.94000000,3579.57000000,3548.99000000,3563.99000000,14685.02440000,1710757799999,52332385.21841000,50611,6970.69170000,24846654.58755800,0
1710757800000,3563.99000000,3593.00000000,3563.99000000,3591.78000000,9326.86730000,1710759599999,33413396.39660400,35268,4889.96140000,17518726.65259900,0
1710759600000,3591.79000000,3612.35000000,3583.79000000,3609.40000000,9337.40830000,1710761399999,33580383.26971700,34337,5261.04050000,18923646.25899100,0
1710761400000,3609.41000000,3615.00000000,3593.69000000,3597.82000000,9331.94220000,1710763199999,33638602.25282200,30307,4608.63470000,16612229.08436000,0
1710763200000,3597.83000000,3613.41000000,3577.78000000,3598.79000000,12199.19850000,1710764999999,43839308.83278000,38721,6544.68110000,23523888.55503700,0
1710765000000,3598.80000000,3603.60000000,3584.72000000,3598.19000000,11635.92200000,1710766799999,41825271.38462400,38528,5932.51250000,21327119.00839700,0
1710766800000,3598.20000000,3600.00000000,3547.91000000,3561.27000000,16331.34570000,1710768599999,58337879.23946300,52359,7602.14020000,27158975.05849600,0
1710768600000,3561.27000000,3588.19000000,3526.54000000,3546.11000000,22434.15190000,1710770399999,79720909.55701200,68876,11221.47260000,39880411.90011700,0
1710770400000,3546.12000000,3563.99000000,3532.48000000,3533.34000000,14851.19990000,1710772199999,52679320.18674000,52514,7445.45260000,26410165.89088500,0
1710772200000,3533.34000000,3535.31000000,3489.56000000,3513.40000000,26383.76110000,1710773999999,92568301.29025200,79452,11905.08520000,41768218.27927800,0
1710774000000,3513.40000000,3521.00000000,3486.00000000,3504.24000000,18919.87410000,1710775799999,66223620.99032500,63637,9208.49640000,32233162.30442900,0
1710775800000,3504.24000000,3529.09000000,3500.21000000,3525.18000000,11956.85550000,1710777599999,42083503.56779100,51381,5860.76480000,20626410.43044600,0
1710777600000,3525.17000000,3563.86000000,3514.63000000,3550.01000000,13966.85300000,1710779399999,49440811.51638600,55061,7529.20100000,26659480.16591200,0
1710779400000,3550.01000000,3550.36000000,3493.43000000,3501.20000000,13841.51450000,1710781199999,48740404.94034500,59315,5993.06510000,21103777.79427600,0
1710781200000,3501.20000000,3504.84000000,3454.09000000,3488.47000000,22191.53690000,1710782999999,77270502.05076400,67214,10082.40470000,35112931.69137400,0
1710783000000,3488.46000000,3516.66000000,3473.61000000,3508.17000000,16209.17480000,1710784799999,56679049.11839200,58617,7690.41170000,26895379.59366300,0
1710784800000,3508.18000000,3516.24000000,3489.91000000,3497.04000000,11577.26370000,1710786599999,40560578.39733400,47875,5225.65310000,18307304.14277600,0
1710786600000,3497.03000000,3502.12000000,3472.51000000,3477.30000000,21164.70650000,1710788399999,73796422.15926600,53927,9822.49290000,34239909.79137100,0
1710788400000,3477.30000000,3508.30000000,3465.00000000,3506.03000000,22267.74330000,1710790199999,77671587.46883600,50434,11406.66120000,39795129.30202800,0
1710790200000,3506.03000000,3508.40000000,3476.80000000,3478.89000000,8701.91430000,1710791999999,30400932.08108600,34316,3443.65600000,12029965.11783100,0
1710792000000,3478.88000000,3507.99000000,3478.88000000,3504.60000000,7186.05120000,1710793799999,25118796.41785900,28869,3632.52250000,12697398.65068900,0
1710793800000,3504.60000000,3510.71000000,3498.72000000,3508.53000000,4770.04960000,1710795599999,16723518.96617800,19518,2352.94660000,8249500.75273900,0
1710795600000,3508.54000000,3539.98000000,3507.52000000,3532.68000000,8692.01840000,1710797399999,30625421.40105200,29114,4979.16590000,17542558.10264100,0
1710797400000,3532.69000000,3548.00000000,3517.89000000,3526.59000000,8154.60620000,1710799199999,28816966.79006600,25706,4145.79010000,14655696.78939100,0
1710799200000,3526.60000000,3529.00000000,3502.81000000,3509.47000000,9016.39400000,1710800999999,31703527.51516600,28915,3502.98700000,12318806.30729100,0
1710801000000,3509.48000000,3522.32000000,3504.27000000,3522.31000000,5561.88050000,1710802799999,19538024.70345700,26827,2990.02890000,10505641.64344700,0
1710802800000,3522.32000000,3546.26000000,3516.12000000,3539.00000000,6390.97570000,1710804599999,22583390.24752900,27603,3773.00760000,13333509.30631500,0
1710804600000,3538.99000000,3540.91000000,3517.44000000,3520.46000000,4860.21250000,1710806399999,17155288.65107700,23387,1886.74120000,6658936.29227900,0
1710806400000,3520.47000000,3548.09000000,3512.99000000,3523.79000000,11160.81610000,1710808199999,39385056.60962700,36451,5480.35240000,19340689.71039100,0
1710808200000,3523.79000000,3531.28000000,3449.60000000,3457.19000000,22303.62280000,1710809999999,77674182.81619100,55581,9838.83620000,34269266.03822800,0
1710810000000,3457.19000000,3461.99000000,3400.00000000,3411.83000000,41837.69310000,1710811799999,143269145.46209100,87910,16312.00890000,55918882.84416500,0
1710811800000,3411.83000000,3420.03000000,3380.00000000,3391.76000000,35281.13380000,1710813599999,119862421.76390600,76981,15870.88480000,53922639.38838200,0
1710813600000,3391.76000000,3433.80000000,3388.08000000,3428.98000000,16762.13660000,1710815399999,57181625.08982400,48558,9333.17670000,31843220.02627900,0
1710815400000,3428.98000000,3442.65000000,3390.79000000,3407.14000000,24923.13150000,1710817199999,85144203.24910500,59809,11004.50230000,37592073.22482100,0
1710817200000,3407.14000000,3427.08000000,3398.60000000,3411.30000000,11628.30690000,1710818999999,39708519.70998200,45066,5952.64210000,20328430.99201600,0
1710819000000,3411.31000000,3437.52000000,3362.15000000,3419.17000000,25801.78240000,1710820799999,87677299.74279800,69535,12023.41910000,40886946.05236900,0
1710820800000,3419.18000000,3427.80000000,3386.04000000,3415.80000000,15485.50100000,1710822599999,52780808.79258400,49120,7631.12150000,26024422.40460900,0
1710822600000,3415.80000000,3423.38000000,3366.67000000,3379.07000000,16494.05620000,1710824399999,55923568.39387600,48105,6993.53850000,23713906.39529900,0
1710824400000,3379.07000000,3397.40000000,3365.00000000,3365.42000000,15606.71190000,1710826199999,52718365.61691700,49699,7057.61920000,23842756.46766200,0
1710826200000,3365.43000000,3391.86000000,3353.00000000,3382.21000000,22598.60410000,1710827999999,76179987.61941200,62630,12289.44580000,41437857.55494900,0
1710828000000,3382.20000000,3393.07000000,3370.16000000,3376.61000000,10798.08080000,1710829799999,36519254.37587000,42016,5485.46100000,18552792.12778500,0
1710829800000,3376.61000000,3383.46000000,3347.08000000,3374.99000000,17452.44710000,1710831599999,58654038.97666700,53691,7830.95850000,26319603.09617100,0
1710831600000,3375.00000000,3375.00000000,3306.10000000,3348.71000000,32759.78470000,1710833399999,109461712.18008900,86745,15158.86030000,50649445.62476600,0
1710833400000,3348.72000000,3361.25000000,3335.18000000,3360.14000000,15025.76890000,1710835199999,50327504.55416500,44540,7516.94370000,25179981.37871700,0
1710835200000,3360.14000000,3360.16000000,3284.00000000,3286.21000000,29878.76650000,1710836999999,99006749.78248900,72685,11626.56600000,38527159.10384900,0
1710837000000,3286.21000000,3305.48000000,3228.00000000,3241.76000000,55728.05420000,1710838799999,181795899.70243300,118208,22281.34190000,72756624.99473500,0
1710838800000,3241.38000000,3280.00000000,3206.10000000,3264.11000000,45208.11580000,1710840599999,146844308.43396400,106664,21078.94120000,68490371.50670100,0
1710840600000,3264.11000000,3295.94000000,3250.69000000,3291.90000000,27382.76390000,1710842399999,89652943.06903000,73779,14959.61860000,48983230.16785800,0
1710842400000,3291.89000000,3292.05000000,3218.39000000,3225.04000000,30113.50600000,1710844199999,97799380.42781500,82186,12835.36240000,41692622.11132300,0
1710844200000,3225.03000000,3252.40000000,3210.04000000,3238.21000000,22586.20380000,1710845999999,73040909.00213500,67497,10566.13040000,34169837.29392300,0
1710846000000,3238.21000000,3244.09000000,3202.84000000,3216.13000000,24672.97860000,1710847799999,79338697.40468800,71449,11336.82290000,36444895.08293500,0
1710847800000,3216.14000000,3281.91000000,3215.37000000,3276.51000000,29839.82520000,1710849599999,97186417.14987400,63133,15665.04440000,51005514.08829400,0
1710849600000,3276.51000000,3294.50000000,3253.67000000,3264.10000000,24060.81180000,1710851399999,78831279.60258200,61847,11678.27900000,38272997.08962700,0
1710851400000,3264.09000000,3316.73000000,3262.60000000,3295.93000000,24604.31180000,1710853199999,81071878.51659300,60610,11989.60160000,39504794.87453200,0
1710853200000,3295.94000000,3306.00000000,3268.83000000,3305.59000000,17490.61920000,1710854999999,57482401.44954100,50043,8147.76280000,26776149.44822100,0
1710855000000,3305.59000000,3308.79000000,3265.01000000,3292.48000000,17860.64420000,1710856799999,58727186.20109000,50533,8521.22220000,28023944.56422000,0
1710856800000,3292.48000000,3292.64000000,3223.50000000,3234.79000000,21467.65200000,1710858599999,69703931.35299200,58560,9014.60720000,29258864.28020000,0
1710858600000,3234.79000000,3269.23000000,3228.85000000,3258.94000000,14427.93500000,1710860399999,46959811.61604900,50715,7205.56530000,23451228.70988500,0
1710860400000,3258.93000000,3262.22000000,3225.00000000,3251.32000000,16143.68680000,1710862199999,52403435.63134400,47033,8200.33570000,26625078.71886600,0
1710862200000,3251.31000000,3325.69000000,3250.93000000,3303.16000000,28413.88200000,1710863999999,93769067.06819200,61487,14070.48590000,46411487.80351700,0
1710864000000,3303.16000000,3325.00000000,3289.00000000,3298.94000000,24605.68470000,1710865799999,81358113.66446700,59675,11080.68780000,36646710.52306000,0
1710865800000,3298.94000000,3345.00000000,3295.00000000,3327.79000000,19367.92070000,1710867599999,64309557.20677500,50172,10323.57270000,34274852.05027400,0
1710867600000,3327.79000000,3357.68000000,3316.47000000,3350.01000000,19219.10230000,1710869399999,64155654.55882300,53267,9435.43080000,31502311.59508600,0
1710869400000,3350.01000000,3351.58000000,3304.07000000,3314.29000000,20416.18780000,1710871199999,67820146.61620600,41669,7883.51150000,26182818.25639400,0
1710871200000,3314.29000000,3314.30000000,3280.80000000,3306.46000000,16106.76770000,1710872999999,53118496.91607700,37107,7519.46850000,24801516.45272800,0
1710873000000,3306.47000000,3333.04000000,3305.14000000,3316.38000000,10192.83830000,1710874799999,33822475.79317800,27443,4968.67460000,16488472.33443700,0
1710874800000,3316.37000000,3359.80000000,3305.69000000,3344.03000000,10971.55660000,1710876599999,36597894.44824400,28870,5906.20120000,19696967.48659900,0
1710876600000,3344.02000000,3347.27000000,3323.59000000,3333.26000000,8957.36610000,1710878399999,29881597.11177100,25322,4186.39620000,13965392.64201400,0
1710878400000,3333.27000000,3338.84000000,3266.13000000,3276.45000000,18205.06710000,1710880199999,59972824.04040500,39478,8345.78150000,27486330.38669200,0
1710880200000,3276.45000000,3301.26000000,3269.61000000,3279.28000000,13788.33760000,1710881999999,45284650.41910700,32841,6709.10050000,22034886.58145600,0
1710882000000,3279.27000000,3293.46000000,3253.00000000,3274.14000000,14990.57750000,1710883799999,49037525.83258500,31882,7292.10860000,23846517.04847100,0
1710883800000,3274.13000000,3298.90000000,3260.89000000,3290.88000000,6422.23490000,1710885599999,21087159.47088300,19033,3283.46240000,10783161.79521000,0
1710885600000,3290.88000000,3296.43000000,3225.20000000,3226.39000000,16713.38390000,1710887399999,54392221.76790100,36645,7544.70270000,24556507.21037800,0
1710887400000,3226.40000000,3250.90000000,3188.47000000,3211.29000000,31950.93490000,1710889199999,102698740.46547700,57869,12004.86520000,38604863.54187500,0
1710889200000,3211.28000000,3218.44000000,3150.88000000,3158.99000000,32397.01080000,1710890999999,102796011.82866600,54592,15480.59750000,49128704.23296700,0
1710891000000,3158.99000000,3179.72000000,3155.00000000,3158.64000000,19525.38800000,1710892799999,61892650.77197600,38654,9491.32340000,30089061.33330800,0
1710892800000,3158.65000000,3214.88000000,3156.02000000,3206.61000000,23782.92540000,1710894599999,75669507.60800500,46792,11602.85170000,36914631.49935700,0
1710894600000,3206.61000000,3238.90000000,3186.37000000,3235.11000000,21300.53380000,1710896399999,68415910.16062800,50789,10701.06780000,34375024.53755200,0
1710896400000,3235.11000000,3236.42000000,3162.57000000,3188.80000000,23725.11500000,1710898199999,75852564.27502500,51570,10927.05510000,34928051.14324700,0
1710898200000,3188.80000000,3191.30000000,3160.22000000,3175.38000000,21389.72890000,1710899999999,67955551.51131500,51181,9488.52730000,30141854.14148700,0
1710900000000,3175.37000000,3221.12000000,3166.08000000,3219.01000000,17800.06480000,1710901799999,56970796.40245800,47921,8865.90010000,28369836.30792400,0
1710901800000,3219.00000000,3228.73000000,3206.00000000,3224.32000000,14394.35520000,1710903599999,46332667.03473900,39774,6891.69780000,22179582.03433000,0
1710903600000,3224.33000000,3266.01000000,3220.60000000,3263.99000000,24734.55070000,1710905399999,80211070.74007900,48750,13776.08750000,44678786.53046200,0
1710905400000,3263.98000000,3264.25000000,3153.26000000,3161.02000000,29557.57910000,1710907199999,94691075.68710500,66890,12839.15250000,41106816.47204000,0
1710907200000,3161.02000000,3194.24000000,3154.40000000,3159.85000000,27068.29190000,1710908999999,85916024.93963700,66418,13131.60430000,41676950.59485600,0
1710909000000,3159.84000000,3161.01000000,3099.99000000,3129.11000000,47203.56990000,1710910799999,147562179.66906800,95226,19713.72550000,61633206.45806900,0
1710910800000,3129.10000000,3140.65000000,3056.56000000,3074.22000000,34616.69190000,1710912599999,107154318.25587200,84361,14219.74190000,44030064.41998900,0
1710912600000,3074.22000000,3132.00000000,3060.00000000,3109.96000000,27596.22870000,1710914399999,85394267.65848500,66199,14589.51100000,45154956.74894000,0
1710914400000,3109.95000000,3144.00000000,3108.23000000,3143.08000000,14927.06490000,1710916199999,46657285.08874700,46435,7177.23800000,22438390.58734900,0
1710916200000,3143.09000000,3148.38000000,3131.48000000,3141.18000000,11726.46720000,1710917999999,36846742.51247900,35532,5732.13180000,18012496.13195600,0
1710918000000,3141.19000000,3188.23000000,3140.34000000,3184.03000000,20734.92020000,1710919799999,65642260.13029000,51587,9903.35780000,31343119.78317800,0
1710919800000,3184.02000000,3226.00000000,3173.30000000,3218.48000000,57624.79840000,1710921599999,184358522.23770900,92089,29835.83910000,95494567.46755400,0
1710921600000,3218.47000000,3232.20000000,3205.10000000,3224.61000000,18810.45000000,1710923399999,60541979.64441300,54208,8789.33130000,28295383.24225100,0
1710923400000,3224.60000000,3234.19000000,3205.84000000,3207.79000000,19225.52450000,1710925199999,61858546.95522700,58041,9941.71850000,31987930.15894600,0
1710925200000,3207.78000000,3233.92000000,3205.60000000,3228.37000000,13264.03600000,1710926999999,42737890.50924000,52329,6453.82090000,20796894.31220800,0
1710927000000,3228.36000000,3246.00000000,3225.00000000,3235.18000000,17021.92110000,1710928799999,55056165.60470300,58952,7767.51340000,25123030.00248300,0
1710928800000,3235.19000000,3250.00000000,3216.60000000,3247.19000000,14009.97490000,1710930599999,45268039.78803000,51234,6657.63350000,21528969.81278600,0
1710930600000,3247.20000000,3254.26000000,3221.02000000,3231.18000000,15147.93990000,1710932399999,49021656.58333200,51393,7676.08950000,24844259.50807500,0
1710932400000,3231.19000000,3296.72000000,3225.00000000,3292.02000000,19150.77110000,1710934199999,62490132.07266600,49551,10862.09890000,35429793.61575200,0
1710934200000,3292.03000000,3295.53000000,3264.27000000,3293.26000000,20668.69290000,1710935999999,67818805.64038100,59621,9906.38570000,32510830.69952600,0
1710936000000,3293.26000000,3348.04000000,3275.35000000,3336.44000000,35503.63400000,1710937799999,118072502.88768200,83659,17163.12950000,57046651.75743100,0
1710937800000,3336.43000000,3357.00000000,3334.29000000,3354.75000000,22651.02820000,1710939599999,75797902.24534500,67804,10061.37120000,33675258.61293800,0
1710939600000,3354.83000000,3356.92000000,3337.01000000,3347.48000000,17331.88830000,1710941399999,58005664.73798800,53253,8509.65350000,28477954.16278300,0
1710941400000,3347.48000000,3372.40000000,3324.21000000,3346.09000000,26297.70630000,1710943199999,88061247.87895600,71728,11121.68200000,37261716.65574700,0
1710943200000,3346.09000000,3362.89000000,3329.51000000,3357.13000000,15650.77090000,1710944999999,52298720.26139700,57639,7015.09280000,23446287.33517000,0
1710945000000,3357.13000000,3388.00000000,3345.93000000,3385.59000000,23786.75820000,1710946799999,80152016.13897100,69347,12947.04850000,43642174.58390600,0
1710946800000,3385.59000000,3397.00000000,3321.41000000,3336.41000000,45686.87890000,1710948599999,153395530.65076100,95190,20933.78450000,70266419.36747900,0
1710948600000,3336.40000000,3341.97000000,3283.65000000,3292.55000000,39159.40300000,1710950399999,129560848.75279000,85389,17481.70980000,57859648.91043900,0
1710950400000,3292.54000000,3315.51000000,3149.35000000,3196.47000000,52090.14670000,1710952199999,168977528.13596900,111802,23987.25550000,77844026.44761500,0
1710952200000,3196.46000000,3267.05000000,3140.71000000,3241.21000000,54505.83900000,1710953999999,174989487.36483200,115589,26963.34140000,86496244.37673500,0
1710954000000,3241.21000000,3340.69000000,3226.53000000,3306.62000000,45418.60390000,1710955799999,149476844.33549800,99992,25447.13790000,83737504.40741500,0
1710955800000,3306.62000000,3326.59000000,3275.66000000,3299.19000000,21728.52880000,1710957599999,71655982.27693800,66079,10962.54200000,36144047.50935700,0
1710957600000,3299.19000000,3349.24000000,3299.19000000,3323.46000000,26508.37800000,1710959399999,88126007.00477700,77333,13812.96860000,45920485.83600100,0
1710959400000,3323.46000000,3405.78000000,3295.42000000,3397.60000000,28609.03810000,1710961199999,95909431.53747600,82126,15043.86320000,50457591.10856700,0
1710961200000,3397.59000000,3398.28000000,3354.32000000,3367.00000000,21297.47480000,1710962999999,71928199.25632400,56516,9436.99150000,31871971.10229900,0
1710963000000,3367.00000000,3388.88000000,3357.60000000,3379.01000000,13748.84730000,1710964799999,46392602.48316100,40037,7134.74090000,24073275.50815200,0
1710964800000,3379.00000000,3463.60000000,3370.91000000,3458.29000000,22525.07450000,1710966599999,77129808.65462200,59026,13282.45900000,45486055.98936300,0
1710966600000,3458.30000000,3492.56000000,3453.13000000,3460.73000000,32254.51280000,1710968399999,111840266.74714100,70194,16180.14410000,56106351.82708200,0
1710968400000,3460.74000000,3518.75000000,3456.43000000,3498.53000000,31347.40930000,1710970199999,109280052.78663700,56619,17670.33880000,61641987.20128200,0
1710970200000,3498.53000000,3507.28000000,3477.22000000,3498.53000000,13168.08190000,1710971999999,45986932.93368500,34749,6418.16120000,22417930.34683200,0
1710972000000,3498.52000000,3524.97000000,3491.49000000,3504.77000000,13511.30030000,1710973799999,47371098.57303000,43605,7171.70660000,25150505.46709700,0
1710973800000,3504.78000000,3525.00000000,3493.68000000,3520.46000000,19965.37460000,1710975599999,70025309.68670400,44332,8570.44470000,30071832.23690900,0
1710975600000,3520.47000000,3533.40000000,3503.60000000,3526.70000000,13392.60220000,1710977399999,47165110.51206200,33526,7373.47240000,25974727.54595800,0
1710977400000,3526.69000000,3535.24000000,3506.13000000,3516.53000000,15701.34370000,1710979199999,55228372.34666200,35576,7317.77670000,25737056.97144600,0
1710979200000,3516.53000000,3524.44000000,3494.79000000,3508.59000000,19029.98870000,1710980999999,66773082.75431100,40497,7941.35090000,27862853.93297700,0
1710981000000,3508.60000000,3550.81000000,3503.30000000,3516.36000000,23664.26710000,1710982799999,83500578.60099000,47464,12417.69030000,43834002.72136800,0
1710982800000,3516.36000000,3529.99000000,3514.60000000,3529.94000000,11319.02290000,1710984599999,39873791.02667200,31563,5188.85080000,18277744.96684600,0
1710984600000,3529.95000000,3530.17000000,3508.64000000,3526.05000000,10343.05960000,1710986399999,36406647.22685600,30283,4568.77180000,16082859.13874900,0
1710986400000,3526.05000000,3558.99000000,3526.05000000,3546.15000000,11561.48300000,1710988199999,40956510.11990400,34890,6350.60410000,22495792.16765300,0
1710988200000,3546.14000000,3556.85000000,3535.40000000,3540.25000000,8385.43160000,1710989999999,29753108.15590600,26063,4162.74340000,14772728.68070200,0
1710990000000,3540.24000000,3555.00000000,3526.79000000,3531.20000000,8793.89710000,1710991799999,31127651.92719000,26852,3878.05780000,13729786.76570200,0
1710991800000,3531.19000000,3544.39000000,3493.40000000,3510.59000000,16705.59260000,1710993599999,58741111.25979000,42269,7493.76630000,26348480.72670900,0
1710993600000,3510.59000000,3521.60000000,3495.75000000,3512.94000000,9224.90770000,1710995399999,32376816.17017000,31308,4490.81990000,15763700.55738100,0
1710995400000,3512.94000000,3516.84000000,3485.94000000,3494.30000000,9997.55820000,1710997199999,34962544.81941700,33669,4245.49540000,14845102.06805100,0
1710997200000,3494.29000000,3494.30000000,3446.47000000,3467.56000000,14953.08810000,1710998999999,51849872.43236300,44499,6987.59500000,24233211.09841200,0
1710999000000,3467.55000000,3511.27000000,3459.87000000,3510.08000000,11578.62270000,1711000799999,40357670.75822100,34773,6993.74620000,24393014.65119300,0
1711000800000,3510.09000000,3533.57000000,3506.26000000,3517.57000000,13682.71170000,1711002599999,48182631.15583200,36485,7177.81870000,25280832.51564300,0
1711002600000,3517.56000000,3524.41000000,3502.00000000,3507.16000000,6958.47620000,1711004399999,24433802.17129400,24241,3069.99360000,10781392.28546700,0
1711004400000,3507.16000000,3537.20000000,3502.05000000,3534.20000000,14374.49280000,1711006199999,50672661.10442600,30961,6452.20200000,22735300.39335400,0
1711006200000,3534.21000000,3535.69000000,3509.69000000,3516.03000000,9195.65910000,1711007999999,32375192.64103900,30728,3710.01260000,13061753.28068300,0
1711008000000,3516.04000000,3550.00000000,3516.03000000,3542.76000000,10837.15690000,1711009799999,38348568.54266500,36970,6067.34470000,21472855.21000300,0
1711009800000,3542.76000000,3585.76000000,3533.53000000,3569.46000000,19578.87840000,1711011599999,69760287.23517900,50323,9623.76110000,34300889.70915800,0
1711011600000,3569.45000000,3587.32000000,3558.20000000,3560.26000000,15950.99810000,1711013399999,56966490.09852600,44807,7486.74710000,26739323.32255300,0
1711013400000,3560.25000000,3561.19000000,3523.77000000,3536.96000000,13425.66250000,1711015199999,47526333.01858800,44677,4965.92500000,17577092.08261700,0
1711015200000,3536.96000000,3550.00000000,3530.52000000,3537.67000000,9136.91060000,1711016999999,32359655.33462800,31599,3862.75010000,13679735.81279800,0
1711017000000,3537.67000000,3550.00000000,3525.55000000,3541.98000000,8479.24760000,1711018799999,29986565.66375800,28521,3756.32760000,13287308.96722400,0
1711018800000,3541.98000000,3549.80000000,3520.14000000,3526.25000000,9194.96140000,1711020599999,32539541.88403400,28267,4486.44060000,15885832.06991900,0
1711020600000,3526.24000000,3544.58000000,3520.53000000,3531.18000000,8241.02870000,1711022399999,29113855.73248500,28231,3662.43860000,12938248.67592100,0
1711022400000,3531.18000000,3548.68000000,3531.18000000,3547.99000000,7069.37360000,1711024199999,25032989.08586300,24945,3695.61760000,13085606.07224100,0
1711024200000,3547.99000000,3565.73000000,3523.44000000,3541.60000000,10778.16920000,1711025999999,38197372.10303100,36545,5610.16260000,19885057.45771700,0
1711026000000,3541.60000000,3558.25000000,3538.66000000,3554.23000000,8479.46400000,1711027799999,30099823.32302800,31261,5081.17390000,18034994.39324200,0
1711027800000,3554.23000000,3574.41000000,3515.01000000,3519.85000000,25101.45890000,1711029599999,88833579.66886200,58448,11719.22450000,41484399.18884600,0
1711029600000,3519.84000000,3564.84000000,3511.00000000,3546.43000000,12690.50570000,1711031399999,44940651.53194300,42306,6563.59480000,23243414.65287500,0
1711031400000,3546.44000000,3548.56000000,3521.38000000,3529.52000000,7682.22570000,1711033199999,27143761.37133600,31534,3629.32550000,12822267.91402700,0
1711033200000,3529.53000000,3533.20000000,3486.46000000,3490.76000000,16040.08200000,1711034999999,56181108.61887100,48107,7788.01000000,27277409.23759500,0
1711035000000,3490.75000000,3508.76000000,3478.73000000,3497.60000000,16127.14040000,1711036799999,56317755.30220200,58536,8681.25700000,30315351.38138100,0
1711036800000,3497.59000000,3527.86000000,3484.94000000,3522.39000000,11996.97250000,1711038599999,42033937.02663200,41444,7197.67950000,25223472.71236000,0
1711038600000,3522.39000000,3530.41000000,3502.79000000,3528.56000000,8026.48330000,1711040399999,28206119.84623500,33375,4332.39650000,15222793.32051300,0
1711040400000,3528.56000000,3545.99000000,3488.00000000,3489.24000000,15424.26590000,1711042199999,54311483.12358600,47490,7607.24740000,26782953.46599500,0
1711042200000,3489.23000000,3500.16000000,3462.10000000,3472.99000000,17126.17690000,1711043999999,59587611.89117900,55827,8527.69460000,29676933.06023200,0
1711044000000,3473.00000000,3481.14000000,3427.27000000,3446.69000000,20727.54050000,1711045799999,71442148.49448700,53696,9571.51940000,32999070.08296000,0
1711045800000,3446.68000000,3446.69000000,3412.22000000,3421.71000000,15557.86870000,1711047599999,53285824.98543400,42512,7013.85870000,24026593.53061000,0
1711047600000,3421.72000000,3437.08000000,3416.94000000,3430.85000000,18917.11590000,1711049399999,64810793.81085400,41702,8971.78510000,30727826.71839800,0
1711049400000,3430.86000000,3452.43000000,3429.66000000,3441.38000000,23903.07780000,1711051199999,82299401.03324900,47380,12153.45730000,41825350.76735300,0
1711051200000,3441.37000000,3500.00000000,3412.00000000,3483.30000000,20721.08100000,1711052999999,71725728.65650900,61773,10985.31300000,38037918.81316400,0
1711053000000,3483.29000000,3486.91000000,3452.37000000,3484.27000000,10969.25660000,1711054799999,38084725.16533700,39030,5398.42520000,18747149.20191800,0
1711054800000,3484.26000000,3489.97000000,3468.36000000,3472.58000000,6712.75130000,1711056599999,23376204.42364500,27312,3068.45490000,10685349.56960400,0
1711056600000,3472.58000000,3507.36000000,3472.57000000,3503.75000000,6825.84550000,1711058399999,23846395.75891400,22627,4512.85590000,15769791.99485300,0
1711058400000,3503.74000000,3521.91000000,3491.60000000,3503.01000000,12451.76940000,1711060199999,43671939.01028300,37579,6481.76830000,22738751.61968600,0
1711060200000,3503.00000000,3506.99000000,3482.68000000,3483.20000000,5363.95960000,1711061999999,18739190.68099900,24712,2572.46450000,8989620.45150700,0
1711062000000,3483.19000000,3492.91000000,3480.60000000,3485.93000000,4642.61210000,1711063799999,16190356.30280800,21085,2599.55540000,9065394.35014700,0
1711063800000,3485.93000000,3500.00000000,3480.80000000,3492.85000000,4806.90740000,1711065599999,16780987.10700400,22823,2561.90560000,8944017.90257300,0
1711065600000,3492.84000000,3519.80000000,3491.00000000,3505.11000000,6701.78150000,1711067399999,23512759.10489700,26979,3710.79340000,13019120.76018000,0
1711067400000,3505.12000000,3505.12000000,3472.95000000,3495.32000000,10232.69610000,1711069199999,35677073.65153700,35262,4350.31890000,15168105.15201500,0
1711069200000,3495.33000000,3511.38000000,3480.24000000,3498.39000000,5577.59480000,1711070999999,19509860.28489000,25411,3129.09680000,10946828.95555700,0
1711071000000,3498.40000000,3498.40000000,3460.00000000,3463.21000000,7480.43790000,1711072799999,26033278.24579000,29086,3153.32410000,10975125.57495800,0
1711072800000,3463.22000000,3478.30000000,3454.01000000,3469.20000000,7168.78110000,1711074599999,24844564.47574300,28274,3347.27570000,11601418.86031000,0
1711074600000,3469.20000000,3481.50000000,3460.45000000,3478.02000000,4746.29870000,1711076399999,16468715.64098600,23992,2194.03940000,7613085.94320600,0
1711076400000,3478.01000000,3501.45000000,3475.86000000,3501.45000000,6634.26020000,1711078199999,23146048.47034400,28405,3579.67210000,12490558.95965400,0
1711078200000,3501.45000000,3527.61000000,3500.90000000,3522.01000000,12547.00590000,1711079999999,44103200.33685300,39004,7414.62700000,26061961.63119600,0
1711080000000,3522.00000000,3525.84000000,3505.20000000,3509.25000000,8353.07580000,1711081799999,29362751.55091600,27672,3496.71020000,12288896.56698600,0
1711081800000,3509.25000000,3527.00000000,3502.00000000,3511.12000000,7108.33010000,1711083599999,24966630.00409800,24003,3718.78420000,13067365.34033400,0
1711083600000,3511.13000000,3519.32000000,3500.63000000,3514.26000000,6701.86720000,1711085399999,23508134.07157200,23797,3425.43470000,12016186.39309600,0
1711085400000,3514.26000000,3533.49000000,3510.15000000,3531.81000000,5763.54410000,1711087199999,20307714.21405100,25106,3696.28210000,13024106.76842000,0
1711087200000,3531.80000000,3542.52000000,3524.00000000,3526.55000000,7807.08500000,1711088999999,27578868.52441000,30140,4561.84880000,16116215.69287600,0
1711089000000,3526.55000000,3534.61000000,3521.27000000,3532.18000000,5212.33290000,1711090799999,18388184.03897100,26139,2764.87540000,9755192.41206400,0
1711090800000,3532.19000000,3532.19000000,3515.60000000,3522.24000000,5526.78260000,1711092599999,19466689.34939500,23868,2479.83810000,8735344.51273300,0
1711092600000,3522.24000000,3533.00000000,3509.45000000,3511.40000000,11728.28120000,1711094399999,41278386.16396700,28734,7020.16690000,24707984.78628600,0
1711094400000,3511.39000000,3523.80000000,3510.00000000,3512.50000000,5508.09950000,1711096199999,19364733.99573300,22209,3005.91660000,10568153.00115500,0
1711096200000,3512.51000000,3515.92000000,3476.60000000,3483.00000000,10327.62830000,1711097999999,36075534.46284800,34244,4545.38380000,15876287.82360400,0
1711098000000,3483.00000000,3494.04000000,3481.69000000,3484.26000000,5653.33560000,1711099799999,19707463.58614700,25032,3195.29920000,11138804.23470700,0
1711099800000,3484.26000000,3487.45000000,3455.71000000,3466.49000000,10342.29010000,1711101599999,35853765.89031200,34921,4227.83860000,14659553.07959900,0
1711101600000,3466.50000000,3473.00000000,3430.00000000,3437.00000000,11231.70000000,1711103399999,38745917.33251100,38064,4851.97040000,16735431.33035000,0
1711103400000,3436.99000000,3448.00000000,3428.00000000,3433.01000000,7728.18040000,1711105199999,26571200.86574700,31799,3933.93970000,13526878.67105400,0
1711105200000,3433.01000000,3442.00000000,3425.00000000,3434.12000000,7110.79050000,1711106999999,24423763.52847800,29692,3394.73250000,11661351.65219300,0
1711107000000,3434.12000000,3441.54000000,3394.42000000,3405.19000000,10796.20960000,1711108799999,36898404.03562200,39546,4604.68680000,15748110.28778400,0
1711108800000,3405.18000000,3425.84000000,3381.18000000,3415.86000000,13743.12350000,1711110599999,46845935.73674400,44360,7197.09860000,24533828.93057400,0
1711110600000,3415.86000000,3421.65000000,3406.74000000,3411.50000000,6826.69760000,1711112399999,23294471.38682800,27393,3752.49090000,12804637.54572300,0
1711112400000,3411.51000000,3419.50000000,3380.68000000,3408.88000000,12381.12640000,1711114199999,42139162.40320900,42090,6145.77930000,20918971.66425400,0
1711114200000,3408.89000000,3410.64000000,3330.00000000,3340.35000000,28701.59900000,1711115999999,96567258.05815800,79866,13752.48870000,46272414.46521200,0
1711116000000,3340.35000000,3360.86000000,3293.09000000,3310.59000000,30896.06200000,1711117799999,102816368.33587400,82427,14421.98150000,48031896.34913300,0
1711117800000,3310.59000000,3320.00000000,3281.00000000,3287.40000000,22047.65880000,1711119599999,72761319.60237300,62197,10762.91180000,35523522.37684500,0
1711119600000,3287.40000000,3365.36000000,3281.12000000,3365.18000000,24517.14090000,1711121399999,81496984.65239600,74530,14272.64820000,47461600.40145800,0
1711121400000,3365.18000000,3377.47000000,3336.70000000,3349.31000000,21282.07090000,1711123199999,71359664.70519000,55410,10803.85930000,36229159.13278000,0
1711123200000,3349.30000000,3349.70000000,3307.40000000,3323.06000000,18363.95190000,1711124999999,61113791.70372800,54591,8469.95380000,28188445.54547000,0
1711125000000,3323.06000000,3325.00000000,3289.00000000,3312.79000000,15323.40300000,1711126799999,50638526.48504900,45818,7257.86070000,23984992.16399900,0
1711126800000,3312.80000000,3337.40000000,3312.65000000,3324.93000000,13008.42630000,1711128599999,43268667.07568900,40491,6359.46230000,21154546.28461700,0
1711128600000,3324.93000000,3344.41000000,3320.40000000,3335.97000000,6342.31090000,1711130399999,21157916.07551700,27443,2784.87300000,9289755.68461100,0
1711130400000,3335.97000000,3354.00000000,3321.16000000,3325.21000000,11930.23840000,1711132199999,39756627.33140600,34890,6370.52770000,21227742.00951400,0
1711132200000,3325.21000000,3362.19000000,3322.22000000,3342.50000000,24903.43200000,1711133999999,83288663.31676700,44581,13238.20620000,44257180.59186400,0
1711134000000,3342.49000000,3349.41000000,3321.53000000,3328.15000000,7742.83610000,1711135799999,25813087.13230600,25139,3785.07540000,12617616.10184700,0
1711135800000,3328.15000000,3358.99000000,3324.77000000,3340.46000000,26334.76540000,1711137599999,88104427.31119100,45949,13716.91260000,45875522.62662200,0
1711137600000,3340.46000000,3345.59000000,3312.83000000,3320.00000000,20842.60510000,1711139399999,69365381.48346600,39038,9428.41920000,31367760.29628000,0
1711139400000,3320.01000000,3324.60000000,3305.46000000,3317.49000000,6976.32690000,1711141199999,23135311.11405200,27231,3555.44360000,11789826.02915500,0
1711141200000,3317.50000000,3318.83000000,3266.02000000,3288.07000000,15972.12620000,1711142999999,52648062.15943400,40329,6830.72790000,22509688.58584100,0
1711143000000,3288.07000000,3300.30000000,3250.00000000,3294.80000000,13257.51080000,1711144799999,43413481.05411700,43420,6477.86680000,21215946.27672200,0
1711144800000,3294.81000000,3299.15000000,3254.42000000,3284.39000000,11173.00720000,1711146599999,36598343.52141600,32271,5665.28810000,18558610.72464200,0
1711146600000,3284.38000000,3301.49000000,3276.22000000,3287.20000000,7195.56870000,1711148399999,23672176.22683000,28299,3245.57370000,10677083.14665300,0
1711148400000,3287.20000000,3315.00000000,3281.40000000,3309.82000000,6604.61770000,1711150199999,21798016.57023400,27572,3531.32780000,11654490.30034100,0
1711150200000,3309.82000000,3336.36000000,3308.54000000,3336.35000000,4493.89320000,1711151999999,14924355.75121500,21042,2594.35760000,8618531.22541700,0
1711152000000,3336.35000000,3337.01000000,3315.51000000,3323.78000000,6696.08800000,1711153799999,22258432.36418700,23727,2979.07540000,9903156.32132200,0
1711153800000,3323.79000000,3331.38000000,3318.01000000,3319.04000000,4966.63180000,1711155599999,16506391.21748300,17796,2328.85040000,7739650.01722600,0
1711155600000,3319.05000000,3343.22000000,3318.02000000,3340.19000000,4538.71050000,1711157399999,15127925.62639400,19269,2535.10980000,8449160.05189400,0
1711157400000,3340.20000000,3353.40000000,3331.95000000,3347.26000000,9200.02060000,1711159199999,30783743.51486000,26393,4937.07860000,16520096.93496400,0
1711159200000,3347.25000000,3362.38000000,3331.30000000,3336.79000000,9886.03430000,1711160999999,33092374.42517700,30553,4439.98370000,14865546.01428400,0
1711161000000,3336.78000000,3340.49000000,3328.09000000,3338.59000000,4720.66530000,1711162799999,15740368.11605800,19819,2270.96770000,7572170.20347600,0
1711162800000,3338.60000000,3339.50000000,3297.41000000,3299.57000000,7852.23890000,1711164599999,26025883.56121900,31516,2997.02360000,9936214.90210800,0
1711164600000,3299.56000000,3307.84000000,3270.08000000,3303.56000000,10757.95160000,1711166399999,35373960.04167100,36216,4890.19080000,16081576.86710300,0
1711166400000,3303.55000000,3330.25000000,3298.60000000,3326.12000000,6145.09610000,1711168199999,20383064.45014000,27526,3225.56170000,10700933.42308500,0
1711168200000,3326.12000000,3337.50000000,3323.00000000,3327.58000000,3889.72580000,1711169999999,12957116.72260700,20274,2142.07610000,7135354.34919700,0
1711170000000,3327.57000000,3336.80000000,3315.80000000,3325.23000000,3274.39160000,1711171799999,10891286.93512900,17928,1480.04910000,4922042.27141700,0
1711171800000,3325.24000000,3333.07000000,3316.09000000,3331.62000000,3361.74830000,1711173599999,11180095.33658700,16764,1459.04240000,4853788.19122400,0
1711173600000,3331.62000000,3345.29000000,3321.21000000,3342.04000000,5100.34500000,1711175399999,16998006.81233100,18408,3025.56190000,10084900.70603900,0
1711175400000,3342.05000000,3347.63000000,3336.00000000,3341.83000000,4073.51480000,1711177199999,13615433.11115600,18292,2111.84120000,7058370.25579100,0
1711177200000,3341.84000000,3383.80000000,3341.50000000,3368.50000000,12347.56530000,1711178999999,41555282.89753600,35043,6812.58680000,22926082.68728600,0
1711179000000,3368.51000000,3375.45000000,3360.58000000,3365.28000000,4263.36770000,1711180799999,14357320.94315300,18698,2161.51310000,7279585.55426600,0
1711180800000,3365.28000000,3377.44000000,3350.49000000,3350.49000000,6081.72290000,1711182599999,20458578.67017800,25336,2560.79680000,8615464.96446000,0
1711182600000,3350.49000000,3354.00000000,3340.63000000,3350.79000000,5743.85020000,1711184399999,19226595.75227200,22489,2499.22170000,8365613.52663700,0
1711184400000,3350.79000000,3354.79000000,3328.34000000,3341.19000000,5574.46830000,1711186199999,18604789.69487200,23056,2106.40950000,7029882.02199500,0
1711186200000,3341.19000000,3356.96000000,3334.00000000,3354.11000000,4695.38800000,1711187999999,15691714.46462300,21367,2538.93100000,8486965.53313500,0
1711188000000,3354.11000000,3370.48000000,3351.60000000,3369.01000000,6139.69870000,1711189799999,20643159.46997300,26819,3571.87420000,12010339.83287900,0
1711189800000,3369.01000000,3380.57000000,3336.62000000,3347.49000000,7855.48850000,1711191599999,26369371.82282000,30409,3384.26880000,11365779.77317000,0
1711191600000,3347.49000000,3368.80000000,3342.43000000,3365.94000000,4053.97700000,1711193399999,13604023.98144400,19705,2232.98560000,7494603.47675500,0
1711193400000,3365.94000000,3366.50000000,3354.58000000,3364.99000000,3363.42140000,1711195199999,11301209.80663100,17100,1769.76840000,5946656.43632500,0
1711195200000,3364.98000000,3373.80000000,3359.50000000,3371.43000000,4455.19480000,1711196999999,15004133.29106000,18125,2512.20750000,8461161.87623600,0
1711197000000,3371.42000000,3382.28000000,3364.77000000,3369.67000000,5457.64760000,1711198799999,18410267.55039400,20677,2941.83440000,9924574.30162000,0
1711198800000,3369.68000000,3374.27000000,3356.50000000,3358.47000000,4864.19710000,1711200599999,16363911.89542000,22745,1799.82910000,6055264.67493300,0
1711200600000,3358.47000000,3370.40000000,3343.41000000,3365.67000000,8141.89650000,1711202399999,27323104.06937900,26696,3582.33110000,12022350.44557600,0
1711202400000,3365.68000000,3382.08000000,3352.71000000,3378.40000000,5523.12310000,1711204199999,18600542.00579700,22387,3196.95010000,10770319.78927500,0
1711204200000,3378.41000000,3422.55000000,3377.37000000,3415.17000000,18460.46220000,1711205999999,62884796.87208400,47164,10122.21970000,34476502.27152300,0
1711206000000,3415.18000000,3423.03000000,3383.19000000,3386.49000000,18290.27660000,1711207799999,62264956.96486700,36817,7430.85130000,25275197.31264400,0
1711207800000,3386.49000000,3408.79000000,3383.86000000,3405.50000000,4684.58490000,1711209599999,15909521.52465800,23154,2711.13470000,9207743.43579700,0
1711209600000,3405.49000000,3408.67000000,3385.00000000,3405.99000000,5313.22530000,1711211399999,18054965.53558700,23625,2569.14680000,8732248.68919800,0
1711211400000,3405.99000000,3435.48000000,3405.99000000,3414.64000000,12351.62500000,1711213199999,42250456.05935600,37249,5488.17860000,18776250.23458600,0
1711213200000,3414.65000000,3418.12000000,3397.25000000,3407.50000000,8948.53610000,1711214999999,30476859.90432800,26449,3626.13090000,12350048.84731600,0
1711215000000,3407.49000000,3422.61000000,3400.04000000,3403.82000000,5296.41020000,1711216799999,18061706.74145000,23906,2848.09690000,9711593.51092900,0
1711216800000,3403.81000000,3411.98000000,3401.39000000,3403.79000000,2581.92410000,1711218599999,8793976.81368800,13834,1339.81040000,4563378.90252900,0
1711218600000,3403.79000000,3413.39000000,3396.25000000,3405.32000000,3850.22500000,1711220399999,13107337.66895900,15467,1904.25870000,6484123.29938200,0
1711220400000,3405.31000000,3411.79000000,3397.10000000,3399.75000000,3361.08240000,1711222199999,11441067.43904000,16911,1593.22460000,5422606.52683200,0
1711222200000,3399.76000000,3402.19000000,3384.82000000,3386.12000000,3375.00710000,1711223999999,11447069.98717900,18880,1217.88910000,4130286.43329700,0
1711224000000,3386.11000000,3393.32000000,3378.17000000,3390.91000000,3672.75380000,1711225799999,12436454.44268000,17010,1672.58070000,5665372.74025600,0
1711225800000,3390.90000000,3394.49000000,3382.83000000,3387.00000000,1955.88520000,1711227599999,6628335.99859700,13121,949.30710000,3217338.47162600,0
1711227600000,3387.01000000,3387.25000000,3371.77000000,3373.88000000,5120.81480000,1711229399999,17307620.65885900,15563,2812.04430000,9503929.80318500,0
1711229400000,3373.89000000,3397.98000000,3371.90000000,3388.05000000,3689.69020000,1711231199999,12492373.39666100,13253,2288.11350000,7745014.63086100,0
1711231200000,3388.05000000,3392.76000000,3374.30000000,3391.00000000,6299.50310000,1711232999999,21300636.25449900,18544,3429.51140000,11594417.38325700,0
1711233000000,3391.01000000,3401.60000000,3375.63000000,3377.10000000,22889.47070000,1711234799999,77530988.60095300,35449,9177.21780000,31072005.57836100,0
1711234800000,3377.10000000,3379.78000000,3357.20000000,3359.99000000,12868.26140000,1711236599999,43365615.06847400,28992,6220.90350000,20964037.40847300,0
1711236600000,3360.00000000,3363.58000000,3327.28000000,3329.53000000,7642.03700000,1711238399999,25575551.11875900,29162,2946.41240000,9866690.24427600,0
1711238400000,3329.53000000,3353.43000000,3327.44000000,3349.49000000,6031.35400000,1711240199999,20163945.20432900,25933,2774.69470000,9276477.49850300,0
1711240200000,3349.50000000,3358.82000000,3347.00000000,3357.61000000,2760.30790000,1711241999999,9260552.76818000,16265,1381.74440000,4635463.97283100,0
1711242000000,3357.61000000,3368.16000000,3347.05000000,3360.67000000,3049.74160000,1711243799999,10234397.40593500,16907,1706.43610000,5727078.97109200,0
1711243800000,3360.67000000,3360.81000000,3347.00000000,3351.28000000,2750.12060000,1711245599999,9219390.67461800,16996,1549.87860000,5195496.14033800,0
1711245600000,3351.28000000,3356.70000000,3340.62000000,3345.00000000,4354.29930000,1711247399999,14572993.57333900,18390,2015.42670000,6744247.87998500,0
1711247400000,3345.00000000,3349.00000000,3338.68000000,3344.07000000,3910.91430000,1711249199999,13073591.83882500,16703,2144.74520000,7169027.31665000,0
1711249200000,3344.08000000,3344.08000000,3307.00000000,3323.19000000,11895.30800000,1711250999999,39513488.23743500,35393,5185.54400000,17221525.94170000,0
1711251000000,3323.18000000,3325.24000000,3307.00000000,3307.62000000,13289.01710000,1711252799999,44056973.51907500,32916,5418.12290000,17963650.28029300,0
1711252800000,3307.63000000,3321.99000000,3298.97000000,3303.44000000,15752.09560000,1711254599999,52106795.28619500,38791,6424.40790000,21254801.83767800,0
1711254600000,3303.44000000,3325.49000000,3298.76000000,3323.40000000,5824.01430000,1711256399999,19278658.48382100,25838,3315.48770000,10976771.04365100,0
1711256400000,3323.41000000,3331.21000000,3316.51000000,3328.00000000,2413.15340000,1711258199999,8021242.28392500,16385,1332.30910000,4428927.85689600,0
1711258200000,3328.01000000,3334.82000000,3325.13000000,3325.14000000,3068.71940000,1711259999999,10222180.00048500,13980,1250.95420000,4167140.39211600,0
1711260000000,3325.13000000,3335.07000000,3322.00000000,3326.89000000,2677.27810000,1711261799999,8908520.17166600,14568,1461.52650000,4863504.60372100,0
1711261800000,3326.90000000,3328.50000000,3315.01000000,3326.48000000,3100.87210000,1711263599999,10298836.48783800,16422,1513.89070000,5027692.51936100,0
1711263600000,3326.47000000,3327.50000000,3319.51000000,3323.85000000,2921.44020000,1711265399999,9708390.33531800,13403,1314.12290000,4366739.67245600,0
1711265400000,3323.86000000,3343.07000000,3316.90000000,3341.80000000,3776.33060000,1711267199999,12578064.90979500,20597,2323.55630000,7739657.04979200,0
1711267200000,3341.81000000,3361.53000000,3335.50000000,3348.50000000,8022.30280000,1711268999999,26868665.39209600,31800,4650.09410000,15571310.80094400,0
1711269000000,3348.49000000,3379.69000000,3344.40000000,3377.59000000,4514.89220000,1711270799999,15178167.59765500,23163,2715.54390000,9129690.98564900,0
1711270800000,3377.59000000,3378.50000000,3356.80000000,3363.51000000,5991.41360000,1711272599999,20186490.03908600,22347,2492.66380000,8396481.46012700,0
1711272600000,3363.51000000,3374.40000000,3362.06000000,3365.08000000,2271.35020000,1711274399999,7647524.26803900,14450,1246.21660000,4196331.19101900,0
1711274400000,3365.07000000,3388.00000000,3364.45000000,3387.31000000,4389.78350000,1711276199999,14817736.29310400,20766,2620.49290000,8846390.78517900,0
1711276200000,3387.32000000,3392.72000000,3375.50000000,3376.11000000,3993.36480000,1711277999999,13510006.20653100,17564,2108.17170000,7132622.21691400,0
1711278000000,3376.11000000,3382.10000000,3372.06000000,3376.19000000,2585.77320000,1711279799999,8731334.83038400,15302,1083.86140000,3660287.91629700,0
1711279800000,3376.20000000,3391.99000000,3366.34000000,3387.38000000,4445.44020000,1711281599999,15018643.17456900,19442,2537.26650000,8573495.77449100,0
1711281600000,3387.37000000,3403.50000000,3376.73000000,3391.38000000,6563.70820000,1711283399999,22254259.53542000,28286,3797.51430000,12878646.82774300,0
1711283400000,3391.39000000,3405.00000000,3388.33000000,3400.01000000,4113.48900000,1711285199999,13979195.44470500,19206,2539.09420000,8630426.55848200,0
1711285200000,3400.01000000,3412.47000000,3387.99000000,3390.11000000,5082.42560000,1711286999999,17267709.19796100,21914,2416.84680000,8215872.41298700,0
1711287000000,3390.12000000,3394.98000000,3383.01000000,3386.49000000,5057.63210000,1711288799999,17139015.21067500,18516,2519.61790000,8539890.60596600,0
1711288800000,3386.49000000,3414.46000000,3384.76000000,3407.49000000,4749.78100000,1711290599999,16159029.95794100,21087,2755.56050000,9376565.35871900,0
1711290600000,3407.49000000,3413.32000000,3392.06000000,3397.98000000,3860.71150000,1711292399999,13121134.26125100,17808,1482.55320000,5039261.52904000,0
1711292400000,3397.98000000,3406.88000000,3388.00000000,3403.14000000,4309.98320000,1711294199999,14635779.26826400,18995,2279.38990000,7742477.56124200,0
1711294200000,3403.15000000,3403.30000000,3395.00000000,3397.51000000,2527.58790000,1711295999999,8590271.24815900,15100,1323.38000000,4497918.77976900,0
1711296000000,3397.50000000,3409.50000000,3386.13000000,3391.12000000,4044.29540000,1711297799999,13741483.05608200,19878,2065.84560000,7020241.96696200,0
1711297800000,3391.12000000,3397.19000000,3368.43000000,3369.68000000,6148.41870000,1711299599999,20782568.03554900,22780,2675.82540000,9047042.05946100,0
1711299600000,3369.68000000,3371.11000000,3333.00000000,3343.00000000,15618.12660000,1711301399999,52269638.32533600,53129,7603.39570000,25443021.47939900,0
1711301400000,3343.00000000,3379.80000000,3342.55000000,3367.52000000,8060.81790000,1711303199999,27087384.02614900,29782,4327.56560000,14539775.42912600,0
1711303200000,3367.53000000,3385.79000000,3367.08000000,3380.19000000,4251.61780000,1711304999999,14370051.63669800,21913,1779.38710000,6013064.38231200,0
1711305000000,3380.18000000,3396.05000000,3371.14000000,3386.49000000,6236.56530000,1711306799999,21101006.15836900,24989,3199.96830000,10825357.27712800,0
1711306800000,3386.49000000,3395.00000000,3380.00000000,3384.36000000,2957.89310000,1711308599999,10019636.68267000,17780,1547.27360000,5241653.88874000,0
1711308600000,3384.36000000,3391.00000000,3379.50000000,3382.50000000,2254.52910000,1711310399999,7632081.37878100,13781,1105.58240000,3742774.11149800,0
1711310400000,3382.49000000,3425.45000000,3375.56000000,3422.80000000,9346.62590000,1711312199999,31869913.92114300,35733,5075.47130000,17296186.80606400,0
1711312200000,3422.81000000,3424.83000000,3411.50000000,3414.18000000,4841.28610000,1711313999999,16550125.22945600,25689,2579.39560000,8818316.13774700,0
1711314000000,3414.17000000,3429.62000000,3406.01000000,3418.44000000,6482.72300000,1711315799999,22172408.82129800,26724,3087.89310000,10562014.15194300,0
1711315800000,3418.45000000,3426.20000000,3409.10000000,3423.46000000,3634.34840000,1711317599999,12420458.23331500,17203,1814.83030000,6202556.60544000,0
1711317600000,3423.45000000,3450.00000000,3420.66000000,3442.01000000,7899.63040000,1711319399999,27149609.45688700,35410,4491.74870000,15438849.25959400,0
1711319400000,3442.00000000,3445.16000000,3429.80000000,3441.54000000,6190.92890000,1711321199999,21289306.57936000,21617,3739.35680000,12861035.62903000,0
1711321200000,3441.55000000,3471.22000000,3440.72000000,3458.79000000,9099.11810000,1711322999999,31468080.88380300,38635,5144.82630000,17791970.55858500,0
1711323000000,3458.79000000,3459.40000000,3447.60000000,3454.98000000,3702.61060000,1711324799999,12786337.49993900,20706,1935.77410000,6684700.58890100,0
1711324800000,3454.99000000,3461.17000000,3433.01000000,3441.14000000,5047.40830000,1711326599999,17373635.31070600,24483,2223.98400000,7656056.77462700,0
1711326600000,3441.13000000,3442.97000000,3420.12000000,3428.50000000,4957.85410000,1711328399999,17002081.36619400,21996,2524.18610000,8654036.38664200,0
1711328400000,3428.50000000,3446.71000000,3426.22000000,3436.79000000,5160.19990000,1711330199999,17731587.49642700,21192,2906.27720000,9985208.55021700,0
1711330200000,3436.80000000,3438.50000000,3423.55000000,3429.08000000,5731.61480000,1711331999999,19667001.10274200,18701,3279.28380000,11252550.47093700,0
1711332000000,3429.09000000,3439.23000000,3421.07000000,3435.50000000,6835.63520000,1711333799999,23454274.44887400,22957,3704.13560000,12711262.84256200,0
1711333800000,3435.49000000,3445.33000000,3435.20000000,3440.60000000,5709.17120000,1711335599999,19644028.50413000,22362,3209.28650000,11041867.36047800,0
1711335600000,3440.60000000,3444.99000000,3434.20000000,3434.99000000,2828.43600000,1711337399999,9729634.30599400,12033,1462.09680000,5029932.96925800,0
1711337400000,3434.99000000,3454.99000000,3434.66000000,3454.97000000,6094.19720000,1711339199999,20993459.52923100,18561,3969.77950000,13675908.18752500,0
1711339200000,3454.98000000,3470.02000000,3447.02000000,3455.98000000,16557.15870000,1711340999999,57240833.52255700,30864,10343.96370000,35765281.50111200,0
1711341000000,3455.99000000,3491.37000000,3454.39000000,3489.99000000,16673.40100000,1711342799999,57958432.67524600,39012,10171.62340000,35349228.31852300,0
1711342800000,3490.00000000,3500.06000000,3482.00000000,3494.99000000,19124.48130000,1711344599999,66783528.32951100,38116,10857.75150000,37918082.95830600,0
1711344600000,3495.00000000,3506.49000000,3484.67000000,3486.33000000,8508.51390000,1711346399999,29740747.37649200,25424,4195.30760000,14665380.56366600,0
1711346400000,3486.32000000,3487.98000000,3469.45000000,3470.96000000,4983.91240000,1711348199999,17331287.46619600,17925,2111.44860000,7343189.87954500,0
1711348200000,3470.96000000,3471.50000000,3458.41000000,3467.77000000,5586.75360000,1711349999999,19356698.17266800,18604,2678.89970000,9281476.67034600,0
1711350000000,3467.77000000,3479.00000000,3463.57000000,3467.68000000,5502.76000000,1711351799999,19098302.07898100,17754,3089.58310000,10725036.52426700,0
1711351800000,3467.67000000,3467.68000000,3440.80000000,3444.60000000,7636.34730000,1711353599999,26366640.80359700,23965,2782.59460000,9605071.71435600,0
1711353600000,3444.59000000,3464.14000000,3443.10000000,3453.05000000,8932.48460000,1711355399999,30849640.36372900,27380,5356.49100000,18499501.98680000,0
1711355400000,3453.06000000,3457.50000000,3441.03000000,3448.99000000,5849.43860000,1711357199999,20173671.45573800,23528,2798.25890000,9651308.23580800,0
1711357200000,3448.99000000,3453.37000000,3440.00000000,3441.72000000,4529.80710000,1711358999999,15605716.42997400,17836,2310.24080000,7959937.54836600,0
1711359000000,3441.72000000,3460.00000000,3434.67000000,3456.83000000,6740.81080000,1711360799999,23228659.78690700,24398,3300.00180000,11373345.02188800,0
1711360800000,3456.82000000,3472.00000000,3452.80000000,3460.59000000,6512.35660000,1711362599999,22569009.98554700,23056,3513.81650000,12179229.04432100,0
1711362600000,3460.60000000,3467.34000000,3445.72000000,3454.90000000,6777.82270000,1711364399999,23423193.72744400,21069,2827.50630000,9772463.29531700,0
1711364400000,3454.91000000,3455.72000000,3432.15000000,3439.38000000,5393.55920000,1711366199999,18567314.16135700,22130,2412.64070000,8305067.62546000,0
1711366200000,3439.38000000,3445.12000000,3432.47000000,3436.19000000,4419.56960000,1711367999999,15188713.56777100,20150,2045.96880000,7031472.72619900,0
1711368000000,3436.20000000,3453.39000000,3432.30000000,3449.18000000,6671.52680000,1711369799999,22977302.17905100,23271,3422.64930000,11788566.49319100,0
1711369800000,3449.18000000,3460.50000000,3445.40000000,3449.99000000,4926.07940000,1711371599999,17012759.28767500,20398,3022.17100000,10438102.55051500,0
1711371600000,3449.99000000,3459.50000000,3430.00000000,3438.99000000,5745.59510000,1711373399999,19780393.09192300,25471,2793.37260000,9617356.40815600,0
1711373400000,3438.99000000,3486.00000000,3438.37000000,3484.91000000,10112.77420000,1711375199999,35007426.14854700,36024,6036.58560000,20914108.24626000,0
1711375200000,3484.91000000,3554.99000000,3471.62000000,3547.72000000,44974.76970000,1711376999999,158329138.23495700,116860,24707.50160000,86979663.31506600,0
1711377000000,3547.99000000,3565.00000000,3531.40000000,3562.46000000,21915.90720000,1711378799999,77724186.28999000,63485,11425.58160000,40520871.44736500,0
1711378800000,3562.45000000,3579.79000000,3552.79000000,3569.67000000,19304.59630000,1711380599999,68858970.10541700,60008,9856.95290000,35161125.08428300,0
1711380600000,3569.67000000,3587.90000000,3564.61000000,3581.49000000,12571.69930000,1711382399999,44988855.55630600,42099,6863.22050000,24563160.17542300,0
1711382400000,3581.49000000,3595.65000000,3566.20000000,3575.10000000,12684.35010000,1711384199999,45427796.11855900,43387,6788.79120000,24316921.54378700,0
1711384200000,3575.10000000,3613.00000000,3574.50000000,3605.68000000,21263.09120000,1711385999999,76540286.23085500,58517,12756.94060000,45919768.89624500,0
1711386000000,3605.69000000,3666.00000000,3605.00000000,3644.50000000,36795.68410000,1711387799999,133680730.42623700,86303,22448.26960000,81563738.41721900,0
1711387800000,3644.50000000,3664.00000000,3616.37000000,3638.91000000,37556.52500000,1711389599999,136383168.68656600,72337,19470.78330000,70680910.19936100,0
1711389600000,3638.91000000,3645.15000000,3622.71000000,3629.65000000,23664.96790000,1711391399999,85996075.19397300,48422,11898.60320000,43227400.35064700,0
1711391400000,3629.64000000,3644.28000000,3619.36000000,3639.40000000,24949.01130000,1711393199999,90624631.37083400,52979,12540.07080000,45535888.37681400,0
1711393200000,3639.41000000,3641.31000000,3619.09000000,3628.09000000,21387.60990000,1711394999999,77602111.15562400,42594,11040.42750000,40049840.47734000,0
1711395000000,3628.09000000,3642.10000000,3624.23000000,3638.96000000,6475.66950000,1711396799999,23524483.24901000,28470,3516.86240000,12775202.06839200,0
1711396800000,3638.96000000,3646.66000000,3628.40000000,3634.20000000,7941.30490000,1711398599999,28873916.98278700,31244,4072.11310000,14805907.92301900,0
1711398600000,3634.20000000,3635.20000000,3624.50000000,3627.61000000,5751.58400000,1711400399999,20869102.95459400,22700,2712.11320000,9840008.48879900,0
1711400400000,3627.61000000,3628.53000000,3566.47000000,3580.50000000,13095.32490000,1711402199999,47114750.15936400,47885,6528.21220000,23477727.05631300,0
1711402200000,3580.49000000,3606.71000000,3580.49000000,3589.01000000,6878.53240000,1711403999999,24732251.30148900,27330,3418.66110000,12289081.83436000,0
1711404000000,3589.00000000,3616.60000000,3589.00000000,3606.96000000,6333.61590000,1711405799999,22838726.46302300,25946,3842.44180000,13854287.00711500,0
1711405800000,3606.96000000,3620.50000000,3602.67000000,3611.75000000,6995.52990000,1711407599999,25265726.10437000,26639,3637.64150000,13138350.72611000,0
1711407600000,3611.75000000,3619.86000000,3601.25000000,3603.74000000,6034.82750000,1711409399999,21799675.34801100,24609,3237.42850000,11694881.65659300,0
1711409400000,3603.74000000,3606.60000000,3576.54000000,3590.42000000,8453.42360000,1711411199999,30347194.05309500,29656,4120.58860000,14791948.86178400,0
1711411200000,3590.43000000,3604.82000000,3580.95000000,3601.65000000,18978.82430000,1711412999999,68157271.50039300,34112,9974.86640000,35814321.75257800,0
1711413000000,3601.66000000,3618.27000000,3594.12000000,3598.00000000,5609.78720000,1711414799999,20240157.93155700,22904,2816.87050000,10165176.71357700,0
1711414800000,3597.99000000,3623.82000000,3592.45000000,3613.62000000,19416.01540000,1711416599999,70076820.16259700,39963,9718.12190000,35056809.43697200,0
1711416600000,3613.62000000,3617.61000000,3602.25000000,3616.02000000,16795.75050000,1711418399999,60643862.20868400,29841,8323.00800000,30045607.41756300,0
1711418400000,3616.01000000,3616.02000000,3598.50000000,3611.67000000,15130.75110000,1711420199999,54569302.32128000,30102,8376.85960000,30208596.33690000,0
1711420200000,3611.68000000,3622.12000000,3606.45000000,3622.11000000,5375.20330000,1711421999999,19416019.05372600,18449,2912.90890000,10521507.01022000,0
1711422000000,3622.11000000,3633.20000000,3611.65000000,3626.00000000,5234.05430000,1711423799999,18950353.60134200,20780,2664.22060000,9645818.78965300,0
1711423800000,3625.99000000,3643.71000000,3615.85000000,3623.00000000,31619.17670000,1711425599999,114861783.56333900,48789,13967.99360000,50723677.47689000,0
1711425600000,3623.00000000,3636.81000000,3618.40000000,3628.84000000,17857.97110000,1711427399999,64792492.85650700,32595,8402.11360000,30480597.11361900,0
1711427400000,3628.83000000,3640.93000000,3628.00000000,3639.84000000,9482.82900000,1711429199999,34464044.50443600,19426,3722.52820000,13528902.57069100,0
1711429200000,3639.85000000,3639.85000000,3622.24000000,3630.34000000,16003.09280000,1711430999999,58093873.28710000,38376,4223.53620000,15331267.70281100,0
1711431000000,3630.34000000,3637.06000000,3628.00000000,3630.29000000,6295.03710000,1711432799999,22857958.42777400,16551,1801.16200000,6541895.42057300,0
1711432800000,3630.29000000,3634.98000000,3627.00000000,3627.00000000,5064.53280000,1711434599999,18382056.41745500,15590,1296.93420000,4708691.39274500,0
1711434600000,3627.00000000,3650.00000000,3627.00000000,3649.44000000,5507.86850000,1711436399999,20044793.17499400,18001,3331.02880000,12121083.16684100,0
1711436400000,3649.45000000,3678.86000000,3649.00000000,3674.18000000,11736.39920000,1711438199999,42978439.38996400,35563,5949.63590000,21791866.04583200,0
1711438200000,3674.18000000,3676.48000000,3630.48000000,3635.13000000,11673.78040000,1711439999999,42655336.46425200,36381,5214.64010000,19053219.70152300,0
1711440000000,3635.14000000,3660.81000000,3630.00000000,3642.71000000,11092.36120000,1711441799999,40422530.54151700,30800,4417.15390000,16109527.52177200,0
1711441800000,3642.70000000,3655.00000000,3639.50000000,3653.33000000,5973.90460000,1711443599999,21795175.54837100,23290,3042.94730000,11102707.79529300,0
1711443600000,3653.34000000,3665.84000000,3643.78000000,3660.00000000,7640.46400000,1711445399999,27928541.35500000,25405,4138.54350000,15129630.84148000,0
1711445400000,3660.01000000,3670.32000000,3655.00000000,3664.72000000,6350.07070000,1711447199999,23257127.21384900,24509,2920.23110000,10694356.44738500,0
1711447200000,3664.71000000,3667.33000000,3646.06000000,3647.80000000,8796.65450000,1711448999999,32184976.80676300,30629,4639.39910000,16976741.70505400,0
1711449000000,3647.79000000,3650.73000000,3642.71000000,3649.23000000,6543.61960000,1711450799999,23870937.97525400,20942,2561.55180000,9343329.50115300,0
1711450800000,3649.23000000,3649.27000000,3632.19000000,3637.11000000,6189.30490000,1711452599999,22539704.23783600,22315,2193.31020000,7982955.74885300,0
1711452600000,3637.11000000,3639.76000000,3630.00000000,3631.60000000,6372.03040000,1711454399999,23153150.47444900,17705,2476.02450000,8997708.70166100,0
1711454400000,3631.61000000,3654.34000000,3628.00000000,3642.36000000,9700.22250000,1711456199999,35267982.89408800,32790,3713.25820000,13511919.36423900,0
1711456200000,3642.35000000,3649.90000000,3630.00000000,3644.55000000,5865.62690000,1711457999999,21363344.80087000,20892,2611.32930000,9511641.73489700,0
1711458000000,3644.55000000,3648.37000000,3629.00000000,3631.50000000,8617.37970000,1711459799999,31321648.16014800,25525,3316.92580000,12061150.63347200,0
1711459800000,3631.49000000,3634.00000000,3592.69000000,3608.20000000,23113.07730000,1711461599999,83611695.06747200,57439,8801.69410000,31824504.50049700,0
1711461600000,3608.21000000,3620.20000000,3562.00000000,3562.48000000,19828.03050000,1711463399999,71271358.56006000,57166,8166.11190000,29354284.53944800,0
1711463400000,3562.48000000,3600.00000000,3545.13000000,3593.49000000,23552.27830000,1711465199999,84038657.22788900,58797,13175.77640000,47028828.02167600,0
1711465200000,3593.49000000,3595.66000000,3561.73000000,3586.00000000,10712.09810000,1711466999999,38304813.14329200,36901,5011.43190000,17920100.59232000,0
1711467000000,3586.00000000,3597.99000000,3575.56000000,3593.35000000,7629.52580000,1711468799999,27387563.85460800,28595,3811.08340000,13681556.57759300,0
1711468800000,3593.35000000,3603.55000000,3552.00000000,3562.95000000,10879.91260000,1711470599999,38862010.41874800,36845,4700.08070000,16788700.27864800,0
1711470600000,3562.96000000,3568.50000000,3542.62000000,3561.41000000,13495.26600000,1711472399999,47998653.14822600,39532,7128.61570000,25360935.10192800,0
1711472400000,3561.40000000,3581.46000000,3553.33000000,3581.30000000,8359.08810000,1711474199999,29809605.45768800,31765,4484.32190000,15992027.97631500,0
1711474200000,3581.30000000,3589.40000000,3576.61000000,3583.80000000,5378.36870000,1711475999999,19273382.32100000,28101,2664.92820000,9549437.91864800,0
1711476000000,3583.81000000,3594.99000000,3581.30000000,3582.35000000,4483.88590000,1711477799999,16090420.22033800,20345,1906.03430000,6840357.47270800,0
1711477800000,3582.34000000,3592.59000000,3570.27000000,3573.71000000,3645.77640000,1711479599999,13072743.34853900,18049,1792.80540000,6429440.60046900,0
1711479600000,3573.71000000,3580.90000000,3555.56000000,3567.89000000,13844.96590000,1711481399999,49379476.40977500,32412,6442.10460000,22973706.88702200,0
1711481400000,3567.89000000,3577.20000000,3558.80000000,3560.82000000,28234.61500000,1711483199999,100709389.04659600,42690,15252.26430000,54390347.70335100,0
1711483200000,3560.83000000,3575.50000000,3558.15000000,3573.15000000,9469.88590000,1711484999999,33785605.89266500,22216,5894.86760000,21023632.63399700,0
1711485000000,3573.16000000,3583.54000000,3565.64000000,3576.37000000,3944.09510000,1711486799999,14102678.93126400,18536,1974.68730000,7061088.43098900,0
1711486800000,3576.38000000,3587.38000000,3571.73000000,3587.38000000,4173.23380000,1711488599999,14933731.80862600,16727,1925.62690000,6893022.38930900,0
1711488600000,3587.38000000,3597.00000000,3585.77000000,3587.01000000,3631.83760000,1711490399999,13042430.88560200,15846,1902.94280000,6834190.00791900,0
1711490400000,3587.01000000,3590.30000000,3570.00000000,3583.18000000,4202.93500000,1711492199999,15053225.97277700,20072,1795.42380000,6429654.23779900,0
1711492200000,3583.19000000,3606.36000000,3579.14000000,3605.02000000,5257.03510000,1711493999999,18897024.83250100,21528,2875.17290000,10336757.19586700,0
1711494000000,3605.02000000,3613.50000000,3596.35000000,3597.73000000,5162.60320000,1711495799999,18615415.28248000,19221,1775.13100000,6401258.36547400,0
1711495800000,3597.73000000,3597.75000000,3583.66000000,3587.33000000,5092.61140000,1711497599999,18282469.14253300,18683,2376.15530000,8528903.07462100,0
1711497600000,3587.32000000,3595.80000000,3577.00000000,3594.95000000,5163.64020000,1711499399999,18515617.03661100,20342,2387.11660000,8561293.73317000,0
1711499400000,3594.95000000,3618.91000000,3590.75000000,3616.56000000,6275.66640000,1711501199999,22645803.03894500,24024,3316.66200000,11965181.90477000,0
1711501200000,3616.57000000,3627.67000000,3610.18000000,3614.12000000,4699.55980000,1711502999999,17009284.56484100,21692,2701.51200000,9778341.82943500,0
1711503000000,3614.12000000,3621.80000000,3598.80000000,3606.18000000,4934.23860000,1711504799999,17805000.38827300,20986,2062.54320000,7443075.56651800,0
1711504800000,3606.18000000,3607.40000000,3597.10000000,3605.41000000,4257.98550000,1711506599999,15334782.73395800,17790,2231.54850000,8037012.78946100,0
1711506600000,3605.41000000,3619.96000000,3603.31000000,3618.79000000,3823.45350000,1711508399999,13806983.50558600,16810,2304.24610000,8320890.30591600,0
1711508400000,3618.79000000,3621.87000000,3610.88000000,3618.82000000,4476.48110000,1711510199999,16192898.43941800,17084,2262.96030000,8186031.39097600,0
1711510200000,3618.81000000,3622.22000000,3603.00000000,3603.11000000,4447.13000000,1711511999999,16050306.24267600,17329,1959.38900000,7071337.74440000,0
1711512000000,3603.10000000,3609.20000000,3594.70000000,3598.34000000,6296.97210000,1711513799999,22667018.66851800,18722,3113.72320000,11208047.08712600,0
1711513800000,3598.34000000,3605.43000000,3581.24000000,3591.28000000,5249.95930000,1711515599999,18872868.32004700,17848,2403.52590000,8641098.39216100,0
1711515600000,3591.28000000,3603.07000000,3590.00000000,3600.21000000,4973.85990000,1711517399999,17898478.10417600,15647,2802.26180000,10084091.49376100,0
1711517400000,3600.20000000,3614.28000000,3598.97000000,3612.41000000,4355.67000000,1711519199999,15712906.27524700,17680,2244.89380000,8098638.03801700,0
1711519200000,3612.41000000,3616.50000000,3602.09000000,3609.00000000,2944.86150000,1711520999999,10631034.05523700,15231,1312.43600000,4738299.24234800,0
1711521000000,3609.00000000,3610.06000000,3600.38000000,3607.14000000,2888.68150000,1711522799999,10412953.69680700,15158,1266.10410000,4563642.37211700,0
1711522800000,3607.13000000,3609.00000000,3570.67000000,3576.00000000,7317.06830000,1711524599999,26249457.34807800,27206,3105.85100000,11138193.11319400,0
1711524600000,3576.00000000,3583.50000000,3560.20000000,3565.21000000,7383.51720000,1711526399999,26359980.55759400,33128,3375.62270000,12050013.89146400,0
1711526400000,3565.21000000,3581.28000000,3564.50000000,3574.51000000,4495.53130000,1711528199999,16061809.31336300,22450,2313.71540000,8265615.28470100,0
1711528200000,3574.52000000,3575.77000000,3545.67000000,3551.21000000,8262.73380000,1711529999999,29400994.03194600,27944,3148.42590000,11210103.60590500,0
1711530000000,3551.21000000,3561.19000000,3532.96000000,3558.93000000,10884.02320000,1711531799999,38613211.55522200,36435,5306.46880000,18824610.85433700,0
1711531800000,3558.94000000,3576.52000000,3553.72000000,3573.81000000,6758.96860000,1711533599999,24115493.97289500,25166,4219.66930000,15058529.97330400,0
1711533600000,3573.81000000,3582.61000000,3564.99000000,3580.98000000,5908.26090000,1711535399999,21106988.70911100,25247,2860.78420000,10221174.45996700,0
1711535400000,3580.99000000,3585.88000000,3572.00000000,3582.01000000,5398.95920000,1711537199999,19323345.46308900,24189,2610.84600000,9345197.99098800,0
1711537200000,3582.01000000,3588.20000000,3571.95000000,3575.61000000,6977.60810000,1711538999999,24970343.75831500,24084,3492.99270000,12500004.55449700,0
1711539000000,3575.62000000,3590.84000000,3573.25000000,3585.07000000,7012.89180000,1711540799999,25135390.78134200,24333,3789.43400000,13581406.69758000,0
1711540800000,3585.07000000,3594.83000000,3575.52000000,3580.97000000,6452.09210000,1711542599999,23124608.62999900,29132,3232.58230000,11586814.98056600,0
1711542600000,3580.97000000,3583.98000000,3566.99000000,3580.68000000,6199.49220000,1711544399999,22164644.42025500,23281,2957.03020000,10571230.02973600,0
1711544400000,3580.68000000,3660.69000000,3580.67000000,3659.09000000,31675.81250000,1711546199999,115212987.97365600,76731,16105.03510000,58562976.07988300,0
1711546200000,3659.09000000,3665.84000000,3554.30000000,3565.86000000,42210.51850000,1711547999999,151725798.46512300,94129,20158.11060000,72430528.83324600,0
1711548000000,3565.86000000,3573.17000000,3496.15000000,3535.56000000,52661.40740000,1711549799999,185983613.18211900,114818,24267.07180000,85722151.62726900,0
1711549800000,3535.56000000,3564.00000000,3528.24000000,3558.54000000,21181.13670000,1711551599999,75195915.54525200,56198,11560.07730000,41047861.48220200,0
1711551600000,3558.55000000,3560.70000000,3512.00000000,3529.88000000,17976.61530000,1711553399999,63422743.83188500,49939,7968.54090000,28118602.97234900,0
1711553400000,3529.87000000,3543.35000000,3512.42000000,3514.30000000,12777.23110000,1711555199999,45080253.86949500,42308,6138.38750000,21656268.86621500,0
1711555200000,3514.29000000,3528.27000000,3484.00000000,3512.17000000,17661.30820000,1711556999999,61896343.54090000,51500,8551.25420000,29971131.02936200,0
1711557000000,3512.17000000,3526.93000000,3510.35000000,3524.15000000,6881.22770000,1711558799999,24205317.58199200,28593,3753.28520000,13203556.23135900,0
1711558800000,3524.15000000,3531.76000000,3514.75000000,3518.24000000,6343.63330000,1711560599999,22348884.72136000,27179,3006.68250000,10592697.57000800,0
1711560600000,3518.23000000,3524.94000000,3493.25000000,3498.00000000,6375.02100000,1711562399999,22395748.69853100,23951,2547.41980000,8952511.13553400,0
1711562400000,3498.00000000,3508.67000000,3473.52000000,3484.42000000,11198.69320000,1711564199999,39068812.44385100,36809,5443.67940000,18997157.37234700,0
1711564200000,3484.42000000,3495.85000000,3460.02000000,3461.24000000,10854.35030000,1711565999999,37768566.97705400,36423,5512.80790000,19194587.00192000,0
1711566000000,3461.24000000,3499.03000000,3461.23000000,3492.87000000,8667.48990000,1711567799999,30198139.43608100,32931,5195.64130000,18100874.57896400,0
1711567800000,3492.87000000,3499.84000000,3478.34000000,3491.18000000,5676.53380000,1711569599999,19810627.11457900,26286,2854.65540000,9962009.18923200,0
1711569600000,3491.18000000,3514.99000000,3489.68000000,3508.47000000,8372.63020000,1711571399999,29344774.22289600,25526,3809.19960000,13349203.10578100,0
1711571400000,3508.47000000,3514.22000000,3498.92000000,3512.20000000,4653.75060000,1711573199999,16327915.95045100,18530,2354.54720000,8261491.29987100,0
1711573200000,3512.21000000,3520.65000000,3510.00000000,3514.84000000,4188.74790000,1711574999999,14723514.02342300,15582,2253.23590000,7920261.86540200,0
1711575000000,3514.84000000,3518.29000000,3502.81000000,3506.55000000,2813.82780000,1711576799999,9882420.90558300,11349,1162.96830000,4084178.00444500,0
1711576800000,3506.56000000,3521.47000000,3505.46000000,3517.98000000,4986.35050000,1711578599999,17517517.26412900,19067,2544.16280000,8937822.98458100,0
1711578600000,3517.97000000,3518.80000000,3506.74000000,3515.15000000,7713.01750000,1711580399999,27096204.60091200,29931,3189.50330000,11204608.26614700,0
1711580400000,3515.15000000,3515.25000000,3500.00000000,3500.00000000,3663.41420000,1711582199999,12855997.92807900,17731,1629.02980000,5716533.66073100,0
1711582200000,3500.01000000,3509.14000000,3485.04000000,3501.19000000,6823.30600000,1711583999999,23854326.41907600,22144,2908.15750000,10169160.35257300,0
1711584000000,3501.20000000,3531.47000000,3495.41000000,3520.46000000,8288.25640000,1711585799999,29150996.39421500,27057,4821.76090000,16956905.86206500,0
1711585800000,3520.46000000,3520.90000000,3500.68000000,3515.77000000,6777.96300000,1711587599999,23803413.41389700,26871,2939.96980000,10323539.65837100,0
1711587600000,3515.78000000,3520.58000000,3498.65000000,3500.36000000,16299.85640000,1711589399999,57204918.96190900,30076,7760.52360000,27223872.84329700,0
1711589400000,3500.37000000,3512.35000000,3491.59000000,3496.39000000,21834.39670000,1711591199999,76470314.02298700,33490,11414.61750000,39961558.48112300,0
1711591200000,3496.40000000,3512.91000000,3491.29000000,3499.33000000,23120.99990000,1711592999999,81006582.60093400,33898,11770.05070000,41220627.22153600,0
1711593000000,3499.33000000,3499.97000000,3465.00000000,3480.19000000,11244.01310000,1711594799999,39105656.28639200,34404,5041.55000000,17529921.31445300,0
1711594800000,3480.18000000,3491.88000000,3477.01000000,3481.96000000,5601.66170000,1711596599999,19516217.40162500,22863,3101.84470000,10806838.39253400,0
1711596600000,3481.96000000,3498.89000000,3475.05000000,3496.61000000,4876.21200000,1711598399999,16999722.89913700,21271,2917.04590000,10171192.77790500,0
1711598400000,3496.61000000,3512.98000000,3495.79000000,3511.45000000,6766.57120000,1711600199999,23719866.79360900,19586,3450.89120000,12097683.68728200,0
1711600200000,3511.46000000,3516.74000000,3506.29000000,3516.19000000,3390.18830000,1711601999999,11907342.22677100,14656,1677.02990000,5890685.55462600,0
1711602000000,3516.19000000,3542.37000000,3512.81000000,3527.63000000,7548.69000000,1711603799999,26615665.95240300,20379,4742.77390000,16725290.74053900,0
1711603800000,3527.64000000,3536.31000000,3518.00000000,3533.70000000,12573.13730000,1711605599999,44359593.38813200,22495,5315.10400000,18746035.16848100,0
1711605600000,3533.70000000,3554.40000000,3526.09000000,3551.68000000,21742.56250000,1711607399999,76960618.67636400,43279,11676.48770000,41313150.30890300,0
1711607400000,3551.68000000,3576.99000000,3548.92000000,3574.40000000,10255.34740000,1711609199999,36537879.04626500,27031,6256.66970000,22292238.24648200,0
1711609200000,3574.39000000,3579.95000000,3565.76000000,3571.22000000,6873.92250000,1711610999999,24566379.17493700,20980,3791.73250000,13551703.53557800,0
1711611000000,3571.22000000,3575.31000000,3564.69000000,3573.88000000,4338.63000000,1711612799999,15493802.45152600,16377,1949.10310000,6959937.93672200,0
1711612800000,3573.88000000,3580.00000000,3565.81000000,3572.89000000,6112.69630000,1711614599999,21849542.38224700,24652,3321.66930000,11873891.81542400,0
1711614600000,3572.88000000,3595.70000000,3571.80000000,3575.69000000,12547.98950000,1711616399999,44957793.72144300,36315,6998.04700000,25080758.23921500,0
1711616400000,3575.69000000,3594.95000000,3571.14000000,3582.99000000,6039.66800000,1711618199999,21654031.27666300,21063,3125.28760000,11206116.07245400,0
1711618200000,3582.98000000,3588.10000000,3577.28000000,3584.08000000,4281.40380000,1711619999999,15339221.76520200,18841,2099.43100000,7521840.57004200,0
1711620000000,3584.08000000,3590.73000000,3570.48000000,3573.16000000,9208.87610000,1711621799999,32956420.24168200,27226,3994.29060000,14304115.55913800,0
1711621800000,3573.16000000,3593.60000000,3573.06000000,3589.75000000,5071.29330000,1711623599999,18169580.04410000,22001,2981.45020000,10681382.27808500,0
1711623600000,3589.76000000,3593.35000000,3579.50000000,3586.24000000,5888.01960000,1711625399999,21124930.42048600,21878,3018.93300000,10832283.10035900,0
1711625400000,3586.23000000,3590.74000000,3571.00000000,3579.73000000,6378.15900000,1711627199999,22827127.73706400,21446,2521.31090000,9025188.31173900,0
1711627200000,3579.74000000,3592.40000000,3570.00000000,3575.14000000,8722.90960000,1711628999999,31220910.71185300,25421,4042.43640000,14469448.89689800,0
1711629000000,3575.14000000,3577.00000000,3555.96000000,3576.78000000,7498.30810000,1711630799999,26750077.76859100,27865,3674.80240000,13109627.19850800,0
1711630800000,3576.78000000,3587.38000000,3552.55000000,3581.76000000,13226.32640000,1711632599999,47252489.01608800,34808,7733.89330000,27638558.21584900,0
1711632600000,3581.76000000,3603.38000000,3569.37000000,3582.59000000,14664.95650000,1711634399999,52620570.67480200,39911,8345.52400000,29945983.17232200,0
1711634400000,3582.60000000,3597.90000000,3568.27000000,3584.65000000,9975.00030000,1711636199999,35731692.01443500,33846,4805.06970000,17216254.80343700,0
1711636200000,3584.64000000,3611.78000000,3583.80000000,3607.38000000,12297.18720000,1711637999999,44270204.74410500,42902,6908.07600000,24869481.44966200,0
1711638000000,3607.37000000,3609.71000000,3572.71000000,3573.59000000,10469.99400000,1711639799999,37585372.90707500,33164,4891.66040000,17562142.85392000,0
1711639800000,3573.60000000,3586.73000000,3568.51000000,3578.70000000,7175.75990000,1711641599999,25668840.36889200,23723,3398.59570000,12155925.53574800,0
1711641600000,3578.71000000,3580.75000000,3556.46000000,3573.24000000,8381.24330000,1711643399999,29903307.47544600,27303,3960.38590000,14128891.58707300,0
1711643400000,3573.25000000,3574.20000000,3555.38000000,3563.22000000,5080.78800000,1711645199999,18118978.59599100,19800,2384.04250000,8501722.73787300,0
1711645200000,3563.23000000,3565.63000000,3537.48000000,3554.00000000,6198.85630000,1711646999999,22028806.86417700,23824,2785.62100000,9900338.60467000,0
1711647000000,3554.01000000,3555.37000000,3545.00000000,3553.86000000,4713.05170000,1711648799999,16739154.73439700,16342,2225.71420000,7905096.77823500,0
1711648800000,3553.85000000,3569.28000000,3551.05000000,3567.50000000,9184.13890000,1711650599999,32721133.43653500,23139,3815.55580000,13590227.24377800,0
1711650600000,3567.50000000,3568.20000000,3552.73000000,3561.40000000,13805.31920000,1711652399999,49139939.31788800,29131,5902.40780000,21003009.44747400,0
1711652400000,3561.39000000,3571.91000000,3559.58000000,3570.50000000,10681.32610000,1711654199999,38094866.26546100,22552,6425.72090000,22914080.72178800,0
1711654200000,3570.49000000,3576.14000000,3563.05000000,3563.05000000,2464.05840000,1711655999999,8796941.12643400,13387,1052.90700000,3759995.61748900,0
1711656000000,3563.06000000,3566.74000000,3552.00000000,3552.47000000,3363.86130000,1711657799999,11968240.33654800,12489,1355.30290000,4821736.25430500,0
1711657800000,3552.48000000,3564.91000000,3552.14000000,3561.00000000,3523.65410000,1711659599999,12538018.55227000,12157,2311.78910000,8224836.24036000,0
1711659600000,3561.00000000,3575.20000000,3547.80000000,3573.09000000,6429.39350000,1711661399999,22908915.74356200,17440,3320.67880000,11832120.61497300,0
1711661400000,3573.08000000,3573.09000000,3559.71000000,3560.59000000,2409.50190000,1711663199999,8591267.57038200,9506,1236.72460000,4409111.45233400,0
1711663200000,3560.59000000,3563.74000000,3541.37000000,3555.19000000,7485.08210000,1711664999999,26585371.99647800,20447,3582.34480000,12722932.42706300,0
1711665000000,3555.18000000,3569.49000000,3551.65000000,3566.69000000,3070.54500000,1711666799999,10930065.19906800,13411,1641.93810000,5845924.53450200,0
1711666800000,3566.69000000,3580.00000000,3564.25000000,3571.31000000,3778.94880000,1711668599999,13498695.34867700,15221,2268.03970000,8100844.56803600,0
1711668600000,3571.31000000,3571.69000000,3558.43000000,3560.49000000,2993.30650000,1711670399999,10669046.57389800,12429,1314.57160000,4685189.96095200,0
1711670400000,3560.49000000,3562.71000000,3552.80000000,3562.22000000,2958.07280000,1711672199999,10525805.46456500,14128,1509.82710000,5372369.66425900,0
1711672200000,3562.22000000,3564.19000000,3555.38000000,3564.18000000,2901.03560000,1711673999999,10328190.57187400,12834,1344.28080000,4785900.98663700,0
1711674000000,3564.19000000,3579.50000000,3560.60000000,3577.67000000,4015.83100000,1711675799999,14344624.13024000,15539,2458.81170000,8782585.85024400,0
1711675800000,3577.67000000,3584.37000000,3568.01000000,3569.58000000,3705.99490000,1711677599999,13255485.81746400,16334,2064.78740000,7386272.88874200,0
1711677600000,3569.57000000,3571.00000000,3553.86000000,3554.60000000,4195.18120000,1711679399999,14936865.14572100,16669,1994.66610000,7102620.92596500,0
1711679400000,3554.60000000,3564.81000000,3551.35000000,3561.96000000,3865.60520000,1711681199999,13761408.10060800,13517,1968.86520000,7009169.39583300,0
1711681200000,3561.95000000,3570.72000000,3550.05000000,3552.97000000,3919.47830000,1711682999999,13954170.91158500,15612,1964.18930000,6993979.14291900,0
1711683000000,3552.98000000,3562.42000000,3552.19000000,3562.39000000,3058.68220000,1711684799999,10885632.90263900,12813,1635.23920000,5819635.00252600,0
1711684800000,3562.39000000,3573.60000000,3555.38000000,3573.05000000,4838.55140000,1711686599999,17243640.61635400,17668,2740.24750000,9766026.82181000,0
1711686600000,3573.06000000,3580.80000000,3560.91000000,3564.01000000,5583.91280000,1711688399999,19948776.98235600,19862,2594.66700000,9270243.29755700,0
1711688400000,3564.00000000,3574.61000000,3559.00000000,3565.19000000,3649.11940000,1711690199999,13020138.28671300,14140,1777.51070000,6343270.80450000,0
1711690200000,3565.19000000,3566.40000000,3555.48000000,3558.04000000,4416.54680000,1711691999999,15722114.86548600,15423,1883.19870000,6703799.17848900,0
1711692000000,3558.03000000,3565.90000000,3552.55000000,3562.96000000,8855.72230000,1711693799999,31529245.78864600,21243,4873.24830000,17349102.17714400,0
1711693800000,3562.96000000,3575.00000000,3559.08000000,3574.61000000,9987.28930000,1711695599999,35644091.18946400,20496,5145.68670000,18360198.17371300,0
1711695600000,3574.60000000,3576.27000000,3565.02000000,3565.75000000,4056.99400000,1711697399999,14486887.59307900,15794,1588.33160000,5671668.26668900,0
1711697400000,3565.74000000,3565.75000000,3512.85000000,3519.43000000,17198.95240000,1711699199999,60735598.70545200,41587,8216.03330000,29010631.77683000,0
1711699200000,3519.42000000,3535.21000000,3517.15000000,3530.79000000,19264.75970000,1711700999999,67971357.03622900,34920,9577.23360000,33794484.57004900,0
1711701000000,3530.78000000,3546.03000000,3527.78000000,3536.80000000,5893.09050000,1711702799999,20846093.90661200,18392,2846.60360000,10069324.99915400,0
1711702800000,3536.79000000,3546.12000000,3536.00000000,3537.66000000,2925.67390000,1711704599999,10357800.93662900,12251,1326.39350000,4695780.99879000,0
1711704600000,3537.66000000,3538.40000000,3521.26000000,3533.38000000,5721.25170000,1711706399999,20188359.94796200,20674,2715.84650000,9583188.92380100,0
1711706400000,3533.37000000,3542.97000000,3523.01000000,3541.16000000,5603.77510000,1711708199999,19813450.91566600,15454,2790.75090000,9870940.61918900,0
1711708200000,3541.17000000,3551.49000000,3531.74000000,3551.18000000,5212.32810000,1711709999999,18463903.01721400,15541,2842.41600000,10071794.96991000,0
1711710000000,3551.18000000,3561.38000000,3549.34000000,3557.93000000,5575.38730000,1711711799999,19819465.72390500,16780,3475.14410000,12354306.90219600,0
1711711800000,3557.92000000,3562.71000000,3545.40000000,3549.85000000,5660.90870000,1711713599999,20108218.61608100,16366,3483.09250000,12373246.55292500,0
1711713600000,3549.86000000,3556.80000000,3533.80000000,3536.35000000,6894.54840000,1711715399999,24429953.16331800,23265,3127.25300000,11085748.56563100,0
1711715400000,3536.35000000,3548.40000000,3535.90000000,3539.78000000,4356.16510000,1711717199999,15426755.71541900,17400,2051.36290000,7264296.76986700,0
1711717200000,3539.77000000,3545.25000000,3527.99000000,3538.70000000,4937.45480000,1711718999999,17456649.11151300,19269,2120.86350000,7499310.16892000,0
1711719000000,3538.71000000,3558.00000000,3537.85000000,3548.50000000,5019.73510000,1711720799999,17816762.66027700,21489,2956.51800000,10493619.06942900,0
1711720800000,3548.51000000,3558.00000000,3547.40000000,3552.00000000,4786.32460000,1711722599999,17003286.39509000,16444,2677.97380000,9513251.09262500,0
1711722600000,3551.99000000,3555.93000000,3540.80000000,3543.65000000,4992.77700000,1711724399999,17725878.50499200,19507,2725.82910000,9678495.60270100,0
1711724400000,3543.66000000,3547.95000000,3515.02000000,3525.72000000,9310.49470000,1711726199999,32901000.90172200,29463,4306.65360000,15220496.09883000,0
1711726200000,3525.73000000,3525.94000000,3481.14000000,3488.53000000,24213.10760000,1711727999999,84698214.97649400,54715,9202.04550000,32185884.14105300,0
1711728000000,3488.52000000,3502.36000000,3486.86000000,3492.43000000,7779.91040000,1711729799999,27193198.82783800,27480,3186.25210000,11136609.64846200,0
1711729800000,3492.44000000,3498.80000000,3468.07000000,3479.36000000,13108.46180000,1711731599999,45647660.60859900,32474,6041.56440000,21026815.02264900,0
1711731600000,3479.36000000,3495.70000000,3475.20000000,3490.99000000,6216.55210000,1711733399999,21694333.46141900,21250,3336.11130000,11641122.55611200,0
1711733400000,3490.99000000,3494.78000000,3445.91000000,3485.23000000,21665.99180000,1711735199999,75300774.85158500,46185,5928.79290000,20639152.68799500,0
1711735200000,3485.24000000,3490.76000000,3475.39000000,3488.82000000,4606.69910000,1711736999999,16042972.46049600,17114,2333.03680000,8125206.76586500,0
1711737000000,3488.81000000,3496.11000000,3487.60000000,3492.63000000,2817.66570000,1711738799999,9837479.45986400,12855,1333.42260000,4655505.25668000,0
1711738800000,3492.63000000,3493.00000000,3483.68000000,3489.74000000,2156.74920000,1711740599999,7523776.59293700,10245,1037.30270000,3618677.85360200,0
1711740600000,3489.74000000,3500.60000000,3486.81000000,3500.34000000,2413.18110000,1711742399999,8429830.10024500,11379,1402.56990000,4900033.90210000,0
1711742400000,3500.35000000,3501.00000000,3492.19000000,3493.09000000,7240.30930000,1711744199999,25311347.28749600,17396,4208.36060000,14710015.57919600,0
1711744200000,3493.10000000,3500.23000000,3492.87000000,3497.20000000,7660.92680000,1711745999999,26788155.41048100,17048,3526.27540000,12328347.38215900,0
1711746000000,3497.19000000,3499.60000000,3481.84000000,3485.91000000,11551.69140000,1711747799999,40340793.94055100,20626,4843.64710000,16911151.19632000,0
1711747800000,3485.92000000,3490.34000000,3476.01000000,3485.30000000,9919.36650000,1711749599999,34535084.79370800,18889,4519.02560000,15732265.64543300,0
1711749600000,3485.30000000,3508.55000000,3485.29000000,3507.00000000,3222.98010000,1711751399999,11276976.14106500,14918,2040.24270000,7139534.75071800,0
1711751400000,3507.00000000,3522.03000000,3506.80000000,3521.89000000,7401.47230000,1711753199999,26015900.73812100,21462,3993.29490000,14036488.58004900,0
1711753200000,3521.88000000,3524.55000000,3513.58000000,3520.40000000,5212.78010000,1711754999999,18343666.60571200,15761,3118.66190000,10973951.45454300,0
1711755000000,3520.40000000,3520.41000000,3509.73000000,3509.74000000,2536.68940000,1711756799999,8916511.27690100,11073,1155.22350000,4060592.13356500,0
1711756800000,3509.74000000,3514.24000000,3501.16000000,3505.80000000,3979.51090000,1711758599999,13958824.74619400,15595,1570.63420000,5508426.52640100,0
1711758600000,3505.81000000,3514.35000000,3503.00000000,3514.19000000,2740.85630000,1711760399999,9618216.92223600,11757,1513.02160000,5309636.22855100,0
1711760400000,3514.19000000,3521.89000000,3508.00000000,3519.54000000,3901.60040000,1711762199999,13715870.48402000,15533,1922.81450000,6758762.79512600,0
1711762200000,3519.54000000,3520.20000000,3510.00000000,3511.41000000,3387.50000000,1711763999999,11906080.85363000,16850,1600.13750000,5624044.98323700,0
1711764000000,3511.40000000,3512.74000000,3501.80000000,3506.32000000,3488.23470000,1711765799999,12233989.62727500,19530,1607.04690000,5636364.35760700,0
1711765800000,3506.32000000,3509.52000000,3503.41000000,3506.26000000,2606.75660000,1711767599999,9140739.70369000,11258,1180.69190000,4140259.58753000,0
1711767600000,3506.26000000,3509.43000000,3492.42000000,3495.99000000,3933.13000000,1711769399999,13767862.91315000,15927,1487.94080000,5209310.17231100,0
1711769400000,3495.99000000,3500.37000000,3486.58000000,3490.00000000,10155.68860000,1711771199999,35463004.04714900,35745,5667.61990000,19791267.25638000,0
1711771200000,3489.99000000,3498.66000000,3487.00000000,3493.61000000,7019.50120000,1711772999999,24511999.56269800,19447,4867.95670000,16997546.87570500,0
1711773000000,3493.61000000,3511.01000000,3493.61000000,3507.42000000,7218.12970000,1711774799999,25285093.07106700,31637,4489.50010000,15727212.47731800,0
1711774800000,3507.41000000,3532.77000000,3507.41000000,3508.08000000,14008.01370000,1711776599999,49326572.64057800,43578,8239.32240000,29012843.42480200,0
1711776600000,3508.08000000,3515.74000000,3505.09000000,3508.01000000,8365.88630000,1711778399999,29371249.53700400,30789,4293.18530000,15072186.10249400,0
1711778400000,3508.00000000,3508.56000000,3493.48000000,3505.22000000,6283.93270000,1711780199999,21994974.55284200,33649,2636.17910000,9226555.54142700,0
1711780200000,3505.22000000,3505.36000000,3494.05000000,3499.60000000,4994.26360000,1711781999999,17476428.77613400,31808,2255.38130000,7892125.75234100,0
1711782000000,3499.59000000,3503.00000000,3497.47000000,3498.19000000,4647.22260000,1711783799999,16269598.37678100,23794,2365.52780000,8281742.67239400,0
1711783800000,3498.20000000,3501.69000000,3492.34000000,3492.64000000,3541.74880000,1711785599999,12390235.90443300,14677,1598.27630000,5591287.31318500,0
1711785600000,3492.65000000,3510.00000000,3492.20000000,3505.83000000,6003.52800000,1711787399999,21026677.00316300,17938,3882.58700000,13597367.20311800,0
1711787400000,3505.82000000,3506.08000000,3492.23000000,3505.24000000,4237.26310000,1711789199999,14832762.96062700,14289,1927.05360000,6745080.07872000,0
1711789200000,3505.24000000,3510.00000000,3500.60000000,3508.13000000,3930.94030000,1711790999999,13787485.11244600,11218,2609.82140000,9155200.83987900,0
1711791000000,3508.12000000,3515.25000000,3508.12000000,3515.25000000,3992.56680000,1711792799999,14017937.13819900,11398,2849.51900000,10004367.72753000,0
1711792800000,3515.25000000,3516.71000000,3509.57000000,3516.40000000,2846.82630000,1711794599999,10001073.58937200,10602,1436.97700000,5048503.28566000,0
1711794600000,3516.40000000,3529.39000000,3516.39000000,3526.88000000,5226.94080000,1711796399999,18420024.24562500,14994,3435.21130000,12105793.14370800,0
1711796400000,3526.88000000,3544.45000000,3526.57000000,3541.72000000,7458.39060000,1711798199999,26367909.66543600,21793,4312.26740000,15243198.90304600,0
1711798200000,3541.71000000,3564.00000000,3541.71000000,3560.00000000,10077.90060000,1711799999999,35813734.65471100,27754,5792.72430000,20584768.83818800,0
1711800000000,3559.99000000,3565.81000000,3549.00000000,3550.14000000,4652.93030000,1711801799999,16548333.96315200,15789,2155.39160000,7665802.45848700,0
1711801800000,3550.15000000,3556.90000000,3548.40000000,3552.00000000,3610.33770000,1711803599999,12824615.41356900,12039,1990.43040000,7070257.96403000,0
1711803600000,3551.99000000,3552.97000000,3539.00000000,3539.97000000,3908.19090000,1711805399999,13854494.60159600,11136,1761.56390000,6244662.05487700,0
1711805400000,3539.97000000,3545.10000000,3535.26000000,3543.47000000,3209.13050000,1711807199999,11361202.29053500,10399,1888.72020000,6686828.51309200,0
1711807200000,3543.47000000,3545.78000000,3536.89000000,3540.22000000,2307.28070000,1711808999999,8169404.86799400,8535,1110.47340000,3931917.97124300,0
1711809000000,3540.22000000,3547.34000000,3531.00000000,3534.19000000,3486.32270000,1711810799999,12333771.57446100,10270,1684.40080000,5959659.23353600,0
1711810800000,3534.19000000,3548.92000000,3534.19000000,3538.55000000,4507.79490000,1711812599999,15964707.22675700,11994,2272.41860000,8047246.29308400,0
1711812600000,3538.56000000,3539.37000000,3532.76000000,3536.61000000,2984.62980000,1711814399999,10553951.81296800,9547,1434.79870000,5073416.91517700,0
1711814400000,3536.60000000,3540.90000000,3526.17000000,3531.07000000,3495.58440000,1711816199999,12350883.65289700,10505,1632.12360000,5767268.38895400,0
1711816200000,3531.07000000,3547.71000000,3527.22000000,3542.53000000,4744.98290000,1711817999999,16776554.28251700,11880,2866.72880000,10134249.18198900,0
1711818000000,3542.53000000,3542.54000000,3526.62000000,3529.56000000,2610.03460000,1711819799999,9222160.27779400,8785,1212.10280000,4282881.49464300,0
1711819800000,3529.56000000,3533.38000000,3526.08000000,3531.96000000,3263.44340000,1711821599999,11514041.16327100,10526,1840.04460000,6492043.15075400,0
1711821600000,3531.97000000,3531.97000000,3519.91000000,3529.44000000,2875.02860000,1711823399999,10134029.87773500,8827,1453.18590000,5121534.58829600,0
1711823400000,3529.45000000,3530.98000000,3523.37000000,3524.75000000,2179.44590000,1711825199999,7685334.14936700,7010,935.74370000,3299733.66657500,0
1711825200000,3524.75000000,3524.75000000,3485.00000000,3504.86000000,12481.11600000,1711826999999,43692083.35871900,26969,4869.50020000,17042611.40229600,0
1711827000000,3504.85000000,3511.25000000,3500.20000000,3509.02000000,2514.91230000,1711828799999,8814625.40586200,8607,1128.43480000,3955609.71851400,0
1711828800000,3509.02000000,3511.32000000,3502.30000000,3510.41000000,1701.34770000,1711830599999,5967912.45298400,7486,820.24880000,2877301.55529500,0
1711830600000,3510.41000000,3511.99000000,3498.47000000,3505.81000000,2993.88680000,1711832399999,10498301.65307500,7627,1360.40700000,4771070.43161600,0
1711832400000,3505.81000000,3510.90000000,3498.31000000,3502.70000000,1989.82040000,1711834199999,6971360.94353500,7038,885.36780000,3101770.60339100,0
1711834200000,3502.70000000,3509.36000000,3494.88000000,3504.25000000,2567.86870000,1711835999999,8995944.53082100,8911,1375.94530000,4820755.96573800,0
1711836000000,3504.25000000,3519.00000000,3500.46000000,3513.21000000,3218.41570000,1711837799999,11290116.12676000,10008,1885.77300000,6616202.21145500,0
1711837800000,3513.22000000,3513.95000000,3503.00000000,3506.40000000,2152.80510000,1711839599999,7551401.17147300,8063,1004.02030000,3521747.61621900,0
1711839600000,3506.39000000,3510.22000000,3496.39000000,3496.39000000,2580.54800000,1711841399999,9044118.05758500,9029,1080.05610000,3786579.46811900,0
1711841400000,3496.39000000,3508.88000000,3496.39000000,3505.64000000,1943.07280000,1711843199999,6807826.50800500,7709,1109.13820000,3885908.41561200,0
1711843200000,3505.65000000,3518.69000000,3505.09000000,3514.23000000,3266.45970000,1711844999999,11471566.18899100,10466,1984.11430000,6967048.63862000,0
1711845000000,3514.24000000,3520.00000000,3510.80000000,3518.20000000,2729.68690000,1711846799999,9599447.11359400,9422,1686.50490000,5931038.58388300,0
1711846800000,3518.20000000,3528.77000000,3515.00000000,3520.05000000,3560.84950000,1711848599999,12543532.18873500,11761,1828.50500000,6441231.95889600,0
1711848600000,3520.05000000,3525.74000000,3517.23000000,3523.31000000,2277.65350000,1711850399999,8022269.59386600,9007,1140.48330000,4016810.09182900,0
1711850400000,3523.31000000,3544.07000000,3520.03000000,3542.21000000,4666.56460000,1711852199999,16494602.57699800,13799,2860.97100000,10112195.01132200,0
1711852200000,3542.20000000,3542.21000000,3529.00000000,3532.22000000,2811.14870000,1711853999999,9934471.44401900,8305,1032.16960000,3646998.27472800,0
1711854000000,3532.21000000,3534.38000000,3523.08000000,3534.10000000,2658.12320000,1711855799999,9381552.17379300,8267,1240.72730000,4379154.80685700,0
1711855800000,3534.10000000,3542.37000000,3533.61000000,3537.26000000,3130.39240000,1711857599999,11072919.68993600,8526,1941.93890000,6868603.61613700,0
1711857600000,3537.26000000,3542.00000000,3532.42000000,3541.99000000,2218.76270000,1711859399999,7846429.56340000,7818,1422.06360000,5029251.98070500,0
1711859400000,3541.99000000,3547.96000000,3539.50000000,3543.01000000,2423.33400000,1711861199999,8586174.54653300,8686,1300.97300000,4609663.31422000,0
1711861200000,3543.01000000,3591.75000000,3540.00000000,3588.02000000,18240.46890000,1711862999999,65179005.04221600,38777,9459.88420000,33779823.27895400,0
1711863000000,3588.03000000,3607.97000000,3582.78000000,3604.20000000,15379.72480000,1711864799999,55305920.85984700,33754,8554.37240000,30763681.85789200,0
1711864800000,3604.20000000,3618.73000000,3604.03000000,3618.22000000,11693.25390000,1711866599999,42246682.24995500,25232,5875.41470000,21225202.35042200,0
1711866600000,3618.22000000,3631.99000000,3611.12000000,3615.99000000,14213.26670000,1711868399999,51454327.45075500,29466,6349.76010000,22989282.22718800,0
1711868400000,3615.99000000,3623.72000000,3610.93000000,3613.87000000,6278.59210000,1711870199999,22717919.72868200,16108,2900.32380000,10494697.26659800,0
1711870200000,3613.86000000,3629.21000000,3612.20000000,3625.38000000,5495.23510000,1711871999999,19909327.22194300,16772,2891.75370000,10477259.64063500,0
1711872000000,3625.38000000,3630.43000000,3621.60000000,3628.49000000,5177.40490000,1711873799999,18780758.89601500,18817,3129.98720000,11354211.56281800,0
1711873800000,3628.50000000,3632.80000000,3614.00000000,3617.82000000,5934.80290000,1711875599999,21501634.50747100,17737,2604.27200000,9436438.31750200,0
1711875600000,3617.81000000,3618.45000000,3601.47000000,3609.19000000,4524.40900000,1711877399999,16333628.63126400,15504,1910.79070000,6897716.43884600,0
1711877400000,3609.20000000,3612.35000000,3601.20000000,3601.21000000,3054.25860000,1711879199999,11019422.04665900,12091,1466.39970000,5290935.57177900,0
1711879200000,3601.20000000,3607.15000000,3601.20000000,3606.29000000,3293.45010000,1711880999999,11871650.16973200,10216,1792.83220000,6462342.77998500,0
1711881000000,3606.29000000,3609.70000000,3601.87000000,3604.76000000,2861.77910000,1711882799999,10318620.85654700,11282,1601.12210000,5772764.78394500,0
1711882800000,3604.76000000,3611.62000000,3600.43000000,3603.18000000,4382.77640000,1711884599999,15807039.20155700,16218,2318.70440000,8362822.36617500,0
1711884600000,3603.18000000,3612.39000000,3600.38000000,3609.20000000,4014.95370000,1711886399999,14478995.85581500,12377,2300.87150000,8297207.62119400,0
1711886400000,3609.20000000,3627.53000000,3606.78000000,3613.20000000,6875.88760000,1711888199999,24854426.09626600,19754,3855.24230000,13935827.06206300,0
1711888200000,3613.19000000,3616.39000000,3609.26000000,3616.33000000,3342.69110000,1711889999999,12079671.40556400,13986,1649.58360000,5961440.64653900,0
1711890000000,3616.33000000,3630.00000000,3616.20000000,3623.14000000,6170.96810000,1711891799999,22363244.48868600,17883,3585.02160000,12990767.25461400,0
1711891800000,3623.13000000,3627.48000000,3618.80000000,3623.44000000,4190.06160000,1711893599999,15183337.88798300,13469,2002.53220000,7256190.74689900,0
1711893600000,3623.45000000,3638.00000000,3616.00000000,3635.01000000,6125.48820000,1711895399999,22212241.86299900,17029,3374.96980000,12241424.64104200,0
1711895400000,3635.02000000,3636.00000000,3621.87000000,3622.35000000,4702.23580000,1711897199999,17056068.76758400,15241,2144.90120000,7780130.85642000,0
1711897200000,3622.35000000,3624.60000000,3613.03000000,3614.57000000,4980.16280000,1711898999999,18027858.13493400,15006,2472.05700000,8949295.05133100,0
1711899000000,3614.57000000,3621.20000000,3614.56000000,3617.68000000,3177.63140000,1711900799999,11498482.36353200,10054,1687.24700000,6105078.21010700,0
1711900800000,3617.69000000,3633.81000000,3617.32000000,3625.68000000,5059.12870000,1711902599999,18343121.09360300,17135,2678.67310000,9712192.22346400,0
1711902600000,3625.69000000,3629.01000000,3618.99000000,3621.00000000,3401.47450000,1711904399999,12327015.29675400,11695,1593.53680000,5774781.00109600,0
1711904400000,3621.00000000,3625.50000000,3620.14000000,3621.81000000,2034.89460000,1711906199999,7371845.73941800,8243,1017.34520000,3685499.59397200,0
1711906200000,3621.81000000,3629.83000000,3620.62000000,3626.58000000,2876.47360000,1711907999999,10428383.89774300,9939,1815.13690000,6579887.08379300,0
1711908000000,3626.59000000,3627.65000000,3623.00000000,3626.11000000,2092.59830000,1711909799999,7585572.57059300,8290,1289.20950000,4673119.22669700,0
1711909800000,3626.11000000,3655.32000000,3625.70000000,3629.19000000,13171.89590000,1711911599999,47995101.55759500,33420,7635.45300000,27819977.99013900,0
1711911600000,3629.18000000,3643.00000000,3613.75000000,3637.62000000,8135.88530000,1711913399999,29520654.56314500,24807,4610.60730000,16726761.20786700,0
1711913400000,3637.62000000,3643.71000000,3633.90000000,3638.18000000,4318.01990000,1711915199999,15711907.22339600,14110,2723.84280000,9911345.86945500,0
1711915200000,3638.19000000,3644.06000000,3633.00000000,3635.42000000,3167.46160000,1711916999999,11530002.29261400,12144,1691.29950000,6156455.01786300,0
1711917000000,3635.42000000,3637.80000000,3629.16000000,3633.25000000,2887.46280000,1711918799999,10494137.05438900,12505,1529.94650000,5560094.29457700,0
1711918800000,3633.24000000,3639.61000000,3628.21000000,3632.62000000,2770.79510000,1711920599999,10070310.07571600,11003,1180.63300000,4290743.30711400,0
1711920600000,3632.63000000,3637.28000000,3617.80000000,3625.32000000,4633.67080000,1711922399999,16800544.43253200,14861,2392.00550000,8674080.62043600,0
1711922400000,3625.32000000,3638.69000000,3623.20000000,3634.70000000,3186.20310000,1711924199999,11576474.66310700,13522,1901.50270000,6908704.02830000,0
1711924200000,3634.69000000,3639.82000000,3627.40000000,3629.80000000,3553.58410000,1711925999999,12907074.47204900,11388,1627.77870000,5911856.95980400,0
1711926000000,3629.80000000,3649.49000000,3628.80000000,3644.15000000,3813.87420000,1711927799999,13885209.76909200,13086,2386.12710000,8687269.56636200,0
1711927800000,3644.15000000,3650.60000000,3641.17000000,3645.29000000,4509.08720000,1711929599999,16441070.83836500,13949,2217.99130000,8087646.69378200,0
