1761955200000000,3848.00000000,3849.98000000,3831.00000000,3841.62000000,4592.03670000,1761956999999999,17640490.63401100,55356,2165.32610000,8319031.58742500,0
1761957000000000,3841.61000000,3849.00000000,3833.94000000,3847.52000000,2945.44420000,1761958799999999,11316360.37276200,48508,2010.27690000,7723665.51319700,0
1761958800000000,3847.52000000,3856.00000000,3844.89000000,3855.73000000,2277.96390000,1761960599999999,8769498.53044900,37828,1199.71670000,4618768.38520600,0
1761960600000000,3855.74000000,3860.91000000,3843.00000000,3844.17000000,2532.32330000,1761962399999999,9751594.71249200,37392,1261.68180000,4858958.03865800,0
1761962400000000,3844.16000000,3848.60000000,3836.67000000,3847.30000000,2861.24550000,1761964199999999,10994938.68249600,33592,1647.11520000,6329252.56583700,0
1761964200000000,3847.30000000,3855.02000000,3838.96000000,3852.26000000,2063.78580000,1761965999999999,7942131.89763100,34555,869.49280000,3346881.68656000,0
1761966000000000,3852.27000000,3859.10000000,3851.52000000,3856.49000000,2296.16890000,1761967799999999,8851553.90718700,38556,1236.01170000,4765310.46354000,0
1761967800000000,3856.49000000,3864.43000000,3854.95000000,3861.38000000,2082.51250000,1761969599999999,8038208.48966900,35180,1275.38620000,4922071.33889100,0
1761969600000000,3861.38000000,3868.85000000,3855.36000000,3862.73000000,2746.03320000,1761971399999999,10606077.73274200,42792,1591.08660000,6146571.20877800,0
1761971400000000,3862.73000000,3869.55000000,3858.22000000,3867.07000000,4941.16650000,1761973199999999,19102256.20356000,35971,2156.36230000,8335152.21485100,0
1761973200000000,3867.06000000,3867.75000000,3858.22000000,3864.19000000,1623.42880000,1761974999999999,6271248.06449200,28325,834.23350000,3222887.02407600,0
1761975000000000,3864.18000000,3866.60000000,3853.67000000,3855.47000000,2839.70770000,1761976799999999,10961599.11839800,24321,1099.31460000,4244402.94165400,0
1761976800000000,3855.47000000,3859.45000000,3852.96000000,3855.18000000,2979.86190000,1761978599999999,11489246.47430200,26911,1329.94200000,5127577.13526000,0
1761978600000000,3855.18000000,3861.35000000,3853.12000000,3858.65000000,2260.23460000,1761980399999999,8716106.28007800,24044,1271.04040000,4900709.26451300,0
1761980400000000,3858.65000000,3867.41000000,3856.71000000,3865.19000000,2301.43200000,1761982199999999,8888393.87144300,23516,1018.81600000,3935220.01762300,0
1761982200000000,3865.20000000,3867.41000000,3859.02000000,3860.84000000,1768.08270000,1761983999999999,6829137.77207200,27283,777.77580000,3003718.23936300,0
1761984000000000,3860.84000000,3870.50000000,3860.73000000,3867.46000000,3715.38900000,1761985799999999,14360203.51830900,39387,1864.92250000,7208160.12486600,0
1761985800000000,3867.47000000,3882.94000000,3866.49000000,3882.19000000,4357.25800000,1761987599999999,16882096.90689500,34883,2613.19790000,10124710.32010500,0
1761987600000000,3882.19000000,3882.55000000,3874.38000000,3876.90000000,3744.06810000,1761989399999999,14521549.16997100,36595,1479.40610000,5737877.37797600,0
1761989400000000,3876.91000000,3878.19000000,3872.02000000,3875.34000000,2849.38320000,1761991199999999,11043039.33997100,29010,1161.52800000,4501245.17515900,0
1761991200000000,3875.35000000,3880.17000000,3872.04000000,3873.81000000,2992.02460000,1761992999999999,11594483.42965900,31240,913.73400000,3540625.59415800,0
1761993000000000,3873.81000000,3882.01000000,3873.31000000,3876.80000000,2960.56840000,1761994799999999,11479116.40234200,28418,1453.67270000,5636780.11653900,0
1761994800000000,3876.80000000,3881.29000000,3872.05000000,3872.38000000,2219.50740000,1761996599999999,8606420.09706800,26352,709.26310000,2750754.25924400,0
1761996600000000,3872.39000000,3878.02000000,3868.83000000,3877.79000000,3006.31170000,1761998399999999,11646748.82513800,23862,1026.49830000,3976846.49097500,0
1761998400000000,3877.79000000,3881.00000000,3875.82000000,3878.12000000,2599.76790000,1762000199999999,10083292.00530900,26087,1002.37750000,3887838.99092400,0
1762000200000000,3878.12000000,3880.83000000,3875.26000000,3876.22000000,2962.89460000,1762001999999999,11491856.01544100,22658,1261.26210000,4892059.08134400,0
1762002000000000,3876.23000000,3879.20000000,3873.33000000,3874.93000000,2499.89830000,1762003799999999,9691440.69029400,27847,1078.11850000,4179536.76490400,0
1762003800000000,3874.93000000,3877.00000000,3858.11000000,3870.30000000,4569.61270000,1762005599999999,17667874.03804900,55306,2025.98210000,7831614.44319600,0
1762005600000000,3870.29000000,3873.69000000,3858.44000000,3865.45000000,4938.51420000,1762007399999999,19083102.20359300,66787,2440.16430000,9428370.40119500,0
1762007400000000,3865.45000000,3875.29000000,3862.00000000,3873.42000000,3141.74450000,1762009199999999,12160475.62855300,45731,1576.64510000,6102261.30771800,0
1762009200000000,3873.41000000,3902.00000000,3871.40000000,3887.69000000,12831.40960000,1762010999999999,49910319.19574000,117885,6777.89310000,26365011.93101400,0
1762011000000000,3887.69000000,3895.41000000,3882.57000000,3895.15000000,5471.81520000,1762012799999999,21279975.54198400,64162,2683.05010000,10433638.48294000,0
1762012800000000,3895.15000000,3909.39000000,3886.01000000,3886.22000000,9128.58800000,1762014599999999,35567150.91677300,97603,5603.89540000,21835189.40728400,0
1762014600000000,3886.21000000,3902.99000000,3886.21000000,3892.23000000,3644.98210000,1762016399999999,14201545.51684100,55178,2118.11440000,8253240.44350300,0
1762016400000000,3892.24000000,3894.24000000,3868.82000000,3869.40000000,7369.33580000,1762018199999999,28591937.20006600,72714,2315.52580000,8983907.32560600,0
1762018200000000,3869.40000000,3875.85000000,3862.92000000,3865.96000000,3492.93870000,1762019999999999,13515577.22543200,40642,1562.84590000,6048113.62582100,0
1762020000000000,3865.96000000,3877.44000000,3863.95000000,3870.39000000,2320.30950000,1762021799999999,8979622.27572400,36948,1296.54730000,5018917.48998500,0
1762021800000000,3870.40000000,3880.72000000,3869.56000000,3880.26000000,1688.47530000,1762023599999999,6546139.33990200,27599,1073.69960000,4162871.71702400,0
1762023600000000,3880.26000000,3880.26000000,3873.86000000,3874.07000000,845.02130000,1762025399999999,3275948.80983400,20311,323.26120000,1253248.35948700,0
1762025400000000,3874.08000000,3880.90000000,3871.21000000,3879.99000000,943.24850000,1762027199999999,3657110.64502600,18353,565.08500000,2191341.49964500,0
1762027200000000,3880.00000000,3889.21000000,3879.00000000,3889.21000000,2808.53420000,1762028999999999,10911152.71707000,33060,1961.74800000,7621008.03298100,0
1762029000000000,3889.20000000,3891.60000000,3879.79000000,3881.49000000,2064.36450000,1762030799999999,8023341.68200100,29694,864.89670000,3361845.84861400,0
1762030800000000,3881.50000000,3883.77000000,3876.92000000,3882.91000000,1177.33380000,1762032599999999,4568767.74138800,23042,662.55780000,2571343.42489500,0
1762032600000000,3882.91000000,3884.49000000,3867.67000000,3867.68000000,1757.89240000,1762034399999999,6811426.23352100,28083,503.07390000,1949656.22242700,0
1762034400000000,3867.67000000,3874.33000000,3864.31000000,3870.74000000,2880.32230000,1762036199999999,11142330.18101800,56699,1746.77230000,6757316.58176300,0
1762036200000000,3870.73000000,3875.88000000,3869.20000000,3874.68000000,2056.98120000,1762037999999999,7965528.45302000,26151,1452.56580000,5624796.26357800,0
1762038000000000,3874.67000000,3875.79000000,3868.90000000,3874.03000000,1463.87800000,1762039799999999,5667788.66661400,23147,864.09750000,3345664.06031700,0
1762039800000000,3874.04000000,3876.92000000,3871.06000000,3873.77000000,1384.36140000,1762041599999999,5363255.40523700,21339,912.88060000,3536551.37965600,0
1762041600000000,3873.78000000,3874.06000000,3865.33000000,3866.58000000,3459.28920000,1762043399999999,13380711.27043400,30809,2218.22780000,8579751.29598600,0
1762043400000000,3866.57000000,3870.51000000,3861.71000000,3866.26000000,2878.79110000,1762045199999999,11131143.51964100,24727,1849.64530000,7152084.23914100,0
1762045200000000,3866.27000000,3874.44000000,3862.12000000,3874.41000000,1867.32410000,1762046999999999,7222144.82438900,31049,1106.04200000,4277750.83243900,0
1762047000000000,3874.41000000,3876.92000000,3867.40000000,3872.09000000,2115.93940000,1762048799999999,8194676.27481000,29717,1112.18600000,4307510.55067400,0
1762048800000000,3872.09000000,3877.74000000,3868.50000000,3875.28000000,2389.24570000,1762050599999999,9257736.36490900,31627,1006.48550000,3899602.85711400,0
1762050600000000,3875.28000000,3886.85000000,3875.27000000,3880.06000000,2416.40340000,1762052399999999,9378918.54062500,37598,1352.54020000,5249894.79898800,0
1762052400000000,3880.05000000,3884.43000000,3877.51000000,3879.36000000,1215.16130000,1762054199999999,4715426.76149100,23617,426.13430000,1653628.75757000,0
1762054200000000,3879.37000000,3884.66000000,3878.01000000,3880.63000000,1285.60160000,1762055999999999,4989284.14815900,24462,596.07480000,2313171.93091900,0
1762056000000000,3880.62000000,3887.50000000,3876.01000000,3885.42000000,2847.15270000,1762057799999999,11053796.04638200,34512,1272.29750000,4941139.56486100,0
1762057800000000,3885.42000000,3913.58000000,3883.35000000,3908.24000000,9187.64090000,1762059599999999,35842772.34812100,74747,5483.95300000,21391960.69149900,0
1762059600000000,3908.24000000,3909.48000000,3894.85000000,3900.00000000,3325.58160000,1762061399999999,12975402.42415400,48550,1484.04390000,5790573.34534500,0
1762061400000000,3900.00000000,3906.41000000,3895.50000000,3903.03000000,1829.74260000,1762063199999999,7137880.01962200,38557,1009.66170000,3939086.44907900,0
1762063200000000,3903.04000000,3903.99000000,3892.13000000,3896.51000000,2064.70390000,1762064999999999,8047196.96459300,43702,789.05550000,3075369.08471200,0
1762065000000000,3896.51000000,3907.80000000,3892.50000000,3902.03000000,2766.26910000,1762066799999999,10791141.85668200,40061,1749.64440000,6825620.71602600,0
1762066800000000,3902.03000000,3903.21000000,3892.53000000,3894.89000000,3246.37500000,1762068599999999,12648656.23681900,40543,1627.94310000,6342490.64808900,0
1762068600000000,3894.89000000,3918.23000000,3892.53000000,3906.73000000,5683.25160000,1762070399999999,22205733.08108000,50177,3876.63870000,15146973.91681800,0
1762070400000000,3906.73000000,3910.97000000,3897.32000000,3898.41000000,2754.54450000,1762072199999999,10751492.96574700,39156,1441.90420000,5628140.41554600,0
1762072200000000,3898.41000000,3900.34000000,3892.55000000,3894.72000000,1880.01890000,1762073999999999,7325204.84987700,35333,941.83770000,3669890.95309400,0
1762074000000000,3894.73000000,3903.46000000,3894.72000000,3900.00000000,1465.65990000,1762075799999999,5714480.38032700,35584,749.20630000,2921069.39843100,0
1762075800000000,3900.00000000,3900.00000000,3869.00000000,3872.82000000,9171.91730000,1762077599999999,35570328.12314500,85387,3804.76870000,14751083.17741700,0
1762077600000000,3872.82000000,3876.07000000,3853.76000000,3858.74000000,8219.10770000,1762079399999999,31756242.18557200,73994,3136.65740000,12118687.01589800,0
1762079400000000,3858.74000000,3864.06000000,3853.97000000,3863.30000000,3775.25340000,1762081199999999,14569505.35676200,56687,1746.57840000,6740786.67826200,0
1762081200000000,3863.29000000,3884.00000000,3862.31000000,3881.20000000,16913.07500000,1762082999999999,65521707.86941000,68759,13196.39860000,51120412.70872500,0
1762083000000000,3881.20000000,3897.74000000,3880.91000000,3891.31000000,16114.94890000,1762084799999999,62717923.95852900,88007,10315.64540000,40145479.11427000,0
1762084800000000,3891.31000000,3895.41000000,3879.49000000,3883.00000000,6943.09060000,1762086599999999,26988479.21123800,63160,2604.15750000,10124344.71868700,0
1762086600000000,3883.00000000,3887.16000000,3871.78000000,3877.51000000,4937.72810000,1762088399999999,19145478.99187600,63747,2315.25640000,8977837.69230200,0
1762088400000000,3877.50000000,3877.75000000,3855.07000000,3863.25000000,5080.61430000,1762090199999999,19639220.62685000,83706,2434.45030000,9410670.84305800,0
1762090200000000,3863.25000000,3869.89000000,3858.01000000,3868.34000000,2739.51310000,1762091999999999,10586033.31112100,50067,1546.53040000,5976973.03523400,0
1762092000000000,3868.33000000,3873.47000000,3839.12000000,3843.00000000,7806.58110000,1762093799999999,30074494.99412500,110340,2894.26340000,11151363.96892400,0
1762093800000000,3843.00000000,3859.10000000,3841.75000000,3852.86000000,5878.12270000,1762095599999999,22641118.51404700,97387,3030.97070000,11676209.77423400,0
1762095600000000,3852.85000000,3870.00000000,3846.38000000,3867.33000000,7219.54690000,1762097399999999,27847802.63766600,76921,4250.56020000,16400240.32384100,0
1762097400000000,3867.34000000,3871.05000000,3852.28000000,3853.33000000,6110.72770000,1762099199999999,23595148.94309400,55298,2090.06900000,8071966.45652400,0
1762099200000000,3853.32000000,3862.31000000,3840.64000000,3859.98000000,9581.24930000,1762100999999999,36904758.56715700,94207,4332.38550000,16690445.58553900,0
1762101000000000,3859.98000000,3865.08000000,3851.16000000,3864.41000000,4381.61880000,1762102799999999,16907955.05446600,54766,2162.39420000,8344375.27952800,0
1762102800000000,3864.41000000,3864.63000000,3853.74000000,3859.66000000,3003.65140000,1762104599999999,11593898.69474400,41352,1177.37840000,4544885.93508200,0
1762104600000000,3859.67000000,3859.67000000,3849.77000000,3859.26000000,2243.23070000,1762106399999999,8646493.73254000,33140,508.45290000,1959911.65882700,0
1762106400000000,3859.26000000,3864.31000000,3855.58000000,3860.63000000,1376.61540000,1762108199999999,5313193.88299900,27972,864.55300000,3336794.45912100,0
1762108200000000,3860.63000000,3867.42000000,3859.50000000,3863.94000000,1244.00120000,1762109999999999,4807232.62076600,25693,766.27440000,2961125.47806100,0
1762110000000000,3863.95000000,3864.63000000,3850.26000000,3850.37000000,2083.89900000,1762111799999999,8040051.87211000,34651,761.03720000,2936323.05724800,0
1762111800000000,3850.38000000,3857.52000000,3843.12000000,3855.98000000,2770.49280000,1762113599999999,10664827.70189100,39510,1384.85040000,5331730.24583600,0
1762113600000000,3855.99000000,3858.44000000,3847.92000000,3852.40000000,1339.63270000,1762115399999999,5161817.28166000,25682,564.26600000,2174149.61807000,0
1762115400000000,3852.40000000,3859.44000000,3852.39000000,3858.24000000,1384.21500000,1762117199999999,5337446.00353900,18079,937.57860000,3615148.52124200,0
1762117200000000,3858.24000000,3863.11000000,3850.00000000,3853.40000000,2234.07560000,1762118999999999,8614977.76343900,24018,1344.55970000,5185057.91821100,0
1762119000000000,3853.39000000,3868.58000000,3853.39000000,3861.14000000,2114.06830000,1762120799999999,8164409.59256200,28841,1360.15130000,5252682.67795500,0
1762120800000000,3861.15000000,3863.44000000,3856.24000000,3859.70000000,2151.50010000,1762122599999999,8303537.79659100,26685,1192.02500000,4600617.13296300,0
1762122600000000,3859.70000000,3860.38000000,3844.05000000,3854.50000000,4303.03330000,1762124399999999,16566260.88793600,48787,2055.52700000,7913787.85118000,0
1762124400000000,3854.51000000,3882.69000000,3854.51000000,3874.17000000,6260.20830000,1762126199999999,24238330.21254300,110029,3804.06360000,14726510.85440700,0
1762126200000000,3874.17000000,3916.27000000,3872.20000000,3906.58000000,14022.73900000,1762127999999999,54672435.42238800,111760,8742.59500000,34078387.14645400,0
1762128000000000,3906.58000000,3914.29000000,3893.49000000,3893.99000000,7637.11110000,1762129799999999,29827504.48117000,105316,3616.72490000,14128559.41563000,0
1762129800000000,3893.99000000,3897.40000000,3863.27000000,3865.11000000,8559.71470000,1762131599999999,33203858.90038500,97493,3965.74510000,15383053.42835500,0
1762131600000000,3865.12000000,3865.12000000,3841.15000000,3848.51000000,16226.02150000,1762133399999999,62532392.47220700,157652,8484.29830000,32696871.41179400,0
1762133400000000,3848.51000000,3852.58000000,3828.59000000,3837.47000000,16922.46010000,1762135199999999,64969533.15317500,114118,9802.04560000,37643401.59804000,0
1762135200000000,3837.48000000,3842.18000000,3812.03000000,3813.76000000,21713.52660000,1762136999999999,83071991.33725900,129558,10574.22880000,40466974.80594600,0
1762137000000000,3813.77000000,3813.77000000,3787.41000000,3799.38000000,38405.73570000,1762138799999999,145885579.07456000,220172,17555.64860000,66673369.49394700,0
1762138800000000,3799.38000000,3807.28000000,3740.00000000,3752.27000000,30937.21250000,1762140599999999,116541274.23728800,224373,12971.29090000,48883417.31113800,0
1762140600000000,3752.26000000,3761.11000000,3728.09000000,3736.23000000,16957.56720000,1762142399999999,63468764.21945100,217916,7514.38980000,28132694.80199700,0
1762142400000000,3736.23000000,3744.94000000,3715.69000000,3738.35000000,19922.41910000,1762144199999999,74307167.56880300,186047,10117.37310000,37738925.16994800,0
1762144200000000,3738.35000000,3749.35000000,3729.49000000,3746.75000000,12548.15020000,1762145999999999,46911080.78503300,84019,8667.12100000,32401482.30042300,0
1762146000000000,3746.74000000,3765.46000000,3745.17000000,3757.38000000,8293.57190000,1762147799999999,31147943.16494500,86443,4737.51250000,17791744.73399800,0
1762147800000000,3757.39000000,3759.19000000,3728.01000000,3731.94000000,8015.56530000,1762149599999999,29966037.22434800,98455,2720.18320000,10168930.94605700,0
1762149600000000,3731.94000000,3741.01000000,3717.00000000,3724.02000000,8526.00400000,1762151399999999,31770540.88639800,126792,3780.58620000,14089438.67238800,0
1762151400000000,3724.02000000,3731.49000000,3684.00000000,3718.50000000,33107.85090000,1762153199999999,122693175.48259600,209144,15199.85860000,56357746.32563100,0
1762153200000000,3718.50000000,3733.53000000,3699.19000000,3726.91000000,14876.67510000,1762154999999999,55303118.66616200,152562,7865.35050000,29246233.57508900,0
1762155000000000,3726.91000000,3736.84000000,3703.12000000,3714.58000000,19888.83930000,1762156799999999,73930332.02017200,112193,6891.35940000,25630509.31746100,0
1762156800000000,3714.54000000,3718.15000000,3694.31000000,3701.58000000,9417.83220000,1762158599999999,34922907.91826600,110860,4664.90730000,17300106.07453500,0
1762158600000000,3701.58000000,3720.10000000,3683.65000000,3716.42000000,21495.66210000,1762160399999999,79523257.87537000,151609,8935.46870000,33090503.47957400,0
1762160400000000,3716.42000000,3740.00000000,3703.46000000,3713.71000000,13526.14490000,1762162199999999,50375415.38637900,120046,6332.77580000,23599465.07258200,0
1762162200000000,3713.70000000,3720.00000000,3696.00000000,3703.24000000,9707.79980000,1762163999999999,35976946.77014900,99153,4045.37800000,14994364.45673000,0
1762164000000000,3703.24000000,3719.09000000,3703.11000000,3717.64000000,5388.98620000,1762165799999999,20001209.71147400,71701,2827.25570000,10494733.46760500,0
1762165800000000,3717.63000000,3717.63000000,3662.88000000,3675.99000000,18069.24590000,1762167599999999,66615086.34648700,113107,8263.02130000,30458931.95874600,0
1762167600000000,3675.99000000,3724.97000000,3673.04000000,3706.50000000,27501.42810000,1762169399999999,101723507.44628300,172627,11153.21700000,41264541.30127100,0
1762169400000000,3706.50000000,3719.09000000,3696.87000000,3711.68000000,5678.25700000,1762171199999999,21068503.22560000,83361,2880.50660000,10689418.93497600,0
1762171200000000,3711.68000000,3728.64000000,3705.00000000,3726.00000000,10096.47780000,1762172999999999,37550534.11680800,115494,5922.56690000,22028300.32407900,0
1762173000000000,3725.99000000,3726.55000000,3708.10000000,3709.34000000,5898.29140000,1762174799999999,21915210.85620500,67546,1936.64370000,7196014.50952200,0
1762174800000000,3709.33000000,3716.65000000,3693.97000000,3705.63000000,10504.62160000,1762176599999999,38905552.55883600,91238,4849.56980000,17961931.03472300,0
1762176600000000,3705.64000000,3728.77000000,3705.63000000,3720.38000000,17836.61380000,1762178399999999,66340160.09169800,87150,8889.22450000,33061182.07077000,0
1762178400000000,3720.38000000,3748.64000000,3720.21000000,3722.76000000,44039.29900000,1762180199999999,164272455.44110900,150186,10937.92020000,40807828.25521800,0
1762180200000000,3722.76000000,3735.58000000,3705.94000000,3734.62000000,21171.16130000,1762181999999999,78734546.98740700,223516,8789.77220000,32707023.72935900,0
1762182000000000,3734.63000000,3739.70000000,3626.32000000,3636.79000000,52060.08980000,1762183799999999,191376265.23420900,280635,17290.60080000,63575845.30524700,0
1762183800000000,3636.78000000,3640.70000000,3582.29000000,3588.89000000,91893.23590000,1762185599999999,331350443.10973600,508744,40324.08660000,145378335.21056700,0
1762185600000000,3588.89000000,3627.49000000,3564.13000000,3613.75000000,44530.09950000,1762187399999999,160056075.38660100,362841,21591.73610000,77647619.95392200,0
1762187400000000,3613.76000000,3626.27000000,3599.55000000,3619.22000000,16396.77070000,1762189199999999,59237579.29997600,185985,8731.53670000,31553131.90477800,0
1762189200000000,3619.22000000,3669.44000000,3612.34000000,3640.05000000,22310.80300000,1762190999999999,81183273.22338700,189259,12193.31670000,44359956.26030200,0
1762191000000000,3640.06000000,3682.35000000,3638.64000000,3666.84000000,16497.22980000,1762192799999999,60453528.90345300,183586,10510.16220000,38509938.70004800,0
1762192800000000,3666.84000000,3673.50000000,3650.38000000,3652.11000000,12165.90810000,1762194599999999,44552070.20201000,156601,5248.71650000,19220217.46292900,0
1762194600000000,3652.11000000,3658.00000000,3630.82000000,3632.45000000,6763.56650000,1762196399999999,24641479.25273900,123149,3078.94710000,11216822.35947400,0
1762196400000000,3632.45000000,3647.95000000,3620.49000000,3624.09000000,14988.21320000,1762198199999999,54407640.36838400,154540,6003.70330000,21803472.18767700,0
1762198200000000,3624.09000000,3649.04000000,3623.93000000,3631.50000000,6528.11290000,1762199999999999,23732569.08457500,147165,3402.48860000,12369889.80513600,0
1762200000000000,3631.50000000,3636.69000000,3594.94000000,3602.46000000,11003.05570000,1762201799999999,39736964.02197000,155059,4748.47910000,17149698.65629300,0
1762201800000000,3602.46000000,3616.70000000,3562.74000000,3587.97000000,20414.55730000,1762203599999999,73186266.92458500,202129,8306.11060000,29780122.44456200,0
1762203600000000,3587.96000000,3615.44000000,3558.82000000,3587.82000000,18420.58860000,1762205399999999,66092725.53832800,246551,9662.96240000,34676442.80410600,0
1762205400000000,3587.83000000,3605.66000000,3578.21000000,3602.06000000,7500.12100000,1762207199999999,26972124.85557000,137193,4156.92540000,14950753.60584200,0
1762207200000000,3602.06000000,3603.70000000,3579.44000000,3579.45000000,8965.32570000,1762208999999999,32209245.99640000,138667,4126.80060000,14829902.62202200,0
1762209000000000,3579.44000000,3602.00000000,3560.30000000,3590.21000000,10595.94720000,1762210799999999,37971431.66157600,121791,4978.09100000,17841814.49401200,0
1762210800000000,3590.22000000,3593.37000000,3566.33000000,3592.24000000,7262.89720000,1762212599999999,25993844.85985800,107908,3290.43500000,11778447.76757800,0
1762212600000000,3592.24000000,3606.76000000,3591.35000000,3603.83000000,6020.61680000,1762214399999999,21675931.18012600,82683,3528.90190000,12705641.41340000,0
1762214400000000,3603.84000000,3604.88000000,3567.27000000,3568.09000000,9313.42810000,1762216199999999,33437659.86502000,122130,4234.56250000,15202968.39688700,0
1762216200000000,3568.09000000,3636.47000000,3568.09000000,3618.13000000,20114.79620000,1762217999999999,72739243.03715000,208620,10489.45210000,37904774.90249600,0
1762218000000000,3618.14000000,3644.00000000,3607.08000000,3629.38000000,10156.30050000,1762219799999999,36844537.79916400,159002,5876.07970000,21317023.81553100,0
1762219800000000,3629.39000000,3654.54000000,3627.24000000,3644.58000000,11267.47670000,1762221599999999,41042558.70603700,122708,6601.97660000,24049078.03951600,0
1762221600000000,3644.58000000,3648.73000000,3632.03000000,3635.16000000,5726.39620000,1762223399999999,20850906.56692200,85951,3060.25160000,11143779.27546600,0
1762223400000000,3635.15000000,3640.11000000,3619.00000000,3626.10000000,8326.06900000,1762225199999999,30220625.34988500,119274,3426.70700000,12438486.85440600,0
1762225200000000,3626.10000000,3650.19000000,3621.04000000,3646.19000000,11779.09810000,1762226999999999,42854660.79568900,150736,6203.59560000,22572591.32852800,0
1762227000000000,3646.19000000,3651.26000000,3638.05000000,3642.29000000,6789.52190000,1762228799999999,24752190.88752200,107804,2771.75430000,10105136.53965300,0
1762228800000000,3642.30000000,3647.95000000,3634.46000000,3637.67000000,6922.20060000,1762230599999999,25209179.95341800,95807,3851.93780000,14028576.20570100,0
1762230600000000,3637.68000000,3644.18000000,3620.81000000,3625.16000000,12904.09770000,1762232399999999,46817307.23281500,110030,4504.30770000,16339626.47190200,0
1762232400000000,3625.16000000,3631.50000000,3557.91000000,3562.45000000,28683.90030000,1762234199999999,103070447.75517100,192462,10344.55950000,37155391.97609000,0
1762234200000000,3562.45000000,3562.45000000,3485.20000000,3492.08000000,88468.21200000,1762235999999999,311463284.36403600,415668,31683.43250000,111595640.17299000,0
1762236000000000,3492.09000000,3562.27000000,3478.49000000,3533.81000000,60827.25610000,1762237799999999,214167222.57692400,319994,27303.67760000,96200765.55420600,0
1762237800000000,3533.81000000,3533.81000000,3500.76000000,3512.41000000,22914.14190000,1762239599999999,80478611.07549400,162171,9286.14950000,32615399.54538400,0
1762239600000000,3512.41000000,3520.63000000,3480.79000000,3483.97000000,41512.36330000,1762241399999999,145164238.34493300,208912,16679.64470000,58348635.97479300,0
1762241400000000,3483.97000000,3506.24000000,3474.10000000,3494.56000000,26624.60480000,1762243199999999,92821451.85811900,153078,12517.97880000,43663029.11605100,0
1762243200000000,3494.56000000,3498.20000000,3460.30000000,3491.05000000,31755.81080000,1762244999999999,110444858.44746500,220727,13673.98540000,47553642.21420300,0
1762245000000000,3491.05000000,3512.72000000,3487.10000000,3495.83000000,23601.24360000,1762246799999999,82680116.96285000,152144,9944.92580000,34834993.98274400,0
1762246800000000,3495.82000000,3503.03000000,3476.40000000,3490.92000000,13857.89910000,1762248599999999,48350963.62102800,140745,7484.45350000,26117485.25247600,0
1762248600000000,3490.92000000,3500.27000000,3483.00000000,3492.02000000,10418.97990000,1762250399999999,36399582.83342600,115245,6843.18010000,23913789.75943100,0
1762250400000000,3492.02000000,3502.00000000,3481.04000000,3485.29000000,12445.66090000,1762252199999999,43456774.94544100,124144,5552.31330000,19389267.49156100,0
1762252200000000,3485.29000000,3494.01000000,3473.50000000,3485.74000000,15405.61680000,1762253999999999,53660442.49710200,138238,7297.49120000,25415036.99376300,0
1762254000000000,3485.74000000,3525.63000000,3483.84000000,3509.86000000,45308.97180000,1762255799999999,158952470.59218100,151752,16035.47860000,56252312.81007900,0
1762255800000000,3509.85000000,3534.00000000,3507.59000000,3529.52000000,9625.40690000,1762257599999999,33875303.75572200,116284,5495.17310000,19341818.63775400,0
1762257600000000,3529.53000000,3532.28000000,3503.41000000,3509.29000000,12182.37810000,1762259399999999,42843127.58141200,138974,5757.18370000,20252465.16108600,0
1762259400000000,3509.28000000,3513.99000000,3495.58000000,3511.51000000,13819.73790000,1762261199999999,48429694.69846600,120791,7555.89550000,26487299.31617500,0
1762261200000000,3511.51000000,3520.62000000,3493.81000000,3499.66000000,21884.57000000,1762262999999999,76817571.82853200,152665,13384.79040000,46996104.05076100,0
1762263000000000,3499.66000000,3523.52000000,3498.00000000,3507.37000000,19202.60340000,1762264799999999,67463100.14226500,136585,13398.34830000,47074661.08203900,0
1762264800000000,3507.37000000,3512.96000000,3493.49000000,3499.30000000,15934.79860000,1762266599999999,55814282.23795700,140520,9747.70340000,34148622.13057900,0
1762266600000000,3499.30000000,3563.14000000,3474.00000000,3555.94000000,45205.17050000,1762268399999999,159107100.59318400,375544,27062.52850000,95338168.14378200,0
1762268400000000,3555.97000000,3587.66000000,3543.61000000,3564.02000000,34851.99200000,1762270199999999,124327232.77882500,267559,20163.52480000,71935352.66346900,0
1762270200000000,3564.02000000,3564.02000000,3496.00000000,3507.58000000,21226.76720000,1762271999999999,74906261.57079400,233305,9607.73690000,33866796.69611600,0
1762272000000000,3507.59000000,3520.58000000,3458.00000000,3477.17000000,24314.62590000,1762273799999999,84731952.75104700,275661,10019.80480000,34925389.69890800,0
1762273800000000,3477.17000000,3489.68000000,3425.53000000,3429.62000000,43194.00180000,1762275599999999,149110826.53864000,301737,15440.34310000,53285915.40721000,0
1762275600000000,3429.63000000,3429.72000000,3362.70000000,3385.60000000,70102.54090000,1762277399999999,238026490.32226300,409971,30722.50930000,104278894.50114500,0
1762277400000000,3385.59000000,3420.30000000,3365.40000000,3373.33000000,38427.07820000,1762279199999999,130378364.04451700,274192,20109.85240000,68259600.57414300,0
1762279200000000,3373.32000000,3374.56000000,3313.00000000,3320.39000000,54587.78640000,1762280999999999,182474761.75902400,333207,25630.11230000,85681280.72043900,0
1762281000000000,3320.38000000,3326.19000000,3256.00000000,3303.30000000,88362.10210000,1762282799999999,290653371.95376200,426626,37793.49040000,124418158.98022500,0
1762282800000000,3303.29000000,3316.88000000,3285.74000000,3292.83000000,27719.03690000,1762284599999999,91505230.51726900,287666,13748.86490000,45397690.62991200,0
1762284600000000,3292.82000000,3298.84000000,3226.16000000,3230.94000000,37233.11100000,1762286399999999,121448418.29786500,244781,14553.48420000,47495332.29922200,0
1762286400000000,3230.94000000,3252.42000000,3125.00000000,3184.63000000,104682.47980000,1762288199999999,333006474.27889000,433990,46016.52180000,146372878.18832900,0
1762288200000000,3184.63000000,3226.16000000,3149.55000000,3213.52000000,57850.63920000,1762289999999999,184645015.40050100,353848,29051.60140000,92767689.87940700,0
1762290000000000,3213.53000000,3218.98000000,3159.31000000,3164.63000000,35716.33770000,1762291799999999,113859747.99577200,240287,15920.89110000,50764432.71295000,0
1762291800000000,3164.62000000,3216.50000000,3057.00000000,3214.87000000,112824.37010000,1762293599999999,352950436.73355600,476082,55096.74880000,172501560.15108900,0
1762293600000000,3214.88000000,3272.40000000,3198.67000000,3259.99000000,59605.79720000,1762295399999999,193747581.11602800,261238,30281.98810000,98398883.32430600,0
1762295400000000,3259.99000000,3289.84000000,3227.33000000,3247.20000000,31202.82950000,1762297199999999,101571686.69137500,169664,16264.84270000,52954689.29246900,0
1762297200000000,3247.19000000,3304.49000000,3242.24000000,3271.57000000,45046.64400000,1762298999999999,147445343.89582000,202385,21725.25320000,71094338.97731000,0
1762299000000000,3271.57000000,3300.95000000,3268.74000000,3287.05000000,18077.38630000,1762300799999999,59432010.21255300,132908,10563.29380000,34738688.83853600,0
1762300800000000,3287.05000000,3301.61000000,3251.76000000,3255.24000000,33450.50880000,1762302599999999,109556329.79541300,163596,19782.91740000,64807749.53035400,0
1762302600000000,3255.24000000,3259.21000000,3228.97000000,3240.47000000,32763.87860000,1762304399999999,106240875.83046200,159364,19779.28960000,64134251.35823200,0
1762304400000000,3240.46000000,3242.36000000,3166.66000000,3180.82000000,43999.97460000,1762306199999999,140927910.08545800,241587,24152.55110000,77376742.01635600,0
1762306200000000,3180.82000000,3254.90000000,3168.59000000,3243.67000000,53257.26740000,1762307999999999,170638963.01327500,358849,29970.14070000,96116932.46817800,0
1762308000000000,3243.67000000,3286.43000000,3243.67000000,3266.99000000,37981.58030000,1762309799999999,124175930.72528300,286093,23425.49230000,76587462.74469500,0
1762309800000000,3266.99000000,3326.39000000,3260.00000000,3324.94000000,28705.13420000,1762311599999999,94590791.54148300,221761,18095.49230000,59634018.23899900,0
1762311600000000,3324.94000000,3334.43000000,3305.76000000,3329.07000000,18317.40190000,1762313399999999,60827894.36189500,184311,9947.70960000,33043501.60688000,0
1762313400000000,3329.06000000,3349.12000000,3324.66000000,3334.83000000,15552.06130000,1762315199999999,51918155.21543800,175308,8538.36350000,28505077.53537100,0
1762315200000000,3334.83000000,3344.76000000,3314.11000000,3315.32000000,11375.34810000,1762316999999999,37867643.02491700,143070,5011.97850000,16689191.21346800,0
1762317000000000,3315.31000000,3345.96000000,3314.00000000,3329.48000000,12376.78750000,1762318799999999,41238671.11631700,121375,7818.60490000,26059482.36137600,0
1762318800000000,3329.47000000,3354.60000000,3327.00000000,3333.78000000,11138.10950000,1762320599999999,37223462.89782100,118174,7498.99860000,25065215.61861400,0
1762320600000000,3333.79000000,3345.12000000,3324.44000000,3326.14000000,5557.14410000,1762322399999999,18523836.20812300,90587,2647.67480000,8827766.12697400,0
1762322400000000,3326.13000000,3341.60000000,3310.64000000,3325.15000000,12676.52750000,1762324199999999,42119269.64714600,106397,5715.74710000,18994752.63306400,0
1762324200000000,3325.16000000,3337.69000000,3321.00000000,3337.13000000,5307.04040000,1762325999999999,17661717.73081500,79011,2980.74570000,9922544.61644400,0
1762326000000000,3337.13000000,3338.28000000,3300.89000000,3320.28000000,12798.19720000,1762327799999999,42473764.89903500,94126,4783.41600000,15884544.85414400,0
1762327800000000,3320.28000000,3342.06000000,3317.39000000,3331.08000000,10076.45540000,1762329599999999,33569658.45329900,90179,5414.20380000,18036462.00690800,0
1762329600000000,3331.09000000,3331.09000000,3284.54000000,3292.96000000,16507.50150000,1762331399999999,54555995.91118600,142931,5695.63950000,18823009.57649800,0
1762331400000000,3292.95000000,3311.68000000,3282.78000000,3300.85000000,14343.13380000,1762333199999999,47321697.05878600,152183,6985.23740000,23049087.61417300,0
1762333200000000,3300.84000000,3322.04000000,3292.97000000,3309.80000000,12921.82200000,1762334999999999,42752320.53172800,160866,6137.86900000,20309695.39851100,0
1762335000000000,3309.80000000,3313.49000000,3295.02000000,3307.53000000,7511.30860000,1762336799999999,24825973.60800600,137044,3132.47850000,10352785.85649400,0
1762336800000000,3307.53000000,3308.04000000,3285.06000000,3296.43000000,7841.70010000,1762338599999999,25844262.02438200,136000,3026.38230000,9974463.62595200,0
1762338600000000,3296.43000000,3302.03000000,3274.54000000,3276.55000000,8849.35990000,1762340399999999,29081292.47667500,113141,3242.26330000,10655424.13781700,0
1762340400000000,3276.59000000,3309.00000000,3276.06000000,3299.92000000,10850.93940000,1762342199999999,35773924.44542500,111258,5971.38630000,19686206.60613200,0
1762342200000000,3299.93000000,3325.00000000,3297.61000000,3322.55000000,11607.67660000,1762343999999999,38456866.77007200,117883,5372.58200000,17801358.81988900,0
1762344000000000,3322.58000000,3359.00000000,3312.93000000,3354.74000000,18216.86380000,1762345799999999,60769727.31756500,147744,11478.21750000,38306848.11184100,0
1762345800000000,3354.74000000,3354.74000000,3333.28000000,3345.05000000,12523.46560000,1762347599999999,41852339.99169500,126904,5465.91140000,18266610.50621100,0
1762347600000000,3345.04000000,3348.83000000,3324.64000000,3331.51000000,12388.53260000,1762349399999999,41322699.94557300,126475,5282.17440000,17618340.93256800,0
1762349400000000,3331.52000000,3375.79000000,3328.04000000,3360.31000000,22096.93510000,1762351199999999,74159646.18744800,187014,11668.75970000,39172178.20069400,0
1762351200000000,3360.31000000,3372.34000000,3332.03000000,3340.83000000,13312.49000000,1762352999999999,44599084.74958300,169192,6533.93070000,21892179.97487100,0
1762353000000000,3340.83000000,3362.47000000,3319.44000000,3348.92000000,25792.75300000,1762354799999999,86115225.40423300,266005,14546.80880000,48570871.05014800,0
1762354800000000,3348.93000000,3369.15000000,3334.19000000,3358.44000000,16790.86350000,1762356599999999,56305788.08559500,226285,8276.82290000,27762772.09071600,0
1762356600000000,3358.44000000,3399.19000000,3357.00000000,3398.36000000,24752.07390000,1762358399999999,83724154.53698400,210724,13724.42280000,46411068.04188500,0
1762358400000000,3398.37000000,3406.68000000,3370.82000000,3390.17000000,23553.82350000,1762360199999999,79846117.51517400,176982,11162.25740000,37849356.61756600,0
1762360200000000,3390.17000000,3440.11000000,3387.58000000,3437.93000000,47868.65140000,1762361999999999,163287167.42141700,178745,19236.24880000,65662530.54295500,0
1762362000000000,3437.94000000,3446.25000000,3418.41000000,3437.48000000,24399.61520000,1762363799999999,83710127.50299000,145552,9555.18250000,32781177.97424800,0
1762363800000000,3437.47000000,3447.42000000,3423.06000000,3436.02000000,13056.05210000,1762365599999999,44853851.09403400,127547,7430.73170000,25536496.63232200,0
1762365600000000,3436.02000000,3441.83000000,3430.29000000,3441.83000000,6553.50420000,1762367399999999,22514754.98663000,95364,4213.13340000,14474989.77118400,0
1762367400000000,3441.83000000,3479.16000000,3438.78000000,3462.04000000,18823.20970000,1762369199999999,65163273.78237600,139580,11573.18570000,40055625.39559700,0
1762369200000000,3462.03000000,3466.08000000,3445.53000000,3455.59000000,10613.87480000,1762370999999999,36680768.45575400,104570,5396.16140000,18647939.43744200,0
1762371000000000,3455.58000000,3471.74000000,3448.77000000,3455.12000000,9560.50650000,1762372799999999,33083309.77361000,92258,4981.09690000,17240271.25974900,0
1762372800000000,3455.11000000,3480.46000000,3453.20000000,3458.00000000,9831.70150000,1762374599999999,34110897.50420900,112194,5323.73210000,18470741.21522000,0
1762374600000000,3457.99000000,3467.91000000,3441.31000000,3450.98000000,13986.27480000,1762376399999999,48329563.15756800,135826,6511.36010000,22504947.07905000,0
1762376400000000,3450.98000000,3450.98000000,3430.05000000,3436.81000000,10623.53220000,1762378199999999,36532589.66183100,116754,4720.43630000,16234319.19761800,0
1762378200000000,3436.80000000,3451.30000000,3432.13000000,3442.36000000,10903.47230000,1762379999999999,37517608.48695200,84346,6652.54570000,22887117.70683900,0
1762380000000000,3442.37000000,3445.18000000,3415.29000000,3421.01000000,11165.73570000,1762381799999999,38243244.32953300,74182,4124.31490000,14119090.63157000,0
1762381800000000,3421.01000000,3433.80000000,3421.01000000,3424.74000000,4402.91260000,1762383599999999,15091055.91297500,45181,2301.34480000,7887815.98891000,0
1762383600000000,3424.74000000,3435.29000000,3415.46000000,3431.48000000,6731.66120000,1762385399999999,23059192.79651200,79345,3189.59320000,10927659.63184100,0
1762385400000000,3431.48000000,3435.35000000,3422.82000000,3424.29000000,5876.14930000,1762387199999999,20150943.17995100,61856,2743.35920000,9408507.30329900,0
1762387200000000,3424.29000000,3424.30000000,3395.88000000,3403.74000000,12414.61820000,1762388999999999,42311532.32583100,100984,4867.25010000,16587629.36313000,0
1762389000000000,3403.73000000,3409.73000000,3392.83000000,3407.60000000,6604.42770000,1762390799999999,22456726.07730600,81682,2969.79700000,10102515.03331600,0
1762390800000000,3407.59000000,3407.59000000,3375.13000000,3381.30000000,10585.45530000,1762392599999999,35854849.64479900,104675,3893.55780000,13179484.07821900,0
1762392600000000,3381.30000000,3410.78000000,3381.30000000,3405.38000000,7594.67230000,1762394399999999,25815869.24770300,103915,4142.35760000,14080777.19531100,0
1762394400000000,3405.38000000,3416.50000000,3392.30000000,3397.40000000,7327.42970000,1762396199999999,24932422.83987400,100897,3034.20670000,10329341.60278100,0
1762396200000000,3397.41000000,3429.99000000,3396.07000000,3422.13000000,8777.37010000,1762397999999999,30007464.19721300,113495,5091.48760000,17400406.26034500,0
1762398000000000,3422.13000000,3450.50000000,3421.31000000,3432.12000000,10973.17410000,1762399799999999,37718013.18628200,119634,6328.14610000,21752690.22519800,0
1762399800000000,3432.12000000,3440.77000000,3429.13000000,3432.90000000,4609.36910000,1762401599999999,15832463.24074800,71776,2754.90680000,9462896.53493600,0
1762401600000000,3432.91000000,3445.49000000,3428.93000000,3439.28000000,5489.45820000,1762403399999999,18874175.43042700,66133,3056.79900000,10509828.46771700,0
1762403400000000,3439.28000000,3456.46000000,3434.17000000,3452.83000000,5670.31580000,1762405199999999,19550837.12463300,69657,3813.67340000,13151239.50114700,0
1762405200000000,3452.83000000,3452.83000000,3410.06000000,3413.11000000,10631.34700000,1762406999999999,36422946.47020000,109713,3825.23890000,13104498.38703900,0
1762407000000000,3413.12000000,3414.99000000,3372.30000000,3388.39000000,23182.43520000,1762408799999999,78535453.53011300,125896,5465.71780000,18534573.52622400,0
1762408800000000,3388.37000000,3402.16000000,3378.62000000,3397.52000000,9099.27510000,1762410599999999,30862457.33047800,95224,4565.50780000,15488417.02413400,0
1762410600000000,3397.52000000,3402.28000000,3383.10000000,3384.71000000,6262.47910000,1762412399999999,21232384.49951900,83921,2864.02440000,9710591.66098500,0
1762412400000000,3384.72000000,3394.70000000,3361.00000000,3386.75000000,12261.47780000,1762414199999999,41429313.90271800,114057,5534.71180000,18706123.21551100,0
1762414200000000,3386.75000000,3386.75000000,3366.36000000,3380.42000000,7961.39010000,1762415999999999,26873049.34130300,100941,3577.75220000,12078061.05489700,0
1762416000000000,3380.40000000,3394.44000000,3372.63000000,3390.06000000,6652.17920000,1762417799999999,22515382.99067500,105506,4114.81490000,13927293.69085800,0
1762417800000000,3390.07000000,3391.80000000,3373.77000000,3385.61000000,6140.85460000,1762419599999999,20766506.58960000,99872,3385.71610000,11450325.14762900,0
1762419600000000,3385.61000000,3394.43000000,3375.28000000,3386.28000000,4487.56490000,1762421399999999,15194011.54385200,94801,2265.92610000,7673214.75542200,0
1762421400000000,3386.28000000,3393.65000000,3378.56000000,3383.19000000,4876.78550000,1762423199999999,16518912.62975200,68921,2157.49870000,7309339.87672700,0
1762423200000000,3383.20000000,3390.73000000,3366.99000000,3388.03000000,6328.52910000,1762424999999999,21393619.52216200,84182,3338.71160000,11289589.75911000,0
1762425000000000,3388.03000000,3415.00000000,3387.25000000,3393.70000000,13149.95760000,1762426799999999,44720475.65631300,111400,6009.09950000,20441305.73159800,0
1762426800000000,3393.70000000,3405.96000000,3380.77000000,3404.30000000,6145.45540000,1762428599999999,20850926.07790500,82971,3134.13900000,10634812.76768700,0
1762428600000000,3404.31000000,3407.79000000,3395.10000000,3399.40000000,6762.07000000,1762430399999999,22998927.51731400,68884,2841.42350000,9663780.33262000,0
1762430400000000,3399.39000000,3404.78000000,3372.52000000,3374.19000000,8034.16100000,1762432199999999,27228616.15610200,88041,3627.18560000,12295306.01606800,0
1762432200000000,3374.19000000,3382.36000000,3342.43000000,3349.50000000,16047.68320000,1762433999999999,53900202.18458500,152731,7206.73330000,24212132.43311400,0
1762434000000000,3349.50000000,3398.61000000,3349.49000000,3393.13000000,12761.58150000,1762435799999999,43083178.50767700,164768,6922.97400000,23374423.74160800,0
1762435800000000,3393.13000000,3403.52000000,3383.83000000,3391.03000000,7794.80950000,1762437599999999,26451055.18583600,132629,4063.08150000,13791179.96682000,0
1762437600000000,3391.03000000,3400.37000000,3354.61000000,3361.98000000,13409.54930000,1762439399999999,45191579.16128200,177221,6622.19660000,22318556.58122500,0
1762439400000000,3361.99000000,3362.89000000,3319.44000000,3329.01000000,24662.34070000,1762441199999999,82345126.83025000,327538,12056.29810000,40262092.31920600,0
1762441200000000,3329.01000000,3365.67000000,3321.87000000,3343.43000000,18803.64000000,1762442999999999,62830490.82999900,245727,9150.98290000,30577243.75071300,0
1762443000000000,3343.44000000,3344.75000000,3276.54000000,3300.00000000,53748.85480000,1762444799999999,177330426.89653700,313321,30062.81100000,99116137.34182200,0
1762444800000000,3300.00000000,3322.89000000,3284.31000000,3303.73000000,34192.79190000,1762446599999999,112961013.78910100,261185,21661.44530000,71577092.34111000,0
1762446600000000,3303.71000000,3303.71000000,3245.45000000,3276.59000000,27716.08850000,1762448399999999,90635849.55002900,272711,12261.03390000,40079467.18893200,0
1762448400000000,3276.60000000,3313.15000000,3270.70000000,3307.99000000,21483.14070000,1762450199999999,70684177.59083800,234998,11148.81230000,36696064.79783800,0
1762450200000000,3307.98000000,3340.71000000,3299.00000000,3329.65000000,19854.39000000,1762451999999999,65913068.31423500,205634,11689.18800000,38811639.00829700,0
1762452000000000,3329.65000000,3334.97000000,3295.33000000,3310.51000000,13300.26560000,1762453799999999,44062462.78412000,183237,5872.69820000,19451836.09366700,0
1762453800000000,3310.51000000,3352.37000000,3309.69000000,3329.43000000,14314.84870000,1762455599999999,47734461.34294700,188649,7578.24900000,25266389.48099300,0
1762455600000000,3329.42000000,3343.73000000,3324.45000000,3338.30000000,8686.81680000,1762457399999999,28977753.23828700,164155,4752.67550000,15854707.85298700,0
1762457400000000,3338.31000000,3342.80000000,3309.99000000,3325.80000000,9830.98220000,1762459199999999,32692558.74416000,140443,4497.34530000,14956466.40689500,0
1762459200000000,3325.86000000,3337.30000000,3305.49000000,3308.13000000,8319.43190000,1762460999999999,27643999.59356900,149401,3442.85650000,11447104.21803900,0
1762461000000000,3308.12000000,3312.45000000,3287.77000000,3306.41000000,10677.23300000,1762462799999999,35237993.25977200,171817,5091.75950000,16805520.60803500,0
1762462800000000,3306.41000000,3316.72000000,3292.70000000,3315.68000000,6241.46620000,1762464599999999,20616160.13096500,109156,2992.64100000,9887596.83535400,0
1762464600000000,3315.68000000,3335.57000000,3313.39000000,3326.04000000,6691.84410000,1762466399999999,22251282.39606200,96899,3730.86960000,12407520.33837400,0
1762466400000000,3326.04000000,3330.35000000,3308.26000000,3312.77000000,5519.29270000,1762468199999999,18316387.76451100,77198,1417.34930000,4703811.94199100,0
1762468200000000,3312.78000000,3323.12000000,3295.29000000,3319.61000000,7905.60630000,1762469999999999,26159834.07735300,81000,3806.09940000,12598993.55081200,0
1762470000000000,3319.61000000,3319.61000000,3290.40000000,3304.51000000,7162.52490000,1762471799999999,23669218.83225800,115173,3301.32750000,10910802.85594600,0
1762471800000000,3304.52000000,3315.15000000,3291.37000000,3315.14000000,5216.26570000,1762473599999999,17232439.13059600,89598,2580.77920000,8526640.09478400,0
1762473600000000,3315.14000000,3329.41000000,3294.11000000,3301.40000000,9718.73290000,1762475399999999,32213639.53706600,157236,4904.97600000,16263970.44755800,0
1762475400000000,3301.41000000,3332.29000000,3294.39000000,3324.97000000,10149.96350000,1762477199999999,33719038.00225300,154489,5294.12420000,17585608.44770300,0
1762477200000000,3324.98000000,3330.82000000,3295.76000000,3322.04000000,10621.95190000,1762478999999999,35225640.81311100,184195,5615.46460000,18627466.90183300,0
1762479000000000,3322.04000000,3325.14000000,3276.19000000,3324.79000000,17418.46820000,1762480799999999,57432434.81988200,198031,8569.57950000,28273893.11427100,0
1762480800000000,3324.79000000,3327.36000000,3304.26000000,3304.92000000,9594.51790000,1762482599999999,31824267.26896400,154610,4647.66610000,15417986.46032600,0
1762482600000000,3304.92000000,3352.38000000,3304.92000000,3346.66000000,15733.08640000,1762484399999999,52422451.81338300,125134,8533.23770000,28433124.00168000,0
1762484400000000,3346.68000000,3365.32000000,3343.22000000,3361.86000000,11931.46670000,1762486199999999,40050931.98979900,144730,7322.55670000,24580755.92513600,0
1762486200000000,3361.85000000,3362.29000000,3342.93000000,3345.12000000,7630.09660000,1762487999999999,25574067.31646700,87238,3581.90280000,12006625.37899100,0
1762488000000000,3345.12000000,3348.55000000,3329.54000000,3341.00000000,7438.94790000,1762489799999999,24826817.48536500,87506,3792.16080000,12658434.38008500,0
1762489800000000,3341.00000000,3341.00000000,3319.59000000,3338.42000000,7858.73430000,1762491599999999,26166779.19592900,89109,3777.45410000,12577515.34655100,0
1762491600000000,3338.42000000,3363.69000000,3337.69000000,3359.54000000,7168.65510000,1762493399999999,24040403.16364900,119175,3971.92140000,13316366.90355600,0
1762493400000000,3359.51000000,3369.99000000,3356.11000000,3366.78000000,8229.40280000,1762495199999999,27665354.32186500,103840,4119.97650000,13851356.72980700,0
1762495200000000,3366.79000000,3369.99000000,3359.28000000,3360.72000000,3397.40020000,1762496999999999,11431450.80188000,62958,1654.90660000,5568683.58953400,0
1762497000000000,3360.72000000,3360.73000000,3347.51000000,3348.02000000,4853.09540000,1762498799999999,16272542.34810900,65050,2131.92130000,7148596.29785100,0
1762498800000000,3348.02000000,3364.25000000,3340.00000000,3345.77000000,7007.23890000,1762500599999999,23498063.16644000,91548,2828.99930000,9489250.83988500,0
1762500600000000,3345.76000000,3359.50000000,3334.25000000,3358.42000000,14639.69710000,1762502399999999,48984383.90293500,78969,9232.74540000,30897133.72394500,0
1762502400000000,3358.41000000,3360.67000000,3343.12000000,3349.89000000,4712.93740000,1762504199999999,15800686.01168100,85349,2209.30040000,7409590.57837100,0
1762504200000000,3349.89000000,3350.70000000,3334.14000000,3342.04000000,6830.30610000,1762505999999999,22811876.79206200,101625,3336.41890000,11140737.70365200,0
1762506000000000,3342.04000000,3342.04000000,3305.54000000,3307.03000000,10082.31110000,1762507799999999,33495041.00541600,116046,3255.83350000,10816245.00472000,0
1762507800000000,3307.03000000,3312.76000000,3289.75000000,3301.48000000,9453.86980000,1762509599999999,31186287.40840600,143017,3843.57470000,12678459.35595300,0
1762509600000000,3301.47000000,3310.33000000,3272.47000000,3279.22000000,12435.61870000,1762511399999999,40903144.89028100,129245,4992.81360000,16423516.06502800,0
1762511400000000,3279.22000000,3289.56000000,3272.50000000,3280.55000000,3627.03080000,1762513199999999,11900461.83431300,76661,1745.93530000,5729490.96112700,0
1762513200000000,3280.54000000,3280.54000000,3225.36000000,3232.01000000,30989.41650000,1762514999999999,100664088.41506600,243480,12823.89350000,41627041.67600200,0
1762515000000000,3232.02000000,3266.00000000,3226.28000000,3259.97000000,17232.70920000,1762516799999999,55975065.79367400,172496,9068.62470000,29462527.65988000,0
1762516800000000,3259.97000000,3274.40000000,3210.01000000,3215.28000000,25666.46720000,1762518599999999,83167911.32870800,171161,12094.65820000,39209385.83461000,0
1762518600000000,3215.28000000,3225.10000000,3197.00000000,3223.05000000,25764.41080000,1762520399999999,82696358.18164700,224103,12325.06330000,39566267.59546500,0
1762520400000000,3223.04000000,3248.88000000,3214.41000000,3237.37000000,15195.14530000,1762522199999999,49091820.32629300,172976,8140.79880000,26302942.32792200,0
1762522200000000,3237.37000000,3249.76000000,3227.04000000,3240.99000000,9214.22760000,1762523999999999,29845063.65790900,139596,4853.97240000,15723455.89366400,0
1762524000000000,3240.99000000,3248.49000000,3225.24000000,3230.65000000,11387.54610000,1762525799999999,36827144.01989600,149330,4745.70580000,15351177.59188400,0
1762525800000000,3230.67000000,3299.29000000,3194.20000000,3289.43000000,57369.59540000,1762527599999999,186677541.10456600,392757,29748.09560000,96831128.54145800,0
1762527600000000,3289.43000000,3318.35000000,3262.82000000,3309.66000000,38970.49340000,1762529399999999,128481985.78683400,321125,22780.94460000,75119724.93704500,0
1762529400000000,3309.65000000,3316.15000000,3281.59000000,3297.52000000,28916.03530000,1762531199999999,95285400.79838000,217192,15684.50280000,51670749.47816700,0
1762531200000000,3297.52000000,3333.00000000,3273.99000000,3325.12000000,28882.35610000,1762532999999999,95352700.72603900,228327,18079.38250000,59706692.73769200,0
1762533000000000,3325.12000000,3328.47000000,3295.67000000,3309.20000000,18353.76360000,1762534799999999,60828299.81118100,193186,10186.62000000,33765816.06789700,0
1762534800000000,3309.20000000,3387.31000000,3296.99000000,3378.17000000,30097.24870000,1762536599999999,100613006.84687300,227098,16636.51810000,55624053.55602700,0
1762536600000000,3378.17000000,3395.37000000,3365.48000000,3385.63000000,18870.48840000,1762538399999999,63832248.29261800,211026,9850.76220000,33328429.22501400,0
1762538400000000,3385.63000000,3422.73000000,3377.90000000,3421.29000000,21116.43640000,1762540199999999,71855275.54293900,234510,11802.46930000,40160740.28380100,0
1762540200000000,3421.28000000,3435.29000000,3411.02000000,3426.17000000,15403.00850000,1762541999999999,52742239.80444800,179762,7765.30940000,26593118.45004500,0
1762542000000000,3426.16000000,3439.82000000,3417.35000000,3428.02000000,9680.60820000,1762543799999999,33200914.80982900,154072,4943.57530000,16956184.71994600,0
1762543800000000,3428.03000000,3450.00000000,3427.87000000,3443.60000000,10006.14640000,1762545599999999,34427640.97414000,140495,5742.15770000,19755134.39139300,0
1762545600000000,3443.60000000,3452.36000000,3430.23000000,3444.76000000,17968.57630000,1762547399999999,61846718.97484200,185565,10854.39520000,37364098.78736300,0
1762547400000000,3444.80000000,3471.43000000,3444.80000000,3465.25000000,12048.99310000,1762549199999999,41692770.54520300,152896,7149.51040000,24739092.94285500,0
1762549200000000,3465.26000000,3469.28000000,3449.53000000,3464.18000000,6902.16170000,1762550999999999,23881145.14330400,103729,3550.00880000,12284395.22270800,0
1762551000000000,3464.17000000,3470.58000000,3461.66000000,3468.83000000,5283.82030000,1762552799999999,18307771.77628900,74427,2918.79600000,10113009.63149600,0
1762552800000000,3468.83000000,3473.00000000,3447.50000000,3459.19000000,6776.71560000,1762554599999999,23449167.67923200,94062,3019.88180000,10451172.70039500,0
1762554600000000,3459.19000000,3459.19000000,3443.79000000,3445.89000000,5367.23140000,1762556399999999,18518753.88979000,59749,2128.74650000,7345033.19646800,0
1762556400000000,3445.90000000,3449.93000000,3435.00000000,3437.48000000,8018.91300000,1762558199999999,27604840.43493700,77687,2192.55250000,7548370.95979000,0
1762558200000000,3437.49000000,3447.24000000,3433.23000000,3436.05000000,7401.34120000,1762559999999999,25458578.68253400,62671,3605.63110000,12406804.34657100,0
1762560000000000,3436.04000000,3439.43000000,3421.05000000,3425.93000000,10040.49800000,1762561799999999,34440732.52516200,105941,4302.72860000,14763079.93499400,0
1762561800000000,3425.94000000,3448.84000000,3405.87000000,3424.55000000,11399.24870000,1762563599999999,39076949.98408300,120665,5154.31960000,17668281.42898400,0
1762563600000000,3424.55000000,3446.99000000,3422.13000000,3437.53000000,6171.84620000,1762565399999999,21216751.78941500,119351,3633.03750000,12487350.71064100,0
1762565400000000,3437.53000000,3446.09000000,3429.15000000,3437.27000000,5221.24240000,1762567199999999,17945960.12850000,85072,3153.23300000,10839698.57488300,0
1762567200000000,3437.26000000,3458.66000000,3432.58000000,3452.08000000,7680.10650000,1762568999999999,26490440.71740200,104860,4639.68740000,16003415.55982900,0
1762569000000000,3452.08000000,3460.00000000,3439.64000000,3440.90000000,6003.84850000,1762570799999999,20719234.72201500,88632,2397.11120000,8275600.93687900,0
1762570800000000,3440.91000000,3457.75000000,3439.55000000,3454.91000000,5038.63930000,1762572599999999,17386447.66956700,78816,2573.95000000,8884820.55545800,0
1762572600000000,3454.91000000,3467.64000000,3446.60000000,3454.19000000,10180.86100000,1762574399999999,35205193.43238500,103058,5919.48770000,20470511.93558300,0
1762574400000000,3454.18000000,3471.66000000,3450.10000000,3451.47000000,6223.34320000,1762576199999999,21541029.50528500,84196,3214.36930000,11128861.93322800,0
1762576200000000,3451.48000000,3488.00000000,3449.01000000,3459.00000000,11564.56570000,1762577999999999,40129776.61856000,101437,6759.62760000,23462862.20875300,0
1762578000000000,3459.00000000,3466.99000000,3437.10000000,3445.60000000,6823.49280000,1762579799999999,23532321.16186900,97227,2814.27620000,9707919.07210400,0
1762579800000000,3445.61000000,3448.62000000,3425.81000000,3431.18000000,5863.29430000,1762581599999999,20150001.85389500,81130,2273.00040000,7813197.08638000,0
1762581600000000,3431.19000000,3450.00000000,3418.60000000,3445.04000000,10210.75740000,1762583399999999,35066830.91675700,101875,5352.09440000,18385839.40237300,0
1762583400000000,3445.04000000,3455.00000000,3442.69000000,3445.45000000,4695.23550000,1762585199999999,16195822.33861400,65686,2269.60360000,7830062.88018500,0
1762585200000000,3445.46000000,3446.10000000,3424.93000000,3434.19000000,5232.46850000,1762586999999999,17978292.25069500,65779,2138.46900000,7346387.84456300,0
1762587000000000,3434.20000000,3451.47000000,3429.99000000,3447.90000000,3043.89400000,1762588799999999,10482353.80411200,42032,1872.25880000,6449231.01162800,0
1762588800000000,3447.89000000,3457.42000000,3436.16000000,3452.31000000,5529.49180000,1762590599999999,19068032.68083500,65233,3513.68480000,12123562.53427300,0
1762590600000000,3452.32000000,3473.42000000,3451.75000000,3454.73000000,7548.54620000,1762592399999999,26145554.11026400,62678,4999.35130000,17320868.43719000,0
1762592400000000,3454.74000000,3463.75000000,3448.65000000,3460.63000000,3019.72200000,1762594199999999,10431191.39195100,60209,1579.43620000,5456963.98923100,0
1762594200000000,3460.62000000,3464.78000000,3438.96000000,3439.88000000,4214.23030000,1762595999999999,14535133.07847800,59160,1557.37320000,5372032.03304400,0
1762596000000000,3439.88000000,3448.92000000,3433.57000000,3448.31000000,5456.49000000,1762597799999999,18769746.92387200,59336,2609.76030000,8978882.11797700,0
1762597800000000,3448.31000000,3450.00000000,3443.78000000,3446.01000000,2036.33380000,1762599599999999,7019734.21285700,36875,967.86260000,3336701.58312000,0
1762599600000000,3446.03000000,3456.07000000,3443.48000000,3450.85000000,2768.70720000,1762601399999999,9550707.89132200,42425,1579.15750000,5447215.18902800,0
1762601400000000,3450.84000000,3451.49000000,3407.00000000,3413.03000000,10158.65440000,1762603199999999,34771603.55591800,100338,3731.18040000,12766859.07059600,0
1762603200000000,3413.02000000,3417.58000000,3398.49000000,3408.86000000,9542.63260000,1762604999999999,32512460.82392100,90973,3842.35490000,13094287.08943600,0
1762605000000000,3408.87000000,3412.89000000,3403.67000000,3408.86000000,3471.22320000,1762606799999999,11831872.62813600,51228,1391.52990000,4743297.58621100,0
1762606800000000,3408.87000000,3410.68000000,3390.25000000,3401.02000000,11743.82780000,1762608599999999,39909461.48445800,96645,5442.94820000,18496909.54693900,0
1762608600000000,3400.96000000,3412.60000000,3390.46000000,3396.83000000,7406.96900000,1762610399999999,25201290.08314400,106237,4157.49050000,14149629.24288300,0
1762610400000000,3396.83000000,3401.25000000,3373.11000000,3385.72000000,10949.05670000,1762612199999999,37050789.93481700,122937,4497.15600000,15217149.14275500,0
1762612200000000,3385.71000000,3412.14000000,3384.96000000,3399.77000000,7110.64850000,1762613999999999,24186787.55172900,93456,4352.98800000,14805999.66953500,0
1762614000000000,3399.78000000,3403.98000000,3378.53000000,3382.93000000,7294.70160000,1762615799999999,24734518.57559600,101609,3079.35770000,10441101.44439400,0
1762615800000000,3382.93000000,3388.44000000,3370.36000000,3376.79000000,7443.37550000,1762617599999999,25153828.29203900,112394,3425.98870000,11579075.00985400,0
1762617600000000,3376.80000000,3383.91000000,3360.90000000,3376.11000000,10281.46530000,1762619399999999,34670895.24178000,121233,5289.36230000,17841993.59140800,0
1762619400000000,3376.12000000,3381.50000000,3355.58000000,3368.03000000,7800.45350000,1762621199999999,26273314.53904900,106463,3713.48050000,12510580.45019000,0
1762621200000000,3368.04000000,3392.55000000,3363.01000000,3390.19000000,7041.50010000,1762622999999999,23796689.00116200,82624,4642.45100000,15691362.45471500,0
1762623000000000,3390.19000000,3400.00000000,3386.84000000,3399.29000000,4365.49270000,1762624799999999,14819501.61930900,63547,2922.12490000,9920974.68643300,0
1762624800000000,3399.28000000,3399.44000000,3386.22000000,3389.51000000,4145.11720000,1762626599999999,14066892.93845000,62193,1351.13090000,4584724.81233100,0
1762626600000000,3389.51000000,3408.16000000,3389.37000000,3402.77000000,4613.15050000,1762628399999999,15683518.68750700,51571,2384.95760000,8107541.87296500,0
1762628400000000,3402.77000000,3406.49000000,3363.78000000,3373.44000000,7242.31080000,1762630199999999,24516753.76863700,90199,2891.39260000,9793680.18002500,0
1762630200000000,3373.44000000,3390.99000000,3371.42000000,3389.35000000,2957.04370000,1762631999999999,9998922.85742400,47837,1541.27800000,5211548.51948400,0
1762632000000000,3389.34000000,3395.95000000,3381.09000000,3393.23000000,3274.06570000,1762633799999999,11093910.33196000,51321,1602.85370000,5431584.95736400,0
1762633800000000,3393.22000000,3404.19000000,3391.38000000,3397.94000000,3482.68240000,1762635599999999,11835116.26980600,41645,1948.88930000,6623359.07610600,0
1762635600000000,3397.93000000,3403.29000000,3395.11000000,3402.79000000,1753.70740000,1762637399999999,5960571.83607200,39314,708.30630000,2407361.75783100,0
1762637400000000,3402.79000000,3410.37000000,3401.05000000,3405.99000000,2929.95610000,1762639199999999,9981517.15439400,48543,1619.64880000,5518101.67692300,0
1762639200000000,3405.98000000,3405.99000000,3390.64000000,3403.97000000,2744.01600000,1762640999999999,9328020.95439600,38156,912.34920000,3102831.76310400,0
1762641000000000,3403.96000000,3411.47000000,3398.85000000,3409.50000000,2783.45680000,1762642799999999,9479139.66643500,35074,1652.60640000,5628604.86457500,0
1762642800000000,3409.50000000,3412.20000000,3404.95000000,3408.36000000,2345.43600000,1762644599999999,7994580.44156500,41072,1357.60050000,4627436.83168800,0
1762644600000000,3408.37000000,3415.62000000,3400.12000000,3401.51000000,2684.48130000,1762646399999999,9146318.14493100,33059,1084.71420000,3696133.79926000,0
1762646400000000,3401.51000000,3402.61000000,3373.12000000,3377.02000000,6003.13130000,1762648199999999,20337208.28208600,71699,2235.76490000,7570129.14034900,0
1762648200000000,3377.02000000,3393.89000000,3376.86000000,3384.77000000,3264.53060000,1762649999999999,11052791.40801100,55331,1820.08110000,6161909.03155700,0
1762650000000000,3384.77000000,3398.69000000,3382.23000000,3389.45000000,2265.50300000,1762651799999999,7684462.94500800,51197,1304.08250000,4423682.88874900,0
1762651800000000,3389.45000000,3403.97000000,3379.86000000,3400.92000000,2983.26110000,1762653599999999,10125276.58429200,54767,1854.17650000,6296899.47833000,0
1762653600000000,3400.91000000,3400.92000000,3390.45000000,3393.09000000,2210.75850000,1762655399999999,7508085.86386200,42309,978.32970000,3322247.31777300,0
1762655400000000,3393.08000000,3393.08000000,3364.70000000,3368.11000000,7072.46940000,1762657199999999,23892055.38613400,97944,3132.76630000,10586240.92608400,0
1762657200000000,3368.11000000,3376.47000000,3359.52000000,3363.64000000,4591.42910000,1762658999999999,15457877.73762100,86596,1811.91150000,6101747.86797300,0
1762659000000000,3363.65000000,3378.16000000,3358.66000000,3375.80000000,4582.50290000,1762660799999999,15432719.00605000,71845,2913.44080000,9811400.50204900,0
1762660800000000,3375.80000000,3389.99000000,3372.10000000,3385.62000000,4075.06930000,1762662599999999,13774881.30543400,61553,2078.47350000,7025878.09075900,0
1762662600000000,3385.61000000,3386.59000000,3370.19000000,3374.69000000,3414.55930000,1762664399999999,11533999.08555100,47798,1200.91080000,4056226.74447600,0
1762664400000000,3374.69000000,3409.17000000,3372.54000000,3407.22000000,27201.97010000,1762666199999999,92374321.16384800,94560,19790.30200000,67194953.10883700,0
1762666200000000,3407.21000000,3408.95000000,3392.63000000,3405.53000000,8716.53600000,1762667999999999,29646425.97223200,55051,4193.44680000,14264101.27078400,0
1762668000000000,3405.53000000,3411.00000000,3400.23000000,3408.72000000,3565.83160000,1762669799999999,12146394.26731900,46020,1494.05160000,5090399.30962600,0
1762669800000000,3408.72000000,3419.98000000,3402.60000000,3405.30000000,6056.07580000,1762671599999999,20651756.74036200,64669,2979.21420000,10165412.84841100,0
1762671600000000,3405.30000000,3416.26000000,3403.18000000,3410.90000000,3334.13600000,1762673399999999,11374693.97481600,61226,1474.51810000,5030361.94989200,0
1762673400000000,3410.90000000,3427.37000000,3410.90000000,3422.78000000,4315.64410000,1762675199999999,14753438.69708300,58960,2593.39210000,8866450.82260700,0
1762675200000000,3422.79000000,3424.14000000,3409.67000000,3413.00000000,3164.63720000,1762676999999999,10818395.31358600,44451,1364.79330000,4665713.59292300,0
1762677000000000,3412.99000000,3421.50000000,3411.64000000,3421.50000000,2051.11990000,1762678799999999,7006172.02897200,46237,917.37530000,3133778.24218700,0
1762678800000000,3421.53000000,3435.13000000,3420.37000000,3424.61000000,7170.18080000,1762680599999999,24585516.76661700,72342,4470.46870000,15328735.80181700,0
1762680600000000,3424.61000000,3425.16000000,3399.35000000,3400.97000000,16291.38890000,1762682399999999,55598933.02252100,68756,8225.54900000,28066881.44915700,0
1762682400000000,3400.98000000,3400.98000000,3382.35000000,3395.50000000,14555.12200000,1762684199999999,49340729.52420200,114188,7870.49060000,26679509.81620300,0
1762684200000000,3395.49000000,3401.59000000,3384.95000000,3401.59000000,3218.34820000,1762685999999999,10924027.71356600,66525,1426.34880000,4842760.03663300,0
1762686000000000,3401.59000000,3424.60000000,3401.59000000,3420.33000000,10976.46720000,1762687799999999,37517614.06998900,100591,7333.96210000,25064159.44643500,0
1762687800000000,3420.34000000,3432.82000000,3414.88000000,3428.37000000,10364.74800000,1762689599999999,35484127.41619600,74174,6203.01190000,21241590.34960000,0
1762689600000000,3428.38000000,3464.26000000,3424.64000000,3446.80000000,20849.41180000,1762691399999999,71826616.82399400,139828,11382.16860000,39228205.74127500,0
1762691400000000,3446.80000000,3454.50000000,3440.00000000,3441.58000000,8372.38800000,1762693199999999,28850660.06550600,72238,4781.68070000,16478841.44062700,0
1762693200000000,3441.58000000,3462.86000000,3441.57000000,3450.93000000,11159.67160000,1762694999999999,38536422.47369700,106426,6687.07790000,23093351.85447100,0
1762695000000000,3450.93000000,3464.37000000,3447.35000000,3458.90000000,10182.15710000,1762696799999999,35189077.18838000,113950,5292.10440000,18288789.40332900,0
1762696800000000,3458.91000000,3554.50000000,3453.82000000,3554.50000000,47006.62750000,1762698599999999,164549745.10817100,269159,29280.61670000,102498634.68777700,0
1762698600000000,3554.49000000,3563.65000000,3502.06000000,3507.02000000,35717.49560000,1762700399999999,125929905.75641500,253113,15119.15290000,53347549.53752100,0
1762700400000000,3507.01000000,3532.78000000,3506.00000000,3527.46000000,17669.71340000,1762702199999999,62228147.88583600,145193,8263.70400000,29117601.73817900,0
1762702200000000,3527.47000000,3537.53000000,3512.57000000,3515.51000000,8716.02690000,1762703999999999,30742935.83429200,111628,3748.47810000,13223807.11441700,0
1762704000000000,3515.52000000,3522.91000000,3501.63000000,3520.09000000,13521.28300000,1762705799999999,47470511.97798400,117779,9057.65460000,31792059.37930400,0
1762705800000000,3520.09000000,3537.32000000,3511.09000000,3528.19000000,8032.16700000,1762707599999999,28303350.99321600,90316,4844.50840000,17073783.79761600,0
1762707600000000,3528.19000000,3531.65000000,3506.37000000,3514.87000000,5026.76190000,1762709399999999,17687475.45471300,72557,2178.82890000,7665016.89169400,0
1762709400000000,3514.88000000,3520.70000000,3504.00000000,3515.51000000,4414.11070000,1762711199999999,15500031.98281600,65561,2088.17340000,7334415.11069900,0
1762711200000000,3515.52000000,3522.20000000,3510.94000000,3514.46000000,3287.13620000,1762712999999999,11559270.20314400,60979,1730.04200000,6084097.13546800,0
1762713000000000,3514.46000000,3544.62000000,3512.70000000,3541.54000000,8942.95680000,1762714799999999,31586688.54825300,96636,6308.62070000,22279900.18991000,0
1762714800000000,3541.54000000,3558.50000000,3535.19000000,3557.80000000,8804.87810000,1762716599999999,31218128.66624400,106693,5875.97830000,20831388.02523700,0
1762716600000000,3557.80000000,3580.00000000,3554.36000000,3580.00000000,12318.70620000,1762718399999999,43942006.39206200,135634,7496.21880000,26740143.71719100,0
1762718400000000,3580.00000000,3597.76000000,3562.38000000,3576.20000000,15384.39530000,1762720199999999,55087106.37643600,157270,7643.22060000,27370629.48327900,0
1762720200000000,3576.20000000,3585.90000000,3573.60000000,3579.17000000,4638.96360000,1762721999999999,16608249.98698100,69477,2674.51640000,9576826.63843200,0
1762722000000000,3579.18000000,3591.37000000,3573.87000000,3590.02000000,7687.23680000,1762723799999999,27544613.19912000,80258,4604.15500000,16501375.30246000,0
1762723800000000,3590.01000000,3596.09000000,3573.45000000,3580.96000000,6841.16310000,1762725599999999,24524664.07593000,96107,3728.06300000,13369327.77896400,0
1762725600000000,3580.96000000,3584.27000000,3568.00000000,3569.34000000,4818.13850000,1762727399999999,17230090.18959900,83688,2316.15040000,8284324.41967400,0
1762727400000000,3569.33000000,3594.97000000,3564.89000000,3587.35000000,6213.59470000,1762729199999999,22242744.02397300,90112,3061.53480000,10962195.13591500,0
1762729200000000,3587.36000000,3623.25000000,3575.02000000,3578.20000000,24100.74480000,1762730999999999,86717557.12774100,216971,13066.16850000,47038098.08908700,0
1762731000000000,3578.23000000,3585.73000000,3565.98000000,3583.46000000,8946.90310000,1762732799999999,31970155.21685900,110870,4391.93210000,15693636.28119700,0
1762732800000000,3583.46000000,3606.40000000,3553.52000000,3596.77000000,24289.76860000,1762734599999999,87006689.45489000,218751,14273.29360000,51133962.17426300,0
1762734600000000,3596.77000000,3653.16000000,3592.55000000,3635.97000000,32429.66150000,1762736399999999,117794924.50877500,253682,17107.24740000,62121330.78671900,0
1762736400000000,3635.97000000,3658.98000000,3617.78000000,3643.64000000,24383.42760000,1762738199999999,88754861.51091500,268561,13927.62280000,50704905.21164900,0
1762738200000000,3643.63000000,3647.37000000,3628.25000000,3629.90000000,9830.17260000,1762739999999999,35742813.50877100,158103,4812.02490000,17496577.55146900,0
1762740000000000,3629.90000000,3639.26000000,3623.87000000,3625.66000000,6670.45420000,1762741799999999,24217749.26081600,117517,3439.88500000,12489776.13660400,0
1762741800000000,3625.67000000,3633.52000000,3613.23000000,3628.60000000,7211.11650000,1762743599999999,26129048.11636300,109812,3474.37490000,12590659.34700800,0
1762743600000000,3628.60000000,3647.77000000,3623.61000000,3629.92000000,8418.26070000,1762745399999999,30585185.22517400,128647,4726.31740000,17172539.40382600,0
1762745400000000,3629.92000000,3638.87000000,3624.25000000,3627.47000000,9366.33810000,1762747199999999,34014400.54877600,110367,5396.86110000,19599670.36891500,0
1762747200000000,3627.48000000,3631.51000000,3603.87000000,3609.60000000,13284.41020000,1762748999999999,48012255.82691500,91290,6823.69720000,24656179.49646600,0
1762749000000000,3609.59000000,3620.52000000,3605.73000000,3617.30000000,9043.39450000,1762750799999999,32671289.76101100,83003,5501.79680000,19877028.86677300,0
1762750800000000,3617.31000000,3626.32000000,3605.80000000,3610.38000000,7115.90430000,1762752599999999,25736138.69289300,94421,3352.51510000,12126777.06699400,0
1762752600000000,3610.37000000,3612.89000000,3589.46000000,3607.88000000,10323.34720000,1762754399999999,37170025.67842000,104462,4054.05900000,14600201.30531700,0
1762754400000000,3607.89000000,3612.33000000,3595.04000000,3601.15000000,5748.79720000,1762756199999999,20721604.90323700,75522,2323.57260000,8376450.68357500,0
1762756200000000,3601.14000000,3612.50000000,3599.25000000,3605.64000000,3183.59770000,1762757999999999,11481565.43825000,65070,1660.25630000,5988281.71719300,0
1762758000000000,3605.64000000,3622.85000000,3603.97000000,3612.69000000,6368.51390000,1762759799999999,23022956.08839500,90607,4028.51820000,14563295.89994900,0
1762759800000000,3612.69000000,3619.50000000,3606.39000000,3609.09000000,8171.74870000,1762761599999999,29512006.57209100,69668,3545.77370000,12806514.08120100,0
1762761600000000,3609.09000000,3615.79000000,3595.57000000,3605.96000000,26794.60870000,1762763399999999,96589384.85057100,79043,21774.00270000,78488235.72131100,0
1762763400000000,3605.95000000,3605.95000000,3587.45000000,3594.16000000,9964.28990000,1762765199999999,35820246.63053300,89456,4297.96780000,15450353.03506700,0
1762765200000000,3594.16000000,3606.91000000,3586.02000000,3606.46000000,10714.23780000,1762766999999999,38502077.09618900,83069,5312.97850000,19095217.56256700,0
1762767000000000,3606.46000000,3631.32000000,3606.36000000,3624.36000000,10485.46840000,1762768799999999,37960047.16179400,97980,6162.56510000,22310001.88703000,0
1762768800000000,3624.37000000,3628.00000000,3612.65000000,3613.78000000,3579.66430000,1762770599999999,12963197.97197500,58849,1376.52170000,4985061.64792300,0
1762770600000000,3613.78000000,3616.39000000,3603.92000000,3606.72000000,4049.31180000,1762772399999999,14612611.97837200,58582,1725.79110000,6228408.76685400,0
1762772400000000,3606.72000000,3615.62000000,3604.24000000,3611.78000000,3503.40800000,1762774199999999,12645193.77655700,68305,1786.19810000,6447924.21549100,0
1762774200000000,3611.78000000,3621.35000000,3609.10000000,3610.57000000,3096.41240000,1762775999999999,11193165.63347100,52368,1558.84980000,5636125.04159000,0
1762776000000000,3610.57000000,3611.04000000,3584.68000000,3592.60000000,9278.59240000,1762777799999999,33331760.25522300,95747,4446.99580000,15972177.30826900,0
1762777800000000,3592.60000000,3598.49000000,3588.30000000,3591.80000000,6735.75670000,1762779599999999,24205242.55235400,69372,4487.62110000,16128667.28964200,0
1762779600000000,3591.81000000,3617.62000000,3590.30000000,3607.01000000,9068.50090000,1762781399999999,32695793.80912600,112137,4826.70280000,17404051.44513500,0
1762781400000000,3607.02000000,3622.14000000,3607.02000000,3615.50000000,7403.25670000,1762783199999999,26766461.85976500,78705,4586.19810000,16581026.16836700,0
1762783200000000,3615.50000000,3615.59000000,3595.00000000,3604.34000000,8119.15560000,1762784999999999,29268768.36345100,114911,3677.54620000,13257647.74043100,0
1762785000000000,3604.34000000,3607.38000000,3529.39000000,3541.62000000,34652.96670000,1762786799999999,123366672.66410200,300241,14211.03660000,50598524.68091200,0
1762786800000000,3541.61000000,3551.75000000,3508.00000000,3546.15000000,46096.86720000,1762788599999999,162936533.06019600,285333,16445.58630000,58141217.81046500,0
1762788600000000,3546.15000000,3560.63000000,3508.01000000,3519.46000000,24291.84740000,1762790399999999,85843951.61179900,189476,12681.54310000,44817286.15290500,0
1762790400000000,3519.45000000,3534.13000000,3508.33000000,3528.00000000,21519.47680000,1762792199999999,75871381.76219700,143154,9922.70810000,34970448.66786900,0
1762792200000000,3527.98000000,3537.90000000,3507.30000000,3530.11000000,19140.31610000,1762793999999999,67483470.04443200,136298,6468.36450000,22803947.34251500,0
1762794000000000,3530.10000000,3544.15000000,3523.18000000,3530.01000000,32351.51620000,1762795799999999,114309085.49071200,98467,8501.95000000,30040994.02640900,0
1762795800000000,3530.00000000,3560.75000000,3527.27000000,3555.51000000,29657.02820000,1762797599999999,105156890.61240400,85368,11363.63600000,40309590.17693400,0
1762797600000000,3555.50000000,3557.94000000,3536.60000000,3545.73000000,8151.69930000,1762799399999999,28907351.85447200,85049,4302.31410000,15255755.07741800,0
1762799400000000,3545.74000000,3556.82000000,3532.89000000,3532.89000000,6632.45460000,1762801199999999,23520002.17837500,72758,3937.15930000,13964912.74826300,0
1762801200000000,3532.89000000,3551.97000000,3529.24000000,3542.87000000,13827.34640000,1762802999999999,49022366.48768200,72617,6141.23320000,21764550.79595300,0
1762803000000000,3542.88000000,3576.10000000,3536.80000000,3558.55000000,11144.39340000,1762804799999999,39694964.68928800,106888,6277.26220000,22354831.22374400,0
1762804800000000,3558.55000000,3579.23000000,3555.43000000,3566.08000000,5828.35280000,1762806599999999,20796247.97979600,84367,3789.31950000,13521251.21203000,0
1762806600000000,3566.09000000,3584.04000000,3559.38000000,3571.95000000,6845.60100000,1762808399999999,24460500.64679500,100030,3559.55070000,12720400.87343500,0
1762808400000000,3571.94000000,3572.54000000,3537.28000000,3539.98000000,7945.64070000,1762810199999999,28211765.93287400,118088,2895.39440000,10278484.26269400,0
1762810200000000,3539.99000000,3543.33000000,3530.81000000,3541.79000000,6824.30590000,1762811999999999,24142018.80190500,85501,2813.64910000,9953877.27718100,0
1762812000000000,3541.79000000,3555.25000000,3529.41000000,3547.94000000,7190.50970000,1762813799999999,25460820.38292900,76147,3291.78400000,11665513.71606300,0
1762813800000000,3547.94000000,3580.00000000,3545.22000000,3575.91000000,5807.17980000,1762815599999999,20698311.91283200,85356,3693.83970000,13163158.48058600,0
1762815600000000,3575.91000000,3581.24000000,3567.56000000,3577.61000000,4636.41970000,1762817399999999,16578866.66397100,79284,2255.93310000,8067302.94787200,0
1762817400000000,3577.62000000,3580.33000000,3562.58000000,3567.85000000,4097.53080000,1762819199999999,14633917.81286000,72536,1965.09910000,7019804.17391500,0
1762819200000000,3567.85000000,3579.79000000,3559.29000000,3563.68000000,7523.40930000,1762820999999999,26855783.02225100,110519,3502.51100000,12507579.52388200,0
1762821000000000,3563.67000000,3592.05000000,3552.84000000,3585.85000000,8630.82080000,1762822799999999,30812207.78626800,139181,4496.52000000,16060258.18343600,0
1762822800000000,3585.85000000,3648.27000000,3578.30000000,3619.99000000,19930.05490000,1762824599999999,72132636.15340200,214243,10619.12540000,38428779.27296100,0
1762824600000000,3620.00000000,3620.00000000,3574.80000000,3581.06000000,12031.13100000,1762826399999999,43301026.69386500,208787,5292.48720000,19052653.12984500,0
1762826400000000,3581.07000000,3593.97000000,3559.54000000,3593.97000000,9039.00320000,1762828199999999,32334212.06030800,167591,4223.70560000,15117629.88943600,0
1762828200000000,3593.97000000,3636.24000000,3592.24000000,3615.66000000,35008.30900000,1762829999999999,126824329.59279400,232214,13977.93480000,50615007.62801500,0
1762830000000000,3615.65000000,3634.05000000,3613.33000000,3618.27000000,30733.27980000,1762831799999999,111441119.76300400,110738,8596.74650000,31168222.61552000,0
1762831800000000,3618.28000000,3624.67000000,3599.46000000,3606.10000000,8959.90530000,1762833599999999,32346884.20052400,124718,4356.01700000,15726639.29877600,0
1762833600000000,3606.11000000,3610.48000000,3584.50000000,3584.71000000,8348.89590000,1762835399999999,30014077.96628500,109661,3350.87630000,12045645.87385600,0
1762835400000000,3584.71000000,3589.60000000,3572.79000000,3575.02000000,8739.37930000,1762837199999999,31290012.93213900,106548,3490.27870000,12495411.21058600,0
1762837200000000,3575.01000000,3575.93000000,3555.02000000,3564.18000000,10907.89060000,1762838999999999,38876564.89499400,122153,3873.31760000,13806060.31657500,0
1762839000000000,3564.19000000,3564.45000000,3544.50000000,3548.82000000,12002.43730000,1762840799999999,42628231.06167700,98168,3949.78800000,14030583.21895100,0
1762840800000000,3548.82000000,3557.71000000,3532.20000000,3550.24000000,59544.68540000,1762842599999999,211160003.33551800,150882,15142.98050000,53685855.11866200,0
1762842600000000,3550.25000000,3559.50000000,3539.80000000,3557.70000000,10587.17650000,1762844399999999,37594950.16786100,93474,5659.37740000,20098800.86246300,0
1762844400000000,3557.71000000,3566.91000000,3549.14000000,3559.29000000,8393.74230000,1762846199999999,29888450.00902600,111237,4285.89140000,15261905.43057600,0
1762846200000000,3559.29000000,3564.54000000,3542.03000000,3544.67000000,7446.57310000,1762847999999999,26438317.65290200,110811,3859.16310000,13701641.33092900,0
1762848000000000,3544.67000000,3562.55000000,3543.55000000,3552.74000000,5966.15530000,1762849799999999,21216135.42457800,105062,2577.64980000,9164695.46657600,0
1762849800000000,3552.73000000,3564.45000000,3545.00000000,3563.40000000,13890.92400000,1762851599999999,49418341.77545900,79435,4307.71450000,15325867.51071800,0
1762851600000000,3563.40000000,3582.71000000,3561.29000000,3578.00000000,11109.33200000,1762853399999999,39714823.94105300,86128,4905.18160000,17529071.94510300,0
1762853400000000,3578.00000000,3587.05000000,3552.12000000,3556.11000000,21325.85310000,1762855199999999,76185347.97069900,113854,6604.69260000,23585299.31669900,0
1762855200000000,3556.10000000,3566.56000000,3552.50000000,3562.08000000,5601.81640000,1762856999999999,19941800.01225000,97671,2515.28750000,8953029.88113300,0
1762857000000000,3562.08000000,3562.86000000,3549.15000000,3560.74000000,4561.46230000,1762858799999999,16219034.62758300,62477,1843.50320000,6555020.78447100,0
1762858800000000,3560.74000000,3581.52000000,3560.61000000,3577.29000000,5867.69620000,1762860599999999,20966193.20994600,79664,3958.14950000,14144349.93189100,0
1762860600000000,3577.29000000,3581.97000000,3567.16000000,3574.14000000,12322.94250000,1762862399999999,44073487.85352500,84155,3327.99330000,11899191.64515700,0
1762862400000000,3574.15000000,3594.33000000,3565.75000000,3566.04000000,9169.35790000,1762864199999999,32812603.11737100,124783,4382.05380000,15692716.28167600,0
1762864200000000,3566.03000000,3570.07000000,3538.92000000,3540.37000000,23672.77270000,1762865999999999,84143435.32944400,149976,6040.36890000,21466582.40343100,0
1762866000000000,3540.37000000,3559.11000000,3539.90000000,3551.35000000,14355.69730000,1762867799999999,50948635.18142700,122796,5849.69080000,20764508.32053700,0
1762867800000000,3551.35000000,3573.43000000,3527.00000000,3532.65000000,15516.23230000,1762869599999999,55002786.85831600,132012,7799.85960000,27644053.67010700,0
1762869600000000,3532.65000000,3547.61000000,3522.65000000,3532.33000000,11995.55530000,1762871399999999,42368226.96499300,128034,5136.44020000,18146107.66434500,0
1762871400000000,3532.34000000,3533.18000000,3486.39000000,3529.92000000,42338.17380000,1762873199999999,148536677.53673700,284726,19429.24510000,68167564.72692400,0
1762873200000000,3529.91000000,3529.91000000,3485.87000000,3486.66000000,18301.37320000,1762874999999999,64157787.61220200,217734,8856.56180000,31054758.10943800,0
1762875000000000,3486.67000000,3489.81000000,3467.21000000,3481.10000000,23878.66940000,1762876799999999,83061386.77689600,207190,13379.07360000,46541453.73884600,0
1762876800000000,3481.11000000,3495.81000000,3464.90000000,3475.35000000,23383.74570000,1762878599999999,81412881.79011000,173617,9030.85520000,31451476.14758300,0
1762878600000000,3475.37000000,3500.59000000,3469.76000000,3485.11000000,8764.96980000,1762880399999999,30566883.39070000,153335,4772.51760000,16643651.91189900,0
1762880400000000,3485.11000000,3499.46000000,3472.75000000,3476.60000000,7387.92200000,1762882199999999,25759861.18764100,122550,3972.60220000,13855158.64645600,0
1762882200000000,3476.60000000,3478.49000000,3446.02000000,3473.65000000,20598.88090000,1762883999999999,71269914.77967000,157287,9214.09970000,31884955.55960800,0
1762884000000000,3473.64000000,3486.26000000,3460.81000000,3476.15000000,12507.76530000,1762885799999999,43462973.62702800,123837,8110.54590000,28188329.71082900,0
1762885800000000,3476.14000000,3482.74000000,3464.34000000,3468.86000000,4583.85400000,1762887599999999,15915130.13347500,90284,2654.39610000,9218444.61634700,0
1762887600000000,3468.85000000,3469.95000000,3451.11000000,3464.67000000,4071.51030000,1762889399999999,14095011.09989100,92930,1944.22110000,6731719.33524200,0
1762889400000000,3464.66000000,3469.43000000,3450.32000000,3456.81000000,4991.45180000,1762891199999999,17268525.70977100,94958,2626.77470000,9090672.38258500,0
1762891200000000,3456.81000000,3461.79000000,3438.00000000,3447.76000000,8284.33080000,1762892999999999,28572833.40962900,119539,3891.11690000,13423912.02995200,0
1762893000000000,3447.76000000,3448.26000000,3429.24000000,3438.26000000,14340.18350000,1762894799999999,49310865.13056700,165120,6887.03480000,23687968.28110700,0
1762894800000000,3438.26000000,3449.50000000,3429.89000000,3438.72000000,11130.94420000,1762896599999999,38296157.61438200,121083,5817.93020000,20019836.51694200,0
1762896600000000,3438.72000000,3439.81000000,3408.19000000,3417.66000000,13093.65710000,1762898399999999,44792829.84169600,144144,5624.44680000,19240732.69599100,0
1762898400000000,3417.65000000,3435.66000000,3405.24000000,3432.63000000,10308.38430000,1762900199999999,35262456.95680100,122343,5577.91910000,19091357.71014000,0
1762900200000000,3432.63000000,3437.68000000,3424.07000000,3429.90000000,5344.33520000,1762901999999999,18341158.38399300,61449,3502.99760000,12023846.57816600,0
1762902000000000,3429.91000000,3438.54000000,3417.22000000,3429.93000000,5581.15640000,1762903799999999,19128555.90312400,101009,3118.27510000,10686820.88824400,0
1762903800000000,3429.92000000,3429.92000000,3409.20000000,3417.76000000,8209.47600000,1762905599999999,28058019.01502800,109748,3639.35310000,12439598.48547500,0
1762905600000000,3417.76000000,3435.13000000,3410.00000000,3428.50000000,12075.31200000,1762907399999999,41350446.88592600,166041,4494.45890000,15392392.37042200,0
1762907400000000,3428.50000000,3430.68000000,3416.33000000,3418.13000000,6736.54510000,1762909199999999,23062254.97629300,121866,2713.08140000,9289954.52221000,0
1762909200000000,3418.13000000,3453.06000000,3411.91000000,3435.77000000,17441.15270000,1762910999999999,59914974.46923600,154135,10758.42910000,36972176.47442100,0
1762911000000000,3435.78000000,3450.11000000,3432.65000000,3447.45000000,6671.22130000,1762912799999999,22979238.52312100,115518,4142.10290000,14268075.04603000,0
1762912800000000,3447.44000000,3456.06000000,3436.06000000,3438.75000000,9915.38610000,1762914599999999,34177012.05315800,105990,5192.79960000,17905974.87729700,0
1762914600000000,3438.74000000,3438.74000000,3417.62000000,3427.23000000,9371.97970000,1762916399999999,32098551.49802500,122252,3665.86380000,12554197.55795400,0
1762916400000000,3427.23000000,3442.00000000,3421.74000000,3441.08000000,7526.02190000,1762918199999999,25840338.35152000,80065,4661.12220000,16001250.60894700,0
1762918200000000,3441.08000000,3446.17000000,3437.95000000,3439.10000000,2770.08490000,1762919999999999,9535769.10818400,60800,1396.37150000,4807088.53128300,0
1762920000000000,3439.11000000,3444.97000000,3432.71000000,3433.84000000,3332.00960000,1762921799999999,11457307.73984100,65445,1427.80470000,4910026.38185900,0
1762921800000000,3433.83000000,3445.90000000,3432.36000000,3445.00000000,7886.38650000,1762923599999999,27121227.62277200,65722,3104.49790000,10675395.78522500,0
1762923600000000,3445.01000000,3458.07000000,3444.79000000,3449.16000000,34515.84150000,1762925399999999,119175755.99642600,78085,10051.18820000,34694111.68741700,0
1762925400000000,3449.16000000,3451.86000000,3443.94000000,3449.60000000,3589.81620000,1762927199999999,12376971.67963500,61290,2300.50470000,7931648.23588200,0
1762927200000000,3449.61000000,3457.79000000,3446.58000000,3453.02000000,5192.40680000,1762928999999999,17929197.77387100,65270,2646.12970000,9135503.69417900,0
1762929000000000,3453.02000000,3453.79000000,3439.11000000,3439.11000000,3453.83240000,1762930799999999,11901893.33791000,48768,1395.42810000,4808608.99657000,0
1762930800000000,3439.11000000,3450.62000000,3438.52000000,3445.02000000,3326.68100000,1762932599999999,11458882.07136200,49986,2226.68720000,7669764.97340800,0
1762932600000000,3445.02000000,3452.78000000,3424.58000000,3428.23000000,6873.85170000,1762934399999999,23626631.71164000,62950,3192.10570000,10979733.54784700,0
1762934400000000,3428.24000000,3459.62000000,3428.24000000,3459.62000000,6316.08860000,1762936199999999,21755762.83954200,79578,3880.96900000,13368118.76310300,0
1762936200000000,3459.62000000,3480.83000000,3456.00000000,3468.47000000,9928.02830000,1762937999999999,34457093.41537800,126213,5917.35600000,20534793.07564400,0
1762938000000000,3468.48000000,3494.36000000,3465.65000000,3482.21000000,10320.73470000,1762939799999999,35948091.12359900,116886,5119.41720000,17839630.71942900,0
1762939800000000,3482.20000000,3488.53000000,3472.25000000,3483.72000000,5476.61830000,1762941599999999,19067893.35857300,95472,2562.38430000,8923444.30521800,0
1762941600000000,3483.72000000,3515.00000000,3482.71000000,3510.10000000,9637.14430000,1762943399999999,33742833.67393100,98961,4936.70220000,17276523.45575200,0
1762943400000000,3510.10000000,3548.60000000,3509.79000000,3534.51000000,20913.65710000,1762945199999999,73852401.69347400,161138,10729.14950000,37887366.19075200,0
1762945200000000,3534.50000000,3570.06000000,3534.09000000,3543.74000000,14878.05240000,1762946999999999,52859289.99309400,175926,7740.52210000,27498259.63327600,0
1762947000000000,3543.74000000,3549.52000000,3539.80000000,3549.38000000,5696.03110000,1762948799999999,20192591.46912300,99158,2508.36880000,8893072.37107700,0
1762948800000000,3549.37000000,3565.80000000,3540.00000000,3548.70000000,10878.86380000,1762950599999999,38627084.66170900,109086,4948.67800000,17583457.24939000,0
1762950600000000,3548.69000000,3554.39000000,3539.88000000,3552.36000000,9542.34580000,1762952399999999,33855039.07580700,72941,5589.94610000,19835148.25633900,0
1762952400000000,3552.36000000,3564.00000000,3545.36000000,3562.98000000,7948.10070000,1762954199999999,28239479.31714700,80215,3942.24620000,14008098.04497000,0
1762954200000000,3562.98000000,3588.19000000,3558.81000000,3576.91000000,9302.67050000,1762955999999999,33278218.38186300,121428,4760.16700000,17027962.16569300,0
1762956000000000,3576.90000000,3581.35000000,3564.64000000,3568.21000000,7733.35510000,1762957799999999,27622786.84545400,88916,4372.41790000,15617516.45302100,0
1762957800000000,3568.21000000,3571.45000000,3480.47000000,3502.28000000,31412.40940000,1762959599999999,110537033.11460400,283901,14939.30580000,52521026.69200800,0
1762959600000000,3502.27000000,3521.25000000,3463.26000000,3481.92000000,25422.98370000,1762961399999999,88695298.27062300,271367,10590.51450000,36973029.22258400,0
1762961400000000,3481.92000000,3497.07000000,3418.60000000,3427.85000000,36730.66140000,1762963199999999,126990525.77254100,350041,15964.25650000,55212311.65914300,0
1762963200000000,3427.85000000,3433.13000000,3371.65000000,3396.06000000,32079.18810000,1762964999999999,109091499.65744800,314220,15178.31040000,51621053.58734400,0
1762965000000000,3396.02000000,3420.70000000,3381.83000000,3399.30000000,25109.73680000,1762966799999999,85501812.58873400,238418,13156.25810000,44812499.19236100,0
1762966800000000,3399.31000000,3413.00000000,3391.67000000,3401.47000000,14966.62510000,1762968599999999,50910036.23937300,196404,7202.44200000,24501000.53678000,0
1762968600000000,3401.47000000,3453.45000000,3397.68000000,3429.55000000,19349.02600000,1762970399999999,66382952.83569100,189232,11129.29240000,38175283.96287600,0
1762970400000000,3429.55000000,3454.65000000,3429.55000000,3433.08000000,11479.29100000,1762972199999999,39510960.67321200,134041,6419.30960000,22096252.40554500,0
1762972200000000,3433.07000000,3445.70000000,3417.10000000,3423.87000000,7881.98300000,1762973999999999,27026501.90781500,105828,3871.01910000,13272138.79004100,0
1762974000000000,3423.86000000,3424.96000000,3376.81000000,3386.26000000,12509.63200000,1762975799999999,42513745.01129200,143087,4694.25690000,15952458.73812000,0
1762975800000000,3386.25000000,3426.69000000,3372.81000000,3407.99000000,15695.75910000,1762977599999999,53382516.01848700,175290,8105.62570000,27577306.71192300,0
1762977600000000,3408.00000000,3430.81000000,3400.70000000,3425.65000000,10715.66960000,1762979399999999,36632453.36873600,125412,5017.22790000,17153345.02335300,0
1762979400000000,3425.65000000,3439.62000000,3410.39000000,3416.40000000,9171.74170000,1762981199999999,31418994.47464700,102005,4880.27110000,16723145.34049900,0
1762981200000000,3416.41000000,3429.73000000,3411.41000000,3416.93000000,5557.17380000,1762982999999999,19015619.21232800,72892,3336.81600000,11418875.27608300,0
1762983000000000,3416.92000000,3424.44000000,3408.20000000,3423.03000000,4688.18370000,1762984799999999,16020544.77528500,66706,2669.78730000,9124362.70323600,0
1762984800000000,3423.04000000,3423.04000000,3392.00000000,3404.91000000,6388.56720000,1762986599999999,21749945.20888000,80624,3321.30850000,11307738.41721700,0
1762986600000000,3404.91000000,3422.70000000,3402.28000000,3422.13000000,3856.66350000,1762988399999999,13173974.85599200,56577,2332.27620000,7966476.02542300,0
1762988400000000,3422.12000000,3423.58000000,3407.00000000,3410.50000000,5990.18280000,1762990199999999,20459487.55887900,94013,3602.77710000,12306575.46718900,0
1762990200000000,3410.50000000,3415.14000000,3403.71000000,3414.92000000,4846.23880000,1762991999999999,16521632.43063900,65828,2714.18820000,9253926.64761800,0
1762992000000000,3414.91000000,3423.71000000,3404.43000000,3404.67000000,6066.09520000,1762993799999999,20716083.08041900,83585,3388.19540000,11576196.21425700,0
1762993800000000,3404.67000000,3433.73000000,3404.67000000,3412.38000000,8564.17390000,1762995599999999,29280542.58787600,134546,5669.44630000,19386453.89309700,0
1762995600000000,3412.38000000,3453.84000000,3410.49000000,3434.11000000,34506.92080000,1762997399999999,118658375.99697400,192766,16923.14200000,58167577.73189600,0
1762997400000000,3434.17000000,3457.36000000,3423.00000000,3424.26000000,16164.71700000,1762999199999999,55624019.41387900,135867,8503.41740000,29266384.07581100,0
1762999200000000,3424.25000000,3440.29000000,3423.00000000,3427.68000000,5152.59860000,1763000999999999,17689712.33909400,89587,3288.00950000,11289189.81815900,0
1763001000000000,3427.69000000,3447.06000000,3427.30000000,3434.19000000,4469.41820000,1763002799999999,15368027.94179800,92583,2041.78020000,7021343.25857600,0
1763002800000000,3434.20000000,3451.12000000,3377.68000000,3450.60000000,19721.14950000,1763004599999999,67337062.35035100,230242,9543.78680000,32616606.02531700,0
1763004600000000,3450.60000000,3473.48000000,3447.11000000,3452.86000000,14137.73570000,1763006399999999,48914638.05289900,191722,7051.90270000,24405087.62206500,0
1763006400000000,3452.86000000,3488.88000000,3434.03000000,3469.11000000,20962.91170000,1763008199999999,72561898.95811900,188135,10630.37100000,36807824.44531500,0
1763008200000000,3469.11000000,3491.54000000,3460.44000000,3482.68000000,13183.68310000,1763009999999999,45796575.90222300,117876,6867.47810000,23860400.29715500,0
1763010000000000,3482.67000000,3485.60000000,3465.70000000,3485.27000000,9343.84450000,1763011799999999,32481745.74968900,99391,4513.10510000,15688033.20040100,0
1763011800000000,3485.28000000,3540.00000000,3483.35000000,3529.19000000,19438.39740000,1763013599999999,68338628.62360300,220353,10973.26130000,38572222.53956100,0
1763013600000000,3529.18000000,3547.77000000,3520.94000000,3537.45000000,19373.82260000,1763015399999999,68446231.69112400,152134,9148.74650000,32329763.39242700,0
1763015400000000,3537.46000000,3553.49000000,3536.37000000,3541.01000000,12313.02790000,1763017199999999,43645957.57722000,150043,6453.95860000,22881821.42226900,0
1763017200000000,3541.02000000,3556.57000000,3534.02000000,3550.25000000,12290.34070000,1763018999999999,43570701.77594900,128557,5326.03600000,18887283.29587900,0
1763019000000000,3550.26000000,3565.84000000,3531.69000000,3538.74000000,17618.62680000,1763020799999999,62448270.91809700,122724,7239.15450000,25658846.72916900,0
1763020800000000,3538.74000000,3550.00000000,3533.09000000,3543.16000000,6673.37760000,1763022599999999,23646482.76310400,99816,3431.50870000,12160463.76715000,0
1763022600000000,3543.16000000,3546.36000000,3521.10000000,3524.07000000,8578.85120000,1763024399999999,30311524.15553000,83895,3140.98840000,11097672.19498200,0
1763024400000000,3524.08000000,3529.68000000,3490.38000000,3504.44000000,17281.44470000,1763026199999999,60655396.24259800,178352,6552.16970000,22996462.70312100,0
1763026200000000,3504.44000000,3515.03000000,3476.06000000,3486.43000000,13950.06470000,1763027999999999,48743939.28285700,126696,4835.25100000,16899720.23296300,0
1763028000000000,3486.43000000,3516.59000000,3486.43000000,3508.09000000,9860.50840000,1763029799999999,34532246.71341400,91239,5565.14550000,19490827.42702800,0
1763029800000000,3508.09000000,3509.87000000,3495.00000000,3506.01000000,6538.03130000,1763031599999999,22906960.15534300,71316,2487.04420000,8715362.38807100,0
1763031600000000,3506.02000000,3518.26000000,3499.37000000,3502.88000000,8011.85080000,1763033399999999,28109827.34345000,68405,3350.81840000,11761831.43155500,0
1763033400000000,3502.88000000,3511.09000000,3495.41000000,3501.95000000,7252.64840000,1763035199999999,25415311.41395300,67288,2356.38860000,8257251.38563300,0
1763035200000000,3501.94000000,3506.26000000,3481.42000000,3487.18000000,14126.99640000,1763036999999999,49304756.92553700,105398,3677.31240000,12835149.94879400,0
1763037000000000,3487.19000000,3511.31000000,3487.18000000,3501.15000000,11462.60250000,1763038799999999,40141872.40223800,96176,4959.09280000,17367352.06652900,0
1763038800000000,3501.14000000,3501.99000000,3457.58000000,3468.49000000,20092.99740000,1763040599999999,69961687.97352400,125103,6134.31400000,21350151.23309000,0
1763040600000000,3468.49000000,3472.12000000,3426.43000000,3438.18000000,24984.33360000,1763042399999999,86057401.51568300,214454,10707.64280000,36877704.80313400,0
1763042400000000,3438.18000000,3443.96000000,3417.85000000,3430.40000000,15727.01340000,1763044199999999,53945928.87313000,147097,7937.46950000,27228014.17587500,0
1763044200000000,3430.39000000,3478.54000000,3393.55000000,3443.62000000,44769.40360000,1763045999999999,153702161.47380400,358611,22296.10040000,76571744.45714900,0
1763046000000000,3443.63000000,3447.75000000,3399.55000000,3409.99000000,28349.23590000,1763047799999999,97017141.89119000,301598,13327.05350000,45614585.80896700,0
1763047800000000,3409.99000000,3411.39000000,3367.03000000,3386.85000000,28019.25520000,1763049599999999,94841116.93729200,243603,12921.96280000,43740422.81792900,0
1763049600000000,3386.84000000,3398.24000000,3355.16000000,3367.99000000,22580.87880000,1763051399999999,76221177.15979100,241464,11234.71770000,37932574.33034300,0
1763051400000000,3368.00000000,3389.15000000,3323.58000000,3327.59000000,65313.39010000,1763053199999999,218935477.06403100,288878,42764.57850000,143425591.62086300,0
1763053200000000,3327.58000000,3328.98000000,3287.05000000,3308.74000000,77371.31770000,1763054999999999,255675914.95382100,312114,52186.19690000,172430812.54683700,0
1763055000000000,3308.73000000,3320.48000000,3253.02000000,3255.50000000,31378.81710000,1763056799999999,102998708.19047200,250895,13760.40970000,45187852.01355600,0
1763056800000000,3255.49000000,3264.59000000,3223.51000000,3239.72000000,31928.95660000,1763058599999999,103484027.68627000,305404,15066.19810000,48832063.60547200,0
1763058600000000,3239.73000000,3241.55000000,3184.08000000,3213.72000000,35478.71350000,1763060399999999,113861017.14002700,310631,16889.70420000,54207888.89244100,0
1763060400000000,3213.73000000,3239.55000000,3191.58000000,3232.40000000,26314.29930000,1763062199999999,84689398.59368100,233762,15026.65250000,48368742.62922600,0
1763062200000000,3232.39000000,3234.61000000,3175.83000000,3197.69000000,22436.67020000,1763063999999999,71820859.16820700,194849,10431.52010000,33391031.92673300,0
1763064000000000,3197.69000000,3197.69000000,3154.22000000,3175.43000000,27852.29170000,1763065799999999,88373141.36424100,286886,12638.36170000,40105725.95093400,0
1763065800000000,3175.42000000,3206.37000000,3162.54000000,3171.65000000,25726.64820000,1763067599999999,81858821.69137700,239886,13666.78780000,43475823.34870900,0
1763067600000000,3171.65000000,3193.78000000,3159.97000000,3168.34000000,15574.19060000,1763069399999999,49468722.66890900,153256,6834.48560000,21715942.32467000,0
1763069400000000,3168.35000000,3186.57000000,3166.53000000,3179.74000000,8821.65190000,1763071199999999,28026263.45175600,124125,4590.75920000,14584448.82883200,0
1763071200000000,3179.73000000,3219.40000000,3175.00000000,3216.32000000,15289.13360000,1763072999999999,48975833.15266400,119130,8255.71210000,26443490.06068100,0
1763073000000000,3216.31000000,3236.70000000,3205.00000000,3228.87000000,14989.38790000,1763074799999999,48344413.77941200,90341,8040.20650000,25932619.87492200,0
1763074800000000,3228.87000000,3257.93000000,3216.52000000,3254.05000000,17133.73400000,1763076599999999,55551594.30654400,113456,9080.26170000,29433520.17191500,0
1763076600000000,3254.05000000,3272.30000000,3228.25000000,3231.54000000,14812.97480000,1763078399999999,48185411.68406300,135327,7580.11330000,24665092.51676900,0
1763078400000000,3231.55000000,3233.33000000,3193.82000000,3222.42000000,18491.96760000,1763080199999999,59447755.50307100,244435,9214.05960000,29630836.90729800,0
1763080200000000,3222.42000000,3240.64000000,3188.06000000,3200.93000000,13584.61850000,1763081999999999,43669463.77031000,194493,5916.17520000,19023050.13746300,0
1763082000000000,3200.93000000,3221.50000000,3186.20000000,3198.83000000,16867.39660000,1763083799999999,54014161.38636700,221485,7726.96090000,24742463.10516000,0
1763083800000000,3198.86000000,3215.01000000,3188.70000000,3207.13000000,15528.18160000,1763085599999999,49763998.80000800,169723,8529.83640000,27345363.77289000,0
1763085600000000,3207.14000000,3247.00000000,3205.20000000,3237.06000000,25878.40870000,1763087399999999,83705529.08585400,155929,13059.72670000,42218363.92209300,0
1763087400000000,3237.06000000,3251.88000000,3230.43000000,3238.05000000,10287.03800000,1763089199999999,33342502.10553900,104029,6689.20580000,21683004.00172500,0
1763089200000000,3238.05000000,3239.93000000,3219.66000000,3233.28000000,11407.09010000,1763090999999999,36825320.68694000,119302,6253.47240000,20184273.17050800,0
1763091000000000,3233.28000000,3233.48000000,3208.00000000,3227.93000000,10946.82110000,1763092799999999,35250931.11714100,102599,5027.41100000,16192174.92265500,0
1763092800000000,3227.94000000,3228.26000000,3207.65000000,3215.18000000,5749.31690000,1763094599999999,18487040.07053100,88993,3079.78750000,9901684.93825100,0
1763094600000000,3215.18000000,3215.18000000,3104.66000000,3163.06000000,50036.34600000,1763096399999999,157771093.65374100,349426,22204.08620000,70035479.66695400,0
1763096400000000,3163.06000000,3191.00000000,3158.23000000,3171.86000000,21150.35700000,1763098199999999,67148745.71955900,194941,10686.05900000,33922180.19989500,0
1763098200000000,3171.86000000,3205.52000000,3157.31000000,3192.63000000,21110.72330000,1763099999999999,67178035.75978900,167248,10726.99750000,34132643.85539100,0
1763100000000000,3192.63000000,3194.31000000,3157.57000000,3168.38000000,13405.34040000,1763101799999999,42540619.50766500,155742,6304.87530000,20012562.62333400,0
1763101800000000,3168.37000000,3225.91000000,3134.10000000,3222.42000000,46191.07510000,1763103599999999,146565019.77642300,296511,24676.09640000,78312122.91737500,0
1763103600000000,3222.42000000,3231.77000000,3194.05000000,3220.87000000,20679.14340000,1763105399999999,66390922.03799400,280666,10707.94190000,34392697.95166300,0
1763105400000000,3220.87000000,3241.32000000,3197.51000000,3215.59000000,34238.35190000,1763107199999999,110205087.62394600,214824,21226.26030000,68331090.98008600,0
1763107200000000,3215.60000000,3219.39000000,3188.00000000,3193.92000000,14459.73950000,1763108999999999,46351073.67204800,170752,6782.60490000,21742756.12641400,0
1763109000000000,3193.91000000,3210.53000000,3182.82000000,3205.20000000,9771.58710000,1763110799999999,31255614.26926600,154124,5678.49110000,18167687.91423900,0
1763110800000000,3205.20000000,3215.55000000,3178.82000000,3188.53000000,7548.05060000,1763112599999999,24133214.98989100,155810,3867.21840000,12372272.19199300,0
1763112600000000,3188.52000000,3190.40000000,3150.87000000,3156.43000000,18462.94670000,1763114399999999,58435147.22420600,184298,7320.78740000,23163299.67787800,0
1763114400000000,3156.44000000,3188.30000000,3154.28000000,3184.76000000,7902.25280000,1763116199999999,25068893.17662900,120608,3858.81560000,12243209.75371900,0
1763116200000000,3184.76000000,3196.69000000,3173.12000000,3176.20000000,8776.69960000,1763117999999999,27970188.04650700,137950,3837.37390000,12225568.49120400,0
1763118000000000,3176.19000000,3183.23000000,3146.91000000,3155.78000000,10216.66180000,1763119799999999,32329502.94082400,151180,4167.48870000,13190594.21893600,0
1763119800000000,3155.78000000,3157.47000000,3116.82000000,3144.35000000,25106.65140000,1763121599999999,78686576.02322800,260209,9900.62580000,31031590.82465800,0
1763121600000000,3144.34000000,3144.34000000,3111.84000000,3121.12000000,19081.87890000,1763123399999999,59596591.03004200,218378,9054.83620000,28271564.26075600,0
1763123400000000,3121.11000000,3133.40000000,3070.00000000,3126.42000000,60291.63680000,1763125199999999,186886170.11760700,454345,24947.65740000,77348820.98811800,0
1763125200000000,3126.43000000,3149.96000000,3088.63000000,3104.20000000,27461.82100000,1763126999999999,85622795.18772300,275004,13121.03610000,40912101.27186000,0
1763127000000000,3104.19000000,3134.15000000,3073.33000000,3121.74000000,31829.37570000,1763128799999999,98697200.68907800,301487,16514.51300000,51205162.03803700,0
1763128800000000,3121.74000000,3164.70000000,3116.65000000,3134.47000000,29883.43690000,1763130599999999,93878149.28549200,259958,16602.73540000,52158476.23005500,0
1763130600000000,3134.47000000,3220.62000000,3107.78000000,3199.50000000,58371.41620000,1763132399999999,185891773.88172200,450923,32340.46050000,103021237.91892000,0
1763132400000000,3199.49000000,3215.00000000,3160.63000000,3201.27000000,24377.63900000,1763134199999999,77634675.12722900,345822,12829.53820000,40878101.07018700,0
1763134200000000,3201.26000000,3234.49000000,3187.81000000,3196.70000000,26834.23050000,1763135999999999,86119634.44959800,301318,15100.90200000,48469711.28486300,0
1763136000000000,3196.70000000,3250.00000000,3182.90000000,3237.62000000,16150.86330000,1763137799999999,51938499.06958600,200457,8977.11230000,28880269.40588000,0
1763137800000000,3237.62000000,3256.71000000,3228.01000000,3231.32000000,15792.05630000,1763139599999999,51187096.13990400,212287,7784.45010000,25236560.33445700,0
1763139600000000,3231.32000000,3245.38000000,3208.95000000,3216.65000000,8363.94510000,1763141399999999,26991129.92662700,169300,3150.42630000,10171842.20520500,0
1763141400000000,3216.66000000,3216.97000000,3161.35000000,3179.68000000,13829.40760000,1763143199999999,44121910.18132500,177613,5946.99690000,18961935.78569400,0
1763143200000000,3179.66000000,3208.51000000,3168.76000000,3195.47000000,8551.83420000,1763144999999999,27264767.30645300,170434,4392.10810000,14005714.01101700,0
1763145000000000,3195.47000000,3202.51000000,3155.00000000,3168.81000000,11192.64580000,1763146799999999,35485142.09612200,160338,5487.79690000,17395187.50012900,0
1763146800000000,3168.80000000,3220.77000000,3160.03000000,3210.21000000,13995.77360000,1763148599999999,44737952.07473600,161363,7513.79150000,24019467.25087500,0
1763148600000000,3210.22000000,3216.11000000,3186.00000000,3207.86000000,7252.03120000,1763150399999999,23225901.47208600,122493,2943.21030000,9423122.46329100,0
1763150400000000,3207.87000000,3213.22000000,3168.97000000,3170.22000000,5782.37580000,1763152199999999,18444280.60658500,118482,2709.29400000,8643569.27484900,0
1763152200000000,3170.21000000,3183.27000000,3122.73000000,3137.75000000,18561.93130000,1763153999999999,58334686.64643700,197657,9467.00900000,29747760.95796600,0
1763154000000000,3137.74000000,3174.17000000,3125.07000000,3159.73000000,11038.20460000,1763155799999999,34842132.44858500,155748,5551.67880000,17522937.11220000,0
1763155800000000,3159.73000000,3176.25000000,3155.31000000,3167.44000000,5258.93280000,1763157599999999,16645473.49005900,80803,3172.51730000,10043473.60432300,0
1763157600000000,3167.45000000,3181.69000000,3142.30000000,3169.06000000,7101.12200000,1763159399999999,22447152.06897800,116117,3966.52900000,12545907.29257400,0
1763159400000000,3169.06000000,3186.87000000,3148.51000000,3158.86000000,6730.03600000,1763161199999999,21340564.43416100,125391,3357.54950000,10651129.70017400,0
1763161200000000,3158.86000000,3158.86000000,3090.00000000,3107.00000000,15464.90200000,1763162999999999,48089386.93076600,242745,7011.17630000,21801293.23497400,0
1763163000000000,3107.00000000,3133.29000000,3098.82000000,3112.40000000,9451.88680000,1763164799999999,29448808.31744700,149862,4782.33980000,14906993.49391000,0
1763164800000000,3112.40000000,3150.94000000,3110.68000000,3144.80000000,11010.26740000,1763166599999999,34555024.48250100,135794,6473.72720000,20314756.40371500,0
1763166600000000,3144.79000000,3145.33000000,3118.01000000,3141.26000000,9385.85240000,1763168399999999,29364488.90646900,100393,4253.86570000,13318377.99357000,0
1763168400000000,3141.26000000,3154.75000000,3124.61000000,3147.50000000,5813.44320000,1763170199999999,18256989.78510500,99168,2745.01410000,8627128.94419200,0
1763170200000000,3147.49000000,3179.02000000,3147.49000000,3173.54000000,7471.75190000,1763171999999999,23635837.34466800,110624,4294.24040000,13584724.91324000,0
1763172000000000,3173.54000000,3177.40000000,3162.98000000,3176.67000000,5580.72520000,1763173799999999,17697572.37640600,63729,2324.49330000,7371393.68151300,0
1763173800000000,3176.64000000,3193.74000000,3169.44000000,3193.31000000,8888.60280000,1763175599999999,28296854.10984000,98124,5516.01170000,17557729.55268800,0
1763175600000000,3193.31000000,3194.00000000,3183.76000000,3184.64000000,7268.85130000,1763177399999999,23172809.40284800,85692,2713.72880000,8650390.13007500,0
1763177400000000,3184.64000000,3185.39000000,3167.54000000,3179.16000000,6868.88890000,1763179199999999,21816916.50929100,73742,3792.95670000,12048075.49331600,0
1763179200000000,3179.17000000,3191.65000000,3172.33000000,3172.84000000,4014.77270000,1763180999999999,12770997.69488800,62021,1790.70310000,5698196.66449000,0
1763181000000000,3172.84000000,3175.65000000,3159.03000000,3171.99000000,5583.01260000,1763182799999999,17684457.58732400,51990,2372.79340000,7515159.64171700,0
1763182800000000,3172.00000000,3176.98000000,3161.35000000,3170.23000000,5085.65770000,1763184599999999,16122319.96740200,52772,2340.21450000,7420550.33219100,0
1763184600000000,3170.24000000,3183.36000000,3168.54000000,3178.49000000,6713.56030000,1763186399999999,21316163.86931600,51568,3295.19480000,10466559.41965100,0
1763186400000000,3178.50000000,3184.48000000,3176.00000000,3178.93000000,2529.34850000,1763188199999999,8044157.57882500,32379,1485.50130000,4724340.81954100,0
1763188200000000,3178.94000000,3187.93000000,3166.54000000,3175.53000000,3919.00140000,1763189999999999,12447722.84800000,60689,1838.71180000,5842156.29016000,0
1763190000000000,3175.53000000,3185.39000000,3170.34000000,3182.04000000,2257.44940000,1763191799999999,7175662.65923400,56755,1041.73630000,3311354.83202000,0
1763191800000000,3182.05000000,3182.42000000,3169.02000000,3176.55000000,3371.27810000,1763193599999999,10707752.61755200,56184,1505.84910000,4783578.55130300,0
1763193600000000,3176.56000000,3177.98000000,3151.09000000,3158.31000000,5830.13390000,1763195399999999,18428845.73639700,80331,2268.74490000,7174692.56770800,0
1763195400000000,3158.31000000,3167.65000000,3134.23000000,3143.50000000,7893.85450000,1763197199999999,24856275.73477400,114001,2856.82160000,8999357.72448000,0
1763197200000000,3143.49000000,3165.51000000,3138.88000000,3159.59000000,6386.88070000,1763198999999999,20137337.10423000,75307,3132.01830000,9878298.98274700,0
1763199000000000,3159.60000000,3164.35000000,3144.04000000,3152.99000000,5187.39630000,1763200799999999,16365233.01071700,59881,2118.49360000,6684733.46081900,0
1763200800000000,3152.99000000,3160.88000000,3145.33000000,3158.81000000,4169.52920000,1763202599999999,13140398.10806600,66481,2495.53360000,7864076.65335100,0
1763202600000000,3158.82000000,3171.52000000,3155.02000000,3169.00000000,3223.19210000,1763204399999999,10197856.15381200,48268,1916.48710000,6063923.78531200,0
1763204400000000,3169.00000000,3172.19000000,3158.73000000,3165.73000000,3200.16480000,1763206199999999,10129718.36213600,50041,1807.17620000,5721435.38612500,0
1763206200000000,3165.73000000,3166.69000000,3146.66000000,3152.52000000,3309.33750000,1763207999999999,10442468.24078900,61194,1146.09700000,3616493.15321200,0
1763208000000000,3152.52000000,3168.00000000,3147.37000000,3165.13000000,3060.53230000,1763209799999999,9666766.12249700,66975,1904.05320000,6016040.29732800,0
1763209800000000,3165.13000000,3167.39000000,3154.46000000,3162.27000000,3544.31350000,1763211599999999,11202739.42024900,63780,2098.79630000,6633913.74771000,0
1763211600000000,3162.27000000,3181.88000000,3159.10000000,3178.34000000,6940.99420000,1763213399999999,22022296.03439300,94562,3936.26700000,12488896.00266800,0
1763213400000000,3178.34000000,3197.37000000,3172.13000000,3192.78000000,16732.83290000,1763215199999999,53289798.98622600,86638,7246.65110000,23085969.37531600,0
1763215200000000,3192.77000000,3193.10000000,3177.20000000,3180.73000000,4923.81050000,1763216999999999,15689881.48035200,63281,2376.59310000,7573598.25459700,0
1763217000000000,3180.73000000,3185.74000000,3174.75000000,3177.96000000,4247.47490000,1763218799999999,13503242.00018200,52132,2549.07130000,8103790.64779100,0
1763218800000000,3177.96000000,3188.00000000,3173.72000000,3185.54000000,3884.12480000,1763220599999999,12357501.00227900,50634,1624.06210000,5170142.62755800,0
1763220600000000,3185.54000000,3191.25000000,3175.85000000,3186.05000000,4605.54580000,1763222399999999,14663033.97298600,47479,1691.74390000,5389070.22307400,0
1763222400000000,3186.05000000,3187.80000000,3162.78000000,3170.16000000,8923.30830000,1763224199999999,28315254.73226500,82889,3193.10490000,10133708.83462400,0
1763224200000000,3170.15000000,3187.86000000,3167.56000000,3186.34000000,5681.89680000,1763225999999999,18051794.75426600,55933,1924.83520000,6121030.42616100,0
1763226000000000,3186.35000000,3219.47000000,3182.62000000,3200.07000000,18059.40380000,1763227799999999,57769513.65001300,105034,12294.02530000,39312686.48358100,0
1763227800000000,3200.07000000,3215.00000000,3193.01000000,3214.99000000,33398.02560000,1763229599999999,107114822.74584400,90473,23081.70510000,74019770.14909900,0
1763229600000000,3214.99000000,3230.00000000,3208.89000000,3213.00000000,42099.85820000,1763231399999999,135611475.45031600,92956,27322.45570000,88017246.94220800,0
1763231400000000,3212.99000000,3217.87000000,3204.27000000,3208.10000000,6718.81780000,1763233199999999,21572180.69306300,54519,3796.48230000,12188556.64100600,0
1763233200000000,3208.09000000,3214.25000000,3198.33000000,3202.03000000,2729.59590000,1763234999999999,8752804.29242800,54137,1120.29240000,3592898.73781500,0
1763235000000000,3202.03000000,3202.03000000,3192.76000000,3197.88000000,3038.79930000,1763236799999999,9718526.49255600,40953,1159.88420000,3709089.26055100,0
1763236800000000,3197.89000000,3200.68000000,3186.40000000,3188.46000000,2405.64260000,1763238599999999,7678289.13262900,52823,1028.22230000,3281721.65889400,0
1763238600000000,3188.43000000,3188.89000000,3167.31000000,3174.91000000,6474.20910000,1763240399999999,20574297.42708900,71872,2510.39970000,7978450.35855800,0
1763240400000000,3174.90000000,3189.09000000,3172.98000000,3178.06000000,3828.91190000,1763242199999999,12181619.65519400,55239,1679.10590000,5343071.25233700,0
1763242200000000,3178.05000000,3181.00000000,3152.75000000,3157.97000000,11668.94690000,1763243999999999,36921057.03497100,80780,4828.38950000,15277234.62008700,0
1763244000000000,3157.96000000,3170.99000000,3155.07000000,3167.27000000,3316.99650000,1763245799999999,10495201.01236400,68634,1777.45630000,5624209.50054300,0
1763245800000000,3167.27000000,3172.35000000,3158.00000000,3171.52000000,2244.77180000,1763247599999999,7107287.23001200,57318,1116.89050000,3536007.52828500,0
1763247600000000,3171.52000000,3176.98000000,3168.31000000,3173.19000000,2930.49080000,1763249399999999,9297498.62135600,57270,2003.60540000,6356284.18374500,0
1763249400000000,3173.19000000,3177.55000000,3167.43000000,3167.88000000,2041.22120000,1763251199999999,6475986.96841600,35840,1171.61510000,3717239.58651400,0
1763251200000000,3167.87000000,3174.76000000,3148.00000000,3150.06000000,5560.85050000,1763252999999999,17556048.49967800,77770,2560.35560000,8085128.02651300,0
1763253000000000,3150.05000000,3163.91000000,3145.84000000,3152.59000000,4301.94520000,1763254799999999,13577131.53709700,55605,2793.67780000,8818368.88448000,0
1763254800000000,3152.59000000,3157.51000000,3135.52000000,3154.70000000,6197.20390000,1763256599999999,19493264.57892400,100388,2613.97440000,8222806.23805700,0
1763256600000000,3154.70000000,3157.94000000,3131.78000000,3150.59000000,6842.24670000,1763258399999999,21499864.80739800,127971,3539.17870000,11120539.28879300,0
1763258400000000,3150.59000000,3185.70000000,3142.30000000,3178.00000000,6521.80810000,1763260199999999,20654360.55381500,113458,3957.45980000,12532972.54600900,0
1763260200000000,3178.00000000,3204.80000000,3175.45000000,3203.13000000,10597.04730000,1763261999999999,33837074.27338700,120758,6241.34750000,19932345.77648000,0
1763262000000000,3203.13000000,3210.00000000,3193.20000000,3198.56000000,5893.15900000,1763263799999999,18860631.93347700,88791,2970.37600000,9508535.98973800,0
1763263800000000,3198.56000000,3204.34000000,3194.22000000,3202.97000000,2620.33790000,1763265599999999,8382791.23055000,53270,1317.58090000,4215414.16088500,0
1763265600000000,3202.95000000,3207.29000000,3193.97000000,3197.79000000,3009.60160000,1763267399999999,9632132.13438100,58756,1368.85630000,4381299.55402900,0
1763267400000000,3197.79000000,3198.04000000,3187.03000000,3194.35000000,4326.22810000,1763269199999999,13801299.65061300,46206,2839.61340000,9057398.04737900,0
1763269200000000,3194.35000000,3215.93000000,3193.86000000,3208.39000000,5805.55350000,1763270999999999,18627691.05237800,82554,3487.44000000,11189343.85032900,0
1763271000000000,3208.39000000,3213.10000000,3201.83000000,3204.95000000,3017.50690000,1763272799999999,9679184.54865100,56620,1418.14760000,4550007.25666700,0
1763272800000000,3204.95000000,3216.45000000,3200.97000000,3209.59000000,4452.92320000,1763274599999999,14292729.38999800,66507,2447.31110000,7855575.56467700,0
1763274600000000,3209.60000000,3212.78000000,3198.53000000,3201.21000000,2792.60610000,1763276399999999,8957521.23402400,52902,1363.63550000,4375029.71757600,0
1763276400000000,3201.26000000,3210.47000000,3199.19000000,3206.16000000,3620.60240000,1763278199999999,11602353.75578900,56124,2046.60460000,6559012.86703400,0
1763278200000000,3206.15000000,3220.62000000,3206.15000000,3219.55000000,4545.58880000,1763279999999999,14609179.78115000,51750,3021.06100000,9709992.88983100,0
1763280000000000,3219.54000000,3228.00000000,3206.25000000,3210.62000000,5198.58230000,1763281799999999,16722922.27898400,75389,2894.40110000,9313227.61016200,0
1763281800000000,3210.63000000,3221.41000000,3208.86000000,3219.41000000,3209.97460000,1763283599999999,10320665.15831800,51872,1752.10340000,5634791.74312000,0
1763283600000000,3219.42000000,3219.42000000,3208.97000000,3215.44000000,2159.39040000,1763285399999999,6936879.60078400,51590,1131.70630000,3635530.84291200,0
1763285400000000,3215.44000000,3249.00000000,3214.38000000,3248.26000000,12622.19140000,1763287199999999,40857709.65341900,94150,6824.82650000,22089967.92568300,0
1763287200000000,3248.25000000,3248.25000000,3229.41000000,3234.75000000,7020.04150000,1763288999999999,22728438.45618200,84789,3368.50050000,10907942.93315300,0
1763289000000000,3234.75000000,3239.10000000,3232.64000000,3235.99000000,3587.81920000,1763290799999999,11608506.98348100,48730,1739.77240000,5628889.71356500,0
1763290800000000,3235.99000000,3237.87000000,3167.44000000,3173.29000000,16740.20830000,1763292599999999,53518547.14508600,148636,5811.02850000,18573301.70362000,0
1763292600000000,3173.29000000,3180.50000000,3160.36000000,3168.64000000,8466.43140000,1763294399999999,26839845.17613200,138207,3942.61870000,12499728.02431100,0
1763294400000000,3168.64000000,3182.60000000,3165.04000000,3171.94000000,5680.69180000,1763296199999999,18030770.85488600,84578,3272.80160000,10388555.19729700,0
1763296200000000,3171.95000000,3177.76000000,3154.88000000,3168.99000000,34344.98380000,1763297999999999,108888487.79601700,114789,26445.95990000,83872802.71901100,0
1763298000000000,3168.99000000,3173.50000000,3156.66000000,3158.99000000,11827.95840000,1763299799999999,37460482.66629400,70964,7581.75670000,24018922.07791400,0
1763299800000000,3158.99000000,3167.17000000,3139.04000000,3153.85000000,13405.17180000,1763301599999999,42249369.89116900,133839,5811.84190000,18317024.80318100,0
1763301600000000,3153.85000000,3160.99000000,3147.51000000,3156.28000000,4879.05820000,1763303399999999,15394461.08030900,69568,2783.61190000,8784182.72836600,0
1763303400000000,3156.28000000,3179.00000000,3154.25000000,3172.05000000,7002.82950000,1763305199999999,22196162.63909400,92195,4383.02830000,13891530.31145200,0
1763305200000000,3172.06000000,3180.76000000,3165.70000000,3170.67000000,5950.61530000,1763306999999999,18883261.33039600,91009,2408.97340000,7645348.76082400,0
1763307000000000,3170.67000000,3175.41000000,3099.23000000,3105.44000000,29638.34440000,1763308799999999,92682308.19016600,200135,12216.09730000,38198091.55036000,0
1763308800000000,3105.45000000,3126.02000000,3071.82000000,3078.24000000,35237.05880000,1763310599999999,109081501.10768100,317421,16158.87890000,50046749.28704200,0
1763310600000000,3078.24000000,3086.11000000,3058.24000000,3061.60000000,23849.77580000,1763312399999999,73241167.96715800,240728,9529.09060000,29273636.91956400,0
1763312400000000,3061.59000000,3082.05000000,3046.35000000,3067.84000000,35248.42940000,1763314199999999,107831610.86010700,202187,13366.19010000,40915414.38738500,0
1763314200000000,3067.83000000,3088.46000000,3026.00000000,3079.84000000,32309.11580000,1763315999999999,98581550.71572500,222112,14130.61560000,43133381.40542500,0
1763316000000000,3079.84000000,3128.00000000,3072.89000000,3094.46000000,27924.61740000,1763317799999999,86669993.50358700,283598,15463.66850000,47996133.70893100,0
1763317800000000,3094.49000000,3094.49000000,3043.04000000,3060.44000000,17755.42010000,1763319599999999,54472662.13980400,171311,7264.61950000,22281024.85025100,0
1763319600000000,3060.45000000,3116.28000000,3057.61000000,3105.01000000,15753.04490000,1763321399999999,48748792.59020400,168615,8945.92910000,27665420.89599900,0
1763321400000000,3105.00000000,3111.46000000,3087.45000000,3091.09000000,6397.24040000,1763323199999999,19816885.89731700,101194,3293.34310000,10201833.34521600,0
1763323200000000,3091.09000000,3117.21000000,3085.29000000,3111.75000000,6787.20550000,1763324999999999,21057875.23340200,92456,3656.13470000,11343596.76674500,0
1763325000000000,3111.75000000,3114.02000000,3089.31000000,3089.32000000,3175.39810000,1763326799999999,9851856.87521600,62744,1436.42060000,4456025.66140100,0
1763326800000000,3089.32000000,3096.89000000,3058.40000000,3067.09000000,14367.58490000,1763328599999999,44154145.46130700,129811,6659.55820000,20468215.50679200,0
1763328600000000,3067.09000000,3077.42000000,3060.65000000,3073.63000000,8048.48110000,1763330399999999,24709392.48054200,115237,4309.10310000,13230801.11292500,0
1763330400000000,3073.64000000,3083.85000000,3043.76000000,3077.90000000,23005.28980000,1763332199999999,70479138.67237100,194446,10940.91230000,33519553.41120100,0
1763332200000000,3077.90000000,3102.65000000,3063.94000000,3091.86000000,9795.97130000,1763333999999999,30192567.96213500,122581,4653.38210000,14350596.31877900,0
1763334000000000,3091.86000000,3103.90000000,3004.00000000,3091.09000000,47859.47090000,1763335799999999,145775010.47139800,381382,24488.77350000,74645785.77271900,0
1763335800000000,3091.09000000,3107.28000000,3086.31000000,3095.29000000,11279.97520000,1763337599999999,34941492.91111200,143692,7192.56610000,22282053.18813400,0
1763337600000000,3095.29000000,3123.12000000,3069.00000000,3121.65000000,15420.27830000,1763339399999999,47690305.41864900,187741,8209.09010000,25401456.41128100,0
1763339400000000,3121.65000000,3140.95000000,3108.59000000,3136.32000000,15931.35760000,1763341199999999,49860325.95026800,218658,8406.43670000,26307644.39785000,0
1763341200000000,3136.33000000,3147.72000000,3119.63000000,3141.19000000,8910.29930000,1763342999999999,27914015.54502300,157850,4846.35780000,15182447.54081300,0
1763343000000000,3141.18000000,3142.50000000,3113.85000000,3114.66000000,5958.81610000,1763344799999999,18642450.07899300,104607,2975.75040000,9311295.37635700,0
1763344800000000,3114.66000000,3160.35000000,3111.61000000,3151.20000000,13693.62230000,1763346599999999,43026513.34493600,161895,8757.36040000,27524150.51279900,0
1763346600000000,3151.20000000,3153.46000000,3139.65000000,3149.40000000,5250.91730000,1763348399999999,16518331.79335200,92727,2681.51860000,8435595.13450300,0
1763348400000000,3149.40000000,3180.42000000,3148.06000000,3170.25000000,9854.82660000,1763350199999999,31213150.69113000,116720,5767.31720000,18262939.27150800,0
1763350200000000,3170.26000000,3179.19000000,3166.46000000,3176.60000000,5363.43720000,1763351999999999,17019373.62634600,70328,3206.01870000,10174615.46500900,0
1763352000000000,3176.59000000,3193.67000000,3165.93000000,3192.32000000,8078.39630000,1763353799999999,25670652.68232500,107987,4495.53030000,14291340.33484400,0
1763353800000000,3192.32000000,3193.16000000,3181.10000000,3185.43000000,5006.33270000,1763355599999999,15955809.45807200,77048,2454.90560000,7823697.87067100,0
1763355600000000,3185.43000000,3193.37000000,3177.54000000,3190.71000000,6166.65950000,1763357399999999,19633853.53849800,86445,2970.02080000,9456925.67329200,0
1763357400000000,3190.72000000,3193.21000000,3176.94000000,3186.74000000,6465.13550000,1763359199999999,20592653.71334300,65536,2888.27970000,9199649.85435100,0
1763359200000000,3186.75000000,3193.25000000,3171.00000000,3190.41000000,10375.65970000,1763360999999999,33013585.55352300,74888,4225.84800000,13453250.67389000,0
1763361000000000,3190.41000000,3197.55000000,3182.02000000,3194.00000000,7175.06740000,1763362799999999,22884576.85284800,54167,2781.64650000,8873119.52206300,0
1763362800000000,3194.01000000,3204.70000000,3189.04000000,3193.05000000,8721.14940000,1763364599999999,27894496.76826300,88587,4758.37420000,15221702.22519700,0
1763364600000000,3193.04000000,3208.52000000,3191.22000000,3198.44000000,11595.42510000,1763366399999999,37112851.43650400,105382,6167.35300000,19740856.08039100,0
1763366400000000,3198.44000000,3205.00000000,3191.25000000,3197.96000000,9177.59110000,1763368199999999,29363271.45722500,92614,4447.88490000,14232959.04711100,0
1763368200000000,3197.97000000,3199.38000000,3184.84000000,3190.25000000,5973.29120000,1763369999999999,19055171.16309300,47099,1652.22390000,5270138.65289100,0
1763370000000000,3190.24000000,3216.84000000,3179.88000000,3205.25000000,17425.66750000,1763371799999999,55714782.70134200,96859,9071.15940000,29027207.32915700,0
1763371800000000,3205.26000000,3206.20000000,3192.90000000,3195.18000000,5986.63300000,1763373599999999,19145485.10046300,58588,2607.81810000,8341598.22390300,0
1763373600000000,3195.19000000,3208.00000000,3194.44000000,3196.36000000,7582.53540000,1763375399999999,24272974.01427100,72577,4122.40240000,13194208.54988700,0
1763375400000000,3196.36000000,3203.00000000,3191.52000000,3196.72000000,3353.37570000,1763377199999999,10725135.06178100,56860,1324.91090000,4237413.55359100,0
1763377200000000,3196.73000000,3208.01000000,3193.54000000,3208.01000000,3911.61510000,1763378999999999,12519175.93361100,54460,2230.82110000,7140543.64549200,0
1763379000000000,3208.00000000,3223.38000000,3195.02000000,3204.12000000,12321.48880000,1763380799999999,39524826.10387200,101571,7535.69600000,24175727.24644400,0
1763380800000000,3204.12000000,3204.38000000,3188.11000000,3192.83000000,5546.97110000,1763382599999999,17723126.12778300,75917,2326.94880000,7435396.73722100,0
1763382600000000,3192.83000000,3196.80000000,3182.23000000,3183.70000000,7994.14720000,1763384399999999,25470698.87735900,76680,3721.21720000,11855265.80151800,0
1763384400000000,3183.70000000,3188.96000000,3144.74000000,3149.04000000,19257.95130000,1763386199999999,60977234.75298300,139622,9366.20560000,29665722.13319600,0
1763386200000000,3149.03000000,3155.74000000,3095.09000000,3121.95000000,30490.13990000,1763387999999999,95188257.50257000,237464,14743.68330000,46067885.80633600,0
1763388000000000,3121.80000000,3141.60000000,3102.62000000,3120.93000000,15703.38320000,1763389799999999,49000222.26926700,220635,8351.51820000,26063506.61676200,0
1763389800000000,3120.92000000,3210.88000000,3114.78000000,3152.26000000,54475.84550000,1763391599999999,172840465.27846600,485039,29823.30450000,94631540.58583600,0
1763391600000000,3152.26000000,3166.65000000,3105.44000000,3153.37000000,35461.99420000,1763393399999999,111244556.26087800,374566,19463.57530000,61084707.03948100,0
1763393400000000,3153.38000000,3160.24000000,3111.22000000,3121.04000000,20900.84330000,1763395199999999,65388112.31197000,273947,11435.03710000,35782470.32364000,0
1763395200000000,3121.04000000,3122.72000000,3064.21000000,3092.26000000,30429.91010000,1763396999999999,93881903.14142900,282164,14531.92480000,44818714.47207700,0
1763397000000000,3092.25000000,3142.56000000,3081.69000000,3134.30000000,21109.60410000,1763398799999999,65709151.75949200,256431,10459.18410000,32551167.38625400,0
1763398800000000,3134.33000000,3137.59000000,3097.74000000,3099.77000000,16067.46180000,1763400599999999,50090683.47050900,201081,9307.84000000,29022218.49977300,0
1763400600000000,3099.77000000,3107.99000000,3054.07000000,3058.59000000,28122.72180000,1763402399999999,86469107.43590300,233657,11933.05670000,36736915.27463000,0
1763402400000000,3058.59000000,3081.04000000,3025.79000000,3028.20000000,29478.69090000,1763404199999999,89995584.24109400,272627,12724.95380000,38875627.51655900,0
1763404200000000,3028.20000000,3054.01000000,3020.00000000,3024.98000000,21916.70650000,1763405999999999,66478047.94898400,223965,10152.47890000,30800836.36680000,0
1763406000000000,3024.97000000,3038.97000000,3006.58000000,3012.47000000,28522.64260000,1763407799999999,86112893.65017300,220736,11967.82410000,36151758.29527000,0
1763407800000000,3012.47000000,3032.80000000,2972.88000000,2982.27000000,54244.68900000,1763409599999999,162510014.88190100,359629,23027.44540000,68958768.74443700,0
1763409600000000,2982.27000000,3003.83000000,2959.46000000,2989.04000000,40108.04270000,1763411399999999,119386993.86791300,339186,20900.81890000,62205291.57859400,0
1763411400000000,2989.03000000,3022.08000000,2975.00000000,3004.66000000,21330.23960000,1763413199999999,63961312.88034900,224700,11392.36060000,34155022.17071500,0
1763413200000000,3004.64000000,3027.94000000,2984.81000000,2997.14000000,17287.26900000,1763414999999999,52016957.68101500,149869,8510.82550000,25627292.31238300,0
1763415000000000,2997.13000000,3010.26000000,2988.00000000,3009.25000000,9958.55450000,1763416799999999,29864878.72204200,103466,5442.10780000,16325146.75272300,0
1763416800000000,3009.25000000,3027.19000000,3000.00000000,3023.28000000,13251.70960000,1763418599999999,39994284.50351200,99947,8803.94380000,26571929.38386600,0
1763418600000000,3023.27000000,3032.53000000,3019.00000000,3023.54000000,9089.12270000,1763420399999999,27483137.06791200,64186,5693.96040000,17218967.90552700,0
1763420400000000,3023.55000000,3027.25000000,3006.11000000,3017.81000000,11321.60830000,1763422199999999,34158649.09003000,92347,7567.52900000,22835294.47185800,0
1763422200000000,3017.81000000,3031.45000000,3012.48000000,3031.44000000,10730.60190000,1763423999999999,32427239.05467400,91514,7182.27400000,21705129.23346200,0
1763424000000000,3031.44000000,3038.41000000,3018.56000000,3020.27000000,15582.68850000,1763425799999999,47208383.53873600,132090,10021.47420000,30363637.45242500,0
1763425800000000,3020.26000000,3040.94000000,2991.16000000,3032.85000000,21897.67140000,1763427599999999,66063552.16752800,241550,11753.25600000,35484500.90980100,0
1763427600000000,3032.86000000,3050.05000000,3019.00000000,3025.65000000,20972.01750000,1763429399999999,63705694.50358700,193685,11562.53280000,35130132.02162000,0
1763429400000000,3025.65000000,3039.33000000,3014.04000000,3017.59000000,8739.72140000,1763431199999999,26451693.42340200,148208,4761.46250000,14413489.98948800,0
1763431200000000,3017.58000000,3038.80000000,2978.17000000,3037.20000000,23631.98780000,1763432999999999,71062135.02469700,259445,11541.99970000,34725364.98948600,0
1763433000000000,3037.21000000,3045.04000000,2978.70000000,2985.50000000,24864.41830000,1763434799999999,75116092.58141600,219146,11834.34690000,35775828.14730800,0
1763434800000000,2985.50000000,2988.69000000,2946.56000000,2965.61000000,43400.99510000,1763436599999999,128726893.68706100,283342,17605.01940000,52249705.80129600,0
1763436600000000,2965.61000000,3027.94000000,2953.34000000,3023.97000000,30037.86700000,1763438399999999,90001829.86313300,289573,15703.16410000,47091168.07068700,0
1763438400000000,3023.97000000,3025.18000000,2978.10000000,2978.14000000,17988.29340000,1763440199999999,53937075.26167200,219595,7261.00550000,21763327.16986900,0
1763440200000000,2978.15000000,3010.49000000,2958.08000000,3005.88000000,34805.82050000,1763441999999999,103887836.77884700,302283,15927.89080000,47576116.11914400,0
1763442000000000,3005.88000000,3023.84000000,2984.09000000,3014.19000000,15496.97100000,1763443799999999,46645112.34324700,177325,9016.63730000,27145980.04091600,0
1763443800000000,3014.19000000,3023.00000000,3002.30000000,3012.13000000,9387.46360000,1763445599999999,28291743.82250700,135849,4476.18940000,13491071.58963100,0
1763445600000000,3012.14000000,3015.48000000,2997.47000000,3004.76000000,11822.58070000,1763447399999999,35558406.86803500,156048,5193.89170000,15622231.21237100,0
1763447400000000,3004.76000000,3005.50000000,2973.53000000,2989.76000000,22098.84970000,1763449199999999,65996664.79821300,140413,10578.10870000,31578429.18195400,0
1763449200000000,2989.76000000,3013.90000000,2977.33000000,3009.98000000,14861.07860000,1763450999999999,44516174.57157500,155703,7386.44760000,22122055.14249800,0
1763451000000000,3009.98000000,3034.50000000,3004.56000000,3024.44000000,14438.37300000,1763452799999999,43663218.28705800,154474,8191.75110000,24775803.34741700,0
1763452800000000,3024.44000000,3044.93000000,3024.44000000,3034.05000000,18370.91090000,1763454599999999,55752181.57408100,164491,11635.17820000,35310991.13396000,0
1763454600000000,3034.05000000,3068.00000000,3032.16000000,3060.19000000,20149.93980000,1763456399999999,61597927.59354700,166586,13026.18770000,39813472.81006800,0
1763456400000000,3060.19000000,3067.24000000,3028.39000000,3031.57000000,14750.34160000,1763458199999999,44952507.01366800,131920,7083.47080000,21583075.45724500,0
1763458200000000,3031.57000000,3063.91000000,3030.88000000,3060.50000000,13138.95320000,1763459999999999,40050786.07555900,123142,8660.17010000,26396664.76797400,0
1763460000000000,3060.50000000,3069.00000000,3050.53000000,3061.14000000,15508.25180000,1763461799999999,47461169.32311800,126786,11303.24360000,34594101.32258400,0
1763461800000000,3061.14000000,3072.21000000,3053.84000000,3066.15000000,10027.70190000,1763463599999999,30737172.73517300,105551,6228.00380000,19088933.59580700,0
1763463600000000,3066.15000000,3074.45000000,3052.44000000,3063.32000000,12449.56580000,1763465399999999,38128111.61560800,108799,7772.94680000,23805648.30466100,0
1763465400000000,3063.33000000,3071.48000000,3053.87000000,3058.01000000,12160.36810000,1763467199999999,37264272.86227400,87456,7766.59430000,23800283.43495300,0
1763467200000000,3058.00000000,3063.81000000,3039.36000000,3047.30000000,13825.97180000,1763468999999999,42184911.39464300,122689,7196.08160000,21963074.24938900,0
1763469000000000,3047.30000000,3066.09000000,3041.61000000,3049.76000000,8010.14920000,1763470799999999,24468857.69714100,133671,3472.81880000,10608705.31772500,0
1763470800000000,3049.76000000,3051.48000000,3032.71000000,3036.53000000,13145.97120000,1763472599999999,39989943.74613600,138954,6199.06370000,18866136.24045800,0
1763472600000000,3036.53000000,3051.10000000,3022.09000000,3048.34000000,15094.39080000,1763474399999999,45855902.11406900,162102,8195.45730000,24897112.15310500,0
1763474400000000,3048.33000000,3069.00000000,3032.31000000,3058.18000000,9904.27210000,1763476199999999,30203358.45115400,164794,4900.29420000,14949795.03679600,0
1763476200000000,3058.18000000,3092.64000000,3044.37000000,3058.33000000,39422.31500000,1763477999999999,121227682.87681400,394072,20187.70800000,62094408.52703100,0
1763478000000000,3058.32000000,3119.00000000,3034.00000000,3109.23000000,41191.48050000,1763479799999999,127122754.02005300,384765,21098.79190000,65151408.27457100,0
1763479800000000,3109.24000000,3123.69000000,3095.01000000,3106.87000000,17586.20540000,1763481599999999,54694372.35821900,251458,8394.50260000,26122191.72532400,0
1763481600000000,3106.87000000,3160.00000000,3099.39000000,3156.80000000,38128.28700000,1763483399999999,119531851.82901900,231440,23892.10350000,74988823.36579000,0
1763483400000000,3156.81000000,3168.91000000,3146.15000000,3152.18000000,20828.75600000,1763485199999999,65731153.97904700,181500,11567.63240000,36514888.99892800,0
1763485200000000,3152.18000000,3159.00000000,3122.36000000,3125.35000000,19382.96790000,1763486999999999,60960951.39974800,159783,9881.73740000,31076600.29807000,0
1763487000000000,3125.35000000,3140.00000000,3120.08000000,3135.36000000,10512.08740000,1763488799999999,32911006.41328000,136683,5335.79460000,16706213.63471800,0
1763488800000000,3135.36000000,3154.60000000,3135.36000000,3143.36000000,9238.75970000,1763490599999999,29067558.52504000,116951,5037.79040000,15847921.37650100,0
1763490600000000,3143.36000000,3169.95000000,3143.36000000,3160.46000000,9809.72810000,1763492399999999,30998100.85194500,96368,5343.71950000,16886805.83730500,0
1763492400000000,3160.46000000,3168.36000000,3154.41000000,3161.11000000,4997.70610000,1763494199999999,15799580.82549000,86902,2515.92130000,7954399.43407500,0
1763494200000000,3161.11000000,3162.50000000,3135.59000000,3146.02000000,9187.65630000,1763495999999999,28927627.81237300,104998,4293.83940000,13517009.03043600,0
1763496000000000,3146.01000000,3150.43000000,3137.50000000,3147.86000000,3452.12360000,1763497799999999,10855232.68407000,76005,1800.29480000,5660960.91096200,0
1763497800000000,3147.87000000,3149.48000000,3122.72000000,3123.20000000,6371.67470000,1763499599999999,19960727.37248000,83877,2808.52220000,8798288.04263200,0
1763499600000000,3123.19000000,3131.18000000,3114.15000000,3123.99000000,4364.17140000,1763501399999999,13624516.82845700,71246,2380.18400000,7430352.20027900,0
1763501400000000,3123.99000000,3124.00000000,3097.21000000,3098.25000000,8349.80750000,1763503199999999,25928956.21125600,64984,3124.90950000,9700480.96355500,0
1763503200000000,3098.25000000,3128.24000000,3097.66000000,3126.30000000,7315.13950000,1763504999999999,22764139.16071900,56320,4165.17810000,12963073.67860500,0
1763505000000000,3126.30000000,3129.77000000,3119.00000000,3125.55000000,2872.77140000,1763506799999999,8975559.18384800,43703,1339.15500000,4184133.08756800,0
1763506800000000,3125.55000000,3126.45000000,3107.56000000,3118.53000000,5305.31170000,1763508599999999,16536466.54863400,89263,2851.94090000,8888261.01903700,0
1763508600000000,3118.53000000,3126.08000000,3114.10000000,3123.66000000,1759.57090000,1763510399999999,5489612.20066700,39253,1006.37450000,3139965.32022400,0
1763510400000000,3123.65000000,3124.17000000,3077.88000000,3092.86000000,13768.82500000,1763512199999999,42603961.13617900,110976,6216.19650000,19225610.74394800,0
1763512200000000,3092.85000000,3109.24000000,3086.13000000,3100.64000000,5536.38030000,1763513999999999,17161093.40437200,85478,3030.09800000,9395615.27905800,0
1763514000000000,3100.64000000,3116.28000000,3085.26000000,3111.26000000,9361.77880000,1763515799999999,28999271.38282200,111447,5121.88050000,15876165.25561600,0
1763515800000000,3111.26000000,3111.81000000,3095.17000000,3105.10000000,5405.74670000,1763517599999999,16774071.58558500,101862,2263.66730000,7024116.13563400,0
1763517600000000,3105.10000000,3125.54000000,3097.88000000,3115.08000000,6150.86890000,1763519399999999,19153463.64886100,104013,3813.21020000,11875190.38759100,0
1763519400000000,3115.07000000,3125.24000000,3111.71000000,3113.93000000,3876.23020000,1763521199999999,12088510.13604600,73548,2251.68550000,7022727.37641400,0
1763521200000000,3113.94000000,3118.33000000,3091.37000000,3092.49000000,5956.83960000,1763522999999999,18470329.99204100,82088,3090.16820000,9580190.10144300,0
1763523000000000,3092.49000000,3092.49000000,3069.59000000,3073.02000000,15197.60890000,1763524799999999,46753911.21115000,107043,8613.74950000,26493244.10698900,0
1763524800000000,3073.01000000,3076.83000000,3062.35000000,3069.98000000,8695.65320000,1763526599999999,26690895.95580900,92068,3875.30300000,11895788.66845800,0
1763526600000000,3069.98000000,3070.13000000,3045.81000000,3048.57000000,10991.22020000,1763528399999999,33603671.83936500,91800,4802.85800000,14680499.43762200,0
1763528400000000,3048.57000000,3052.67000000,3024.16000000,3025.93000000,17443.98440000,1763530199999999,52984877.38840900,130087,5908.61900000,17952083.91421400,0
1763530200000000,3025.92000000,3026.16000000,2992.23000000,3017.56000000,24873.37800000,1763531999999999,74804477.60028300,201181,9669.94390000,29083439.85829000,0
1763532000000000,3017.56000000,3033.70000000,3010.60000000,3031.75000000,12540.56620000,1763533799999999,37926246.97377100,116938,7869.75280000,23796136.98811600,0
1763533800000000,3031.74000000,3045.03000000,3030.83000000,3041.15000000,9339.84030000,1763535599999999,28384900.33064700,82056,4646.16270000,14120446.45957700,0
1763535600000000,3041.15000000,3061.72000000,3039.25000000,3051.44000000,9687.93530000,1763537399999999,29560417.98441900,84670,4933.03760000,15052629.51624400,0
1763537400000000,3051.43000000,3087.71000000,3048.10000000,3084.96000000,12288.03240000,1763539199999999,37785951.63004600,122680,6046.51700000,18589616.40980900,0
1763539200000000,3084.97000000,3100.31000000,3072.50000000,3098.59000000,16363.64720000,1763540999999999,50534765.71135800,102737,8352.55990000,25791606.20563400,0
1763541000000000,3098.58000000,3099.59000000,3074.50000000,3080.21000000,10258.29590000,1763542799999999,31652422.80787700,98632,4441.74540000,13702755.27673200,0
1763542800000000,3080.20000000,3080.61000000,3053.55000000,3064.61000000,11497.71630000,1763544599999999,35243466.03279200,103906,4229.51580000,12963625.94644500,0
1763544600000000,3064.61000000,3088.24000000,3064.61000000,3088.24000000,6961.80420000,1763546399999999,21421506.67073500,109895,3887.94710000,11966562.02534200,0
1763546400000000,3088.24000000,3112.55000000,3083.51000000,3097.19000000,8822.57230000,1763548199999999,27335522.85946300,112611,4622.23960000,14325553.97979400,0
1763548200000000,3097.20000000,3102.39000000,3084.48000000,3092.00000000,6265.32650000,1763549999999999,19375236.47042100,87480,3033.04130000,9379648.95469100,0
1763550000000000,3091.99000000,3102.28000000,3087.55000000,3087.55000000,4286.99600000,1763551799999999,13266024.38853400,76447,2194.43420000,6791846.78745100,0
1763551800000000,3087.54000000,3095.06000000,3077.54000000,3083.51000000,4390.10920000,1763553599999999,13556873.10909200,57883,1912.57110000,5907188.84629000,0
1763553600000000,3083.51000000,3095.56000000,3081.01000000,3092.73000000,5513.35650000,1763555399999999,17028285.96056200,88669,2561.49940000,7910164.97035500,0
1763555400000000,3092.73000000,3108.76000000,3086.03000000,3100.82000000,8654.29480000,1763557199999999,26809481.93275900,102277,5735.11550000,17765549.10403100,0
1763557200000000,3100.82000000,3101.36000000,3085.04000000,3095.02000000,8574.83440000,1763558999999999,26530333.74496400,89419,6014.25360000,18609126.84428800,0
1763559000000000,3095.04000000,3098.38000000,3057.76000000,3067.36000000,18416.96110000,1763560799999999,56624527.27281500,155370,9741.25190000,29953871.01284800,0
1763560800000000,3067.36000000,3070.26000000,3023.89000000,3027.52000000,17404.23350000,1763562599999999,53040431.50161100,184163,7786.72500000,23742600.70611600,0
1763562600000000,3027.53000000,3068.84000000,3024.08000000,3060.51000000,18023.70600000,1763564399999999,54969511.02385600,281298,9191.89570000,28030293.88189500,0
1763564400000000,3060.52000000,3106.20000000,3026.33000000,3035.11000000,27304.22670000,1763566199999999,83787719.10570900,310339,13980.13100000,42940461.09088100,0
1763566200000000,3035.11000000,3036.96000000,2967.00000000,2973.16000000,60682.28440000,1763567999999999,181825999.70201100,389454,23613.62030000,70763292.17019900,0
1763568000000000,2973.15000000,3000.00000000,2955.25000000,2960.91000000,33849.49130000,1763569799999999,100662001.13351800,289164,16178.86070000,48136945.43871400,0
1763569800000000,2960.91000000,2967.40000000,2936.62000000,2950.19000000,31448.73740000,1763571599999999,92772764.19579100,289594,14121.37650000,41654542.80774600,0
1763571600000000,2950.19000000,2961.22000000,2912.50000000,2935.09000000,26543.26580000,1763573399999999,77790477.41890400,274728,12999.99850000,38099752.78282600,0
1763573400000000,2935.08000000,2938.00000000,2900.00000000,2922.85000000,36667.42320000,1763575199999999,106823428.19098700,289686,16180.24130000,47174989.94910000,0
1763575200000000,2922.84000000,2929.68000000,2880.49000000,2888.47000000,34641.28770000,1763576999999999,100486983.42307100,292534,15512.96100000,45006470.80430100,0
1763577000000000,2888.47000000,2902.55000000,2881.00000000,2899.75000000,18257.09280000,1763578799999999,52793486.87850200,213100,10128.38190000,29293381.14712300,0
1763578800000000,2899.74000000,2905.84000000,2875.02000000,2882.37000000,14746.47280000,1763580599999999,42586314.22471500,173088,7260.92280000,20977839.29835500,0
1763580600000000,2882.36000000,2891.12000000,2873.64000000,2881.66000000,11754.86890000,1763582399999999,33855463.79540200,131841,6647.61650000,19151643.09497500,0
1763582400000000,2881.66000000,2919.60000000,2875.00000000,2919.58000000,18625.09090000,1763584199999999,53984784.98449000,152881,10379.18020000,30065665.05656200,0
1763584200000000,2919.57000000,2957.32000000,2907.89000000,2945.29000000,18703.72780000,1763585999999999,54824320.61163300,170827,11097.51520000,32536309.75292100,0
1763586000000000,2945.30000000,3002.00000000,2939.13000000,2969.82000000,34082.27120000,1763587799999999,101265075.79302100,238438,18917.46040000,56203942.83354000,0
1763587800000000,2969.82000000,2997.08000000,2968.53000000,2991.66000000,9537.36410000,1763589599999999,28485630.01754900,158960,4682.59390000,13986811.78863600,0
1763589600000000,2991.65000000,2992.42000000,2953.85000000,2983.25000000,10691.84210000,1763591399999999,31783719.93693700,136110,4147.05310000,12328056.65255300,0
1763591400000000,2983.25000000,2988.70000000,2973.49000000,2984.54000000,5605.05240000,1763593199999999,16705837.32268300,76833,2790.09560000,8316611.28783600,0
1763593200000000,2984.54000000,3024.80000000,2984.54000000,3013.38000000,18704.60790000,1763594999999999,56326172.45133300,145513,9960.93180000,29985590.57392500,0
1763595000000000,3013.38000000,3027.88000000,3009.13000000,3025.48000000,9532.86490000,1763596799999999,28784074.35012100,82410,5579.96000000,16851871.45187100,0
1763596800000000,3025.48000000,3042.20000000,3004.41000000,3036.88000000,9982.77370000,1763598599999999,30209101.05963800,101911,5847.54950000,17696089.06619900,0
1763598600000000,3036.89000000,3049.14000000,3018.21000000,3019.27000000,14630.45410000,1763600399999999,44402503.24529400,111974,7016.05140000,21297942.58478100,0
1763600400000000,3019.26000000,3041.80000000,3018.80000000,3028.51000000,21154.12590000,1763602199999999,64074802.03370500,96177,15670.95360000,47443537.14214200,0
1763602200000000,3028.52000000,3050.50000000,3028.52000000,3047.51000000,9366.42020000,1763603999999999,28491223.02423900,85743,5570.31880000,16947455.27211200,0
1763604000000000,3047.51000000,3058.00000000,3029.33000000,3034.07000000,10537.60880000,1763605799999999,32062347.44942100,114291,4785.99630000,14566092.22243000,0
1763605800000000,3034.08000000,3048.56000000,3030.07000000,3044.26000000,11157.06730000,1763607599999999,33940598.67949300,76716,5459.21880000,16605475.08681300,0
1763607600000000,3044.26000000,3053.23000000,3037.60000000,3038.06000000,5527.88970000,1763609399999999,16842626.09636800,77172,2873.17440000,8753627.80748500,0
1763609400000000,3038.06000000,3051.64000000,3037.27000000,3038.98000000,5211.85010000,1763611199999999,15858716.97143200,69064,2373.25310000,7222333.12855200,0
1763611200000000,3038.99000000,3041.61000000,3017.40000000,3019.66000000,9782.25180000,1763612999999999,29619804.42851100,73390,3510.60860000,10627977.21857000,0
1763613000000000,3019.66000000,3055.00000000,3017.53000000,3054.01000000,10952.83590000,1763614799999999,33242203.98827700,68592,6936.13690000,21053035.46157100,0
1763614800000000,3054.02000000,3063.61000000,3037.04000000,3037.37000000,13738.49890000,1763616599999999,41903744.60983400,84316,6365.12510000,19417176.18836600,0
1763616600000000,3037.37000000,3044.68000000,3032.98000000,3035.38000000,6147.22160000,1763618399999999,18677013.71558700,51072,3497.92710000,10627297.18798100,0
1763618400000000,3035.37000000,3042.50000000,3025.88000000,3028.62000000,5990.26340000,1763620199999999,18177223.72353700,65380,3063.52210000,9295866.27699900,0
1763620200000000,3028.63000000,3030.45000000,3006.89000000,3020.81000000,11445.70100000,1763621999999999,34544808.48314800,76927,4483.85530000,13531500.04860500,0
1763622000000000,3020.81000000,3033.17000000,3015.50000000,3027.81000000,5975.93960000,1763623799999999,18085169.15694300,74867,2622.43510000,7935258.94381900,0
1763623800000000,3027.81000000,3044.42000000,3026.15000000,3039.43000000,5738.07190000,1763625599999999,17417965.82490100,73561,3106.76410000,9432128.73661200,0
1763625600000000,3039.44000000,3044.75000000,3022.60000000,3036.24000000,11111.91730000,1763627399999999,33682808.26951400,80144,5518.00170000,16721292.78505400,0
1763627400000000,3036.24000000,3039.38000000,3028.62000000,3030.85000000,4962.21060000,1763629199999999,15054444.47277100,51918,1362.07730000,4132512.94988900,0
1763629200000000,3030.85000000,3033.93000000,3012.00000000,3013.98000000,5732.05880000,1763630999999999,17331770.92555000,65717,1975.79640000,5972578.05942800,0
1763631000000000,3013.97000000,3017.34000000,2995.52000000,3011.39000000,13042.28430000,1763632799999999,39230591.46256400,88575,6655.36700000,20016039.50378800,0
1763632800000000,3011.39000000,3018.91000000,2993.91000000,3017.49000000,9091.34190000,1763634599999999,27305423.19700200,82490,4073.47750000,12239377.86153900,0
1763634600000000,3017.50000000,3020.86000000,3006.14000000,3015.30000000,6174.89590000,1763636399999999,18603225.17129100,53804,3165.32190000,9537996.00031200,0
1763636400000000,3015.30000000,3017.41000000,3002.00000000,3004.60000000,4121.12750000,1763638199999999,12410107.29937600,59752,1497.20360000,4509916.41055500,0
1763638200000000,3004.60000000,3027.48000000,3004.44000000,3023.98000000,8977.20800000,1763639999999999,27096145.80780100,74621,4666.10760000,14085398.67597200,0
1763640000000000,3023.99000000,3027.12000000,3010.74000000,3019.80000000,4961.49290000,1763641799999999,14980325.06177500,81063,2032.11360000,6135915.00960600,0
1763641800000000,3019.81000000,3033.00000000,3015.00000000,3028.86000000,5941.41210000,1763643599999999,17981140.26419600,80530,3029.68140000,9170395.39219900,0
1763643600000000,3028.87000000,3038.55000000,3015.01000000,3022.86000000,10348.22930000,1763645399999999,31332811.77761500,112068,5169.80870000,15656339.05781000,0
1763645400000000,3022.87000000,3049.58000000,2996.28000000,2999.81000000,23624.82020000,1763647199999999,71328284.12864600,235401,11636.04410000,35151655.77966500,0
1763647200000000,2999.82000000,3018.43000000,2963.68000000,3013.02000000,34493.88370000,1763648999999999,103028548.85488400,270186,16397.65360000,48992699.54866500,0
1763649000000000,3013.02000000,3022.70000000,2978.19000000,3000.70000000,26652.28950000,1763650799999999,79939404.42681900,306071,13325.20580000,39965113.96926600,0
1763650800000000,3000.70000000,3003.48000000,2961.97000000,2988.26000000,20539.76050000,1763652599999999,61207734.30062000,246659,10262.28220000,30574962.05346400,0
1763652600000000,2988.26000000,2996.73000000,2952.39000000,2955.68000000,17130.90120000,1763654399999999,50988268.42186200,175696,8447.51740000,25144552.57951800,0
1763654400000000,2955.65000000,2961.28000000,2883.73000000,2890.45000000,78266.41370000,1763656199999999,228156427.24020400,485819,32053.63520000,93342574.42421500,0
1763656200000000,2890.44000000,2898.76000000,2848.01000000,2862.68000000,61459.17950000,1763657999999999,176245724.60057600,380997,27944.15370000,80195183.47057900,0
1763658000000000,2862.65000000,2873.62000000,2807.35000000,2826.72000000,64743.49060000,1763659799999999,183218390.25503200,477473,30756.47950000,87037006.61792200,0
1763659800000000,2826.71000000,2844.78000000,2814.00000000,2833.66000000,38155.36540000,1763661599999999,107928136.00883000,318766,22410.85630000,63396270.61497300,0
1763661600000000,2833.65000000,2860.64000000,2814.23000000,2824.23000000,70821.01800000,1763663399999999,201249957.81236900,337357,27569.12250000,78286172.57566700,0
1763663400000000,2824.22000000,2830.58000000,2806.36000000,2813.66000000,51121.52480000,1763665199999999,144085882.45481800,201822,18759.49960000,52872127.33131400,0
1763665200000000,2813.66000000,2846.57000000,2790.01000000,2839.45000000,68555.85250000,1763666999999999,192901005.84892600,295212,28285.63470000,79657113.82039300,0
1763667000000000,2839.44000000,2855.28000000,2822.50000000,2847.90000000,18331.34450000,1763668799999999,51997736.02467200,180302,11446.63380000,32468897.31933600,0
1763668800000000,2847.89000000,2855.05000000,2819.55000000,2851.56000000,17769.63200000,1763670599999999,50395866.73375800,186155,8645.79250000,24514988.97488100,0
1763670600000000,2851.55000000,2856.54000000,2829.84000000,2835.29000000,15319.49880000,1763672399999999,43572811.72512100,161979,8658.64600000,24621386.15080500,0
1763672400000000,2835.30000000,2884.69000000,2834.63000000,2864.97000000,12449.17480000,1763674199999999,35606814.73019100,137109,6861.86990000,19623508.85139900,0
1763674200000000,2864.98000000,2897.63000000,2863.28000000,2879.65000000,10792.39240000,1763675999999999,31127355.25539300,132051,5627.51520000,16229184.88796000,0
1763676000000000,2879.64000000,2905.58000000,2876.18000000,2901.53000000,9075.92040000,1763677799999999,26287053.49127300,102100,4139.38000000,11988134.83355400,0
1763677800000000,2901.53000000,2905.93000000,2881.49000000,2886.17000000,6300.43570000,1763679599999999,18217397.02626500,88468,2832.56400000,8190968.21312000,0
1763679600000000,2886.16000000,2891.54000000,2856.01000000,2864.45000000,12410.95670000,1763681399999999,35616555.24626000,133070,5612.95360000,16105598.75911100,0
1763681400000000,2864.46000000,2865.98000000,2826.49000000,2834.22000000,12707.36440000,1763683199999999,36142408.55443600,142911,4887.58600000,13900935.31488700,0
1763683200000000,2834.21000000,2863.67000000,2832.56000000,2856.42000000,10771.12760000,1763684999999999,30701018.27525000,147242,5864.61670000,16716634.16753200,0
1763685000000000,2856.41000000,2870.00000000,2848.07000000,2861.08000000,5217.60230000,1763686799999999,14930140.58597700,107611,2636.13660000,7543202.62957800,0
1763686800000000,2861.11000000,2886.73000000,2851.69000000,2881.96000000,11126.74480000,1763688599999999,31918974.60890200,153058,6346.20970000,18215307.97258600,0
1763688600000000,2881.95000000,2882.78000000,2859.19000000,2862.09000000,7421.43990000,1763690399999999,21294985.73977600,101750,4674.66040000,13413455.67952200,0
1763690400000000,2862.10000000,2862.18000000,2822.22000000,2838.19000000,17249.07290000,1763692199999999,49071609.88566300,183253,6547.43170000,18608279.63245200,0
1763692200000000,2838.18000000,2847.94000000,2772.84000000,2782.67000000,35193.76040000,1763693999999999,98873377.12957200,271365,13469.29910000,37867176.57883100,0
1763694000000000,2782.66000000,2823.07000000,2781.85000000,2808.22000000,21230.75890000,1763695799999999,59512660.86013000,235432,10855.66670000,30435690.03129600,0
1763695800000000,2808.21000000,2826.00000000,2796.84000000,2809.18000000,9022.38880000,1763697599999999,25397714.19538500,140752,5225.54390000,14712971.22638700,0
1763697600000000,2809.17000000,2813.07000000,2799.17000000,2809.77000000,7965.80260000,1763699399999999,22345020.16843400,114937,3901.47790000,10945847.64125200,0
1763699400000000,2809.77000000,2821.92000000,2782.75000000,2818.89000000,19051.22280000,1763701199999999,53372947.03298300,182992,6871.37490000,19248077.41836000,0
1763701200000000,2818.88000000,2832.66000000,2814.70000000,2821.68000000,13256.80580000,1763702999999999,37432092.50643700,141726,8055.32730000,22745604.70140400,0
1763703000000000,2821.69000000,2827.99000000,2800.00000000,2809.43000000,12366.39460000,1763704799999999,34716129.34250100,125692,4258.76250000,11964871.94212800,0
1763704800000000,2809.43000000,2814.81000000,2789.28000000,2792.00000000,21028.52700000,1763706599999999,58888784.81853500,159379,6387.44310000,17892813.66413900,0
1763706600000000,2791.99000000,2800.85000000,2780.36000000,2790.20000000,22888.59610000,1763708399999999,63953106.78624100,149935,8080.40170000,22577060.18763300,0
1763708400000000,2790.20000000,2801.21000000,2755.87000000,2756.76000000,35913.74720000,1763710199999999,99794375.11159900,207974,14222.19640000,39502035.52893500,0
1763710200000000,2756.77000000,2762.23000000,2669.00000000,2720.17000000,149621.70070000,1763711999999999,406175624.32135500,565307,60029.04760000,163049170.68271400,0
1763712000000000,2720.17000000,2754.48000000,2706.35000000,2736.40000000,35006.77360000,1763713799999999,95734282.98498100,306084,18179.23540000,49698930.59607100,0
1763713800000000,2736.40000000,2748.85000000,2722.20000000,2737.89000000,19014.90480000,1763715599999999,51975295.33610400,205678,9278.91010000,25363636.72910300,0
1763715600000000,2737.90000000,2748.50000000,2708.84000000,2710.17000000,21237.17840000,1763717399999999,57965182.69244200,185463,8471.11410000,23137834.41214600,0
1763717400000000,2710.17000000,2714.68000000,2680.00000000,2681.42000000,36806.48870000,1763719199999999,99054145.28194600,265753,16898.75250000,45478275.16757700,0
1763719200000000,2681.41000000,2708.85000000,2663.01000000,2686.27000000,55485.25330000,1763720999999999,149010220.56035800,353651,26258.68210000,70549646.42469400,0
1763721000000000,2686.28000000,2717.14000000,2686.27000000,2696.80000000,18553.74140000,1763722799999999,50177403.93145300,194414,10734.68010000,29044433.40310600,0
1763722800000000,2696.80000000,2722.98000000,2695.26000000,2710.79000000,13861.21160000,1763724599999999,37588196.35310400,167665,7449.75320000,20205506.77316300,0
1763724600000000,2710.78000000,2718.76000000,2674.49000000,2688.42000000,18859.99040000,1763726399999999,50724918.86609600,169470,7963.42220000,21422206.77639800,0
1763726400000000,2688.42000000,2693.98000000,2623.57000000,2639.00000000,53832.32170000,1763728199999999,142965812.52209200,368782,21545.46490000,57277462.13957800,0
1763728200000000,2639.01000000,2743.17000000,2639.01000000,2727.59000000,57371.42030000,1763729999999999,155080805.45811300,481503,31927.81950000,86300106.43546700,0
1763730000000000,2727.59000000,2762.00000000,2711.06000000,2736.68000000,30187.85160000,1763731799999999,82600485.85901700,302695,16371.08390000,44809375.22321300,0
1763731800000000,2736.69000000,2769.61000000,2729.77000000,2741.79000000,19425.66740000,1763733599999999,53471861.71606800,223623,9628.02000000,26507025.76443700,0
1763733600000000,2741.79000000,2747.91000000,2718.65000000,2727.57000000,18413.51960000,1763735399999999,50308692.47633500,165492,8375.08190000,22891758.90563900,0
1763735400000000,2727.56000000,2781.83000000,2723.99000000,2770.35000000,51393.22700000,1763737199999999,141886721.63119600,405792,24673.59690000,68109039.26152900,0
1763737200000000,2770.36000000,2778.93000000,2724.60000000,2729.64000000,28497.54400000,1763738999999999,78246798.81912400,332380,14148.25760000,38852293.07673500,0
1763739000000000,2729.64000000,2736.17000000,2687.55000000,2705.32000000,35239.74480000,1763740799999999,95421650.28644900,295797,16734.02680000,45314657.19308600,0
1763740800000000,2705.31000000,2719.11000000,2675.00000000,2718.64000000,35501.49530000,1763742599999999,95723929.84666100,349903,19567.18140000,52764326.79280400,0
1763742600000000,2718.63000000,2764.00000000,2704.21000000,2762.80000000,25251.45740000,1763744399999999,68981144.70304400,231182,13622.76910000,37251370.04384000,0
1763744400000000,2762.81000000,2806.84000000,2754.89000000,2794.46000000,27288.43790000,1763746199999999,75976078.74956700,242456,16521.28690000,45996852.35101100,0
1763746200000000,2794.46000000,2805.50000000,2779.27000000,2780.48000000,14486.74250000,1763747999999999,40487166.45542800,159798,7506.45280000,20983409.21445400,0
1763748000000000,2780.49000000,2783.15000000,2716.49000000,2747.90000000,41288.34290000,1763749799999999,113280506.94118400,257899,15422.25050000,42307504.26780600,0
1763749800000000,2747.89000000,2794.49000000,2744.95000000,2779.15000000,17635.27730000,1763751599999999,48929641.24121400,212173,9274.15380000,25727019.93883800,0
1763751600000000,2779.15000000,2787.96000000,2763.47000000,2777.91000000,13722.16400000,1763753399999999,38109360.55752000,155828,6251.79330000,17359110.50121400,0
1763753400000000,2777.91000000,2782.20000000,2740.22000000,2752.24000000,10798.05750000,1763755199999999,29786252.05835400,123360,4891.43380000,13486212.53378300,0
1763755200000000,2752.23000000,2756.21000000,2709.21000000,2711.28000000,13604.13110000,1763756999999999,37165328.42466000,145785,4839.13150000,13236661.35540500,0
1763757000000000,2711.27000000,2752.00000000,2708.55000000,2737.86000000,15936.02620000,1763758799999999,43549901.20585700,184955,7576.35520000,20717005.28229400,0
1763758800000000,2737.83000000,2770.41000000,2731.49000000,2764.87000000,13560.74190000,1763760599999999,37346541.96766700,131698,7123.96230000,19603980.23985200,0
1763760600000000,2764.88000000,2777.01000000,2760.32000000,2767.23000000,8640.56830000,1763762399999999,23928036.48198800,95408,4403.03110000,12191573.85008300,0
1763762400000000,2767.22000000,2774.09000000,2748.69000000,2751.92000000,5607.61440000,1763764199999999,15489996.21206300,70581,2649.00470000,7316906.54400400,0
1763764200000000,2751.92000000,2754.57000000,2720.72000000,2721.88000000,7147.35760000,1763765999999999,19557023.71646700,103137,3305.49460000,9045401.79118500,0
1763766000000000,2721.89000000,2761.00000000,2713.15000000,2761.00000000,11937.71880000,1763767799999999,32588154.78229700,114783,5903.56360000,16131054.81329500,0
1763767800000000,2760.99000000,2769.80000000,2754.00000000,2765.85000000,5556.74440000,1763769599999999,15357719.99164100,73155,3000.74790000,8294764.00863400,0
1763769600000000,2765.86000000,2780.59000000,2758.21000000,2758.86000000,7014.52960000,1763771399999999,19431182.83286400,100757,3767.16350000,10436909.61260800,0
1763771400000000,2758.87000000,2778.00000000,2758.87000000,2766.35000000,4134.19510000,1763773199999999,11441031.69492200,97225,1922.91160000,5322435.66652400,0
1763773200000000,2766.36000000,2774.94000000,2761.49000000,2771.93000000,3643.96180000,1763774999999999,10090036.78746900,94218,1843.53870000,5105873.49854900,0
1763775000000000,2771.93000000,2784.12000000,2768.07000000,2774.70000000,4209.81600000,1763776799999999,11688979.97874800,92434,2387.40670000,6629403.54646100,0
1763776800000000,2774.70000000,2777.49000000,2749.89000000,2757.02000000,5984.29790000,1763778599999999,16521070.51572200,89320,2820.68590000,7788780.33166400,0
1763778600000000,2757.03000000,2757.17000000,2739.76000000,2752.84000000,5453.83240000,1763780399999999,14983266.62814000,76088,2267.51740000,6228306.92372200,0
1763780400000000,2752.84000000,2757.73000000,2742.25000000,2747.63000000,5699.75790000,1763782199999999,15682129.22657500,79364,1751.86420000,4820322.70762400,0
1763782200000000,2747.63000000,2755.78000000,2743.00000000,2752.27000000,3665.46080000,1763783999999999,10074919.18656800,74826,1947.24930000,5352674.36171500,0
1763784000000000,2752.27000000,2754.36000000,2726.79000000,2736.49000000,13945.82600000,1763785799999999,38217347.94388700,104945,6021.03550000,16488218.55096300,0
1763785800000000,2736.50000000,2750.00000000,2726.66000000,2747.27000000,4984.47760000,1763787599999999,13640015.34472800,104778,2433.10500000,6659462.61213800,0
1763787600000000,2747.26000000,2749.69000000,2730.24000000,2737.12000000,3937.47020000,1763789399999999,10785374.73875100,82697,1369.17190000,3750678.98810700,0
1763789400000000,2737.13000000,2746.02000000,2727.50000000,2744.48000000,3456.31680000,1763791199999999,9452261.69811500,75514,1671.87160000,4572473.04746500,0
1763791200000000,2744.49000000,2754.37000000,2732.59000000,2751.37000000,3411.80660000,1763792999999999,9362602.19660100,76707,1663.39870000,4565997.60462900,0
1763793000000000,2751.38000000,2768.53000000,2750.64000000,2766.26000000,5219.19340000,1763794799999999,14418449.68748800,89300,2930.37080000,8095955.25310700,0
1763794800000000,2766.26000000,2771.00000000,2757.34000000,2760.32000000,4573.41120000,1763796599999999,12636506.06492600,83684,2485.21600000,6867009.70696500,0
1763796600000000,2760.32000000,2764.88000000,2754.65000000,2756.21000000,3519.37760000,1763798399999999,9708166.06590100,70424,1927.34720000,5316624.32893100,0
1763798400000000,2756.21000000,2756.36000000,2727.19000000,2729.01000000,5318.61780000,1763800199999999,14567470.47257500,89270,1971.88990000,5401146.98757700,0
1763800200000000,2729.01000000,2737.89000000,2718.82000000,2729.89000000,10016.22740000,1763801999999999,27337145.24171500,107323,5732.48090000,15648348.22653600,0
1763802000000000,2729.89000000,2739.78000000,2721.27000000,2726.93000000,4704.68170000,1763803799999999,12849004.49640000,68521,2155.44650000,5888712.13939900,0
1763803800000000,2726.92000000,2738.88000000,2722.04000000,2725.74000000,5296.77500000,1763805599999999,14461112.98710300,75720,2333.43150000,6372306.41240500,0
1763805600000000,2725.74000000,2731.50000000,2708.43000000,2710.75000000,7356.30390000,1763807399999999,19993854.70332500,79064,2898.27280000,7882103.42771100,0
1763807400000000,2710.76000000,2717.32000000,2705.26000000,2712.89000000,4682.53830000,1763809199999999,12697894.81750000,60861,2600.11170000,7050537.76065200,0
1763809200000000,2712.89000000,2740.46000000,2704.33000000,2736.32000000,5977.04360000,1763810999999999,16292675.83602300,82224,3607.13320000,9833629.47710200,0
1763811000000000,2736.32000000,2743.00000000,2734.40000000,2735.16000000,6839.46410000,1763812799999999,18731543.90892800,65754,3868.67830000,10595662.48053900,0
1763812800000000,2735.16000000,2736.05000000,2713.74000000,2717.22000000,6196.49180000,1763814599999999,16863049.40088500,74240,3382.55150000,9203220.00981900,0
1763814600000000,2717.22000000,2724.39000000,2711.01000000,2721.08000000,5046.15040000,1763816399999999,13716053.39762400,59713,2579.60230000,7013465.96428600,0
1763816400000000,2721.08000000,2734.55000000,2712.00000000,2718.23000000,3854.24740000,1763818199999999,10493826.79260200,79551,1953.49280000,5319803.82689600,0
1763818200000000,2718.24000000,2724.83000000,2712.00000000,2719.49000000,4631.43310000,1763819999999999,12586274.32280700,64719,2007.23880000,5454349.02881500,0
1763820000000000,2719.49000000,2754.45000000,2718.50000000,2745.31000000,9607.52370000,1763821799999999,26332274.05845700,113647,5263.56420000,14432615.80199500,0
1763821800000000,2745.31000000,2752.57000000,2733.37000000,2745.81000000,6992.27290000,1763823599999999,19188403.49050500,92496,3756.99400000,10309826.29511600,0
1763823600000000,2745.82000000,2750.98000000,2737.49000000,2747.41000000,6333.97540000,1763825399999999,17392949.57415500,84871,3070.68120000,8430426.41886700,0
1763825400000000,2747.42000000,2748.33000000,2725.99000000,2738.92000000,7230.89470000,1763827199999999,19774144.63131100,90636,3527.17280000,9644299.00439800,0
1763827200000000,2738.92000000,2755.44000000,2735.20000000,2749.32000000,15867.84660000,1763828999999999,43647964.97125800,88136,5532.93300000,15208399.44366800,0
1763829000000000,2749.31000000,2759.02000000,2745.31000000,2755.48000000,6920.30360000,1763830799999999,19050182.92380200,76324,4497.91800000,12381496.08933600,0
1763830800000000,2755.49000000,2758.44000000,2744.97000000,2756.49000000,3941.06170000,1763832599999999,10845030.68080500,61475,2014.78350000,5544564.06733000,0
1763832600000000,2756.49000000,2757.31000000,2745.34000000,2750.01000000,3228.10840000,1763834399999999,8877358.91669800,48507,1571.78900000,4322231.53694500,0
1763834400000000,2750.02000000,2754.89000000,2746.49000000,2750.93000000,2988.51560000,1763836199999999,8220686.89917400,43282,1601.14240000,4404547.00616300,0
1763836200000000,2750.94000000,2754.69000000,2743.02000000,2752.50000000,4045.82000000,1763837999999999,11118694.47031400,52352,1723.11700000,4736092.33966500,0
1763838000000000,2752.50000000,2757.50000000,2748.31000000,2750.92000000,2312.92640000,1763839799999999,6366952.94573700,44555,1256.15090000,3458720.79009900,0
1763839800000000,2750.93000000,2754.03000000,2744.85000000,2750.65000000,2165.29380000,1763841599999999,5953919.35253600,36304,1039.87990000,2859207.00240400,0
1763841600000000,2750.65000000,2756.87000000,2750.09000000,2754.72000000,2580.75150000,1763843399999999,7106134.19424000,38107,1688.19500000,4648177.72441800,0
1763843400000000,2754.72000000,2754.84000000,2733.72000000,2741.26000000,3604.46770000,1763845199999999,9886479.01080100,54643,1450.76060000,3978234.75032300,0
1763845200000000,2741.26000000,2748.33000000,2737.02000000,2746.12000000,2659.50610000,1763846999999999,7293619.76983200,41404,1044.92190000,2866222.13153300,0
1763847000000000,2746.11000000,2748.62000000,2742.28000000,2747.50000000,1935.40310000,1763848799999999,5315573.78287000,35982,894.55960000,2456930.45175300,0
1763848800000000,2747.50000000,2768.25000000,2741.85000000,2759.38000000,5434.62340000,1763850599999999,14994482.44229200,56067,3148.17520000,8684057.27554500,0
1763850600000000,2759.37000000,2799.01000000,2757.47000000,2789.27000000,13460.98040000,1763852399999999,37437906.58545700,89517,8150.09880000,22676813.97648100,0
1763852400000000,2789.26000000,2793.45000000,2767.62000000,2778.30000000,6854.38640000,1763854199999999,19057097.58251800,99460,3565.79950000,9913105.27759300,0
1763854200000000,2778.30000000,2781.23000000,2767.62000000,2770.12000000,3752.94210000,1763855999999999,10409401.19403900,63740,1684.56510000,4673594.72648600,0
1763856000000000,2770.12000000,2789.41000000,2768.29000000,2780.61000000,5946.31530000,1763857799999999,16536985.40826200,87135,3537.92890000,9839534.68588800,0
1763857800000000,2780.60000000,2781.28000000,2768.32000000,2772.99000000,4903.75690000,1763859599999999,13606504.28788900,78765,1765.64820000,4897285.82009000,0
1763859600000000,2773.00000000,2792.61000000,2771.93000000,2787.59000000,9118.51760000,1763861399999999,25382516.71989200,80475,7325.20290000,20388778.53179800,0
1763861400000000,2787.59000000,2815.73000000,2785.18000000,2808.44000000,14351.61950000,1763863199999999,40222524.15218900,124353,7992.09730000,22394925.95119500,0
1763863200000000,2808.45000000,2825.21000000,2804.37000000,2818.59000000,10673.95370000,1763864999999999,30039247.12627100,117564,6043.19110000,17006940.24981000,0
1763865000000000,2818.58000000,2834.33000000,2817.90000000,2821.12000000,12922.74480000,1763866799999999,36531569.95625000,100612,7257.80410000,20517504.52603600,0
1763866800000000,2821.12000000,2822.86000000,2809.73000000,2813.89000000,5894.15310000,1763868599999999,16592676.42567300,85608,2890.37240000,8137322.54414400,0
1763868600000000,2813.88000000,2824.95000000,2811.59000000,2824.77000000,4071.01630000,1763870399999999,11477895.70004900,45015,2524.58320000,7118864.00443400,0
1763870400000000,2824.77000000,2852.17000000,2819.76000000,2828.73000000,15948.16630000,1763872199999999,45269261.90978000,120210,6837.72670000,19400584.02092000,0
1763872200000000,2828.76000000,2835.08000000,2820.85000000,2827.76000000,10162.60790000,1763873999999999,28739911.29562400,93671,5654.19430000,15989651.55302100,0
1763874000000000,2827.77000000,2831.39000000,2823.99000000,2824.35000000,7866.65670000,1763875799999999,22245576.83175500,49325,3726.55180000,10535437.70844200,0
1763875800000000,2824.35000000,2827.47000000,2813.10000000,2825.35000000,12926.36000000,1763877599999999,36471920.61889700,59913,4188.31730000,11816278.29392900,0
1763877600000000,2825.35000000,2832.47000000,2820.00000000,2820.83000000,8772.69480000,1763879399999999,24778272.47401200,50797,2618.87160000,7400072.47443900,0
1763879400000000,2820.83000000,2821.28000000,2806.00000000,2810.33000000,8549.08730000,1763881199999999,24051663.37974600,58122,3520.74260000,9899202.24885200,0
1763881200000000,2810.34000000,2812.34000000,2777.20000000,2782.18000000,25047.51610000,1763882999999999,69947378.03668800,105518,7730.23370000,21591084.59545500,0
1763883000000000,2782.18000000,2794.83000000,2780.15000000,2793.70000000,6756.07130000,1763884799999999,18841172.67417300,59101,3560.26780000,9928000.31780700,0
1763884800000000,2793.70000000,2808.89000000,2793.69000000,2807.14000000,4926.71360000,1763886599999999,13806819.00349900,64418,3044.51300000,8531316.54946700,0
1763886600000000,2807.15000000,2815.73000000,2803.16000000,2811.53000000,4243.27990000,1763888399999999,11922174.68142000,69611,2175.80340000,6112832.65270100,0
1763888400000000,2811.53000000,2815.77000000,2807.24000000,2809.55000000,2845.19630000,1763890199999999,7998399.58580700,53067,1473.82420000,4143454.02173400,0
1763890200000000,2809.56000000,2823.98000000,2806.09000000,2816.45000000,6652.63750000,1763891999999999,18721032.05863000,52167,4981.14290000,14013918.97360900,0
1763892000000000,2816.45000000,2816.87000000,2802.88000000,2807.09000000,4539.20290000,1763893799999999,12748368.40508300,58565,1830.95620000,5142295.91720400,0
1763893800000000,2807.09000000,2813.72000000,2803.79000000,2808.73000000,2967.93650000,1763895599999999,8336005.69855300,44054,1414.22500000,3972867.32774300,0
1763895600000000,2808.72000000,2817.82000000,2803.72000000,2812.73000000,3370.26920000,1763897399999999,9467202.75602000,57041,1640.29570000,4607614.51741500,0
1763897400000000,2812.73000000,2820.61000000,2812.73000000,2815.54000000,3652.35460000,1763899199999999,10289477.34938300,48693,1918.19970000,5403692.56251100,0
1763899200000000,2815.54000000,2847.01000000,2813.98000000,2835.46000000,19700.84750000,1763900999999999,55895658.38735900,115227,8627.73900000,24464851.98200900,0
1763901000000000,2835.46000000,2850.00000000,2830.75000000,2835.42000000,17961.60880000,1763902799999999,50949794.37474700,92912,13017.42730000,36929247.19533700,0
1763902800000000,2835.43000000,2837.00000000,2822.51000000,2832.14000000,12108.19890000,1763904599999999,34288654.19948200,77256,8902.90600000,25215743.12185900,0
1763904600000000,2832.13000000,2845.44000000,2828.01000000,2843.65000000,9184.26810000,1763906399999999,26071803.00071500,76521,5381.12530000,15272597.19540600,0
1763906400000000,2843.66000000,2858.16000000,2824.99000000,2829.27000000,14030.11310000,1763908199999999,39860918.79776500,132006,6726.28220000,19114462.68851700,0
1763908200000000,2829.26000000,2837.97000000,2812.49000000,2814.88000000,11445.12500000,1763909999999999,32333581.94556800,116941,5320.84140000,15033444.58767900,0
1763910000000000,2814.88000000,2825.91000000,2810.12000000,2818.98000000,6592.33020000,1763911799999999,18576079.73638400,86564,3290.87020000,9275380.99019700,0
1763911800000000,2818.98000000,2840.15000000,2816.24000000,2836.50000000,9134.36290000,1763913599999999,25871498.22037500,100621,4327.35170000,12253928.08235900,0
1763913600000000,2836.49000000,2846.80000000,2819.87000000,2822.77000000,8764.22730000,1763915399999999,24826705.76714300,88738,3842.61670000,10891064.70433500,0
1763915400000000,2822.77000000,2832.04000000,2798.04000000,2800.05000000,9195.69580000,1763917199999999,25909193.01376900,101745,4004.11340000,11292204.97334400,0
1763917200000000,2800.06000000,2808.17000000,2786.86000000,2807.40000000,14210.36610000,1763918999999999,39719092.60652700,129046,7231.34610000,20212696.35287400,0
1763919000000000,2807.39000000,2807.39000000,2786.63000000,2792.72000000,5409.23820000,1763920799999999,15127700.90250500,70297,2121.78200000,5935319.60937000,0
1763920800000000,2792.72000000,2812.00000000,2791.92000000,2803.49000000,4988.98070000,1763922599999999,13981225.37213400,59199,2751.81620000,7712245.71682300,0
1763922600000000,2803.49000000,2816.92000000,2801.62000000,2808.87000000,4407.99750000,1763924399999999,12380317.87312200,49892,2174.73410000,6108517.65627200,0
1763924400000000,2808.88000000,2828.73000000,2807.24000000,2821.49000000,5391.39610000,1763926199999999,15196300.88123900,67857,2761.21290000,7782098.21279500,0
1763926200000000,2821.49000000,2837.45000000,2819.64000000,2822.70000000,7654.80060000,1763927999999999,21663294.68084600,77477,3325.60610000,9412704.65016200,0
1763928000000000,2822.70000000,2835.44000000,2821.42000000,2832.64000000,5649.52130000,1763929799999999,15977842.03616500,77158,3200.34350000,9050985.87591100,0
1763929800000000,2832.64000000,2833.11000000,2823.99000000,2828.55000000,3060.57660000,1763931599999999,8657418.68282300,57470,1644.08930000,4650419.73793300,0
1763931600000000,2828.55000000,2840.16000000,2817.28000000,2839.00000000,5946.87420000,1763933399999999,16809506.61877600,86172,2980.14550000,8424303.82267000,0
1763933400000000,2839.00000000,2845.00000000,2828.61000000,2841.58000000,4944.12590000,1763935199999999,14024667.68620300,72850,2577.36270000,7312387.67029300,0
1763935200000000,2841.58000000,2844.72000000,2824.52000000,2839.73000000,5822.93770000,1763936999999999,16497339.63911100,98169,3286.48260000,9311528.75073500,0
1763937000000000,2839.73000000,2840.00000000,2826.63000000,2838.70000000,4981.68820000,1763938799999999,14124252.29975900,66482,2447.03950000,6936842.99070200,0
1763938800000000,2838.70000000,2843.49000000,2796.13000000,2806.20000000,14084.54200000,1763940599999999,39640237.04523200,147760,6884.30860000,19372528.04777400,0
1763940600000000,2806.19000000,2808.00000000,2794.74000000,2802.16000000,8029.92260000,1763942399999999,22494726.51281100,90103,3761.04320000,10535902.62226200,0
1763942400000000,2802.16000000,2802.16000000,2763.00000000,2784.78000000,13921.36830000,1763944199999999,38695880.72429800,143651,5970.41000000,16594264.59761700,0
1763944200000000,2784.78000000,2803.50000000,2775.13000000,2788.34000000,15718.64860000,1763945999999999,43791859.66318500,127018,5253.01180000,14649718.77045200,0
1763946000000000,2788.35000000,2799.21000000,2779.59000000,2791.49000000,6386.22420000,1763947799999999,17808502.47767700,133727,3320.38940000,9259101.96345200,0
1763947800000000,2791.49000000,2807.49000000,2778.36000000,2806.24000000,6481.22080000,1763949599999999,18096603.24663800,117599,3974.85000000,11100066.74795400,0
1763949600000000,2806.25000000,2867.46000000,2804.35000000,2853.71000000,24280.79190000,1763951399999999,69075831.45312500,188219,14476.34900000,41175372.50887700,0
1763951400000000,2853.71000000,2858.98000000,2826.31000000,2840.24000000,19775.20620000,1763953199999999,56264708.20189800,141339,13463.26930000,38317657.62353800,0
1763953200000000,2840.23000000,2865.00000000,2834.91000000,2857.28000000,16750.83400000,1763954999999999,47743271.96269000,114548,11834.82630000,33738757.79505700,0
1763955000000000,2857.29000000,2866.50000000,2851.21000000,2856.44000000,7640.92020000,1763956799999999,21839137.09123100,91114,3535.77970000,10104177.78994500,0
1763956800000000,2856.45000000,2870.29000000,2802.87000000,2814.34000000,25872.09100000,1763958599999999,73295788.02274200,168396,14293.70600000,40507908.83652900,0
1763958600000000,2814.35000000,2830.33000000,2813.43000000,2824.81000000,7804.69000000,1763960399999999,22031045.59810400,113520,3369.39370000,9510560.23391600,0
1763960400000000,2824.81000000,2885.75000000,2822.72000000,2877.93000000,20575.56540000,1763962199999999,58981682.26458100,172013,10356.50960000,29675122.57838300,0
1763962200000000,2877.93000000,2878.64000000,2860.74000000,2866.97000000,9294.18200000,1763963999999999,26653597.78138200,94404,4030.58910000,11556414.56095300,0
1763964000000000,2866.97000000,2868.78000000,2834.78000000,2841.31000000,10623.60770000,1763965799999999,30228598.83000700,115422,4596.49890000,13080932.45457200,0
1763965800000000,2841.31000000,2845.34000000,2829.19000000,2839.43000000,11388.55360000,1763967599999999,32319875.15652700,96940,4721.75510000,13397660.06703400,0
1763967600000000,2839.43000000,2839.43000000,2823.88000000,2829.17000000,6281.48380000,1763969399999999,17781494.42807900,101534,2682.42900000,7593322.45970500,0
1763969400000000,2829.17000000,2844.94000000,2826.78000000,2830.27000000,6807.76690000,1763971199999999,19301904.74693800,82748,3336.25090000,9459704.01023500,0
1763971200000000,2830.26000000,2833.22000000,2822.00000000,2825.59000000,14163.40110000,1763972999999999,40058979.44415900,99366,6775.32860000,19166691.48979800,0
1763973000000000,2825.58000000,2843.09000000,2822.22000000,2838.99000000,9262.14630000,1763974799999999,26199136.05479700,69853,3296.70060000,9330199.90322300,0
1763974800000000,2838.98000000,2838.98000000,2788.00000000,2794.55000000,25202.68150000,1763976599999999,70804036.06429000,138995,7186.07590000,20162542.37666000,0
1763976600000000,2794.55000000,2813.18000000,2791.02000000,2797.72000000,18682.60010000,1763978399999999,52316041.34302900,91543,10666.97650000,29868851.91387000,0
1763978400000000,2797.71000000,2806.92000000,2794.41000000,2800.72000000,5423.59330000,1763980199999999,15182545.93405800,61583,2201.42450000,6163541.28026700,0
1763980200000000,2800.72000000,2807.14000000,2793.15000000,2799.05000000,4720.45700000,1763981999999999,13218911.82279800,46782,1486.12270000,4162476.84095300,0
1763982000000000,2799.04000000,2802.99000000,2789.70000000,2795.26000000,3142.06600000,1763983799999999,8787611.62821800,50037,1383.80090000,3870975.24004100,0
1763983800000000,2795.26000000,2808.24000000,2795.25000000,2803.41000000,4966.06380000,1763985599999999,13919762.01123600,52927,2819.84600000,7903901.53593500,0
1763985600000000,2803.40000000,2807.56000000,2795.01000000,2807.56000000,8718.11640000,1763987399999999,24409994.55548400,57310,3056.45870000,8557222.15353200,0
1763987400000000,2807.56000000,2812.02000000,2797.13000000,2803.86000000,6725.83480000,1763989199999999,18855563.56354700,58644,3537.98270000,9919763.72882700,0
1763989200000000,2803.86000000,2823.00000000,2802.33000000,2820.36000000,6323.46140000,1763990999999999,17806752.76742000,80292,3582.04110000,10087375.87898700,0
1763991000000000,2820.37000000,2830.06000000,2814.23000000,2815.65000000,18945.46240000,1763992799999999,53500127.05437300,66981,6773.94610000,19127011.97105600,0
1763992800000000,2815.64000000,2815.64000000,2797.37000000,2798.36000000,7054.42360000,1763994599999999,19796618.49402300,72647,3305.90730000,9278917.00869600,0
1763994600000000,2798.36000000,2848.63000000,2785.04000000,2832.00000000,48861.78180000,1763996399999999,137507993.44489100,353107,28112.23360000,79139994.56320200,0
1763996400000000,2832.00000000,2840.56000000,2812.61000000,2822.17000000,17210.95920000,1763998199999999,48703445.87073800,263648,8210.67370000,23231069.90383900,0
1763998200000000,2822.15000000,2860.37000000,2817.41000000,2846.47000000,15046.21700000,1763999999999999,42814276.35059800,144503,8271.05350000,23537927.80002700,0
1764000000000000,2846.47000000,2863.98000000,2842.82000000,2850.61000000,22283.65890000,1764001799999999,63557709.31915900,157899,15759.61700000,44944337.09311100,0
1764001800000000,2850.60000000,2874.99000000,2846.07000000,2858.77000000,15965.71710000,1764003599999999,45698528.84202400,155661,10655.19210000,30500821.98946500,0
1764003600000000,2858.77000000,2917.42000000,2856.57000000,2915.63000000,24325.75910000,1764005399999999,70188077.57122500,208080,14975.46320000,43206587.56692900,0
1764005400000000,2915.62000000,2944.03000000,2905.19000000,2940.03000000,31876.59080000,1764007199999999,93266018.54281800,222359,14059.77970000,41136089.27924100,0
1764007200000000,2940.02000000,2954.00000000,2937.44000000,2937.82000000,88221.65790000,1764008999999999,260024901.10339600,202530,21920.18760000,64597653.60545000,0
1764009000000000,2937.83000000,2963.61000000,2930.05000000,2957.53000000,15389.31400000,1764010799999999,45371210.17534100,129041,9268.85380000,27326569.19755400,0
1764010800000000,2957.52000000,2979.63000000,2955.12000000,2973.12000000,19382.05220000,1764012599999999,57587552.28020900,148852,9647.14870000,28654306.96556900,0
1764012600000000,2973.13000000,2977.00000000,2954.04000000,2959.00000000,10714.36090000,1764014399999999,31758180.32145000,121795,5338.28270000,15820732.78078300,0
1764014400000000,2959.00000000,2987.00000000,2952.51000000,2978.51000000,12141.09750000,1764016199999999,36092186.40708900,126973,6415.74680000,19065782.07079300,0
1764016200000000,2978.51000000,2984.04000000,2969.56000000,2972.70000000,11230.33070000,1764017999999999,33436750.91473300,131491,5207.33090000,15504065.64022100,0
1764018000000000,2972.68000000,2973.77000000,2961.26000000,2965.86000000,7400.39810000,1764019799999999,21956661.08905100,95158,3719.08250000,11034126.02272000,0
1764019800000000,2965.86000000,2973.36000000,2947.77000000,2959.18000000,9326.25880000,1764021599999999,27591749.67773500,87121,3806.39070000,11266564.74144000,0
1764021600000000,2959.18000000,2980.04000000,2956.07000000,2961.27000000,5985.80380000,1764023399999999,17757093.36759200,79658,3158.29830000,9371197.13992900,0
1764023400000000,2961.26000000,2966.22000000,2952.31000000,2960.57000000,3466.28290000,1764025199999999,10257208.50019400,46997,1544.63750000,4571159.45262600,0
1764025200000000,2960.56000000,2968.76000000,2954.81000000,2967.59000000,5939.82970000,1764026999999999,17590354.58017900,56984,3158.67500000,9352020.62571400,0
1764027000000000,2967.58000000,2967.58000000,2952.09000000,2953.38000000,7578.22240000,1764028799999999,22430735.80763900,46099,3369.83950000,9970272.09071500,0
1764028800000000,2953.38000000,2953.38000000,2933.22000000,2934.14000000,12243.00560000,1764030599999999,36017446.77810900,103293,4728.34960000,13906666.15850700,0
1764030600000000,2934.14000000,2950.81000000,2931.84000000,2943.03000000,4952.47520000,1764032399999999,14575716.81515800,80792,2859.22100000,8415690.49996000,0
1764032400000000,2943.02000000,2947.92000000,2935.19000000,2940.27000000,6785.66020000,1764034199999999,19977952.58637700,73248,4702.43660000,13846514.61321700,0
1764034200000000,2940.27000000,2945.25000000,2918.20000000,2919.27000000,6627.77730000,1764035999999999,19422755.76020500,78585,2822.85220000,8274448.22156700,0
1764036000000000,2919.27000000,2926.54000000,2910.99000000,2914.49000000,9123.82420000,1764037799999999,26616624.85444500,84404,3645.10640000,10635681.44702200,0
1764037800000000,2914.49000000,2934.48000000,2908.70000000,2930.71000000,5482.67280000,1764039599999999,16019035.36413300,69217,2406.90180000,7034962.41759900,0
1764039600000000,2930.71000000,2936.29000000,2920.43000000,2926.88000000,5053.01560000,1764041399999999,14792059.12438500,64826,2088.10320000,6113750.99537900,0
1764041400000000,2926.87000000,2926.87000000,2904.39000000,2911.99000000,5539.24460000,1764043199999999,16126768.59551700,62958,1769.32970000,5149908.08493400,0
1764043200000000,2911.99000000,2930.01000000,2910.01000000,2928.15000000,4968.57530000,1764044999999999,14511551.36400300,61309,3219.12880000,9403691.33041400,0
1764045000000000,2928.15000000,2943.03000000,2927.52000000,2937.56000000,6516.15540000,1764046799999999,19125671.16525800,59935,2813.53470000,8258392.28942100,0
1764046800000000,2937.57000000,2938.57000000,2918.47000000,2921.62000000,6375.02030000,1764048599999999,18666037.89783900,51509,1728.12430000,5061626.02707500,0
1764048600000000,2921.62000000,2936.89000000,2921.21000000,2928.61000000,3172.96730000,1764050399999999,9301360.07355200,43308,1709.73590000,5011484.74079400,0
1764050400000000,2928.61000000,2928.61000000,2914.62000000,2915.69000000,4485.83300000,1764052199999999,13108928.65482900,43842,1219.75030000,3564716.74032800,0
1764052200000000,2915.68000000,2926.99000000,2912.32000000,2922.30000000,6145.77080000,1764053999999999,17939040.64178400,52443,3111.74620000,9080833.58352300,0
1764054000000000,2922.30000000,2925.45000000,2914.00000000,2915.11000000,5183.44100000,1764055799999999,15121343.45922600,45999,1431.57600000,4179692.88310900,0
1764055800000000,2915.11000000,2921.41000000,2901.75000000,2902.77000000,8000.46800000,1764057599999999,23278596.48910200,66559,2746.40000000,7993109.16948100,0
1764057600000000,2902.77000000,2909.18000000,2897.80000000,2904.94000000,10081.45850000,1764059399999999,29247497.46709900,65710,6424.72240000,18636030.12497500,0
1764059400000000,2904.94000000,2904.95000000,2868.56000000,2871.70000000,13676.91100000,1764061199999999,39449651.19634000,91178,6114.11340000,17617918.67911600,0
1764061200000000,2871.70000000,2878.45000000,2865.09000000,2870.77000000,15114.91070000,1764062999999999,43392275.22685200,101118,8443.81660000,24240593.51318100,0
1764063000000000,2870.77000000,2893.00000000,2870.73000000,2891.89000000,12249.75910000,1764064799999999,35287077.09068600,80402,6742.60160000,19413913.80011400,0
1764064800000000,2891.89000000,2892.26000000,2879.99000000,2890.94000000,6835.35090000,1764066599999999,19740301.09048600,59175,2452.38910000,7081185.66818200,0
1764066600000000,2890.94000000,2899.99000000,2888.22000000,2898.17000000,7656.91610000,1764068399999999,22161341.26285900,54303,3039.79140000,8801582.50432100,0
1764068400000000,2898.17000000,2899.39000000,2888.31000000,2893.88000000,4431.72910000,1764070199999999,12823295.56586300,43871,1434.67700000,4151315.95399200,0
1764070200000000,2893.88000000,2898.50000000,2888.59000000,2891.01000000,2778.28110000,1764071999999999,8039655.02651200,45666,896.80400000,2595228.06112200,0
1764072000000000,2891.01000000,2930.36000000,2889.88000000,2920.75000000,14775.67420000,1764073799999999,43092181.32371800,123399,7424.75590000,21638290.78648100,0
1764073800000000,2920.74000000,2933.23000000,2913.60000000,2927.14000000,7018.19850000,1764075599999999,20515686.72451700,107288,4037.07340000,11803190.37202600,0
1764075600000000,2927.13000000,2934.00000000,2919.65000000,2928.23000000,7696.95370000,1764077399999999,22523807.84546800,100820,3649.17310000,10680210.01059900,0
1764077400000000,2928.23000000,2933.29000000,2898.84000000,2907.69000000,13120.97150000,1764079199999999,38200133.56461800,158436,6699.12110000,19507591.49881800,0
1764079200000000,2907.69000000,2922.35000000,2904.73000000,2913.41000000,6361.46230000,1764080999999999,18525282.63205900,104924,3259.94440000,9495308.81085000,0
1764081000000000,2913.40000000,2913.40000000,2857.58000000,2881.32000000,28508.31490000,1764082799999999,82129854.57716000,296692,13024.82320000,37531038.14066100,0
1764082800000000,2881.30000000,2897.63000000,2857.32000000,2884.61000000,17181.56240000,1764084599999999,49391099.27271000,215615,9029.61910000,25967393.07280700,0
1764084600000000,2884.62000000,2915.44000000,2884.61000000,2895.45000000,11972.43590000,1764086399999999,34736517.97699400,167792,6889.91500000,19988400.21077200,0
1764086400000000,2895.46000000,2929.88000000,2887.38000000,2929.87000000,7740.05670000,1764088199999999,22512049.32484800,120137,4485.24960000,13053123.47012200,0
1764088200000000,2929.88000000,2938.00000000,2917.30000000,2929.33000000,8728.87350000,1764089999999999,25541958.91079200,121258,4260.62010000,12470398.87135500,0
1764090000000000,2929.33000000,2952.30000000,2920.37000000,2931.41000000,11051.66320000,1764091799999999,32459929.37449700,104399,6661.97850000,19571091.41504400,0
1764091800000000,2931.41000000,2951.36000000,2928.45000000,2936.41000000,8337.76850000,1764093599999999,24520580.05823700,110579,3970.24150000,11675490.42872500,0
1764093600000000,2936.41000000,2958.53000000,2935.26000000,2949.49000000,5792.41880000,1764095399999999,17078541.99593800,93936,2760.41210000,8138158.43822900,0
1764095400000000,2949.50000000,2956.36000000,2922.95000000,2924.21000000,10091.41220000,1764097199999999,29657915.90166700,81855,4098.51770000,12045316.33784700,0
1764097200000000,2924.20000000,2928.00000000,2872.09000000,2885.23000000,19257.83210000,1764098999999999,55794787.45724900,129241,7836.86940000,22726360.38200300,0
1764099000000000,2885.22000000,2923.93000000,2882.51000000,2922.95000000,8721.81060000,1764100799999999,25310464.59432800,107947,3553.26500000,10315149.36915500,0
1764100800000000,2922.96000000,2938.09000000,2916.66000000,2931.37000000,9631.20420000,1764102599999999,28222102.53132000,88066,3775.39160000,11060134.95583600,0
1764102600000000,2931.38000000,2943.14000000,2928.66000000,2929.10000000,5571.61270000,1764104399999999,16353636.07356600,85767,2525.20620000,7412763.66729900,0
1764104400000000,2929.11000000,2940.49000000,2923.23000000,2937.21000000,8261.02550000,1764106199999999,24192896.28230300,71048,3091.25580000,9058177.39353800,0
1764106200000000,2937.21000000,2945.66000000,2930.81000000,2931.31000000,3289.82470000,1764107999999999,9664996.05315300,60704,1787.99740000,5253856.82717700,0
1764108000000000,2931.30000000,2936.00000000,2907.42000000,2931.43000000,10030.70450000,1764109799999999,29285723.02232100,87568,3234.73040000,9445241.51396800,0
1764109800000000,2931.43000000,2978.23000000,2927.90000000,2970.42000000,15720.94940000,1764111599999999,46466732.56049800,116772,9996.74950000,29578584.74799000,0
1764111600000000,2970.42000000,2980.82000000,2959.99000000,2962.60000000,9713.22030000,1764113399999999,28856671.78378100,115705,4730.94470000,14056067.46999600,0
1764113400000000,2962.61000000,2970.67000000,2953.67000000,2959.36000000,5629.27940000,1764115199999999,16678586.97797100,64668,3141.56290000,9309174.11473800,0
1764115200000000,2959.36000000,2971.95000000,2953.86000000,2961.76000000,4066.68440000,1764116999999999,12040249.61381000,69408,1877.96950000,5560973.49959300,0
1764117000000000,2961.75000000,2962.33000000,2949.82000000,2954.38000000,10799.62890000,1764118799999999,31914447.89062600,59672,2986.37620000,8826356.48178800,0
1764118800000000,2954.38000000,2963.19000000,2945.60000000,2960.08000000,10910.62590000,1764120599999999,32202115.33654200,63395,2424.26590000,7157844.85353900,0
1764120600000000,2960.09000000,2984.00000000,2957.98000000,2970.32000000,6748.92570000,1764122399999999,20069688.04663900,89554,4031.72040000,11989859.21369700,0
1764122400000000,2970.32000000,2976.50000000,2962.18000000,2964.42000000,4900.15290000,1764124199999999,14554870.73717100,54021,2292.27910000,6807969.09911800,0
1764124200000000,2964.41000000,2970.00000000,2956.38000000,2956.80000000,2552.20990000,1764125999999999,7562280.83482900,51147,1048.88680000,3108738.99775000,0
1764126000000000,2956.80000000,2964.83000000,2952.64000000,2959.80000000,2597.77180000,1764127799999999,7682192.38988300,40999,1116.24690000,3301352.64890000,0
1764127800000000,2959.74000000,2959.74000000,2922.08000000,2927.20000000,18215.57310000,1764129599999999,53431325.69674200,77560,3903.54700000,11453410.62561100,0
1764129600000000,2927.19000000,2938.44000000,2921.11000000,2935.07000000,7732.11660000,1764131399999999,22647342.71423800,55162,3475.68610000,10179506.17261700,0
1764131400000000,2935.08000000,2939.69000000,2930.84000000,2930.87000000,6546.02010000,1764133199999999,19209019.26191800,38001,1822.67270000,5347987.84023800,0
1764133200000000,2930.87000000,2953.32000000,2930.27000000,2941.31000000,5431.00630000,1764134999999999,15964436.02710500,61847,2578.28620000,7582204.53584100,0
1764135000000000,2941.30000000,2949.08000000,2941.19000000,2944.51000000,6799.03880000,1764136799999999,20024966.44186100,59537,2457.43810000,7237655.20931600,0
1764136800000000,2944.51000000,2954.67000000,2935.29000000,2939.46000000,5050.52240000,1764138599999999,14869789.30996000,70222,2132.74200000,6280313.31903300,0
1764138600000000,2939.46000000,2948.84000000,2932.25000000,2946.38000000,5558.99500000,1764140399999999,16347445.94347000,53793,1616.88870000,4757162.86168100,0
1764140400000000,2946.38000000,2949.60000000,2939.38000000,2946.01000000,3502.16710000,1764142199999999,10310075.75502000,50351,1641.11300000,4831676.63025600,0
1764142200000000,2946.00000000,2946.04000000,2935.32000000,2944.52000000,3250.50830000,1764143999999999,9557939.75783400,43586,1304.17600000,3835078.87131000,0
1764144000000000,2944.52000000,2949.27000000,2923.37000000,2924.73000000,6484.93390000,1764145799999999,19022078.43369500,61827,2582.84260000,7578349.26648000,0
1764145800000000,2924.74000000,2927.93000000,2912.00000000,2913.04000000,4410.41380000,1764147599999999,12875281.63283800,54051,1732.06390000,5055946.49804500,0
1764147600000000,2913.03000000,2917.54000000,2908.31000000,2911.43000000,5328.22070000,1764149399999999,15522042.33911900,56178,2759.25450000,8038953.74079700,0
1764149400000000,2911.43000000,2914.37000000,2902.12000000,2907.21000000,6249.60730000,1764151199999999,18165571.20088400,54949,2841.25220000,8257744.04386800,0
1764151200000000,2907.21000000,2917.88000000,2905.84000000,2915.15000000,6071.65710000,1764152999999999,17677659.74391100,53358,3675.70480000,10700777.82172500,0
1764153000000000,2915.15000000,2915.71000000,2905.71000000,2914.22000000,3615.37580000,1764154799999999,10526049.91120500,40696,2045.97530000,5956924.54387300,0
1764154800000000,2914.22000000,2917.99000000,2909.47000000,2910.79000000,4116.53310000,1764156599999999,11993715.68941500,43432,1458.98740000,4251474.16519100,0
1764156600000000,2910.79000000,2916.00000000,2907.50000000,2914.00000000,2578.55220000,1764158399999999,7506855.03039300,43441,1242.08310000,3616375.53632000,0
1764158400000000,2913.99000000,2917.99000000,2888.69000000,2900.89000000,10904.35680000,1764160199999999,31619953.96272000,113233,4711.06060000,13665117.20957700,0
1764160200000000,2900.88000000,2904.50000000,2897.51000000,2901.60000000,2467.00470000,1764161999999999,7158298.71449900,48573,1327.16950000,3850998.85339700,0
1764162000000000,2901.60000000,2916.28000000,2899.72000000,2913.90000000,4226.10000000,1764163799999999,12291783.99007200,57444,2512.04630000,7306082.76141800,0
1764163800000000,2913.89000000,2936.65000000,2908.04000000,2934.25000000,9463.54180000,1764165599999999,27679898.40444500,98790,5260.06900000,15386042.32301100,0
1764165600000000,2934.26000000,2939.20000000,2920.73000000,2934.67000000,9921.67730000,1764167399999999,29076544.36625000,63598,4683.64740000,13730319.20734900,0
1764167400000000,2934.67000000,2947.40000000,2905.17000000,2910.80000000,13897.66770000,1764169199999999,40703723.05012300,195546,6847.16430000,20068366.02578300,0
1764169200000000,2910.79000000,2939.55000000,2907.54000000,2936.29000000,9556.24310000,1764170999999999,27943334.82267200,157385,5720.24620000,16724056.54904100,0
1764171000000000,2936.29000000,2938.73000000,2909.59000000,2927.41000000,9173.10750000,1764172799999999,26812906.52649000,133633,5099.57690000,14908922.50869300,0
1764172800000000,2927.40000000,2957.51000000,2926.37000000,2944.30000000,12393.56500000,1764174599999999,36493604.87766100,134741,7291.65280000,21469070.40233300,0
1764174600000000,2944.30000000,2959.50000000,2935.30000000,2946.25000000,18316.04260000,1764176399999999,54015744.23387300,118509,9887.45250000,29151292.59700900,0
1764176400000000,2946.25000000,2979.70000000,2939.23000000,2975.85000000,11305.48960000,1764178199999999,33451993.29083400,135062,7214.24060000,21347354.55503900,0
1764178200000000,2975.84000000,3034.87000000,2971.90000000,3026.89000000,30895.73640000,1764179999999999,92959623.23386700,255601,18820.10370000,56630592.80803000,0
1764180000000000,3026.88000000,3045.00000000,3023.31000000,3038.33000000,16434.19920000,1764181799999999,49884138.14844600,172040,8098.79250000,24585184.37549500,0
1764181800000000,3038.32000000,3039.99000000,3013.93000000,3034.22000000,10575.48110000,1764183599999999,32006767.79598700,119473,5648.74160000,17099509.40820400,0
1764183600000000,3034.22000000,3036.13000000,3017.79000000,3026.26000000,6419.11540000,1764185399999999,19424685.79766300,112543,2782.11400000,8418887.32415100,0
1764185400000000,3026.26000000,3038.41000000,3026.26000000,3032.28000000,6124.61310000,1764187199999999,18575478.76344300,84160,3317.97950000,10063052.58291600,0
1764187200000000,3032.28000000,3032.28000000,3009.45000000,3021.51000000,5974.28180000,1764188999999999,18043561.33139900,95196,2378.82630000,7183178.21007600,0
1764189000000000,3021.51000000,3028.19000000,3008.53000000,3024.86000000,5218.78970000,1764190799999999,15758617.22497300,101504,2307.86940000,6969661.88105200,0
1764190800000000,3024.85000000,3032.28000000,3015.90000000,3031.53000000,4526.20550000,1764192599999999,13685030.01738200,85415,2240.04090000,6774236.61570500,0
1764192600000000,3031.52000000,3035.91000000,3020.51000000,3021.70000000,4101.50300000,1764194399999999,12419732.33383800,73825,1760.42320000,5331057.98650900,0
1764194400000000,3021.70000000,3033.60000000,3018.59000000,3023.37000000,3982.87650000,1764196199999999,12047605.38841800,55423,2190.68870000,6627489.91762100,0
1764196200000000,3023.38000000,3033.52000000,3020.00000000,3027.88000000,4187.80550000,1764197999999999,12667803.63218600,39834,1818.00860000,5500080.82997800,0
1764198000000000,3027.87000000,3033.47000000,3018.07000000,3018.58000000,6358.68860000,1764199799999999,19244452.40375400,70860,3062.25740000,9270814.64361100,0
1764199800000000,3018.59000000,3029.85000000,3017.26000000,3026.56000000,4593.99300000,1764201599999999,13894250.40950400,42438,1967.39380000,5950228.81777100,0
1764201600000000,3026.56000000,3028.19000000,3004.61000000,3016.86000000,6891.57280000,1764203399999999,20777665.75247500,62215,2123.93770000,6402791.88462100,0
1764203400000000,3016.86000000,3048.00000000,3014.98000000,3035.59000000,10923.11170000,1764205199999999,33162153.09956000,81676,6749.35290000,20485469.97726000,0
1764205200000000,3035.59000000,3050.71000000,3028.06000000,3032.81000000,8629.77270000,1764206999999999,26229855.18657100,104056,4007.12460000,12185022.00553400,0
1764207000000000,3032.81000000,3057.30000000,3029.84000000,3052.60000000,6850.62170000,1764208799999999,20859205.50601600,72708,3414.62720000,10400782.41312300,0
1764208800000000,3052.60000000,3067.79000000,3041.53000000,3067.47000000,10896.71780000,1764210599999999,33292027.67061900,123896,6005.00540000,18354186.76162500,0
1764210600000000,3067.47000000,3071.37000000,3036.78000000,3037.46000000,16803.16950000,1764212399999999,51337740.00265500,145482,8252.45850000,25215755.14793000,0
1764212400000000,3037.46000000,3052.00000000,3035.91000000,3046.22000000,5386.21810000,1764214199999999,16399938.72063300,74149,2632.24610000,8014169.96023100,0
1764214200000000,3046.22000000,3046.22000000,3030.10000000,3033.53000000,7175.39910000,1764215999999999,21785734.00104200,71291,2138.59630000,6492032.36674400,0
1764216000000000,3033.53000000,3053.98000000,3031.76000000,3038.89000000,5666.03260000,1764217799999999,17246932.91682400,57717,2743.38530000,8350713.78131500,0
1764217800000000,3038.89000000,3045.86000000,3036.16000000,3041.40000000,2267.70150000,1764219599999999,6895907.34474200,36159,1133.66700000,3447197.15344400,0
1764219600000000,3041.40000000,3045.80000000,3033.66000000,3038.57000000,3120.94250000,1764221399999999,9483180.69407300,56407,1545.11220000,4695060.87143900,0
1764221400000000,3038.56000000,3038.56000000,3017.45000000,3023.49000000,9402.71000000,1764223199999999,28449275.06720100,61365,2784.73510000,8425531.98313900,0
1764223200000000,3023.49000000,3034.02000000,3022.75000000,3033.23000000,3271.66690000,1764224999999999,9906416.99347000,43899,1630.42690000,4937606.09106200,0
1764225000000000,3033.23000000,3034.50000000,3023.51000000,3028.04000000,3201.59450000,1764226799999999,9698719.87547300,47200,1244.69730000,3770886.89102100,0
1764226800000000,3028.04000000,3036.34000000,3025.86000000,3034.20000000,2070.80390000,1764228599999999,6276234.38426500,34007,1057.68240000,3205897.26545500,0
1764228600000000,3034.19000000,3035.56000000,3027.70000000,3033.90000000,4998.37880000,1764230399999999,15153925.83496800,46734,1493.38660000,4526721.92030000,0
1764230400000000,3033.89000000,3035.53000000,3020.69000000,3022.93000000,4989.67830000,1764232199999999,15095943.32385900,55650,1403.76580000,4246791.91367400,0
1764232200000000,3022.93000000,3028.42000000,3017.78000000,3028.18000000,4260.58910000,1764233999999999,12885279.20007700,48688,1251.90440000,3786323.88648700,0
1764234000000000,3028.17000000,3039.50000000,3025.46000000,3030.74000000,6210.60450000,1764235799999999,18822901.19620500,70164,2678.54280000,8118938.51838700,0
1764235800000000,3030.74000000,3044.73000000,3027.24000000,3027.93000000,4541.70290000,1764237599999999,13788802.37595300,60710,1901.17240000,5773076.21789100,0
1764237600000000,3027.93000000,3035.42000000,3026.72000000,3032.18000000,3330.00390000,1764239399999999,10091568.28168900,42740,1319.19370000,3997737.04239300,0
1764239400000000,3032.18000000,3036.10000000,3021.89000000,3034.69000000,3205.51200000,1764241199999999,9709355.89133200,44025,1640.06130000,4969093.83833800,0
1764241200000000,3034.69000000,3036.17000000,3027.93000000,3028.37000000,2101.05770000,1764242999999999,6368512.04009600,34159,809.82910000,2455065.87101800,0
1764243000000000,3028.38000000,3032.47000000,3023.46000000,3028.54000000,2712.35460000,1764244799999999,8215378.85103000,27383,1271.39730000,3851307.80333700,0
1764244800000000,3028.54000000,3030.49000000,3010.01000000,3014.10000000,7726.60520000,1764246599999999,23325123.46038000,53683,3377.24040000,10196457.24295000,0
1764246600000000,3014.10000000,3016.98000000,2988.66000000,2991.30000000,12092.92860000,1764248399999999,36312673.54638300,78806,4727.43650000,14194632.95710000,0
1764248400000000,2991.30000000,3002.01000000,2988.05000000,3000.39000000,9277.34730000,1764250199999999,27789948.27506500,97604,4734.34770000,14184661.76755500,0
1764250200000000,3000.39000000,3001.86000000,2990.14000000,2995.34000000,10308.69160000,1764251999999999,30890438.69905400,78864,4343.46190000,13014712.89661400,0
1764252000000000,2995.34000000,2999.29000000,2985.78000000,2998.19000000,6313.65100000,1764253799999999,18898329.00098700,55010,3002.94380000,8990003.72726000,0
1764253800000000,2998.18000000,2999.42000000,2987.19000000,2996.32000000,5818.59910000,1764255599999999,17423060.12013300,62105,3394.24920000,10164509.98920500,0
1764255600000000,2996.33000000,3009.78000000,2990.42000000,3004.64000000,7609.01060000,1764257399999999,22831252.65363200,80295,3640.53730000,10928299.80353600,0
1764257400000000,3004.64000000,3014.66000000,2998.78000000,3010.97000000,6479.58600000,1764259199999999,19487239.08443700,62741,3649.96890000,10979630.61449900,0
1764259200000000,3010.97000000,3026.48000000,3004.83000000,3017.02000000,10994.27430000,1764260999999999,33150806.63635300,90794,5787.81100000,17457233.62114900,0
1764261000000000,3017.03000000,3027.17000000,3015.02000000,3021.03000000,4360.12950000,1764262799999999,13171189.15584200,68552,2471.44590000,7465853.75775000,0
1764262800000000,3021.04000000,3024.24000000,3015.87000000,3016.56000000,4235.60500000,1764264599999999,12792923.62642000,57174,2412.59340000,7287698.78856300,0
1764264600000000,3016.56000000,3022.03000000,3013.15000000,3020.03000000,3885.79050000,1764266399999999,11724474.53926900,53226,2195.35980000,6624450.81441800,0
1764266400000000,3020.02000000,3029.01000000,3016.46000000,3022.98000000,4946.37700000,1764268199999999,14952078.34998500,65408,2487.36540000,7520714.59977700,0
1764268200000000,3022.97000000,3039.99000000,3021.14000000,3037.90000000,6113.51780000,1764269999999999,18540762.54643500,75003,3505.91470000,10628643.06884700,0
1764270000000000,3037.89000000,3037.89000000,3029.36000000,3030.49000000,3529.47880000,1764271799999999,10703679.27743100,53839,1370.01460000,4154499.47308000,0
1764271800000000,3030.49000000,3036.76000000,3027.24000000,3032.02000000,3869.72340000,1764273599999999,11733290.19778400,43565,1728.57400000,5241933.94967700,0
1764273600000000,3032.01000000,3040.01000000,3030.36000000,3037.23000000,3250.09680000,1764275399999999,9866628.00366200,35310,1856.61090000,5636360.40711000,0
1764275400000000,3037.29000000,3044.44000000,3036.08000000,3038.93000000,3159.25620000,1764277199999999,9606147.44944600,42389,2003.54660000,6092465.44884700,0
1764277200000000,3038.93000000,3043.97000000,3030.09000000,3038.80000000,2983.77500000,1764278999999999,9062604.26500700,44088,1455.20270000,4420020.17851400,0
1764279000000000,3038.80000000,3041.97000000,3031.83000000,3032.36000000,3782.25000000,1764280799999999,11480921.62383400,37268,1530.39200000,4645759.47708800,0
1764280800000000,3032.36000000,3034.20000000,3027.88000000,3032.30000000,2303.35220000,1764282599999999,6981410.19568600,26894,688.26710000,2086225.73882100,0
1764282600000000,3032.30000000,3034.50000000,3003.88000000,3010.92000000,7846.27070000,1764284399999999,23646886.01006800,61623,3575.00910000,10767043.31824000,0
1764284400000000,3010.91000000,3023.30000000,3010.32000000,3012.61000000,3058.28110000,1764286199999999,9224485.17206500,51573,1480.13420000,4465021.78209200,0
1764286200000000,3012.61000000,3018.15000000,3007.71000000,3015.23000000,2127.88070000,1764287999999999,6413745.99952300,39182,1093.93460000,3297396.79607500,0
1764288000000000,3015.23000000,3018.02000000,3009.09000000,3016.05000000,6247.75110000,1764289799999999,18818707.66649500,44121,2382.72130000,7178139.48502700,0
1764289800000000,3016.05000000,3023.97000000,3010.00000000,3014.62000000,3816.65820000,1764291599999999,11504564.33545200,35605,1250.15870000,3772207.68604000,0
1764291600000000,3014.61000000,3017.01000000,2995.19000000,3001.76000000,7631.87370000,1764293399999999,22917770.38019200,84671,1981.31490000,5949210.10412900,0
1764293400000000,3001.75000000,3009.41000000,2994.36000000,2998.41000000,4879.01900000,1764295199999999,14644163.56362500,74651,2252.21560000,6759504.83998600,0
1764295200000000,2998.42000000,3008.74000000,2996.41000000,2999.28000000,4509.80770000,1764296999999999,13535889.45859200,81677,2144.04820000,6435815.81192200,0
1764297000000000,2999.28000000,3015.30000000,2999.28000000,3012.63000000,4333.50030000,1764298799999999,13028294.40895400,54269,2008.90580000,6040457.27233600,0
1764298800000000,3012.63000000,3015.08000000,3002.32000000,3009.54000000,4693.32940000,1764300599999999,14120311.60743200,51264,1952.96800000,5875337.06272300,0
1764300600000000,3009.54000000,3012.23000000,3005.25000000,3008.63000000,2202.73810000,1764302399999999,6627509.81934300,31524,809.23940000,2434817.64546100,0
1764302400000000,3008.64000000,3018.46000000,3005.70000000,3014.50000000,3892.82370000,1764304199999999,11727589.86450600,42166,2075.55900000,6252269.74931900,0
1764304200000000,3014.50000000,3019.63000000,3013.00000000,3017.40000000,2465.51600000,1764305999999999,7436663.61276100,33347,1172.07410000,3535367.88353600,0
1764306000000000,3017.40000000,3028.94000000,3015.21000000,3024.26000000,5435.44370000,1764307799999999,16434475.45039600,47891,2809.35350000,8493997.69183400,0
1764307800000000,3024.25000000,3028.47000000,3019.13000000,3024.47000000,3945.88710000,1764309599999999,11931902.36539200,35661,1710.78890000,5173884.40676500,0
1764309600000000,3024.46000000,3024.47000000,3010.00000000,3011.32000000,3836.37420000,1764311399999999,11580801.87701100,39183,1548.88590000,4675782.37889800,0
1764311400000000,3011.31000000,3014.24000000,3003.35000000,3010.01000000,4735.74630000,1764313199999999,14254466.59301500,40789,2121.69950000,6387129.01497700,0
1764313200000000,3010.01000000,3023.13000000,3008.63000000,3021.60000000,5758.19770000,1764314999999999,17382912.62916700,35718,3052.63370000,9212137.11898300,0
1764315000000000,3021.61000000,3021.61000000,3000.70000000,3001.91000000,13486.14650000,1764316799999999,40594629.26035800,54141,6345.29520000,19115722.29756600,0
1764316800000000,3001.90000000,3022.23000000,3001.59000000,3018.13000000,8242.22620000,1764318599999999,24844748.69580800,66701,5839.76520000,17603779.74000800,0
1764318600000000,3018.12000000,3077.77000000,3015.35000000,3065.24000000,31470.24790000,1764320399999999,96098307.74825600,155904,17995.17540000,54881282.49505800,0
1764320400000000,3065.24000000,3072.99000000,3055.10000000,3060.00000000,7880.46330000,1764322199999999,24127015.70165400,112538,4263.14360000,13051681.31789200,0
1764322200000000,3060.00000000,3060.38000000,3048.51000000,3055.27000000,4324.07590000,1764323999999999,13207875.42479600,55398,2433.91050000,7435198.46087100,0
1764324000000000,3055.27000000,3056.83000000,3047.24000000,3050.87000000,3411.17810000,1764325799999999,10411207.31381200,50587,1777.11890000,5423954.84858200,0
1764325800000000,3050.86000000,3063.69000000,3049.65000000,3060.96000000,4755.14640000,1764327599999999,14531105.13826300,55417,2590.97690000,7919344.15914800,0
1764327600000000,3060.97000000,3062.27000000,3018.14000000,3030.61000000,10511.13950000,1764329399999999,31923867.23669800,124754,4196.31590000,12731879.85778600,0
1764329400000000,3030.61000000,3038.00000000,3028.15000000,3034.02000000,3874.47360000,1764331199999999,11750491.86141500,53660,1863.80160000,5653347.80376000,0
1764331200000000,3034.02000000,3046.40000000,3033.30000000,3036.47000000,4640.46230000,1764332999999999,14108702.72986800,50567,2590.02700000,7873972.56819900,0
1764333000000000,3036.47000000,3041.32000000,3032.55000000,3036.08000000,2490.69440000,1764334799999999,7566631.71809400,31765,1362.32930000,4138735.93679400,0
1764334800000000,3036.08000000,3037.04000000,3026.32000000,3035.75000000,3677.18210000,1764336599999999,11149125.03232200,44466,2021.80150000,6130961.33501200,0
1764336600000000,3035.75000000,3087.67000000,3033.82000000,3073.91000000,16420.75580000,1764338399999999,50333893.88455500,148923,9406.04600000,28815161.28831600,0
1764338400000000,3073.91000000,3095.36000000,3064.19000000,3092.36000000,13375.61350000,1764340199999999,41218509.26024800,136703,7555.42700000,23286938.74130000,0
1764340200000000,3092.36000000,3099.00000000,3052.02000000,3067.38000000,17146.57390000,1764341999999999,52626739.40076600,188503,9061.82290000,27814678.26732200,0
1764342000000000,3067.38000000,3085.34000000,3055.63000000,3083.87000000,12677.20050000,1764343799999999,38928400.71175300,144503,7119.71490000,21866483.02367500,0
1764343800000000,3083.87000000,3092.00000000,3060.15000000,3073.77000000,12537.11850000,1764345599999999,38534536.90018600,176414,6496.72560000,19969480.57386600,0
1764345600000000,3073.78000000,3074.40000000,3027.02000000,3029.52000000,16992.39170000,1764347399999999,51772338.04073100,190593,7755.78310000,23626166.13374100,0
1764347400000000,3029.52000000,3039.35000000,3021.60000000,3025.59000000,11636.96280000,1764349199999999,35274818.16691500,136798,5552.79800000,16835722.29775500,0
1764349200000000,3025.60000000,3031.21000000,3011.22000000,3017.70000000,11684.19040000,1764350999999999,35298044.49501100,137521,4608.90130000,13924224.07723200,0
1764351000000000,3017.69000000,3044.25000000,3015.12000000,3034.78000000,16072.09450000,1764352799999999,48662685.70396700,142353,8987.39770000,27229479.04034100,0
1764352800000000,3034.76000000,3049.01000000,3024.41000000,3037.17000000,8403.45590000,1764354599999999,25521061.47956000,124299,4171.12620000,12669035.52934200,0
1764354600000000,3037.17000000,3044.34000000,3030.72000000,3042.61000000,4891.07940000,1764356399999999,14858175.46593900,65859,2790.74980000,8479318.82397300,0
1764356400000000,3042.60000000,3056.76000000,3037.50000000,3053.85000000,5439.82930000,1764358199999999,16573988.41684000,68183,3132.04870000,9543667.48324200,0
1764358200000000,3053.85000000,3060.00000000,3047.66000000,3050.00000000,4627.02290000,1764359999999999,14126084.93904000,49282,2098.30200000,6408946.83322800,0
1764360000000000,3049.99000000,3056.70000000,3036.05000000,3053.76000000,4581.41220000,1764361799999999,13966052.74315300,58960,1858.97220000,5667321.11249800,0
1764361800000000,3053.77000000,3057.82000000,3048.80000000,3056.38000000,3725.06560000,1764363599999999,11377044.31323300,47221,1274.85650000,3893671.57898200,0
1764363600000000,3056.38000000,3059.48000000,3043.57000000,3048.77000000,3995.76250000,1764365399999999,12189764.18517600,44677,1541.79160000,4704201.99229700,0
1764365400000000,3048.77000000,3053.19000000,3036.13000000,3036.55000000,2566.27020000,1764367199999999,7814876.31734700,35974,856.05650000,2607420.99995600,0
1764367200000000,3036.56000000,3040.44000000,3020.57000000,3031.55000000,6494.31060000,1764368999999999,19682382.28151900,68130,2900.63360000,8792204.00057400,0
1764369000000000,3031.56000000,3042.84000000,3030.25000000,3039.53000000,2052.06330000,1764370799999999,6232613.98962200,42224,1268.14570000,3852062.10107400,0
1764370800000000,3039.54000000,3045.53000000,3036.69000000,3037.36000000,2841.53450000,1764372599999999,8639916.93579100,41488,1099.11940000,3342279.24519300,0
1764372600000000,3037.36000000,3037.65000000,3030.30000000,3031.15000000,1307.21710000,1764374399999999,3966101.58978000,25435,525.97140000,1595713.52501600,0
1764374400000000,3031.14000000,3038.28000000,3029.94000000,3036.50000000,2142.28540000,1764376199999999,6499354.83091200,38612,1101.95210000,3343289.31781300,0
1764376200000000,3036.49000000,3039.07000000,3030.01000000,3035.95000000,2946.24580000,1764377999999999,8942453.03322800,41319,1729.92320000,5250944.92558000,0
1764378000000000,3035.94000000,3052.64000000,3035.00000000,3039.17000000,4481.17070000,1764379799999999,13639455.52039500,55612,2530.48420000,7701975.76154100,0
1764379800000000,3039.16000000,3040.68000000,3032.35000000,3038.51000000,1811.62920000,1764381599999999,5501509.59569100,31370,939.01490000,2851383.88524500,0
1764381600000000,3038.51000000,3040.27000000,3033.46000000,3033.46000000,2089.38670000,1764383399999999,6346927.87223400,30675,1083.84520000,3292461.55302700,0
1764383400000000,3033.45000000,3035.95000000,3023.58000000,3030.51000000,4278.80240000,1764385199999999,12959142.42846200,36992,2485.32760000,7527570.54258900,0
1764385200000000,3030.51000000,3036.00000000,3024.43000000,3024.43000000,2947.29960000,1764386999999999,8932620.90361400,28926,1330.45030000,4033249.87269500,0
1764387000000000,3024.43000000,3025.10000000,3017.73000000,3022.60000000,3858.52630000,1764388799999999,11656424.16325500,31021,1238.84170000,3742909.76886900,0
1764388800000000,3022.61000000,3029.95000000,3020.00000000,3029.03000000,2722.85850000,1764390599999999,8234141.00573400,24318,1742.98190000,5271525.54987400,0
1764390600000000,3029.03000000,3045.60000000,3029.03000000,3041.04000000,3653.88660000,1764392399999999,11094110.31329500,28510,2241.78060000,6807112.91266000,0
1764392400000000,3041.01000000,3041.34000000,3036.32000000,3040.13000000,1303.06460000,1764394199999999,3959086.87591300,18769,490.22310000,1489489.42812300,0
1764394200000000,3040.13000000,3043.26000000,3031.40000000,3033.21000000,4537.35570000,1764395999999999,13791619.70015100,20562,1780.31860000,5410618.05242900,0
1764396000000000,3033.21000000,3038.45000000,3013.99000000,3014.72000000,6929.45580000,1764397799999999,20931752.82826500,45719,2409.12530000,7277958.56032900,0
1764397800000000,3014.72000000,3017.09000000,2992.50000000,3007.64000000,14967.80180000,1764399599999999,44986249.44227700,69615,4781.85830000,14367511.22856300,0
1764399600000000,3007.64000000,3014.51000000,3005.00000000,3008.58000000,3627.36270000,1764401399999999,10915507.20667200,39319,1594.03910000,4796781.16766400,0
1764401400000000,3008.59000000,3009.86000000,2995.80000000,3004.90000000,4810.21090000,1764403199999999,14443426.16202800,41433,1770.64910000,5315900.55793500,0
1764403200000000,3004.90000000,3011.41000000,3001.03000000,3005.96000000,3493.69480000,1764404999999999,10505290.09354200,47845,1610.94300000,4844292.64495800,0
1764405000000000,3005.96000000,3009.45000000,3003.14000000,3008.29000000,1636.10000000,1764406799999999,4920009.89984700,30749,714.09050000,2147340.37996300,0
1764406800000000,3008.28000000,3010.40000000,3001.45000000,3001.48000000,3591.60160000,1764408599999999,10795588.20952600,34095,1126.41710000,3386692.23086800,0
1764408600000000,3001.47000000,3006.02000000,2998.35000000,3002.05000000,4798.26900000,1764410399999999,14403934.47918500,34239,1140.14680000,3423239.63787000,0
1764410400000000,3002.05000000,3006.89000000,2986.09000000,3003.01000000,9475.71550000,1764412199999999,28401036.86624500,71090,3934.13640000,11791836.95929700,0
1764412200000000,3003.02000000,3007.95000000,2997.31000000,2997.32000000,4743.63400000,1764413999999999,14241669.53689300,34531,1958.02390000,5879082.32469600,0
1764414000000000,2997.31000000,3001.01000000,2992.08000000,2996.85000000,6698.82530000,1764415799999999,20076426.33883100,34190,3737.78740000,11205455.07756500,0
1764415800000000,2996.85000000,3002.86000000,2995.48000000,2999.82000000,3158.33420000,1764417599999999,9473876.26288700,21453,1655.80460000,4966989.84906300,0
1764417600000000,2999.82000000,3002.30000000,2992.68000000,2995.31000000,5051.15710000,1764419399999999,15140752.85145700,34341,2329.77770000,6984365.90398300,0
1764419400000000,2995.31000000,3000.36000000,2993.71000000,2997.22000000,1857.73300000,1764421199999999,5568093.09942900,29587,968.38130000,2902455.54577400,0
1764421200000000,2997.21000000,3000.37000000,2992.39000000,2999.74000000,2919.55040000,1764422999999999,8747152.02334200,35644,1405.53230000,4211355.00495800,0
1764423000000000,2999.75000000,3001.97000000,2997.22000000,2998.40000000,2045.37290000,1764424799999999,6136440.07276200,25835,928.15870000,2784552.13202400,0
1764424800000000,2998.40000000,2998.72000000,2992.71000000,2994.87000000,4630.95430000,1764426599999999,13870833.09378600,36824,1256.79130000,3764191.30747600,0
1764426600000000,2994.86000000,2996.67000000,2986.40000000,2988.28000000,10914.53850000,1764428399999999,32643962.49535100,63849,2299.05520000,6876468.10477900,0
1764428400000000,2988.29000000,3014.09000000,2988.29000000,3001.00000000,11379.97310000,1764430199999999,34154325.84657500,77903,5176.82920000,15537857.26923800,0
1764430200000000,3001.01000000,3011.55000000,2998.62000000,3007.41000000,5938.07330000,1764431999999999,17837332.34556900,58011,2119.72860000,6369669.89647800,0
1764432000000000,3007.41000000,3011.31000000,2998.37000000,3000.70000000,6082.28340000,1764433799999999,18274369.19548000,56222,1897.66090000,5700863.63243000,0
1764433800000000,3000.69000000,3005.17000000,2999.22000000,3003.07000000,6304.10330000,1764435599999999,18926249.87316000,45143,1664.76680000,4998227.79313300,0
1764435600000000,3003.07000000,3004.50000000,2992.74000000,2994.16000000,4795.89610000,1764437399999999,14381967.96829500,44220,1420.22510000,4258799.27903800,0
1764437400000000,2994.15000000,2994.36000000,2966.88000000,2969.98000000,14951.77090000,1764439199999999,44544781.57920300,86010,7054.43070000,21017518.01771600,0
1764439200000000,2969.98000000,2979.41000000,2961.91000000,2974.54000000,8505.46170000,1764440999999999,25273468.12190700,89018,4508.76100000,13399519.44743600,0
1764441000000000,2974.54000000,2998.45000000,2971.65000000,2994.72000000,9073.73030000,1764442799999999,27116237.49635700,60809,4983.75570000,14893018.25249400,0
1764442800000000,2994.73000000,2999.81000000,2991.76000000,2996.26000000,1931.11600000,1764444599999999,5786862.82322500,29871,961.37630000,2881228.92396600,0
1764444600000000,2996.27000000,2998.38000000,2984.00000000,2988.47000000,2697.80290000,1764446399999999,8065493.41089700,24822,1006.78540000,3009902.35579100,0
1764446400000000,2988.47000000,2993.13000000,2983.10000000,2991.11000000,1790.27720000,1764448199999999,5348127.47461500,34052,915.83290000,2736150.78323800,0
1764448200000000,2991.12000000,2999.16000000,2988.64000000,2997.42000000,1863.20650000,1764449999999999,5579263.10483600,32374,1286.67840000,3853515.17716300,0
1764450000000000,2997.42000000,2999.17000000,2982.49000000,2992.88000000,2352.47990000,1764451799999999,7035715.76315200,32196,1120.52300000,3351263.37775600,0
1764451800000000,2992.88000000,2995.74000000,2991.49000000,2994.18000000,1314.90610000,1764453599999999,3936424.05651300,30145,669.52810000,2004363.46741900,0
1764453600000000,2994.19000000,2995.88000000,2984.09000000,2984.93000000,2072.21380000,1764455399999999,6194628.91492800,33596,1092.51790000,3266665.71963100,0
1764455400000000,2984.92000000,2992.16000000,2984.66000000,2988.83000000,2002.28050000,1764457199999999,5985310.13468700,29355,1319.61720000,3944580.77058100,0
1764457200000000,2988.83000000,2994.05000000,2985.74000000,2990.40000000,1543.32660000,1764458999999999,4612803.06089300,27691,957.87470000,2862833.00119500,0
1764459000000000,2990.40000000,2993.26000000,2987.65000000,2989.16000000,1182.40540000,1764460799999999,3536526.22422500,22106,561.26310000,1678800.25196400,0
1764460800000000,2989.17000000,2999.67000000,2987.95000000,2995.96000000,1530.02780000,1764462599999999,4582609.15435300,29108,872.02650000,2611437.01418500,0
1764462600000000,2995.96000000,2999.30000000,2994.17000000,2997.31000000,1639.24300000,1764464399999999,4912030.05096800,24252,971.96900000,2912861.74995300,0
1764464400000000,2997.31000000,3012.29000000,2996.33000000,3005.52000000,4543.07090000,1764466199999999,13658990.89285000,41304,2471.53000000,7430136.36642900,0
1764466200000000,3005.51000000,3010.50000000,3004.67000000,3004.97000000,1674.99000000,1764467999999999,5037830.61944900,20525,926.51020000,2787238.15482200,0
1764468000000000,3004.96000000,3011.94000000,3003.61000000,3004.99000000,2276.64030000,1764469799999999,6847402.92065400,25596,947.42750000,2850291.39515700,0
1764469800000000,3005.00000000,3007.05000000,2990.38000000,2990.96000000,2697.25130000,1764471599999999,8083170.96237400,34105,821.57790000,2462811.62011700,0
1764471600000000,2990.96000000,2994.24000000,2975.30000000,2987.40000000,5105.55730000,1764473399999999,15235935.54496400,47144,2100.45900000,6268732.69687800,0
1764473400000000,2987.39000000,3005.43000000,2986.41000000,3001.69000000,3237.18410000,1764475199999999,9703624.21838300,36568,1852.65790000,5553758.96558700,0
1764475200000000,3001.68000000,3003.45000000,2996.57000000,2997.68000000,1459.49980000,1764476999999999,4379289.89435900,24187,664.06990000,1992833.20149400,0
1764477000000000,2997.69000000,2999.41000000,2995.74000000,2998.49000000,894.53290000,1764478799999999,2681703.39498300,16604,273.71550000,820536.58225100,0
1764478800000000,2998.49000000,2998.51000000,2985.69000000,2986.03000000,3921.06860000,1764480599999999,11725935.67311000,26027,1265.46790000,3785372.26217500,0
1764480600000000,2986.03000000,2994.44000000,2986.02000000,2992.30000000,1710.06440000,1764482399999999,5113930.22264700,21340,1119.29010000,3347291.58371800,0
1764482400000000,2992.30000000,2997.74000000,2987.04000000,2997.73000000,1508.47050000,1764484199999999,4514271.20347500,26264,1006.05470000,3011230.02078900,0
1764484200000000,2997.73000000,3000.85000000,2996.24000000,2997.86000000,1538.54380000,1764485999999999,4613141.16114200,25365,624.90230000,1873820.48973000,0
1764486000000000,2997.86000000,3005.28000000,2996.25000000,3004.09000000,1764.57360000,1764487799999999,5296265.53131000,24512,730.66930000,2193330.92189100,0
1764487800000000,3004.09000000,3008.90000000,3003.43000000,3005.22000000,1674.07090000,1764489599999999,5032566.30537600,22252,729.55590000,2193060.83090700,0
1764489600000000,3005.22000000,3018.48000000,3002.57000000,3009.01000000,4488.34790000,1764491399999999,13519869.82441600,48155,2271.04290000,6841461.80135300,0
1764491400000000,3009.01000000,3012.60000000,3005.01000000,3006.88000000,3437.66200000,1764493199999999,10344688.98069400,55851,1340.42610000,4033862.53505300,0
1764493200000000,3006.88000000,3015.00000000,3004.57000000,3007.28000000,2492.50210000,1764494999999999,7499934.51171100,45260,1423.63700000,4284061.17380400,0
1764495000000000,3007.28000000,3011.19000000,3004.45000000,3010.16000000,2602.96280000,1764496799999999,7829554.31580100,30394,1246.13340000,3748974.14147500,0
1764496800000000,3010.16000000,3011.56000000,3005.98000000,3011.15000000,1257.62950000,1764498599999999,3784749.05380600,22851,627.55330000,1888614.44242700,0
1764498600000000,3011.16000000,3011.16000000,3007.20000000,3009.59000000,3455.58950000,1764500399999999,10399375.34983000,23205,697.36250000,2098518.23368500,0
1764500400000000,3009.59000000,3017.61000000,3003.22000000,3004.85000000,3198.16670000,1764502199999999,9627350.55275300,29886,1245.02660000,3749247.67262800,0
1764502200000000,3004.85000000,3007.50000000,2999.94000000,3003.36000000,2358.48620000,1764503999999999,7082870.69309400,32399,1117.03640000,3354706.80826700,0
1764504000000000,3003.37000000,3011.97000000,3000.34000000,3009.57000000,2051.81730000,1764505799999999,6169370.22051600,37951,1199.11210000,3605876.37805100,0
1764505800000000,3009.56000000,3033.53000000,3007.35000000,3025.99000000,9582.24230000,1764507599999999,28981785.17464800,69702,5653.86930000,17099472.42568800,0
1764507600000000,3025.99000000,3050.41000000,3022.51000000,3046.83000000,14391.27120000,1764509399999999,43726008.53557500,94463,6364.21760000,19341497.33513200,0
1764509400000000,3046.83000000,3053.02000000,3040.60000000,3048.99000000,7471.32390000,1764511199999999,22763625.59126300,77936,4047.56270000,12333167.97469600,0
1764511200000000,3049.00000000,3051.01000000,3034.57000000,3039.37000000,7766.49810000,1764512999999999,23630471.34568100,51180,3005.21290000,9142689.58577900,0
1764513000000000,3039.37000000,3040.00000000,3027.41000000,3037.84000000,5687.49810000,1764514799999999,17249761.52683200,58836,2517.39840000,7634636.97889500,0
1764514800000000,3037.83000000,3037.83000000,3024.69000000,3035.83000000,3816.40550000,1764516599999999,11564147.44417300,46492,2061.15920000,6244755.58413200,0
1764516600000000,3035.84000000,3036.11000000,3026.50000000,3028.69000000,10030.71160000,1764518399999999,30377010.07987400,37683,7827.62530000,23703790.27925400,0
1764518400000000,3028.69000000,3047.00000000,3028.24000000,3046.65000000,4381.70170000,1764520199999999,13318162.96882300,50773,2459.99090000,7476508.16590800,0
1764520200000000,3046.65000000,3049.34000000,3042.45000000,3043.57000000,4755.18300000,1764521999999999,14484545.19829800,51255,1778.91810000,5419153.09167200,0
1764522000000000,3043.57000000,3043.74000000,3031.49000000,3035.19000000,5693.11600000,1764523799999999,17289039.54003300,58313,1165.96970000,3541017.89658600,0
1764523800000000,3035.18000000,3044.33000000,3032.01000000,3041.01000000,3782.49670000,1764525599999999,11493902.20911500,36006,1608.89390000,4890557.78176700,0
1764525600000000,3041.02000000,3041.50000000,3031.03000000,3035.04000000,2207.28810000,1764527399999999,6700211.89251800,32426,826.85760000,2510005.57868200,0
1764527400000000,3035.03000000,3037.54000000,3029.06000000,3036.90000000,1684.27360000,1764529199999999,5108985.08362100,25549,740.72380000,2246989.62364400,0
1764529200000000,3036.90000000,3040.97000000,3030.26000000,3031.79000000,2405.58680000,1764530999999999,7300019.81812400,30079,1209.58320000,3670920.96612900,0
1764531000000000,3031.79000000,3037.13000000,3029.39000000,3034.71000000,2012.44380000,1764532799999999,6105005.98369000,24761,942.04040000,2857590.76758200,0
1764532800000000,3034.71000000,3041.14000000,3029.69000000,3029.95000000,1504.24260000,1764534599999999,4567320.59641800,29025,786.27330000,2387224.46162200,0
1764534600000000,3029.95000000,3031.27000000,3023.32000000,3028.94000000,2129.28730000,1764536399999999,6445795.48152000,31327,1033.41350000,3128873.92702700,0
1764536400000000,3028.94000000,3029.46000000,3014.93000000,3022.86000000,4358.24570000,1764538199999999,13162451.98494500,47055,1962.82950000,5928120.05849500,0
1764538200000000,3022.86000000,3026.12000000,3018.53000000,3022.34000000,2375.21910000,1764539999999999,7180403.92073100,31348,1349.73730000,4080521.57440700,0
1764540000000000,3022.35000000,3036.74000000,3022.35000000,3028.54000000,3153.12480000,1764541799999999,9553737.75215800,33976,2037.41080000,6173724.87471100,0
1764541800000000,3028.52000000,3035.99000000,3021.13000000,3033.62000000,2453.18570000,1764543599999999,7427091.40749500,39094,1356.25890000,4107125.17172600,0
1764543600000000,3033.62000000,3035.47000000,3008.59000000,3008.60000000,7545.46460000,1764545399999999,22773723.90658900,83614,3551.77850000,10719952.25560100,0
1764545400000000,3008.59000000,3009.99000000,2989.06000000,2991.26000000,11017.66190000,1764547199999999,33024378.73750300,84783,4310.71920000,12917330.27462900,0
