1746057600000000,1793.62000000,1799.00000000,1792.52000000,1795.60000000,2521.92850000,1746058499999999,4529088.85351100,18233,1435.36360000,2577727.40483900,0
1746058500000000,1795.60000000,1797.18000000,1793.00000000,1794.42000000,1526.65950000,1746059399999999,2740390.33770900,12024,714.63960000,1282868.37977200,0
1746059400000000,1794.42000000,1796.98000000,1793.21000000,1796.00000000,1405.30210000,1746060299999999,2522239.81650800,11725,662.59130000,1189227.55595500,0
1746060300000000,1795.99000000,1798.20000000,1795.79000000,1797.75000000,1701.91460000,1746061199999999,3058574.68757400,8709,729.31520000,1310724.41382200,0
1746061200000000,1797.76000000,1806.73000000,1797.76000000,1802.85000000,4589.55200000,1746062099999999,8275057.30803300,20522,2838.23560000,5117426.12680100,0
1746062100000000,1802.84000000,1806.64000000,1800.82000000,1802.00000000,2367.33080000,1746062999999999,4271222.36541000,14826,1086.48080000,1960687.06739600,0
1746063000000000,1801.99000000,1806.04000000,1800.30000000,1803.90000000,2727.09360000,1746063899999999,4917092.41802200,15237,1367.34100000,2465909.74558700,0
1746063900000000,1803.89000000,1810.55000000,1800.91000000,1809.91000000,4845.95040000,1746064799999999,8759426.92710600,22194,3552.33580000,6421964.53618900,0
1746064800000000,1809.92000000,1816.22000000,1807.12000000,1810.21000000,6678.92180000,1746065699999999,12103818.84631700,31903,3819.30770000,6922203.04819700,0
1746065700000000,1810.21000000,1815.69000000,1810.21000000,1815.08000000,4490.52310000,1746066599999999,8143181.67318800,21680,2365.63800000,4289755.13885600,0
1746066600000000,1815.08000000,1819.00000000,1812.60000000,1814.11000000,6138.86940000,1746067499999999,11148534.54128900,26332,3430.56370000,6230717.11301400,0
1746067500000000,1814.10000000,1814.65000000,1805.30000000,1807.56000000,5244.71090000,1746068399999999,9493358.71340300,23969,2048.07220000,3706736.09598900,0
1746068400000000,1807.57000000,1813.11000000,1806.50000000,1809.00000000,2741.99630000,1746069299999999,4963801.65126500,20214,1198.07160000,2169139.50608000,0
1746069300000000,1809.01000000,1811.90000000,1807.86000000,1811.89000000,1738.92100000,1746070199999999,3146751.87982000,12367,870.52910000,1575431.29862500,0
1746070200000000,1811.90000000,1814.19000000,1809.28000000,1812.37000000,3238.97160000,1746071099999999,5869384.70888000,16268,1540.24110000,2791218.96254100,0
1746071100000000,1812.38000000,1812.38000000,1805.37000000,1807.99000000,2398.02430000,1746071999999999,4336461.62450400,13754,952.35590000,1722002.89655800,0
1746072000000000,1807.99000000,1810.38000000,1805.42000000,1807.96000000,2158.11900000,1746072899999999,3901843.14914300,14632,1162.91050000,2102571.48468000,0
1746072900000000,1807.97000000,1809.13000000,1804.00000000,1806.60000000,1796.36050000,1746073799999999,3245572.46400400,12019,921.67340000,1665217.35281800,0
1746073800000000,1806.61000000,1809.70000000,1805.55000000,1809.67000000,1751.02540000,1746074699999999,3164837.93733500,11234,841.41700000,1520870.94772000,0
1746074700000000,1809.67000000,1809.90000000,1807.03000000,1809.00000000,1377.74640000,1746075599999999,2491883.99109700,10877,689.55000000,1247089.47241000,0
1746075600000000,1809.00000000,1809.89000000,1805.61000000,1809.68000000,2041.75980000,1746076499999999,3691849.90637000,12444,1077.16710000,1947548.28579400,0
1746076500000000,1809.68000000,1810.67000000,1806.39000000,1808.55000000,2167.35480000,1746077399999999,3919388.88546300,11624,1134.93540000,2052093.30530400,0
1746077400000000,1808.55000000,1814.90000000,1807.00000000,1813.61000000,2917.10240000,1746078299999999,5283597.65143700,14383,1795.81870000,3252885.77755400,0
1746078300000000,1813.62000000,1816.90000000,1810.48000000,1813.65000000,3997.22990000,1746079199999999,7250136.29319000,17485,2378.05970000,4313430.45684000,0
1746079200000000,1813.64000000,1815.19000000,1809.51000000,1810.17000000,2099.25150000,1746080099999999,3804792.27193400,12920,858.15310000,1555479.23585100,0
1746080100000000,1810.17000000,1811.52000000,1808.18000000,1809.29000000,1995.48030000,1746080999999999,3611111.43131300,10943,1138.04020000,2059294.23558700,0
1746081000000000,1809.29000000,1810.89000000,1805.39000000,1806.00000000,1432.34490000,1746081899999999,2590079.77315500,10947,592.33280000,1070988.66681500,0
1746081900000000,1805.99000000,1808.26000000,1805.14000000,1806.54000000,1638.84850000,1746082799999999,2961175.41171900,11566,786.23370000,1420458.06824200,0
1746082800000000,1806.54000000,1807.38000000,1802.14000000,1807.31000000,2323.83180000,1746083699999999,4194079.96624100,10877,798.40060000,1441372.91203300,0
1746083700000000,1807.30000000,1810.25000000,1804.89000000,1808.77000000,1749.79090000,1746084599999999,3163254.31877500,12835,904.79900000,1635700.18617600,0
1746084600000000,1808.77000000,1813.04000000,1808.40000000,1811.85000000,2706.18730000,1746085499999999,4901273.08108800,11958,1392.85470000,2522570.25373900,0
1746085500000000,1811.85000000,1814.77000000,1810.37000000,1810.60000000,2623.32680000,1746086399999999,4755042.74988100,13496,1349.69200000,2446243.94863100,0
1746086400000000,1810.59000000,1815.00000000,1808.80000000,1813.94000000,3444.58400000,1746087299999999,6242474.37947200,14936,1871.01810000,3391409.53129900,0
1746087300000000,1813.94000000,1816.43000000,1811.89000000,1813.25000000,3189.19740000,1746088199999999,5785564.36111900,19278,1542.75590000,2798659.87140900,0
1746088200000000,1813.25000000,1820.09000000,1813.01000000,1813.96000000,6254.64760000,1746089099999999,11364259.24573000,20721,4136.69900000,7516884.79839900,0
1746089100000000,1813.97000000,1819.66000000,1813.96000000,1817.83000000,2864.67600000,1746089999999999,5206840.34085000,12276,1668.02310000,3031743.87183900,0
1746090000000000,1817.83000000,1818.40000000,1814.93000000,1815.80000000,1950.87040000,1746090899999999,3542702.26758800,11527,679.51910000,1233923.54077600,0
1746090900000000,1815.80000000,1820.00000000,1815.22000000,1818.96000000,3183.67180000,1746091799999999,5787432.94833000,15711,1763.18740000,3205113.20819100,0
1746091800000000,1818.95000000,1824.52000000,1818.00000000,1820.09000000,7218.99780000,1746092699999999,13144331.17197500,26577,4514.48120000,8220166.34933100,0
1746092700000000,1820.10000000,1824.19000000,1817.40000000,1817.53000000,5756.38700000,1746093599999999,10485040.30292000,25652,3049.09180000,5554345.81417300,0
1746093600000000,1817.53000000,1821.94000000,1817.52000000,1820.79000000,2946.89060000,1746094499999999,5362814.67432100,15295,1396.61880000,2541575.83512900,0
1746094500000000,1820.79000000,1844.14000000,1820.78000000,1841.69000000,29535.67380000,1746095399999999,54181922.74533100,83218,19623.03750000,35993051.73383500,0
1746095400000000,1841.70000000,1851.00000000,1834.11000000,1839.25000000,19227.18020000,1746096299999999,35437816.71307500,65848,10736.63770000,19797695.04544900,0
1746096300000000,1839.25000000,1849.85000000,1833.81000000,1847.61000000,8971.81910000,1746097199999999,16523390.81967300,43821,4786.37930000,8817817.37324200,0
1746097200000000,1847.60000000,1859.23000000,1844.73000000,1848.90000000,24191.78390000,1746098099999999,44798377.88964600,77485,14765.89320000,27345448.03915000,0
1746098100000000,1848.89000000,1849.20000000,1838.20000000,1840.77000000,8277.82360000,1746098999999999,15258820.80167700,34739,3494.23220000,6440696.36769800,0
1746099000000000,1840.77000000,1845.20000000,1840.77000000,1843.93000000,5089.11390000,1746099899999999,9377954.44510600,23663,2726.92030000,5024783.70245900,0
1746099900000000,1843.94000000,1848.44000000,1843.82000000,1845.58000000,4447.95900000,1746100799999999,8209703.54821900,21551,2303.34060000,4251031.64354100,0
1746100800000000,1845.58000000,1855.07000000,1841.92000000,1852.95000000,10328.13250000,1746101699999999,19096926.83334100,34150,5399.17720000,9984215.85443900,0
1746101700000000,1852.96000000,1853.66000000,1844.28000000,1845.99000000,5467.85870000,1746102599999999,10110173.21702600,27471,2159.60130000,3993413.06366800,0
1746102600000000,1845.99000000,1852.80000000,1843.20000000,1852.00000000,8995.45470000,1746103499999999,16610618.44151900,28315,5947.75050000,10980076.69627100,0
1746103500000000,1852.00000000,1852.58000000,1848.41000000,1849.29000000,2808.61780000,1746104399999999,5195999.06944100,21374,1089.99440000,2016524.46845600,0
1746104400000000,1849.28000000,1849.77000000,1845.07000000,1849.46000000,4014.45600000,1746105299999999,7419535.91556100,23453,1978.05470000,3655680.30757400,0
1746105300000000,1849.47000000,1851.49000000,1844.93000000,1851.48000000,6710.50350000,1746106199999999,12402950.31487500,33288,3357.32350000,6205354.49568400,0
1746106200000000,1851.48000000,1851.69000000,1825.20000000,1834.09000000,33016.53630000,1746107099999999,60711250.88790700,102451,12945.66750000,23791296.63137500,0
1746107100000000,1834.10000000,1837.75000000,1825.44000000,1826.83000000,11159.72060000,1746107999999999,20440395.78116000,59869,5519.73060000,10109994.72434100,0
1746108000000000,1826.84000000,1839.31000000,1826.84000000,1838.00000000,21494.21700000,1746108899999999,39450251.83245700,66146,9291.28280000,17045549.26804400,0
1746108900000000,1838.01000000,1841.85000000,1836.20000000,1840.14000000,6762.58460000,1746109799999999,12438044.79653100,37475,3270.78670000,6015338.75354200,0
1746109800000000,1840.14000000,1844.00000000,1834.53000000,1838.10000000,5179.61960000,1746110699999999,9531098.13268300,33727,3205.72960000,5899759.91548400,0
1746110700000000,1838.11000000,1850.00000000,1837.71000000,1848.59000000,5492.19020000,1746111599999999,10131398.18236900,26447,3632.16360000,6701320.66874200,0
1746111600000000,1848.59000000,1873.17000000,1844.65000000,1870.89000000,36835.32730000,1746112499999999,68465227.59916300,84396,24838.93410000,46151626.83439900,0
1746112500000000,1870.88000000,1873.14000000,1860.40000000,1863.56000000,29323.72700000,1746113399999999,54724854.42129700,78063,14868.31480000,27749927.06363800,0
1746113400000000,1863.57000000,1870.63000000,1858.80000000,1859.86000000,10452.02550000,1746114299999999,19480272.56842100,49616,6046.02090000,11274746.48682900,0
1746114300000000,1859.86000000,1861.16000000,1850.02000000,1852.99000000,8768.80490000,1746115199999999,16262862.48370400,36125,3549.05980000,6583023.68411400,0
1746115200000000,1853.00000000,1861.94000000,1852.22000000,1858.65000000,7089.41080000,1746116099999999,13167466.14950200,32449,4307.23750000,8001507.06999500,0
1746116100000000,1858.64000000,1863.61000000,1853.20000000,1862.00000000,4689.91490000,1746116999999999,8719490.37032900,28365,2859.67150000,5316826.24756700,0
1746117000000000,1861.99000000,1870.25000000,1860.90000000,1868.91000000,5677.57790000,1746117899999999,10590021.33146200,31684,3551.78010000,6624672.41275100,0
1746117900000000,1868.90000000,1868.90000000,1858.58000000,1859.70000000,4564.72690000,1746118799999999,8503970.54666300,26695,2194.29150000,4087604.69010400,0
1746118800000000,1859.70000000,1862.60000000,1859.17000000,1859.44000000,3988.04740000,1746119699999999,7420486.59029100,23232,1876.39860000,3491356.38646500,0
1746119700000000,1859.44000000,1864.88000000,1855.94000000,1856.89000000,4620.48900000,1746120599999999,8595038.83450100,27575,1990.83670000,3703728.01837200,0
1746120600000000,1856.89000000,1858.84000000,1846.41000000,1848.64000000,5749.91930000,1746121499999999,10649144.76387100,36466,2398.22130000,4442510.93791700,0
1746121500000000,1848.65000000,1856.32000000,1847.30000000,1856.11000000,3913.69710000,1746122399999999,7249471.14220100,22718,2094.21080000,3879817.39356600,0
1746122400000000,1856.11000000,1856.35000000,1850.95000000,1851.01000000,2741.34530000,1746123299999999,5080482.52209100,17313,1369.77350000,2538464.31292200,0
1746123300000000,1851.00000000,1853.64000000,1847.75000000,1850.31000000,2701.48090000,1746124199999999,4997820.33267200,20533,1355.33510000,2507377.75024300,0
1746124200000000,1850.30000000,1854.44000000,1848.80000000,1853.39000000,6135.47030000,1746125099999999,11368685.64123400,23204,2377.20440000,4403985.37999400,0
1746125100000000,1853.40000000,1858.40000000,1853.37000000,1856.00000000,4257.14470000,1746125999999999,7899966.69254000,19493,2394.35080000,4443180.57223400,0
1746126000000000,1855.99000000,1856.09000000,1847.07000000,1848.37000000,3141.74380000,1746126899999999,5819531.11379800,19295,1047.02020000,1938622.06975600,0
1746126900000000,1848.37000000,1851.40000000,1847.12000000,1849.98000000,3606.97070000,1746127799999999,6670533.74487100,17691,2366.36780000,4376374.39787900,0
1746127800000000,1849.98000000,1850.61000000,1847.50000000,1848.83000000,2487.97940000,1746128699999999,4600980.60757100,15805,1252.92100000,2316986.61160900,0
1746128700000000,1848.82000000,1853.41000000,1838.49000000,1842.82000000,5937.59940000,1746129599999999,10955779.74901600,32393,2323.54320000,4288112.59728600,0
1746129600000000,1842.89000000,1847.28000000,1838.44000000,1847.22000000,4364.47040000,1746130499999999,8040777.50568000,32526,2215.87220000,4082308.27699300,0
1746130500000000,1847.22000000,1851.01000000,1845.57000000,1846.74000000,2707.69550000,1746131399999999,5004217.47241000,19351,1360.75750000,2515160.74356100,0
1746131400000000,1846.74000000,1848.76000000,1840.34000000,1841.28000000,3526.34510000,1746132299999999,6504300.50394300,25614,1382.12860000,2549844.68132600,0
1746132300000000,1841.27000000,1841.56000000,1836.94000000,1839.41000000,3498.85400000,1746133199999999,6435092.11911400,21766,1547.27240000,2845981.55050000,0
1746133200000000,1839.40000000,1847.59000000,1839.40000000,1846.91000000,2113.64930000,1746134099999999,3896918.62392900,10761,1254.23560000,2312276.31938300,0
1746134100000000,1846.90000000,1847.30000000,1843.45000000,1844.90000000,1006.40700000,1746134999999999,1856316.51327600,7029,595.07090000,1097602.59103300,0
1746135000000000,1844.90000000,1849.31000000,1840.89000000,1848.19000000,1646.53250000,1746135899999999,3038283.70825400,14637,1006.29850000,1856936.18709200,0
1746135900000000,1848.19000000,1849.06000000,1843.12000000,1843.79000000,2072.87060000,1746136799999999,3827007.40820200,13103,941.65440000,1738625.82805300,0
1746136800000000,1843.80000000,1845.74000000,1841.55000000,1845.73000000,1648.11300000,1746137699999999,3038610.16935000,23136,865.92590000,1596303.42873300,0
1746137700000000,1845.73000000,1846.05000000,1841.38000000,1842.65000000,1253.29340000,1746138599999999,2310847.43123400,12893,528.34060000,974132.32787400,0
1746138600000000,1842.65000000,1842.97000000,1838.68000000,1839.44000000,1525.50330000,1746139499999999,2807020.83472200,13725,651.30870000,1198383.85549900,0
1746139500000000,1839.44000000,1840.18000000,1837.60000000,1838.71000000,1477.25940000,1746140399999999,2716766.84927800,10346,692.00680000,1272642.57211000,0
1746140400000000,1838.71000000,1840.46000000,1833.50000000,1835.87000000,3022.10240000,1746141299999999,5549337.94861700,16648,1590.74520000,2920730.53609500,0
1746141300000000,1835.87000000,1840.94000000,1835.87000000,1838.69000000,1266.91950000,1746142199999999,2329900.63103600,12238,589.37700000,1083952.86115700,0
1746142200000000,1838.69000000,1838.69000000,1834.14000000,1836.83000000,1270.47580000,1746143099999999,2332202.63287000,13758,458.78510000,842141.51345600,0
1746143100000000,1836.83000000,1839.90000000,1835.76000000,1838.11000000,1001.23770000,1746143999999999,1840512.57319300,11462,504.64750000,927616.61337300,0
1746144000000000,1838.10000000,1842.41000000,1835.77000000,1838.07000000,3411.93480000,1746144899999999,6276171.72957600,23628,1776.12530000,3267265.31404500,0
1746144900000000,1838.07000000,1847.40000000,1835.10000000,1847.09000000,3173.35860000,1746145799999999,5846721.51313700,22638,2163.87510000,3986892.30814400,0
1746145800000000,1847.10000000,1850.61000000,1840.76000000,1843.56000000,2710.96480000,1746146699999999,5003733.30692100,28482,1329.15620000,2453606.95137400,0
1746146700000000,1843.56000000,1848.30000000,1843.10000000,1847.75000000,1679.66870000,1746147599999999,3101460.98235100,13558,985.57760000,1819892.93795500,0
1746147600000000,1847.75000000,1850.78000000,1845.30000000,1846.94000000,3178.92070000,1746148499999999,5874974.12167700,23927,1836.19090000,3393294.93932900,0
1746148500000000,1846.94000000,1851.30000000,1845.16000000,1845.40000000,2822.33300000,1746149399999999,5217710.40992800,22286,1215.99590000,2248013.26255200,0
1746149400000000,1845.40000000,1845.59000000,1839.00000000,1841.42000000,3091.75550000,1746150299999999,5698206.64744800,23106,1203.14870000,2217437.41719500,0
1746150300000000,1841.43000000,1844.58000000,1839.69000000,1842.72000000,1889.02250000,1746151199999999,3479212.71439400,17369,905.60930000,1668090.82517100,0
1746151200000000,1842.71000000,1843.40000000,1839.20000000,1843.20000000,2091.74640000,1746152099999999,3851288.81326500,21699,1212.36090000,2232136.84567900,0
1746152100000000,1843.20000000,1849.34000000,1842.10000000,1848.06000000,1725.07840000,1746152999999999,3184363.24950500,18161,1168.93780000,2157862.31330300,0
1746153000000000,1848.07000000,1849.60000000,1846.34000000,1847.09000000,2018.85840000,1746153899999999,3730628.78949700,17165,857.61310000,1584984.12360500,0
1746153900000000,1847.10000000,1849.75000000,1846.11000000,1846.80000000,1501.69410000,1746154799999999,2775048.56292700,10629,663.24990000,1225774.66653300,0
1746154800000000,1846.81000000,1850.40000000,1846.74000000,1848.82000000,1998.13880000,1746155699999999,3693851.43371100,13393,1007.99280000,1863175.22951200,0
1746155700000000,1848.82000000,1849.01000000,1843.80000000,1845.62000000,1943.62510000,1746156599999999,3586973.07072600,16560,1070.16580000,1974935.32735600,0
1746156600000000,1845.63000000,1850.09000000,1845.62000000,1848.76000000,1677.64870000,1746157499999999,3100212.45478000,15978,1005.66820000,1858311.21200300,0
1746157500000000,1848.77000000,1850.77000000,1847.14000000,1847.74000000,1523.80610000,1746158399999999,2817395.25126800,14048,993.42710000,1836757.55663500,0
1746158400000000,1847.74000000,1851.79000000,1846.10000000,1846.58000000,4037.26950000,1746159299999999,7464056.91315900,24956,2455.40420000,4539862.00997700,0
1746159300000000,1846.59000000,1849.26000000,1845.46000000,1845.86000000,1939.36650000,1746160199999999,3581927.40752700,12467,1309.57410000,2418689.29476100,0
1746160200000000,1845.85000000,1845.86000000,1839.40000000,1841.10000000,3592.28850000,1746161099999999,6617631.41311000,19998,1900.20340000,3500106.47052100,0
1746161100000000,1841.10000000,1843.98000000,1839.68000000,1841.49000000,2014.55530000,1746161999999999,3709939.19691300,14043,1103.32650000,2031689.95905700,0
1746162000000000,1841.50000000,1844.20000000,1840.71000000,1842.27000000,1709.40260000,1746162899999999,3149832.30397500,12568,1108.25510000,2042172.14138700,0
1746162900000000,1842.28000000,1842.28000000,1835.41000000,1837.81000000,7637.73760000,1746163799999999,14034282.32201300,27254,5015.47670000,9215135.00392200,0
1746163800000000,1837.81000000,1839.36000000,1833.19000000,1836.42000000,4010.85360000,1746164699999999,7360996.02432600,15691,1458.30500000,2676902.68375500,0
1746164700000000,1836.42000000,1839.40000000,1828.96000000,1832.10000000,6792.66820000,1746165599999999,12449167.53933700,26237,2773.23620000,5081644.64454400,0
1746165600000000,1832.10000000,1834.90000000,1829.61000000,1832.99000000,4737.37670000,1746166499999999,8680120.29527200,24600,3023.35920000,5539499.71198500,0
1746166500000000,1833.00000000,1836.06000000,1828.48000000,1835.78000000,3737.89590000,1746167399999999,6845269.75649400,18484,1254.96010000,2299220.92752800,0
1746167400000000,1835.78000000,1837.40000000,1830.23000000,1830.23000000,6058.28410000,1746168299999999,11116508.26810000,24302,1841.06870000,3378518.14430300,0
1746168300000000,1830.23000000,1832.52000000,1829.30000000,1832.23000000,2390.13490000,1746169199999999,4376711.38593200,17397,1036.84150000,1898458.75653400,0
1746169200000000,1832.24000000,1832.24000000,1819.54000000,1821.70000000,12950.53600000,1746170099999999,23621650.37829300,49146,5668.17980000,10339520.56676800,0
1746170100000000,1821.69000000,1825.99000000,1818.80000000,1823.00000000,5249.78220000,1746170999999999,9570290.13276900,27426,1957.34980000,3568259.01515400,0
1746171000000000,1823.00000000,1824.35000000,1816.37000000,1819.09000000,6181.72130000,1746171899999999,11246974.36892000,28889,2035.91590000,3703892.56794600,0
1746171900000000,1819.09000000,1821.17000000,1816.22000000,1816.32000000,4160.18080000,1746172799999999,7567415.23416500,20574,1917.25620000,3487620.07900900,0
1746172800000000,1816.33000000,1821.00000000,1813.00000000,1819.98000000,12833.04970000,1746173699999999,23300978.59311800,28873,8657.09010000,15717546.28106000,0
1746173700000000,1819.99000000,1823.30000000,1818.90000000,1821.89000000,3883.97900000,1746174599999999,7074096.59145900,19551,2485.43350000,4526686.51701600,0
1746174600000000,1821.88000000,1826.59000000,1820.74000000,1823.71000000,2740.17140000,1746175499999999,4999012.13580300,18515,1541.82990000,2812621.71809800,0
1746175500000000,1823.71000000,1824.93000000,1821.73000000,1823.69000000,2919.16110000,1746176399999999,5322497.20839000,16403,1291.87520000,2355344.28872300,0
1746176400000000,1823.70000000,1827.30000000,1821.55000000,1826.66000000,3401.92720000,1746177299999999,6208932.32190200,15897,1391.42230000,2539264.22755700,0
1746177300000000,1826.67000000,1826.87000000,1822.18000000,1824.57000000,1834.56380000,1746178199999999,3347048.75222400,12165,715.05690000,1304687.56640500,0
1746178200000000,1824.58000000,1824.76000000,1822.00000000,1822.54000000,3212.13520000,1746179099999999,5855268.16925200,12102,1403.56370000,2558457.07643300,0
1746179100000000,1822.53000000,1826.00000000,1820.44000000,1820.68000000,2322.34990000,1746179999999999,4233495.24614400,11651,849.60990000,1549152.73596400,0
1746180000000000,1820.68000000,1824.87000000,1820.68000000,1823.70000000,1921.00260000,1746180899999999,3502273.32051800,12687,949.73150000,1731341.43934300,0
1746180900000000,1823.70000000,1825.24000000,1821.21000000,1824.61000000,2206.05420000,1746181799999999,4022775.17476900,14356,946.89890000,1726724.15320600,0
1746181800000000,1824.60000000,1832.01000000,1824.60000000,1830.51000000,10229.78890000,1746182699999999,18708675.54225400,26498,6923.96730000,12662685.59902700,0
1746182700000000,1830.50000000,1835.18000000,1828.23000000,1829.28000000,5110.65590000,1746183599999999,9361566.34091300,20269,2910.81120000,5331805.13009500,0
1746183600000000,1829.29000000,1834.15000000,1829.28000000,1833.96000000,3077.08930000,1746184499999999,5637421.98679000,16405,1502.51390000,2752557.07401100,0
1746184500000000,1833.97000000,1835.53000000,1831.56000000,1832.53000000,4207.34780000,1746185399999999,7715537.29186600,15991,1790.24440000,3282628.77062300,0
1746185400000000,1832.53000000,1833.30000000,1830.44000000,1832.39000000,2693.02820000,1746186299999999,4933429.40811600,10687,1302.19380000,2385449.76294800,0
1746186300000000,1832.39000000,1834.29000000,1830.61000000,1833.39000000,1613.59930000,1746187199999999,2957332.43913700,9420,557.48090000,1021490.38435600,0
1746187200000000,1833.39000000,1836.48000000,1830.48000000,1830.99000000,3307.79270000,1746188099999999,6066151.06994000,13172,1108.76960000,2033465.58229400,0
1746188100000000,1831.00000000,1833.64000000,1828.90000000,1833.33000000,4735.83520000,1746188999999999,8673230.78133000,17378,2453.08630000,4493454.08787600,0
1746189000000000,1833.34000000,1844.73000000,1823.34000000,1833.79000000,20947.05870000,1746189899999999,38443673.75551100,61499,10802.00550000,19827291.75482000,0
1746189900000000,1833.80000000,1841.26000000,1833.19000000,1841.23000000,6047.87090000,1746190799999999,11116756.87560000,28753,3597.77070000,6613832.45710600,0
1746190800000000,1841.22000000,1842.53000000,1833.10000000,1833.40000000,5143.42060000,1746191699999999,9451862.86786900,26604,2290.15050000,4208264.74741100,0
1746191700000000,1833.39000000,1836.80000000,1833.01000000,1835.35000000,3096.50970000,1746192599999999,5681067.59346000,16901,1524.82960000,2797415.64764800,0
1746192600000000,1835.36000000,1840.00000000,1829.25000000,1834.78000000,6776.29440000,1746193499999999,12426797.05198900,44275,3169.06020000,5812023.74280400,0
1746193500000000,1834.79000000,1837.10000000,1831.62000000,1833.82000000,7039.51400000,1746194399999999,12911625.62788200,33377,3197.18010000,5864594.62263700,0
1746194400000000,1833.82000000,1842.60000000,1833.82000000,1837.91000000,6561.73520000,1746195299999999,12062830.08015300,34604,3930.40320000,7225182.04870700,0
1746195300000000,1837.90000000,1845.83000000,1836.20000000,1844.58000000,7875.53260000,1746196199999999,14507802.59816800,35548,5230.27360000,9635764.33182700,0
1746196200000000,1844.59000000,1851.42000000,1841.55000000,1842.69000000,9564.43290000,1746197099999999,17664963.76064200,50967,5898.83110000,10895688.44279000,0
1746197100000000,1842.69000000,1851.87000000,1841.80000000,1848.90000000,12067.19100000,1746197999999999,22304025.04731600,39553,6501.17640000,12014329.21272400,0
1746198000000000,1848.91000000,1854.50000000,1844.10000000,1844.55000000,5883.66220000,1746198899999999,10883133.76160400,35707,3407.74840000,6305230.14806100,0
1746198900000000,1844.56000000,1847.40000000,1832.27000000,1836.10000000,9948.20550000,1746199799999999,18290394.50955700,36674,4903.33180000,9015219.19051400,0
1746199800000000,1836.10000000,1841.64000000,1834.13000000,1841.11000000,3246.82740000,1746200699999999,5969296.23512400,27335,1931.28820000,3550992.50922700,0
1746200700000000,1841.12000000,1842.49000000,1837.18000000,1841.12000000,3478.96470000,1746201599999999,6399788.24403900,19582,1341.84860000,2469581.96828400,0
1746201600000000,1841.11000000,1871.00000000,1841.11000000,1861.84000000,29662.06010000,1746202499999999,55187952.17066600,83251,18681.29430000,34758596.49721800,0
1746202500000000,1861.85000000,1868.00000000,1857.17000000,1858.07000000,7376.37280000,1746203399999999,13742158.31073800,39022,3350.57600000,6243681.21293800,0
1746203400000000,1858.06000000,1860.31000000,1853.80000000,1856.83000000,6504.96660000,1746204299999999,12078678.34086200,32562,2862.73250000,5316001.94691000,0
1746204300000000,1856.82000000,1856.82000000,1850.63000000,1852.51000000,3504.58540000,1746205199999999,6495285.91511600,21370,1943.92590000,3602664.25698200,0
1746205200000000,1852.51000000,1852.60000000,1841.70000000,1845.00000000,5949.30000000,1746206099999999,10983971.19858500,32318,3668.75320000,6772989.14689200,0
1746206100000000,1845.00000000,1852.16000000,1844.36000000,1850.20000000,5609.13700000,1746206999999999,10361584.47635700,21676,3633.88700000,6711674.92401000,0
1746207000000000,1850.21000000,1851.79000000,1846.11000000,1847.99000000,1925.31430000,1746207899999999,3560665.13037100,20096,825.87830000,1527418.87652700,0
1746207900000000,1847.99000000,1853.50000000,1847.32000000,1852.35000000,1764.97810000,1746208799999999,3266950.43651100,16387,1027.24030000,1901561.25041700,0
1746208800000000,1852.36000000,1855.63000000,1851.55000000,1853.99000000,1939.30880000,1746209699999999,3595181.41602700,18982,950.30760000,1761734.56769400,0
1746209700000000,1854.00000000,1855.29000000,1850.27000000,1850.70000000,2911.39520000,1746210599999999,5393817.31070400,15856,1533.73320000,2841753.02924100,0
1746210600000000,1850.70000000,1854.08000000,1850.17000000,1851.72000000,2141.34910000,1746211499999999,3965895.73767500,15171,1280.84320000,2372303.48714700,0
1746211500000000,1851.73000000,1852.62000000,1845.10000000,1849.02000000,2404.06060000,1746212399999999,4444170.33550000,19092,1186.29320000,2193020.92997700,0
1746212400000000,1849.01000000,1850.85000000,1845.64000000,1846.44000000,3309.14280000,1746213299999999,6115384.80166500,17699,1548.03270000,2861495.24365500,0
1746213300000000,1846.44000000,1849.60000000,1844.43000000,1848.90000000,2646.59980000,1746214199999999,4887918.44539000,13779,1090.44270000,2014056.25675800,0
1746214200000000,1848.90000000,1848.90000000,1837.61000000,1839.94000000,3971.03480000,1746215099999999,7314503.48111700,21921,1461.83650000,2692480.47030800,0
1746215100000000,1839.93000000,1841.29000000,1831.70000000,1839.68000000,4780.83410000,1746215999999999,8782106.02450300,33406,2417.12260000,4441048.26818700,0
1746216000000000,1839.68000000,1843.57000000,1835.65000000,1843.56000000,3000.28310000,1746216899999999,5522258.76258100,17228,1743.13680000,3209072.55997100,0
1746216900000000,1843.57000000,1845.06000000,1840.92000000,1844.38000000,1315.38790000,1746217799999999,2424257.24221800,9803,732.22930000,1349692.30283900,0
1746217800000000,1844.39000000,1848.50000000,1844.00000000,1845.90000000,2348.30880000,1746218699999999,4335099.16773500,13352,1341.10710000,2475943.72731700,0
1746218700000000,1845.89000000,1847.80000000,1845.30000000,1846.81000000,1503.13340000,1746219599999999,2775931.52261600,9709,904.74460000,1670808.19885400,0
1746219600000000,1846.81000000,1846.81000000,1843.08000000,1843.27000000,1058.63040000,1746220499999999,1953316.33038400,6617,432.42690000,797957.42276100,0
1746220500000000,1843.26000000,1844.58000000,1840.08000000,1843.57000000,2379.59850000,1746221399999999,4382881.08801100,6941,573.34620000,1056489.13674300,0
1746221400000000,1843.56000000,1845.95000000,1840.00000000,1840.25000000,1233.55140000,1746222299999999,2273621.98213400,8588,553.06950000,1019650.16616900,0
1746222300000000,1840.26000000,1840.95000000,1833.10000000,1837.54000000,3725.53010000,1746223199999999,6840010.90182400,16316,2010.62780000,3690854.82904900,0
1746223200000000,1837.54000000,1839.97000000,1834.65000000,1835.77000000,1977.06880000,1746224099999999,3631877.11552500,17520,906.79790000,1665845.48785500,0
1746224100000000,1835.76000000,1838.27000000,1832.49000000,1836.41000000,3040.22010000,1746224999999999,5578382.05470500,12430,1211.40350000,2223368.39110300,0
1746225000000000,1836.41000000,1838.00000000,1834.20000000,1834.82000000,1777.93400000,1746225899999999,3264726.91570800,13333,796.95050000,1463279.50855200,0
1746225900000000,1834.83000000,1836.92000000,1834.41000000,1835.20000000,942.25470000,1746226799999999,1729380.82036400,12627,511.55850000,938867.22216600,0
1746226800000000,1835.20000000,1840.12000000,1834.48000000,1839.48000000,1885.47280000,1746227699999999,3463661.21266700,13501,1140.50810000,2094798.54547900,0
1746227700000000,1839.47000000,1841.70000000,1838.21000000,1838.81000000,2439.42290000,1746228599999999,4488568.42809600,11147,911.92580000,1677740.49406000,0
1746228600000000,1838.80000000,1841.71000000,1838.54000000,1840.68000000,1148.61880000,1746229499999999,2113908.90981600,12808,702.77730000,1293375.30626300,0
1746229500000000,1840.68000000,1842.72000000,1839.35000000,1842.20000000,926.66030000,1746230399999999,1706021.95849500,8357,506.91570000,933297.94816600,0
1746230400000000,1842.20000000,1842.50000000,1840.00000000,1841.11000000,1266.47070000,1746231299999999,2332007.09269800,13158,616.82270000,1135776.80445400,0
1746231300000000,1841.12000000,1843.05000000,1838.21000000,1839.09000000,1143.76580000,1746232199999999,2105545.70312600,9853,423.80480000,780243.85267600,0
1746232200000000,1839.08000000,1842.51000000,1838.45000000,1838.94000000,1517.04790000,1746233099999999,2791632.57197100,12151,789.02340000,1452134.08082500,0
1746233100000000,1838.95000000,1839.80000000,1836.20000000,1838.70000000,1433.06050000,1746233999999999,2633853.32309700,11554,649.57920000,1193895.92926400,0
1746234000000000,1838.69000000,1840.50000000,1834.32000000,1834.93000000,2306.11820000,1746234899999999,4234853.34701500,11726,696.97490000,1279865.11579100,0
1746234900000000,1834.94000000,1836.67000000,1833.10000000,1833.51000000,2518.90010000,1746235799999999,4622068.36199800,11991,690.82120000,1267572.56330100,0
1746235800000000,1833.52000000,1833.70000000,1826.58000000,1828.46000000,4393.48130000,1746236699999999,8037188.89536900,26033,1435.72990000,2626106.93393900,0
1746236700000000,1828.46000000,1829.07000000,1827.00000000,1829.00000000,1397.05840000,1746237599999999,2554162.34820300,10474,715.73830000,1308503.34619500,0
1746237600000000,1829.00000000,1832.94000000,1828.73000000,1832.88000000,1154.13300000,1746238499999999,2113257.14063300,9742,643.79380000,1178699.37467500,0
1746238500000000,1832.89000000,1835.00000000,1831.80000000,1834.65000000,1077.38620000,1746239399999999,1975244.63467800,9943,635.71680000,1165434.84622500,0
1746239400000000,1834.66000000,1835.74000000,1831.69000000,1832.30000000,4709.05570000,1746240299999999,8630155.71486700,12196,3162.97290000,5795779.65638800,0
1746240300000000,1832.30000000,1834.89000000,1831.13000000,1833.89000000,906.18470000,1746241199999999,1661479.00283600,10077,361.37100000,662553.49108600,0
1746241200000000,1833.90000000,1836.00000000,1833.10000000,1833.10000000,1022.82450000,1746242099999999,1876743.52276100,9861,482.93090000,886130.86025900,0
1746242100000000,1833.10000000,1834.66000000,1831.20000000,1834.28000000,1011.91460000,1746242999999999,1854966.36833200,9841,417.83770000,765940.10814800,0
1746243000000000,1834.27000000,1836.60000000,1833.12000000,1836.25000000,1373.91060000,1746243899999999,2520902.66837500,8318,638.51270000,1171595.69303300,0
1746243900000000,1836.25000000,1837.99000000,1834.52000000,1834.80000000,1374.43360000,1746244799999999,2523401.58471800,10797,734.72950000,1348899.58153000,0
1746244800000000,1834.80000000,1836.60000000,1833.80000000,1836.50000000,1875.44610000,1746245699999999,3442217.99540100,9552,1394.11940000,2558738.89945600,0
1746245700000000,1836.50000000,1837.88000000,1834.00000000,1837.03000000,1154.21530000,1746246599999999,2119752.89759500,11098,599.10830000,1100305.03274500,0
1746246600000000,1837.03000000,1838.69000000,1836.53000000,1837.88000000,681.88190000,1746247499999999,1253070.66405500,7861,393.03620000,722228.15564100,0
1746247500000000,1837.89000000,1839.30000000,1836.72000000,1838.00000000,1289.13470000,1746248399999999,2369490.29807100,7663,573.07720000,1053256.92490200,0
1746248400000000,1838.00000000,1838.50000000,1835.10000000,1835.43000000,797.02260000,1746249299999999,1463777.45825400,4950,423.69210000,778088.02427900,0
1746249300000000,1835.43000000,1838.03000000,1835.43000000,1836.29000000,1018.16470000,1746250199999999,1869909.39714100,6243,627.38930000,1152248.24066700,0
1746250200000000,1836.28000000,1836.39000000,1833.88000000,1836.38000000,867.29040000,1746251099999999,1591628.25945800,6531,427.78430000,785022.93218400,0
1746251100000000,1836.38000000,1836.39000000,1833.00000000,1833.19000000,872.40280000,1746251999999999,1600220.86045600,6204,339.29520000,622244.04491100,0
1746252000000000,1833.18000000,1833.42000000,1828.55000000,1829.61000000,2396.53300000,1746252899999999,4387302.15998100,11777,758.88740000,1389511.97505400,0
1746252900000000,1829.61000000,1829.61000000,1824.60000000,1825.74000000,4768.92520000,1746253799999999,8709603.22151200,15972,1602.85420000,2926847.20386100,0
1746253800000000,1825.74000000,1829.62000000,1824.69000000,1829.61000000,2293.55270000,1746254699999999,4191668.39555100,10713,1424.09460000,2602444.37457800,0
1746254700000000,1829.62000000,1831.00000000,1825.49000000,1827.28000000,1583.96060000,1746255599999999,2895754.33850500,8424,1039.01820000,1899377.71138800,0
1746255600000000,1827.28000000,1829.89000000,1826.12000000,1828.61000000,1729.23830000,1746256499999999,3161252.24658500,8626,1131.12310000,2067702.67801900,0
1746256500000000,1828.61000000,1829.20000000,1825.00000000,1825.88000000,1829.66500000,1746257399999999,3342048.77986600,8321,972.43300000,1775905.79229500,0
1746257400000000,1825.88000000,1828.49000000,1825.88000000,1827.21000000,1288.41530000,1746258299999999,2354028.86758500,8002,871.44710000,1592127.32034500,0
1746258300000000,1827.21000000,1828.82000000,1825.99000000,1826.41000000,1754.36790000,1746259199999999,3205754.92091000,7030,1090.48560000,1992569.59164400,0
1746259200000000,1826.41000000,1826.41000000,1822.32000000,1823.80000000,2971.98010000,1746260099999999,5421420.50237200,10835,1616.95730000,2949484.79031000,0
1746260100000000,1823.80000000,1827.20000000,1823.69000000,1827.17000000,2069.21000000,1746260999999999,3777324.67008100,9500,1358.52300000,2479938.96584100,0
1746261000000000,1827.18000000,1830.00000000,1827.00000000,1827.41000000,2246.79040000,1746261899999999,4107415.21663700,9847,1371.23220000,2506706.12512700,0
1746261900000000,1827.40000000,1828.20000000,1824.58000000,1825.30000000,1836.92130000,1746262799999999,3353680.64935300,6614,1227.73900000,2241429.07565700,0
1746262800000000,1825.31000000,1825.60000000,1822.20000000,1824.19000000,1995.91770000,1746263699999999,3640691.71836200,8102,1090.73490000,1989538.29955500,0
1746263700000000,1824.19000000,1828.41000000,1823.62000000,1826.45000000,2675.97680000,1746264599999999,4887583.59405900,12005,1643.05210000,3000692.89603300,0
1746264600000000,1826.44000000,1827.30000000,1825.17000000,1825.21000000,1598.15340000,1746265499999999,2917930.68572300,5621,1042.43700000,1903156.43853200,0
1746265500000000,1825.21000000,1827.66000000,1819.26000000,1827.40000000,4611.19140000,1746266399999999,8407403.35580100,17985,2261.77370000,4125078.35569000,0
1746266400000000,1827.40000000,1828.19000000,1822.60000000,1827.30000000,2293.50980000,1746267299999999,4187493.47032400,16129,1297.21030000,2368358.36087300,0
1746267300000000,1827.30000000,1830.51000000,1826.00000000,1826.49000000,2849.82360000,1746268199999999,5211122.57347700,22390,1691.42020000,3093006.15585900,0
1746268200000000,1826.48000000,1828.09000000,1823.10000000,1824.20000000,2247.29430000,1746269099999999,4100482.15251000,16283,1138.16980000,2076698.85556800,0
1746269100000000,1824.20000000,1826.47000000,1817.63000000,1819.45000000,3325.83930000,1746269999999999,6060654.11906300,18566,1475.58650000,2689773.82270300,0
1746270000000000,1819.44000000,1822.03000000,1818.74000000,1821.93000000,3464.26020000,1746270899999999,6307165.47452300,14278,2167.93080000,3946765.54256800,0
1746270900000000,1821.93000000,1825.00000000,1820.63000000,1823.91000000,1444.93570000,1746271799999999,2634425.84354900,8423,777.40400000,1417338.49337500,0
1746271800000000,1823.90000000,1826.37000000,1822.00000000,1823.11000000,1778.10760000,1746272699999999,3243640.78226400,12227,796.92110000,1453691.14662200,0
1746272700000000,1823.11000000,1825.60000000,1822.46000000,1824.10000000,1470.44940000,1746273599999999,2682000.21193300,9846,664.36090000,1211730.51632600,0
1746273600000000,1824.10000000,1825.94000000,1823.74000000,1824.70000000,1895.87620000,1746274499999999,3459960.72864700,11259,807.95660000,1474537.47811800,0
1746274500000000,1824.69000000,1832.00000000,1824.69000000,1830.20000000,3098.30880000,1746275399999999,5667875.43805700,14275,2036.92900000,3725972.04326400,0
1746275400000000,1830.21000000,1832.78000000,1828.64000000,1831.18000000,2241.99880000,1746276299999999,4105025.23853400,13240,1024.04860000,1874685.29681500,0
1746276300000000,1831.18000000,1832.00000000,1829.59000000,1829.59000000,1756.64150000,1746277199999999,3215655.30844300,9180,593.47410000,1086295.63671400,0
1746277200000000,1829.59000000,1832.55000000,1829.08000000,1831.68000000,1914.47610000,1746278099999999,3506350.65526100,10562,811.03230000,1485322.37936300,0
1746278100000000,1831.69000000,1835.73000000,1831.69000000,1835.71000000,3126.69020000,1746278999999999,5735776.40773400,12265,1306.51860000,2396324.00388800,0
1746279000000000,1835.70000000,1836.90000000,1833.30000000,1835.41000000,2582.24900000,1746279899999999,4738304.64189800,11527,993.48510000,1823271.68184000,0
1746279900000000,1835.41000000,1836.89000000,1833.93000000,1835.20000000,1590.86890000,1746280799999999,2919617.30907300,8440,570.25470000,1046555.22872500,0
1746280800000000,1835.19000000,1837.41000000,1832.68000000,1832.89000000,3291.42690000,1746281699999999,6041805.63432200,12503,1987.31030000,3648740.50639600,0
1746281700000000,1832.89000000,1835.57000000,1832.72000000,1832.73000000,1297.81420000,1746282599999999,2380455.43215700,7131,501.22610000,919377.83951700,0
1746282600000000,1832.72000000,1834.90000000,1831.59000000,1834.42000000,1706.24320000,1746283499999999,3128063.13077500,11768,696.81950000,1277353.50397600,0
1746283500000000,1834.42000000,1836.18000000,1833.40000000,1835.20000000,2609.23510000,1746284399999999,4788270.11190800,9981,1658.78180000,3044157.67627300,0
1746284400000000,1835.20000000,1840.12000000,1835.20000000,1836.89000000,4764.13970000,1746285299999999,8754240.03082200,16486,2375.25330000,4364548.31167600,0
1746285300000000,1836.90000000,1838.55000000,1836.10000000,1836.11000000,1323.73570000,1746286199999999,2431697.44830500,10109,544.03400000,999354.42560500,0
1746286200000000,1836.10000000,1838.55000000,1835.65000000,1836.36000000,1195.38650000,1746287099999999,2196014.01687000,7731,411.18630000,755375.42581500,0
1746287100000000,1836.35000000,1836.36000000,1833.14000000,1834.53000000,1011.74730000,1746287999999999,1856382.67783200,6846,322.49560000,591671.01358300,0
1746288000000000,1834.53000000,1835.29000000,1830.23000000,1830.79000000,2827.03190000,1746288899999999,5178533.96497600,11253,1100.93930000,2016642.75444800,0
1746288900000000,1830.80000000,1832.74000000,1829.70000000,1832.22000000,1700.36320000,1746289799999999,3113792.78812800,11357,858.84820000,1572785.83552200,0
1746289800000000,1832.22000000,1832.23000000,1825.00000000,1827.95000000,2500.07520000,1746290699999999,4568337.56377500,20798,926.48470000,1692813.83071100,0
1746290700000000,1827.94000000,1828.50000000,1823.42000000,1827.11000000,2030.26660000,1746291599999999,3707688.17445700,11725,694.65440000,1268746.26029300,0
1746291600000000,1827.11000000,1827.56000000,1810.00000000,1818.64000000,12217.45060000,1746292499999999,22190695.90162900,47875,4886.84070000,8874645.39926400,0
1746292500000000,1818.64000000,1820.80000000,1811.54000000,1820.70000000,4186.18950000,1746293399999999,7605789.75647500,25827,2035.33200000,3697752.13313900,0
1746293400000000,1820.70000000,1820.70000000,1814.42000000,1818.53000000,2676.81110000,1746294299999999,4863735.31976800,17220,1169.01260000,2124305.51874100,0
1746294300000000,1818.52000000,1825.20000000,1818.52000000,1824.00000000,3073.66140000,1746295199999999,5603048.69671400,13724,1442.04820000,2628131.88982000,0
1746295200000000,1824.00000000,1827.18000000,1822.61000000,1826.31000000,1805.16330000,1746296099999999,3293618.27712400,11012,1043.22410000,1903372.52775100,0
1746296100000000,1826.31000000,1830.95000000,1825.94000000,1828.42000000,3735.19060000,1746296999999999,6828592.66441700,12187,2302.10860000,4208130.63757400,0
1746297000000000,1828.41000000,1828.50000000,1825.63000000,1825.81000000,1235.09440000,1746297899999999,2256721.90765500,10544,415.71430000,759549.65471600,0
1746297900000000,1825.81000000,1826.69000000,1824.31000000,1825.93000000,1572.12180000,1746298799999999,2870128.15379300,10167,479.92970000,876115.39221000,0
1746298800000000,1825.92000000,1829.80000000,1824.61000000,1828.80000000,1397.52170000,1746299699999999,2553969.56250400,10911,618.17880000,1129903.33309300,0
1746299700000000,1828.79000000,1834.12000000,1828.70000000,1834.11000000,1211.34770000,1746300599999999,2218615.93448500,8637,637.57840000,1167875.80559200,0
1746300600000000,1834.11000000,1837.50000000,1832.44000000,1835.69000000,3178.97770000,1746301499999999,5835358.71510100,14406,1551.81330000,2848405.44962900,0
1746301500000000,1835.69000000,1839.20000000,1835.68000000,1838.21000000,2303.19140000,1746302399999999,4233430.76428300,13815,1262.69710000,2320903.00134500,0
1746302400000000,1838.21000000,1839.40000000,1835.43000000,1835.43000000,1897.96280000,1746303299999999,3487824.86336700,10497,686.25380000,1261114.19994700,0
1746303300000000,1835.44000000,1838.51000000,1834.65000000,1838.51000000,1152.82650000,1746304199999999,2117018.83765200,9272,486.29330000,892975.47167700,0
1746304200000000,1838.50000000,1838.95000000,1835.60000000,1836.75000000,1163.20930000,1746305099999999,2137076.48114300,8727,500.19710000,919007.46058500,0
1746305100000000,1836.75000000,1839.67000000,1835.63000000,1838.68000000,1249.15750000,1746305999999999,2295980.76687100,8958,560.50450000,1030245.04464800,0
1746306000000000,1838.68000000,1839.39000000,1836.23000000,1838.99000000,1389.85290000,1746306899999999,2554211.07801700,8241,554.64550000,1019263.11220200,0
1746306900000000,1838.99000000,1846.59000000,1838.99000000,1846.01000000,4855.61040000,1746307799999999,8952926.87870900,17007,3141.24120000,5791282.31641200,0
1746307800000000,1846.01000000,1848.60000000,1841.58000000,1842.94000000,2569.84500000,1746308699999999,4742024.51156600,12003,776.75060000,1433511.16332900,0
1746308700000000,1842.95000000,1845.40000000,1838.45000000,1841.10000000,3012.39590000,1746309599999999,5549881.75522600,14548,1021.55850000,1881785.28509900,0
1746309600000000,1841.10000000,1842.30000000,1836.53000000,1836.92000000,3122.34570000,1746310499999999,5742585.58006600,14949,1293.76790000,2379101.97936000,0
1746310500000000,1836.92000000,1839.55000000,1835.78000000,1839.54000000,2293.38540000,1746311399999999,4215211.72924600,8826,1468.06520000,2698440.88812400,0
1746311400000000,1839.55000000,1845.54000000,1839.55000000,1845.33000000,1498.68570000,1746312299999999,2761590.44879200,7217,702.94790000,1295245.33556300,0
1746312300000000,1845.33000000,1845.34000000,1841.90000000,1842.84000000,1056.35940000,1746313199999999,1946899.44195500,8541,428.19110000,789000.54983600,0
1746313200000000,1842.84000000,1843.37000000,1840.00000000,1840.61000000,1090.80130000,1746314099999999,2009511.70708500,7767,377.24520000,694981.34798400,0
1746314100000000,1840.60000000,1841.70000000,1829.06000000,1831.23000000,5437.78100000,1746314999999999,9976355.90569200,19191,1470.98870000,2698945.20068200,0
1746315000000000,1831.24000000,1835.60000000,1828.40000000,1834.15000000,4054.04140000,1746315899999999,7431214.34016600,19605,1830.01150000,3354811.58797600,0
1746315900000000,1834.16000000,1835.93000000,1832.66000000,1833.52000000,1163.71820000,1746316799999999,2134191.58894800,10276,586.69030000,1075899.41194400,0
1746316800000000,1833.52000000,1839.94000000,1830.00000000,1839.69000000,1924.04950000,1746317699999999,3533046.01318900,11062,1232.54620000,2263646.28441900,0
1746317700000000,1839.69000000,1842.00000000,1836.37000000,1836.71000000,3678.58650000,1746318599999999,6766025.51308300,16752,1742.91910000,3206384.85943400,0
1746318600000000,1836.72000000,1837.71000000,1832.45000000,1832.71000000,1841.89510000,1746319499999999,3379213.47282300,17480,686.48360000,1259285.65939500,0
1746319500000000,1832.71000000,1839.69000000,1830.62000000,1836.60000000,2593.34130000,1746320399999999,4757966.77176600,18938,1574.78560000,2888894.45241100,0
1746320400000000,1836.59000000,1839.69000000,1834.65000000,1839.13000000,1632.70140000,1746321299999999,3000256.19614600,10999,567.35040000,1042742.19042700,0
1746321300000000,1839.13000000,1841.08000000,1836.20000000,1839.60000000,1752.27490000,1746322199999999,3222849.63408100,11923,1169.10270000,2150353.59429600,0
1746322200000000,1839.61000000,1840.43000000,1833.00000000,1833.64000000,2397.52270000,1746323099999999,4401162.49287900,14888,1021.96200000,1875844.88386100,0
1746323100000000,1833.65000000,1839.40000000,1829.31000000,1837.54000000,3819.67140000,1746323999999999,7004404.90229000,20743,1987.08970000,3644814.62709500,0
1746324000000000,1837.53000000,1849.60000000,1837.53000000,1844.96000000,4965.59420000,1746324899999999,9159158.25200500,35355,2825.27990000,5210396.17089100,0
1746324900000000,1844.95000000,1845.50000000,1840.70000000,1841.86000000,1594.72850000,1746325799999999,2938352.04032400,18746,632.91240000,1166226.70182300,0
1746325800000000,1841.86000000,1842.21000000,1830.22000000,1832.76000000,3201.92500000,1746326699999999,5876526.27057900,28075,1353.78730000,2484415.33307800,0
1746326700000000,1832.75000000,1835.14000000,1831.26000000,1834.15000000,1399.10930000,1746327599999999,2565017.16109900,15871,706.01420000,1294490.23810200,0
1746327600000000,1834.15000000,1834.15000000,1826.44000000,1829.68000000,2393.03490000,1746328499999999,4379479.93487600,21876,953.89470000,1746065.06674600,0
1746328500000000,1829.68000000,1834.61000000,1828.49000000,1834.45000000,2282.63410000,1746329399999999,4179326.48512100,14615,1283.37630000,2350536.15938900,0
1746329400000000,1834.45000000,1836.45000000,1832.63000000,1835.00000000,1026.11750000,1746330299999999,1882592.74880100,13121,627.92100000,1152113.70272600,0
1746330300000000,1835.00000000,1835.97000000,1831.71000000,1831.89000000,906.20310000,1746331199999999,1661829.59838500,14197,398.11690000,730130.33673800,0
1746331200000000,1831.89000000,1836.30000000,1831.33000000,1835.28000000,1100.38000000,1746332099999999,2017808.29462300,10166,748.60250000,1372665.44176400,0
1746332100000000,1835.27000000,1837.29000000,1834.01000000,1835.09000000,1709.28680000,1746332999999999,3138171.59431500,9130,570.18640000,1046706.40896400,0
1746333000000000,1835.09000000,1835.17000000,1829.66000000,1831.51000000,1064.91660000,1746333899999999,1950654.15388600,11934,447.54690000,819715.75321000,0
1746333900000000,1831.50000000,1832.82000000,1829.67000000,1830.63000000,838.07300000,1746334799999999,1534680.06149700,9520,308.08630000,564121.74675200,0
1746334800000000,1830.63000000,1839.00000000,1830.20000000,1838.12000000,1817.95570000,1746335699999999,3339725.58234600,17308,1119.23130000,2055842.70773000,0
1746335700000000,1838.12000000,1847.00000000,1836.00000000,1842.31000000,6785.74510000,1746336599999999,12504736.93520200,30762,4900.26170000,9029228.78962100,0
1746336600000000,1842.32000000,1846.00000000,1841.90000000,1843.95000000,2426.36260000,1746337499999999,4475482.59565300,16939,1459.35460000,2691941.18484500,0
1746337500000000,1843.94000000,1849.95000000,1843.93000000,1845.74000000,4503.99030000,1746338399999999,8319547.69981100,18339,2495.75690000,4609823.19012500,0
1746338400000000,1845.73000000,1849.20000000,1841.69000000,1843.72000000,4087.56190000,1746339299999999,7546226.69077300,17258,1620.80800000,2992093.35270700,0
1746339300000000,1843.72000000,1845.58000000,1840.29000000,1841.60000000,2897.23780000,1746340199999999,5338099.84424900,17118,1359.97500000,2505824.39209500,0
1746340200000000,1841.59000000,1843.29000000,1839.50000000,1843.29000000,1967.97740000,1746341099999999,3623385.04543100,16058,1213.33740000,2233863.32258400,0
1746341100000000,1843.29000000,1848.54000000,1842.71000000,1845.49000000,2062.39230000,1746341999999999,3806600.61986800,14779,1374.42390000,2536775.14457100,0
1746342000000000,1845.50000000,1846.55000000,1843.06000000,1846.02000000,1817.99730000,1746342899999999,3353738.82388100,8934,1172.00540000,2161995.33334900,0
1746342900000000,1846.02000000,1846.59000000,1841.10000000,1842.19000000,1713.61500000,1746343799999999,3158433.04559300,9788,843.29970000,1554058.57494000,0
1746343800000000,1842.19000000,1842.39000000,1836.31000000,1838.68000000,2295.02260000,1746344699999999,4221888.15437200,15320,798.28820000,1468018.12856700,0
1746344700000000,1838.69000000,1840.99000000,1836.53000000,1840.98000000,2204.77600000,1746345599999999,4054470.31752100,12182,1547.44680000,2845621.28558800,0
1746345600000000,1840.98000000,1841.34000000,1838.40000000,1839.00000000,1259.61990000,1746346499999999,2317240.84749700,9842,707.63760000,1301765.20142500,0
1746346500000000,1839.01000000,1839.33000000,1831.00000000,1835.15000000,3653.90980000,1746347399999999,6704095.48706500,19302,1709.76140000,3136943.30330300,0
1746347400000000,1835.15000000,1836.26000000,1830.70000000,1831.69000000,3080.10520000,1746348299999999,5647259.40060900,22428,1640.00060000,3007255.88411000,0
1746348300000000,1831.69000000,1833.66000000,1829.74000000,1831.05000000,2484.42280000,1746349199999999,4550240.26641500,14000,1315.70430000,2410136.20262500,0
1746349200000000,1831.05000000,1832.50000000,1827.72000000,1830.15000000,3077.33470000,1746350099999999,5632209.33862000,17810,1751.25560000,3205277.82741700,0
1746350100000000,1830.15000000,1831.60000000,1823.46000000,1825.06000000,4821.71530000,1746350999999999,8809472.70292700,19965,1699.28010000,3104592.55149900,0
1746351000000000,1825.05000000,1829.20000000,1823.26000000,1825.10000000,2951.60510000,1746351899999999,5390188.07685200,16369,1708.42950000,3119882.63614800,0
1746351900000000,1825.11000000,1828.71000000,1824.00000000,1827.59000000,2983.99800000,1746352799999999,5450808.67875300,15160,1700.87850000,3106849.36893500,0
1746352800000000,1827.60000000,1828.08000000,1824.47000000,1825.00000000,2225.63670000,1746353699999999,4064980.24346300,13230,1001.07670000,1828399.73955700,0
1746353700000000,1825.01000000,1826.59000000,1822.00000000,1826.48000000,2668.89660000,1746354599999999,4869704.45944500,15663,1377.27210000,2513067.07346000,0
1746354600000000,1826.48000000,1829.40000000,1825.74000000,1827.97000000,1671.96720000,1746355499999999,3056291.93334100,11693,905.91810000,1655887.08301100,0
1746355500000000,1827.97000000,1828.35000000,1826.35000000,1827.36000000,1420.11790000,1746356399999999,2595369.00492100,7485,866.77880000,1584086.10438000,0
1746356400000000,1827.36000000,1833.86000000,1826.00000000,1832.80000000,2527.09670000,1746357299999999,4625172.37013700,13895,1572.08820000,2877206.53466400,0
1746357300000000,1832.79000000,1836.23000000,1832.20000000,1832.31000000,2288.33870000,1746358199999999,4197275.81118200,13851,1342.68360000,2462832.42776600,0
1746358200000000,1832.30000000,1833.47000000,1829.84000000,1831.74000000,2407.11180000,1746359099999999,4409132.00455200,11977,808.07860000,1480111.15324100,0
1746359100000000,1831.75000000,1832.49000000,1825.64000000,1827.60000000,2127.66510000,1746359999999999,3891630.09324200,11031,744.35850000,1361015.57747100,0
1746360000000000,1827.61000000,1832.00000000,1827.04000000,1832.00000000,1686.98530000,1746360899999999,3086366.96814600,9345,1210.75780000,2215021.05493000,0
1746360900000000,1831.99000000,1832.90000000,1828.60000000,1830.57000000,1773.01400000,1746361799999999,3245112.70773700,9399,939.55070000,1719615.68059200,0
1746361800000000,1830.57000000,1832.86000000,1829.29000000,1832.06000000,2531.25950000,1746362699999999,4633930.86633100,9451,472.38110000,865038.82099700,0
1746362700000000,1832.06000000,1833.99000000,1830.10000000,1830.18000000,1318.13830000,1746363599999999,2415187.80764200,11040,610.03160000,1117748.62261200,0
1746363600000000,1830.19000000,1833.12000000,1830.00000000,1830.30000000,2512.84730000,1746364499999999,4600840.88283200,11141,1824.01310000,3339310.65960500,0
1746364500000000,1830.30000000,1830.30000000,1825.85000000,1828.76000000,2376.83030000,1746365399999999,4343280.07223300,16248,1117.55050000,2041991.32797900,0
1746365400000000,1828.75000000,1829.20000000,1821.75000000,1821.76000000,3126.48000000,1746366299999999,5706659.37062800,19834,1180.78760000,2155344.20884000,0
1746366300000000,1821.75000000,1826.47000000,1818.57000000,1825.12000000,3508.17750000,1746367199999999,6392765.84426300,18956,1128.56400000,2056923.84185800,0
1746367200000000,1825.11000000,1828.52000000,1824.47000000,1826.05000000,1287.09350000,1746368099999999,2351556.14714000,11921,658.25090000,1202695.41463100,0
1746368100000000,1826.04000000,1829.30000000,1826.00000000,1829.00000000,1319.64960000,1746368999999999,2412431.53391400,12524,614.17270000,1122614.54222800,0
1746369000000000,1828.99000000,1832.32000000,1826.41000000,1830.62000000,2642.29370000,1746369899999999,4834980.11622500,14291,1291.06890000,2363089.25281600,0
1746369900000000,1830.63000000,1832.40000000,1829.00000000,1831.21000000,1420.58430000,1746370799999999,2601438.21777100,9902,494.85200000,906138.88571400,0
1746370800000000,1831.21000000,1833.65000000,1829.79000000,1832.00000000,2097.71690000,1746371699999999,3842234.03619300,18842,983.76960000,1801751.63735400,0
1746371700000000,1832.01000000,1832.81000000,1828.00000000,1830.08000000,1978.20330000,1746372599999999,3620324.83113100,14235,778.02650000,1423838.83108400,0
1746372600000000,1830.08000000,1830.63000000,1826.48000000,1827.30000000,1844.99240000,1746373499999999,3373063.34446700,10586,736.73760000,1346761.05737100,0
1746373500000000,1827.31000000,1831.34000000,1825.70000000,1830.80000000,2719.45480000,1746374399999999,4974360.55083200,11769,1032.03600000,1887754.64292200,0
1746374400000000,1830.81000000,1833.49000000,1829.28000000,1829.97000000,2704.59210000,1746375299999999,4953315.55452000,12421,814.89040000,1492941.52966200,0
1746375300000000,1829.97000000,1831.00000000,1826.06000000,1830.84000000,3797.37390000,1746376199999999,6941655.22194900,12329,1151.24150000,2105506.40173000,0
1746376200000000,1830.83000000,1831.36000000,1824.57000000,1825.37000000,2589.31360000,1746377099999999,4732318.54944500,14992,1075.44130000,1965442.43274200,0
1746377100000000,1825.37000000,1828.40000000,1822.93000000,1827.93000000,2185.76220000,1746377999999999,3990285.46251800,13754,1166.57400000,2129813.18919400,0
1746378000000000,1827.93000000,1831.50000000,1827.30000000,1829.62000000,1766.23450000,1746378899999999,3231525.40261000,13067,933.88960000,1708508.11200200,0
1746378900000000,1829.61000000,1830.20000000,1824.57000000,1825.39000000,1458.36550000,1746379799999999,2664250.56778100,13162,446.73720000,816014.55356600,0
1746379800000000,1825.39000000,1828.13000000,1822.08000000,1827.49000000,1868.76300000,1746380699999999,3409990.71955700,15586,1085.24280000,1980458.09471200,0
1746380700000000,1827.48000000,1830.78000000,1827.45000000,1827.85000000,1653.64410000,1746381599999999,3024840.43998900,9705,796.91750000,1457841.35287400,0
1746381600000000,1827.85000000,1830.92000000,1826.58000000,1826.59000000,1397.61150000,1746382499999999,2556093.35017900,13264,566.66750000,1036506.32188200,0
1746382500000000,1826.59000000,1830.20000000,1826.59000000,1829.11000000,954.72700000,1746383399999999,1746043.67556000,12538,374.52980000,684920.36652100,0
1746383400000000,1829.12000000,1830.51000000,1827.00000000,1827.91000000,900.15150000,1746384299999999,1645968.30824500,7768,299.57780000,547699.25539500,0
1746384300000000,1827.90000000,1828.40000000,1825.58000000,1825.85000000,1202.43060000,1746385199999999,2196706.33991100,9141,361.10190000,659698.09184200,0
1746385200000000,1825.85000000,1828.61000000,1824.71000000,1825.87000000,1506.73920000,1746386099999999,2752103.49279000,11091,740.58110000,1352570.54216300,0
1746386100000000,1825.87000000,1828.49000000,1824.76000000,1827.84000000,773.03300000,1746386999999999,1411904.85981900,8022,443.69500000,810479.62268400,0
1746387000000000,1827.85000000,1830.91000000,1827.67000000,1830.70000000,1106.94660000,1746387899999999,2025493.24457800,7488,674.36860000,1233941.41255400,0
1746387900000000,1830.70000000,1831.00000000,1827.75000000,1828.40000000,867.37490000,1746388799999999,1586589.47380100,7672,416.34570000,761469.79123900,0
1746388800000000,1828.40000000,1831.00000000,1828.06000000,1830.78000000,693.01660000,1746389699999999,1268107.16283600,4877,256.76090000,469871.12124200,0
1746389700000000,1830.78000000,1842.15000000,1829.01000000,1840.70000000,5564.40710000,1746390599999999,10214216.50624600,18814,4211.82960000,7730003.49304900,0
1746390600000000,1840.69000000,1841.42000000,1834.47000000,1836.09000000,2961.82010000,1746391499999999,5442927.38822200,11769,892.87030000,1640712.15920900,0
1746391500000000,1836.08000000,1838.38000000,1834.92000000,1836.17000000,1138.59700000,1746392399999999,2091260.73522400,6444,422.42900000,775816.30701100,0
1746392400000000,1836.16000000,1837.22000000,1831.96000000,1832.58000000,1385.70270000,1746393299999999,2542846.69267900,9464,507.51400000,931521.45129600,0
1746393300000000,1832.57000000,1834.96000000,1831.91000000,1834.96000000,912.30630000,1746394199999999,1672729.43492800,6481,444.87210000,815643.96250500,0
1746394200000000,1834.95000000,1836.28000000,1833.94000000,1836.09000000,956.18230000,1746395099999999,1754626.80516200,4204,386.46000000,709078.68820500,0
1746395100000000,1836.09000000,1836.50000000,1834.34000000,1835.41000000,891.35730000,1746395999999999,1636351.16605300,4753,284.36450000,522001.57062700,0
1746396000000000,1835.40000000,1835.40000000,1821.33000000,1823.00000000,5960.91090000,1746396899999999,10888216.41835400,41561,2806.55420000,5125909.88786700,0
1746396900000000,1823.00000000,1826.80000000,1822.55000000,1825.50000000,2267.32720000,1746397799999999,4138143.75269500,17978,1225.34230000,2235967.81925500,0
1746397800000000,1825.49000000,1825.49000000,1812.81000000,1815.51000000,7901.11640000,1746398699999999,14356299.65020900,39593,2926.62880000,5317241.56130200,0
1746398700000000,1815.50000000,1818.67000000,1811.70000000,1818.02000000,2976.73870000,1746399599999999,5404297.08701800,18503,1438.68880000,2612181.96921700,0
1746399600000000,1818.01000000,1819.03000000,1812.69000000,1816.52000000,2388.45340000,1746400499999999,4336541.18381500,22317,1010.05380000,1833895.11589800,0
1746400500000000,1816.52000000,1816.70000000,1809.40000000,1809.71000000,6276.11070000,1746401399999999,11370342.77228800,26899,1945.36940000,3525502.44719600,0
1746401400000000,1809.71000000,1812.82000000,1803.00000000,1805.06000000,10495.53860000,1746402299999999,18973076.23935200,44198,5163.70940000,9335577.36154900,0
1746402300000000,1805.09000000,1809.65000000,1804.75000000,1808.86000000,6255.76590000,1746403199999999,11304047.94404200,20780,3254.25690000,5878676.30044600,0
1746403200000000,1808.86000000,1813.40000000,1806.50000000,1812.55000000,4554.94310000,1746404099999999,8243416.87258400,26259,2270.29380000,4108728.69893400,0
1746404100000000,1812.55000000,1817.76000000,1809.97000000,1816.58000000,3419.54810000,1746404999999999,6201481.57505200,22073,1691.18680000,3066207.11947900,0
1746405000000000,1816.58000000,1817.08000000,1813.49000000,1814.49000000,2324.46080000,1746405899999999,4219494.87585800,18139,1202.37010000,2182432.47346200,0
1746405900000000,1814.49000000,1818.49000000,1814.42000000,1816.07000000,1578.03740000,1746406799999999,2866818.81854600,14859,801.68310000,1456321.18866500,0
1746406800000000,1816.07000000,1817.26000000,1809.50000000,1812.75000000,3521.34120000,1746407699999999,6381847.75458600,19760,2283.18910000,4137841.95126000,0
1746407700000000,1812.76000000,1814.36000000,1803.96000000,1803.99000000,4414.21870000,1746408599999999,7979031.96706800,23560,2183.98480000,3946927.30379500,0
1746408600000000,1803.98000000,1804.63000000,1781.85000000,1791.98000000,23969.50220000,1746409499999999,42960940.23675700,85230,9912.62330000,17759911.17903500,0
1746409500000000,1791.96000000,1793.34000000,1787.66000000,1791.82000000,4850.42310000,1746410399999999,8688971.44129400,27254,2771.19250000,4964248.89434100,0
1746410400000000,1791.81000000,1793.08000000,1781.90000000,1792.44000000,12784.55170000,1746411299999999,22854028.92630000,53329,6858.10470000,12258323.13790600,0
1746411300000000,1792.44000000,1798.90000000,1792.44000000,1794.55000000,7448.46260000,1746412199999999,13375770.23116800,35552,3859.87220000,6930408.91235600,0
1746412200000000,1794.55000000,1800.50000000,1794.54000000,1798.32000000,5597.92690000,1746413099999999,10065797.80920300,24227,3279.11990000,5896103.77091900,0
1746413100000000,1798.32000000,1802.69000000,1798.01000000,1799.41000000,2236.43560000,1746413999999999,4026965.04910300,12710,1274.10860000,2293936.04599000,0
1746414000000000,1799.40000000,1800.99000000,1795.48000000,1795.88000000,1842.22710000,1746414899999999,3311683.05512300,12239,877.56060000,1577593.24763800,0
1746414900000000,1795.89000000,1797.69000000,1793.35000000,1794.14000000,4021.87800000,1746415799999999,7219356.70848500,15106,1723.47180000,3093551.83636400,0
1746415800000000,1794.15000000,1798.19000000,1794.15000000,1798.01000000,1888.01440000,1746416699999999,3391989.30030300,12068,1139.12050000,2046583.29849500,0
1746416700000000,1798.01000000,1798.18000000,1793.91000000,1794.51000000,1563.23330000,1746417599999999,2806817.38982200,10057,613.38960000,1101261.84619500,0
1746417600000000,1794.50000000,1798.02000000,1792.82000000,1796.76000000,2732.26980000,1746418499999999,4905037.51043300,15534,1454.69640000,2611403.03106300,0
1746418500000000,1796.77000000,1799.97000000,1796.77000000,1799.41000000,2071.74450000,1746419399999999,3726772.92730800,13476,1237.04000000,2225272.35936600,0
1746419400000000,1799.41000000,1803.81000000,1799.01000000,1802.98000000,2678.20460000,1746420299999999,4825001.43218200,14021,1447.64950000,2607848.88330800,0
1746420300000000,1802.99000000,1805.38000000,1801.71000000,1804.91000000,3171.06730000,1746421199999999,5719516.32105300,12859,2043.65110000,3686181.31061900,0
1746421200000000,1804.90000000,1806.96000000,1801.27000000,1802.25000000,2344.84320000,1746422099999999,4231344.76335600,16073,1140.24960000,2057450.37512200,0
1746422100000000,1802.25000000,1805.44000000,1801.82000000,1805.10000000,971.72030000,1746422999999999,1753042.34157700,9298,576.22620000,1039607.70456900,0
1746423000000000,1805.11000000,1807.55000000,1803.62000000,1805.96000000,1631.84230000,1746423899999999,2946959.92052100,12936,878.39360000,1586284.48041800,0
1746423900000000,1805.96000000,1818.53000000,1805.96000000,1816.51000000,6101.97320000,1746424799999999,11051088.79129300,23416,4244.56610000,7686514.52533100,0
1746424800000000,1816.51000000,1821.64000000,1811.97000000,1812.22000000,4138.81260000,1746425699999999,7520491.66473600,27504,1948.31160000,3540170.78955700,0
1746425700000000,1812.23000000,1816.19000000,1812.23000000,1815.80000000,4567.01680000,1746426599999999,8287157.67211100,11982,2804.99970000,5089213.93038400,0
1746426600000000,1815.80000000,1821.62000000,1814.80000000,1819.01000000,2759.94280000,1746427499999999,5019540.67779000,19987,1458.85410000,2653146.06911500,0
1746427500000000,1819.00000000,1821.39000000,1817.80000000,1820.36000000,3511.16670000,1746428399999999,6389652.68864000,12622,2422.00490000,4408132.97738700,0
1746428400000000,1820.37000000,1820.58000000,1816.74000000,1818.60000000,2670.90920000,1746429299999999,4856780.01277000,14480,1353.70660000,2461286.97641100,0
1746429300000000,1818.61000000,1824.39000000,1817.10000000,1820.62000000,3448.32200000,1746430199999999,6280607.87426700,18522,2027.99380000,3694025.44916900,0
1746430200000000,1820.62000000,1829.84000000,1820.62000000,1827.97000000,4497.50020000,1746431099999999,8210129.02235000,20190,2493.64860000,4552144.16041700,0
1746431100000000,1827.97000000,1828.55000000,1824.81000000,1826.59000000,2144.10080000,1746431999999999,3915974.07554400,13016,1002.81520000,1831475.46834600,0
1746432000000000,1826.58000000,1828.30000000,1823.60000000,1824.69000000,2567.80830000,1746432899999999,4688148.38470400,14020,1264.93800000,2309329.36700100,0
1746432900000000,1824.70000000,1828.39000000,1824.00000000,1826.65000000,2432.22260000,1746433799999999,4441965.82059500,11229,1506.19180000,2750600.83209000,0
1746433800000000,1826.65000000,1831.55000000,1825.27000000,1828.81000000,3326.08740000,1746434699999999,6083009.10822500,16898,1590.94740000,2909751.73158900,0
1746434700000000,1828.80000000,1830.51000000,1826.60000000,1828.40000000,2143.03910000,1746435599999999,3918161.71672300,11628,1077.73220000,1970305.96737000,0
1746435600000000,1828.39000000,1830.51000000,1825.60000000,1826.20000000,3036.75360000,1746436499999999,5552532.08413200,16029,1561.75280000,2855506.96250100,0
1746436500000000,1826.20000000,1828.50000000,1824.90000000,1827.71000000,2674.05060000,1746437399999999,4883491.84343500,9512,1277.94750000,2334025.52875400,0
1746437400000000,1827.70000000,1829.50000000,1826.01000000,1826.61000000,2210.46930000,1746438299999999,4039662.92550900,15838,1152.69080000,2106506.35302200,0
1746438300000000,1826.61000000,1827.96000000,1822.57000000,1823.33000000,1975.05150000,1746439199999999,3605806.43366800,12145,886.87110000,1619100.92334400,0
1746439200000000,1823.33000000,1824.00000000,1819.00000000,1819.50000000,5517.10840000,1746440099999999,10048773.04614300,19242,2205.87390000,4016762.59218100,0
1746440100000000,1819.49000000,1820.00000000,1813.12000000,1813.40000000,3770.33380000,1746440999999999,6846842.02433800,19982,1760.66750000,3197009.03231100,0
1746441000000000,1813.40000000,1816.17000000,1805.56000000,1806.00000000,8291.70830000,1746441899999999,15010222.97666900,31450,3619.56840000,6551774.31389400,0
1746441900000000,1806.01000000,1807.77000000,1798.30000000,1804.76000000,6572.82840000,1746442799999999,11850531.48941500,32170,2900.04470000,5228490.07134600,0
1746442800000000,1804.77000000,1810.30000000,1804.60000000,1809.61000000,3919.57890000,1746443699999999,7087671.32355700,18889,2238.52740000,4047712.90362900,0
1746443700000000,1809.61000000,1810.84000000,1801.70000000,1802.51000000,3932.21230000,1746444599999999,7098124.83909800,15732,1420.05980000,2565144.18167900,0
1746444600000000,1802.51000000,1805.09000000,1799.00000000,1800.46000000,3223.40550000,1746445499999999,5806628.18793700,26933,1835.16230000,3305827.63178100,0
1746445500000000,1800.47000000,1806.88000000,1800.46000000,1804.63000000,2314.96500000,1746446399999999,4176237.44520500,14412,1176.46840000,2122301.30464100,0
1746446400000000,1804.64000000,1808.10000000,1799.81000000,1807.48000000,5114.19920000,1746447299999999,9231004.57235100,26458,2709.84000000,4891578.88020700,0
1746447300000000,1807.49000000,1809.40000000,1804.70000000,1807.91000000,2881.53890000,1746448199999999,5206586.38743500,18375,1806.31590000,3263702.96036800,0
1746448200000000,1807.91000000,1808.74000000,1804.41000000,1805.09000000,2474.26340000,1746449099999999,4468508.40494400,15359,1103.30760000,1992875.44988300,0
1746449100000000,1805.10000000,1805.70000000,1801.95000000,1805.65000000,1876.48780000,1746449999999999,3384751.99773500,16533,955.32060000,1723307.60630300,0
1746450000000000,1805.64000000,1808.29000000,1800.38000000,1801.97000000,2246.70340000,1746450899999999,4053922.92211000,16917,1020.85270000,1841918.79496100,0
1746450900000000,1801.98000000,1806.20000000,1800.44000000,1802.50000000,2301.24250000,1746451799999999,4150391.97254600,17554,1107.85460000,1998058.97209700,0
1746451800000000,1802.51000000,1806.00000000,1794.47000000,1799.24000000,9691.13130000,1746452699999999,17438189.69063800,57453,5252.12320000,9452149.94770800,0
1746452700000000,1799.23000000,1809.27000000,1796.13000000,1808.80000000,5596.31410000,1746453599999999,10089058.37798100,46648,3201.64080000,5771109.49325100,0
1746453600000000,1808.81000000,1815.63000000,1802.78000000,1803.50000000,7510.66310000,1746454499999999,13589797.90259300,54351,3900.00460000,7056969.51320400,0
1746454500000000,1803.51000000,1807.45000000,1801.15000000,1803.69000000,4019.99050000,1746455399999999,7252133.25395000,35989,2213.59830000,3993490.19482500,0
1746455400000000,1803.70000000,1809.00000000,1799.34000000,1806.49000000,2967.61620000,1746456299999999,5354413.42352700,29974,1398.72160000,2524053.49575700,0
1746456300000000,1806.49000000,1809.30000000,1802.37000000,1804.48000000,3936.02800000,1746457199999999,7110601.08157900,23442,1840.28020000,3325181.11397200,0
1746457200000000,1804.49000000,1807.00000000,1802.36000000,1805.24000000,3288.93660000,1746458099999999,5936198.18712900,27415,1801.70850000,3251831.09673900,0
1746458100000000,1805.24000000,1808.30000000,1802.04000000,1804.60000000,2223.54490000,1746458999999999,4014674.11497400,20596,1022.32060000,1845722.71668600,0
1746459000000000,1804.61000000,1806.60000000,1798.19000000,1799.04000000,3170.43030000,1746459899999999,5716246.31985700,24121,1193.79040000,2152744.87680800,0
1746459900000000,1799.03000000,1801.36000000,1795.41000000,1800.99000000,3943.49290000,1746460799999999,7091792.11248400,28043,1681.84650000,3024550.88682200,0
1746460800000000,1801.00000000,1806.39000000,1800.78000000,1803.25000000,2485.34650000,1746461699999999,4482478.91503000,22942,1171.99040000,2113570.42040700,0
1746461700000000,1803.25000000,1812.20000000,1803.00000000,1808.69000000,3855.90550000,1746462599999999,6976523.73093200,24831,2247.50970000,4066066.98417400,0
1746462600000000,1808.70000000,1812.13000000,1808.10000000,1810.09000000,3261.74820000,1746463499999999,5903943.66660800,20818,1843.26790000,3336760.13189000,0
1746463500000000,1810.10000000,1810.70000000,1806.55000000,1808.09000000,1593.06110000,1746464399999999,2881925.67511200,14873,571.72320000,1034219.78846400,0
1746464400000000,1808.10000000,1810.17000000,1806.50000000,1806.70000000,1832.06660000,1746465299999999,3312428.28412500,21662,1085.47720000,1962615.79062900,0
1746465300000000,1806.70000000,1814.40000000,1805.35000000,1812.10000000,3332.87870000,1746466199999999,6032686.86171000,17457,2114.47860000,3828938.62748800,0
1746466200000000,1812.10000000,1817.66000000,1812.00000000,1814.16000000,2246.60780000,1746467099999999,4077146.75009100,20131,1287.75840000,2337091.38029000,0
1746467100000000,1814.16000000,1816.19000000,1813.40000000,1814.51000000,1921.37160000,1746467999999999,3486560.63395800,13172,630.03750000,1143216.35270800,0
1746468000000000,1814.51000000,1817.58000000,1812.00000000,1817.01000000,1724.17790000,1746468899999999,3128718.23805300,14525,842.40350000,1528764.61970500,0
1746468900000000,1817.01000000,1817.50000000,1814.98000000,1817.29000000,1369.03330000,1746469799999999,2486267.14823600,12761,615.69460000,1118096.90879700,0
1746469800000000,1817.29000000,1828.50000000,1816.52000000,1825.59000000,6066.17260000,1746470699999999,11060929.36343200,25636,4246.89220000,7742557.83787100,0
1746470700000000,1825.58000000,1827.30000000,1820.87000000,1822.61000000,2826.59620000,1746471599999999,5156659.99420700,15593,1271.19260000,2319107.81523300,0
1746471600000000,1822.60000000,1826.44000000,1821.45000000,1824.01000000,3597.51390000,1746472499999999,6563565.69454100,18184,1827.00510000,3333767.43301700,0
1746472500000000,1824.02000000,1826.00000000,1818.99000000,1820.99000000,2934.79030000,1746473399999999,5347121.46805500,17338,1058.21650000,1928598.11549800,0
1746473400000000,1820.98000000,1821.80000000,1816.02000000,1817.99000000,2142.31190000,1746474299999999,3895712.78143400,15452,931.88380000,1694521.52479900,0
1746474300000000,1817.99000000,1819.35000000,1813.45000000,1816.44000000,2353.51810000,1746475199999999,4275112.26927500,18167,1278.92220000,2322974.56590600,0
1746475200000000,1816.44000000,1816.52000000,1811.00000000,1813.41000000,1620.44070000,1746476099999999,2938306.26413000,16587,709.40380000,1285996.72699200,0
1746476100000000,1813.41000000,1815.38000000,1811.70000000,1813.48000000,1062.76900000,1746476999999999,1927320.05007200,11826,445.52680000,807811.66533600,0
1746477000000000,1813.48000000,1813.48000000,1799.52000000,1805.31000000,4432.31620000,1746477899999999,7997991.46551000,33077,1887.87460000,3406171.52747800,0
1746477900000000,1805.31000000,1810.30000000,1803.00000000,1808.97000000,1429.10360000,1746478799999999,2583376.26173400,15163,701.31340000,1267704.05857000,0
1746478800000000,1808.97000000,1814.67000000,1808.44000000,1814.50000000,1436.79330000,1746479699999999,2603978.60869400,12816,709.54350000,1285766.57312500,0
1746479700000000,1814.51000000,1817.03000000,1813.60000000,1816.37000000,1482.24180000,1746480599999999,2691123.45324300,10400,675.05630000,1225463.82947700,0
1746480600000000,1816.38000000,1816.39000000,1809.28000000,1813.50000000,2502.78990000,1746481499999999,4537078.07125300,15904,959.50100000,1739166.15473700,0
1746481500000000,1813.48000000,1819.73000000,1813.26000000,1816.75000000,1684.85940000,1746482399999999,3061454.70798600,14414,823.65890000,1496582.59564100,0
1746482400000000,1816.75000000,1820.46000000,1816.24000000,1820.45000000,2100.06510000,1746483299999999,3818980.42689800,16251,995.51800000,1810484.19345200,0
1746483300000000,1820.46000000,1823.11000000,1819.44000000,1821.08000000,2501.87770000,1746484199999999,4557239.78743100,14578,1326.33830000,2416001.89436800,0
1746484200000000,1821.08000000,1833.55000000,1821.08000000,1830.48000000,8616.02390000,1746485099999999,15751311.16575800,29032,5788.29330000,10582406.54143400,0
1746485100000000,1830.48000000,1830.48000000,1824.00000000,1826.09000000,3945.07790000,1746485999999999,7206140.79083200,16330,1304.93580000,2383902.84375300,0
1746486000000000,1826.09000000,1828.59000000,1825.30000000,1826.52000000,1601.61660000,1746486899999999,2926258.28744900,12224,812.91940000,1485360.17156400,0
1746486900000000,1826.51000000,1830.78000000,1824.16000000,1825.03000000,3563.87930000,1746487799999999,6512662.43660300,13280,1823.62110000,3333939.05925000,0
1746487800000000,1825.03000000,1825.43000000,1821.16000000,1822.46000000,1986.99110000,1746488699999999,3622075.18048700,9965,835.86820000,1523498.22991900,0
1746488700000000,1822.46000000,1822.80000000,1817.10000000,1820.19000000,2224.21550000,1746489599999999,4047374.19375200,12191,843.75470000,1535221.57591000,0
1746489600000000,1820.19000000,1820.80000000,1815.91000000,1816.74000000,2347.87930000,1746490499999999,4267659.02628300,15621,1391.82340000,2529662.88943000,0
1746490500000000,1816.74000000,1819.15000000,1812.68000000,1818.52000000,2479.48850000,1746491399999999,4500759.63759000,14366,1279.96320000,2323559.10318800,0
1746491400000000,1818.52000000,1818.85000000,1811.25000000,1812.10000000,1620.27160000,1746492299999999,2939631.04587300,15952,599.29930000,1087180.03753600,0
1746492300000000,1812.10000000,1814.19000000,1810.85000000,1814.19000000,983.74760000,1746493199999999,1782934.86696500,10088,508.99510000,922549.98234800,0
1746493200000000,1814.20000000,1817.27000000,1810.05000000,1816.61000000,1669.16920000,1746494099999999,3027078.17361500,15807,1023.01310000,1855335.53324700,0
1746494100000000,1816.61000000,1820.90000000,1816.61000000,1817.21000000,1469.54030000,1746494999999999,2672637.06439800,15652,908.43740000,1652190.73099800,0
1746495000000000,1817.20000000,1817.65000000,1804.67000000,1805.97000000,4408.12950000,1746495899999999,7976671.27719900,27065,1569.11290000,2839172.76827800,0
1746495900000000,1805.97000000,1807.68000000,1803.36000000,1804.49000000,3917.29950000,1746496799999999,7071941.91251500,23217,1794.53850000,3240099.24499600,0
1746496800000000,1804.49000000,1807.38000000,1801.66000000,1803.40000000,4661.53710000,1746497699999999,8408820.72816700,20068,2877.10650000,5189947.05737300,0
1746497700000000,1803.41000000,1803.41000000,1792.49000000,1796.62000000,9218.16550000,1746498599999999,16563349.02181700,40221,2801.73360000,5034093.60635500,0
1746498600000000,1796.62000000,1800.42000000,1794.00000000,1798.69000000,3174.10040000,1746499499999999,5705874.46708900,25591,1669.56250000,3001411.70823300,0
1746499500000000,1798.70000000,1804.99000000,1798.69000000,1803.63000000,3017.91520000,1746500399999999,5440636.35474500,17036,1972.28360000,3555155.51470700,0
1746500400000000,1803.63000000,1804.42000000,1799.52000000,1799.60000000,2217.62010000,1746501299999999,3995745.35851300,16308,1347.92380000,2428717.50461700,0
1746501300000000,1799.60000000,1803.80000000,1798.00000000,1803.79000000,3353.98310000,1746502199999999,6042096.35980900,18610,2241.70510000,4038966.13667600,0
1746502200000000,1803.79000000,1807.10000000,1803.00000000,1806.66000000,2353.72790000,1746503099999999,4249047.51755700,14877,1316.27080000,2376271.29550100,0
1746503100000000,1806.66000000,1807.41000000,1805.00000000,1806.35000000,1872.64390000,1746503999999999,3382576.06036200,12131,1242.53220000,2244283.85480600,0
1746504000000000,1806.35000000,1807.19000000,1803.68000000,1804.63000000,1256.41320000,1746504899999999,2268160.23391100,13075,722.61770000,1304510.96774700,0
1746504900000000,1804.63000000,1808.82000000,1804.50000000,1807.42000000,1636.72480000,1746505799999999,2957538.09490000,11464,981.51580000,1773477.45313800,0
1746505800000000,1807.43000000,1808.40000000,1805.00000000,1805.80000000,1589.39560000,1746506699999999,2870740.43429800,11609,1077.18710000,1945569.80777700,0
1746506700000000,1805.81000000,1807.70000000,1805.81000000,1806.97000000,1262.96720000,1746507599999999,2282124.53363500,9093,703.52800000,1271152.26155500,0
1746507600000000,1806.97000000,1808.01000000,1804.41000000,1804.79000000,1357.20570000,1746508499999999,2450815.66074200,11882,554.68270000,1001709.01797200,0
1746508500000000,1804.78000000,1805.80000000,1801.20000000,1801.94000000,1476.63820000,1746509399999999,2662961.78913900,12235,709.86460000,1280141.18209600,0
1746509400000000,1801.93000000,1803.37000000,1800.00000000,1801.58000000,1480.05280000,1746510299999999,2666427.12233500,13254,712.80200000,1284209.79551600,0
1746510300000000,1801.58000000,1802.77000000,1797.78000000,1798.91000000,2345.87970000,1746511199999999,4222564.60927400,10882,722.69450000,1301085.12588600,0
1746511200000000,1798.90000000,1804.12000000,1798.73000000,1803.66000000,1734.21150000,1746512099999999,3124974.31221200,10560,1093.55250000,1970742.03379600,0
1746512100000000,1803.66000000,1805.38000000,1801.81000000,1803.65000000,1039.57190000,1746512999999999,1875561.45009600,10511,506.80530000,914309.73190900,0
1746513000000000,1803.65000000,1805.97000000,1802.14000000,1805.97000000,886.49790000,1746513899999999,1599705.16088600,7806,415.65950000,750085.73345000,0
1746513900000000,1805.97000000,1806.39000000,1803.57000000,1806.38000000,966.17380000,1746514799999999,1743934.90322500,6738,483.10180000,872021.62710000,0
1746514800000000,1806.39000000,1809.26000000,1805.37000000,1805.97000000,1959.68700000,1746515699999999,3542018.68637400,11817,781.24890000,1412045.94725500,0
1746515700000000,1805.96000000,1805.96000000,1803.58000000,1804.01000000,1538.41680000,1746516599999999,2776026.76207400,11154,621.34460000,1121171.41206500,0
1746516600000000,1804.01000000,1807.00000000,1801.60000000,1805.34000000,1846.52850000,1746517499999999,3332576.54285600,15330,882.94200000,1593284.41087500,0
1746517500000000,1805.34000000,1807.39000000,1804.70000000,1806.03000000,1726.17660000,1746518399999999,3117653.28556200,13069,673.87260000,1217018.31328600,0
1746518400000000,1806.03000000,1806.10000000,1799.79000000,1800.49000000,2323.86010000,1746519299999999,4190032.94358000,20287,867.24380000,1563614.53322700,0
1746519300000000,1800.50000000,1800.73000000,1788.35000000,1794.43000000,8632.99070000,1746520199999999,15479004.20015800,48060,2973.69890000,5331103.67240900,0
1746520200000000,1794.43000000,1799.57000000,1794.43000000,1799.22000000,2583.42690000,1746521099999999,4643416.66904700,16675,1300.33130000,2337068.68176300,0
1746521100000000,1799.22000000,1801.90000000,1797.42000000,1801.68000000,1747.72010000,1746521999999999,3145962.10951100,12900,1003.07490000,1805768.02203700,0
1746522000000000,1801.69000000,1801.80000000,1797.12000000,1797.64000000,1889.84150000,1746522899999999,3400132.47942700,16499,557.24290000,1002704.86217900,0
1746522900000000,1797.64000000,1798.30000000,1795.32000000,1797.72000000,1723.06350000,1746523799999999,3096001.23243200,14406,925.14130000,1662252.53499700,0
1746523800000000,1797.73000000,1799.35000000,1793.14000000,1793.50000000,3297.66100000,1746524699999999,5920092.75896300,16901,1853.54160000,3326534.91050500,0
1746524700000000,1793.50000000,1798.20000000,1792.20000000,1798.00000000,1998.51090000,1746525599999999,3588090.88569000,16293,1079.84520000,1938448.03062900,0
1746525600000000,1798.00000000,1798.00000000,1793.13000000,1793.91000000,2070.45440000,1746526499999999,3717766.17188800,14929,1185.54250000,2128936.95647000,0
1746526500000000,1793.90000000,1797.97000000,1792.74000000,1793.81000000,2419.46470000,1746527399999999,4343713.37609400,14369,1350.24350000,2424066.90179600,0
1746527400000000,1793.80000000,1797.90000000,1791.14000000,1791.90000000,2557.91040000,1746528299999999,4590001.03093900,20616,1280.40130000,2297836.42643500,0
1746528300000000,1791.90000000,1792.60000000,1782.55000000,1785.19000000,7925.37430000,1746529199999999,14161106.65732100,43364,2692.30370000,4809494.56722600,0
1746529200000000,1785.19000000,1790.60000000,1784.00000000,1788.41000000,2951.38110000,1746530099999999,5276399.85335800,18181,1701.59180000,3042086.83915900,0
1746530100000000,1788.41000000,1789.70000000,1782.18000000,1782.73000000,4435.47910000,1746530999999999,7918655.92273000,18844,1411.01210000,2520074.73741200,0
1746531000000000,1782.74000000,1783.69000000,1769.40000000,1775.22000000,18382.87240000,1746531899999999,32635422.69415200,60249,6761.07260000,12002568.34438000,0
1746531900000000,1775.22000000,1776.20000000,1757.34000000,1769.92000000,14921.61790000,1746532799999999,26356593.01553900,65038,6684.20580000,11809525.73181300,0
1746532800000000,1769.92000000,1775.37000000,1766.96000000,1773.09000000,9245.73700000,1746533699999999,16370285.18518200,32090,6089.74230000,10780020.92505700,0
1746533700000000,1773.09000000,1774.50000000,1770.81000000,1772.75000000,4607.64300000,1746534599999999,8167297.14000200,25158,2043.00020000,3621255.07131200,0
1746534600000000,1772.76000000,1776.91000000,1771.00000000,1775.38000000,3087.63100000,1746535499999999,5476610.90316400,24032,1470.12010000,2607373.97825500,0
1746535500000000,1775.38000000,1776.84000000,1773.00000000,1775.22000000,3798.23190000,1746536399999999,6742540.98215200,18878,1966.41350000,3490561.99559900,0
1746536400000000,1775.23000000,1775.89000000,1764.50000000,1766.71000000,6080.69250000,1746537299999999,10755473.64999400,27969,2968.93640000,5250102.95569400,0
1746537300000000,1766.71000000,1768.74000000,1759.96000000,1760.10000000,5343.96930000,1746538199999999,9435493.79386200,26431,2604.78650000,4600917.15627600,0
1746538200000000,1760.10000000,1770.56000000,1759.21000000,1768.20000000,6243.03240000,1746539099999999,11019256.79300200,50349,3411.21820000,6021868.85453300,0
1746539100000000,1768.21000000,1770.60000000,1752.00000000,1759.15000000,12279.26630000,1746539999999999,21595804.48463300,66601,5245.62880000,9224467.36306800,0
1746540000000000,1759.15000000,1771.61000000,1759.15000000,1768.27000000,5728.48570000,1746540899999999,10117335.97711800,45188,3380.58480000,5970406.45656000,0
1746540900000000,1768.27000000,1779.68000000,1768.27000000,1774.22000000,7569.13330000,1746541799999999,13436994.77702400,40735,4262.17680000,7566571.74194700,0
1746541800000000,1774.23000000,1777.61000000,1771.65000000,1771.65000000,3202.15790000,1746542699999999,5680712.28854900,21791,1764.95390000,3130886.96583600,0
1746542700000000,1771.65000000,1774.48000000,1767.29000000,1768.70000000,2936.51450000,1746543599999999,5197607.37942700,28610,1467.36720000,2597255.87196400,0
1746543600000000,1768.70000000,1770.60000000,1760.49000000,1769.33000000,4931.05990000,1746544499999999,8705601.53373900,41049,2045.13170000,3611592.48480900,0
1746544500000000,1769.33000000,1775.23000000,1766.54000000,1774.81000000,3866.53850000,1746545399999999,6850789.78160900,29216,2425.69630000,4297813.61400900,0
1746545400000000,1774.81000000,1778.85000000,1772.12000000,1772.73000000,3466.34210000,1746546299999999,6156337.25267000,29275,1820.90490000,3233940.75100500,0
1746546300000000,1772.73000000,1774.19000000,1767.52000000,1770.09000000,3329.40630000,1746547199999999,5895826.96036200,27239,1441.89770000,2553399.30480600,0
1746547200000000,1770.09000000,1775.20000000,1762.16000000,1774.20000000,4864.25470000,1746548099999999,8597682.57172300,38553,2180.61720000,3854052.77415900,0
1746548100000000,1774.21000000,1774.83000000,1765.27000000,1768.53000000,3864.67720000,1746548999999999,6838313.42419500,41031,1842.14530000,3259511.33534500,0
1746549000000000,1768.53000000,1774.59000000,1766.07000000,1766.43000000,2457.72310000,1746549899999999,4351443.93157200,30863,1185.75630000,2099994.25250300,0
1746549900000000,1766.44000000,1767.57000000,1762.23000000,1763.02000000,2675.16820000,1746550799999999,4721147.64560800,29073,1190.84390000,2101450.83858900,0
1746550800000000,1763.01000000,1770.67000000,1762.97000000,1769.79000000,3193.85700000,1746551699999999,5643163.74286500,33271,1792.93770000,3167787.54225500,0
1746551700000000,1769.80000000,1774.86000000,1769.39000000,1772.51000000,2523.68660000,1746552599999999,4472566.43127200,23485,1085.76030000,1924126.47612100,0
1746552600000000,1772.51000000,1776.45000000,1768.13000000,1768.63000000,4015.28180000,1746553499999999,7114601.70524200,25662,1370.42770000,2428616.09411700,0
1746553500000000,1768.64000000,1768.69000000,1765.17000000,1768.02000000,3521.01500000,1746554399999999,6220428.67371500,21235,1584.32580000,2798664.44834800,0
1746554400000000,1768.02000000,1772.74000000,1766.80000000,1771.02000000,2091.89360000,1746555299999999,3702038.69739800,21472,1091.27360000,1931252.80471100,0
1746555300000000,1771.02000000,1777.77000000,1771.02000000,1777.34000000,1790.72820000,1746556199999999,3178373.21886700,14814,868.55880000,1541557.33095400,0
1746556200000000,1777.34000000,1777.96000000,1774.82000000,1775.45000000,1800.22090000,1746557099999999,3197686.87132600,18578,764.84000000,1358546.41883700,0
1746557100000000,1775.45000000,1791.24000000,1775.22000000,1790.12000000,6580.90320000,1746557999999999,11751770.10448600,27153,4283.27280000,7650549.71346200,0
1746558000000000,1790.12000000,1798.80000000,1784.47000000,1786.38000000,12449.32960000,1746558899999999,22290696.75619100,44117,5478.22080000,9811187.24220400,0
1746558900000000,1786.38000000,1790.08000000,1785.28000000,1788.83000000,2969.19320000,1746559799999999,5307765.61192700,18319,1547.14690000,2766187.69164100,0
1746559800000000,1788.83000000,1792.26000000,1787.28000000,1791.34000000,2457.46640000,1746560699999999,4398652.14712900,21153,1190.26170000,2130508.49376700,0
1746560700000000,1791.33000000,1792.32000000,1784.42000000,1784.79000000,2400.24610000,1746561599999999,4289729.03825400,20897,960.96300000,1717392.28668000,0
1746561600000000,1784.80000000,1788.08000000,1782.75000000,1786.14000000,2718.78470000,1746562499999999,4854945.47835400,18487,1543.27210000,2755781.70103000,0
1746562500000000,1786.14000000,1789.10000000,1778.92000000,1779.55000000,3802.51040000,1746563399999999,6781743.74333600,22482,1875.12460000,3344821.89722000,0
1746563400000000,1779.56000000,1779.99000000,1768.49000000,1774.44000000,4190.06340000,1746564299999999,7429453.76317400,29672,1921.87050000,3407196.12441800,0
1746564300000000,1774.45000000,1776.59000000,1770.00000000,1775.44000000,2340.63870000,1746565199999999,4151063.37533200,16441,1219.43250000,2162576.80248400,0
1746565200000000,1775.45000000,1781.00000000,1772.46000000,1773.66000000,2471.04030000,1746566099999999,4392613.54444600,15340,1173.97390000,2087354.58245900,0
1746566100000000,1773.65000000,1775.83000000,1765.50000000,1767.30000000,2267.24980000,1746566999999999,4015555.31213000,14702,751.90040000,1332099.32169400,0
1746567000000000,1767.30000000,1773.18000000,1766.12000000,1772.27000000,2810.61450000,1746567899999999,4974688.63436300,22133,1334.71570000,2362338.98505800,0
1746567900000000,1772.28000000,1776.91000000,1771.29000000,1775.81000000,1438.49010000,1746568799999999,2552988.63265800,10763,613.22550000,1088126.82764100,0
1746568800000000,1775.80000000,1799.35000000,1775.65000000,1789.47000000,14436.79330000,1746569699999999,25848566.21894100,84549,8295.59810000,14854203.27408900,0
1746569700000000,1789.47000000,1801.36000000,1789.00000000,1800.75000000,9123.85080000,1746570599999999,16393724.59929200,39699,5322.29160000,9561709.56674900,0
1746570600000000,1800.76000000,1807.38000000,1797.47000000,1805.27000000,7444.44080000,1746571499999999,13416988.10063700,41630,3565.02980000,6427256.01182500,0
1746571500000000,1805.28000000,1813.23000000,1803.17000000,1811.11000000,6932.93880000,1746572399999999,12543086.13309800,35256,4151.43510000,7510485.25966800,0
1746572400000000,1811.10000000,1812.48000000,1802.10000000,1805.69000000,7040.58860000,1746573299999999,12719175.01356800,35797,2780.91520000,5022780.75117900,0
1746573300000000,1805.68000000,1818.56000000,1805.42000000,1814.90000000,9037.16550000,1746574199999999,16385497.02234300,34832,5860.98770000,10626131.90270900,0
1746574200000000,1814.90000000,1817.51000000,1809.75000000,1817.35000000,5376.83140000,1746575099999999,9747601.87566500,23471,2190.12110000,3970843.71012400,0
1746575100000000,1817.34000000,1819.41000000,1814.58000000,1817.00000000,5051.36870000,1746575999999999,9178596.95744400,22800,2457.52740000,4465471.79172000,0
1746576000000000,1817.00000000,1821.00000000,1814.59000000,1819.89000000,7795.49370000,1746576899999999,14170991.02714400,35916,3952.47970000,7184907.59899900,0
1746576900000000,1819.89000000,1847.77000000,1819.15000000,1836.93000000,27588.22570000,1746577799999999,50644585.00964000,87859,17761.80410000,32593690.99185000,0
1746577800000000,1836.93000000,1840.42000000,1832.25000000,1837.48000000,12615.24400000,1746578699999999,23169646.91219300,48019,6366.69490000,11692376.37958500,0
1746578700000000,1837.49000000,1842.47000000,1835.94000000,1842.23000000,6044.48120000,1746579599999999,11114919.66348900,29187,2889.64690000,5313485.00361400,0
1746579600000000,1842.23000000,1850.00000000,1840.58000000,1844.76000000,12601.37290000,1746580499999999,23256289.59006800,45273,6516.85890000,12031430.51826100,0
1746580500000000,1844.75000000,1849.20000000,1842.41000000,1846.70000000,5763.16590000,1746581399999999,10639733.14058700,32161,2302.48940000,4250686.35312200,0
1746581400000000,1846.70000000,1847.44000000,1838.81000000,1840.29000000,5253.50090000,1746582299999999,9684752.64372400,24227,1749.41650000,3224374.82521400,0
1746582300000000,1840.29000000,1843.10000000,1828.82000000,1832.71000000,10967.33180000,1746583199999999,20133285.30613500,33800,4201.11610000,7710143.03557100,0
1746583200000000,1832.71000000,1835.17000000,1822.21000000,1828.71000000,12418.07360000,1746584099999999,22708899.19930700,46971,6226.06170000,11384064.69046800,0
1746584100000000,1828.71000000,1830.50000000,1824.90000000,1827.51000000,3761.03340000,1746584999999999,6873814.81887000,21946,1819.92660000,3326339.42749500,0
1746585000000000,1827.50000000,1829.30000000,1825.01000000,1825.51000000,2973.30440000,1746585899999999,5433097.75253300,16967,1424.59080000,2602904.83437100,0
1746585900000000,1825.51000000,1828.14000000,1821.90000000,1824.94000000,3430.18940000,1746586799999999,6259116.82407500,18077,1699.33200000,3100658.91549600,0
1746586800000000,1824.95000000,1825.93000000,1821.41000000,1823.43000000,4996.51170000,1746587699999999,9110710.31760500,22515,2990.09140000,5452127.88631000,0
1746587700000000,1823.43000000,1824.33000000,1817.20000000,1824.09000000,4921.19060000,1746588599999999,8958780.83443000,26066,2237.04130000,4073414.12006900,0
1746588600000000,1824.09000000,1828.49000000,1823.04000000,1828.09000000,3109.85450000,1746589499999999,5677412.95438300,21101,1824.56520000,3331031.88260300,0
1746589500000000,1828.10000000,1828.40000000,1825.67000000,1826.48000000,1738.37260000,1746590399999999,3175901.61624500,12473,852.13000000,1556745.01024700,0
1746590400000000,1826.48000000,1833.41000000,1826.47000000,1832.53000000,3445.58080000,1746591299999999,6303894.17476300,18557,2289.82320000,4189081.72866900,0
1746591300000000,1832.53000000,1832.54000000,1828.30000000,1828.30000000,1929.73310000,1746592199999999,3531380.72378200,11645,939.01640000,1718348.95522700,0
1746592200000000,1828.30000000,1828.30000000,1826.24000000,1826.25000000,4762.99700000,1746593099999999,8702000.33026700,13302,3641.22110000,6652257.99772400,0
1746593100000000,1826.25000000,1828.99000000,1824.57000000,1828.63000000,1708.94020000,1746593999999999,3122071.82521700,12560,836.45890000,1528248.45117100,0
1746594000000000,1828.62000000,1828.80000000,1825.60000000,1827.61000000,1345.94570000,1746594899999999,2459606.74968500,14516,580.16010000,1060212.63603200,0
1746594900000000,1827.60000000,1830.00000000,1826.10000000,1828.53000000,1973.16490000,1746595799999999,3607305.16174600,16571,1248.51530000,2282651.92594600,0
1746595800000000,1828.53000000,1830.55000000,1825.80000000,1826.71000000,1609.07790000,1746596699999999,2940485.56552400,13957,758.74340000,1386595.35809200,0
1746596700000000,1826.70000000,1828.90000000,1826.13000000,1828.21000000,1767.22340000,1746597599999999,3230073.04442500,13729,960.24950000,1755008.84373400,0
1746597600000000,1828.21000000,1833.91000000,1827.70000000,1833.34000000,2678.71830000,1746598499999999,4906704.60326100,18542,1673.95960000,3066271.15868600,0
1746598500000000,1833.34000000,1834.38000000,1828.19000000,1828.79000000,2813.75330000,1746599399999999,5153171.47442000,12639,1351.02050000,2475443.50286100,0
1746599400000000,1828.80000000,1829.98000000,1827.52000000,1827.84000000,1986.64650000,1746600299999999,3632825.49529600,15232,770.88970000,1409621.72884900,0
1746600300000000,1827.83000000,1830.78000000,1826.16000000,1830.61000000,2375.24140000,1746601199999999,4344328.45053600,10980,769.33140000,1406986.39888400,0
1746601200000000,1830.62000000,1833.88000000,1830.10000000,1832.64000000,2298.58450000,1746602099999999,4210705.43681900,12923,865.87620000,1586212.68909900,0
1746602100000000,1832.65000000,1836.09000000,1832.00000000,1835.15000000,2366.20030000,1746602999999999,4341247.78806000,14842,1439.15580000,2640565.86570700,0
1746603000000000,1835.14000000,1835.45000000,1832.53000000,1834.65000000,2186.75170000,1746603899999999,4010558.22872900,14338,1159.49580000,2126408.98945100,0
1746603900000000,1834.66000000,1838.43000000,1834.00000000,1838.24000000,2762.48780000,1746604799999999,5072510.54957300,14618,1414.70870000,2597809.83832600,0
1746604800000000,1838.23000000,1841.72000000,1834.53000000,1835.12000000,3783.83620000,1746605699999999,6954479.51169100,19922,1967.76130000,3616708.75531000,0
1746605700000000,1835.12000000,1838.25000000,1835.04000000,1837.21000000,3493.52790000,1746606599999999,6418648.14052700,13902,905.75110000,1663548.93853900,0
1746606600000000,1837.20000000,1844.20000000,1836.10000000,1842.21000000,5168.09250000,1746607499999999,9514930.82184700,20348,3188.92710000,5870873.70189100,0
1746607500000000,1842.21000000,1843.82000000,1839.50000000,1840.69000000,3526.58200000,1746608399999999,6493925.83728300,14968,1695.61090000,3122163.57825000,0
1746608400000000,1840.69000000,1843.80000000,1838.81000000,1839.35000000,3452.82070000,1746609299999999,6357350.44200100,16393,1828.22590000,3366205.88955200,0
1746609300000000,1839.34000000,1840.86000000,1837.94000000,1840.02000000,2818.08520000,1746610199999999,5184413.42376500,14411,1110.28100000,2042475.28372600,0
1746610200000000,1840.02000000,1845.33000000,1839.10000000,1842.99000000,2759.44850000,1746611099999999,5082823.94796300,15368,1479.37900000,2725707.78837000,0
1746611100000000,1842.98000000,1844.73000000,1842.56000000,1844.04000000,1708.72140000,1746611999999999,3150633.28061300,11694,1002.32200000,1848079.49051700,0
1746612000000000,1844.03000000,1847.05000000,1841.90000000,1843.20000000,6177.18200000,1746612899999999,11397781.93427000,21368,2623.68230000,4841836.68115200,0
1746612900000000,1843.20000000,1843.21000000,1833.91000000,1835.09000000,5784.75510000,1746613799999999,10639017.07474600,19235,2119.18750000,3897331.11500800,0
1746613800000000,1835.09000000,1839.55000000,1830.51000000,1839.55000000,5878.03830000,1746614699999999,10780934.38080600,22575,3345.79220000,6134254.23088700,0
1746614700000000,1839.54000000,1839.54000000,1833.03000000,1833.71000000,4380.20030000,1746615599999999,8043987.05522200,14172,1442.21290000,2648367.46504400,0
1746615600000000,1833.72000000,1835.47000000,1831.00000000,1834.29000000,3363.89240000,1746616499999999,6167635.51341100,12363,2089.56420000,3831263.67987400,0
1746616500000000,1834.30000000,1836.00000000,1833.00000000,1833.47000000,1087.32990000,1746617399999999,1994723.03063500,9266,494.57410000,907307.80856100,0
1746617400000000,1833.47000000,1837.06000000,1833.07000000,1836.25000000,2188.32210000,1746618299999999,4016850.23118300,13251,1349.43950000,2476939.99532400,0
1746618300000000,1836.26000000,1837.11000000,1834.69000000,1836.35000000,1117.89520000,1746619199999999,2052476.72370200,9970,571.22190000,1048803.99564600,0
1746619200000000,1836.35000000,1837.10000000,1831.00000000,1832.20000000,2345.30390000,1746620099999999,4298486.99934500,15078,1055.67310000,1934495.73422300,0
1746620100000000,1832.19000000,1835.00000000,1828.61000000,1829.69000000,3885.99820000,1746620999999999,7116795.10808400,19757,2195.48640000,4020679.71167400,0
1746621000000000,1829.69000000,1831.95000000,1826.88000000,1829.83000000,5336.15570000,1746621899999999,9759440.61130600,20858,3665.44970000,6703592.56516000,0
1746621900000000,1829.83000000,1831.34000000,1827.60000000,1830.70000000,1730.55160000,1746622799999999,3166158.42180000,10021,1118.49310000,2046220.67161200,0
1746622800000000,1830.69000000,1830.69000000,1823.78000000,1824.79000000,6374.01770000,1746623699999999,11641686.48661200,22255,2886.16270000,5270416.22494900,0
1746623700000000,1824.79000000,1826.40000000,1821.92000000,1823.79000000,4815.06150000,1746624599999999,8781371.29168300,19699,2307.55650000,4207718.81214400,0
1746624600000000,1823.78000000,1835.81000000,1822.55000000,1833.29000000,10412.51250000,1746625499999999,19042631.61560400,39581,5584.60100000,10214262.49897400,0
1746625500000000,1833.29000000,1833.47000000,1823.56000000,1828.90000000,8575.24680000,1746626399999999,15669433.23920600,33247,4957.42360000,9057113.37825300,0
1746626400000000,1828.90000000,1832.69000000,1827.01000000,1829.00000000,5087.63530000,1746627299999999,9310911.68736200,34132,2504.28380000,4582668.61567200,0
1746627300000000,1829.00000000,1833.32000000,1827.10000000,1831.93000000,3862.79340000,1746628199999999,7069158.72884300,25461,2272.63340000,4158980.70172900,0
1746628200000000,1831.93000000,1832.99000000,1826.74000000,1828.01000000,4073.54770000,1746629099999999,7450802.87285900,23846,2147.55090000,3927811.53957400,0
1746629100000000,1828.00000000,1828.10000000,1816.79000000,1822.21000000,6371.07190000,1746629999999999,11601710.74447500,40493,2773.00440000,5048593.08138000,0
1746630000000000,1822.21000000,1825.60000000,1817.03000000,1819.70000000,4811.53890000,1746630899999999,8760463.99473500,35796,2631.44120000,4792094.41925800,0
1746630900000000,1819.69000000,1823.46000000,1818.83000000,1821.07000000,3838.76680000,1746631799999999,6990631.28403400,26060,1933.46000000,3520907.04142300,0
1746631800000000,1821.07000000,1823.50000000,1817.20000000,1821.40000000,3571.34140000,1746632699999999,6503912.73807500,25595,2399.57750000,4369903.80122000,0
1746632700000000,1821.39000000,1822.08000000,1814.29000000,1817.31000000,3442.63990000,1746633599999999,6256819.56573800,23533,1607.79810000,2922439.02732700,0
1746633600000000,1817.32000000,1818.01000000,1811.48000000,1814.79000000,4434.12890000,1746634499999999,8047411.80795800,31085,2236.35480000,4058770.63201500,0
1746634500000000,1814.79000000,1814.80000000,1804.35000000,1804.58000000,4695.16240000,1746635399999999,8492498.19479000,33093,1986.49270000,3592872.26532400,0
1746635400000000,1804.59000000,1807.77000000,1800.05000000,1807.77000000,5481.35540000,1746636299999999,9889285.38080500,35735,2855.42410000,5152177.73466000,0
1746636300000000,1807.76000000,1813.62000000,1807.31000000,1811.77000000,2673.82770000,1746637199999999,4843184.28831400,17097,1638.24950000,2967411.76750600,0
1746637200000000,1811.77000000,1813.20000000,1806.90000000,1809.55000000,2643.59600000,1746638099999999,4785181.60531300,16727,1413.26740000,2557878.63090600,0
1746638100000000,1809.55000000,1811.52000000,1805.62000000,1805.85000000,2350.61400000,1746638999999999,4250477.61854800,15256,1329.69630000,2404386.35532600,0
1746639000000000,1805.82000000,1807.07000000,1801.10000000,1803.81000000,4926.33520000,1746639899999999,8886245.90136800,24399,2735.39320000,4934170.53282000,0
1746639900000000,1803.81000000,1808.90000000,1788.84000000,1796.25000000,15577.94960000,1746640799999999,27992507.17652900,59371,6539.57120000,11749181.93067300,0
1746640800000000,1796.25000000,1808.55000000,1788.78000000,1796.08000000,19503.94030000,1746641699999999,35084808.50297900,97401,10141.98670000,18244210.38108900,0
1746641700000000,1796.07000000,1805.26000000,1793.83000000,1802.28000000,3933.43380000,1746642599999999,7084472.31497900,46282,2326.28020000,4189717.60192100,0
1746642600000000,1802.28000000,1816.98000000,1799.51000000,1804.05000000,9215.99050000,1746643499999999,16665656.65045000,66600,5405.94910000,9775823.94194200,0
1746643500000000,1804.08000000,1808.17000000,1792.33000000,1806.43000000,8161.60770000,1746644399999999,14697053.61233500,53543,4795.33930000,8632721.34946200,0
1746644400000000,1806.44000000,1808.00000000,1799.47000000,1799.48000000,4035.09840000,1746645299999999,7275322.84827800,33839,1929.93960000,3479672.52774300,0
1746645300000000,1799.48000000,1802.95000000,1789.14000000,1791.65000000,5527.50250000,1746646199999999,9923856.59143400,39414,2843.48820000,5106574.06677600,0
1746646200000000,1791.65000000,1807.62000000,1787.01000000,1803.20000000,7826.20030000,1746647099999999,14054376.14924500,58664,4481.85010000,8048602.22855600,0
1746647100000000,1803.21000000,1804.59000000,1793.40000000,1795.82000000,4324.48540000,1746647999999999,7776486.20253800,45378,2027.18820000,3645397.43035700,0
1746648000000000,1795.83000000,1800.18000000,1794.13000000,1799.76000000,2842.12220000,1746648899999999,5106989.29599000,24331,1506.77630000,2707693.59468700,0
1746648900000000,1799.75000000,1801.10000000,1793.20000000,1795.33000000,1754.75400000,1746649799999999,3152316.53485000,17388,746.92220000,1341712.03216000,0
1746649800000000,1795.33000000,1796.22000000,1789.12000000,1792.44000000,2626.16180000,1746650699999999,4707223.24227100,20142,1258.30510000,2255775.80360900,0
1746650700000000,1792.44000000,1798.19000000,1792.06000000,1798.18000000,2247.90280000,1746651599999999,4034833.55008500,19216,1484.99060000,2665146.83288200,0
1746651600000000,1798.18000000,1801.86000000,1796.33000000,1801.60000000,1972.38040000,1746652499999999,3548311.27773600,16655,1207.67620000,2172430.08387000,0
1746652500000000,1801.60000000,1806.50000000,1800.80000000,1806.39000000,1642.06480000,1746653399999999,2961354.61463600,11101,909.57130000,1640339.57105100,0
1746653400000000,1806.40000000,1809.40000000,1799.09000000,1803.14000000,3641.65390000,1746654299999999,6567340.24743000,23593,1473.92650000,2658913.21467600,0
1746654300000000,1803.15000000,1805.76000000,1801.05000000,1802.73000000,2399.73210000,1746655199999999,4328029.89287000,13573,707.21950000,1275392.39585300,0
1746655200000000,1802.73000000,1814.79000000,1800.79000000,1812.50000000,9243.75110000,1746656099999999,16724704.32996300,41101,6473.78050000,11712709.76257700,0
1746656100000000,1812.50000000,1813.73000000,1806.20000000,1810.41000000,4133.58160000,1746656999999999,7477447.10474800,18724,1903.96960000,3444182.53083000,0
1746657000000000,1810.40000000,1821.56000000,1809.70000000,1818.30000000,6689.09930000,1746657899999999,12155941.85196700,27756,4343.37100000,7892892.86723000,0
1746657900000000,1818.30000000,1819.31000000,1816.05000000,1817.12000000,2192.73150000,1746658799999999,3985083.42935600,14133,1133.04990000,2059217.81493600,0
1746658800000000,1817.11000000,1825.44000000,1816.00000000,1824.01000000,3111.44910000,1746659699999999,5666710.26107800,24283,1726.17580000,3143514.46501400,0
1746659700000000,1824.00000000,1824.48000000,1817.99000000,1818.34000000,2254.55270000,1746660599999999,4102905.70033700,16658,981.94870000,1786691.91093100,0
1746660600000000,1818.33000000,1820.00000000,1811.47000000,1812.10000000,2201.22450000,1746661499999999,3995950.21108300,16198,798.03290000,1448586.81431400,0
1746661500000000,1812.09000000,1812.64000000,1808.29000000,1811.11000000,2694.37460000,1746662399999999,4878697.39182300,13649,1071.88940000,1940983.44069300,0
1746662400000000,1811.11000000,1815.21000000,1809.93000000,1814.04000000,3000.02450000,1746663299999999,5437789.30148200,18982,1279.87260000,2319859.99255400,0
1746663300000000,1814.04000000,1816.67000000,1812.70000000,1816.16000000,2507.15700000,1746664199999999,4549511.57248600,15350,913.63160000,1657769.96005900,0
1746664200000000,1816.15000000,1816.49000000,1808.71000000,1810.22000000,2890.67110000,1746665099999999,5238408.66122700,17170,800.69210000,1450550.45463400,0
1746665100000000,1810.21000000,1828.29000000,1808.88000000,1827.13000000,6405.61070000,1746665999999999,11666213.05128600,35783,3570.54980000,6502867.67919300,0
1746666000000000,1827.12000000,1837.20000000,1822.59000000,1825.56000000,15507.92790000,1746666899999999,28380857.08245600,84207,8047.26330000,14729779.70993800,0
1746666900000000,1825.56000000,1832.40000000,1820.50000000,1828.61000000,8218.37980000,1746667799999999,15020816.57894400,43723,3901.95340000,7131970.91664100,0
1746667800000000,1828.60000000,1830.99000000,1825.00000000,1825.86000000,3918.88710000,1746668699999999,7165450.48939200,29919,1534.00430000,2805021.64425200,0
1746668700000000,1825.86000000,1829.28000000,1820.00000000,1822.90000000,3995.02480000,1746669599999999,7285533.33901600,24331,1635.30630000,2981781.93879000,0
1746669600000000,1822.91000000,1829.35000000,1822.91000000,1829.18000000,3515.15340000,1746670499999999,6419075.85454900,22506,1682.76010000,3073358.08180500,0
1746670500000000,1829.17000000,1841.00000000,1829.00000000,1840.09000000,9215.04650000,1746671399999999,16906965.32079100,44171,5808.05660000,10655246.83214100,0
1746671400000000,1840.08000000,1847.75000000,1838.30000000,1840.60000000,16091.51330000,1746672299999999,29662144.70906100,62192,8353.07450000,15399290.49310200,0
1746672300000000,1840.60000000,1845.47000000,1840.30000000,1841.56000000,8088.66650000,1746673199999999,14905638.33507900,32033,4016.22840000,7400516.65893500,0
1746673200000000,1841.56000000,1863.00000000,1839.00000000,1856.10000000,26032.16790000,1746674099999999,48201495.81904800,71494,15332.30990000,28398921.16697700,0
1746674100000000,1856.09000000,1870.00000000,1855.11000000,1864.18000000,14418.33150000,1746674999999999,26861446.41837000,63948,8162.36410000,15210526.53639600,0
1746675000000000,1864.18000000,1888.84000000,1860.75000000,1888.19000000,20380.93200000,1746675899999999,38231892.86730400,77419,12646.47020000,23732154.29552100,0
1746675900000000,1888.19000000,1906.77000000,1883.07000000,1901.10000000,38119.33700000,1746676799999999,72243523.29280200,131694,21281.27160000,40332559.22676800,0
1746676800000000,1901.09000000,1916.59000000,1900.59000000,1907.38000000,31217.99340000,1746677699999999,59566038.59736400,108734,17478.89610000,33359038.87704000,0
1746677700000000,1907.39000000,1914.80000000,1905.45000000,1905.89000000,16949.50780000,1746678599999999,32376406.99089500,61559,8941.07350000,17083823.87286000,0
1746678600000000,1905.90000000,1907.60000000,1898.60000000,1898.99000000,10355.73140000,1746679499999999,19718659.03286300,48779,4192.75450000,7986828.40357300,0
1746679500000000,1899.00000000,1901.68000000,1892.91000000,1893.81000000,9817.66130000,1746680399999999,18627331.90717300,42221,3488.48960000,6617425.31112900,0
1746680400000000,1893.81000000,1905.40000000,1893.81000000,1898.92000000,9312.25910000,1746681299999999,17684332.51665100,37233,5059.18420000,9607918.18035000,0
1746681300000000,1898.91000000,1899.57000000,1892.20000000,1897.80000000,5269.53160000,1746682199999999,9987050.05421000,25331,2979.40860000,5646287.37394600,0
1746682200000000,1897.81000000,1901.34000000,1896.71000000,1901.10000000,6399.56920000,1746683099999999,12153648.08862000,20116,4025.22220000,7644961.34780600,0
1746683100000000,1901.10000000,1903.53000000,1896.30000000,1896.77000000,4070.79520000,1746683999999999,7733364.56964900,20723,2086.02890000,3963812.01921300,0
1746684000000000,1896.77000000,1903.09000000,1896.00000000,1902.79000000,4333.61850000,1746684899999999,8233579.39735400,20460,2673.98130000,5080230.72051900,0
1746684900000000,1902.80000000,1906.13000000,1900.24000000,1904.21000000,6238.92350000,1746685799999999,11878979.71694400,27545,3769.93320000,7178897.84462200,0
1746685800000000,1904.21000000,1907.52000000,1902.31000000,1907.52000000,4661.41640000,1746686699999999,8879649.15323500,24348,2739.80370000,5218955.49256700,0
1746686700000000,1907.52000000,1912.35000000,1905.07000000,1911.29000000,4326.64940000,1746687599999999,8257782.05519000,22010,2375.33730000,4533836.02029300,0
1746687600000000,1911.29000000,1914.38000000,1908.37000000,1909.39000000,5917.71800000,1746688499999999,11311051.33480200,29385,2718.39310000,5197370.44311200,0
1746688500000000,1909.38000000,1915.91000000,1908.81000000,1914.93000000,6302.87510000,1746689399999999,12057772.28306100,29700,4035.66230000,7720335.75046700,0
1746689400000000,1914.92000000,1943.83000000,1912.81000000,1932.37000000,40005.75310000,1746690299999999,77241791.27249400,110110,22256.30800000,42968107.19372200,0
1746690300000000,1932.37000000,1932.40000000,1925.00000000,1928.40000000,8897.67490000,1746691199999999,17159274.76321900,29236,4002.29510000,7719236.45342500,0
1746691200000000,1928.40000000,1932.91000000,1925.90000000,1928.90000000,17725.15190000,1746692099999999,34189405.62969600,39370,10321.13450000,19908947.03385900,0
1746692100000000,1928.89000000,1934.80000000,1927.99000000,1930.97000000,12178.34930000,1746692999999999,23523578.55492700,31637,3971.79010000,7671265.47201900,0
1746693000000000,1930.97000000,1938.31000000,1929.70000000,1937.10000000,9592.10940000,1746693899999999,18560287.70017300,29988,5695.99740000,11022512.85068500,0
1746693900000000,1937.11000000,1947.00000000,1933.34000000,1934.98000000,11953.45650000,1746694799999999,23180504.75476500,46789,4892.94230000,9492340.71544600,0
1746694800000000,1934.98000000,1937.51000000,1929.81000000,1936.20000000,5653.26130000,1746695699999999,10930061.70442600,25873,2640.35710000,5105541.37682600,0
1746695700000000,1936.21000000,1942.00000000,1936.11000000,1941.19000000,8445.26630000,1746696599999999,16372290.66031000,28215,4514.66690000,8752593.37101800,0
1746696600000000,1941.20000000,1941.20000000,1932.08000000,1935.23000000,4975.46880000,1746697499999999,9627473.06474000,26787,1546.42250000,2992004.78613800,0
1746697500000000,1935.24000000,1942.34000000,1935.11000000,1941.10000000,6460.37690000,1746698399999999,12527438.69532600,20554,4303.87610000,8347656.94255800,0
1746698400000000,1941.10000000,1946.55000000,1939.22000000,1940.83000000,9464.23810000,1746699299999999,18381507.49913200,37851,5455.64860000,10596639.95271800,0
1746699300000000,1940.83000000,1950.60000000,1939.54000000,1948.39000000,9000.77280000,1746700199999999,17508839.51107300,33403,4424.56520000,8610795.20692400,0
1746700200000000,1948.39000000,1950.61000000,1943.60000000,1945.99000000,6496.29910000,1746701099999999,12645979.86295500,29886,2642.47430000,5144525.86431500,0
1746701100000000,1946.00000000,1968.72000000,1945.99000000,1961.01000000,26614.36170000,1746701999999999,52107897.35456000,76718,13763.37300000,26938586.55821000,0
1746702000000000,1961.00000000,1961.40000000,1951.70000000,1954.63000000,11418.92050000,1746702899999999,22341998.04246300,44247,5440.95830000,10644111.90907300,0
1746702900000000,1954.62000000,1957.30000000,1946.91000000,1948.00000000,6266.99420000,1746703799999999,12224956.47986300,30167,2833.61250000,5527367.96183600,0
1746703800000000,1948.00000000,1953.90000000,1945.21000000,1951.89000000,4962.63630000,1746704699999999,9675611.72252500,24964,2598.86070000,5066713.40188200,0
1746704700000000,1951.89000000,1958.87000000,1951.53000000,1957.63000000,4071.97260000,1746705599999999,7961415.39598700,23120,2406.65700000,4705304.79799000,0
1746705600000000,1957.64000000,1965.00000000,1956.51000000,1960.42000000,12916.02690000,1746706499999999,25324852.20425900,38123,7868.95170000,15427881.04989700,0
1746706500000000,1960.42000000,1977.26000000,1960.42000000,1967.54000000,23520.66060000,1746707399999999,46324710.04349100,73073,12082.63440000,23800333.94564400,0
1746707400000000,1967.55000000,1973.21000000,1954.27000000,1958.47000000,15193.55890000,1746708299999999,29800036.95392400,59885,8338.51690000,16358406.88027300,0
1746708300000000,1958.46000000,1965.90000000,1957.94000000,1959.70000000,6493.55190000,1746709199999999,12742493.74025100,30093,3601.90790000,7069576.52132600,0
1746709200000000,1959.70000000,1969.80000000,1959.50000000,1966.21000000,13595.01110000,1746710099999999,26729044.44412600,40186,5793.14290000,11390306.16437700,0
1746710100000000,1966.20000000,1971.52000000,1965.65000000,1967.69000000,7790.64420000,1746710999999999,15333658.38586200,33994,3287.70880000,6471727.38220800,0
1746711000000000,1967.69000000,1984.75000000,1965.54000000,1971.00000000,17733.02630000,1746711899999999,35014243.38812700,88868,9659.67740000,19074350.18918300,0
1746711900000000,1971.00000000,1980.10000000,1962.50000000,1976.30000000,12782.79210000,1746712799999999,25204589.22696700,57445,6475.54730000,12771330.06007200,0
1746712800000000,1976.30000000,1983.20000000,1969.16000000,1971.41000000,10926.76840000,1746713699999999,21594615.44729100,66842,5304.58170000,10487658.09029200,0
1746713700000000,1971.41000000,1980.76000000,1970.71000000,1979.47000000,10990.02570000,1746714599999999,21727248.64096000,47521,7236.68590000,14307601.36633700,0
1746714600000000,1979.48000000,1995.99000000,1979.48000000,1986.49000000,23451.13760000,1746715499999999,46621070.69317100,85447,14093.90300000,28019102.31612900,0
1746715500000000,1986.49000000,2010.68000000,1985.21000000,1989.51000000,35252.22840000,1746716399999999,70426142.30087400,114357,20615.41870000,41183322.06110100,0
1746716400000000,1989.51000000,2007.76000000,1987.81000000,2002.97000000,25956.81630000,1746717299999999,51865527.48422400,86502,13832.74260000,27646842.87951400,0
1746717300000000,2002.96000000,2032.00000000,1999.40000000,2020.99000000,50731.70930000,1746718199999999,102344285.18336500,132763,27443.53810000,55371231.92688600,0
1746718200000000,2021.00000000,2075.65000000,2013.37000000,2058.00000000,61223.54060000,1746719099999999,125284969.02438700,175318,33816.81140000,69202506.70664400,0
1746719100000000,2057.99000000,2067.60000000,2032.24000000,2051.30000000,41352.21390000,1746719999999999,84830122.48175100,142740,21317.65850000,43737457.91637500,0
1746720000000000,2051.30000000,2059.20000000,2041.73000000,2054.77000000,15778.72880000,1746720899999999,32347517.65416200,91506,8718.80990000,17878176.42425700,0
1746720900000000,2054.78000000,2066.67000000,2041.63000000,2042.79000000,20661.11690000,1746721799999999,42428808.66695400,84569,9172.57000000,18856932.46896800,0
1746721800000000,2042.79000000,2051.48000000,2036.64000000,2048.30000000,11227.10700000,1746722699999999,22962489.95086700,63048,5874.83660000,12019077.89390200,0
1746722700000000,2048.29000000,2054.87000000,2043.50000000,2050.59000000,8193.24290000,1746723599999999,16796618.31379900,42599,4842.96050000,9928229.85491000,0
1746723600000000,2050.59000000,2052.77000000,2043.10000000,2047.50000000,9083.26210000,1746724499999999,18598530.53284900,52865,4994.41410000,10228420.64656100,0
1746724500000000,2047.50000000,2057.39000000,2046.00000000,2048.91000000,8307.31370000,1746725399999999,17038129.28668300,43427,4942.77340000,10139007.14049600,0
1746725400000000,2048.91000000,2052.00000000,2042.70000000,2045.86000000,10036.03070000,1746726299999999,20537887.38929300,47014,4058.03910000,8304805.86808900,0
1746726300000000,2045.86000000,2050.00000000,2036.71000000,2046.20000000,9857.93130000,1746727199999999,20150717.46295500,47176,4537.60840000,9276095.38679800,0
1746727200000000,2046.21000000,2054.55000000,2043.96000000,2051.79000000,6284.57480000,1746728099999999,12880627.82600600,39894,3114.35830000,6384741.52540200,0
1746728100000000,2051.78000000,2066.66000000,2051.20000000,2053.86000000,10545.23630000,1746728999999999,21696268.68005900,45560,5892.51660000,12127564.87426900,0
1746729000000000,2053.85000000,2074.20000000,2051.42000000,2066.13000000,14033.14230000,1746729899999999,28971883.05753600,63151,8775.38060000,18114203.82077500,0
1746729900000000,2066.12000000,2069.40000000,2062.01000000,2067.74000000,6243.93610000,1746730799999999,12892542.42091300,39032,3106.19070000,6413769.75279100,0
1746730800000000,2067.73000000,2068.85000000,2061.28000000,2064.15000000,6245.19480000,1746731699999999,12897436.13219100,36899,2297.19790000,4744461.12876800,0
1746731700000000,2064.15000000,2088.69000000,2062.32000000,2075.15000000,26678.74330000,1746732599999999,55412132.89703200,73840,13782.88640000,28632716.27874900,0
1746732600000000,2075.16000000,2082.00000000,2069.24000000,2080.38000000,10067.93610000,1746733499999999,20901495.58212900,50325,4578.70100000,9504472.97631100,0
1746733500000000,2080.38000000,2140.00000000,2077.49000000,2117.83000000,64972.10560000,1746734399999999,137342669.57621700,168430,36411.06310000,76899889.83246600,0
1746734400000000,2117.83000000,2127.00000000,2114.45000000,2115.00000000,25806.15210000,1746735299999999,54687971.38802100,85202,11823.15820000,25059590.65433500,0
1746735300000000,2115.00000000,2129.00000000,2111.60000000,2125.40000000,11817.64950000,1746736199999999,25056901.89513200,53174,5758.27580000,12211602.64562900,0
1746736200000000,2125.41000000,2160.69000000,2125.01000000,2151.58000000,36454.25030000,1746737099999999,78148894.39476000,118992,20870.36910000,44731059.06585900,0
1746737100000000,2151.57000000,2199.65000000,2145.27000000,2185.00000000,43755.89250000,1746737999999999,95381377.52656900,152651,22878.97310000,49878546.16650400,0
1746738000000000,2185.01000000,2187.20000000,2157.75000000,2185.89000000,26294.39530000,1746738899999999,57132456.45867100,111780,13184.82520000,28653059.95239200,0
1746738900000000,2185.90000000,2226.00000000,2182.05000000,2198.80000000,46948.40850000,1746739799999999,103537786.78794300,154297,26833.57720000,59156184.28644700,0
1746739800000000,2198.80000000,2209.83000000,2167.00000000,2180.81000000,24126.46900000,1746740699999999,52860959.33881300,96642,12265.34830000,26876154.63636000,0
1746740700000000,2180.81000000,2188.99000000,2160.24000000,2179.85000000,22794.56550000,1746741599999999,49601986.19165000,86035,12732.06110000,27699193.48285000,0
1746741600000000,2179.86000000,2181.00000000,2167.15000000,2177.60000000,14609.75040000,1746742499999999,31749677.95684000,82521,7021.36430000,15260150.62113300,0
1746742500000000,2177.61000000,2189.66000000,2174.70000000,2180.11000000,12198.14930000,1746743399999999,26609718.86253700,61314,6677.40860000,14567674.47722600,0
1746743400000000,2180.10000000,2195.72000000,2172.30000000,2195.04000000,17639.27020000,1746744299999999,38502263.02448600,63266,8217.00000000,17930735.46165300,0
1746744300000000,2195.08000000,2196.77000000,2177.55000000,2179.47000000,17407.84730000,1746745199999999,38052532.27909400,56190,7267.91860000,15865678.34738500,0
1746745200000000,2179.46000000,2180.15000000,2166.29000000,2174.43000000,17696.37190000,1746746099999999,38452770.80870700,69537,7682.49120000,16691655.73180600,0
1746746100000000,2174.44000000,2187.01000000,2172.07000000,2184.59000000,13094.08670000,1746746999999999,28568245.51419200,62128,5355.82790000,11685357.16958300,0
1746747000000000,2184.58000000,2196.32000000,2183.91000000,2192.40000000,9734.89880000,1746747899999999,21323172.91960700,58632,4306.40590000,9434129.07194900,0
1746747900000000,2192.41000000,2208.56000000,2191.95000000,2207.39000000,12987.06920000,1746748799999999,28581617.84390600,59229,6953.80910000,15300053.47830700,0
1746748800000000,2207.39000000,2208.39000000,2187.28000000,2188.10000000,10806.84840000,1746749699999999,23734387.69992200,65537,4732.32130000,10394726.84249600,0
1746749700000000,2188.11000000,2197.35000000,2184.33000000,2190.95000000,5386.99480000,1746750599999999,11804401.29174400,42738,2936.73770000,6437140.07162200,0
1746750600000000,2190.96000000,2203.57000000,2185.69000000,2201.19000000,15721.77470000,1746751499999999,34525663.15861400,70676,8978.29070000,19718476.52325800,0
1746751500000000,2201.19000000,2215.00000000,2198.08000000,2200.91000000,8984.94100000,1746752399999999,19825084.44039000,59703,4378.27630000,9661989.14446100,0
1746752400000000,2200.91000000,2212.42000000,2192.92000000,2210.99000000,12338.62340000,1746753299999999,27159087.73126200,72847,6279.95240000,13822195.52357800,0
1746753300000000,2210.99000000,2244.22000000,2198.40000000,2205.84000000,31961.45690000,1746754199999999,70968741.99434600,140004,16317.85100000,36238086.63342300,0
1746754200000000,2205.83000000,2208.55000000,2190.14000000,2199.24000000,8294.07870000,1746755099999999,18227091.92850800,66291,3541.01600000,7782118.43482500,0
1746755100000000,2199.23000000,2208.97000000,2192.01000000,2206.80000000,6025.12160000,1746755999999999,13260234.26670400,44993,3888.84270000,8561099.91188700,0
1746756000000000,2206.79000000,2208.00000000,2194.35000000,2199.54000000,5913.15720000,1746756899999999,13010845.02246000,45678,2533.33490000,5574306.73299100,0
1746756900000000,2199.55000000,2206.99000000,2194.47000000,2198.14000000,8500.76030000,1746757799999999,18701565.50806400,49840,3620.56950000,7964674.06648600,0
1746757800000000,2198.13000000,2206.38000000,2197.50000000,2203.93000000,8707.07350000,1746758699999999,19175397.90475100,47043,2498.54170000,5501530.23639300,0
1746758700000000,2203.93000000,2217.36000000,2202.51000000,2216.59000000,15865.71510000,1746759599999999,35080065.69365100,62410,8689.47010000,19214744.14117700,0
1746759600000000,2216.59000000,2242.35000000,2212.56000000,2235.23000000,18144.25290000,1746760499999999,40463848.92887400,101324,10027.29890000,22347829.39655600,0
1746760500000000,2235.23000000,2245.03000000,2225.92000000,2227.82000000,13055.24800000,1746761399999999,29183593.09317300,79294,5465.04030000,12220759.45985400,0
1746761400000000,2227.82000000,2228.00000000,2214.69000000,2217.79000000,9322.50500000,1746762299999999,20690308.06393600,60724,3629.91730000,8057279.28100800,0
1746762300000000,2217.80000000,2224.63000000,2197.07000000,2205.06000000,18063.30080000,1746763199999999,39909514.67706700,73966,9149.68320000,20211518.40111600,0
1746763200000000,2205.06000000,2214.34000000,2202.80000000,2213.48000000,6822.28130000,1746764099999999,15068614.35545400,55358,3300.07080000,7289129.20669300,0
1746764100000000,2213.47000000,2222.62000000,2210.55000000,2220.35000000,5807.27500000,1746764999999999,12877970.55279900,47708,3515.60330000,7796814.84311000,0
1746765000000000,2220.36000000,2221.99000000,2212.01000000,2215.90000000,5097.31520000,1746765899999999,11298821.85462200,40561,2458.88520000,5453234.91074000,0
1746765900000000,2215.89000000,2221.50000000,2212.32000000,2213.90000000,6729.58760000,1746766799999999,14918486.75540900,35353,3124.74240000,6928525.41869600,0
1746766800000000,2213.90000000,2217.35000000,2208.87000000,2214.99000000,5602.77740000,1746767699999999,12399145.94069400,37701,2437.15150000,5394070.22107100,0
1746767700000000,2214.99000000,2219.88000000,2205.71000000,2209.94000000,6166.84440000,1746768599999999,13649081.85018800,34220,2650.96800000,5867041.04992300,0
1746768600000000,2209.94000000,2214.46000000,2205.95000000,2213.95000000,5224.99500000,1746769499999999,11548473.54419400,31031,2442.34670000,5398658.88831600,0
1746769500000000,2213.95000000,2215.50000000,2208.22000000,2215.05000000,9836.27120000,1746770399999999,21753817.65680200,24625,3434.50150000,7596035.14475900,0
1746770400000000,2215.05000000,2229.45000000,2214.41000000,2222.69000000,8244.21080000,1746771299999999,18305656.12228800,44634,4506.54320000,10007097.32675500,0
1746771300000000,2222.70000000,2255.13000000,2222.69000000,2251.35000000,26096.01200000,1746772199999999,58546596.14404800,109123,16443.61810000,36891674.26093800,0
1746772200000000,2251.35000000,2259.85000000,2241.16000000,2247.73000000,19449.51610000,1746773099999999,43789730.89612500,89598,10604.86640000,23885687.12411700,0
1746773100000000,2247.73000000,2257.51000000,2243.00000000,2256.91000000,8894.85840000,1746773999999999,20032275.44565300,52500,5098.78450000,11485555.10540800,0
1746774000000000,2256.92000000,2302.95000000,2256.07000000,2294.36000000,45026.84390000,1746774899999999,102771249.13548900,177604,27898.01590000,63675937.94787800,0
1746774900000000,2294.38000000,2310.00000000,2289.48000000,2309.53000000,22378.42400000,1746775799999999,51474501.97853500,113493,10028.10470000,23067448.33881200,0
1746775800000000,2309.52000000,2378.17000000,2294.23000000,2352.64000000,59284.39770000,1746776699999999,138471165.61090300,185084,30558.94880000,71386869.53276700,0
1746776700000000,2352.58000000,2393.00000000,2346.22000000,2364.09000000,82092.81910000,1746777599999999,194789161.85207600,221724,38438.73140000,91219763.39549400,0
1746777600000000,2364.09000000,2386.25000000,2357.59000000,2370.11000000,27844.57120000,1746778499999999,66111300.78574600,127683,13982.05950000,33210781.15441400,0
1746778500000000,2370.12000000,2442.78000000,2369.10000000,2427.61000000,58777.30210000,1746779399999999,141480785.89266800,180040,37754.96070000,90838997.01256700,0
1746779400000000,2427.62000000,2490.77000000,2366.36000000,2378.55000000,128580.98060000,1746780299999999,313033359.52575000,376229,64127.55100000,156255130.95484000,0
1746780300000000,2379.02000000,2429.41000000,2378.14000000,2412.88000000,96033.37570000,1746781199999999,231478027.13870200,234102,44838.16410000,108034050.92973500,0
1746781200000000,2412.88000000,2423.70000000,2316.98000000,2355.72000000,84400.55000000,1746782099999999,200743043.85583400,254251,31264.12360000,74257669.51829400,0
1746782100000000,2355.74000000,2357.26000000,2292.12000000,2310.88000000,73083.14350000,1746782999999999,169981962.52508500,237408,34201.03530000,79501216.26744000,0
1746783000000000,2310.88000000,2346.00000000,2309.27000000,2339.75000000,36936.82630000,1746783899999999,86159608.30592600,144375,16954.73670000,39537806.85098500,0
1746783900000000,2339.76000000,2346.85000000,2317.45000000,2341.60000000,22111.51950000,1746784799999999,51591875.83602100,102035,10651.93300000,24856078.97056400,0
1746784800000000,2341.60000000,2359.60000000,2330.19000000,2352.66000000,18464.28140000,1746785699999999,43312897.41061500,101782,8486.74610000,19910525.47262000,0
1746785700000000,2352.66000000,2353.99000000,2329.02000000,2336.21000000,20667.16110000,1746786599999999,48352376.65534800,93357,7368.21670000,17232344.20808200,0
1746786600000000,2336.21000000,2343.90000000,2330.02000000,2339.70000000,13870.10700000,1746787499999999,32413195.03774000,77504,6106.02110000,14269497.43768400,0
1746787500000000,2339.71000000,2354.09000000,2338.63000000,2348.80000000,17082.83780000,1746788399999999,40115368.15116300,83250,7444.93720000,17483589.24748300,0
1746788400000000,2348.80000000,2352.72000000,2331.77000000,2349.80000000,18381.45360000,1746789299999999,43042013.99966400,79935,8673.71380000,20310769.19997400,0
1746789300000000,2349.81000000,2376.17000000,2314.84000000,2343.44000000,45805.81180000,1746790199999999,107577078.88885500,155386,20206.05050000,47476809.51124600,0
1746790200000000,2343.44000000,2352.27000000,2333.69000000,2352.13000000,14944.77180000,1746791099999999,35021614.09849700,88017,7678.82750000,17998727.93403500,0
1746791100000000,2352.13000000,2360.95000000,2344.36000000,2351.29000000,11899.20720000,1746791999999999,27983361.60228100,63451,4990.72040000,11737636.62454500,0
1746792000000000,2351.29000000,2353.27000000,2326.03000000,2330.88000000,17763.00510000,1746792899999999,41550228.91632300,84742,8555.63850000,20014839.54628900,0
1746792900000000,2330.88000000,2343.00000000,2325.75000000,2340.65000000,13035.72470000,1746793799999999,30459117.98011300,63084,5565.26680000,13005320.38893400,0
1746793800000000,2340.65000000,2347.23000000,2335.64000000,2338.85000000,10898.70910000,1746794699999999,25521361.79516600,58015,4972.74010000,11644922.99127800,0
1746794700000000,2338.84000000,2343.00000000,2336.08000000,2339.99000000,8111.55450000,1746795599999999,18976559.26054400,45552,2901.92080000,6789135.21357700,0
1746795600000000,2339.99000000,2352.50000000,2338.80000000,2348.59000000,11389.28830000,1746796499999999,26731055.28958400,51077,5161.76390000,12117152.70620000,0
1746796500000000,2348.58000000,2352.15000000,2342.00000000,2346.14000000,5530.93120000,1746797399999999,12983822.75034500,41215,2964.03750000,6958572.68254000,0
1746797400000000,2346.14000000,2371.95000000,2329.04000000,2365.33000000,22600.27820000,1746798299999999,53264452.73890800,90213,12959.79790000,30567940.06077400,0
1746798300000000,2365.33000000,2388.23000000,2363.82000000,2370.12000000,21127.33600000,1746799199999999,50203898.14268200,77604,10833.52020000,25749108.99708000,0
1746799200000000,2370.12000000,2370.12000000,2343.00000000,2359.68000000,13977.84970000,1746800099999999,32915004.22510100,71825,7027.62390000,16546590.90950300,0
1746800100000000,2359.67000000,2363.57000000,2312.57000000,2316.28000000,28369.02140000,1746800999999999,66144093.31832900,100255,11237.27110000,26196157.73045500,0
1746801000000000,2316.29000000,2333.78000000,2271.50000000,2312.24000000,47026.42070000,1746801899999999,108016452.73145800,146278,21143.16900000,48611836.20977800,0
1746801900000000,2312.25000000,2317.02000000,2287.26000000,2305.96000000,15208.61410000,1746802799999999,35005040.96922100,74233,7149.05080000,16461164.32688900,0
1746802800000000,2305.97000000,2321.60000000,2300.01000000,2317.49000000,16063.03920000,1746803699999999,37139609.33698100,76242,7897.97880000,18258736.05368500,0
1746803700000000,2317.48000000,2321.42000000,2287.57000000,2302.01000000,14854.19830000,1746804599999999,34199890.97379300,71647,6098.70250000,14048987.04438100,0
1746804600000000,2302.00000000,2307.03000000,2282.24000000,2296.65000000,12389.04590000,1746805499999999,28444277.07128700,70472,6040.39120000,13870031.85167700,0
1746805500000000,2296.65000000,2309.27000000,2286.20000000,2301.30000000,12839.06470000,1746806399999999,29521947.69585700,61409,7069.04940000,16254221.55189700,0
1746806400000000,2301.28000000,2304.09000000,2274.33000000,2301.87000000,17089.58240000,1746807299999999,39116513.52863000,70931,9851.01890000,22556590.38063500,0
1746807300000000,2301.88000000,2311.53000000,2295.55000000,2303.07000000,12685.44010000,1746808199999999,29232029.82061600,53521,6776.58600000,15618105.75020600,0
1746808200000000,2303.08000000,2315.48000000,2300.62000000,2314.04000000,8285.81090000,1746809099999999,19138910.71857500,41711,5259.85150000,12149587.13326700,0
1746809100000000,2314.04000000,2316.07000000,2293.33000000,2298.16000000,7980.64620000,1746809999999999,18378191.45310300,44694,3529.25760000,8126663.44916800,0
1746810000000000,2298.16000000,2319.49000000,2294.84000000,2315.24000000,9903.94400000,1746810899999999,22875644.27380500,46099,5797.58910000,13388307.16590800,0
1746810900000000,2315.24000000,2333.01000000,2314.48000000,2330.78000000,14537.52610000,1746811799999999,33819056.68741700,55871,9591.60990000,22311425.61047900,0
1746811800000000,2330.78000000,2341.99000000,2325.19000000,2337.45000000,9607.68000000,1746812699999999,22427956.95723800,44721,5976.60510000,13951268.28080400,0
1746812700000000,2337.45000000,2355.20000000,2337.19000000,2350.03000000,9544.93770000,1746813599999999,22412231.23393700,48382,5709.84330000,13406263.86027900,0
1746813600000000,2350.02000000,2352.65000000,2337.27000000,2341.89000000,6041.94140000,1746814499999999,14163024.50843100,36484,2850.88410000,6683412.36084000,0
1746814500000000,2341.89000000,2343.44000000,2328.27000000,2334.83000000,5150.21220000,1746815399999999,12022814.88043200,36948,2102.15830000,4907603.54831800,0
1746815400000000,2334.83000000,2343.91000000,2334.03000000,2339.63000000,3768.71940000,1746816299999999,8814558.06074500,29889,1817.83850000,4251575.57516600,0
1746816300000000,2339.63000000,2346.32000000,2338.19000000,2340.03000000,3217.46980000,1746817199999999,7534774.77777100,22057,1352.01320000,3166328.62017200,0
1746817200000000,2340.03000000,2344.41000000,2328.84000000,2329.13000000,5484.51610000,1746818099999999,12814956.24224800,30613,2192.15260000,5121742.62733100,0
1746818100000000,2329.13000000,2329.24000000,2308.78000000,2321.78000000,8925.85610000,1746818999999999,20695310.58004400,48894,3715.35170000,8615287.11432100,0
1746819000000000,2321.79000000,2325.49000000,2317.38000000,2322.52000000,3655.08210000,1746819899999999,8483772.56952700,26682,1946.24010000,4517668.71734000,0
1746819900000000,2322.53000000,2333.11000000,2318.56000000,2331.57000000,4113.73560000,1746820799999999,9569659.08667900,30374,2247.92450000,5229828.71196500,0
1746820800000000,2331.58000000,2347.05000000,2329.90000000,2339.93000000,4907.38710000,1746821699999999,11476979.07529700,27468,2671.12170000,6248223.07484900,0
1746821700000000,2339.93000000,2352.00000000,2338.98000000,2346.23000000,5766.92460000,1746822599999999,13532574.85763600,21443,3722.51610000,8735068.96202100,0
1746822600000000,2346.24000000,2346.40000000,2329.14000000,2333.08000000,6715.19940000,1746823499999999,15673625.72450700,23296,2759.84080000,6440505.65767300,0
1746823500000000,2333.07000000,2340.89000000,2326.50000000,2340.00000000,4762.86620000,1746824399999999,11112037.44696300,21381,2317.98000000,5410262.03692700,0
1746824400000000,2339.99000000,2342.19000000,2332.52000000,2332.88000000,3070.80170000,1746825299999999,7177474.72156600,14676,1289.91130000,3015106.21994100,0
1746825300000000,2332.88000000,2335.68000000,2322.65000000,2335.49000000,4641.76640000,1746826199999999,10810749.46186700,18771,2744.36470000,6392378.82027400,0
1746826200000000,2335.49000000,2343.22000000,2331.72000000,2333.59000000,4403.81690000,1746827099999999,10296229.19446900,15698,2336.63500000,5464318.47300800,0
1746827100000000,2333.59000000,2338.62000000,2331.79000000,2337.82000000,2177.36530000,1746827999999999,5085905.09531800,11595,1161.10130000,2712023.01238800,0
1746828000000000,2337.83000000,2340.67000000,2332.76000000,2335.67000000,4624.33250000,1746828899999999,10809580.30974800,15538,2647.35320000,6188036.76043500,0
1746828900000000,2335.68000000,2341.15000000,2329.02000000,2340.99000000,2291.26990000,1746829799999999,5352932.10792100,12908,1076.83420000,2516189.00505500,0
1746829800000000,2340.99000000,2346.00000000,2337.61000000,2339.24000000,2473.63790000,1746830699999999,5792368.44343700,11249,1291.53940000,3024679.24460900,0
1746830700000000,2339.23000000,2341.97000000,2333.36000000,2334.47000000,2239.62500000,1746831599999999,5233604.96423600,11698,1199.96470000,2804048.90993300,0
1746831600000000,2334.47000000,2341.70000000,2332.80000000,2341.58000000,1792.97790000,1746832499999999,4188799.66058900,9971,954.06310000,2228971.20952500,0
1746832500000000,2341.58000000,2347.56000000,2338.79000000,2343.23000000,3412.45270000,1746833399999999,7993503.11370900,14271,2213.18630000,5185508.58308400,0
1746833400000000,2343.23000000,2346.23000000,2338.06000000,2339.20000000,2032.10300000,1746834299999999,4759137.25881200,11499,956.89740000,2241517.09669400,0
1746834300000000,2339.20000000,2346.66000000,2338.84000000,2345.04000000,1821.14850000,1746835199999999,4265757.53211800,9900,991.75240000,2322805.62834300,0
1746835200000000,2345.04000000,2358.00000000,2340.77000000,2349.17000000,7772.85740000,1746836099999999,18262121.53911900,36078,4125.24880000,9693801.79245400,0
1746836100000000,2349.17000000,2380.66000000,2348.74000000,2361.22000000,13186.70940000,1746836999999999,31207592.94405500,78891,7060.19920000,16712524.33557000,0
1746837000000000,2361.21000000,2361.21000000,2341.37000000,2343.99000000,8775.28100000,1746837899999999,20622904.99245500,60167,4359.88840000,10248266.31770600,0
1746837900000000,2343.99000000,2343.99000000,2317.00000000,2326.44000000,10499.54380000,1746838799999999,24454916.90086100,67869,4523.89910000,10533869.40654300,0
1746838800000000,2326.45000000,2339.20000000,2326.00000000,2335.17000000,3020.77790000,1746839699999999,7049191.00749800,33857,1624.40620000,3790460.90171300,0
1746839700000000,2335.17000000,2349.13000000,2334.68000000,2347.84000000,2580.33450000,1746840599999999,6045715.17339000,29376,1567.97580000,3674097.28263000,0
1746840600000000,2347.84000000,2354.39000000,2343.22000000,2346.41000000,3739.76230000,1746841499999999,8790446.87235200,27879,1632.73030000,3837222.59154400,0
1746841500000000,2346.41000000,2350.69000000,2332.72000000,2335.28000000,3907.58080000,1746842399999999,9144554.44366100,30891,2057.34760000,4815122.38606400,0
1746842400000000,2335.28000000,2343.01000000,2333.00000000,2343.01000000,1934.87850000,1746843299999999,4524704.45703400,25359,1165.42940000,2725690.49817600,0
1746843300000000,2343.01000000,2343.22000000,2333.29000000,2339.20000000,1755.43170000,1746844199999999,4103693.79010300,22203,853.20010000,1994604.76654500,0
1746844200000000,2339.19000000,2349.36000000,2335.38000000,2343.41000000,3550.24220000,1746845099999999,8321594.88361000,30594,1760.40960000,4125747.42007300,0
1746845100000000,2343.41000000,2346.67000000,2339.36000000,2342.09000000,2386.45150000,1746845999999999,5590210.86989000,16827,1042.56710000,2442404.81812000,0
1746846000000000,2342.09000000,2342.87000000,2333.47000000,2334.99000000,2510.39130000,1746846899999999,5865602.08286100,24714,1086.57580000,2539332.03125300,0
1746846900000000,2334.99000000,2339.00000000,2331.71000000,2338.51000000,2636.49760000,1746847799999999,6157663.07324600,17895,1058.75120000,2473075.35961000,0
1746847800000000,2338.51000000,2341.29000000,2332.79000000,2338.07000000,2018.75770000,1746848699999999,4718248.42249000,19533,1124.90720000,2629062.22276900,0
1746848700000000,2338.07000000,2341.61000000,2335.11000000,2339.89000000,1969.73360000,1746849599999999,4605969.11348900,16666,1111.44700000,2598998.20619900,0
1746849600000000,2339.89000000,2339.89000000,2326.66000000,2332.94000000,3723.34500000,1746850499999999,8684060.20568900,28451,1659.20990000,3869934.00876900,0
1746850500000000,2332.95000000,2336.13000000,2328.42000000,2330.55000000,2208.07090000,1746851399999999,5150360.69160900,26195,1075.56440000,2509143.60629700,0
1746851400000000,2330.54000000,2334.65000000,2327.65000000,2332.04000000,1694.64890000,1746852299999999,3950657.17970600,19149,903.02260000,2105185.23692400,0
1746852300000000,2332.04000000,2337.12000000,2330.69000000,2337.00000000,1858.72960000,1746853199999999,4339757.60513600,15809,1173.61930000,2740164.66266800,0
1746853200000000,2337.00000000,2344.90000000,2337.00000000,2338.99000000,3351.52630000,1746854099999999,7845983.83869500,22769,2093.47980000,4900535.08656800,0
1746854100000000,2339.00000000,2346.79000000,2338.56000000,2343.30000000,4819.56180000,1746854999999999,11290626.84282300,24402,2672.06810000,6260026.05850400,0
1746855000000000,2343.30000000,2345.90000000,2339.00000000,2343.53000000,2129.04540000,1746855899999999,4987899.00733400,23181,1106.59260000,2592403.54986900,0
1746855900000000,2343.54000000,2355.36000000,2341.71000000,2353.08000000,5799.78160000,1746856799999999,13618719.78725700,25961,4151.02390000,9747010.58988400,0
1746856800000000,2353.08000000,2370.81000000,2352.36000000,2361.89000000,10740.23130000,1746857699999999,25373030.18717800,57972,7051.16040000,16658346.52246300,0
1746857700000000,2361.89000000,2378.08000000,2358.29000000,2373.26000000,9611.96540000,1746858599999999,22795477.35185700,54719,5994.55280000,14218654.35247500,0
1746858600000000,2373.27000000,2376.14000000,2357.17000000,2358.38000000,8898.92960000,1746859499999999,21059744.82706600,46753,4584.28540000,10848877.55180600,0
1746859500000000,2358.37000000,2368.07000000,2351.15000000,2367.69000000,8602.58700000,1746860399999999,20291870.27981100,44611,4698.31050000,11084966.70092500,0
1746860400000000,2367.68000000,2372.87000000,2361.00000000,2361.69000000,7920.65100000,1746861299999999,18747963.28799600,43509,3663.80860000,8674510.61213100,0
1746861300000000,2361.69000000,2366.03000000,2355.01000000,2359.79000000,4647.40060000,1746862199999999,10966471.18338000,29412,2330.42450000,5500242.44267800,0
1746862200000000,2359.79000000,2369.00000000,2357.31000000,2365.89000000,12172.76720000,1746863099999999,28798182.12660800,30915,6987.93770000,16532980.34080900,0
1746863100000000,2365.90000000,2417.13000000,2365.80000000,2400.00000000,33213.24900000,1746863999999999,79518528.23672600,97002,19324.95320000,46251011.58041700,0
1746864000000000,2400.01000000,2435.72000000,2394.61000000,2404.84000000,36743.46280000,1746864899999999,88782688.67327300,126043,19435.81880000,46972944.28470500,0
1746864900000000,2404.85000000,2418.94000000,2404.59000000,2414.54000000,8344.02740000,1746865799999999,20128979.73707500,52951,4572.02830000,11029101.18345800,0
1746865800000000,2414.55000000,2422.30000000,2407.38000000,2413.57000000,9670.09920000,1746866699999999,23339953.28704900,41377,4997.29760000,12061897.69206500,0
1746866700000000,2413.56000000,2418.14000000,2360.00000000,2382.60000000,28244.19090000,1746867599999999,67317486.03083100,119716,12872.61290000,30670586.01728000,0
1746867600000000,2382.62000000,2385.43000000,2365.58000000,2373.44000000,17016.89240000,1746868499999999,40405763.26384100,83593,6195.89510000,14711216.26022700,0
1746868500000000,2373.44000000,2399.90000000,2365.69000000,2391.80000000,16495.11240000,1746869399999999,39302122.18382600,75683,7075.18580000,16863698.57946000,0
1746869400000000,2391.79000000,2422.47000000,2384.32000000,2406.18000000,16681.31290000,1746870299999999,40095241.50637500,81098,8833.32600000,21248920.33104800,0
1746870300000000,2406.19000000,2416.16000000,2396.41000000,2401.32000000,9185.98490000,1746871199999999,22122570.53088200,51386,3790.17400000,9127827.97720100,0
1746871200000000,2401.31000000,2412.41000000,2385.00000000,2408.27000000,12071.24380000,1746872099999999,28966175.63542600,62449,6125.46800000,14702870.23181300,0
1746872100000000,2408.30000000,2415.73000000,2404.62000000,2406.35000000,6520.98400000,1746872999999999,15718050.05683300,43922,3222.63190000,7767462.26135400,0
1746873000000000,2406.35000000,2429.10000000,2405.86000000,2416.81000000,14914.76610000,1746873899999999,36063740.30703300,71091,7996.20650000,19335189.38003700,0
1746873900000000,2416.82000000,2423.48000000,2395.35000000,2396.96000000,13645.85980000,1746874799999999,32900131.10991400,68417,4897.86690000,11814225.57576200,0
1746874800000000,2396.93000000,2403.66000000,2386.70000000,2403.19000000,11353.42890000,1746875699999999,27188635.51374600,51658,6060.80110000,14515947.63274200,0
1746875700000000,2403.19000000,2404.22000000,2389.56000000,2391.20000000,4954.71860000,1746876599999999,11872230.65114100,33931,1954.60180000,4683190.08527300,0
1746876600000000,2391.19000000,2391.19000000,2375.24000000,2382.34000000,10421.38280000,1746877499999999,24826337.76220000,58392,3915.93610000,9329658.02379100,0
1746877500000000,2382.34000000,2392.99000000,2379.39000000,2384.75000000,5002.98430000,1746878399999999,11939713.78890300,34506,2077.33800000,4958114.44767900,0
1746878400000000,2384.76000000,2408.21000000,2384.76000000,2403.71000000,7988.25390000,1746879299999999,19149760.79458300,36284,5150.37570000,12347006.61498200,0
1746879300000000,2403.72000000,2415.93000000,2398.50000000,2410.90000000,8979.21620000,1746880199999999,21624806.10160200,46060,5020.10120000,12092273.86804500,0
1746880200000000,2410.90000000,2421.25000000,2403.70000000,2404.52000000,8906.69450000,1746881099999999,21483185.83648300,48634,4811.76430000,11608782.33570700,0
1746881100000000,2404.53000000,2410.93000000,2399.55000000,2408.28000000,6199.78960000,1746881999999999,14916319.06209300,33686,2968.26390000,7141900.01349300,0
1746882000000000,2408.28000000,2418.26000000,2408.28000000,2414.63000000,6329.68980000,1746882899999999,15272712.91278600,32423,3507.55160000,8464114.63336400,0
1746882900000000,2414.63000000,2421.40000000,2409.54000000,2418.07000000,6310.58130000,1746883799999999,15249685.26743300,36913,3441.11890000,8317322.39788700,0
1746883800000000,2418.06000000,2424.45000000,2412.99000000,2422.55000000,6539.82280000,1746884699999999,15825698.11145500,42002,3387.83790000,8198539.81595500,0
1746884700000000,2422.56000000,2448.88000000,2422.04000000,2437.84000000,22134.67150000,1746885599999999,53961908.38182200,86201,12474.24990000,30405035.81612900,0
1746885600000000,2437.84000000,2444.73000000,2420.21000000,2425.85000000,12272.86240000,1746886499999999,29828934.08967900,60457,5472.66330000,13303173.02644100,0
1746886500000000,2425.86000000,2427.86000000,2407.00000000,2415.27000000,9762.67410000,1746887399999999,23575879.94191400,45480,3524.73110000,8511923.46375700,0
1746887400000000,2415.27000000,2428.76000000,2413.75000000,2428.32000000,4971.44120000,1746888299999999,12038175.18439700,33407,2859.04110000,6923566.34302800,0
1746888300000000,2428.32000000,2444.76000000,2427.42000000,2435.87000000,9620.20270000,1746889199999999,23449329.14588300,50914,5692.42750000,13876308.75978100,0
1746889200000000,2435.88000000,2439.00000000,2422.63000000,2431.16000000,5252.74920000,1746890099999999,12772535.73483100,39353,2441.39520000,5937724.96588100,0
1746890100000000,2431.16000000,2439.40000000,2424.44000000,2436.61000000,6261.91370000,1746890999999999,15237481.95509600,37436,2874.22510000,6994345.80323000,0
1746891000000000,2436.62000000,2446.06000000,2424.55000000,2431.19000000,9386.15230000,1746891899999999,22851189.87952600,50774,4839.27850000,11786722.76239400,0
1746891900000000,2431.19000000,2445.00000000,2429.94000000,2433.46000000,7256.44440000,1746892799999999,17694972.42176100,43338,3728.11760000,9092219.73353400,0
1746892800000000,2433.46000000,2443.72000000,2428.93000000,2439.70000000,6983.87480000,1746893699999999,17013194.46631300,42443,3589.57760000,8743767.69139600,0
1746893700000000,2439.70000000,2467.18000000,2439.11000000,2448.03000000,23185.98820000,1746894599999999,56899576.48578000,77735,12397.81220000,30428302.25193500,0
1746894600000000,2448.04000000,2475.25000000,2444.25000000,2461.80000000,14014.10910000,1746895499999999,34471384.46635800,56263,6738.12060000,16583953.59263400,0
1746895500000000,2461.80000000,2471.75000000,2457.06000000,2461.26000000,7733.67320000,1746896399999999,19052679.58556700,41130,3880.60410000,9562537.74832100,0
1746896400000000,2461.26000000,2483.50000000,2455.40000000,2478.01000000,14364.03460000,1746897299999999,35512096.35278300,69548,9150.31830000,22625064.86727200,0
1746897300000000,2478.00000000,2490.50000000,2470.73000000,2479.77000000,12101.84020000,1746898199999999,30046124.88076600,62506,6932.38840000,17217865.66404200,0
1746898200000000,2479.81000000,2512.42000000,2478.66000000,2495.23000000,33072.88380000,1746899099999999,82610875.37311700,122545,20926.49140000,52273282.43593800,0
1746899100000000,2495.22000000,2504.59000000,2450.01000000,2461.23000000,39435.50700000,1746899999999999,97455717.45555500,132394,17640.23510000,43563831.02854200,0
1746900000000000,2461.22000000,2482.51000000,2457.29000000,2481.63000000,10995.40780000,1746900899999999,27169647.33069400,61762,6174.43410000,15259617.62815600,0
1746900900000000,2481.64000000,2487.50000000,2462.45000000,2468.95000000,9125.40300000,1746901799999999,22584092.04486000,50417,4358.03730000,10788047.81861300,0
1746901800000000,2468.96000000,2482.52000000,2463.48000000,2480.99000000,7191.53460000,1746902699999999,17797153.43502200,43365,3969.09170000,9822873.72146900,0
1746902700000000,2480.98000000,2506.94000000,2477.22000000,2495.26000000,18311.98730000,1746903599999999,45726950.14333400,71498,10198.94500000,25464741.44464000,0
1746903600000000,2495.26000000,2499.74000000,2478.70000000,2481.89000000,7820.52540000,1746904499999999,19469916.67387500,46534,3531.29380000,8793371.16822200,0
1746904500000000,2481.89000000,2488.44000000,2479.74000000,2481.97000000,3348.38710000,1746905399999999,8317755.18748900,26175,1455.85230000,3616835.95042100,0
1746905400000000,2481.96000000,2494.44000000,2476.67000000,2492.47000000,5983.86040000,1746906299999999,14895925.69415000,29720,2368.82750000,5894158.46116800,0
1746906300000000,2492.47000000,2507.13000000,2490.15000000,2499.48000000,8500.84440000,1746907199999999,21243245.63769700,39840,4537.33900000,11341297.89563900,0
1746907200000000,2499.49000000,2505.00000000,2469.10000000,2485.17000000,12708.24790000,1746908099999999,31569256.98035600,59966,5248.70120000,13041445.29869700,0
1746908100000000,2485.16000000,2491.46000000,2477.34000000,2487.17000000,4754.49160000,1746908999999999,11812492.42757600,32508,2223.90870000,5526689.80465100,0
1746909000000000,2487.16000000,2497.49000000,2487.16000000,2494.48000000,3437.17430000,1746909899999999,8568781.62276100,26697,1859.93700000,4636807.58587900,0
1746909900000000,2494.48000000,2501.27000000,2489.27000000,2491.02000000,5138.58490000,1746910799999999,12830909.13607700,26598,2799.39390000,6991729.02498000,0
1746910800000000,2491.03000000,2518.52000000,2491.03000000,2511.85000000,14328.77990000,1746911699999999,35905881.40560800,70996,7929.62140000,19869935.55236100,0
1746911700000000,2511.84000000,2515.48000000,2500.00000000,2506.55000000,5979.15660000,1746912599999999,14990268.45048100,30771,3420.21990000,8576042.64410600,0
1746912600000000,2506.55000000,2515.00000000,2506.54000000,2513.56000000,3638.97990000,1746913499999999,9137480.82260000,23854,2082.74130000,5229622.91293800,0
1746913500000000,2513.56000000,2545.67000000,2513.11000000,2533.83000000,16248.78800000,1746914399999999,41104505.25766800,83214,10127.49400000,25623290.97367000,0
1746914400000000,2533.82000000,2539.00000000,2521.05000000,2527.11000000,9774.06640000,1746915299999999,24728275.89731500,75389,4654.63010000,11776600.68398900,0
1746915300000000,2527.11000000,2552.09000000,2521.89000000,2539.60000000,12009.94250000,1746916199999999,30520272.20678600,65654,7038.35470000,17890775.11913000,0
1746916200000000,2539.55000000,2578.99000000,2538.01000000,2570.60000000,20594.94860000,1746917099999999,52769750.60981500,89729,13289.22680000,34043828.83032500,0
1746917100000000,2570.59000000,2586.17000000,2556.78000000,2577.22000000,16447.61370000,1746917999999999,42300967.92153000,76524,9361.42090000,24087303.41290500,0
1746918000000000,2577.21000000,2588.79000000,2563.68000000,2570.97000000,17976.52950000,1746918899999999,46345190.42450100,74064,7895.47470000,20363949.80632000,0
1746918900000000,2570.96000000,2600.00000000,2568.03000000,2582.22000000,27025.48510000,1746919799999999,69882595.41548400,109854,15029.61280000,38876797.47303900,0
1746919800000000,2582.22000000,2598.56000000,2567.00000000,2586.50000000,16372.99740000,1746920699999999,42287971.72634800,76412,8302.56030000,21446354.37507400,0
1746920700000000,2586.49000000,2595.32000000,2577.49000000,2583.23000000,17667.18080000,1746921599999999,45703086.08226200,57689,7057.26900000,18250833.27984400,0
1746921600000000,2583.22000000,2608.13000000,2574.15000000,2580.67000000,23898.52350000,1746922499999999,61903743.83694400,123186,12839.10170000,33267563.60912900,0
1746922500000000,2580.66000000,2583.42000000,2504.27000000,2513.55000000,39504.15670000,1746923399999999,100586170.52545900,177009,16003.94370000,40740546.83815200,0
1746923400000000,2513.54000000,2545.74000000,2513.54000000,2536.68000000,19490.41460000,1746924299999999,49360360.10830000,120831,10000.50410000,25334776.31305200,0
1746924300000000,2536.69000000,2552.01000000,2536.32000000,2544.12000000,10684.12760000,1746925199999999,27190235.08173000,66198,5617.55000000,14295911.42080900,0
1746925200000000,2544.12000000,2557.99000000,2530.65000000,2549.95000000,8267.64620000,1746926099999999,21034228.53132100,65005,4499.05700000,11448758.23107500,0
1746926100000000,2549.94000000,2551.76000000,2540.00000000,2549.21000000,5736.72560000,1746926999999999,14608425.69280700,52935,2694.38280000,6862822.57004500,0
1746927000000000,2549.21000000,2554.35000000,2534.60000000,2542.71000000,10123.57060000,1746927899999999,25749600.13654000,63809,3326.03560000,8464309.11368300,0
1746927900000000,2542.71000000,2543.44000000,2512.50000000,2532.87000000,13484.22540000,1746928799999999,34065578.31431200,85816,6175.84180000,15604179.21389600,0
1746928800000000,2532.87000000,2548.05000000,2522.88000000,2545.58000000,9444.39810000,1746929699999999,23961897.24743700,74341,5163.00370000,13099862.45542400,0
1746929700000000,2545.59000000,2565.74000000,2545.34000000,2555.78000000,9649.24010000,1746930599999999,24671459.71602500,60139,5461.67980000,13965356.58151100,0
1746930600000000,2555.77000000,2565.48000000,2541.41000000,2548.06000000,8079.06650000,1746931499999999,20642340.57969300,54197,3892.08860000,9947391.99285600,0
1746931500000000,2548.06000000,2548.06000000,2524.29000000,2543.58000000,14324.14320000,1746932399999999,36355405.84831000,81945,6954.21490000,17651278.18763700,0
1746932400000000,2543.57000000,2544.66000000,2530.46000000,2541.00000000,6261.42900000,1746933299999999,15880805.52795100,43348,2397.84900000,6081632.08042700,0
1746933300000000,2541.01000000,2551.15000000,2536.49000000,2549.28000000,4613.75530000,1746934199999999,11747075.43689000,32921,2483.64390000,6323831.80600200,0
1746934200000000,2549.28000000,2554.60000000,2538.99000000,2551.07000000,3602.34160000,1746935099999999,9174687.68228300,29343,1989.77780000,5067396.67816500,0
1746935100000000,2551.07000000,2553.50000000,2534.07000000,2537.63000000,4130.94840000,1746935999999999,10506154.00013100,33062,1869.03160000,4755061.24057600,0
1746936000000000,2537.62000000,2550.75000000,2531.20000000,2540.88000000,9011.30990000,1746936899999999,22895240.93431000,43997,4101.96900000,10423716.83899500,0
1746936900000000,2540.89000000,2548.40000000,2539.00000000,2541.86000000,3977.16330000,1746937799999999,10116723.55046200,26453,2087.75600000,5310675.97418300,0
1746937800000000,2541.86000000,2542.72000000,2530.52000000,2538.50000000,4235.87940000,1746938699999999,10742966.19549800,31533,1846.80130000,4683223.55294100,0
1746938700000000,2538.50000000,2545.54000000,2535.68000000,2545.02000000,2222.55230000,1746939599999999,5645398.53524000,23498,1358.85110000,3451837.03929200,0
1746939600000000,2545.01000000,2547.50000000,2536.74000000,2544.30000000,2921.31040000,1746940499999999,7428608.82549700,25028,1612.88660000,4102006.23488200,0
1746940500000000,2544.31000000,2551.99000000,2540.70000000,2551.12000000,10570.70440000,1746941399999999,26928539.54663700,39811,5165.48980000,13158052.21216000,0
1746941400000000,2551.13000000,2560.69000000,2549.40000000,2560.52000000,6618.64380000,1746942299999999,16914616.04299400,41868,3877.89410000,9912220.89324900,0
1746942300000000,2560.52000000,2562.47000000,2552.55000000,2554.83000000,9255.06970000,1746943199999999,23674103.58194100,38931,4611.96500000,11796584.92349000,0
1746943200000000,2554.83000000,2556.02000000,2523.82000000,2533.43000000,16474.53080000,1746944099999999,41806088.47362700,69524,6237.09590000,15819889.25096800,0
1746944100000000,2533.44000000,2544.37000000,2531.90000000,2543.05000000,5014.02290000,1746944999999999,12736205.71274100,24705,3187.83580000,8097235.78031900,0
1746945000000000,2543.05000000,2543.05000000,2517.32000000,2523.31000000,9252.96610000,1746945899999999,23408313.58331000,51632,4027.65530000,10192036.93047400,0
1746945900000000,2523.32000000,2526.33000000,2504.41000000,2521.26000000,10821.55550000,1746946799999999,27226024.48868100,61169,4861.39530000,12232086.87540400,0
1746946800000000,2521.27000000,2521.27000000,2481.02000000,2498.40000000,33861.43020000,1746947699999999,84578162.35640000,109718,14916.04210000,37261825.98891700,0
1746947700000000,2498.46000000,2498.88000000,2480.49000000,2490.20000000,12952.51490000,1746948599999999,32227563.23747800,64727,6890.98610000,17142727.09261400,0
1746948600000000,2490.21000000,2501.41000000,2453.92000000,2455.09000000,37574.37400000,1746949499999999,93095054.46133100,106143,16592.80260000,41154653.81629500,0
1746949500000000,2455.09000000,2478.28000000,2454.45000000,2473.22000000,12997.99560000,1746950399999999,32082530.67286700,60148,5796.04090000,14307850.64470400,0
1746950400000000,2473.22000000,2499.43000000,2473.21000000,2495.29000000,17084.68840000,1746951299999999,42528329.76565900,58389,9177.34490000,22846730.56898500,0
1746951300000000,2495.29000000,2504.91000000,2486.76000000,2487.41000000,9223.13970000,1746952199999999,23027144.37227400,47409,3499.67220000,8740007.63558700,0
1746952200000000,2487.40000000,2492.72000000,2472.20000000,2489.78000000,9397.72730000,1746953099999999,23338054.66257700,49003,4349.44120000,10803190.64652200,0
1746953100000000,2489.78000000,2491.30000000,2478.18000000,2481.00000000,4366.96150000,1746953999999999,10841896.40467600,31957,1977.34650000,4909076.41177800,0
1746954000000000,2481.00000000,2503.57000000,2481.00000000,2503.02000000,7239.28250000,1746954899999999,18050526.71475500,34283,4691.48900000,11700502.93062400,0
1746954900000000,2503.03000000,2516.69000000,2497.48000000,2515.29000000,10377.38260000,1746955799999999,26015795.80034000,52805,5601.54150000,14045242.42783200,0
1746955800000000,2515.29000000,2516.58000000,2507.53000000,2510.17000000,3410.81490000,1746956699999999,8567472.95531200,27837,1796.48540000,4512931.79654000,0
1746956700000000,2510.16000000,2522.07000000,2508.77000000,2515.24000000,4377.90670000,1746957599999999,11018017.94451200,32069,2371.63150000,5968664.24145000,0
1746957600000000,2515.24000000,2520.96000000,2507.44000000,2508.18000000,4860.87580000,1746958499999999,12219239.70231800,32615,1992.27150000,5008905.24976200,0
1746958500000000,2508.18000000,2508.32000000,2495.45000000,2508.16000000,6193.26820000,1746959399999999,15506110.70725100,40562,2189.39570000,5480827.90380100,0
1746959400000000,2508.17000000,2511.24000000,2499.41000000,2500.56000000,3825.93320000,1746960299999999,9581940.60429800,27922,1799.83210000,4506956.95333800,0
1746960300000000,2500.56000000,2511.36000000,2496.64000000,2510.79000000,5058.30910000,1746961199999999,12669250.52066800,27175,3251.10980000,8142654.20490400,0
1746961200000000,2510.78000000,2519.60000000,2510.33000000,2513.02000000,4572.60760000,1746962099999999,11500881.61627000,30211,2393.21700000,6019270.67546100,0
1746962100000000,2513.03000000,2516.58000000,2506.53000000,2515.43000000,2973.82180000,1746962999999999,7472599.76433800,18883,1559.94650000,3920549.47847300,0
1746963000000000,2515.42000000,2532.87000000,2511.13000000,2529.37000000,7800.09150000,1746963899999999,19674444.33854800,28602,5410.48260000,13648079.38355800,0
1746963900000000,2529.38000000,2535.46000000,2522.87000000,2530.67000000,7748.31510000,1746964799999999,19593074.00995500,37379,4425.04570000,11190550.26081800,0
1746964800000000,2530.67000000,2532.09000000,2523.00000000,2524.86000000,6302.98330000,1746965699999999,15933822.82121900,31822,2688.61500000,6798700.58369300,0
1746965700000000,2524.85000000,2524.86000000,2514.65000000,2520.38000000,3717.09200000,1746966599999999,9369314.99184900,27065,1865.36300000,4702384.12705400,0
1746966600000000,2520.39000000,2524.63000000,2510.90000000,2515.61000000,5042.53130000,1746967499999999,12694881.47422600,35579,2437.07960000,6136256.70338500,0
1746967500000000,2515.62000000,2521.36000000,2510.99000000,2515.63000000,4040.15810000,1746968399999999,10170085.45060300,26564,2409.96960000,6066629.66352800,0
1746968400000000,2515.63000000,2530.00000000,2514.99000000,2526.96000000,4773.28150000,1746969299999999,12047503.83759900,33928,2777.82870000,7011648.77437700,0
1746969300000000,2526.96000000,2526.96000000,2495.47000000,2501.57000000,13081.38660000,1746970199999999,32808798.47914800,43894,4063.72880000,10196561.27075000,0
1746970200000000,2501.58000000,2501.58000000,2479.00000000,2489.04000000,19865.19420000,1746971099999999,49445138.75354300,81883,10235.23590000,25479500.99395000,0
1746971100000000,2489.04000000,2494.48000000,2465.82000000,2469.42000000,18428.51840000,1746971999999999,45674620.61372000,76790,7999.01380000,19837156.37607300,0
1746972000000000,2469.42000000,2484.00000000,2468.59000000,2479.19000000,11856.96140000,1746972899999999,29378418.53770000,56602,5858.23250000,14512809.32949500,0
1746972900000000,2479.19000000,2489.64000000,2473.34000000,2482.87000000,7420.03820000,1746973799999999,18422859.57978900,42754,3685.01210000,9149324.34856900,0
1746973800000000,2482.86000000,2494.15000000,2479.67000000,2491.02000000,4398.55270000,1746974699999999,10946626.36230700,30325,2631.85220000,6550264.56033700,0
1746974700000000,2491.03000000,2491.95000000,2481.54000000,2486.05000000,3438.72640000,1746975599999999,8550684.94733200,27495,1486.02980000,3694950.15771400,0
1746975600000000,2486.05000000,2504.70000000,2484.99000000,2500.88000000,6496.61910000,1746976499999999,16228458.84493800,34206,3775.95650000,9430488.39080100,0
1746976500000000,2500.88000000,2503.99000000,2484.01000000,2486.35000000,6225.99140000,1746977399999999,15535625.28231000,32784,2721.43910000,6789865.69463400,0
1746977400000000,2486.35000000,2490.36000000,2476.34000000,2479.18000000,5597.72440000,1746978299999999,13899359.59130600,40228,2809.31450000,6975639.12928300,0
1746978300000000,2479.17000000,2483.42000000,2435.51000000,2462.51000000,32149.61720000,1746979199999999,78997109.70422700,90556,12986.07780000,31907166.70033400,0
1746979200000000,2462.55000000,2466.94000000,2440.25000000,2455.28000000,15815.00440000,1746980099999999,38782538.74530600,73246,8399.26920000,20599724.19385100,0
1746980100000000,2455.29000000,2478.74000000,2445.89000000,2474.83000000,13905.18770000,1746980999999999,34271615.32522400,55284,8219.64630000,20261152.42591200,0
1746981000000000,2474.82000000,2480.75000000,2466.70000000,2472.17000000,5113.76880000,1746981899999999,12640819.98284800,34959,2713.92840000,6709334.31043000,0
1746981900000000,2472.16000000,2472.37000000,2456.48000000,2470.79000000,5460.10100000,1746982799999999,13460877.92925800,37428,2849.61420000,7026043.70511400,0
1746982800000000,2470.79000000,2482.77000000,2466.33000000,2482.32000000,6813.79820000,1746983699999999,16868692.30354800,40730,3946.01520000,9768164.36440500,0
1746983700000000,2482.32000000,2491.31000000,2475.41000000,2479.40000000,5421.79710000,1746984599999999,13459758.29238000,37074,2937.07560000,7293602.94297700,0
1746984600000000,2479.39000000,2495.75000000,2478.39000000,2488.24000000,7274.16700000,1746985499999999,18091430.87433700,38303,3643.65050000,9061518.20406900,0
1746985500000000,2488.24000000,2495.70000000,2481.60000000,2491.45000000,4605.08290000,1746986399999999,11466649.12600400,34284,2375.97780000,5916461.18500100,0
1746986400000000,2491.46000000,2494.10000000,2482.49000000,2484.54000000,4262.36110000,1746987299999999,10601671.36387000,32801,1963.14070000,4882929.91053900,0
1746987300000000,2484.54000000,2489.44000000,2478.87000000,2479.59000000,3792.07820000,1746988199999999,9420899.26396300,25327,1371.60650000,3407433.56975800,0
1746988200000000,2479.59000000,2512.16000000,2472.34000000,2501.32000000,13939.24580000,1746989099999999,34797780.99952000,58356,8270.95050000,20647940.77017300,0
1746989100000000,2501.32000000,2515.00000000,2500.15000000,2504.70000000,12588.63800000,1746989999999999,31572177.70451900,49064,5417.53400000,13586764.70124300,0
1746990000000000,2504.69000000,2511.50000000,2502.00000000,2510.04000000,7863.15920000,1746990899999999,19710072.34513100,38288,3588.88350000,8997036.53975700,0
1746990900000000,2510.05000000,2519.83000000,2509.00000000,2516.03000000,5826.74800000,1746991799999999,14646508.06638600,31143,2876.11410000,7230491.45245600,0
1746991800000000,2516.03000000,2525.40000000,2514.79000000,2516.05000000,6130.64610000,1746992699999999,15448165.46072300,33175,3604.61480000,9083586.08305800,0
1746992700000000,2516.05000000,2521.89000000,2507.00000000,2508.02000000,4938.68120000,1746993599999999,12418611.55402600,28233,2356.55200000,5926213.51006000,0
1746993600000000,2508.02000000,2510.00000000,2492.57000000,2504.71000000,6503.97030000,1746994499999999,16268491.14428400,37893,2932.45490000,7335423.74166600,0
1746994500000000,2504.71000000,2508.20000000,2500.04000000,2504.53000000,3072.86040000,1746995399999999,7695615.97967700,22568,1743.09430000,4365470.35779400,0
1746995400000000,2504.54000000,2511.73000000,2499.61000000,2506.64000000,4414.08770000,1746996299999999,11061087.52987300,24927,2450.95730000,6142303.72090700,0
1746996300000000,2506.63000000,2512.61000000,2501.75000000,2509.91000000,2730.46110000,1746997199999999,6843073.31979800,19564,1384.71560000,3471061.31270800,0
1746997200000000,2509.90000000,2510.19000000,2497.64000000,2502.51000000,3617.30820000,1746998099999999,9055890.71931900,23276,1409.20200000,3527106.78729600,0
1746998100000000,2502.51000000,2515.58000000,2501.01000000,2501.69000000,5229.32620000,1746998999999999,13112970.27045300,22434,2677.50690000,6713743.34936200,0
1746999000000000,2501.68000000,2509.30000000,2501.06000000,2507.90000000,2692.11190000,1746999899999999,6744516.82681500,13157,1557.71790000,3902296.73947700,0
1746999900000000,2507.89000000,2520.00000000,2506.28000000,2517.02000000,3949.12540000,1747000799999999,9932200.06340300,20546,2465.36100000,6201082.29617400,0
1747000800000000,2517.03000000,2528.52000000,2503.46000000,2509.54000000,8954.58750000,1747001699999999,22504167.54017600,57312,4749.92090000,11937946.48742500,0
1747001700000000,2509.54000000,2514.09000000,2496.25000000,2502.76000000,4316.32240000,1747002599999999,10808247.78233800,31890,1546.36120000,3872379.19220600,0
1747002600000000,2502.75000000,2507.87000000,2483.33000000,2484.76000000,6261.17810000,1747003499999999,15621003.91476500,40824,2565.64390000,6400463.36414400,0
1747003500000000,2484.75000000,2504.53000000,2483.98000000,2503.51000000,3425.77980000,1747004399999999,8553433.34155700,22707,2077.59830000,5187163.26402500,0
1747004400000000,2503.52000000,2511.62000000,2502.79000000,2507.55000000,3498.93080000,1747005299999999,8774117.79921200,21258,1845.62450000,4627904.25446900,0
1747005300000000,2507.55000000,2512.81000000,2503.89000000,2507.54000000,2765.00490000,1747006199999999,6936819.21835000,18846,1005.12900000,2522020.83539100,0
1747006200000000,2507.54000000,2508.69000000,2498.02000000,2508.50000000,3043.69630000,1747007099999999,7615688.01648400,22485,1151.80960000,2882006.73491200,0
1747007100000000,2508.50000000,2515.56000000,2504.52000000,2514.57000000,2955.93540000,1747007999999999,7417718.26525100,20931,1144.25170000,2872075.00823600,0
1747008000000000,2514.58000000,2522.00000000,2510.95000000,2520.85000000,6598.26590000,1747008899999999,16607722.19419200,47932,3450.99830000,8686742.05012300,0
1747008900000000,2520.86000000,2534.58000000,2516.27000000,2531.91000000,10080.68690000,1747009799999999,25468181.74209200,54151,5420.76370000,13697507.69750700,0
1747009800000000,2531.90000000,2545.73000000,2528.11000000,2529.02000000,10587.94240000,1747010699999999,26877711.08787100,76954,5291.85730000,13435416.14332700,0
1747010700000000,2529.03000000,2535.35000000,2522.61000000,2531.66000000,5767.35730000,1747011599999999,14589880.57419000,47972,2685.27030000,6793161.87635000,0
1747011600000000,2531.65000000,2548.85000000,2528.85000000,2536.76000000,10505.76740000,1747012499999999,26700723.88467500,66764,6376.40960000,16209929.75221200,0
1747012500000000,2536.76000000,2539.99000000,2512.61000000,2518.27000000,6999.60950000,1747013399999999,17663139.59013200,58751,2998.57230000,7567461.56832900,0
1747013400000000,2518.27000000,2518.72000000,2490.75000000,2509.65000000,10982.87550000,1747014299999999,27494766.27369700,79629,5432.32610000,13601091.83665100,0
1747014300000000,2509.64000000,2516.23000000,2504.27000000,2505.45000000,6251.23220000,1747015199999999,15688941.30692000,40922,2778.25590000,6972072.16648000,0
1747015200000000,2505.46000000,2515.59000000,2502.46000000,2508.85000000,4764.94550000,1747016099999999,11963457.99888700,48804,2157.66590000,5417984.56120800,0
1747016100000000,2508.85000000,2524.51000000,2504.28000000,2517.13000000,6380.52800000,1747016999999999,16055274.26200400,49375,3368.93260000,8478495.77236500,0
1747017000000000,2517.14000000,2535.53000000,2517.13000000,2522.13000000,8077.05670000,1747017899999999,20413042.69646300,53481,4203.27710000,10622702.62286800,0
1747017900000000,2522.13000000,2528.49000000,2512.00000000,2522.85000000,4710.03050000,1747018799999999,11868805.05941000,38518,2044.68320000,5152230.04534500,0
1747018800000000,2522.85000000,2522.85000000,2510.00000000,2516.28000000,4825.87530000,1747019699999999,12142167.05405800,36953,1676.32220000,4218300.28380100,0
1747019700000000,2516.29000000,2527.19000000,2510.64000000,2516.63000000,3710.14530000,1747020599999999,9347786.03451100,32648,1899.94250000,4787937.54272500,0
1747020600000000,2516.63000000,2520.78000000,2511.49000000,2514.31000000,4345.45560000,1747021499999999,10932591.38031800,38272,2108.47560000,5304726.23288300,0
1747021500000000,2514.30000000,2520.01000000,2511.32000000,2520.00000000,3201.26190000,1747022399999999,8058604.51579100,29327,2216.37820000,5580135.44253100,0
1747022400000000,2520.01000000,2525.50000000,2513.75000000,2523.62000000,3379.08810000,1747023299999999,8509469.28723500,32074,1679.03500000,4228522.96096600,0
1747023300000000,2523.62000000,2527.50000000,2508.97000000,2511.07000000,4395.92760000,1747024199999999,11073309.01800600,34594,1848.80750000,4659404.45007200,0
1747024200000000,2511.07000000,2516.25000000,2507.68000000,2513.34000000,4153.01070000,1747025099999999,10430783.67780000,35601,2251.60200000,5655241.15025100,0
1747025100000000,2513.34000000,2523.91000000,2510.20000000,2518.49000000,3704.88000000,1747025999999999,9329531.13313000,29976,2207.77200000,5560197.18247000,0
1747026000000000,2518.49000000,2521.40000000,2507.00000000,2509.67000000,3477.92050000,1747026899999999,8741769.93593200,27931,1114.57410000,2801786.08325800,0
1747026900000000,2509.67000000,2511.56000000,2497.24000000,2499.59000000,6414.38850000,1747027799999999,16052904.55192200,47373,2860.15640000,7157609.84667500,0
1747027800000000,2499.59000000,2504.74000000,2492.00000000,2502.18000000,4631.91560000,1747028699999999,11571509.37326800,40789,2117.40920000,5290247.63892200,0
1747028700000000,2502.18000000,2504.50000000,2493.27000000,2497.69000000,3983.06820000,1747029599999999,9951991.03239300,29090,1843.98120000,4608010.57948400,0
1747029600000000,2497.69000000,2501.51000000,2486.80000000,2497.68000000,5735.22550000,1747030499999999,14308344.71311400,40196,2345.31000000,5850962.71874500,0
1747030500000000,2497.68000000,2508.93000000,2489.31000000,2508.08000000,4621.82570000,1747031399999999,11561104.79141900,33326,2503.15390000,6263100.10481900,0
1747031400000000,2508.09000000,2512.00000000,2504.82000000,2508.81000000,4283.63020000,1747032299999999,10744120.32081600,33880,1948.51980000,4887289.91254100,0
1747032300000000,2508.80000000,2521.61000000,2508.54000000,2517.69000000,5978.55070000,1747033199999999,15047718.84879800,42470,3456.59060000,8700163.13049200,0
1747033200000000,2517.70000000,2575.00000000,2517.70000000,2573.49000000,57846.95600000,1747034099999999,147640365.62481300,206805,33392.72100000,85220435.26708300,0
1747034100000000,2573.50000000,2604.00000000,2557.99000000,2598.74000000,34674.19220000,1747034999999999,89497318.97254700,134853,20309.79130000,52455695.62469000,0
1747035000000000,2598.73000000,2624.00000000,2556.66000000,2572.42000000,60804.71560000,1747035899999999,157835877.31068200,211769,27948.20340000,72601548.20545500,0
1747035900000000,2572.43000000,2573.12000000,2529.05000000,2554.77000000,36316.92770000,1747036799999999,92676092.61970800,122834,15912.02530000,40587859.89440000,0
1747036800000000,2554.78000000,2555.64000000,2531.53000000,2544.72000000,19102.40690000,1747037699999999,48595194.45321300,98830,9601.90560000,24431390.74334800,0
1747037700000000,2544.72000000,2555.78000000,2535.42000000,2546.15000000,12401.59240000,1747038599999999,31558747.74183000,75467,7083.04250000,18023953.64115300,0
1747038600000000,2546.15000000,2576.39000000,2542.04000000,2573.41000000,15550.94900000,1747039499999999,39851117.95798500,75199,9495.87820000,24342222.91800300,0
1747039500000000,2573.42000000,2585.83000000,2566.14000000,2577.55000000,15208.02240000,1747040399999999,39190162.10632400,78425,7060.65670000,18192353.24169100,0
1747040400000000,2577.55000000,2582.64000000,2565.99000000,2567.66000000,10688.54120000,1747041299999999,27510485.06522500,64882,5761.99960000,14830529.43886600,0
1747041300000000,2567.65000000,2577.72000000,2562.65000000,2569.67000000,9858.48360000,1747042199999999,25326034.00016100,56912,5180.86360000,13311270.71311100,0
1747042200000000,2569.66000000,2570.12000000,2552.84000000,2559.57000000,7548.64860000,1747043099999999,19317758.55986100,51624,3772.88120000,9655338.42481200,0
1747043100000000,2559.57000000,2561.24000000,2547.73000000,2550.77000000,5966.16280000,1747043999999999,15227082.02132300,46411,3268.80670000,8343909.02123600,0
1747044000000000,2550.78000000,2559.04000000,2540.19000000,2548.55000000,10659.75710000,1747044899999999,27176510.17874800,74719,5226.53550000,13326016.96619500,0
1747044900000000,2548.55000000,2554.29000000,2542.84000000,2550.07000000,5132.84370000,1747045799999999,13082714.41321900,45809,2572.92800000,6558080.91196000,0
1747045800000000,2550.06000000,2563.86000000,2547.83000000,2556.06000000,7204.98830000,1747046699999999,18422180.66835700,43731,3807.77540000,9735269.06046000,0
1747046700000000,2556.07000000,2561.96000000,2552.00000000,2560.52000000,4188.56900000,1747047599999999,10707934.94310300,32883,2515.34170000,6429949.89820200,0
1747047600000000,2560.53000000,2567.50000000,2556.79000000,2564.49000000,5983.71940000,1747048499999999,15337500.35196000,48123,3551.79270000,9104206.47281900,0
1747048500000000,2564.50000000,2564.50000000,2549.07000000,2554.49000000,5227.07200000,1747049399999999,13358572.67506700,42134,2515.01200000,6429465.03181000,0
1747049400000000,2554.49000000,2556.78000000,2541.02000000,2541.99000000,5312.99130000,1747050299999999,13543712.94140300,43894,2018.92200000,5147998.32060500,0
1747050300000000,2541.99000000,2548.89000000,2522.00000000,2530.59000000,13484.70810000,1747051199999999,34161092.68201900,83886,5561.17470000,14089897.77521700,0
1747051200000000,2530.58000000,2545.00000000,2529.39000000,2544.23000000,6970.34880000,1747052099999999,17691009.88408400,53174,3513.21080000,8916422.87504600,0
1747052100000000,2544.23000000,2555.65000000,2539.11000000,2547.02000000,11419.49210000,1747052999999999,29091276.79348600,50202,6429.78890000,16377207.29143700,0
1747053000000000,2547.02000000,2556.25000000,2540.30000000,2555.65000000,8130.39800000,1747053899999999,20724231.76389000,45334,3923.93280000,10001784.73954500,0
1747053900000000,2555.64000000,2560.25000000,2549.55000000,2549.68000000,7275.06040000,1747054799999999,18586424.75733300,40760,3826.60550000,9777607.19859500,0
1747054800000000,2549.69000000,2564.52000000,2543.77000000,2562.31000000,7216.36530000,1747055699999999,18433288.25555900,49297,3641.33840000,9301084.71331800,0
1747055700000000,2562.32000000,2576.29000000,2552.49000000,2557.80000000,16010.21070000,1747056599999999,41055092.22374700,71712,7349.42090000,18845599.38166800,0
1747056600000000,2557.81000000,2573.70000000,2545.56000000,2558.00000000,20715.41830000,1747057499999999,52989474.55664200,105086,10955.36260000,28025004.01546400,0
1747057500000000,2558.01000000,2575.98000000,2551.20000000,2558.20000000,15029.74700000,1747058399999999,38528203.44236300,79089,7382.01800000,18924205.68845300,0
1747058400000000,2558.20000000,2570.14000000,2552.29000000,2556.65000000,13125.13810000,1747059299999999,33634607.28230500,76686,6479.59310000,16606106.31292300,0
1747059300000000,2556.65000000,2564.52000000,2500.01000000,2510.43000000,39238.14340000,1747060199999999,99072954.27892200,129279,17568.35940000,44371094.68589000,0
1747060200000000,2510.43000000,2535.97000000,2488.81000000,2530.62000000,39356.28800000,1747061099999999,98771824.55351900,135710,20206.79700000,50723953.91321000,0
1747061100000000,2530.62000000,2530.65000000,2502.74000000,2505.94000000,18941.32040000,1747061999999999,47614542.42846700,83362,8399.40970000,21107122.10004800,0
1747062000000000,2505.94000000,2513.69000000,2478.00000000,2507.53000000,30092.21990000,1747062899999999,75097947.67216300,116476,14096.38920000,35183875.43673800,0
1747062900000000,2507.53000000,2515.38000000,2499.85000000,2502.38000000,12833.63640000,1747063799999999,32190468.06461100,64895,6609.35750000,16582025.40066300,0
1747063800000000,2502.39000000,2510.30000000,2488.15000000,2493.33000000,9643.70360000,1747064699999999,24091264.33235600,68296,4444.48380000,11104013.02777700,0
1747064700000000,2493.33000000,2498.12000000,2481.49000000,2486.92000000,22497.26620000,1747065599999999,55979419.61870600,76172,8738.95010000,21747173.92780500,0
1747065600000000,2486.91000000,2494.70000000,2470.66000000,2489.71000000,25141.79930000,1747066499999999,62380051.20549400,89165,11344.59270000,28148566.38484700,0
1747066500000000,2489.71000000,2502.50000000,2489.35000000,2498.06000000,9048.95960000,1747067399999999,22593150.19076100,46229,4638.86360000,11581805.98378000,0
1747067400000000,2498.06000000,2504.72000000,2491.84000000,2501.30000000,5876.88630000,1747068299999999,14685642.34024900,34702,2898.02510000,7241647.51802200,0
1747068300000000,2501.30000000,2508.55000000,2498.93000000,2500.58000000,5075.84160000,1747069199999999,12711227.07507600,30913,2871.52140000,7189991.25587100,0
1747069200000000,2500.58000000,2512.36000000,2496.92000000,2504.31000000,4748.93530000,1747070099999999,11893910.37203100,31537,2424.21070000,6071208.64440800,0
1747070100000000,2504.31000000,2507.20000000,2485.71000000,2493.65000000,7116.54750000,1747070999999999,17750548.16825800,38855,2987.01770000,7449298.56613500,0
1747071000000000,2493.65000000,2495.48000000,2479.95000000,2481.41000000,6898.60230000,1747071899999999,17153425.35345700,40871,3076.33010000,7654519.03561100,0
1747071900000000,2481.41000000,2486.76000000,2465.01000000,2476.38000000,11080.17940000,1747072799999999,27408107.64069800,59602,5041.30010000,12471813.27773100,0
1747072800000000,2476.39000000,2485.16000000,2451.71000000,2461.32000000,19953.77880000,1747073699999999,49178333.72148700,85111,8844.19740000,21797746.71203500,0
1747073700000000,2461.33000000,2474.87000000,2439.61000000,2445.59000000,14172.42230000,1747074599999999,34796376.92902000,66067,6581.24270000,16156110.19564800,0
1747074600000000,2445.60000000,2452.09000000,2435.95000000,2448.09000000,15834.40380000,1747075499999999,38695463.86040300,77214,7219.72060000,17645827.66720000,0
1747075500000000,2448.09000000,2454.42000000,2406.63000000,2435.05000000,49309.53120000,1747076399999999,119694198.14205900,136253,26250.14660000,63739052.39363900,0
1747076400000000,2435.05000000,2456.84000000,2428.89000000,2451.69000000,16114.21820000,1747077299999999,39444373.69682700,70368,8221.20110000,20124932.64149300,0
1747077300000000,2451.69000000,2467.39000000,2450.11000000,2454.64000000,8750.27110000,1747078199999999,21523509.56921000,51769,4189.19260000,10306515.98890900,0
1747078200000000,2454.65000000,2463.57000000,2445.79000000,2450.01000000,6779.32930000,1747079099999999,16646997.40713100,47546,3041.44130000,7467957.83953500,0
1747079100000000,2450.08000000,2462.50000000,2450.08000000,2460.36000000,5185.36620000,1747079999999999,12748323.87488800,36096,2317.46970000,5697159.96861800,0
1747080000000000,2460.35000000,2465.91000000,2452.26000000,2458.19000000,4777.37880000,1747080899999999,11739915.13409300,33864,2389.66750000,5872092.05246400,0
1747080900000000,2458.19000000,2472.37000000,2456.70000000,2469.75000000,6843.26650000,1747081799999999,16871660.24399200,31196,4575.36650000,11279720.93213400,0
1747081800000000,2469.75000000,2487.44000000,2468.77000000,2480.03000000,12504.38260000,1747082699999999,30996080.33485200,42391,8484.75780000,21031036.03391000,0
1747082700000000,2480.04000000,2496.00000000,2474.37000000,2485.65000000,5919.30260000,1747083599999999,14707148.18685200,32385,3646.49320000,9060547.75067100,0
1747083600000000,2485.65000000,2491.89000000,2477.89000000,2477.89000000,7397.43150000,1747084499999999,18379433.07125500,26136,3753.26730000,9325799.76759700,0
1747084500000000,2477.90000000,2484.89000000,2468.88000000,2468.96000000,4230.29900000,1747085399999999,10474713.02823900,22682,1925.23960000,4767316.20648600,0
1747085400000000,2468.95000000,2481.84000000,2467.32000000,2479.91000000,3109.65750000,1747086299999999,7699967.86273800,19059,1865.05810000,4617729.13484200,0
1747086300000000,2479.92000000,2484.45000000,2472.47000000,2479.82000000,3143.60170000,1747087199999999,7791957.37335100,18592,1859.20280000,4608904.86995300,0
1747087200000000,2479.81000000,2487.62000000,2474.00000000,2481.41000000,3209.39120000,1747088099999999,7968125.36349600,26308,1619.93800000,4022192.71462700,0
1747088100000000,2481.40000000,2487.43000000,2481.40000000,2483.62000000,2497.96210000,1747088999999999,6206915.12042100,18541,1245.59650000,3095257.61856900,0
1747089000000000,2483.63000000,2496.74000000,2482.80000000,2492.00000000,4258.87620000,1747089899999999,10607833.15756500,25039,2596.75490000,6467019.15745200,0
1747089900000000,2492.01000000,2497.52000000,2485.57000000,2485.85000000,2310.15110000,1747090799999999,5756002.41360300,19501,979.82650000,2442088.87649000,0
1747090800000000,2485.85000000,2493.75000000,2485.43000000,2490.23000000,2308.95380000,1747091699999999,5750221.00123700,18847,1372.92950000,3419135.28658800,0
1747091700000000,2490.23000000,2500.36000000,2490.23000000,2496.49000000,3455.28780000,1747092599999999,8628105.18143300,18349,2223.84210000,5553101.03562000,0
1747092600000000,2496.49000000,2497.00000000,2488.24000000,2491.60000000,2116.95360000,1747093499999999,5275631.71812400,14842,933.45020000,2326716.24104500,0
1747093500000000,2491.60000000,2497.58000000,2490.00000000,2495.47000000,5305.50400000,1747094399999999,13229522.36971600,19280,2569.13920000,6407921.38110500,0
1747094400000000,2495.48000000,2495.79000000,2474.80000000,2477.68000000,6374.44640000,1747095299999999,15844429.30082500,43766,2671.33370000,6641369.26802300,0
1747095300000000,2477.67000000,2481.69000000,2466.76000000,2472.20000000,6907.00060000,1747096199999999,17085928.53818500,47553,3491.31880000,8636283.50943800,0
1747096200000000,2472.21000000,2472.37000000,2458.10000000,2459.52000000,5309.06320000,1747097099999999,13089082.52257500,48462,2385.47700000,5882545.25371300,0
1747097100000000,2459.52000000,2470.60000000,2459.20000000,2463.15000000,3756.57790000,1747097999999999,9261389.87757600,35211,1635.12240000,4032131.86565300,0
1747098000000000,2463.16000000,2476.18000000,2455.15000000,2465.63000000,4935.44630000,1747098899999999,12171232.38148300,45084,2382.66240000,5877891.15281100,0
1747098900000000,2465.60000000,2473.49000000,2461.50000000,2461.62000000,4033.05260000,1747099799999999,9952844.51645900,45289,1873.77340000,4625205.96491400,0
1747099800000000,2461.62000000,2465.73000000,2440.01000000,2449.27000000,11828.98670000,1747100699999999,28985803.96623400,82724,4382.26530000,10744463.56001700,0
1747100700000000,2449.27000000,2458.30000000,2442.98000000,2453.11000000,3742.79170000,1747101599999999,9177243.69941400,40799,1739.27930000,4264222.05501900,0
1747101600000000,2453.11000000,2460.54000000,2434.21000000,2437.41000000,11124.48580000,1747102499999999,27202483.91018700,79527,4641.38710000,11354345.44414700,0
1747102500000000,2437.42000000,2446.77000000,2415.30000000,2446.45000000,15662.74550000,1747103399999999,38084874.71044800,85116,7322.57150000,17813316.75877400,0
1747103400000000,2446.45000000,2447.10000000,2432.68000000,2433.21000000,6044.76290000,1747104299999999,14741192.99950000,57878,3005.14700000,7328747.86966600,0
1747104300000000,2433.21000000,2442.60000000,2430.00000000,2439.20000000,6261.87230000,1747105199999999,15251551.80473000,48223,3259.80820000,7940271.10143400,0
1747105200000000,2439.20000000,2444.66000000,2431.00000000,2442.21000000,4664.63060000,1747106099999999,11373179.61081700,40701,1996.45200000,4868582.48118200,0
1747106100000000,2442.21000000,2444.20000000,2418.23000000,2425.49000000,7229.46350000,1747106999999999,17569582.47817000,43655,3220.49180000,7829652.72495500,0
1747107000000000,2425.49000000,2433.00000000,2419.52000000,2432.22000000,7065.47250000,1747107899999999,17145959.07527200,49733,4123.32610000,10006048.04364100,0
1747107900000000,2432.20000000,2433.10000000,2418.94000000,2424.80000000,5398.36990000,1747108799999999,13096273.64491800,45479,2363.68350000,5733775.54289600,0
1747108800000000,2424.80000000,2433.92000000,2420.00000000,2428.32000000,5162.00270000,1747109699999999,12529916.53387600,48434,2527.50650000,6136154.84752600,0
1747109700000000,2428.33000000,2441.60000000,2424.20000000,2439.00000000,7098.12910000,1747110599999999,17283053.25642900,40267,4580.97320000,11154711.09182600,0
1747110600000000,2438.99000000,2452.11000000,2438.81000000,2448.81000000,6483.48040000,1747111499999999,15863078.89047100,33982,3313.01530000,8105784.45838500,0
1747111500000000,2448.80000000,2458.72000000,2446.64000000,2455.59000000,5905.91250000,1747112399999999,14479833.96137200,30201,2069.31680000,5077000.42909100,0
1747112400000000,2455.59000000,2463.32000000,2451.77000000,2460.10000000,5648.49610000,1747113299999999,13881867.70592700,34423,3664.51240000,9005439.25069000,0
1747113300000000,2460.09000000,2460.95000000,2450.25000000,2453.92000000,3068.46250000,1747114199999999,7532217.48372200,23380,1668.48500000,4095797.55307700,0
1747114200000000,2453.91000000,2454.06000000,2439.44000000,2443.06000000,4202.43050000,1747115099999999,10274119.74868100,31283,1622.42480000,3966316.64393700,0
1747115100000000,2443.06000000,2452.04000000,2442.40000000,2449.75000000,2547.41270000,1747115999999999,6236560.43659100,19228,1037.64530000,2539645.33962300,0
1747116000000000,2449.75000000,2460.90000000,2449.75000000,2459.56000000,6531.37290000,1747116899999999,16027056.05292600,29148,3896.63120000,9561657.60224800,0
1747116900000000,2459.56000000,2460.09000000,2447.23000000,2450.43000000,5723.21310000,1747117799999999,14039279.14776000,30270,2090.41170000,5127230.83696600,0
1747117800000000,2450.45000000,2459.68000000,2449.25000000,2457.19000000,3766.19240000,1747118699999999,9251040.90655300,24355,2411.77570000,5923559.54626900,0
1747118700000000,2457.19000000,2459.19000000,2451.42000000,2453.51000000,2081.57330000,1747119599999999,5109260.99104100,15284,1133.66910000,2782368.82178400,0
1747119600000000,2453.52000000,2468.00000000,2452.41000000,2463.80000000,5580.70360000,1747120499999999,13734941.09145300,26249,3664.97400000,9021809.36527100,0
1747120500000000,2463.80000000,2480.00000000,2463.79000000,2470.50000000,9662.77450000,1747121399999999,23896512.09010800,45282,4277.52880000,10579333.02851700,0
1747121400000000,2470.50000000,2473.76000000,2462.30000000,2464.33000000,5104.51390000,1747122299999999,12594395.76795500,30227,3232.89170000,7974893.33488500,0
1747122300000000,2464.33000000,2467.39000000,2459.52000000,2460.72000000,3651.44750000,1747123199999999,8995460.33718100,19678,1978.33690000,4874269.04671200,0
1747123200000000,2460.73000000,2471.19000000,2460.73000000,2467.72000000,4122.66330000,1747124099999999,10172028.23355900,26098,2493.55390000,6152335.79134800,0
1747124100000000,2467.72000000,2470.00000000,2453.47000000,2453.48000000,4574.90710000,1747124999999999,11254481.21401500,26647,1868.37930000,4596810.22961200,0
1747125000000000,2453.48000000,2463.02000000,2451.25000000,2457.87000000,5705.53870000,1747125899999999,14014074.27067900,25893,4155.58790000,10205489.84058700,0
1747125900000000,2457.88000000,2461.22000000,2454.78000000,2457.29000000,2412.05020000,1747126799999999,5929258.12492400,20389,1013.96420000,2492846.51350100,0
1747126800000000,2457.29000000,2471.80000000,2456.68000000,2469.33000000,4787.54640000,1747127699999999,11801522.99960900,30563,2807.49200000,6920312.13186800,0
1747127700000000,2469.34000000,2484.01000000,2467.71000000,2480.70000000,14922.07940000,1747128599999999,36987914.77884900,43265,6022.84680000,14925490.80275800,0
1747128600000000,2480.70000000,2485.86000000,2476.92000000,2477.82000000,6817.75510000,1747129499999999,16917395.94065500,44534,2834.24840000,7034114.87668400,0
1747129500000000,2477.82000000,2488.45000000,2477.50000000,2484.86000000,6154.27120000,1747130399999999,15290155.37462800,27239,2842.42510000,7062985.83313100,0
1747130400000000,2484.88000000,2487.44000000,2480.89000000,2482.86000000,5109.93510000,1747131299999999,12691093.65523200,32416,2467.17750000,6126845.02915300,0
1747131300000000,2482.91000000,2483.70000000,2471.70000000,2481.79000000,7687.25070000,1747132199999999,19053797.90716400,30201,2601.65650000,6448413.84844100,0
1747132200000000,2481.78000000,2482.76000000,2473.55000000,2481.41000000,7536.05180000,1747133099999999,18675040.32573500,34601,3153.96050000,7815851.63799600,0
1747133100000000,2481.41000000,2486.20000000,2477.91000000,2482.41000000,3891.20010000,1747133999999999,9663471.07579900,26791,2050.86570000,5093030.40383100,0
1747134000000000,2482.41000000,2485.45000000,2478.61000000,2479.55000000,5967.90620000,1747134899999999,14815321.57444900,33011,3342.09940000,8296625.08465800,0
1747134900000000,2479.50000000,2509.30000000,2478.82000000,2499.01000000,15222.04230000,1747135799999999,38051804.80761100,59799,9688.13230000,24220122.95342800,0
1747135800000000,2499.00000000,2525.50000000,2496.12000000,2517.09000000,14571.19750000,1747136699999999,36649511.70624800,75540,8874.70490000,22315548.99809600,0
1747136700000000,2517.09000000,2518.72000000,2504.25000000,2513.39000000,6113.54940000,1747137599999999,15354497.97406800,36588,2675.54800000,6719585.18366200,0
1747137600000000,2513.39000000,2514.22000000,2493.02000000,2500.51000000,7735.61270000,1747138499999999,19374910.16560700,46479,3698.97310000,9269406.95236700,0
1747138500000000,2500.51000000,2505.21000000,2491.81000000,2503.48000000,5900.62480000,1747139399999999,14752518.45320600,33119,3319.87480000,8303078.63621400,0
1747139400000000,2503.44000000,2542.72000000,2500.80000000,2535.81000000,40752.62700000,1747140299999999,102798867.17197400,91050,24062.71350000,60703654.09277000,0
1747140300000000,2535.80000000,2538.32000000,2520.71000000,2524.69000000,7775.75450000,1747141199999999,19668500.57595900,39562,3509.98910000,8878870.59232500,0
1747141200000000,2524.70000000,2532.67000000,2519.26000000,2525.30000000,7950.58540000,1747142099999999,20079240.41374500,45824,4769.06970000,12044981.49777500,0
1747142100000000,2525.30000000,2550.55000000,2524.41000000,2544.01000000,14228.26050000,1747142999999999,36166390.70776400,61095,9345.67600000,23756037.85626500,0
1747143000000000,2544.01000000,2562.00000000,2541.13000000,2546.69000000,18019.85880000,1747143899999999,46009454.78999000,86414,8404.44780000,21449336.03361400,0
1747143900000000,2546.68000000,2554.72000000,2533.70000000,2549.65000000,12102.78260000,1747144799999999,30806845.16651300,61561,5803.03810000,14771225.42896300,0
1747144800000000,2549.66000000,2555.90000000,2529.50000000,2537.08000000,18464.20030000,1747145699999999,46901583.51981900,72585,10521.60000000,26730885.60094900,0
1747145700000000,2537.04000000,2557.00000000,2526.74000000,2552.01000000,15394.22250000,1747146599999999,39168463.36270400,64631,8629.34660000,21957738.65827000,0
1747146600000000,2552.00000000,2552.22000000,2537.68000000,2543.47000000,8591.42330000,1747147499999999,21863916.26402800,52480,4893.72010000,12454863.91448100,0
1747147500000000,2543.48000000,2551.45000000,2532.01000000,2544.74000000,10970.96520000,1747148399999999,27897080.73339500,45673,7155.57700000,18201332.64519300,0
1747148400000000,2544.74000000,2565.00000000,2539.66000000,2552.58000000,18087.60120000,1747149299999999,46178461.40249600,64996,11147.67090000,28459960.54640700,0
1747149300000000,2552.57000000,2561.30000000,2547.64000000,2558.25000000,7835.05260000,1747150199999999,20006904.25139100,42843,4884.21560000,12473423.64610600,0
1747150200000000,2558.24000000,2573.87000000,2552.57000000,2565.50000000,13490.44950000,1747151099999999,34596024.54449000,51452,8084.88680000,20733475.08645400,0
1747151100000000,2565.51000000,2570.00000000,2557.01000000,2566.21000000,8556.72660000,1747151999999999,21939110.94047600,44964,5091.62210000,13054942.74762900,0
1747152000000000,2566.21000000,2595.35000000,2560.01000000,2588.15000000,19162.76820000,1747152899999999,49421852.89105300,66228,11596.90160000,29903568.91736300,0
1747152900000000,2588.15000000,2597.78000000,2581.11000000,2589.39000000,18430.78700000,1747153799999999,47720154.04151800,72422,10174.39980000,26344470.14422500,0
1747153800000000,2589.39000000,2600.46000000,2583.84000000,2588.43000000,16743.91330000,1747154699999999,43420172.82821300,70718,10188.19880000,26432576.41819300,0
1747154700000000,2588.43000000,2598.73000000,2577.99000000,2597.50000000,13374.61890000,1747155599999999,34632539.51302500,52476,7030.64480000,18209405.53427800,0
1747155600000000,2597.50000000,2615.00000000,2595.16000000,2602.78000000,21599.23510000,1747156499999999,56238723.08480000,76565,13024.63240000,33913394.17962800,0
1747156500000000,2602.77000000,2619.00000000,2599.30000000,2602.71000000,18549.21450000,1747157399999999,48376546.86735400,57556,9511.06900000,24812854.84841500,0
1747157400000000,2602.70000000,2616.49000000,2589.87000000,2607.61000000,15472.19620000,1747158299999999,40261950.76470500,62519,8743.35590000,22754386.40642100,0
1747158300000000,2607.60000000,2622.00000000,2604.34000000,2610.55000000,15054.86410000,1747159199999999,39351888.53574300,60999,9048.20340000,23654717.98689000,0
1747159200000000,2610.54000000,2618.01000000,2605.80000000,2616.05000000,9321.81990000,1747160099999999,24351800.77160900,48952,5473.09260000,14299552.14312200,0
1747160100000000,2616.06000000,2630.32000000,2611.20000000,2622.43000000,16339.43350000,1747160999999999,42832577.37090300,56786,11099.16870000,29107831.76585600,0
1747161000000000,2622.44000000,2650.00000000,2619.49000000,2628.64000000,21885.15710000,1747161899999999,57691363.13993800,76257,13515.99680000,35628023.26853200,0
1747161900000000,2628.64000000,2672.00000000,2628.00000000,2669.95000000,27966.81420000,1747162799999999,74207817.60867300,77513,19362.14590000,51367840.85730500,0
1747162800000000,2669.95000000,2674.88000000,2653.76000000,2668.85000000,18193.14440000,1747163699999999,48461768.10843000,65625,8928.27390000,23781861.13347900,0
1747163700000000,2668.85000000,2699.31000000,2667.29000000,2696.05000000,36179.30510000,1747164599999999,97174606.25301200,90807,24541.09470000,65909396.90507800,0
1747164600000000,2696.05000000,2716.59000000,2687.58000000,2713.61000000,30534.42320000,1747165499999999,82453233.83894600,82466,20672.50350000,55827942.74878400,0
1747165500000000,2713.61000000,2738.50000000,2671.62000000,2690.94000000,48502.64290000,1747166399999999,131095354.49366700,149155,24496.86690000,66257318.75060700,0
1747166400000000,2690.93000000,2696.50000000,2654.21000000,2668.34000000,30157.68280000,1747167299999999,80564907.15856900,107246,15690.63250000,41922732.66107300,0
1747167300000000,2668.35000000,2683.18000000,2658.71000000,2677.95000000,13628.22620000,1747168199999999,36406475.43574600,68992,8020.12570000,21424054.45658300,0
1747168200000000,2677.91000000,2690.39000000,2671.29000000,2687.02000000,9249.69660000,1747169099999999,24809238.17661200,55488,5673.95910000,15219292.96553300,0
1747169100000000,2687.02000000,2697.63000000,2679.43000000,2689.66000000,11311.79500000,1747169999999999,30441900.22742400,55992,6255.29060000,16836280.27207000,0
1747170000000000,2689.66000000,2690.89000000,2669.52000000,2671.40000000,8662.56810000,1747170899999999,23199994.01098900,38069,3593.07680000,9622792.53239900,0
1747170900000000,2671.39000000,2687.48000000,2671.33000000,2684.53000000,8889.91350000,1747171799999999,23824376.90239400,28150,5571.43480000,14930279.41673300,0
1747171800000000,2684.53000000,2692.93000000,2679.03000000,2682.42000000,5627.14910000,1747172699999999,15114577.40899700,25504,2757.53920000,7405658.85577700,0
1747172700000000,2682.42000000,2692.96000000,2680.63000000,2690.82000000,3761.68040000,1747173599999999,10114250.34929400,20018,2226.65120000,5987420.07057900,0
1747173600000000,2690.83000000,2697.73000000,2677.69000000,2688.91000000,7737.01450000,1747174499999999,20803136.35524500,44764,4249.90470000,11428254.82331800,0
1747174500000000,2688.91000000,2707.62000000,2686.18000000,2697.48000000,9647.54810000,1747175399999999,26029644.19346300,47024,5389.20430000,14540022.73065900,0
1747175400000000,2697.48000000,2703.91000000,2692.44000000,2693.66000000,5681.16150000,1747176299999999,15332591.32339800,27412,2881.73560000,7777692.99965800,0
1747176300000000,2693.67000000,2696.49000000,2676.17000000,2679.62000000,8129.13460000,1747177199999999,21824774.51698600,32104,3923.39640000,10535231.28969000,0
1747177200000000,2679.63000000,2682.39000000,2656.50000000,2680.91000000,16718.22110000,1747178099999999,44664377.76102300,54141,9200.44860000,24577263.58757700,0
1747178100000000,2680.93000000,2683.26000000,2666.49000000,2668.09000000,6885.41010000,1747178999999999,18423607.13948900,29069,3005.98490000,8043367.52192300,0
1747179000000000,2668.09000000,2677.92000000,2665.37000000,2677.92000000,4787.69710000,1747179899999999,12798160.62955600,33490,2537.98860000,6785649.51465400,0
1747179900000000,2677.91000000,2686.49000000,2672.67000000,2679.71000000,9160.43210000,1747180799999999,24544711.73898700,32311,5369.58300000,14387753.39426100,0
1747180800000000,2679.71000000,2687.43000000,2672.15000000,2683.41000000,10379.55460000,1747181699999999,27820607.78450500,54838,6445.39890000,17276829.28201700,0
1747181700000000,2683.42000000,2699.53000000,2678.90000000,2689.28000000,13336.56210000,1747182599999999,35864996.98874500,60303,8109.96130000,21806660.12287800,0
1747182600000000,2689.27000000,2697.18000000,2678.73000000,2685.52000000,11185.27590000,1747183499999999,30076408.36224600,48237,6994.07130000,18807665.22799900,0
1747183500000000,2685.53000000,2702.00000000,2684.05000000,2696.47000000,25805.91880000,1747184399999999,69527827.07119200,66748,14004.12360000,37731109.78396200,0
1747184400000000,2696.48000000,2710.63000000,2691.00000000,2706.50000000,27331.64050000,1747185299999999,73813521.48265200,89660,14720.43380000,39754247.83438800,0
1747185300000000,2706.50000000,2719.23000000,2696.76000000,2701.50000000,20713.01320000,1747186199999999,56038309.99453500,75839,12179.61660000,32951671.82587200,0
1747186200000000,2701.51000000,2725.99000000,2699.38000000,2718.00000000,20344.56870000,1747187099999999,55182880.45317400,71422,11509.82500000,31213933.87345200,0
1747187100000000,2718.00000000,2718.31000000,2666.00000000,2671.70000000,30040.17110000,1747187999999999,80625471.19263600,104697,14156.57310000,37965575.16758000,0
1747188000000000,2671.71000000,2672.30000000,2622.99000000,2654.92000000,43076.66180000,1747188899999999,114002906.95703500,128909,18082.94990000,47877548.65636200,0
1747188900000000,2654.92000000,2669.50000000,2635.21000000,2639.05000000,15244.46110000,1747189799999999,40479997.79165500,64960,6373.35100000,16934490.75692900,0
1747189800000000,2639.13000000,2654.92000000,2629.47000000,2654.18000000,9260.75530000,1747190699999999,24488769.97589700,50983,4886.92840000,12924967.73034700,0
1747190700000000,2654.17000000,2654.18000000,2636.50000000,2638.29000000,5893.32710000,1747191599999999,15583702.27114600,35935,2157.53420000,5705912.71159700,0
1747191600000000,2638.29000000,2642.88000000,2624.32000000,2642.36000000,7966.95350000,1747192499999999,20993133.95951700,43610,4149.93630000,10935287.92428600,0
1747192500000000,2642.36000000,2646.61000000,2630.33000000,2636.57000000,6017.33080000,1747193399999999,15872264.52428700,34258,3164.91300000,8349210.70258000,0
1747193400000000,2636.57000000,2645.26000000,2631.19000000,2642.73000000,5484.54460000,1747194299999999,14470042.90099000,34089,3494.27970000,9218726.12146200,0
1747194300000000,2642.73000000,2648.13000000,2637.76000000,2646.82000000,5198.66500000,1747195199999999,13737602.46296800,24488,3669.84360000,9697059.87649200,0
1747195200000000,2646.82000000,2646.82000000,2636.59000000,2641.00000000,3371.06380000,1747196099999999,8902967.13587000,25785,1908.01400000,5039225.12429600,0
1747196100000000,2641.00000000,2653.76000000,2637.18000000,2650.51000000,4756.52270000,1747196999999999,12589599.92774600,25871,3169.42280000,8389710.37947200,0
1747197000000000,2650.50000000,2673.33000000,2647.93000000,2665.30000000,9474.07680000,1747197899999999,25229262.86564600,35710,6983.71070000,18597923.40754400,0
1747197900000000,2665.31000000,2674.98000000,2660.20000000,2674.69000000,6717.97620000,1747198799999999,17906740.21084400,32540,4374.80010000,11661735.50399800,0
1747198800000000,2674.69000000,2687.75000000,2667.65000000,2667.86000000,8188.33060000,1747199699999999,21924412.02413000,43163,5137.30550000,13758234.96721300,0
1747199700000000,2667.86000000,2675.67000000,2665.32000000,2667.21000000,2971.50500000,1747200599999999,7933468.94288800,21676,1666.56420000,4449988.48790200,0
1747200600000000,2667.20000000,2671.90000000,2662.89000000,2670.71000000,6226.75080000,1747201499999999,16600568.38183600,27096,2496.32860000,6656700.86948400,0
1747201500000000,2670.72000000,2680.91000000,2668.62000000,2673.36000000,4758.02750000,1747202399999999,12734464.09320500,28167,2133.54330000,5710309.26466900,0
1747202400000000,2673.37000000,2676.83000000,2665.02000000,2667.33000000,3623.84210000,1747203299999999,9677596.74632700,28795,1936.39340000,5170736.80830500,0
1747203300000000,2667.33000000,2672.73000000,2660.01000000,2666.88000000,4300.70570000,1747204199999999,11465865.89439000,28327,1999.90170000,5332172.64107400,0
1747204200000000,2666.88000000,2671.55000000,2662.04000000,2671.28000000,4128.46770000,1747205099999999,11005996.11349300,27058,2844.57060000,7583303.35532900,0
1747205100000000,2671.28000000,2677.89000000,2665.33000000,2673.98000000,3436.75340000,1747205999999999,9184342.18602400,27759,1997.59270000,5338503.94145600,0
1747206000000000,2673.98000000,2674.47000000,2666.33000000,2670.80000000,7281.38630000,1747206899999999,19436187.04633600,33483,4822.10830000,12871558.24865200,0
1747206900000000,2670.80000000,2670.94000000,2642.44000000,2649.54000000,19501.24210000,1747207799999999,51706046.59983500,67834,10353.22860000,27446570.05809500,0
1747207800000000,2649.55000000,2656.40000000,2640.50000000,2656.11000000,11542.75950000,1747208699999999,30588565.57930900,57655,7590.71180000,20117363.69324600,0
1747208700000000,2656.11000000,2656.83000000,2639.12000000,2640.76000000,6821.13650000,1747209599999999,18060775.07362800,36846,3282.77840000,8694404.03879300,0
1747209600000000,2640.75000000,2645.95000000,2609.72000000,2624.23000000,23151.44860000,1747210499999999,60768480.76694700,96647,10537.34350000,27667585.35701600,0
1747210500000000,2624.24000000,2632.36000000,2618.31000000,2628.30000000,5781.14190000,1747211399999999,15190579.56140900,51694,3068.42090000,8062774.60935800,0
1747211400000000,2628.30000000,2637.50000000,2622.86000000,2635.35000000,6984.59970000,1747212299999999,18377944.28459000,48769,3117.90830000,8202592.21180400,0
1747212300000000,2635.34000000,2635.35000000,2587.67000000,2597.30000000,24765.44350000,1747213199999999,64650751.71683800,98245,8842.22690000,23086716.50613700,0
1747213200000000,2597.31000000,2607.03000000,2577.48000000,2597.52000000,20747.17740000,1747214099999999,53787847.60334700,101339,9424.69660000,24432429.38469500,0
1747214100000000,2597.53000000,2608.30000000,2591.67000000,2608.01000000,8487.23500000,1747214999999999,22066176.38050700,51006,4915.00730000,12776455.25047100,0
1747215000000000,2608.01000000,2610.73000000,2599.38000000,2602.62000000,5965.06850000,1747215899999999,15536252.04351500,38470,2872.00190000,7481209.20991500,0
1747215900000000,2602.63000000,2610.18000000,2602.63000000,2607.73000000,4692.49690000,1747216799999999,12234607.43425200,30979,2156.03620000,5621421.45026900,0
1747216800000000,2607.73000000,2617.00000000,2602.77000000,2604.79000000,10509.69210000,1747217699999999,27438211.47192200,45651,4847.66880000,12658227.96487200,0
1747217700000000,2604.79000000,2614.90000000,2589.24000000,2609.07000000,15538.53040000,1747218599999999,40439393.48674400,59197,7239.84950000,18839694.36023000,0
1747218600000000,2609.07000000,2610.67000000,2600.04000000,2604.95000000,8397.95910000,1747219499999999,21875158.34370200,41631,2877.11270000,7494946.27486500,0
1747219500000000,2604.94000000,2604.95000000,2593.16000000,2595.83000000,7650.54210000,1747220399999999,19870946.26152900,38585,2308.19990000,5994612.21340800,0
1747220400000000,2595.83000000,2613.58000000,2595.78000000,2613.58000000,9271.88660000,1747221299999999,24151591.32000300,38135,3695.14790000,9626456.06847300,0
1747221300000000,2613.58000000,2615.62000000,2604.02000000,2613.06000000,10543.85680000,1747222199999999,27525965.09057300,37012,3086.27090000,8058293.83062600,0
1747222200000000,2613.06000000,2635.50000000,2612.06000000,2629.10000000,15817.94690000,1747223099999999,41501848.61605500,66634,7930.67290000,20807946.23448900,0
1747223100000000,2629.11000000,2630.50000000,2619.23000000,2624.94000000,7834.44020000,1747223999999999,20563431.95934100,41435,2582.52000000,6778475.89170400,0
1747224000000000,2624.93000000,2630.32000000,2618.30000000,2627.13000000,5470.72340000,1747224899999999,14352423.26877100,35234,2390.16440000,6271516.83004400,0
1747224900000000,2627.14000000,2636.15000000,2624.31000000,2625.56000000,5080.70250000,1747225799999999,13364332.65531100,32527,2575.26900000,6774686.00044600,0
1747225800000000,2625.57000000,2628.80000000,2611.74000000,2618.69000000,4970.88540000,1747226699999999,13016062.49754900,31931,2210.36500000,5788441.00460900,0
1747226700000000,2618.68000000,2620.42000000,2605.02000000,2613.18000000,7356.55250000,1747227599999999,19224158.66255800,40818,3671.09680000,9593222.53255300,0
1747227600000000,2613.17000000,2619.09000000,2602.62000000,2614.29000000,5780.37870000,1747228499999999,15090126.35145600,43853,2826.90100000,7381700.25821400,0
1747228500000000,2614.29000000,2618.82000000,2608.04000000,2612.00000000,3784.55360000,1747229399999999,9885997.92270200,39290,2009.69090000,5249693.79605400,0
1747229400000000,2612.00000000,2627.23000000,2584.47000000,2590.19000000,13587.67460000,1747230299999999,35395551.89673300,91102,6064.85750000,15806400.46271600,0
1747230300000000,2590.20000000,2606.52000000,2578.33000000,2606.34000000,11783.03740000,1747231199999999,30535168.56812600,90171,6358.89700000,16483512.40513000,0
1747231200000000,2606.35000000,2606.56000000,2587.81000000,2590.71000000,8348.90920000,1747232099999999,21682684.81087200,64569,3584.04610000,9309586.44148400,0
1747232100000000,2590.72000000,2591.36000000,2559.19000000,2569.21000000,24663.55540000,1747232999999999,63465802.29331800,115361,10382.07890000,26717487.82016900,0
1747233000000000,2569.22000000,2586.77000000,2563.28000000,2584.11000000,10287.56750000,1747233899999999,26471048.42042100,64589,5006.98460000,12888133.79511300,0
1747233900000000,2584.12000000,2591.01000000,2574.75000000,2583.86000000,7073.61230000,1747234799999999,18273040.17251900,42402,3225.79680000,8334380.84386600,0
1747234800000000,2583.87000000,2585.14000000,2560.87000000,2582.91000000,14998.45270000,1747235699999999,38579454.51579000,60864,7125.66830000,18335304.80280000,0
1747235700000000,2582.92000000,2586.00000000,2568.05000000,2584.33000000,8352.12830000,1747236599999999,21538461.84841500,47101,3863.97950000,9965283.25858900,0
1747236600000000,2584.33000000,2601.83000000,2576.72000000,2593.90000000,7881.84070000,1747237499999999,20420561.13766900,52580,4845.17930000,12555269.90885800,0
1747237500000000,2593.89000000,2597.89000000,2588.09000000,2597.49000000,3615.51260000,1747238399999999,9374792.78423100,30747,1614.77200000,4187470.34288800,0
1747238400000000,2597.49000000,2599.83000000,2588.50000000,2594.89000000,4555.62960000,1747239299999999,11825132.11780500,37715,2463.37920000,6393751.77098900,0
1747239300000000,2594.89000000,2594.90000000,2580.66000000,2587.44000000,5834.96260000,1747240199999999,15090278.02359200,42395,2838.52800000,7341183.13966800,0
1747240200000000,2587.43000000,2594.46000000,2583.27000000,2587.57000000,5341.05980000,1747241099999999,13830361.20317800,48777,2693.22760000,6974466.90516100,0
1747241100000000,2587.60000000,2591.00000000,2578.58000000,2589.83000000,5631.16960000,1747241999999999,14554442.19988900,41213,2999.52000000,7753225.83236600,0
1747242000000000,2589.83000000,2592.29000000,2571.25000000,2574.84000000,5916.04350000,1747242899999999,15276728.77975500,47809,2555.78630000,6601123.71275500,0
1747242900000000,2574.85000000,2575.38000000,2547.26000000,2567.00000000,15281.01150000,1747243799999999,39109872.11844700,68672,6026.19860000,15428313.54133300,0
1747243800000000,2567.00000000,2582.44000000,2565.32000000,2579.20000000,6677.85140000,1747244699999999,17196861.69340600,37246,3950.20310000,10173337.66177500,0
1747244700000000,2579.20000000,2591.46000000,2577.00000000,2590.46000000,3702.97790000,1747245599999999,9569744.08406700,25099,2194.97280000,5673003.59297600,0
1747245600000000,2590.46000000,2599.53000000,2581.89000000,2584.37000000,5710.82610000,1747246499999999,14800019.54913100,32667,2358.42730000,6114080.58667600,0
1747246500000000,2584.37000000,2610.00000000,2579.94000000,2592.27000000,9570.18870000,1747247399999999,24864840.90535600,43026,5353.27260000,13910058.92120700,0
1747247400000000,2592.27000000,2604.43000000,2592.09000000,2597.31000000,3190.21910000,1747248299999999,8288532.01309000,24283,1855.31370000,4821005.20991400,0
1747248300000000,2597.32000000,2614.33000000,2594.18000000,2613.49000000,5435.64940000,1747249199999999,14154522.43100600,31374,3487.18350000,9081883.05127900,0
1747249200000000,2613.49000000,2614.79000000,2605.74000000,2606.75000000,4743.34240000,1747250099999999,12383879.02482200,31086,2261.01860000,5903215.19579600,0
1747250100000000,2606.74000000,2617.50000000,2602.63000000,2603.36000000,3990.26100000,1747250999999999,10415537.12956000,26195,2291.30580000,5983051.68483600,0
1747251000000000,2603.35000000,2607.26000000,2599.33000000,2601.09000000,2854.97970000,1747251899999999,7432442.34758700,24142,1361.11560000,3543482.40216400,0
1747251900000000,2601.08000000,2611.35000000,2598.58000000,2605.10000000,3414.32370000,1747252799999999,8893116.19187900,23905,2033.89910000,5298007.93370000,0
1747252800000000,2605.03000000,2610.90000000,2601.01000000,2603.52000000,2451.92630000,1747253699999999,6390154.88195700,19708,921.22790000,2401414.35339900,0
1747253700000000,2603.51000000,2606.82000000,2601.68000000,2604.74000000,1647.10080000,1747254599999999,4289638.84532400,14868,684.94730000,1783837.85848200,0
1747254600000000,2604.73000000,2605.32000000,2597.63000000,2603.02000000,2592.33440000,1747255499999999,6745177.74743600,19726,1123.60110000,2923466.94404100,0
1747255500000000,2603.01000000,2607.87000000,2600.05000000,2600.26000000,2157.87590000,1747256399999999,5618531.76084800,17397,1095.91770000,2853657.58154100,0
1747256400000000,2600.26000000,2601.45000000,2583.99000000,2586.40000000,5351.94070000,1747257299999999,13874318.71091500,24488,1854.94530000,4808607.43327000,0
1747257300000000,2586.41000000,2594.36000000,2584.88000000,2594.36000000,1446.56060000,1747258199999999,3746043.23403100,10591,636.82000000,1649433.49778200,0
1747258200000000,2594.36000000,2600.71000000,2591.73000000,2595.69000000,2799.68070000,1747259099999999,7270140.83690000,16833,1323.31500000,3435538.05925900,0
1747259100000000,2595.70000000,2610.35000000,2594.47000000,2606.59000000,2523.76620000,1747259999999999,6569293.78676000,16581,1606.94160000,4183802.50406600,0
1747260000000000,2606.60000000,2607.83000000,2601.00000000,2602.00000000,2151.86950000,1747260899999999,5604685.20060000,19358,1049.21770000,2732964.49475900,0
1747260900000000,2602.00000000,2606.54000000,2601.11000000,2603.74000000,2098.71190000,1747261799999999,5463612.13439300,10426,966.61000000,2516431.34312200,0
1747261800000000,2603.74000000,2604.50000000,2595.61000000,2596.19000000,2078.12870000,1747262699999999,5400734.66992300,11965,795.42580000,2067087.18361400,0
1747262700000000,2596.19000000,2597.10000000,2587.09000000,2595.97000000,2055.09930000,1747263599999999,5326561.41817100,17618,1088.41430000,2820979.82006800,0
1747263600000000,2595.98000000,2600.47000000,2591.45000000,2600.18000000,3174.85030000,1747264499999999,8237760.81922600,20423,1715.62110000,4451545.36891500,0
1747264500000000,2600.17000000,2600.51000000,2584.00000000,2594.99000000,4023.19880000,1747265399999999,10427360.30743000,32527,2064.82790000,5352746.56616600,0
1747265400000000,2594.98000000,2606.44000000,2593.16000000,2603.77000000,3892.78490000,1747266299999999,10121563.18747900,17465,2889.93780000,7513062.49075300,0
1747266300000000,2603.77000000,2614.05000000,2603.77000000,2609.74000000,4195.28390000,1747267199999999,10944481.84386300,20301,2662.17390000,6944802.23330400,0
1747267200000000,2609.75000000,2620.00000000,2607.14000000,2618.80000000,5030.02680000,1747268099999999,13145379.33710000,30059,2954.66910000,7721521.45442100,0
1747268100000000,2618.81000000,2647.03000000,2618.80000000,2632.70000000,11081.43770000,1747268999999999,29195799.43678400,65595,6873.04730000,18106821.12871800,0
1747269000000000,2632.70000000,2642.74000000,2625.60000000,2639.69000000,5021.00890000,1747269899999999,13228070.67726100,39857,2536.81240000,6685118.38158300,0
1747269900000000,2639.70000000,2641.21000000,2629.31000000,2632.30000000,5130.53860000,1747270799999999,13528375.54614700,33024,2626.06940000,6925691.55688800,0
1747270800000000,2632.29000000,2637.00000000,2617.27000000,2620.75000000,5696.26960000,1747271699999999,14955703.78108500,41369,2341.94310000,6148374.03495000,0
1747271700000000,2620.75000000,2625.63000000,2613.89000000,2616.08000000,5523.58100000,1747272599999999,14466799.25629500,34147,2508.18620000,6569839.30596100,0
1747272600000000,2616.09000000,2618.96000000,2587.99000000,2592.99000000,24126.46930000,1747273499999999,62731552.42254800,79706,10607.76930000,27575906.39726500,0
1747273500000000,2592.99000000,2595.90000000,2566.91000000,2577.62000000,12849.93460000,1747274399999999,33156546.95957300,73234,5672.39410000,14635488.78891500,0
1747274400000000,2577.63000000,2588.70000000,2570.61000000,2583.01000000,15214.30990000,1747275299999999,39272138.33836500,49280,9338.18810000,24107567.87160000,0
1747275300000000,2583.00000000,2595.60000000,2576.76000000,2590.74000000,4616.89770000,1747276199999999,11942027.49921100,34404,2566.37350000,6639209.01004600,0
1747276200000000,2590.74000000,2593.68000000,2582.71000000,2585.53000000,3662.26370000,1747277099999999,9480220.95932400,34256,1694.75570000,4387603.09172000,0
1747277100000000,2585.54000000,2598.02000000,2584.13000000,2591.13000000,2695.58850000,1747277999999999,6989725.38488100,22609,1292.87500000,3352542.15375700,0
1747278000000000,2591.13000000,2594.65000000,2583.67000000,2585.75000000,3611.58890000,1747278899999999,9354630.61576800,30124,1947.42420000,5045059.16446300,0
1747278900000000,2585.73000000,2592.64000000,2578.95000000,2591.43000000,4342.11000000,1747279799999999,11230477.75022600,32328,2435.72990000,6301930.16871500,0
1747279800000000,2591.42000000,2592.00000000,2584.38000000,2588.03000000,3210.20400000,1747280699999999,8310699.95881000,24979,1322.41930000,3423446.56081700,0
1747280700000000,2588.04000000,2588.12000000,2570.85000000,2574.93000000,6514.39070000,1747281599999999,16784967.24339800,32869,1493.04270000,3847208.71995100,0
1747281600000000,2574.93000000,2583.50000000,2572.03000000,2577.10000000,5524.81940000,1747282499999999,14243240.66027800,45114,3187.72060000,8219037.55559000,0
1747282500000000,2577.10000000,2588.08000000,2576.53000000,2586.31000000,2058.74730000,1747283399999999,5319801.31231700,25549,1248.56820000,3226848.45480800,0
1747283400000000,2586.31000000,2594.33000000,2584.00000000,2587.91000000,3570.08380000,1747284299999999,9241429.41347600,29390,2290.14310000,5927903.64835900,0
1747284300000000,2587.90000000,2595.28000000,2585.64000000,2593.20000000,3804.62290000,1747285199999999,9857437.36943900,25066,2659.83240000,6891008.96941400,0
1747285200000000,2593.20000000,2596.49000000,2583.29000000,2584.01000000,3277.49910000,1747286099999999,8487175.30044000,29632,1923.83410000,4981173.51784400,0
1747286100000000,2584.01000000,2586.13000000,2576.03000000,2584.53000000,4531.52360000,1747286999999999,11694957.59034500,31647,2674.90740000,6903689.43649000,0
1747287000000000,2584.53000000,2589.78000000,2573.06000000,2581.50000000,3943.37390000,1747287899999999,10176671.07270100,35802,2241.13890000,5784882.52189800,0
1747287900000000,2581.50000000,2581.99000000,2563.86000000,2567.71000000,8009.27100000,1747288799999999,20582942.45580500,54061,3964.06780000,10187867.45944700,0
1747288800000000,2567.71000000,2581.28000000,2564.94000000,2578.54000000,5695.77790000,1747289699999999,14655451.52227000,52614,3386.03620000,8711868.39341900,0
1747289700000000,2578.54000000,2583.58000000,2575.01000000,2579.21000000,3879.82640000,1747290599999999,10008802.65677900,35355,2317.20800000,5977881.67145200,0
1747290600000000,2579.21000000,2581.99000000,2555.83000000,2559.07000000,9465.40810000,1747291499999999,24288052.55574500,53796,4577.15460000,11747623.76343600,0
1747291500000000,2559.06000000,2574.38000000,2558.70000000,2573.64000000,7371.00490000,1747292399999999,18926623.19783200,30081,4813.86620000,12359301.65508300,0
1747292400000000,2573.65000000,2577.60000000,2557.62000000,2558.38000000,7238.28890000,1747293299999999,18594445.41976100,43085,3989.86090000,10250172.37829600,0
1747293300000000,2558.38000000,2565.33000000,2538.00000000,2541.21000000,15831.43620000,1747294199999999,40374003.89458600,65981,6703.36470000,17102543.60202000,0
1747294200000000,2541.21000000,2545.39000000,2529.03000000,2531.89000000,15929.45400000,1747295099999999,40424372.97728200,81544,8593.02310000,21808991.53133800,0
1747295100000000,2531.89000000,2537.58000000,2515.69000000,2531.00000000,17691.31560000,1747295999999999,44700189.23934400,64184,9915.11090000,25056645.69586500,0
1747296000000000,2530.99000000,2550.38000000,2528.67000000,2542.83000000,10864.58150000,1747296899999999,27599160.06895400,47497,6188.58980000,15721397.29834000,0
1747296900000000,2542.83000000,2549.25000000,2538.82000000,2548.51000000,4518.16010000,1747297799999999,11500000.87178900,28421,2338.69050000,5952352.40109900,0
1747297800000000,2548.51000000,2560.85000000,2546.52000000,2553.18000000,7978.55140000,1747298699999999,20383627.80822700,42317,4383.77670000,11200993.07860300,0
1747298700000000,2553.17000000,2567.65000000,2553.17000000,2564.44000000,4815.39860000,1747299599999999,12331003.83792400,29587,3148.31430000,8062044.18415800,0
1747299600000000,2564.44000000,2566.64000000,2547.31000000,2547.40000000,7750.39600000,1747300499999999,19823037.38220800,29945,3399.82500000,8699251.07740800,0
1747300500000000,2547.40000000,2554.68000000,2540.03000000,2550.61000000,5059.84880000,1747301399999999,12893593.11819000,31310,2642.48170000,6734856.51769900,0
1747301400000000,2550.60000000,2552.15000000,2533.26000000,2537.14000000,8343.25030000,1747302299999999,21182832.44211200,47346,3542.07180000,8991232.67548300,0
1747302300000000,2537.14000000,2543.58000000,2522.35000000,2539.30000000,8915.56920000,1747303199999999,22590039.51143600,51758,4175.89070000,10585892.91723000,0
1747303200000000,2539.31000000,2541.82000000,2522.81000000,2529.62000000,8436.10630000,1747304099999999,21366121.77551500,46380,3050.89130000,7727279.03825900,0
1747304100000000,2529.62000000,2545.00000000,2528.91000000,2540.55000000,6441.87910000,1747304999999999,16341808.93274700,38257,3271.90540000,8301299.71205700,0
1747305000000000,2540.54000000,2541.89000000,2524.88000000,2527.13000000,4662.62250000,1747305899999999,11805374.68237100,34320,1992.65500000,5045865.15498700,0
1747305900000000,2527.13000000,2545.99000000,2517.53000000,2543.57000000,12481.96330000,1747306799999999,31593384.13320100,53450,6544.99390000,16583493.24265100,0
1747306800000000,2543.57000000,2556.00000000,2542.75000000,2548.58000000,6219.36440000,1747307699999999,15861234.27272700,51120,4222.74080000,10769879.13319000,0
1747307700000000,2548.58000000,2559.80000000,2547.49000000,2556.38000000,4598.08200000,1747308599999999,11751518.74367000,39188,2839.65370000,7257235.87538000,0
1747308600000000,2556.37000000,2565.62000000,2552.07000000,2552.95000000,5106.96540000,1747309499999999,13059110.12899500,32676,2650.83990000,6779859.04571300,0
1747309500000000,2552.96000000,2555.99000000,2548.37000000,2554.71000000,4331.12480000,1747310399999999,11051402.93485400,30213,2186.88610000,5579725.85610600,0
1747310400000000,2554.71000000,2559.22000000,2543.14000000,2547.24000000,4683.92510000,1747311299999999,11946472.29576000,40519,2453.33990000,6257399.19242000,0
1747311300000000,2547.23000000,2556.75000000,2544.00000000,2550.86000000,4554.12590000,1747312199999999,11621207.64058000,32943,2090.31560000,5335086.44923700,0
1747312200000000,2550.86000000,2579.61000000,2548.96000000,2566.24000000,18582.26610000,1747313099999999,47683700.18769900,85429,10617.91230000,27253077.64584800,0
1747313100000000,2566.23000000,2567.00000000,2544.65000000,2553.00000000,6835.66890000,1747313999999999,17460545.71041100,48720,3253.05220000,8310499.01755500,0
1747314000000000,2553.00000000,2565.66000000,2547.00000000,2564.07000000,3272.98550000,1747314899999999,8371965.63405200,35234,1795.13800000,4592254.65649900,0
1747314900000000,2564.08000000,2567.00000000,2557.15000000,2561.31000000,3614.26900000,1747315799999999,9256934.00860100,30188,1781.48510000,4562973.25634600,0
1747315800000000,2561.31000000,2568.50000000,2534.24000000,2545.19000000,14276.96490000,1747316699999999,36412828.71419400,84137,6042.64150000,15417983.70661700,0
1747316700000000,2545.19000000,2545.90000000,2503.00000000,2531.30000000,21473.54930000,1747317599999999,54105429.70277200,93374,9562.37750000,24097872.92814900,0
1747317600000000,2531.36000000,2541.24000000,2513.13000000,2525.13000000,14852.03620000,1747318499999999,37577654.54111000,75284,7554.77070000,19120471.93856000,0
1747318500000000,2525.13000000,2532.65000000,2508.01000000,2516.28000000,11160.34130000,1747319399999999,28117816.24030900,75148,5263.85100000,13264281.09723100,0
1747319400000000,2516.29000000,2520.18000000,2486.82000000,2493.37000000,26914.44720000,1747320299999999,67311535.82615200,93796,10008.94320000,25039730.21959600,0
1747320300000000,2493.36000000,2502.92000000,2476.03000000,2500.12000000,18860.54700000,1747321199999999,46932308.33040900,79477,8248.51410000,20535177.26514800,0
1747321200000000,2500.11000000,2516.94000000,2498.00000000,2512.61000000,10269.08180000,1747322099999999,25760726.56346000,54400,5597.62450000,14043288.64646500,0
1747322100000000,2512.60000000,2535.49000000,2512.58000000,2533.45000000,14547.52540000,1747322999999999,36730099.82878200,54338,10475.59910000,26446596.56056000,0
1747323000000000,2533.45000000,2549.50000000,2531.49000000,2545.54000000,12846.33540000,1747323899999999,32641221.97807000,59551,8609.04500000,21878284.34009000,0
1747323900000000,2545.55000000,2569.00000000,2543.74000000,2563.76000000,16846.24900000,1747324799999999,43090711.91710600,67926,10191.07250000,26064333.54580000,0
1747324800000000,2563.77000000,2569.19000000,2555.20000000,2557.62000000,10653.55650000,1747325699999999,27277160.77971900,58538,5310.88530000,13595817.87937500,0
1747325700000000,2557.63000000,2572.70000000,2556.80000000,2559.14000000,8081.17760000,1747326599999999,20714723.50472600,43812,4758.98790000,12198236.84010500,0
1747326600000000,2559.14000000,2572.11000000,2554.23000000,2570.02000000,7060.66310000,1747327499999999,18093088.96168800,35488,4037.16630000,10344732.36879500,0
1747327500000000,2570.01000000,2599.98000000,2569.64000000,2599.02000000,15255.97610000,1747328399999999,39440922.36794700,74850,9972.77070000,25782701.19673700,0
1747328400000000,2599.06000000,2599.92000000,2580.78000000,2584.89000000,10925.39190000,1747329299999999,28282200.05575800,52182,5236.95390000,13554480.80498400,0
1747329300000000,2584.90000000,2603.59000000,2584.90000000,2595.32000000,11066.05300000,1747330199999999,28721622.48169600,54979,7458.13000000,19361102.76921900,0
1747330200000000,2595.32000000,2595.32000000,2585.24000000,2590.64000000,5468.34000000,1747331099999999,14164320.63627300,41632,3093.17180000,8012047.17884600,0
1747331100000000,2590.64000000,2594.54000000,2566.54000000,2571.54000000,9715.87640000,1747331999999999,25056088.11616300,46920,4824.00100000,12447426.37432300,0
1747332000000000,2571.54000000,2578.52000000,2558.67000000,2572.57000000,9335.83340000,1747332899999999,23987946.89969500,53194,4708.27850000,12095884.34864600,0
1747332900000000,2572.57000000,2573.79000000,2537.82000000,2542.21000000,9907.63550000,1747333799999999,25271699.78867000,61000,3769.15260000,9614008.69578800,0
1747333800000000,2542.21000000,2550.70000000,2524.68000000,2541.82000000,9797.39660000,1747334699999999,24846162.87959100,65074,5223.57850000,13251481.19084900,0
1747334700000000,2541.83000000,2543.87000000,2521.00000000,2525.00000000,7019.20040000,1747335599999999,17742168.62105300,55712,2893.05780000,7313278.16602100,0
1747335600000000,2525.01000000,2544.42000000,2522.61000000,2541.27000000,8890.98750000,1747336499999999,22539693.83034200,49792,5445.39100000,13802783.88705800,0
1747336500000000,2541.26000000,2548.00000000,2511.77000000,2525.11000000,8295.86060000,1747337399999999,20987044.57764600,50570,3561.35150000,9015707.61522500,0
1747337400000000,2525.11000000,2533.74000000,2523.99000000,2530.00000000,5905.55250000,1747338299999999,14939371.33473200,38619,3252.40820000,8228671.80394600,0
1747338300000000,2530.00000000,2536.93000000,2521.35000000,2530.98000000,5770.27080000,1747339199999999,14602519.72571800,41366,3094.38330000,7832266.04460500,0
1747339200000000,2531.00000000,2544.50000000,2520.41000000,2521.62000000,8266.18730000,1747340099999999,20933334.43249800,41581,3887.98820000,9850056.29010200,0
1747340100000000,2521.62000000,2540.99000000,2515.91000000,2536.32000000,8653.88520000,1747340999999999,21891344.12391200,38135,4909.76430000,12429546.72751700,0
1747341000000000,2536.33000000,2539.20000000,2526.53000000,2535.28000000,3950.90320000,1747341899999999,10002917.49769000,24306,1967.55340000,4981071.20419600,0
1747341900000000,2535.28000000,2539.42000000,2532.51000000,2537.19000000,3313.98490000,1747342799999999,8405981.98637600,16778,2277.94510000,5778365.71742900,0
1747342800000000,2537.19000000,2539.58000000,2527.97000000,2529.50000000,2104.56190000,1747343699999999,5330678.93140100,22692,991.32050000,2510901.34188300,0
1747343700000000,2529.50000000,2529.50000000,2512.06000000,2526.56000000,3168.14290000,1747344599999999,7986586.11791400,22092,1248.05330000,3145917.85403800,0
1747344600000000,2526.57000000,2536.64000000,2517.07000000,2534.00000000,4464.78460000,1747345499999999,11291546.16344300,28100,2216.91550000,5606831.29483800,0
1747345500000000,2534.00000000,2541.50000000,2532.01000000,2535.01000000,3343.90100000,1747346399999999,8484683.20088800,19044,992.05320000,2517149.08157700,0
1747346400000000,2535.01000000,2553.85000000,2532.16000000,2551.26000000,6418.39180000,1747347299999999,16346021.92720500,36581,3267.76120000,8321017.34774100,0
1747347300000000,2551.26000000,2564.33000000,2548.11000000,2552.49000000,4215.56610000,1747348199999999,10778508.84289500,26778,2398.81150000,6134028.35151400,0
1747348200000000,2552.48000000,2563.27000000,2551.61000000,2562.00000000,2492.52180000,1747349099999999,6377941.56960200,20794,1723.65630000,4410336.52954300,0
1747349100000000,2562.00000000,2563.59000000,2541.50000000,2541.50000000,4927.53750000,1747349999999999,12566600.72385000,26657,1640.68640000,4183564.23138400,0
1747350000000000,2541.51000000,2544.95000000,2528.57000000,2529.20000000,4705.85410000,1747350899999999,11938253.83061100,42723,2287.87920000,5804727.37831000,0
1747350900000000,2529.20000000,2534.50000000,2516.25000000,2530.60000000,6302.92790000,1747351799999999,15904213.35830600,56002,2804.09800000,7077542.47652600,0
1747351800000000,2530.61000000,2550.21000000,2530.61000000,2545.89000000,6524.20160000,1747352699999999,16579851.88026200,30254,3014.02070000,7662189.27900300,0
1747352700000000,2545.89000000,2549.50000000,2539.40000000,2548.69000000,2687.65490000,1747353599999999,6839469.51876900,24273,1212.91540000,3086708.80846700,0
1747353600000000,2548.70000000,2556.92000000,2543.70000000,2555.90000000,6167.03750000,1747354499999999,15731433.57538400,59616,3101.92690000,7911733.76321800,0
1747354500000000,2555.90000000,2559.60000000,2545.99000000,2549.91000000,3007.25720000,1747355399999999,7677422.26468600,41005,1474.86630000,3765825.49894300,0
1747355400000000,2549.91000000,2565.29000000,2549.51000000,2562.43000000,4457.81510000,1747356299999999,11412178.76691900,29710,2811.09520000,7196177.58056300,0
1747356300000000,2562.42000000,2562.92000000,2539.32000000,2544.24000000,5826.89500000,1747357199999999,14841450.14427500,36359,2131.66130000,5428563.70748600,0
1747357200000000,2544.24000000,2553.50000000,2534.20000000,2546.31000000,4726.45170000,1747358099999999,12013573.36006500,45271,2439.24160000,6199335.56213800,0
1747358100000000,2546.31000000,2555.09000000,2535.60000000,2554.63000000,4696.65570000,1747358999999999,11942728.85725900,41089,2402.54220000,6109881.20701400,0
1747359000000000,2554.62000000,2569.14000000,2553.46000000,2566.00000000,4533.02020000,1747359899999999,11615661.45905300,37157,2510.91760000,6434445.51608500,0
1747359900000000,2566.01000000,2568.80000000,2559.53000000,2566.80000000,4431.85970000,1747360799999999,11362559.59146400,25563,2019.40040000,5177327.02388200,0
1747360800000000,2566.81000000,2583.33000000,2566.81000000,2577.29000000,8758.11680000,1747361699999999,22567833.77897900,52754,4457.86670000,11484987.34513400,0
1747361700000000,2577.29000000,2579.39000000,2555.25000000,2571.80000000,8584.31020000,1747362599999999,22027370.85408200,45591,4433.70810000,11375010.52852200,0
1747362600000000,2571.79000000,2576.99000000,2566.12000000,2567.65000000,3817.84930000,1747363499999999,9817396.39673100,28208,1946.04780000,5004238.84591500,0
1747363500000000,2567.66000000,2576.39000000,2567.52000000,2573.80000000,2596.17180000,1747364399999999,6675604.29378100,19939,1375.97090000,3538173.80490100,0
1747364400000000,2573.81000000,2576.47000000,2570.35000000,2573.76000000,3447.03990000,1747365299999999,8870815.33093300,25193,1746.05540000,4493145.19431000,0
1747365300000000,2573.75000000,2581.61000000,2568.38000000,2575.62000000,3785.76150000,1747366199999999,9752087.94753400,20535,2045.81300000,5270687.38877000,0
1747366200000000,2575.63000000,2581.00000000,2572.80000000,2574.45000000,4981.98530000,1747367099999999,12839074.74342000,22219,2704.37610000,6970004.84350200,0
1747367100000000,2574.46000000,2584.62000000,2574.37000000,2581.35000000,5155.51460000,1747367999999999,13300405.01577500,18211,3046.97860000,7861684.00130000,0
1747368000000000,2581.40000000,2589.45000000,2577.61000000,2581.10000000,7085.54250000,1747368899999999,18310567.42087900,25617,3938.98800000,10182148.38191600,0
1747368900000000,2581.10000000,2582.40000000,2571.96000000,2573.91000000,3182.94930000,1747369799999999,8199294.37257300,16362,1413.30980000,3640864.29357700,0
1747369800000000,2573.91000000,2575.20000000,2564.00000000,2568.01000000,3531.23010000,1747370699999999,9070879.61854300,25729,1544.98200000,3968444.34433700,0
1747370700000000,2568.01000000,2574.66000000,2567.10000000,2573.99000000,2872.79730000,1747371599999999,7384849.74517300,20587,1534.41610000,3944395.73238700,0
1747371600000000,2574.00000000,2580.99000000,2574.00000000,2577.50000000,3125.58620000,1747372499999999,8057369.43240700,21212,1488.21090000,3835899.02903800,0
1747372500000000,2577.51000000,2592.57000000,2577.39000000,2588.53000000,6912.39860000,1747373399999999,17880720.69814400,30636,4305.70830000,11136444.83165300,0
1747373400000000,2588.53000000,2596.18000000,2583.49000000,2595.00000000,5553.89860000,1747374299999999,14379393.85687700,29982,3150.10920000,8157477.97580100,0
1747374300000000,2595.00000000,2597.00000000,2588.60000000,2594.60000000,6318.30950000,1747375199999999,16382003.83600600,27502,4056.26240000,10516805.59196600,0
1747375200000000,2594.61000000,2599.00000000,2586.94000000,2590.14000000,4453.21220000,1747376099999999,11548655.05049500,35109,2359.71420000,6119684.23135100,0
1747376100000000,2590.15000000,2599.98000000,2590.15000000,2594.85000000,6531.01120000,1747376999999999,16959278.14166500,28247,4334.25840000,11254732.23947900,0
1747377000000000,2594.86000000,2600.59000000,2591.59000000,2594.48000000,4119.78080000,1747377899999999,10697372.95152900,25714,2598.97580000,6749613.53462400,0
1747377900000000,2594.47000000,2600.84000000,2593.49000000,2597.58000000,3270.22290000,1747378799999999,8493661.66419500,16517,1935.45180000,5027185.72881100,0
1747378800000000,2597.59000000,2598.09000000,2583.99000000,2589.90000000,6910.40950000,1747379699999999,17894508.41578300,35295,3137.47090000,8122792.36826400,0
1747379700000000,2589.89000000,2619.99000000,2587.93000000,2609.30000000,17169.18800000,1747380599999999,44760099.37894200,65912,10352.74400000,26985729.58297500,0
1747380600000000,2609.29000000,2612.00000000,2595.64000000,2596.71000000,11793.38310000,1747381499999999,30720960.76787800,44148,5850.61160000,15241634.32155700,0
1747381500000000,2596.70000000,2606.91000000,2595.20000000,2601.50000000,9659.95480000,1747382399999999,25137045.13350700,31628,5217.53640000,13576212.85794600,0
1747382400000000,2601.50000000,2605.33000000,2595.30000000,2597.97000000,5841.24060000,1747383299999999,15189168.84896800,33945,3513.92070000,9138175.73170400,0
1747383300000000,2597.96000000,2598.40000000,2558.88000000,2568.56000000,21121.06890000,1747384199999999,54394211.25681100,70789,9182.06370000,23651868.89651800,0
1747384200000000,2568.55000000,2573.99000000,2558.12000000,2569.08000000,8793.58420000,1747385099999999,22573543.81098600,53978,4978.00640000,12778998.76413500,0
1747385100000000,2569.08000000,2576.02000000,2563.53000000,2573.11000000,6863.60960000,1747385999999999,17647719.91233600,37571,3063.49980000,7877837.54567100,0
1747386000000000,2573.13000000,2608.23000000,2571.54000000,2598.89000000,16370.21440000,1747386899999999,42440758.20225800,77221,10237.04920000,26529596.16177900,0
1747386900000000,2598.89000000,2614.24000000,2594.92000000,2609.41000000,9694.74660000,1747387799999999,25267381.94785900,59337,5530.18970000,14409605.99405700,0
1747387800000000,2609.41000000,2617.17000000,2603.60000000,2608.71000000,9781.38520000,1747388699999999,25545582.64514800,55659,5344.83810000,13958541.46473400,0
1747388700000000,2608.72000000,2615.47000000,2608.72000000,2611.29000000,4547.75900000,1747389599999999,11881325.64301100,31376,2337.39250000,6106832.02494700,0
1747389600000000,2611.30000000,2624.99000000,2605.89000000,2617.59000000,10235.56620000,1747390499999999,26759303.70480500,52517,6506.74390000,17008452.47378200,0
1747390500000000,2617.58000000,2620.94000000,2610.99000000,2612.09000000,6670.12480000,1747391399999999,17452202.73350100,35533,3615.54340000,9460865.26236900,0
1747391400000000,2612.10000000,2627.25000000,2611.44000000,2621.81000000,7659.82720000,1747392299999999,20080440.36516200,39232,3926.23390000,10290504.74341500,0
1747392300000000,2621.81000000,2628.78000000,2620.00000000,2625.05000000,4804.10130000,1747393199999999,12607864.14535600,30902,3225.29750000,8464059.02795700,0
1747393200000000,2625.06000000,2634.00000000,2622.02000000,2630.59000000,7598.26290000,1747394099999999,19968289.58243400,37799,4086.57690000,10739880.81912600,0
1747394100000000,2630.60000000,2649.31000000,2625.21000000,2625.43000000,11996.36580000,1747394999999999,31617030.32332400,58440,6779.22470000,17873179.84801500,0
1747395000000000,2625.43000000,2628.30000000,2616.82000000,2617.38000000,9037.28130000,1747395899999999,23701311.18037600,42211,4708.59820000,12348465.67505500,0
1747395900000000,2617.39000000,2625.99000000,2617.39000000,2620.83000000,4016.32450000,1747396799999999,10530804.91439500,26656,2332.65830000,6116610.55025900,0
1747396800000000,2620.82000000,2623.25000000,2612.56000000,2615.56000000,6075.58850000,1747397699999999,15904150.72139800,38102,3172.92320000,8306476.86303000,0
1747397700000000,2615.56000000,2615.56000000,2592.70000000,2599.22000000,9452.48290000,1747398599999999,24611611.02898700,48207,4657.44480000,12125643.46895400,0
1747398600000000,2599.23000000,2608.50000000,2599.00000000,2600.57000000,5249.62040000,1747399499999999,13669918.07373100,41314,2811.80800000,7322013.92410500,0
1747399500000000,2600.57000000,2603.75000000,2596.11000000,2598.50000000,4352.69130000,1747400399999999,11317069.63672300,26846,2194.43870000,5705436.40104300,0
1747400400000000,2598.50000000,2610.00000000,2594.50000000,2607.36000000,8141.54170000,1747401299999999,21200545.47639600,30929,4914.58700000,12798121.16579000,0
1747401300000000,2607.36000000,2614.84000000,2599.46000000,2599.81000000,7237.96480000,1747402199999999,18871907.22793500,34654,4504.82190000,11747336.28167300,0
1747402200000000,2599.80000000,2616.28000000,2594.00000000,2602.48000000,12006.90860000,1747403099999999,31250015.22986900,61921,6647.94740000,17306306.38567900,0
1747403100000000,2602.49000000,2610.00000000,2600.00000000,2606.70000000,11329.08800000,1747403999999999,29512892.83712400,46736,6671.86550000,17384117.67358000,0
1747404000000000,2606.70000000,2606.70000000,2581.56000000,2589.20000000,21014.95360000,1747404899999999,54502284.28332400,77149,10700.91170000,27748934.90441400,0
1747404900000000,2589.21000000,2607.27000000,2587.20000000,2597.58000000,11220.76960000,1747405799999999,29142271.03160400,52057,6974.00800000,18112264.87978000,0
1747405800000000,2597.58000000,2597.59000000,2574.09000000,2574.64000000,13299.31590000,1747406699999999,34359496.70870200,53522,7069.79150000,18265714.06321600,0
1747406700000000,2574.64000000,2587.29000000,2573.80000000,2585.10000000,9116.35480000,1747407599999999,23535429.20675900,42414,5410.59800000,13968700.80275100,0
1747407600000000,2585.10000000,2604.86000000,2585.00000000,2597.20000000,11190.38970000,1747408499999999,29049770.31930400,50075,6782.54760000,17608988.63452900,0
1747408500000000,2597.21000000,2598.49000000,2585.50000000,2586.53000000,6938.38350000,1747409399999999,17969908.14913700,36607,3141.53510000,8135606.85907500,0
1747409400000000,2586.53000000,2594.48000000,2585.10000000,2588.30000000,6798.00790000,1747410299999999,17606005.87614400,43086,4027.59450000,10431341.23056300,0
1747410300000000,2588.30000000,2595.84000000,2586.44000000,2594.93000000,5297.21100000,1747411199999999,13722095.90640200,31239,2941.92290000,7621063.40088800,0
1747411200000000,2594.93000000,2602.01000000,2588.00000000,2588.00000000,6334.28740000,1747412099999999,16437698.23586600,36772,3233.77130000,8392078.77575600,0
1747412100000000,2588.00000000,2594.19000000,2579.00000000,2581.22000000,7592.57770000,1747412999999999,19614497.73406100,34845,4082.55620000,10548721.62249500,0
1747413000000000,2581.23000000,2584.59000000,2570.00000000,2575.99000000,7447.90070000,1747413899999999,19184596.41905200,34102,4134.27070000,10651380.44494200,0
1747413900000000,2575.99000000,2587.95000000,2572.01000000,2586.51000000,3852.25350000,1747414799999999,9943219.75154700,23937,2403.08530000,6202516.85097300,0
1747414800000000,2586.51000000,2590.94000000,2580.02000000,2584.47000000,4113.05830000,1747415699999999,10633045.70515800,27320,2646.56630000,6842487.34965900,0
1747415700000000,2584.46000000,2595.25000000,2584.46000000,2589.63000000,3707.05110000,1747416599999999,9606727.15411000,21605,2082.45510000,5396466.87277000,0
1747416600000000,2589.63000000,2591.99000000,2578.30000000,2586.45000000,3648.94810000,1747417499999999,9427732.39024500,23747,1924.83350000,4973282.19310000,0
1747417500000000,2586.45000000,2589.04000000,2572.00000000,2578.05000000,2882.85900000,1747418399999999,7435913.65098500,23278,1260.10330000,3250126.81686100,0
1747418400000000,2578.05000000,2584.43000000,2577.12000000,2583.10000000,4942.56450000,1747419299999999,12758488.76279800,24472,2358.48000000,6087911.98810000,0
1747419300000000,2583.10000000,2586.44000000,2576.00000000,2578.40000000,3528.87830000,1747420199999999,9106995.87561700,38596,1977.28350000,5103188.23222400,0
1747420200000000,2578.39000000,2587.15000000,2575.89000000,2581.50000000,2808.25880000,1747421099999999,7254970.64089300,18297,1320.90610000,3412635.65212800,0
1747421100000000,2581.50000000,2592.35000000,2579.99000000,2586.50000000,3444.98210000,1747421999999999,8908485.12491800,27126,1870.19620000,4836083.31226400,0
1747422000000000,2586.50000000,2593.47000000,2582.76000000,2583.72000000,2747.58810000,1747422899999999,7112674.23508100,27271,1181.30580000,3057808.06596400,0
1747422900000000,2583.73000000,2585.83000000,2577.38000000,2584.37000000,3028.73440000,1747423799999999,7817035.67941400,27358,1227.27910000,3167480.75715100,0
1747423800000000,2584.37000000,2587.00000000,2583.02000000,2584.99000000,1351.22970000,1747424699999999,3493538.35947100,17134,723.94410000,1871708.46117900,0
1747424700000000,2584.99000000,2593.46000000,2581.99000000,2591.80000000,2439.27080000,1747425599999999,6313211.30133500,21305,1293.48840000,3347976.06121600,0
1747425600000000,2591.89000000,2592.74000000,2586.90000000,2587.43000000,1816.28220000,1747426499999999,4704251.64220000,15821,1030.59950000,2669307.50312800,0
1747426500000000,2587.43000000,2587.43000000,2581.17000000,2583.49000000,1682.46460000,1747427399999999,4346115.42098900,12431,1024.53290000,2646554.42505300,0
1747427400000000,2583.49000000,2583.49000000,2565.00000000,2565.50000000,5812.78120000,1747428299999999,14949250.11461800,26447,2216.13250000,5697257.14661800,0
1747428300000000,2565.50000000,2573.32000000,2562.10000000,2570.90000000,3578.34930000,1747429199999999,9184490.23582200,21230,2167.42090000,5564411.67864400,0
1747429200000000,2570.91000000,2583.26000000,2569.51000000,2582.90000000,2430.44540000,1747430099999999,6264636.49886200,15329,1537.38390000,3962297.13792000,0
1747430100000000,2582.90000000,2582.90000000,2567.38000000,2568.31000000,1711.29360000,1747430999999999,4405288.30037100,11987,819.23600000,2108778.37958500,0
1747431000000000,2568.30000000,2578.00000000,2550.00000000,2575.65000000,6827.23670000,1747431899999999,17489933.53692800,34794,2718.46320000,6972687.80564600,0
1747431900000000,2575.65000000,2577.20000000,2563.80000000,2567.25000000,2014.48860000,1747432799999999,5175809.13810200,14032,1070.29600000,2749075.68091100,0
1747432800000000,2567.26000000,2570.11000000,2551.10000000,2555.20000000,4715.57290000,1747433699999999,12058808.43494200,35257,1967.37890000,5030996.17582600,0
1747433700000000,2555.21000000,2559.54000000,2546.23000000,2548.94000000,3299.30620000,1747434599999999,8422297.71316500,33854,1440.02540000,3677646.50255000,0
1747434600000000,2548.93000000,2556.80000000,2548.24000000,2549.60000000,2681.83960000,1747435499999999,6846551.92295500,20398,1179.31240000,3011083.51390600,0
1747435500000000,2549.61000000,2551.50000000,2529.40000000,2545.69000000,12751.65000000,1747436399999999,32386904.84670300,55802,5102.11860000,12958483.59161600,0
1747436400000000,2545.69000000,2554.00000000,2545.69000000,2553.87000000,3609.65410000,1747437299999999,9207184.36267500,28243,1834.75500000,4679658.32295400,0
1747437300000000,2553.87000000,2554.86000000,2545.31000000,2553.18000000,1885.77350000,1747438199999999,4807913.65641200,20597,1030.95050000,2628972.56264600,0
1747438200000000,2553.19000000,2557.93000000,2551.03000000,2551.90000000,2001.26040000,1747439099999999,5112418.02759700,16509,1022.73520000,2612946.18491300,0
1747439100000000,2551.90000000,2551.90000000,2530.20000000,2537.12000000,10048.50030000,1747439999999999,25511451.37824800,33961,3883.03770000,9855850.71828200,0
1747440000000000,2537.13000000,2538.16000000,2516.01000000,2528.57000000,19000.55180000,1747440899999999,48011799.86777000,66980,8670.95150000,21913110.94638500,0
1747440900000000,2528.57000000,2528.57000000,2497.20000000,2500.69000000,18891.59210000,1747441799999999,47359318.32716100,80753,7706.60120000,19318976.05597200,0
1747441800000000,2500.69000000,2504.50000000,2483.08000000,2504.21000000,13265.43700000,1747442699999999,33088138.60329400,73395,6055.89390000,15108515.94426100,0
1747442700000000,2504.20000000,2510.58000000,2493.29000000,2501.01000000,13115.07680000,1747443599999999,32839544.72027700,55036,5951.87210000,14906566.99198600,0
1747443600000000,2501.01000000,2501.01000000,2486.41000000,2489.47000000,12746.46070000,1747444499999999,31773811.55935600,55640,6093.94960000,15189766.51317200,0
1747444500000000,2489.48000000,2496.65000000,2478.99000000,2496.45000000,15879.58960000,1747445399999999,39493342.78234000,59073,7807.54280000,19425115.13067400,0
1747445400000000,2496.45000000,2496.45000000,2480.42000000,2490.10000000,7614.11670000,1747446299999999,18939922.18926400,33781,3280.85250000,8161641.52115500,0
1747446300000000,2490.10000000,2490.10000000,2458.91000000,2475.90000000,23567.93160000,1747447199999999,58219009.90694100,82053,8998.47800000,22221170.01623400,0
1747447200000000,2475.91000000,2478.00000000,2456.56000000,2457.49000000,13892.87870000,1747448099999999,34268174.05063000,70809,6121.29750000,15098838.19756400,0
1747448100000000,2457.49000000,2484.00000000,2452.60000000,2483.30000000,10056.52680000,1747448999999999,24819079.39362400,52929,5014.45790000,12384319.60000800,0
1747449000000000,2483.29000000,2496.37000000,2483.20000000,2495.61000000,10418.46090000,1747449899999999,25918748.69826600,48878,6070.87720000,15103040.52552500,0
1747449900000000,2495.60000000,2502.53000000,2485.53000000,2490.67000000,7461.57870000,1747450799999999,18605758.98954100,32487,4104.72720000,10236487.53590700,0
1747450800000000,2490.67000000,2495.91000000,2483.60000000,2487.09000000,3581.65540000,1747451699999999,8915059.78860000,23878,1701.83320000,4236235.03098200,0
1747451700000000,2487.10000000,2487.60000000,2475.28000000,2486.43000000,3912.51470000,1747452599999999,9706829.66157100,34688,1582.88360000,3927394.21289000,0
1747452600000000,2486.42000000,2493.90000000,2483.00000000,2492.80000000,2701.99720000,1747453499999999,6723016.20659700,28666,1337.00450000,3326135.22068400,0
1747453500000000,2492.80000000,2497.61000000,2489.10000000,2496.98000000,3711.34700000,1747454399999999,9255712.34070100,22407,1902.97120000,4746452.58853100,0
1747454400000000,2497.00000000,2500.26000000,2491.84000000,2492.29000000,3101.73430000,1747455299999999,7739582.27086600,25366,1391.72490000,3472838.91668400,0
1747455300000000,2492.30000000,2507.86000000,2492.22000000,2505.91000000,4305.74120000,1747456199999999,10772216.09322100,26951,2846.93690000,7122495.25545100,0
1747456200000000,2505.91000000,2513.51000000,2501.85000000,2512.18000000,5188.71650000,1747457099999999,13006194.12730300,20011,2582.12560000,6475002.68721000,0
1747457100000000,2512.13000000,2512.13000000,2502.74000000,2506.40000000,4832.55190000,1747457999999999,12115523.01576800,24635,2141.24730000,5368618.10822800,0
1747458000000000,2506.39000000,2509.55000000,2503.51000000,2503.66000000,2757.13140000,1747458899999999,6912245.87177900,20245,1195.27630000,2996948.69881200,0
1747458900000000,2503.66000000,2506.53000000,2487.54000000,2495.62000000,5359.25690000,1747459799999999,13369972.84467000,29320,2030.32630000,5066222.25794500,0
1747459800000000,2495.62000000,2497.69000000,2487.50000000,2489.44000000,2897.85800000,1747460699999999,7220474.49865900,24445,1353.54860000,3373663.75376900,0
1747460700000000,2489.45000000,2489.45000000,2474.93000000,2479.96000000,8120.82230000,1747461599999999,20140383.11898400,34050,3115.72200000,7725245.94000000,0
1747461600000000,2479.97000000,2496.85000000,2479.74000000,2496.19000000,7179.04940000,1747462499999999,17867442.73652900,23248,3997.02210000,9949015.03218800,0
1747462500000000,2496.20000000,2496.22000000,2484.00000000,2485.50000000,7197.43510000,1747463399999999,17907674.03950500,19068,3202.05090000,7964923.17722800,0
1747463400000000,2485.50000000,2491.00000000,2482.20000000,2491.00000000,1962.76740000,1747464299999999,4881614.51496300,16843,922.02390000,2293386.84666500,0
1747464300000000,2490.99000000,2494.84000000,2488.54000000,2493.31000000,1547.33760000,1747465199999999,3855674.25593200,12430,719.57940000,1793033.46486900,0
1747465200000000,2493.31000000,2504.70000000,2492.21000000,2498.69000000,2682.77490000,1747466099999999,6702249.70302000,24743,1506.68670000,3764322.47831200,0
1747466100000000,2498.70000000,2506.29000000,2497.80000000,2505.00000000,2919.98570000,1747466999999999,7306453.55360800,20198,1679.52690000,4202629.40001700,0
1747467000000000,2504.99000000,2505.50000000,2487.17000000,2487.44000000,5940.14100000,1747467899999999,14840423.53457200,19090,1035.66450000,2585734.02231900,0
1747467900000000,2487.44000000,2492.90000000,2481.62000000,2492.89000000,3832.83480000,1747468799999999,9529121.08129600,29079,1745.88720000,4340577.88379700,0
1747468800000000,2492.90000000,2493.93000000,2485.28000000,2487.27000000,4762.15540000,1747469699999999,11856785.76300700,40966,2502.27000000,6230304.70830500,0
1747469700000000,2487.27000000,2492.94000000,2477.22000000,2491.62000000,5408.38880000,1747470599999999,13439717.84676300,54503,2628.29870000,6531398.26619700,0
1747470600000000,2491.62000000,2496.20000000,2485.59000000,2487.19000000,3753.17480000,1747471499999999,9348563.98546600,32210,1825.17510000,4546023.26303600,0
1747471500000000,2487.18000000,2489.20000000,2480.00000000,2481.49000000,2647.66090000,1747472399999999,6575815.33280500,26382,1039.33200000,2581322.84401400,0
1747472400000000,2481.50000000,2485.43000000,2466.59000000,2479.00000000,8277.74840000,1747473299999999,20496351.01373600,58715,4142.01780000,10257996.72674400,0
1747473300000000,2478.99000000,2480.48000000,2468.55000000,2475.19000000,9446.36600000,1747474199999999,23369891.43050400,34394,3885.15050000,9613171.53037800,0
1747474200000000,2475.20000000,2485.75000000,2474.41000000,2481.41000000,4024.99540000,1747475099999999,9989630.53108400,32084,2189.81790000,5434142.70948700,0
1747475100000000,2481.40000000,2486.30000000,2477.38000000,2478.40000000,2576.97530000,1747475999999999,6394788.44688800,26777,1313.77530000,3260748.85226600,0
1747476000000000,2478.40000000,2487.51000000,2474.70000000,2485.28000000,2585.20160000,1747476899999999,6417780.06959500,26210,1472.65540000,3656446.16124000,0
1747476900000000,2485.28000000,2491.60000000,2483.31000000,2489.20000000,2452.10640000,1747477799999999,6100101.46242700,25425,1414.05750000,3518220.41432100,0
1747477800000000,2489.19000000,2489.69000000,2478.01000000,2478.76000000,2493.97050000,1747478699999999,6192069.78991500,29179,748.35840000,1858537.23462700,0
1747478700000000,2478.76000000,2485.97000000,2478.39000000,2485.94000000,1727.82360000,1747479599999999,4289528.52159200,18034,739.49990000,1835631.56048900,0
1747479600000000,2485.94000000,2488.99000000,2480.20000000,2481.62000000,1911.61990000,1747480499999999,4748595.91072900,17382,828.70580000,2058708.95616100,0
1747480500000000,2481.62000000,2484.90000000,2474.51000000,2476.48000000,3127.06640000,1747481399999999,7752306.78228000,23581,1215.81050000,3014215.90493600,0
1747481400000000,2476.47000000,2484.43000000,2476.38000000,2484.16000000,2089.98550000,1747482299999999,5187045.51275100,14859,1106.63790000,2746572.78227900,0
1747482300000000,2484.16000000,2486.84000000,2480.73000000,2481.67000000,1418.00270000,1747483199999999,3522690.28478400,13204,592.89450000,1472960.56292400,0
1747483200000000,2481.67000000,2486.38000000,2479.47000000,2480.39000000,2381.60700000,1747484099999999,5912283.89515500,34747,968.35880000,2404288.64516200,0
1747484100000000,2480.40000000,2486.64000000,2479.90000000,2482.06000000,2762.47540000,1747484999999999,6859474.51774900,32613,1323.05230000,3285691.06704700,0
1747485000000000,2482.07000000,2484.00000000,2477.50000000,2480.41000000,2824.71240000,1747485899999999,7008134.31649300,30921,1152.55780000,2859739.07650000,0
1747485900000000,2480.40000000,2480.40000000,2470.21000000,2472.33000000,3223.39380000,1747486799999999,7976582.08689000,20425,1007.08970000,2491984.72378700,0
1747486800000000,2472.34000000,2477.99000000,2461.20000000,2477.89000000,5993.06970000,1747487699999999,14794052.49108000,37904,2599.38350000,6418703.79054300,0
1747487700000000,2477.89000000,2480.16000000,2465.16000000,2469.63000000,3803.73380000,1747488599999999,9404794.47201600,26852,1530.99960000,3786359.22617500,0
1747488600000000,2469.63000000,2469.68000000,2453.01000000,2460.83000000,6530.93700000,1747489499999999,16056125.21327200,40813,2400.31690000,5901348.57085100,0
1747489500000000,2460.84000000,2462.91000000,2446.42000000,2461.50000000,9642.89640000,1747490399999999,23654459.24725000,46916,3215.87050000,7890740.34128000,0
1747490400000000,2461.50000000,2470.11000000,2461.05000000,2470.10000000,4073.71480000,1747491299999999,10047612.97298400,34866,2187.94480000,5396257.73793100,0
1747491300000000,2470.11000000,2481.92000000,2468.81000000,2480.16000000,3498.73560000,1747492199999999,8660932.09222300,32686,1983.57500000,4911562.71437100,0
1747492200000000,2480.15000000,2485.40000000,2472.71000000,2477.34000000,8624.09710000,1747493099999999,21395742.32633400,36363,2978.85880000,7389187.73309000,0
1747493100000000,2477.34000000,2486.00000000,2477.34000000,2482.68000000,3337.36100000,1747493999999999,8284371.87755100,28607,1752.68310000,4350646.88715500,0
1747494000000000,2482.68000000,2484.70000000,2473.51000000,2478.00000000,3719.23500000,1747494899999999,9218081.75764700,27942,1418.57390000,3516027.72494000,0
1747494900000000,2477.99000000,2483.42000000,2473.02000000,2480.63000000,2544.16590000,1747495799999999,6303828.67604200,29957,1246.59410000,3088721.75110800,0
1747495800000000,2480.64000000,2483.86000000,2478.20000000,2480.13000000,3644.43780000,1747496699999999,9042568.17397800,31560,1610.44910000,3995513.95805700,0
1747496700000000,2480.13000000,2480.13000000,2473.11000000,2474.48000000,1929.60340000,1747497599999999,4777127.57782300,21089,816.95610000,2022392.16670900,0
1747497600000000,2474.48000000,2480.60000000,2468.49000000,2475.37000000,3393.44640000,1747498499999999,8397770.21477700,32456,1522.32750000,3767015.55279900,0
1747498500000000,2475.38000000,2477.35000000,2463.75000000,2468.09000000,4647.25420000,1747499399999999,11477427.79780700,39720,2082.35630000,5143619.40312300,0
1747499400000000,2468.10000000,2468.17000000,2451.33000000,2459.84000000,8188.97420000,1747500299999999,20143177.80953600,41994,3668.07690000,9025215.25016800,0
1747500300000000,2459.83000000,2467.70000000,2448.27000000,2467.69000000,5226.15300000,1747501199999999,12838735.18149800,36303,2537.18610000,6236113.01627600,0
1747501200000000,2467.70000000,2474.56000000,2464.74000000,2472.20000000,2876.28450000,1747502099999999,7102664.66077200,26703,1536.22710000,3794078.83886600,0
1747502100000000,2472.20000000,2475.38000000,2463.85000000,2474.79000000,3048.39300000,1747502999999999,7528025.22909200,26744,1421.69430000,3512136.94329600,0
1747503000000000,2474.80000000,2480.30000000,2471.22000000,2477.20000000,2856.54690000,1747503899999999,7073636.18922100,25459,1717.14440000,4252498.01024600,0
1747503900000000,2477.21000000,2477.69000000,2470.00000000,2470.35000000,1882.98150000,1747504799999999,4657831.09309400,18455,569.00870000,1407711.14855700,0
1747504800000000,2470.35000000,2482.86000000,2469.25000000,2479.20000000,6920.84360000,1747505699999999,17133977.18176900,52685,3678.82780000,9107965.38546000,0
1747505700000000,2479.20000000,2488.69000000,2470.07000000,2483.20000000,6716.23010000,1747506599999999,16672375.70916200,45053,4084.91760000,10143843.95712600,0
1747506600000000,2483.20000000,2483.78000000,2471.80000000,2477.14000000,3622.19820000,1747507499999999,8970212.42135300,27839,1551.71900000,3841750.41898100,0
1747507500000000,2477.14000000,2477.14000000,2463.20000000,2467.09000000,2495.20370000,1747508399999999,6161519.95142400,20978,748.90480000,1849219.47367900,0
1747508400000000,2467.10000000,2475.80000000,2462.06000000,2475.12000000,3473.88330000,1747509299999999,8582683.56840700,16591,1541.94960000,3809862.35541900,0
1747509300000000,2475.13000000,2480.68000000,2472.56000000,2474.60000000,2285.02130000,1747510199999999,5661772.82257900,13867,1327.60270000,3290427.16535600,0
1747510200000000,2474.61000000,2476.80000000,2468.72000000,2475.30000000,2877.54590000,1747511099999999,7116104.51847500,22961,1129.76880000,2793693.37969300,0
1747511100000000,2475.29000000,2475.70000000,2468.00000000,2470.19000000,1737.96600000,1747511999999999,4294429.87534000,29064,661.40120000,1634299.42585900,0
1747512000000000,2470.18000000,2475.70000000,2464.58000000,2465.33000000,2150.90840000,1747512899999999,5312382.57322400,31623,691.84560000,1709503.25966700,0
1747512900000000,2465.33000000,2475.62000000,2465.32000000,2473.99000000,3710.66270000,1747513799999999,9167537.97532700,33400,2109.60710000,5211281.65791000,0
1747513800000000,2473.99000000,2482.60000000,2473.61000000,2479.20000000,3106.94500000,1747514699999999,7703167.24651900,14110,1963.32790000,4868048.06010100,0
1747514700000000,2479.20000000,2495.45000000,2475.93000000,2488.77000000,10040.84520000,1747515599999999,24964308.98589700,21457,6700.21040000,16648234.11811600,0
1747515600000000,2488.78000000,2493.82000000,2484.42000000,2489.00000000,3225.21200000,1747516499999999,8027518.27888600,12320,1815.81340000,4520410.85960100,0
1747516500000000,2489.00000000,2489.45000000,2481.64000000,2483.40000000,1603.73660000,1747517399999999,3984568.00460000,10846,652.98890000,1622250.08629600,0
1747517400000000,2483.40000000,2491.21000000,2483.40000000,2486.19000000,1387.78140000,1747518299999999,3452023.09630500,8856,689.90530000,1716097.96449000,0
1747518300000000,2486.19000000,2486.73000000,2480.00000000,2485.99000000,1959.12130000,1747519199999999,4866880.53047900,12423,709.72040000,1762905.81232400,0
1747519200000000,2485.99000000,2486.19000000,2464.12000000,2469.39000000,5367.30430000,1747520099999999,13279018.07248800,30971,2105.29590000,5207306.80216500,0
1747520100000000,2469.39000000,2469.40000000,2457.55000000,2458.99000000,3958.50570000,1747520999999999,9752024.23242200,24887,1582.68840000,3899578.99237400,0
1747521000000000,2459.00000000,2466.51000000,2453.26000000,2465.35000000,2596.34920000,1747521899999999,6387319.40995700,19049,1292.01870000,3179452.39520200,0
1747521900000000,2465.35000000,2466.00000000,2456.46000000,2460.01000000,4903.75860000,1747522799999999,12067495.70229400,16172,2198.44970000,5409758.66301400,0
1747522800000000,2460.02000000,2473.37000000,2457.07000000,2469.89000000,6001.96260000,1747523699999999,14780363.12174900,22874,3102.80140000,7638162.10650500,0
1747523700000000,2469.89000000,2475.38000000,2467.06000000,2475.13000000,1595.71850000,1747524599999999,3944065.58361700,11786,960.84090000,2375073.72129100,0
1747524600000000,2475.12000000,2478.40000000,2471.81000000,2473.36000000,2246.15050000,1747525499999999,5559306.08651100,11958,1163.92940000,2881393.57181700,0
1747525500000000,2473.37000000,2475.38000000,2471.82000000,2475.08000000,1348.11860000,1747526399999999,3335428.46877800,11252,659.02470000,1630488.66573100,0
1747526400000000,2475.09000000,2483.17000000,2473.30000000,2479.99000000,2430.99420000,1747527299999999,6025411.48761100,22027,1364.89060000,3382971.77944000,0
1747527300000000,2479.99000000,2481.60000000,2473.36000000,2477.38000000,1710.58950000,1747528199999999,4237102.00413900,17188,665.41860000,1648406.28231500,0
1747528200000000,2477.39000000,2478.70000000,2472.30000000,2473.10000000,1918.69290000,1747529099999999,4749641.95220100,20315,809.31070000,2003805.26673200,0
1747529100000000,2473.10000000,2486.00000000,2471.98000000,2482.78000000,2371.74830000,1747529999999999,5884338.60555700,17139,1441.52390000,3576517.86440100,0
1747530000000000,2482.78000000,2484.18000000,2478.14000000,2478.51000000,1352.75640000,1747530899999999,3355581.78041100,9451,594.86870000,1475591.25049200,0
1747530900000000,2478.50000000,2483.75000000,2475.21000000,2476.17000000,2009.22530000,1747531799999999,4981795.31589800,11033,738.53210000,1831746.69850000,0
1747531800000000,2476.17000000,2480.92000000,2472.93000000,2476.71000000,1296.12740000,1747532699999999,3210939.00333900,8507,687.25860000,1702662.24028400,0
1747532700000000,2476.71000000,2487.19000000,2474.56000000,2485.11000000,2095.95610000,1747533599999999,5201314.57314500,14430,1407.28890000,3493107.90941600,0
1747533600000000,2485.11000000,2487.44000000,2482.60000000,2483.99000000,1843.09720000,1747534499999999,4580643.48548300,15450,1252.31510000,3112578.41597500,0
1747534500000000,2483.99000000,2484.85000000,2481.15000000,2483.91000000,1779.69490000,1747535399999999,4419101.32383300,11629,779.26710000,1934810.12935300,0
1747535400000000,2483.91000000,2485.61000000,2476.10000000,2477.61000000,1842.82550000,1747536299999999,4572926.41233300,15112,666.57240000,1654104.42068800,0
1747536300000000,2477.61000000,2483.89000000,2477.28000000,2481.20000000,1769.92560000,1747537199999999,4392222.45915200,11164,1028.44120000,2551910.56407400,0
1747537200000000,2481.19000000,2486.87000000,2475.14000000,2478.44000000,3371.47180000,1747538099999999,8363751.50900600,24904,1710.51890000,4242279.66346100,0
1747538100000000,2478.45000000,2478.79000000,2467.75000000,2468.77000000,3724.58660000,1747538999999999,9209747.07450900,22878,1496.18020000,3699844.35487400,0
1747539000000000,2468.78000000,2481.41000000,2468.40000000,2480.16000000,3111.04110000,1747539899999999,7707707.01669900,18771,1920.16530000,4756176.65664400,0
1747539900000000,2480.15000000,2481.80000000,2476.40000000,2477.20000000,1275.07930000,1747540799999999,3160789.07746200,11303,653.64410000,1620329.45729700,0
1747540800000000,2477.20000000,2484.12000000,2477.20000000,2482.20000000,1570.78000000,1747541699999999,3895797.77165200,11680,914.42270000,2267957.79335700,0
1747541700000000,2482.20000000,2484.18000000,2480.50000000,2481.89000000,881.69040000,1747542599999999,2188949.53768800,9901,463.42320000,1150468.51461200,0
1747542600000000,2481.89000000,2488.63000000,2481.08000000,2487.83000000,1371.17560000,1747543499999999,3407874.76277400,12555,890.44840000,2213204.15149700,0
1747543500000000,2487.82000000,2489.20000000,2483.92000000,2485.91000000,1595.37990000,1747544399999999,3966732.99577800,10964,577.76510000,1436487.93149900,0
1747544400000000,2485.91000000,2493.93000000,2485.71000000,2492.44000000,2899.54990000,1747545299999999,7224367.90107600,18149,1837.34760000,4577672.71893800,0
1747545300000000,2492.45000000,2507.01000000,2492.45000000,2502.51000000,6277.31110000,1747546199999999,15701034.91726800,36457,4226.54030000,10570455.86326900,0
1747546200000000,2502.51000000,2506.29000000,2496.30000000,2497.98000000,3444.80290000,1747547099999999,8615449.89626100,18081,1440.22500000,3602182.07528400,0
1747547100000000,2497.98000000,2515.44000000,2497.50000000,2512.60000000,5791.96210000,1747547999999999,14530281.06059800,27233,3511.88800000,8808707.10760000,0
1747548000000000,2512.60000000,2513.90000000,2506.02000000,2509.61000000,3538.79020000,1747548899999999,8878482.05529000,21131,1836.14520000,4606502.32349800,0
1747548900000000,2509.61000000,2511.56000000,2501.50000000,2504.87000000,2456.51620000,1747549799999999,6156891.78920300,18306,1063.51170000,2665698.47843800,0
1747549800000000,2504.86000000,2504.86000000,2494.79000000,2499.01000000,3639.50410000,1747550699999999,9093039.07314200,21191,1288.41340000,3218965.69413300,0
1747550700000000,2499.01000000,2499.50000000,2492.70000000,2497.28000000,2751.66890000,1747551599999999,6866998.07657800,19061,1478.23980000,3689147.76185400,0
1747551600000000,2497.25000000,2502.70000000,2494.56000000,2501.72000000,3256.26410000,1747552499999999,8134197.62053000,25583,1789.15290000,4469151.76630900,0
1747552500000000,2501.72000000,2507.49000000,2501.71000000,2506.11000000,2626.34350000,1747553399999999,6577501.24445000,16128,1585.07340000,3969745.86563600,0
1747553400000000,2506.11000000,2506.28000000,2501.55000000,2504.44000000,2002.51110000,1747554299999999,5013151.11307600,16203,908.01040000,2273115.54504000,0
1747554300000000,2504.44000000,2511.34000000,2502.26000000,2509.30000000,2332.30000000,1747555199999999,5847754.83958200,14833,1396.57970000,3501084.54167300,0
1747555200000000,2509.29000000,2528.55000000,2509.29000000,2519.29000000,9198.18600000,1747556099999999,23175533.85999600,40708,5728.48060000,14434703.73456900,0
1747556100000000,2519.29000000,2526.59000000,2515.57000000,2525.72000000,12993.93930000,1747556999999999,32768593.83082100,38776,7622.28440000,19223818.82744400,0
1747557000000000,2525.71000000,2528.35000000,2517.33000000,2518.07000000,5209.72160000,1747557899999999,13141235.73755700,27625,2423.04340000,6114032.59439100,0
1747557900000000,2518.07000000,2521.00000000,2515.22000000,2517.59000000,3133.35340000,1747558799999999,7890723.43045100,17650,1158.57370000,2917982.52438300,0
1747558800000000,2517.60000000,2523.62000000,2517.59000000,2523.37000000,2814.88390000,1747559699999999,7097513.02357500,17518,1715.44960000,4325198.34482500,0
1747559700000000,2523.36000000,2523.36000000,2515.92000000,2517.50000000,3149.44380000,1747560599999999,7932670.59066000,19861,1447.33970000,3645340.28954100,0
1747560600000000,2517.50000000,2517.53000000,2505.40000000,2505.59000000,3895.64280000,1747561499999999,9785475.09521000,24814,1517.25170000,3810950.16592200,0
1747561500000000,2505.60000000,2510.50000000,2503.99000000,2507.99000000,2767.74870000,1747562399999999,6938838.00309200,20628,1259.49080000,3157574.20393700,0
1747562400000000,2508.00000000,2512.77000000,2506.28000000,2512.57000000,2110.43340000,1747563299999999,5296053.80817400,17128,1292.04900000,3242583.11282600,0
1747563300000000,2512.57000000,2513.32000000,2501.23000000,2501.23000000,2409.25540000,1747564199999999,6038284.20511100,14956,1032.58490000,2588686.36931900,0
1747564200000000,2501.24000000,2503.70000000,2498.11000000,2502.85000000,3472.37130000,1747565099999999,8683895.56267000,16156,1248.87860000,3123501.44489600,0
1747565100000000,2502.85000000,2505.28000000,2500.73000000,2505.28000000,1338.77180000,1747565999999999,3351446.34418400,10065,847.24990000,2121166.97140700,0
1747566000000000,2505.28000000,2509.52000000,2503.99000000,2506.63000000,2139.06730000,1747566899999999,5363074.40572000,11194,1404.39810000,3520901.74208000,0
1747566900000000,2506.62000000,2513.44000000,2506.62000000,2508.30000000,1968.68290000,1747567799999999,4942214.14916700,11167,1088.63790000,2732989.99133300,0
1747567800000000,2508.30000000,2511.81000000,2502.12000000,2502.40000000,2723.36680000,1747568699999999,6827784.44981000,17152,1273.07180000,3191725.64485500,0
1747568700000000,2502.39000000,2505.90000000,2501.00000000,2501.75000000,1622.06250000,1747569599999999,4059440.89158300,12858,942.27550000,2358196.40776400,0
1747569600000000,2501.74000000,2502.47000000,2488.02000000,2494.44000000,5729.56310000,1747570499999999,14292739.95243600,24972,2124.06890000,5298933.30560100,0
1747570500000000,2494.48000000,2502.00000000,2491.82000000,2501.60000000,2424.32410000,1747571399999999,6056287.16693800,10218,1489.69150000,3721996.96062200,0
1747571400000000,2501.60000000,2504.57000000,2500.70000000,2502.41000000,2000.66370000,1747572299999999,5006291.09045100,9456,839.97180000,2102016.19595400,0
1747572300000000,2502.40000000,2508.63000000,2501.67000000,2508.26000000,2027.83510000,1747573199999999,5081823.72730900,10466,1020.12220000,2556882.47008700,0
1747573200000000,2508.25000000,2508.87000000,2504.49000000,2506.40000000,2124.10910000,1747574099999999,5324176.53616800,8436,766.95410000,1922321.38192400,0
1747574100000000,2506.41000000,2514.87000000,2506.20000000,2511.77000000,2293.36370000,1747574999999999,5758332.71695200,10928,1436.18750000,3606240.06162300,0
1747575000000000,2511.77000000,2522.12000000,2510.55000000,2518.08000000,5227.31560000,1747575899999999,13159596.63249900,29658,2936.13950000,7392084.51939900,0
1747575900000000,2518.09000000,2545.00000000,2514.32000000,2542.18000000,10156.41660000,1747576799999999,25696431.07389300,40285,6476.95890000,16389693.52880500,0
1747576800000000,2542.19000000,2550.32000000,2529.56000000,2529.99000000,12882.69620000,1747577699999999,32704518.38141300,47253,6188.13310000,15715503.58368300,0
1747577700000000,2529.99000000,2540.46000000,2529.99000000,2536.74000000,6012.30310000,1747578599999999,15251519.25250300,21519,3107.45980000,7883430.64727000,0
1747578600000000,2536.74000000,2555.00000000,2535.67000000,2551.03000000,13800.73940000,1747579499999999,35152469.01591300,46722,6718.02500000,17114125.30248000,0
1747579500000000,2551.03000000,2569.81000000,2550.15000000,2557.93000000,15545.83700000,1747580399999999,39803613.58720500,62832,8737.66280000,22371531.42086500,0
1747580400000000,2557.94000000,2561.19000000,2548.20000000,2559.61000000,9083.32990000,1747581299999999,23209781.70865200,42028,3948.49280000,10090066.69847000,0
1747581300000000,2559.60000000,2568.00000000,2555.25000000,2561.81000000,6348.50630000,1747582199999999,16272015.79294400,35098,2832.63520000,7262323.70521600,0
1747582200000000,2561.81000000,2572.59000000,2557.99000000,2568.95000000,6304.78560000,1747583099999999,16171325.58142900,28007,3682.46900000,9447432.50184800,0
1747583100000000,2568.96000000,2587.61000000,2566.83000000,2578.99000000,17552.02320000,1747583999999999,45246092.54284600,58126,10001.71830000,25783432.18545700,0
1747584000000000,2579.00000000,2584.00000000,2572.30000000,2573.30000000,8822.66350000,1747584899999999,22743433.52806100,44253,3918.02140000,10099493.90036200,0
1747584900000000,2573.30000000,2575.49000000,2554.54000000,2564.25000000,10513.42890000,1747585799999999,26978958.64612900,41758,4733.19150000,12144755.30998600,0
1747585800000000,2564.25000000,2574.18000000,2558.14000000,2570.28000000,7874.73570000,1747586699999999,20206150.04581600,39882,3620.80620000,9291287.70701600,0
1747586700000000,2570.28000000,2583.14000000,2566.82000000,2573.80000000,8606.32060000,1747587599999999,22155601.68909400,36051,4204.40520000,10824947.28071600,0
1747587600000000,2573.79000000,2575.50000000,2565.22000000,2571.31000000,5598.12770000,1747588499999999,14387299.48947100,33473,2352.30710000,6045643.85896400,0
1747588500000000,2571.31000000,2571.35000000,2512.69000000,2541.41000000,25453.57690000,1747589399999999,64622057.01155300,76814,11068.43770000,28090829.23210200,0
1747589400000000,2541.42000000,2547.32000000,2522.48000000,2530.84000000,20002.23540000,1747590299999999,50665183.45218800,75137,9352.62420000,23700549.19946500,0
1747590300000000,2530.84000000,2531.50000000,2482.46000000,2489.92000000,23476.09680000,1747591199999999,58808069.59304300,80052,9959.49920000,24940368.74679400,0
1747591200000000,2489.90000000,2496.35000000,2455.27000000,2474.19000000,38530.00590000,1747592099999999,95262101.53552500,116853,18550.23340000,45875023.04242700,0
1747592100000000,2474.20000000,2478.10000000,2450.94000000,2478.00000000,22446.24250000,1747592999999999,55345214.89113600,73953,11917.87630000,29389093.65463300,0
1747593000000000,2478.00000000,2478.00000000,2463.55000000,2472.15000000,10073.33540000,1747593899999999,24892093.93872400,44917,4447.44900000,10988325.80182400,0
1747593900000000,2472.15000000,2476.40000000,2456.00000000,2463.01000000,11149.54090000,1747594799999999,27469946.88819900,41969,4928.91680000,12144449.36130300,0
1747594800000000,2463.00000000,2467.90000000,2459.50000000,2464.39000000,7178.38320000,1747595699999999,17682165.56044800,29558,3910.35020000,9632624.69577600,0
1747595700000000,2464.38000000,2471.52000000,2457.88000000,2467.28000000,9135.85260000,1747596599999999,22503262.51320900,28884,4855.78250000,11959986.51031900,0
1747596600000000,2467.28000000,2467.28000000,2423.54000000,2432.76000000,36363.99440000,1747597499999999,88627614.03107900,94580,15896.78800000,38726199.42067600,0
1747597500000000,2432.77000000,2436.40000000,2403.33000000,2408.20000000,25269.83360000,1747598399999999,61061968.19217500,69423,11064.28730000,26741485.00144100,0
1747598400000000,2408.20000000,2408.20000000,2323.21000000,2368.62000000,79357.42270000,1747599299999999,187755493.06608900,209042,36018.73070000,85208706.61691300,0
1747599300000000,2368.61000000,2383.01000000,2365.87000000,2379.51000000,21220.52970000,1747600199999999,50391017.48477900,69691,10641.44350000,25272290.35260600,0
1747600200000000,2379.50000000,2397.39000000,2371.42000000,2397.39000000,14602.19310000,1747601099999999,34820462.36999500,57018,7634.87850000,18204987.02255700,0
1747601100000000,2397.39000000,2406.74000000,2386.35000000,2393.81000000,11589.15440000,1747601999999999,27759570.54754400,56882,6126.05610000,14672558.48807700,0
1747602000000000,2393.82000000,2411.19000000,2393.00000000,2405.52000000,10396.05780000,1747602899999999,24972231.80254100,54927,6158.57090000,14795938.30806800,0
1747602900000000,2405.52000000,2422.83000000,2401.84000000,2421.71000000,7726.23670000,1747603799999999,18646281.52901400,35868,4267.68470000,10302077.60027200,0
1747603800000000,2421.71000000,2433.82000000,2411.88000000,2426.57000000,12486.60080000,1747604699999999,30262480.44095800,55276,6727.06580000,16301465.03742500,0
1747604700000000,2426.57000000,2429.03000000,2397.01000000,2407.16000000,9419.57410000,1747605599999999,22719966.89080200,54074,4102.21620000,9894118.15112500,0
1747605600000000,2407.10000000,2409.47000000,2378.17000000,2390.07000000,17462.21560000,1747606499999999,41795952.66240400,87789,8021.84860000,19202411.34940700,0
1747606500000000,2390.06000000,2418.05000000,2375.83000000,2416.01000000,15734.89050000,1747607399999999,37740825.02466300,74854,8660.32500000,20785604.12412600,0
1747607400000000,2416.00000000,2438.55000000,2414.78000000,2429.79000000,14354.15720000,1747608299999999,34862949.86085900,70023,7636.90010000,18544957.75470800,0
1747608300000000,2429.76000000,2456.32000000,2429.15000000,2454.91000000,11431.50520000,1747609199999999,27875395.40990600,52574,6310.10580000,15391506.89888200,0
1747609200000000,2454.90000000,2454.99000000,2436.22000000,2440.87000000,12844.20510000,1747610099999999,31393899.07804900,62149,6409.58890000,15665533.16128300,0
1747610100000000,2440.87000000,2453.13000000,2435.64000000,2452.10000000,7502.22570000,1747610999999999,18331795.42334100,40698,4010.58500000,9805483.81443400,0
1747611000000000,2452.10000000,2457.85000000,2447.80000000,2455.93000000,7316.20350000,1747611899999999,17946193.99256800,56749,3381.66900000,8295454.98943500,0
1747611900000000,2455.93000000,2511.27000000,2452.08000000,2497.78000000,25364.53430000,1747612799999999,63124398.96187900,98690,13276.59000000,33019628.06362800,0
1747612800000000,2497.78000000,2513.67000000,2473.89000000,2480.63000000,26803.27130000,1747613699999999,66782997.90015000,113386,15333.45240000,38197466.44896000,0
1747613700000000,2480.64000000,2483.76000000,2451.83000000,2451.85000000,20533.23990000,1747614599999999,50671439.74105600,84405,8462.23720000,20884311.95104700,0
1747614600000000,2451.84000000,2456.65000000,2427.64000000,2443.61000000,17764.96670000,1747615499999999,43414682.61578100,91647,8257.75350000,20183579.77114300,0
1747615500000000,2443.61000000,2450.00000000,2430.17000000,2443.11000000,7902.00010000,1747616399999999,19287942.82888900,59174,3821.77220000,9329282.71112300,0
1747616400000000,2443.11000000,2450.55000000,2423.70000000,2430.89000000,9490.13520000,1747617299999999,23115261.66123300,70309,4688.70910000,11422409.96087300,0
1747617300000000,2430.89000000,2439.54000000,2414.21000000,2433.40000000,11633.82820000,1747618199999999,28217475.29258600,65678,5785.11920000,14034945.35975300,0
1747618200000000,2433.41000000,2441.83000000,2422.10000000,2426.20000000,6564.83040000,1747619099999999,15956617.61804100,51397,2605.65370000,6333821.66889700,0
1747619100000000,2426.20000000,2438.10000000,2424.30000000,2428.70000000,3692.39740000,1747619999999999,8981008.48279100,32052,2186.67460000,5319391.77887600,0
1747620000000000,2428.70000000,2435.48000000,2397.83000000,2399.10000000,12185.26980000,1747620899999999,29413329.34462900,68517,4362.62180000,10536497.89983000,0
1747620900000000,2399.10000000,2410.80000000,2392.44000000,2409.15000000,8648.41100000,1747621799999999,20776123.31771500,48703,4403.94960000,10580778.36288300,0
1747621800000000,2409.15000000,2417.59000000,2406.23000000,2408.97000000,4302.53410000,1747622699999999,10383433.91336000,35912,2080.73710000,5022273.38916000,0
1747622700000000,2408.97000000,2410.50000000,2397.85000000,2401.19000000,6373.86240000,1747623599999999,15314642.73303700,41602,2790.66940000,6705464.10806900,0
1747623600000000,2401.19000000,2404.53000000,2384.71000000,2386.10000000,8616.09460000,1747624499999999,20605433.44930900,59121,3709.24350000,8870405.78759600,0
1747624500000000,2386.09000000,2399.63000000,2383.41000000,2392.32000000,7671.71510000,1747625399999999,18353132.98724300,42317,4093.32960000,9794471.94896300,0
1747625400000000,2392.32000000,2395.99000000,2381.90000000,2383.52000000,6459.00860000,1747626299999999,15432727.05671500,40663,2973.25090000,7103878.66228500,0
1747626300000000,2383.52000000,2391.11000000,2379.80000000,2385.31000000,5705.57380000,1747627199999999,13604817.06497900,40971,2334.95660000,5568024.27630100,0
1747627200000000,2385.32000000,2405.10000000,2380.63000000,2401.39000000,11826.61920000,1747628099999999,28289477.15463700,71509,6906.69800000,16521504.79496100,0
1747628100000000,2401.39000000,2403.52000000,2389.15000000,2394.48000000,4895.34810000,1747628999999999,11725099.98579300,37491,2685.96250000,6433296.93144700,0
1747629000000000,2394.47000000,2398.57000000,2365.03000000,2378.79000000,14369.21320000,1747629899999999,34205586.29551900,72224,6204.46680000,14772763.68767700,0
1747629900000000,2378.79000000,2380.39000000,2352.00000000,2365.81000000,11581.10420000,1747630799999999,27374065.43560800,61930,4760.82870000,11247293.84440600,0
1747630800000000,2365.82000000,2378.82000000,2357.65000000,2376.40000000,11627.30090000,1747631699999999,27541612.25568600,53429,6727.86500000,15944352.59144600,0
1747631700000000,2376.40000000,2380.00000000,2371.20000000,2377.47000000,4552.86290000,1747632599999999,10819757.81523400,33951,2299.83940000,5465373.50303300,0
1747632600000000,2377.50000000,2386.27000000,2364.21000000,2380.71000000,13822.63390000,1747633499999999,32855975.62126600,58983,6274.66090000,14917006.99877200,0
1747633500000000,2380.71000000,2381.69000000,2372.75000000,2378.71000000,3240.53610000,1747634399999999,7705723.55353100,31720,1447.72680000,3442834.35110100,0
1747634400000000,2378.70000000,2398.20000000,2373.71000000,2394.49000000,9218.40010000,1747635299999999,21995375.51900800,49117,5498.77980000,13121377.64147700,0
1747635300000000,2394.49000000,2394.49000000,2380.53000000,2387.29000000,4646.11160000,1747636199999999,11088464.75963000,33901,1847.40890000,4409124.02701900,0
1747636200000000,2387.30000000,2387.43000000,2363.71000000,2371.28000000,6746.91290000,1747637099999999,16007844.80646200,51877,3035.81010000,7202197.13362400,0
1747637100000000,2371.29000000,2374.00000000,2348.38000000,2353.69000000,11019.53490000,1747637999999999,26000043.67565500,48854,3590.69770000,8478720.08737900,0
1747638000000000,2353.68000000,2398.24000000,2351.82000000,2393.12000000,16328.49060000,1747638899999999,38807297.59582500,76629,9725.41150000,23111337.83876200,0
1747638900000000,2393.11000000,2413.11000000,2391.72000000,2398.50000000,13136.27220000,1747639799999999,31578200.22081100,62645,6544.62380000,15734091.12596600,0
1747639800000000,2398.50000000,2410.00000000,2397.65000000,2408.55000000,6705.90260000,1747640699999999,16131574.86363500,41164,3496.28190000,8410681.90212600,0
1747640700000000,2408.55000000,2409.88000000,2400.11000000,2403.74000000,4690.77930000,1747641599999999,11280091.72622700,30631,2405.48630000,5783621.79817300,0
1747641600000000,2403.74000000,2409.74000000,2390.12000000,2409.55000000,11856.59220000,1747642499999999,28459723.76627300,56744,5615.70750000,13485852.96432600,0
1747642500000000,2409.54000000,2422.69000000,2404.71000000,2406.10000000,9270.78590000,1747643399999999,22385719.14095400,65175,4647.76430000,11225598.42652400,0
1747643400000000,2406.11000000,2407.36000000,2394.69000000,2397.60000000,6848.91180000,1747644299999999,16446808.94406300,38944,2873.83930000,6902752.90355200,0
1747644300000000,2397.59000000,2409.14000000,2396.20000000,2405.02000000,5789.45060000,1747645199999999,13915166.73964600,37882,3291.61620000,7913137.28516700,0
1747645200000000,2405.02000000,2412.82000000,2390.32000000,2401.10000000,13269.84370000,1747646099999999,31875680.72876200,72794,6213.23190000,14926929.12038300,0
1747646100000000,2401.10000000,2409.75000000,2399.28000000,2407.85000000,2981.58000000,1747646999999999,7171520.14925100,31493,1420.64030000,3417088.32319500,0
1747647000000000,2407.85000000,2415.70000000,2407.77000000,2414.08000000,3864.03120000,1747647899999999,9317360.81868800,33769,2072.87630000,4998348.15604100,0
1747647900000000,2414.08000000,2414.09000000,2405.24000000,2405.24000000,2846.43920000,1747648799999999,6854369.87635600,28146,1008.67560000,2428431.99436800,0
1747648800000000,2405.23000000,2406.66000000,2392.80000000,2397.25000000,3854.94370000,1747649699999999,9245028.14905500,35675,1402.55520000,3363197.70378800,0
1747649700000000,2397.25000000,2409.55000000,2396.75000000,2408.53000000,4268.34210000,1747650599999999,10259559.14334700,34436,2108.81810000,5069482.71828900,0
1747650600000000,2408.54000000,2411.94000000,2401.69000000,2410.39000000,2455.06830000,1747651499999999,5907700.34008800,31633,1040.95710000,2505059.73000900,0
1747651500000000,2410.40000000,2419.17000000,2408.54000000,2409.83000000,6207.56570000,1747652399999999,14989492.96488400,28584,3802.20430000,9181765.30042300,0
1747652400000000,2409.83000000,2415.28000000,2407.30000000,2410.30000000,4391.35090000,1747653299999999,10588239.22204000,32531,2349.81830000,5666256.37298400,0
1747653300000000,2410.29000000,2418.20000000,2409.87000000,2413.95000000,3071.05560000,1747654199999999,7414190.90010100,27785,1656.57320000,3999610.15453700,0
1747654200000000,2413.94000000,2420.65000000,2409.30000000,2420.01000000,2885.20520000,1747655099999999,6970916.86526900,25630,1611.40240000,3894269.24189700,0
1747655100000000,2420.01000000,2422.23000000,2417.24000000,2417.58000000,2711.04400000,1747655999999999,6558548.05989500,20420,1189.16710000,2876990.30167900,0
1747656000000000,2417.58000000,2421.20000000,2396.48000000,2401.00000000,8077.76290000,1747656899999999,19428173.42876700,56884,3260.59830000,7839558.91364400,0
1747656900000000,2401.01000000,2405.95000000,2392.20000000,2404.56000000,6061.16910000,1747657799999999,14542892.46995400,47030,2810.70180000,6744108.00286800,0
1747657800000000,2404.57000000,2404.60000000,2383.80000000,2400.11000000,10975.14740000,1747658699999999,26265517.31864000,56954,5380.70840000,12883585.63068600,0
1747658700000000,2400.10000000,2401.47000000,2389.89000000,2401.20000000,4638.87280000,1747659599999999,11117053.37524500,36118,1868.01810000,4477634.80728200,0
1747659600000000,2401.19000000,2407.98000000,2395.40000000,2396.40000000,7417.80700000,1747660499999999,17822115.74531100,47688,3215.28500000,7724891.12694100,0
1747660500000000,2396.43000000,2406.87000000,2394.74000000,2403.51000000,4901.63120000,1747661399999999,11766808.33068100,36262,2210.51100000,5307356.15344200,0
1747661400000000,2403.52000000,2441.00000000,2396.21000000,2433.01000000,24644.81360000,1747662299999999,59714654.06094500,128801,14001.08950000,33929797.54277000,0
1747662300000000,2433.01000000,2442.50000000,2424.96000000,2427.29000000,12724.70960000,1747663199999999,30989452.14817400,89928,6107.74240000,14877651.12898200,0
1747663200000000,2427.29000000,2438.00000000,2417.90000000,2428.82000000,13893.07990000,1747664099999999,33737631.00631900,76314,6506.15040000,15801618.89507500,0
1747664100000000,2428.81000000,2448.86000000,2428.36000000,2434.21000000,13173.66110000,1747664999999999,32150457.72410800,59237,7789.81370000,19018023.57872600,0
1747665000000000,2434.21000000,2449.48000000,2433.10000000,2445.87000000,7783.82800000,1747665899999999,19024986.12372000,44955,4570.50880000,11170677.95586300,0
1747665900000000,2445.87000000,2454.48000000,2445.27000000,2447.30000000,8219.33550000,1747666799999999,20135402.35781600,55648,4153.19830000,10174125.24007300,0
1747666800000000,2447.29000000,2460.40000000,2443.30000000,2454.90000000,8737.71960000,1747667699999999,21435500.12972700,63606,4102.74840000,10066983.96305000,0
1747667700000000,2454.90000000,2459.70000000,2448.59000000,2449.63000000,8176.42080000,1747668599999999,20055072.56864900,48616,4168.08700000,10221885.42821300,0
1747668600000000,2449.63000000,2466.73000000,2448.42000000,2466.69000000,6888.13800000,1747669499999999,16952840.20984800,52335,4060.64270000,9995625.07183200,0
1747669500000000,2466.69000000,2473.70000000,2459.24000000,2466.63000000,7335.70580000,1747670399999999,18092055.14751100,49214,3668.69070000,9049604.23247800,0
1747670400000000,2466.63000000,2468.59000000,2450.86000000,2456.07000000,7810.84780000,1747671299999999,19202762.78591800,53446,3169.31140000,7790627.40485000,0
1747671300000000,2456.07000000,2473.75000000,2455.52000000,2472.19000000,7890.83030000,1747672199999999,19456175.54622000,45298,4114.25810000,10144896.43712000,0
1747672200000000,2472.19000000,2478.12000000,2464.20000000,2476.94000000,6600.81710000,1747673099999999,16312661.59211000,44463,3547.91750000,8771199.04041000,0
1747673100000000,2476.94000000,2510.20000000,2475.87000000,2510.12000000,23817.50900000,1747673999999999,59418940.25083000,83556,15185.73850000,37871520.94298500,0
1747674000000000,2509.99000000,2547.36000000,2507.50000000,2518.61000000,39848.19080000,1747674899999999,100698228.12936900,145123,19928.34120000,50366884.65289300,0
1747674900000000,2518.62000000,2535.73000000,2516.99000000,2528.24000000,14989.80330000,1747675799999999,37888458.45063900,80752,7840.54200000,19822021.20937200,0
1747675800000000,2528.24000000,2531.00000000,2512.80000000,2517.00000000,13693.22610000,1747676699999999,34508536.13480500,64287,5598.75570000,14107735.76810400,0
1747676700000000,2517.01000000,2521.74000000,2502.44000000,2505.00000000,11564.40520000,1747677599999999,29067110.09821900,61090,4675.42950000,11755048.74747400,0
1747677600000000,2505.00000000,2516.09000000,2501.49000000,2511.50000000,10309.61050000,1747678499999999,25885613.14127900,58355,5458.28040000,13706932.31675900,0
1747678500000000,2511.50000000,2519.13000000,2495.39000000,2498.91000000,13167.78940000,1747679399999999,32949715.55497100,61830,5597.52830000,14008140.60041000,0
1747679400000000,2498.90000000,2501.54000000,2472.20000000,2496.43000000,17548.39590000,1747680299999999,43629815.19203600,82634,9329.35480000,23198961.54717700,0
1747680300000000,2496.44000000,2500.34000000,2484.46000000,2489.70000000,4778.47240000,1747681199999999,11901746.65567400,41484,2162.76010000,5387272.23014800,0
1747681200000000,2489.71000000,2494.25000000,2479.69000000,2492.70000000,5383.10710000,1747682099999999,13398064.13387000,35553,3195.23610000,7953567.67293100,0
1747682100000000,2492.70000000,2509.49000000,2489.04000000,2498.50000000,7326.29980000,1747682999999999,18318261.83442500,42028,3950.90950000,9881140.72632200,0
1747683000000000,2498.51000000,2525.00000000,2498.33000000,2517.32000000,10846.45810000,1747683899999999,27296003.83189100,49868,6557.80170000,16495626.79546800,0
1747683900000000,2517.31000000,2525.00000000,2513.06000000,2518.82000000,6174.23710000,1747684799999999,15555960.96146700,37894,3182.68460000,8020175.27909500,0
1747684800000000,2518.81000000,2522.00000000,2506.75000000,2508.04000000,7360.74610000,1747685699999999,18505526.26447200,41171,3786.01060000,9515918.95870400,0
1747685700000000,2508.05000000,2529.15000000,2508.05000000,2525.80000000,6176.11780000,1747686599999999,15560057.37326300,35922,3595.19640000,9058708.63135800,0
1747686600000000,2525.80000000,2531.71000000,2519.31000000,2524.49000000,6590.35090000,1747687499999999,16640963.45391700,34158,3515.09610000,8876255.38078700,0
1747687500000000,2524.50000000,2534.52000000,2518.75000000,2520.54000000,6561.91860000,1747688399999999,16574471.60689000,34109,3473.67630000,8776465.59147700,0
1747688400000000,2520.53000000,2521.41000000,2510.02000000,2519.84000000,5753.40200000,1747689299999999,14475535.92716500,28231,3060.98290000,7702040.00747300,0
1747689300000000,2519.84000000,2519.85000000,2502.49000000,2504.21000000,7865.60250000,1747690199999999,19772416.39822500,24848,4448.40720000,11188759.89101000,0
1747690200000000,2504.22000000,2514.50000000,2504.21000000,2512.07000000,5898.64750000,1747691099999999,14800872.01641000,22172,3812.54220000,9566130.37186500,0
1747691100000000,2512.07000000,2525.21000000,2512.06000000,2523.05000000,7077.82250000,1747691999999999,17840287.84943300,25029,5188.31080000,13076705.47450200,0
1747692000000000,2523.04000000,2523.04000000,2498.61000000,2500.13000000,8935.35410000,1747692899999999,22431310.84661800,36782,4267.67450000,10718174.08091600,0
1747692900000000,2500.13000000,2505.23000000,2492.43000000,2492.74000000,9143.14430000,1747693799999999,22845862.07891300,29663,3736.48880000,9336938.41760100,0
1747693800000000,2492.74000000,2502.41000000,2492.70000000,2501.67000000,7170.78700000,1747694699999999,17904676.88472700,25662,2591.79160000,6471492.61546800,0
1747694700000000,2501.66000000,2504.39000000,2497.28000000,2504.15000000,6617.50440000,1747695599999999,16552704.62850200,23526,2487.30700000,6222401.94613000,0
1747695600000000,2504.15000000,2518.74000000,2500.85000000,2514.49000000,6943.58640000,1747696499999999,17445932.24464300,28130,4197.67160000,10544518.47217000,0
1747696500000000,2514.49000000,2521.87000000,2514.49000000,2518.10000000,3169.87930000,1747697399999999,7983251.93067100,17971,1774.45820000,4469055.47233000,0
1747697400000000,2518.10000000,2531.78000000,2516.63000000,2530.56000000,7248.35140000,1747698299999999,18307231.28273200,30178,4984.10150000,12589417.04549000,0
1747698300000000,2530.56000000,2533.78000000,2526.79000000,2528.14000000,4507.13460000,1747699199999999,11406557.24689200,19100,1775.26130000,4492761.14453700,0
1747699200000000,2528.14000000,2545.67000000,2522.92000000,2543.60000000,8551.14860000,1747700099999999,21680571.61821100,43176,5019.20110000,12730298.05010200,0
1747700100000000,2543.60000000,2563.96000000,2529.85000000,2531.91000000,18928.20850000,1747700999999999,48205131.03257200,96905,10036.33900000,25570703.85872200,0
1747701000000000,2531.90000000,2538.50000000,2521.21000000,2526.39000000,9804.85790000,1747701899999999,24802285.85215100,66707,4715.22600000,11927791.97151800,0
1747701900000000,2526.39000000,2528.50000000,2511.25000000,2515.33000000,7704.53630000,1747702799999999,19403835.49813700,47180,3176.87870000,8001850.39329000,0
1747702800000000,2515.33000000,2523.37000000,2510.72000000,2518.65000000,5119.74620000,1747703699999999,12888558.36756000,44335,2495.20830000,6281870.29668500,0
1747703700000000,2518.66000000,2532.00000000,2515.71000000,2530.41000000,3454.36990000,1747704599999999,8720991.39115500,32135,1863.90440000,4705656.70923500,0
1747704600000000,2530.42000000,2547.09000000,2529.14000000,2537.94000000,4709.84750000,1747705499999999,11957991.35181300,45979,2719.14370000,6904550.31092900,0
1747705500000000,2537.94000000,2550.20000000,2533.90000000,2540.66000000,4727.75830000,1747706399999999,12019659.26418900,35841,2112.95140000,5371594.91991900,0
1747706400000000,2540.66000000,2561.44000000,2540.20000000,2561.43000000,5198.04620000,1747707299999999,13261409.80740600,43511,3328.61980000,8492952.66294900,0
1747707300000000,2561.43000000,2583.10000000,2556.30000000,2566.11000000,16981.61050000,1747708199999999,43672485.17683100,88638,9257.01120000,23813577.84352100,0
1747708200000000,2566.11000000,2588.63000000,2566.10000000,2575.78000000,14187.48840000,1747709099999999,36584751.34478200,75297,7446.03050000,19194865.43464100,0
1747709100000000,2575.78000000,2581.83000000,2558.68000000,2567.00000000,14603.81460000,1747709999999999,37504167.23345800,61784,8219.47250000,21111415.31133300,0
1747710000000000,2567.00000000,2580.28000000,2560.01000000,2576.38000000,8777.16670000,1747710899999999,22570878.05653200,48143,5516.37220000,14186779.33173500,0
1747710900000000,2576.38000000,2579.00000000,2560.64000000,2561.47000000,16524.57550000,1747711799999999,42469054.00513500,53265,9223.14530000,23703091.11081000,0
1747711800000000,2561.48000000,2562.00000000,2546.78000000,2551.23000000,8356.45760000,1747712699999999,21337563.99053900,50250,3897.02160000,9950479.14579900,0
1747712700000000,2551.24000000,2556.04000000,2544.18000000,2553.30000000,5571.15290000,1747713599999999,14211337.48677600,26302,3076.91440000,7849518.79955400,0
1747713600000000,2553.29000000,2555.87000000,2544.33000000,2552.95000000,4988.42660000,1747714499999999,12718557.75927700,24173,2828.19070000,7210561.88650000,0
1747714500000000,2552.95000000,2553.20000000,2546.49000000,2548.01000000,2834.50700000,1747715399999999,7227125.83607900,19785,1399.30300000,3567330.62786900,0
1747715400000000,2548.00000000,2557.90000000,2547.51000000,2555.00000000,4983.65390000,1747716299999999,12725040.67393300,20119,3316.22310000,8466356.53580000,0
1747716300000000,2554.99000000,2578.00000000,2554.99000000,2571.06000000,9756.05870000,1747717199999999,25054992.73089300,45253,6145.58280000,15779612.82433800,0
1747717200000000,2571.06000000,2576.20000000,2567.11000000,2570.99000000,5129.79500000,1747718099999999,13190716.35446800,33608,3133.32300000,8056740.74305700,0
1747718100000000,2571.00000000,2576.37000000,2569.11000000,2570.89000000,3800.14190000,1747718999999999,9776057.81204100,24941,2232.61770000,5743280.31287000,0
1747719000000000,2570.89000000,2572.79000000,2563.91000000,2565.45000000,6487.29290000,1747719899999999,16654653.83914200,32315,2965.64810000,7612665.73524000,0
1747719900000000,2565.45000000,2567.00000000,2556.02000000,2559.29000000,6847.79810000,1747720799999999,17540840.06151200,30212,3634.38900000,9313618.82390400,0
1747720800000000,2559.29000000,2561.68000000,2544.49000000,2545.14000000,7177.92110000,1747721699999999,18317192.24034900,39590,2971.24350000,7582638.01089100,0
1747721700000000,2545.14000000,2550.96000000,2535.01000000,2539.21000000,5967.74200000,1747722599999999,15167307.18410800,37804,2888.15100000,7341357.77467600,0
1747722600000000,2539.20000000,2545.50000000,2535.00000000,2541.85000000,6040.28960000,1747723499999999,15343215.48874100,26843,2313.90590000,5880643.47119800,0
1747723500000000,2541.85000000,2550.70000000,2540.99000000,2544.07000000,5589.27320000,1747724399999999,14235055.01444200,28577,3616.96600000,9212308.68653800,0
1747724400000000,2544.07000000,2547.00000000,2522.04000000,2542.84000000,12801.90170000,1747725299999999,32478776.58173000,58508,5099.72860000,12945108.42483200,0
1747725300000000,2542.85000000,2544.22000000,2533.28000000,2540.06000000,4463.09920000,1747726199999999,11326633.14557700,32152,2055.78620000,5217385.50861200,0
1747726200000000,2540.06000000,2543.44000000,2528.14000000,2530.00000000,6609.27910000,1747727099999999,16743487.03295400,37837,2684.33800000,6800206.10689200,0
1747727100000000,2530.00000000,2533.70000000,2521.90000000,2532.30000000,5890.62580000,1747727999999999,14896527.31189700,30702,2648.51520000,6699495.03288700,0
1747728000000000,2532.30000000,2539.60000000,2523.28000000,2525.25000000,6205.10620000,1747728899999999,15716875.28073300,35114,3095.36110000,7841000.75715000,0
1747728900000000,2525.26000000,2532.93000000,2522.00000000,2523.90000000,4133.85970000,1747729799999999,10444344.47789700,30666,1837.30580000,4642683.51176200,0
1747729800000000,2523.91000000,2535.39000000,2522.70000000,2535.00000000,5109.35910000,1747730699999999,12923267.66568300,27432,2838.13500000,7179443.66176600,0
1747730700000000,2534.99000000,2540.00000000,2530.00000000,2534.69000000,2571.60530000,1747731599999999,6518477.11310300,24528,1385.98050000,3513254.45258300,0
1747731600000000,2534.69000000,2539.80000000,2530.70000000,2534.01000000,3143.52290000,1747732499999999,7971446.83941800,27082,1482.18870000,3758688.22987200,0
1747732500000000,2534.01000000,2535.59000000,2526.01000000,2529.14000000,2682.12940000,1747733399999999,6786977.98741600,28877,1242.50980000,3144346.87554800,0
1747733400000000,2529.15000000,2537.19000000,2528.15000000,2534.17000000,2395.08340000,1747734299999999,6068800.92922300,26459,1500.70980000,3802415.84177000,0
1747734300000000,2534.17000000,2534.59000000,2524.77000000,2526.51000000,2783.68170000,1747735199999999,7041021.10603300,18632,1092.08560000,2761858.83484300,0
1747735200000000,2526.51000000,2533.91000000,2516.50000000,2521.70000000,6069.93230000,1747736099999999,15319927.03320800,38190,2582.92290000,6519757.39063000,0
1747736100000000,2521.69000000,2523.84000000,2513.43000000,2516.67000000,4914.63930000,1747736999999999,12377709.76434700,32488,1986.63490000,5003351.85704600,0
1747737000000000,2516.67000000,2517.00000000,2507.75000000,2516.66000000,6808.27100000,1747737899999999,17101031.20653600,31467,3971.04860000,9974749.50493800,0
1747737900000000,2516.65000000,2518.10000000,2509.03000000,2515.75000000,3232.66540000,1747738799999999,8125924.92117500,21750,1431.61910000,3598495.18200800,0
1747738800000000,2515.76000000,2516.98000000,2502.27000000,2504.31000000,4362.80910000,1747739699999999,10948757.42189900,26133,1488.83050000,3736573.44526400,0
1747739700000000,2504.32000000,2508.89000000,2492.58000000,2508.39000000,10980.57920000,1747740599999999,27456256.56824300,43146,4000.60070000,10006370.39862300,0
1747740600000000,2508.40000000,2519.54000000,2508.40000000,2516.20000000,6728.39380000,1747741499999999,16922530.04232200,33558,3762.58710000,9464044.06731000,0
1747741500000000,2516.20000000,2516.52000000,2509.66000000,2514.20000000,2512.71930000,1747742399999999,6315822.21533900,19558,1093.55390000,2748872.04898200,0
1747742400000000,2514.20000000,2515.38000000,2501.43000000,2507.04000000,3784.03750000,1747743299999999,9486202.48319400,22474,1704.23440000,4273180.39405700,0
1747743300000000,2507.04000000,2512.14000000,2495.14000000,2497.06000000,7480.69800000,1747744199999999,18719025.29005200,25758,3390.41400000,8484104.40697300,0
1747744200000000,2497.07000000,2500.25000000,2478.68000000,2487.33000000,14303.26180000,1747745099999999,35605977.76013100,46964,7493.93900000,18655200.05603000,0
1747745100000000,2487.33000000,2491.30000000,2479.91000000,2484.39000000,6414.52650000,1747745999999999,15941439.61193300,36283,3098.31730000,7699684.10676600,0
1747746000000000,2484.40000000,2492.40000000,2481.58000000,2481.81000000,5372.82200000,1747746899999999,13360774.34190000,28710,2400.13080000,5968401.89818700,0
1747746900000000,2481.81000000,2490.27000000,2479.90000000,2483.31000000,3984.08310000,1747747799999999,9898775.42031700,25670,1826.40910000,4538719.10687100,0
1747747800000000,2483.31000000,2487.50000000,2467.41000000,2472.69000000,10904.07610000,1747748699999999,26994501.52300900,68882,4525.67110000,11207226.69941100,0
1747748700000000,2472.70000000,2481.71000000,2464.56000000,2475.71000000,11980.19580000,1747749599999999,29638950.99825000,62788,5571.24080000,13786041.87985700,0
1747749600000000,2475.70000000,2483.74000000,2466.82000000,2470.24000000,9418.10140000,1747750499999999,23325094.99709100,57648,3949.51930000,9782872.37526800,0
1747750500000000,2470.24000000,2489.99000000,2467.58000000,2473.47000000,8512.16320000,1747751399999999,21118211.72996700,44350,4985.68160000,12370997.20924100,0
1747751400000000,2473.47000000,2479.50000000,2466.58000000,2478.42000000,6868.09560000,1747752299999999,16985907.49716600,52898,2948.01480000,7292214.31509900,0
1747752300000000,2478.41000000,2484.33000000,2468.75000000,2469.20000000,6269.14610000,1747753199999999,15523842.21141300,39688,3120.50610000,7730028.70520100,0
1747753200000000,2469.20000000,2478.87000000,2468.00000000,2477.39000000,4929.95230000,1747754099999999,12189194.15304200,35696,2766.47880000,6839882.11399300,0
1747754100000000,2477.39000000,2486.09000000,2469.06000000,2486.09000000,4736.85040000,1747754999999999,11733878.33066500,34955,2734.11860000,6774763.27627600,0
1747755000000000,2486.10000000,2493.28000000,2481.35000000,2482.00000000,7900.05730000,1747755899999999,19650406.76097900,43765,4286.40940000,10662922.04514900,0
1747755900000000,2481.99000000,2487.10000000,2476.76000000,2482.79000000,4462.63310000,1747756799999999,11079398.54089700,34375,1880.15070000,4668384.87864500,0
1747756800000000,2482.78000000,2490.39000000,2473.13000000,2475.63000000,5703.17870000,1747757699999999,14145634.50136900,37863,3036.11000000,7530852.45272400,0
1747757700000000,2475.63000000,2483.65000000,2469.04000000,2473.41000000,7098.44780000,1747758599999999,17576090.47392000,42453,3079.32350000,7626353.68770500,0
1747758600000000,2473.41000000,2483.90000000,2472.62000000,2480.70000000,3362.24930000,1747759499999999,8336812.56627000,31172,1411.96540000,3500051.34006400,0
1747759500000000,2480.69000000,2483.55000000,2474.26000000,2475.31000000,3172.79420000,1747760399999999,7863157.47515500,23562,1265.13560000,3135389.85740500,0
1747760400000000,2475.31000000,2498.19000000,2474.62000000,2495.49000000,8247.03620000,1747761299999999,20543021.29569300,43940,4846.02400000,12071985.15529000,0
1747761300000000,2495.50000000,2498.00000000,2486.80000000,2494.50000000,6533.80950000,1747762199999999,16292200.86695200,42107,3115.45910000,7768725.21294000,0
1747762200000000,2494.50000000,2496.61000000,2483.30000000,2494.64000000,5168.10090000,1747763099999999,12868939.64278400,34653,1937.07680000,4823987.78725200,0
1747763100000000,2494.64000000,2508.64000000,2493.51000000,2497.47000000,10890.82880000,1747763999999999,27239572.57938900,40176,6109.81580000,15280820.06669100,0
1747764000000000,2497.47000000,2504.40000000,2494.11000000,2499.74000000,4999.35370000,1747764899999999,12497511.81577200,32736,1907.35050000,4768278.91520700,0
1747764900000000,2499.74000000,2500.76000000,2470.00000000,2472.29000000,11929.60550000,1747765799999999,29623727.29974500,61407,4335.98630000,10765871.97179500,0
1747765800000000,2472.29000000,2484.68000000,2467.26000000,2471.81000000,10125.11050000,1747766699999999,25067001.04847800,57642,4046.24020000,10018049.48368800,0
1747766700000000,2471.80000000,2472.51000000,2442.40000000,2452.79000000,21889.10820000,1747767599999999,53749812.67483600,79474,7392.31290000,18145741.78940300,0
1747767600000000,2452.79000000,2467.78000000,2448.03000000,2466.80000000,8592.54450000,1747768499999999,21115612.16647300,47028,4436.51420000,10905186.37145400,0
1747768500000000,2466.80000000,2482.21000000,2460.81000000,2480.59000000,9442.07310000,1747769399999999,23360815.26646700,40231,5678.96370000,14055288.93451500,0
1747769400000000,2480.60000000,2491.17000000,2480.21000000,2487.69000000,5810.41740000,1747770299999999,14452106.05906300,36171,2872.27900000,7143677.92142900,0
1747770300000000,2487.69000000,2511.46000000,2487.69000000,2501.28000000,9430.49200000,1747771199999999,23588984.19386700,53255,5371.56880000,13436519.94938900,0
1747771200000000,2501.29000000,2509.99000000,2485.10000000,2500.21000000,12453.60090000,1747772099999999,31093490.93883500,57367,6142.37710000,15340007.21346900,0
1747772100000000,2500.20000000,2510.01000000,2493.91000000,2502.61000000,7684.65420000,1747772999999999,19230076.91156500,36117,4628.87620000,11584745.76729600,0
1747773000000000,2502.60000000,2516.75000000,2502.60000000,2507.66000000,6014.91560000,1747773899999999,15083742.72415400,35281,3069.40540000,7697379.04075500,0
1747773900000000,2507.66000000,2523.52000000,2507.66000000,2513.57000000,7478.81390000,1747774799999999,18821967.08597100,39998,4229.89200000,10645109.60994400,0
1747774800000000,2513.58000000,2526.65000000,2501.54000000,2503.04000000,8712.18080000,1747775699999999,21902475.13858400,49736,4102.68560000,10320037.15001200,0
1747775700000000,2503.04000000,2512.61000000,2495.82000000,2497.43000000,5390.42800000,1747776599999999,13507745.67442600,32548,2770.76310000,6945474.82313900,0
1747776600000000,2497.44000000,2505.78000000,2490.00000000,2505.22000000,5419.48620000,1747777499999999,13554152.38417000,42611,2510.52740000,6279358.66036600,0
1747777500000000,2505.21000000,2517.00000000,2504.94000000,2510.09000000,2698.47760000,1747778399999999,6775581.47751200,25428,1608.77600000,4039064.69048400,0
1747778400000000,2510.08000000,2515.72000000,2501.54000000,2503.62000000,5245.65900000,1747779299999999,13150005.98971100,43134,2531.25250000,6344516.62525800,0
1747779300000000,2503.61000000,2506.00000000,2488.30000000,2501.45000000,6683.36480000,1747780199999999,16696498.49276300,36012,3301.87810000,8249351.80789200,0
1747780200000000,2501.45000000,2510.80000000,2495.21000000,2510.01000000,3944.32780000,1747781099999999,9869546.77398500,25794,2426.62830000,6073986.64673200,0
1747781100000000,2510.00000000,2518.36000000,2506.20000000,2516.55000000,4454.08570000,1747781999999999,11183415.39740000,31089,2466.59240000,6194762.71719600,0
1747782000000000,2516.56000000,2533.33000000,2513.81000000,2532.47000000,7468.20830000,1747782899999999,18848322.64616800,41099,5502.60970000,13890902.55237100,0
1747782900000000,2532.46000000,2541.03000000,2527.08000000,2528.89000000,7625.44120000,1747783799999999,19321369.83873500,47785,4289.62970000,10871321.64747700,0
1747783800000000,2528.89000000,2530.80000000,2516.83000000,2518.40000000,4488.84620000,1747784699999999,11324804.61155600,35893,2075.35370000,5236490.34852600,0
1747784700000000,2518.39000000,2527.00000000,2514.00000000,2524.19000000,4307.88550000,1747785599999999,10861007.35171000,25071,2199.97450000,5547333.28728300,0
1747785600000000,2524.19000000,2532.79000000,2520.68000000,2532.79000000,5248.82760000,1747786499999999,13256556.99242100,55039,2762.10350000,6975955.30620800,0
1747786500000000,2532.78000000,2534.55000000,2518.71000000,2530.50000000,5832.91280000,1747787399999999,14736665.82200500,43768,2752.45270000,6954867.17502600,0
1747787400000000,2530.50000000,2537.77000000,2521.68000000,2526.79000000,4802.55490000,1747788299999999,12144685.05759300,38832,2241.82970000,5668775.46821900,0
1747788300000000,2526.79000000,2534.90000000,2525.72000000,2529.90000000,3573.34430000,1747789199999999,9038495.24554900,31330,1809.53880000,4577641.01763700,0
1747789200000000,2529.89000000,2545.60000000,2526.13000000,2537.98000000,6158.80000000,1747790099999999,15621145.45649600,51939,3401.69330000,8628670.07281300,0
1747790100000000,2537.99000000,2540.07000000,2530.38000000,2535.13000000,3528.14650000,1747790999999999,8942850.88389300,27301,1806.55800000,4578935.40460400,0
1747791000000000,2535.13000000,2549.00000000,2533.30000000,2541.70000000,13752.69800000,1747791899999999,34970306.34247300,49255,7909.10770000,20108081.83373500,0
1747791900000000,2541.70000000,2545.22000000,2532.62000000,2534.14000000,5088.55650000,1747792799999999,12911815.87374700,26743,2503.46300000,6351503.33770100,0
1747792800000000,2534.13000000,2535.61000000,2509.00000000,2520.45000000,10830.30170000,1747793699999999,27320816.05778200,41121,4564.36770000,11511862.45440900,0
1747793700000000,2520.45000000,2524.60000000,2514.07000000,2522.50000000,4338.93270000,1747794599999999,10931061.61248600,25807,1668.61960000,4203758.37274400,0
1747794600000000,2522.50000000,2536.60000000,2521.60000000,2534.17000000,4098.16260000,1747795499999999,10378626.53815800,26055,2161.82940000,5474253.69471600,0
1747795500000000,2534.18000000,2540.79000000,2529.70000000,2539.55000000,5074.03700000,1747796399999999,12868306.43145200,26544,2794.74360000,7089671.95730700,0
1747796400000000,2539.54000000,2544.00000000,2535.19000000,2541.58000000,3730.01500000,1747797299999999,9475273.62460700,26411,1829.87280000,4649039.11908000,0
1747797300000000,2541.58000000,2547.24000000,2537.18000000,2545.81000000,4260.53110000,1747798199999999,10828906.67687100,30232,2325.85060000,5912317.58107000,0
1747798200000000,2545.80000000,2554.50000000,2544.43000000,2548.55000000,9261.73720000,1747799099999999,23616234.53817800,39271,5028.54910000,12822135.03264800,0
1747799100000000,2548.54000000,2552.97000000,2541.54000000,2544.98000000,4959.07300000,1747799999999999,12630404.05112500,24364,2098.08370000,5344540.36175100,0
1747800000000000,2544.98000000,2551.41000000,2541.42000000,2545.69000000,2813.54590000,1747800899999999,7165800.60388700,24464,1266.89990000,3226858.07643500,0
1747800900000000,2545.68000000,2546.36000000,2538.77000000,2541.16000000,3553.68650000,1747801799999999,9034937.39437800,26541,1836.75700000,4670024.09594000,0
1747801800000000,2541.16000000,2561.31000000,2534.52000000,2555.52000000,12145.36170000,1747802699999999,31001299.75825400,49870,6950.05860000,17741771.67093000,0
1747802700000000,2555.51000000,2557.31000000,2547.23000000,2550.60000000,4591.08170000,1747803599999999,11715140.17877200,28721,2314.40380000,5906166.37987500,0
1747803600000000,2550.61000000,2566.66000000,2550.37000000,2563.90000000,10296.42510000,1747804499999999,26349261.63508900,50488,6622.08060000,16947798.87947700,0
1747804500000000,2563.90000000,2594.82000000,2563.90000000,2580.62000000,23655.38570000,1747805399999999,61046553.18108900,70006,14282.85740000,36865659.48207300,0
1747805400000000,2580.61000000,2593.86000000,2580.61000000,2586.43000000,8565.16800000,1747806299999999,22158198.82128200,50617,4750.59070000,12291451.63363900,0
1747806300000000,2586.43000000,2599.93000000,2580.63000000,2593.61000000,10175.50660000,1747807199999999,26367537.53317600,52899,6016.99130000,15593632.46234700,0
1747807200000000,2593.62000000,2599.00000000,2584.34000000,2589.45000000,8013.92380000,1747808099999999,20760057.30329400,54340,3913.64900000,10137956.97054000,0
1747808100000000,2589.45000000,2606.01000000,2581.99000000,2601.30000000,17871.14040000,1747808999999999,46401792.47431000,62409,11373.87730000,29532566.98884300,0
1747809000000000,2601.30000000,2615.95000000,2593.68000000,2602.94000000,15744.99720000,1747809899999999,40983298.29303800,78353,7654.05660000,19928077.59969400,0
1747809900000000,2602.94000000,2609.44000000,2594.15000000,2597.68000000,6977.70350000,1747810799999999,18134161.05303200,34852,3466.37000000,9009251.26812000,0
1747810800000000,2597.69000000,2600.80000000,2569.03000000,2572.16000000,18118.68870000,1747811699999999,46824787.83567400,65670,7541.08850000,19487191.96814200,0
1747811700000000,2572.16000000,2572.99000000,2543.49000000,2558.03000000,20327.94130000,1747812599999999,52013170.52877000,95726,10195.65450000,26089928.33826200,0
1747812600000000,2558.01000000,2564.71000000,2547.07000000,2553.33000000,12738.84730000,1747813499999999,32538388.50377400,65556,5792.03270000,14799761.44546500,0
1747813500000000,2553.32000000,2561.25000000,2548.24000000,2551.87000000,8581.23510000,1747814399999999,21931727.72039700,32527,4587.80430000,11725469.48801100,0
1747814400000000,2551.87000000,2562.15000000,2550.26000000,2560.53000000,5547.15910000,1747815299999999,14176343.27880800,32795,2592.48510000,6625825.83225100,0
1747815300000000,2560.53000000,2560.53000000,2547.05000000,2552.51000000,5621.98080000,1747816199999999,14342673.48477900,41374,3106.55410000,7924688.04678000,0
1747816200000000,2552.51000000,2553.09000000,2538.65000000,2543.49000000,7937.45410000,1747817099999999,20200986.37294500,62554,4124.07470000,10495220.17027400,0
1747817100000000,2543.50000000,2545.67000000,2536.00000000,2538.11000000,4792.44430000,1747817999999999,12177759.38424000,39229,2580.82300000,6558428.05157600,0
1747818000000000,2538.10000000,2545.20000000,2526.27000000,2533.97000000,13023.91580000,1747818899999999,33008508.60409700,51534,5457.11570000,13827458.83320300,0
1747818900000000,2533.97000000,2534.20000000,2524.00000000,2527.14000000,9023.54290000,1747819799999999,22810346.29110400,32300,3614.56590000,9135477.98815400,0
1747819800000000,2527.13000000,2532.14000000,2518.25000000,2519.85000000,7778.22880000,1747820699999999,19638345.23575100,39193,3481.00860000,8789283.32393600,0
1747820700000000,2519.84000000,2525.66000000,2517.72000000,2524.00000000,3338.81670000,1747821599999999,8422245.91138600,24951,1916.44420000,4834396.99534100,0
1747821600000000,2524.00000000,2532.42000000,2519.50000000,2530.60000000,4367.93240000,1747822499999999,11035557.78006600,29659,2431.93370000,6144355.27315800,0
1747822500000000,2530.60000000,2531.17000000,2515.38000000,2519.40000000,7195.65490000,1747823399999999,18143154.54640900,31526,2988.09090000,7532613.01543400,0
1747823400000000,2519.41000000,2529.09000000,2518.74000000,2528.37000000,4290.29360000,1747824299999999,10834188.74438100,22113,2675.52250000,6756734.53781800,0
1747824300000000,2528.38000000,2530.66000000,2526.00000000,2528.80000000,2790.42230000,1747825199999999,7054632.55300900,18501,1569.93230000,3968712.97446300,0
1747825200000000,2528.81000000,2542.99000000,2528.26000000,2540.61000000,7889.33650000,1747826099999999,20013293.72474900,37862,4077.29570000,10342621.25592900,0
1747826100000000,2540.60000000,2555.91000000,2538.95000000,2551.77000000,6937.81000000,1747826999999999,17686380.85370100,40457,3842.97860000,9796047.26630500,0
1747827000000000,2551.77000000,2553.01000000,2545.05000000,2547.04000000,3517.13990000,1747827899999999,8962357.72122600,23810,1606.52730000,4093585.77389000,0
1747827900000000,2547.04000000,2547.04000000,2534.63000000,2536.65000000,7921.05620000,1747828799999999,20115960.22827700,30606,3741.06090000,9500685.66125200,0
1747828800000000,2536.64000000,2537.56000000,2526.36000000,2532.28000000,3655.76930000,1747829699999999,9256132.63606900,29362,1753.90960000,4440998.55364200,0
1747829700000000,2532.29000000,2550.00000000,2532.29000000,2548.23000000,5032.05360000,1747830599999999,12794504.67817200,30488,3117.15320000,7927249.69790900,0
1747830600000000,2548.14000000,2548.14000000,2537.18000000,2539.60000000,4933.95380000,1747831499999999,12540830.08046300,29937,2446.71450000,6219523.48415900,0
1747831500000000,2539.60000000,2542.75000000,2535.43000000,2539.20000000,3460.10870000,1747832399999999,8783412.05837500,24492,2105.68840000,5345387.44518700,0
1747832400000000,2539.20000000,2541.27000000,2522.22000000,2524.04000000,7729.63220000,1747833299999999,19570246.19471800,40533,3056.86100000,7739113.98616300,0
1747833300000000,2524.03000000,2532.42000000,2522.25000000,2529.54000000,4538.88200000,1747834199999999,11471574.99557700,30567,2708.36310000,6844684.48162400,0
1747834200000000,2529.54000000,2555.00000000,2529.14000000,2551.60000000,9969.77070000,1747835099999999,25329712.52973400,76590,6368.75740000,16184424.33618400,0
1747835100000000,2551.60000000,2559.00000000,2543.57000000,2546.66000000,18496.22020000,1747835999999999,47195962.53784800,86114,7614.81270000,19430629.32712500,0
1747836000000000,2546.66000000,2557.29000000,2542.60000000,2547.90000000,15554.25010000,1747836899999999,39657774.52763600,104483,6896.12760000,17583039.04081100,0
1747836900000000,2547.91000000,2562.48000000,2546.89000000,2547.69000000,12855.25020000,1747837799999999,32829727.20858800,80613,6366.34180000,16258349.89456700,0
1747837800000000,2547.68000000,2553.35000000,2531.85000000,2551.28000000,13437.69540000,1747838699999999,34171017.95872900,80982,6345.90290000,16144062.39950300,0
1747838700000000,2551.28000000,2581.04000000,2547.51000000,2580.50000000,23415.18040000,1747839599999999,60145330.43926400,121466,13193.69710000,33893560.17605400,0
1747839600000000,2580.50000000,2582.18000000,2557.28000000,2564.94000000,27144.69370000,1747840499999999,69802284.84754300,146098,14086.76230000,36235400.14555400,0
1747840500000000,2564.94000000,2577.80000000,2562.44000000,2571.00000000,11391.03470000,1747841399999999,29294618.68863800,79906,6295.73810000,16191643.42935100,0
1747841400000000,2570.99000000,2576.90000000,2543.00000000,2560.12000000,23109.78720000,1747842299999999,59080687.69490300,106732,8485.44680000,21700429.48033100,0
1747842300000000,2560.12000000,2571.80000000,2553.00000000,2567.01000000,11655.28780000,1747843199999999,29868568.13009400,58269,6492.15520000,16640094.35093100,0
1747843200000000,2567.02000000,2571.20000000,2555.14000000,2571.18000000,10241.74800000,1747844099999999,26256569.81173700,58649,5446.31610000,13963667.71396600,0
1747844100000000,2571.18000000,2585.32000000,2570.91000000,2579.61000000,11969.45170000,1747844999999999,30876667.55818000,75901,7439.10390000,19191035.34843300,0
1747845000000000,2579.61000000,2615.34000000,2579.20000000,2614.39000000,18997.96390000,1747845899999999,49348159.21288200,109826,12145.01750000,31557626.01377100,0
1747845900000000,2614.40000000,2615.11000000,2584.67000000,2586.08000000,20587.43890000,1747846799999999,53575658.02362700,89727,8015.94920000,20856044.24181600,0
1747846800000000,2586.09000000,2595.89000000,2559.05000000,2567.16000000,18345.48460000,1747847699999999,47247344.94274800,98232,7985.22230000,20564890.54686900,0
1747847700000000,2567.15000000,2569.45000000,2474.26000000,2478.43000000,71516.44890000,1747848599999999,179438383.24755800,238926,29203.75720000,73239749.36087500,0
1747848600000000,2478.45000000,2517.59000000,2458.00000000,2477.16000000,75658.69440000,1747849499999999,188332580.68299000,267312,36087.97820000,89846143.72409800,0
1747849500000000,2477.34000000,2499.18000000,2452.20000000,2472.79000000,50572.26590000,1747850399999999,125103262.57272000,174942,24168.49050000,59800466.00622900,0
1747850400000000,2472.80000000,2495.90000000,2459.35000000,2481.84000000,30305.99560000,1747851299999999,75090365.12209800,118600,15346.07760000,38029247.75599200,0
1747851300000000,2481.84000000,2493.00000000,2471.70000000,2473.80000000,11182.44770000,1747852199999999,27742039.82350700,71387,5241.49810000,13005597.16753500,0
1747852200000000,2473.79000000,2497.10000000,2473.40000000,2495.89000000,11807.97550000,1747853099999999,29324061.49636600,73995,6586.98840000,16360144.99652600,0
1747853100000000,2495.90000000,2496.38000000,2472.76000000,2475.05000000,14182.31690000,1747853999999999,35214692.41542200,76544,6852.58840000,17014578.57039400,0
1747854000000000,2475.04000000,2488.52000000,2463.46000000,2471.64000000,13894.28760000,1747854899999999,34392337.83031000,65964,6930.89680000,17159869.48205500,0
1747854900000000,2471.64000000,2484.15000000,2464.65000000,2482.61000000,7868.01470000,1747855799999999,19453772.55687800,51755,4496.06870000,11120814.99242100,0
1747855800000000,2482.60000000,2507.47000000,2482.20000000,2502.43000000,14282.71420000,1747856699999999,35656018.44555400,78390,8128.55180000,20290769.87458700,0
1747856700000000,2502.42000000,2517.65000000,2497.27000000,2512.79000000,12724.67030000,1747857599999999,31915552.80244500,69440,6903.36740000,17318044.51803200,0
1747857600000000,2512.75000000,2512.82000000,2498.01000000,2500.81000000,6410.51680000,1747858499999999,16066420.54265300,50487,2950.89830000,7397113.95386600,0
1747858500000000,2500.81000000,2511.60000000,2498.47000000,2508.29000000,4232.42340000,1747859399999999,10606834.26853500,32521,2332.10700000,5844415.38612000,0
1747859400000000,2508.29000000,2509.79000000,2496.67000000,2498.99000000,4312.21150000,1747860299999999,10794936.82198000,35814,1963.03870000,4914399.09613300,0
1747860300000000,2498.99000000,2508.83000000,2486.25000000,2508.83000000,7400.28180000,1747861199999999,18463587.04146800,43545,3775.73810000,9427954.01366500,0
1747861200000000,2508.83000000,2520.82000000,2499.00000000,2514.61000000,3909.14210000,1747862099999999,9817920.23368400,31923,2276.07420000,5717142.71445400,0
1747862100000000,2514.60000000,2515.14000000,2501.41000000,2501.42000000,3883.73460000,1747862999999999,9743016.72183300,22829,1756.95440000,4407252.58435000,0
1747863000000000,2501.41000000,2511.19000000,2498.07000000,2508.91000000,3189.69200000,1747863899999999,7987569.97724900,21820,1667.26440000,4175738.70766800,0
1747863900000000,2508.91000000,2512.18000000,2502.00000000,2504.70000000,2904.91490000,1747864799999999,7285843.06138900,21244,1362.12130000,3416192.35190800,0
1747864800000000,2504.71000000,2510.81000000,2500.46000000,2504.00000000,3301.15880000,1747865699999999,8272431.47160400,32192,1711.83820000,4289799.78061600,0
1747865700000000,2504.01000000,2520.50000000,2503.23000000,2520.31000000,3936.85510000,1747866599999999,9897496.30435300,27761,2306.40180000,5798198.43316600,0
1747866600000000,2520.31000000,2529.25000000,2516.80000000,2521.75000000,5068.18740000,1747867499999999,12792150.49722200,41222,2666.73590000,6731310.29935600,0
1747867500000000,2521.76000000,2543.37000000,2518.32000000,2536.11000000,9381.66290000,1747868399999999,23756632.34301300,53096,5861.58580000,14840848.16714100,0
1747868400000000,2536.11000000,2542.32000000,2525.50000000,2540.10000000,6380.75380000,1747869299999999,16146540.44979800,43629,3143.35800000,7957197.54737200,0
1747869300000000,2540.11000000,2597.92000000,2538.10000000,2556.80000000,36425.16400000,1747870199999999,93600151.01583000,140908,20864.94130000,53602455.40188300,0
1747870200000000,2556.81000000,2575.00000000,2553.51000000,2560.70000000,14858.01230000,1747871099999999,38082903.14682900,94935,7300.63220000,18714681.09673800,0
1747871100000000,2560.71000000,2565.40000000,2541.04000000,2550.99000000,9095.63230000,1747871999999999,23220456.44606800,62649,4342.31840000,11085706.33538900,0
1747872000000000,2551.00000000,2564.58000000,2544.83000000,2558.11000000,10107.16070000,1747872899999999,25813937.93364500,75634,5222.74370000,13341053.22836900,0
1747872900000000,2558.11000000,2581.68000000,2552.75000000,2570.52000000,11529.48540000,1747873799999999,29634707.46674800,69994,6486.51830000,16670451.62738900,0
1747873800000000,2570.52000000,2577.54000000,2555.20000000,2560.71000000,9269.23080000,1747874699999999,23783418.85886600,72422,4136.10310000,10612990.57498300,0
1747874700000000,2560.71000000,2588.18000000,2560.71000000,2586.10000000,6788.06960000,1747875599999999,17489003.25377400,46363,4264.12450000,10985238.33912600,0
1747875600000000,2586.10000000,2603.10000000,2579.10000000,2593.61000000,19598.79730000,1747876499999999,50851413.07297200,102443,11866.61720000,30798054.35581800,0
1747876500000000,2593.61000000,2600.77000000,2586.30000000,2592.29000000,7397.45400000,1747877399999999,19174241.50147100,69886,3621.86250000,9388331.92358000,0
1747877400000000,2592.30000000,2599.30000000,2572.37000000,2575.56000000,13015.46330000,1747878299999999,33629706.71381100,80674,6398.74240000,16535011.52119500,0
1747878300000000,2575.56000000,2581.91000000,2561.84000000,2574.81000000,11329.91850000,1747879199999999,29115317.69389800,58507,5744.26350000,14762427.28186400,0
1747879200000000,2574.80000000,2589.02000000,2574.51000000,2583.80000000,7032.33610000,1747880099999999,18157756.42593100,59076,3989.84900000,10300352.69279100,0
1747880100000000,2583.81000000,2598.73000000,2579.39000000,2591.15000000,7672.79490000,1747880999999999,19881612.35784900,53369,4348.51920000,11269895.30796100,0
1747881000000000,2591.16000000,2603.12000000,2586.41000000,2590.71000000,11303.40170000,1747881899999999,29345815.10247500,72008,5840.05460000,15165132.39947700,0
1747881900000000,2590.72000000,2599.02000000,2588.50000000,2594.49000000,5992.34430000,1747882799999999,15541363.19529100,51292,3062.70990000,7943271.35737800,0
1747882800000000,2594.49000000,2597.79000000,2585.70000000,2593.13000000,6501.38350000,1747883699999999,16861355.40935000,43858,2985.94370000,7744410.07326100,0
1747883700000000,2593.13000000,2609.20000000,2588.30000000,2609.11000000,11526.19810000,1747884599999999,29956407.55082200,51576,8071.56230000,20983217.43943200,0
1747884600000000,2609.11000000,2638.19000000,2601.14000000,2635.41000000,28157.87520000,1747885499999999,73800237.67301200,124326,16790.96130000,44008161.58557100,0
1747885500000000,2635.42000000,2647.80000000,2627.92000000,2629.24000000,26176.85750000,1747886399999999,69059139.08732600,122606,15355.80040000,40515072.40757300,0
1747886400000000,2629.24000000,2634.84000000,2613.24000000,2621.69000000,20312.46090000,1747887299999999,53267561.39026000,117974,9833.31510000,25787252.08915200,0
1747887300000000,2621.68000000,2626.37000000,2614.78000000,2622.20000000,11820.62780000,1747888199999999,30961132.77232300,66367,7018.25280000,18382935.24726600,0
1747888200000000,2622.15000000,2635.96000000,2614.11000000,2635.54000000,12692.21240000,1747889099999999,33302494.56845400,64484,7586.96960000,19910759.97612100,0
1747889100000000,2635.54000000,2638.50000000,2625.45000000,2628.11000000,8808.62690000,1747889999999999,23181216.96904200,40322,3470.06900000,9128851.08855200,0
1747890000000000,2628.10000000,2636.19000000,2620.50000000,2625.24000000,7793.58020000,1747890899999999,20469598.08014800,56458,3670.69900000,9641358.48938700,0
1747890900000000,2625.25000000,2647.50000000,2625.25000000,2644.10000000,17294.23310000,1747891799999999,45617315.43321400,68999,8398.42370000,22149834.06308700,0
1747891800000000,2644.11000000,2644.30000000,2633.30000000,2637.00000000,6523.04240000,1747892699999999,17203940.00275000,54961,3259.67690000,8596888.83381800,0
1747892700000000,2636.99000000,2637.50000000,2606.49000000,2609.41000000,18520.51270000,1747893599999999,48582668.64769600,76924,7393.58520000,19389223.05630200,0
1747893600000000,2609.42000000,2618.61000000,2602.78000000,2614.58000000,10584.22040000,1747894499999999,27653278.20694900,72654,5596.97410000,14624810.28441300,0
1747894500000000,2614.59000000,2614.80000000,2602.81000000,2610.51000000,10082.94850000,1747895399999999,26313040.04689600,60427,4930.81520000,12868043.46101100,0
1747895400000000,2610.50000000,2618.90000000,2605.31000000,2618.41000000,6988.94700000,1747896299999999,18254319.30850900,47995,3588.06400000,9371631.18968400,0
1747896300000000,2618.40000000,2623.45000000,2605.28000000,2609.30000000,9321.22640000,1747897199999999,24361607.64656300,51828,5137.04680000,13425741.35009400,0
1747897200000000,2609.30000000,2622.98000000,2604.25000000,2622.00000000,11970.23880000,1747898099999999,31275468.59478400,51197,7896.46420000,20630513.39266800,0
1747898100000000,2621.99000000,2638.54000000,2612.77000000,2615.99000000,16517.49710000,1747898999999999,43356196.18654700,77475,6418.27730000,16851821.13247500,0
1747899000000000,2615.99000000,2637.70000000,2613.01000000,2628.70000000,9396.34520000,1747899899999999,24678933.93270200,59008,5525.18680000,14512066.30142600,0
1747899900000000,2628.70000000,2635.19000000,2624.64000000,2635.19000000,7764.78510000,1747900799999999,20429614.48122400,36780,4234.61740000,11141163.28546500,0
1747900800000000,2635.19000000,2644.99000000,2627.32000000,2643.60000000,9212.51320000,1747901699999999,24293874.26864400,56541,4780.17510000,12608319.58920900,0
1747901700000000,2643.58000000,2681.27000000,2642.63000000,2664.93000000,33878.03800000,1747902599999999,90333721.74756500,128515,21304.17000000,56790074.37079100,0
1747902600000000,2664.93000000,2669.50000000,2653.07000000,2660.32000000,14628.92130000,1747903499999999,38919661.45861200,74258,7538.82100000,20060087.92909700,0
1747903500000000,2660.32000000,2666.63000000,2655.00000000,2663.48000000,10064.59380000,1747904399999999,26775931.14622600,62405,5745.24860000,15283999.95417000,0
1747904400000000,2663.49000000,2678.50000000,2661.67000000,2671.36000000,10368.31390000,1747905299999999,27696915.89577100,81661,5866.70530000,15672463.12090600,0
1747905300000000,2671.37000000,2692.99000000,2670.37000000,2692.07000000,16569.62090000,1747906199999999,44472438.63430400,86952,9966.06820000,26757434.47942000,0
1747906200000000,2692.07000000,2692.20000000,2664.58000000,2666.21000000,15905.96640000,1747907099999999,42552530.90777400,79672,5475.95550000,14647450.41961200,0
1747907100000000,2666.21000000,2669.28000000,2659.88000000,2664.99000000,7757.84150000,1747907999999999,20677895.41534000,60708,3796.96390000,10120868.22712900,0
1747908000000000,2665.00000000,2666.04000000,2651.81000000,2664.49000000,6577.62740000,1747908899999999,17489262.87064300,55494,2693.60280000,7164302.81561500,0
1747908900000000,2664.49000000,2679.33000000,2660.21000000,2669.11000000,7733.53250000,1747909799999999,20643442.55877500,49466,4216.95270000,11258442.73714100,0
1747909800000000,2669.11000000,2674.19000000,2657.48000000,2661.51000000,5510.46670000,1747910699999999,14687521.69178200,50276,2072.29090000,5524996.54582100,0
1747910700000000,2661.51000000,2663.19000000,2652.56000000,2656.82000000,7666.17720000,1747911599999999,20364533.35564000,49583,3136.25420000,8332110.22241700,0
1747911600000000,2656.81000000,2660.24000000,2642.88000000,2650.47000000,16717.43450000,1747912499999999,44302820.24418000,61572,8530.36480000,22602507.57221600,0
1747912500000000,2650.46000000,2654.29000000,2634.45000000,2639.60000000,8917.55920000,1747913399999999,23584432.98563400,64011,4083.14020000,10799416.17334700,0
1747913400000000,2639.60000000,2652.00000000,2638.69000000,2652.00000000,7680.47630000,1747914299999999,20315584.04181200,37859,3061.68060000,8099691.74154000,0
1747914300000000,2652.00000000,2663.95000000,2649.00000000,2650.75000000,8622.60830000,1747915199999999,22892652.08658800,50006,4670.86120000,12401921.37059600,0
1747915200000000,2650.75000000,2663.16000000,2644.20000000,2644.58000000,9747.21200000,1747916099999999,25893739.52088700,43950,4310.47370000,11450836.05321800,0
1747916100000000,2644.59000000,2656.03000000,2641.70000000,2646.27000000,7732.14500000,1747916999999999,20481340.76800900,50096,3503.35830000,9278091.16379500,0
1747917000000000,2646.27000000,2658.12000000,2638.69000000,2652.02000000,10548.18430000,1747917899999999,27936617.85430200,72081,4174.42520000,11061809.80721800,0
1747917900000000,2652.02000000,2661.58000000,2651.00000000,2657.70000000,7620.61050000,1747918799999999,20255359.33821900,48220,4957.00470000,13176276.64995800,0
1747918800000000,2657.70000000,2659.20000000,2641.50000000,2644.48000000,9128.32200000,1747919699999999,24186283.48747600,66741,4428.68520000,11736415.80483100,0
1747919700000000,2644.48000000,2654.30000000,2639.69000000,2651.76000000,5025.15860000,1747920599999999,13301398.17461000,41798,2442.57750000,6466049.40062700,0
1747920600000000,2651.76000000,2660.45000000,2623.14000000,2643.31000000,17967.79830000,1747921499999999,47404361.71045800,114300,8497.08280000,22419771.71643700,0
1747921500000000,2643.30000000,2652.40000000,2633.60000000,2643.90000000,10431.12670000,1747922399999999,27578471.64362900,81478,6040.92380000,15972594.85494900,0
1747922400000000,2643.91000000,2668.04000000,2643.91000000,2651.03000000,10950.81810000,1747923299999999,29110183.76999000,85983,5459.14250000,14512174.73171600,0
1747923300000000,2651.03000000,2664.40000000,2647.10000000,2663.30000000,8706.66120000,1747924199999999,23134141.54881300,68140,5197.99570000,13811045.72431100,0
1747924200000000,2663.31000000,2676.00000000,2655.70000000,2664.40000000,14963.36100000,1747925099999999,39902024.55755600,73766,7547.33370000,20133579.65626700,0
1747925100000000,2664.40000000,2673.30000000,2654.12000000,2666.05000000,6765.39140000,1747925999999999,18030193.10921000,62513,3185.97130000,8491878.85276900,0
1747926000000000,2666.06000000,2669.90000000,2658.99000000,2665.00000000,4701.36970000,1747926899999999,12530358.80895600,52502,2456.55870000,6547865.83958000,0
1747926900000000,2665.00000000,2675.27000000,2661.81000000,2669.84000000,5161.26530000,1747927799999999,13779985.40834400,51510,3098.53190000,8274605.65016400,0
1747927800000000,2669.84000000,2679.99000000,2668.51000000,2676.19000000,9081.82970000,1747928699999999,24290139.32451200,56942,4721.33990000,12627309.50594700,0
1747928700000000,2676.20000000,2677.50000000,2660.80000000,2664.48000000,4582.56710000,1747929599999999,12224139.98208100,41473,1950.91740000,5203427.17819700,0
1747929600000000,2664.48000000,2671.69000000,2662.40000000,2670.90000000,3557.42110000,1747930499999999,9489303.54495200,42133,1613.17590000,4303064.50380100,0
1747930500000000,2670.89000000,2676.30000000,2651.49000000,2651.49000000,6684.76650000,1747931399999999,17809205.24691600,52254,3244.34940000,8645079.31468800,0
1747931400000000,2651.49000000,2660.00000000,2635.28000000,2657.01000000,10303.77810000,1747932299999999,27274431.52233600,63112,4993.84790000,13224077.44587900,0
1747932300000000,2657.01000000,2657.49000000,2641.33000000,2645.89000000,5456.99540000,1747933199999999,14456942.63297100,39391,2700.69360000,7153932.39451400,0
1747933200000000,2645.90000000,2660.30000000,2642.88000000,2657.78000000,4300.01800000,1747934099999999,11409473.27877900,34748,2363.09810000,6269344.22188900,0
1747934100000000,2657.78000000,2674.10000000,2656.70000000,2662.66000000,6421.77930000,1747934999999999,17130425.95655600,41418,3326.76110000,8874926.91998200,0
1747935000000000,2662.66000000,2666.49000000,2658.10000000,2661.40000000,3499.45780000,1747935899999999,9315371.78247800,30560,1761.06420000,4687569.40612400,0
1747935900000000,2661.39000000,2662.10000000,2651.78000000,2659.30000000,3132.55360000,1747936799999999,8317981.69593900,28347,1390.48690000,3692362.51869300,0
1747936800000000,2659.30000000,2659.59000000,2647.88000000,2655.52000000,4297.93530000,1747937699999999,11402552.33026100,32388,2365.68590000,6276326.55396100,0
1747937700000000,2655.52000000,2665.10000000,2655.52000000,2664.74000000,3405.98550000,1747938599999999,9065783.92965400,26861,2232.39590000,5941398.03350900,0
1747938600000000,2664.75000000,2670.39000000,2660.00000000,2661.14000000,4303.25530000,1747939499999999,11472339.25912400,30684,2471.48670000,6589366.95053900,0
1747939500000000,2661.15000000,2664.83000000,2658.04000000,2658.80000000,3411.19280000,1747940399999999,9080025.66540400,25052,1930.27480000,5137962.71704900,0
1747940400000000,2658.80000000,2661.50000000,2649.50000000,2658.72000000,4237.96520000,1747941299999999,11251020.59064700,35381,2624.82700000,6967983.09103800,0
1747941300000000,2658.71000000,2658.71000000,2650.75000000,2653.42000000,2608.26960000,1747942199999999,6922270.27203100,25057,1227.31410000,3257243.63416000,0
1747942200000000,2653.43000000,2655.00000000,2636.31000000,2639.16000000,5816.49240000,1747943099999999,15374932.17747900,37131,2607.20550000,6891032.02545500,0
1747943100000000,2639.16000000,2639.16000000,2626.37000000,2634.51000000,10344.21580000,1747943999999999,27226822.55017500,46964,4932.53400000,12983346.83939500,0
1747944000000000,2634.68000000,2649.08000000,2632.00000000,2646.44000000,8671.94120000,1747944899999999,22902045.87100700,31655,6110.73320000,16134618.02244500,0
1747944900000000,2646.44000000,2646.65000000,2634.16000000,2637.20000000,4057.93190000,1747945799999999,10714048.89285000,21594,1588.15210000,4192839.69292500,0
1747945800000000,2637.20000000,2643.87000000,2630.01000000,2641.96000000,5003.25430000,1747946699999999,13182178.96567300,34400,3224.73820000,8495449.78426300,0
1747946700000000,2641.97000000,2648.12000000,2637.68000000,2640.90000000,3012.12260000,1747947599999999,7959379.80805400,18956,1790.00320000,4730624.10187800,0
1747947600000000,2640.89000000,2640.89000000,2634.10000000,2638.19000000,2121.29120000,1747948499999999,5594855.58606300,18924,1018.15500000,2685166.05584400,0
1747948500000000,2638.19000000,2643.19000000,2629.00000000,2631.21000000,2575.24910000,1747949399999999,6787831.48284100,21401,1183.45360000,3120212.72744800,0
1747949400000000,2631.21000000,2637.23000000,2627.85000000,2636.44000000,2684.81760000,1747950299999999,7068773.68553700,21491,1375.28730000,3621723.80070800,0
1747950300000000,2636.44000000,2638.60000000,2629.07000000,2635.90000000,2020.40200000,1747951199999999,5321962.97019800,16733,1206.66290000,3178456.98656900,0
1747951200000000,2635.90000000,2649.90000000,2635.59000000,2646.07000000,4006.81360000,1747952099999999,10590248.07714100,35167,2616.16170000,6914729.73036600,0
1747952100000000,2646.06000000,2652.30000000,2642.74000000,2644.62000000,3150.23050000,1747952999999999,8342212.79615500,23988,2042.36350000,5408919.28784900,0
1747953000000000,2644.62000000,2651.31000000,2643.83000000,2646.81000000,3822.35630000,1747953899999999,10124011.62211800,20225,1913.30750000,5067478.43789300,0
1747953900000000,2646.81000000,2647.09000000,2633.23000000,2635.76000000,3415.90580000,1747954799999999,9013871.13954300,20807,1758.50710000,4639653.56474900,0
1747954800000000,2635.76000000,2646.55000000,2635.76000000,2646.45000000,2279.28390000,1747955699999999,6021458.45655400,21810,1442.76060000,3811485.80765100,0
1747955700000000,2646.45000000,2652.00000000,2640.91000000,2650.16000000,4286.40970000,1747956599999999,11342404.65094100,22827,3005.12800000,7950713.47691400,0
1747956600000000,2650.16000000,2659.57000000,2649.74000000,2659.00000000,4711.94490000,1747957499999999,12513850.06365500,25892,2932.31450000,7787755.72442700,0
1747957500000000,2659.00000000,2665.90000000,2657.82000000,2664.82000000,4237.84280000,1747958399999999,11283838.35959500,30825,2519.79040000,6709226.84485100,0
1747958400000000,2664.83000000,2666.29000000,2653.23000000,2662.92000000,7388.79340000,1747959299999999,19648060.79517500,52657,3425.10220000,9107700.82768700,0
1747959300000000,2662.92000000,2665.51000000,2653.18000000,2655.40000000,4227.65590000,1747960199999999,11243857.46322000,40734,1657.97280000,4411839.48993900,0
1747960200000000,2655.39000000,2655.90000000,2645.16000000,2651.48000000,3469.14850000,1747961099999999,9197042.85268300,35653,2024.65230000,5367123.67956100,0
1747961100000000,2651.47000000,2679.00000000,2649.74000000,2662.65000000,15307.48230000,1747961999999999,40817888.26656600,78059,8429.66200000,22480042.41585600,0
1747962000000000,2662.65000000,2668.19000000,2651.10000000,2658.99000000,7011.48230000,1747962899999999,18643909.84398700,41765,4380.92470000,11648589.47369300,0
1747962900000000,2658.99000000,2671.00000000,2653.73000000,2669.19000000,5190.90270000,1747963799999999,13814574.86199300,41768,3262.23660000,8682179.33403800,0
1747963800000000,2669.20000000,2694.00000000,2669.16000000,2678.31000000,18684.78490000,1747964699999999,50132386.03187500,94608,11415.93900000,30633329.31674800,0
1747964700000000,2678.32000000,2680.91000000,2671.72000000,2675.62000000,5349.25900000,1747965599999999,14314048.85616200,44128,2365.57510000,6329921.21122100,0
1747965600000000,2675.63000000,2703.71000000,2672.11000000,2702.04000000,19740.39090000,1747966499999999,53184210.93480300,80018,13905.32960000,37470947.09669500,0
1747966500000000,2702.12000000,2734.23000000,2697.50000000,2722.25000000,35558.49080000,1747967399999999,96678163.17807400,148158,18340.37190000,49863621.81916800,0
1747967400000000,2722.26000000,2732.76000000,2704.10000000,2712.69000000,20246.24450000,1747968299999999,55051571.31291700,102285,9480.94510000,25778840.88489900,0
1747968300000000,2712.69000000,2720.46000000,2697.26000000,2705.32000000,15249.11000000,1747969199999999,41295374.39374600,73075,6273.20250000,16981058.81596200,0
1747969200000000,2705.30000000,2713.29000000,2702.78000000,2706.10000000,7266.61170000,1747970099999999,19685215.96091500,48604,3962.34750000,10733604.55837900,0
1747970100000000,2706.11000000,2716.77000000,2700.34000000,2710.99000000,6638.90230000,1747970999999999,17976072.58012400,52344,3522.50560000,9537353.95723600,0
1747971000000000,2710.98000000,2722.48000000,2710.15000000,2721.67000000,6656.72500000,1747971899999999,18080241.69549100,46968,3787.59380000,10288410.13394100,0
1747971900000000,2721.67000000,2730.85000000,2718.40000000,2722.00000000,9081.16990000,1747972799999999,24741201.50757700,45622,4863.94940000,13253302.26838200,0
1747972800000000,2722.00000000,2725.96000000,2712.20000000,2713.31000000,5532.02900000,1747973699999999,15038591.95856200,38844,2145.51580000,5831765.10796300,0
1747973700000000,2713.31000000,2715.32000000,2701.99000000,2707.69000000,9622.60130000,1747974599999999,26052599.26560600,43095,4080.89430000,11045989.15984700,0
1747974600000000,2707.70000000,2710.00000000,2678.00000000,2684.23000000,15182.14400000,1747975499999999,40840496.53861400,75062,6460.07750000,17379815.65104900,0
1747975500000000,2684.23000000,2701.99000000,2683.83000000,2697.62000000,8687.94660000,1747976399999999,23406165.50630900,35903,4743.39180000,12778418.81281300,0
1747976400000000,2697.61000000,2706.50000000,2690.26000000,2705.81000000,5903.89910000,1747977299999999,15939406.91770400,31605,3112.05600000,8401511.00204200,0
1747977300000000,2705.80000000,2706.21000000,2683.16000000,2687.21000000,6958.30120000,1747978199999999,18737532.08102500,36446,2066.13890000,5565173.20438500,0
1747978200000000,2687.21000000,2693.49000000,2679.60000000,2692.00000000,6446.79140000,1747979099999999,17317160.76876200,37850,2933.83600000,7881143.12227300,0
1747979100000000,2692.00000000,2697.00000000,2687.49000000,2696.75000000,4391.67390000,1747979999999999,11819345.98448500,23597,1727.32330000,4649316.30734300,0
1747980000000000,2696.74000000,2697.24000000,2666.24000000,2672.70000000,12722.50480000,1747980899999999,34054374.31102400,62600,5153.96470000,13792525.36107000,0
1747980900000000,2672.69000000,2674.26000000,2656.76000000,2664.37000000,13420.21350000,1747981799999999,35797554.35609400,68074,5419.88130000,14456492.69761600,0
1747981800000000,2664.39000000,2669.57000000,2655.25000000,2665.39000000,12207.92760000,1747982699999999,32524666.58436900,51427,7480.66490000,19932101.49600700,0
1747982700000000,2665.39000000,2666.04000000,2651.45000000,2657.11000000,10120.27870000,1747983599999999,26880508.74170300,56679,4865.06740000,12922025.35186300,0
1747983600000000,2657.10000000,2667.74000000,2657.10000000,2666.46000000,6086.59140000,1747984499999999,16204343.95918200,34119,2989.41640000,7959791.65988500,0
1747984500000000,2666.45000000,2672.81000000,2663.13000000,2669.70000000,4959.01680000,1747985399999999,13236381.98054700,33151,2918.94260000,7790916.44772400,0
1747985400000000,2669.71000000,2671.66000000,2658.04000000,2662.98000000,6888.75540000,1747986299999999,18354820.01164100,28602,3092.11540000,8239117.02235300,0
1747986300000000,2662.97000000,2662.97000000,2651.35000000,2655.20000000,7285.84940000,1747987199999999,19353525.58627600,35268,3039.58710000,8075471.78948700,0
1747987200000000,2655.20000000,2662.10000000,2653.61000000,2662.07000000,4217.41140000,1747988099999999,11213878.53501100,25373,1717.36150000,4566525.85917100,0
1747988100000000,2662.06000000,2667.01000000,2655.02000000,2666.99000000,4292.82480000,1747988999999999,11426865.45547400,26004,1913.83050000,5095567.62180100,0
1747989000000000,2667.00000000,2676.00000000,2662.41000000,2670.51000000,5890.93300000,1747989899999999,15723091.83049700,37815,3014.38240000,8043824.95370600,0
1747989900000000,2670.52000000,2674.53000000,2667.11000000,2669.39000000,3462.53640000,1747990799999999,9247326.80232700,27709,1559.52930000,4165103.12837400,0
1747990800000000,2669.39000000,2675.70000000,2665.40000000,2674.33000000,5391.57270000,1747991699999999,14400225.83623000,30175,2491.27720000,6653674.99171000,0
1747991700000000,2674.33000000,2684.39000000,2674.32000000,2677.88000000,6264.76810000,1747992599999999,16790191.22589800,43800,3771.14060000,10107010.33014000,0
1747992600000000,2677.88000000,2686.03000000,2677.88000000,2680.49000000,5050.46430000,1747993499999999,13550365.57787500,36022,2535.04190000,6801070.09961400,0
1747993500000000,2680.50000000,2689.21000000,2679.58000000,2682.95000000,4521.51980000,1747994399999999,12139298.30393500,32023,2054.73070000,5516837.39091800,0
1747994400000000,2682.95000000,2683.59000000,2661.68000000,2665.96000000,8090.15050000,1747995299999999,21621400.50609200,45336,2880.30120000,7697409.76660400,0
1747995300000000,2665.96000000,2668.69000000,2657.75000000,2664.39000000,6632.69540000,1747996199999999,17665336.00216800,39513,2906.88250000,7743858.32212900,0
1747996200000000,2664.40000000,2668.10000000,2658.40000000,2666.98000000,4887.41400000,1747997099999999,13016919.58054900,31339,2139.41550000,5698538.95219200,0
1747997100000000,2666.98000000,2672.55000000,2662.70000000,2671.55000000,2876.50370000,1747997999999999,7677490.15345900,23052,1201.59280000,3207601.98005700,0
1747998000000000,2671.54000000,2671.99000000,2660.50000000,2662.76000000,3915.88390000,1747998899999999,10439492.25220400,25867,2068.71390000,5515038.96423400,0
1747998900000000,2662.76000000,2666.70000000,2637.60000000,2649.53000000,13472.67090000,1747999799999999,35686398.78105400,77658,5416.51020000,14345243.93368700,0
1747999800000000,2649.52000000,2653.01000000,2625.31000000,2630.38000000,13753.18840000,1748000699999999,36306947.85415000,68507,5616.24380000,14832384.41824100,0
1748000700000000,2630.41000000,2631.56000000,2551.00000000,2566.79000000,81554.64230000,1748001599999999,210607946.95116200,316527,33923.03750000,87582149.18322100,0
1748001600000000,2566.78000000,2568.41000000,2521.27000000,2543.74000000,56259.24120000,1748002499999999,143110580.50801000,238343,25472.11480000,64788959.33725500,0
1748002500000000,2543.73000000,2546.40000000,2498.30000000,2545.63000000,41890.58560000,1748003399999999,105791109.65083700,192709,19474.83240000,49216825.12018300,0
1748003400000000,2545.62000000,2557.50000000,2539.00000000,2545.64000000,24264.47100000,1748004299999999,61863661.01440100,122200,13424.79430000,34220829.69708000,0
1748004300000000,2545.64000000,2551.10000000,2535.79000000,2548.50000000,21525.47910000,1748005199999999,54751568.48411800,99904,12755.42500000,32442922.25683600,0
1748005200000000,2548.50000000,2554.99000000,2537.08000000,2550.26000000,10818.41640000,1748006099999999,27554681.44085800,100196,5346.68390000,13619460.20526800,0
1748006100000000,2550.26000000,2564.40000000,2547.50000000,2559.74000000,15100.67860000,1748006999999999,38630996.55831000,75418,8754.22370000,22396004.02185100,0
1748007000000000,2559.75000000,2582.65000000,2557.12000000,2574.18000000,26975.81570000,1748007899999999,69432041.98062400,138483,14470.07160000,37241018.17517500,0
1748007900000000,2574.18000000,2584.35000000,2564.49000000,2582.28000000,16161.07750000,1748008799999999,41621485.28161200,89203,8107.62640000,20883970.29157700,0
1748008800000000,2582.27000000,2591.95000000,2575.00000000,2585.00000000,18158.94910000,1748009699999999,46937807.37900200,76241,10142.01230000,26216799.59916200,0
1748009700000000,2585.00000000,2587.20000000,2571.99000000,2574.43000000,9035.24190000,1748010599999999,23295989.81989900,51107,4338.53270000,11185538.21142500,0
1748010600000000,2574.43000000,2582.50000000,2573.11000000,2578.08000000,6974.46360000,1748011499999999,17976631.87187200,55958,3455.77480000,8906803.18730300,0
1748011500000000,2578.08000000,2588.36000000,2574.12000000,2574.37000000,7657.10080000,1748012399999999,19772392.33815600,52829,3114.34680000,8042131.60301200,0
1748012400000000,2574.38000000,2581.16000000,2565.63000000,2576.79000000,12824.08310000,1748013299999999,32995141.76067600,78954,6793.60770000,17479381.56250700,0
1748013300000000,2576.80000000,2580.38000000,2572.57000000,2576.35000000,5887.04970000,1748014199999999,15166685.70196000,54111,2887.52650000,7438844.56377800,0
1748014200000000,2576.37000000,2582.20000000,2574.49000000,2576.59000000,4284.14000000,1748015099999999,11044782.63680500,46781,2157.91780000,5563253.27380400,0
1748015100000000,2576.59000000,2576.99000000,2566.20000000,2568.53000000,10098.22580000,1748015999999999,25964192.19432000,49074,3737.07260000,9610511.24870600,0
1748016000000000,2568.53000000,2575.95000000,2555.88000000,2560.31000000,12810.96990000,1748016899999999,32847399.30433500,76132,5540.44230000,14207349.95117200,0
1748016900000000,2560.29000000,2573.00000000,2545.91000000,2568.96000000,16637.13480000,1748017799999999,42498093.44833300,68408,8782.50790000,22437167.41253200,0
1748017800000000,2568.95000000,2570.30000000,2555.50000000,2557.91000000,5997.16150000,1748018699999999,15372089.59906700,49190,2603.34750000,6672525.45511000,0
1748018700000000,2557.90000000,2567.99000000,2557.90000000,2567.12000000,3987.74280000,1748019599999999,10224160.99291500,33650,2062.63620000,5288779.97273400,0
1748019600000000,2567.11000000,2579.86000000,2566.07000000,2579.86000000,7378.90700000,1748020499999999,18994266.00708800,46354,4227.86390000,10885282.28136400,0
1748020500000000,2579.86000000,2587.18000000,2576.61000000,2585.35000000,4697.76720000,1748021399999999,12131101.07042700,42142,2375.47280000,6134508.27935100,0
1748021400000000,2585.35000000,2585.36000000,2568.60000000,2570.60000000,4450.34010000,1748022299999999,11468641.27259300,33517,1864.29290000,4804018.73661300,0
1748022300000000,2570.59000000,2580.80000000,2569.49000000,2577.20000000,3758.37500000,1748023199999999,9684221.92505900,31406,2133.78910000,5498152.08369000,0
1748023200000000,2577.20000000,2581.64000000,2572.50000000,2575.73000000,3505.20770000,1748024099999999,9032652.83427900,35446,1744.55590000,4495882.42277600,0
1748024100000000,2575.73000000,2577.50000000,2555.59000000,2567.09000000,7481.84160000,1748024999999999,19194452.29888100,49467,3288.05170000,8436353.70947100,0
1748025000000000,2567.09000000,2569.89000000,2562.04000000,2564.93000000,4219.20600000,1748025899999999,10825805.92895200,29679,2024.31600000,5194437.17115500,0
1748025900000000,2564.93000000,2565.08000000,2553.02000000,2559.86000000,8292.11130000,1748026799999999,21218250.15902600,32243,3548.83840000,9080419.48651700,0
1748026800000000,2559.87000000,2575.47000000,2556.59000000,2571.91000000,4310.48530000,1748027699999999,11058471.55366300,29233,2420.35850000,6210342.27732200,0
1748027700000000,2571.90000000,2572.90000000,2564.50000000,2568.41000000,1966.32900000,1748028599999999,5050546.27251600,24672,960.65090000,2467344.98762800,0
1748028600000000,2568.40000000,2573.11000000,2566.70000000,2570.07000000,1685.45010000,1748029499999999,4330715.06443500,26357,948.26240000,2436486.03017400,0
1748029500000000,2570.07000000,2570.07000000,2557.48000000,2560.98000000,4197.15350000,1748030399999999,10751198.88812900,35536,2231.96700000,5716759.08101900,0
1748030400000000,2560.97000000,2560.97000000,2549.43000000,2552.02000000,5139.08330000,1748031299999999,13125986.16942700,33339,2062.50290000,5267661.91906900,0
1748031300000000,2552.02000000,2562.36000000,2551.90000000,2562.00000000,2076.33990000,1748032199999999,5310372.17643400,18801,1331.40730000,3405379.04127600,0
1748032200000000,2562.00000000,2562.40000000,2527.01000000,2542.89000000,9966.80570000,1748033099999999,25320446.62689600,55667,4069.39970000,10336278.73512400,0
1748033100000000,2542.89000000,2550.74000000,2540.08000000,2543.23000000,2900.98970000,1748033999999999,7384217.02961200,26193,1720.80780000,4380732.53608500,0
1748034000000000,2543.24000000,2543.45000000,2530.00000000,2539.42000000,5036.88990000,1748034899999999,12780953.73828400,36758,1809.67360000,4590971.41304600,0
1748034900000000,2539.42000000,2553.81000000,2539.42000000,2545.35000000,4166.60530000,1748035799999999,10610460.26691300,27090,2532.59860000,6449224.51740200,0
1748035800000000,2545.35000000,2545.35000000,2535.72000000,2540.02000000,3309.97350000,1748036699999999,8406862.44158200,30090,1870.74320000,4751268.48855400,0
1748036700000000,2540.01000000,2546.95000000,2527.20000000,2534.30000000,3299.67620000,1748037599999999,8364568.44710000,33238,1567.54880000,3975498.86476200,0
1748037600000000,2534.30000000,2558.05000000,2532.33000000,2557.69000000,6827.80490000,1748038499999999,17377714.33792800,47512,4610.64550000,11737068.33760900,0
1748038500000000,2557.69000000,2559.00000000,2548.10000000,2549.21000000,5349.44790000,1748039399999999,13662588.48270000,41728,3067.53290000,7835021.06948900,0
1748039400000000,2549.20000000,2553.03000000,2536.66000000,2536.66000000,3274.25450000,1748040299999999,8333806.34635500,31028,1535.03670000,3906621.17924300,0
1748040300000000,2536.67000000,2541.71000000,2530.10000000,2538.49000000,5595.53760000,1748041199999999,14187933.10340100,49740,2688.52820000,6817694.14149800,0
1748041200000000,2538.50000000,2542.64000000,2520.79000000,2532.13000000,5356.08160000,1748042099999999,13562975.29359600,47892,2350.71700000,5955194.38165100,0
1748042100000000,2532.13000000,2532.50000000,2520.55000000,2529.58000000,4816.09020000,1748042999999999,12169753.28668300,47552,2139.10460000,5405943.52245500,0
1748043000000000,2529.58000000,2536.50000000,2503.66000000,2514.74000000,14804.95520000,1748043899999999,37234750.13009300,86845,5857.56120000,14735610.20236000,0
1748043900000000,2514.74000000,2529.27000000,2506.32000000,2526.50000000,8471.85810000,1748044799999999,21339028.76228400,66516,4587.26870000,11552934.33973200,0
1748044800000000,2526.49000000,2542.84000000,2516.79000000,2537.71000000,9112.78620000,1748045699999999,23064873.03060100,66735,4743.51170000,12010501.19816500,0
1748045700000000,2537.70000000,2544.27000000,2525.66000000,2525.89000000,5826.24110000,1748046599999999,14769365.35278500,53444,2617.31890000,6636333.68663100,0
1748046600000000,2525.90000000,2538.21000000,2525.49000000,2529.82000000,4012.46110000,1748047499999999,10161602.41005300,42507,1796.59190000,4550365.17145700,0
1748047500000000,2529.82000000,2530.50000000,2515.33000000,2515.69000000,4291.66880000,1748048399999999,10828403.21377500,40307,1865.61300000,4706729.25411300,0
1748048400000000,2515.70000000,2528.31000000,2515.08000000,2519.71000000,3945.58230000,1748049299999999,9952731.97898700,40955,2291.98890000,5782456.66651000,0
1748049300000000,2519.71000000,2535.26000000,2519.70000000,2528.68000000,3360.58420000,1748050199999999,8497395.65362800,26744,2104.07180000,5319990.42642100,0
1748050200000000,2528.69000000,2535.60000000,2528.45000000,2532.69000000,2414.22890000,1748051099999999,6112535.42399900,30845,958.88500000,2428158.41584700,0
1748051100000000,2532.70000000,2534.80000000,2523.13000000,2524.53000000,2868.33320000,1748051999999999,7250999.29379800,25812,1201.33770000,3036552.72303500,0
1748052000000000,2524.53000000,2533.01000000,2518.62000000,2530.39000000,2624.03730000,1748052899999999,6633162.27432200,28989,1492.19630000,3772682.55488900,0
1748052900000000,2530.40000000,2539.64000000,2530.39000000,2537.89000000,2055.27080000,1748053799999999,5214174.03361900,19424,1292.52230000,3279044.79175500,0
1748053800000000,2537.90000000,2544.40000000,2535.76000000,2541.81000000,2830.48010000,1748054699999999,7191871.20043400,16429,1704.61200000,4331476.54324500,0
1748054700000000,2541.80000000,2545.00000000,2537.71000000,2540.85000000,1377.26050000,1748055599999999,3499614.57206200,16197,770.30140000,1957742.77480400,0
1748055600000000,2540.86000000,2550.64000000,2538.12000000,2547.89000000,5181.43630000,1748056499999999,13196311.72397900,25470,3570.27570000,9092575.99102300,0
1748056500000000,2547.90000000,2556.73000000,2546.39000000,2553.09000000,4540.98730000,1748057399999999,11594458.83949200,27657,2955.90880000,7547472.01365600,0
1748057400000000,2553.10000000,2554.09000000,2547.57000000,2548.35000000,1899.65360000,1748058299999999,4843465.40388300,17840,807.25150000,2058408.27481700,0
1748058300000000,2548.35000000,2551.45000000,2544.82000000,2549.99000000,1463.46330000,1748059199999999,3729128.15284600,19295,783.60070000,1996787.54181700,0
1748059200000000,2550.00000000,2553.00000000,2545.80000000,2550.29000000,1391.81070000,1748060099999999,3548018.76026000,18983,638.47700000,1627631.04929100,0
1748060100000000,2550.29000000,2554.56000000,2549.96000000,2552.71000000,1430.71510000,1748060999999999,3652494.88948000,13999,660.85220000,1686930.27961200,0
1748061000000000,2552.71000000,2559.63000000,2550.80000000,2557.79000000,1691.40050000,1748061899999999,4322461.02018600,17036,808.13820000,2065332.97426000,0
1748061900000000,2557.80000000,2563.50000000,2556.67000000,2559.40000000,2946.51170000,1748062799999999,7543711.66449100,20024,1521.45570000,3895356.98885900,0
1748062800000000,2559.39000000,2560.50000000,2551.99000000,2553.85000000,2409.28710000,1748063699999999,6158246.24770600,17651,1020.71250000,2608924.91924800,0
1748063700000000,2553.84000000,2553.85000000,2545.15000000,2551.01000000,2646.99500000,1748064599999999,6749096.80141900,21615,807.84730000,2059630.35125800,0
1748064600000000,2551.00000000,2553.19000000,2545.01000000,2546.99000000,1688.06050000,1748065499999999,4303132.22826100,16008,615.30470000,1568591.08660600,0
1748065500000000,2546.99000000,2551.50000000,2543.48000000,2551.18000000,1674.26970000,1748066399999999,4265488.20903800,15676,592.62720000,1509914.89445100,0
1748066400000000,2551.18000000,2555.81000000,2550.01000000,2551.74000000,1755.20140000,1748067299999999,4481546.28121100,13483,748.62160000,1911455.13942600,0
1748067300000000,2551.73000000,2551.80000000,2545.22000000,2550.86000000,1489.94120000,1748068199999999,3798187.27316100,14839,610.34980000,1555933.77760900,0
1748068200000000,2550.87000000,2550.87000000,2535.08000000,2543.95000000,4889.64740000,1748069099999999,12426141.24478500,33214,1688.06350000,4289159.09856600,0
1748069100000000,2543.96000000,2547.24000000,2537.95000000,2547.23000000,1799.06020000,1748069999999999,4573202.98440800,15446,887.65570000,2256628.40212900,0
1748070000000000,2547.23000000,2558.80000000,2547.23000000,2555.77000000,2903.29180000,1748070899999999,7413758.28756000,25540,1692.23710000,4321421.28888600,0
1748070900000000,2555.77000000,2560.60000000,2554.56000000,2559.69000000,2449.01360000,1748071799999999,6263825.03116300,18841,1276.83050000,3265959.13854400,0
1748071800000000,2559.70000000,2559.70000000,2549.49000000,2551.79000000,1906.02120000,1748072699999999,4868024.32936400,17429,777.82700000,1986549.96628300,0
1748072700000000,2551.79000000,2551.79000000,2545.00000000,2546.99000000,2592.03350000,1748073599999999,6604763.64358800,15197,1127.98280000,2875107.68693500,0
1748073600000000,2546.99000000,2557.60000000,2545.60000000,2554.49000000,4740.84310000,1748074499999999,12098758.41648800,23968,3064.55080000,7821591.61686700,0
1748074500000000,2554.49000000,2555.00000000,2545.22000000,2548.66000000,1707.60820000,1748075399999999,4352463.77971100,20214,655.50430000,1670815.37774200,0
1748075400000000,2548.66000000,2554.40000000,2546.31000000,2553.21000000,1285.19080000,1748076299999999,3277867.32240400,14479,608.34190000,1551770.94249000,0
1748076300000000,2553.21000000,2558.55000000,2552.99000000,2556.99000000,1647.97820000,1748077199999999,4211880.05919000,14697,1037.25180000,2651064.45455500,0
1748077200000000,2557.00000000,2559.60000000,2553.38000000,2553.70000000,2758.01860000,1748078099999999,7051805.63535300,19644,1349.67970000,3451274.20377600,0
1748078100000000,2553.71000000,2560.50000000,2553.70000000,2558.37000000,1991.99970000,1748078999999999,5095720.43429800,13450,1240.06750000,3172436.13581200,0
1748079000000000,2558.36000000,2560.31000000,2555.63000000,2558.68000000,1495.59920000,1748079899999999,3826287.83185800,11805,535.62530000,1370154.31811300,0
1748079900000000,2558.68000000,2559.10000000,2551.24000000,2552.80000000,2164.80410000,1748080799999999,5531580.62512800,12389,712.09860000,1819560.11840400,0
1748080800000000,2552.81000000,2555.80000000,2552.36000000,2553.26000000,1663.51850000,1748081699999999,4249099.57864200,12698,658.65250000,1682313.14243600,0
1748081700000000,2553.27000000,2559.99000000,2553.26000000,2559.99000000,1978.25300000,1748082599999999,5058117.95928800,14155,774.45840000,1980324.37875000,0
1748082600000000,2559.98000000,2572.37000000,2559.89000000,2570.72000000,6754.02910000,1748083499999999,17348157.13721300,32253,4005.67340000,10288450.74808000,0
1748083500000000,2570.71000000,2575.85000000,2567.80000000,2570.10000000,5101.07470000,1748084399999999,13124695.41984700,29656,2804.00880000,7214870.93980300,0
1748084400000000,2570.11000000,2575.69000000,2566.57000000,2567.00000000,3677.82850000,1748085299999999,9459554.54738100,29829,1662.03000000,4275112.93563400,0
1748085300000000,2567.00000000,2571.20000000,2562.99000000,2568.17000000,2563.72250000,1748086199999999,6579505.51319300,20451,1248.01760000,3203491.72722300,0
1748086200000000,2568.16000000,2571.74000000,2565.00000000,2565.00000000,2382.61470000,1748087099999999,6119935.09581600,23744,1197.82960000,3077190.92599300,0
1748087100000000,2565.00000000,2567.00000000,2562.31000000,2563.31000000,1864.15030000,1748087999999999,4780773.81054000,20955,937.92180000,2405382.39315400,0
1748088000000000,2563.32000000,2565.41000000,2552.26000000,2557.70000000,4373.76820000,1748088899999999,11192688.05970800,31172,1571.92110000,4022779.67265500,0
1748088900000000,2557.70000000,2560.80000000,2549.43000000,2556.87000000,3862.87660000,1748089799999999,9871298.56693000,23699,1758.25520000,4493844.89511900,0
1748089800000000,2556.88000000,2559.30000000,2553.50000000,2557.55000000,2182.27520000,1748090699999999,5581169.28510900,18621,1243.34370000,3179637.52668000,0
1748090700000000,2557.54000000,2560.00000000,2554.27000000,2559.19000000,2528.97510000,1748091599999999,6466759.52836400,16389,1748.06670000,4469957.29799800,0
1748091600000000,2559.20000000,2562.27000000,2553.40000000,2555.00000000,4406.59790000,1748092499999999,11272272.83786800,22174,2763.93170000,7069393.71427900,0
1748092500000000,2555.00000000,2558.00000000,2549.24000000,2557.13000000,2577.70220000,1748093399999999,6583637.37586300,19400,1503.13080000,3839657.27893400,0
1748093400000000,2557.13000000,2557.80000000,2550.80000000,2552.39000000,2921.72950000,1748094299999999,7463416.39726700,22322,1613.50010000,4121363.86999500,0
1748094300000000,2552.40000000,2554.60000000,2543.73000000,2546.45000000,4578.17670000,1748095199999999,11670165.57355400,26474,2106.60760000,5370991.38046800,0
1748095200000000,2546.45000000,2554.60000000,2543.51000000,2553.23000000,2637.68940000,1748096099999999,6725249.78570900,23002,1181.83260000,3013639.73494200,0
1748096100000000,2553.23000000,2557.51000000,2548.93000000,2549.79000000,1870.75480000,1748096999999999,4776170.09792700,15998,925.94990000,2363751.73042800,0
1748097000000000,2549.79000000,2557.40000000,2547.30000000,2554.28000000,1761.58190000,1748097899999999,4497343.51043000,14605,1172.28860000,2993198.02212600,0
1748097900000000,2554.28000000,2561.40000000,2554.28000000,2558.52000000,2284.72560000,1748098799999999,5845738.62639400,20176,1636.17340000,4186014.35718600,0
1748098800000000,2558.52000000,2564.50000000,2555.51000000,2560.90000000,2403.12350000,1748099699999999,6151088.00135300,24251,1153.54490000,2952591.71795500,0
1748099700000000,2560.90000000,2560.90000000,2553.63000000,2556.05000000,1817.70070000,1748100599999999,4647914.13298400,19109,769.73530000,1968170.06839700,0
1748100600000000,2556.05000000,2557.70000000,2550.25000000,2551.19000000,1608.14220000,1748101499999999,4106291.45310800,22523,654.72770000,1671610.42373800,0
1748101500000000,2551.20000000,2556.07000000,2549.59000000,2555.64000000,1799.91940000,1748102399999999,4594246.52123000,20334,932.51770000,2380693.92808400,0
1748102400000000,2555.64000000,2556.00000000,2546.80000000,2549.24000000,2138.24290000,1748103299999999,5454294.05307800,22305,852.20950000,2173923.97987700,0
1748103300000000,2549.24000000,2552.80000000,2543.86000000,2550.31000000,3137.77240000,1748104199999999,7998212.96031100,22309,1221.95590000,3114265.48583700,0
1748104200000000,2550.31000000,2555.27000000,2549.00000000,2554.80000000,1439.73780000,1748105099999999,3674393.28284300,24427,643.27350000,1641697.44761700,0
1748105100000000,2554.81000000,2562.10000000,2552.50000000,2557.46000000,2224.89690000,1748105999999999,5691632.93983400,18873,1202.51680000,3076178.29006200,0
1748106000000000,2557.46000000,2564.59000000,2557.46000000,2562.55000000,2582.04160000,1748106899999999,6615206.28615900,22799,1328.07710000,3402563.73917000,0
1748106900000000,2562.55000000,2562.90000000,2555.57000000,2559.00000000,1898.34620000,1748107799999999,4857990.20510000,18823,723.37600000,1851110.19898200,0
1748107800000000,2558.99000000,2563.18000000,2555.45000000,2561.05000000,1691.06800000,1748108699999999,4329955.18232200,13229,657.48110000,1683629.54561900,0
1748108700000000,2561.05000000,2563.50000000,2557.80000000,2557.80000000,1293.40250000,1748109599999999,3313245.53848100,11577,419.05600000,1073444.48302600,0
1748109600000000,2557.80000000,2563.00000000,2557.00000000,2562.60000000,995.16530000,1748110499999999,2547979.85431000,11502,469.25840000,1201577.97608000,0
1748110500000000,2562.60000000,2567.38000000,2560.97000000,2561.29000000,2231.34220000,1748111399999999,5721395.84196900,12553,913.60930000,2342939.72297000,0
1748111400000000,2561.29000000,2561.30000000,2556.12000000,2557.99000000,1264.46110000,1748112299999999,3234469.16388400,11471,359.88040000,920465.48895700,0
1748112300000000,2557.99000000,2558.00000000,2544.99000000,2549.41000000,3795.89300000,1748113199999999,9683271.35283300,24047,1273.49880000,3247366.10352900,0
1748113200000000,2549.41000000,2553.90000000,2546.57000000,2549.59000000,1848.68160000,1748114099999999,4715712.68412700,20095,925.72050000,2361660.05651100,0
1748114100000000,2549.60000000,2552.50000000,2548.73000000,2551.47000000,943.67890000,1748114999999999,2406613.63595100,12551,475.57430000,1212802.00689500,0
1748115000000000,2551.46000000,2555.49000000,2549.26000000,2552.01000000,954.55880000,1748115899999999,2436853.68380800,12260,517.20970000,1320439.30389000,0
1748115900000000,2552.00000000,2555.19000000,2549.00000000,2554.47000000,1201.08570000,1748116799999999,3065040.74436500,11407,613.72720000,1566149.80963800,0
1748116800000000,2554.48000000,2554.78000000,2549.70000000,2554.19000000,960.01030000,1748117699999999,2450084.49796900,12124,485.61590000,1239266.02273100,0
1748117700000000,2554.20000000,2555.28000000,2550.30000000,2553.00000000,728.10130000,1748118599999999,1858732.54848300,9559,330.07680000,842645.75797900,0
1748118600000000,2553.01000000,2556.57000000,2552.40000000,2553.00000000,793.66550000,1748119499999999,2027937.95291400,9992,414.71330000,1059644.32426500,0
1748119500000000,2553.01000000,2554.50000000,2550.41000000,2552.26000000,1013.88200000,1748120399999999,2587282.37276400,10006,667.02980000,1702140.07566100,0
1748120400000000,2552.26000000,2552.80000000,2546.69000000,2547.99000000,2063.03620000,1748121299999999,5258041.11780000,12079,1293.31840000,3296169.24340900,0
1748121300000000,2548.00000000,2548.50000000,2519.50000000,2536.18000000,10450.84400000,1748122199999999,26470339.77774400,36547,3830.55620000,9701500.82038500,0
1748122200000000,2536.18000000,2541.99000000,2532.60000000,2536.00000000,2771.75700000,1748123099999999,7030489.70861200,18049,1505.92060000,3819265.04818200,0
1748123100000000,2535.99000000,2543.13000000,2530.56000000,2540.09000000,2242.57260000,1748123999999999,5689087.06059200,17974,1405.41350000,3566087.18531300,0
1748124000000000,2540.10000000,2540.20000000,2528.00000000,2534.49000000,3109.94560000,1748124899999999,7876593.04731500,26129,1610.09340000,4077324.12890000,0
1748124900000000,2534.50000000,2535.90000000,2526.66000000,2531.84000000,2489.37740000,1748125799999999,6299171.92081500,21320,1295.92980000,3279104.97065700,0
1748125800000000,2531.85000000,2537.24000000,2525.51000000,2533.51000000,2744.78190000,1748126699999999,6946792.62734900,31404,1571.61560000,3977851.40243400,0
1748126700000000,2533.51000000,2535.00000000,2521.50000000,2525.39000000,2484.20390000,1748127599999999,6283350.27631700,22162,1438.33610000,3638348.51803900,0
1748127600000000,2525.40000000,2529.29000000,2517.65000000,2528.43000000,4301.65950000,1748128499999999,10849945.20181200,47835,2235.41430000,5638973.40870700,0
1748128500000000,2528.42000000,2535.00000000,2523.30000000,2529.27000000,3563.26600000,1748129399999999,9012352.86315100,42873,1914.26430000,4841614.12353000,0
1748129400000000,2529.29000000,2533.49000000,2525.62000000,2525.91000000,4105.60920000,1748130299999999,10388518.32746500,30714,2034.83350000,5148954.36838900,0
1748130300000000,2525.90000000,2532.82000000,2522.00000000,2530.40000000,3220.43940000,1748131199999999,8140093.13554400,23462,1720.09500000,4347779.40246200,0
1748131200000000,2530.41000000,2539.50000000,2529.30000000,2533.67000000,3349.61970000,1748132099999999,8493575.73669200,25223,1775.12720000,4501273.43032100,0
1748132100000000,2533.66000000,2536.79000000,2527.30000000,2535.30000000,2184.22090000,1748132999999999,5529710.56213400,20291,1214.26630000,3074287.65201200,0
1748133000000000,2535.31000000,2538.66000000,2482.40000000,2495.89000000,24556.37990000,1748133899999999,61390273.91419200,85383,8822.97100000,22045614.76040900,0
1748133900000000,2495.89000000,2501.61000000,2476.00000000,2486.89000000,14766.98730000,1748134799999999,36735344.46265500,79116,5738.25910000,14274742.56355100,0
1748134800000000,2486.89000000,2494.15000000,2479.40000000,2487.89000000,7263.24540000,1748135699999999,18063674.17415900,57598,3592.37070000,8935642.79061200,0
1748135700000000,2487.89000000,2501.84000000,2480.28000000,2497.49000000,7048.58660000,1748136599999999,17562617.36564100,47839,3816.07010000,9510618.83282200,0
1748136600000000,2497.50000000,2504.03000000,2492.75000000,2503.61000000,3572.15770000,1748137499999999,8928613.70427400,31172,2104.98080000,5262308.84088800,0
1748137500000000,2503.61000000,2503.80000000,2494.50000000,2495.71000000,3658.71500000,1748138399999999,9141611.18225800,24116,1793.73750000,4482035.55973300,0
1748138400000000,2495.71000000,2501.01000000,2489.27000000,2492.71000000,3396.88900000,1748139299999999,8473344.45091700,33319,1651.11400000,4118601.50489800,0
1748139300000000,2492.70000000,2503.00000000,2486.20000000,2499.40000000,5066.05870000,1748140199999999,12643031.41482000,35698,2774.56180000,6924488.68261900,0
1748140200000000,2499.40000000,2509.50000000,2499.01000000,2501.01000000,3169.50920000,1748141099999999,7937237.27482900,25181,1610.49580000,4033495.68560500,0
1748141100000000,2501.01000000,2510.70000000,2500.51000000,2508.24000000,3195.23940000,1748141999999999,8011007.94723500,21216,1937.30660000,4856873.82401200,0
1748142000000000,2508.23000000,2515.02000000,2507.10000000,2513.67000000,3415.82870000,1748142899999999,8579536.36959700,27649,1605.45310000,4032145.10460400,0
1748142900000000,2513.68000000,2515.00000000,2510.00000000,2513.33000000,2038.74590000,1748143799999999,5124254.33136200,19568,1199.80670000,3015892.25371200,0
1748143800000000,2513.32000000,2520.22000000,2513.32000000,2516.82000000,5208.80290000,1748144699999999,13113268.41143800,20938,3704.50520000,9326500.53627400,0
1748144700000000,2516.81000000,2518.60000000,2512.50000000,2512.78000000,2734.02630000,1748145599999999,6878409.47418400,17274,1243.30040000,3128354.14124000,0
1748145600000000,2512.79000000,2513.02000000,2505.61000000,2507.28000000,2165.18000000,1748146499999999,5433697.91300500,15622,949.52410000,2382938.10778100,0
1748146500000000,2507.29000000,2512.40000000,2506.00000000,2510.90000000,1487.30960000,1748147399999999,3732504.38816400,17286,652.58410000,1637680.83630500,0
1748147400000000,2510.90000000,2516.33000000,2510.30000000,2514.81000000,1130.97220000,1748148299999999,2843081.37303400,12273,561.88800000,1412576.04998900,0
1748148300000000,2514.81000000,2518.59000000,2512.68000000,2517.50000000,1549.85650000,1748149199999999,3899734.99989200,12358,892.09480000,2244711.22297400,0
1748149200000000,2517.49000000,2518.75000000,2512.31000000,2512.33000000,1465.17080000,1748150099999999,3685212.66549100,14486,656.76760000,1652070.23804400,0
1748150100000000,2512.33000000,2515.50000000,2510.80000000,2511.66000000,1248.32480000,1748150999999999,3137069.77582200,11856,703.73620000,1768558.77847200,0
1748151000000000,2511.66000000,2514.00000000,2507.28000000,2509.29000000,1063.99480000,1748151899999999,2671000.96957700,11085,467.39810000,1173256.11573800,0
1748151900000000,2509.30000000,2514.33000000,2507.60000000,2512.51000000,1043.48520000,1748152799999999,2620837.71916400,10815,604.33940000,1517771.22977400,0
1748152800000000,2512.52000000,2513.32000000,2507.97000000,2508.30000000,936.41290000,1748153699999999,2350442.26432900,10417,303.25890000,761176.63914700,0
1748153700000000,2508.29000000,2509.68000000,2502.08000000,2504.99000000,2290.07540000,1748154599999999,5737278.28183800,13485,1092.54080000,2737015.48101500,0
1748154600000000,2504.99000000,2506.95000000,2502.18000000,2504.76000000,1482.44640000,1748155499999999,3712898.62026300,11426,729.77020000,1827871.16390700,0
1748155500000000,2504.75000000,2509.40000000,2503.18000000,2507.42000000,1773.84480000,1748156399999999,4446412.76079600,15514,842.39330000,2111774.08011000,0
1748156400000000,2507.42000000,2507.42000000,2496.52000000,2496.66000000,4728.76010000,1748157299999999,11826314.89795200,20949,1405.32650000,3514753.71941900,0
1748157300000000,2496.65000000,2500.44000000,2489.58000000,2492.32000000,5135.93450000,1748158199999999,12809970.12086300,30566,2279.05260000,5684678.23016600,0
1748158200000000,2492.31000000,2496.24000000,2487.22000000,2492.95000000,4374.52470000,1748159099999999,10900740.19796900,21046,1882.46030000,4691743.62404600,0
1748159100000000,2492.95000000,2496.03000000,2489.26000000,2494.39000000,2698.10010000,1748159999999999,6726839.79492400,14310,1286.96840000,3208890.47172000,0
1748160000000000,2494.40000000,2494.50000000,2482.57000000,2483.70000000,5065.94740000,1748160899999999,12600749.26717100,28216,1911.06650000,4753431.13486700,0
1748160900000000,2483.68000000,2489.60000000,2480.00000000,2484.96000000,6391.28240000,1748161799999999,15875381.85707600,35183,1817.86230000,4516287.64362400,0
1748161800000000,2484.95000000,2490.32000000,2483.57000000,2485.91000000,3621.34070000,1748162699999999,9005925.40707900,24467,1402.98260000,3488886.24884100,0
1748162700000000,2485.91000000,2486.22000000,2463.00000000,2477.81000000,13181.01900000,1748163599999999,32606529.56196800,63716,6038.12980000,14936754.56045000,0
1748163600000000,2477.81000000,2483.41000000,2471.03000000,2480.72000000,6209.87630000,1748164499999999,15386688.69641400,36577,2349.98840000,5824524.45485100,0
1748164500000000,2480.72000000,2487.13000000,2474.56000000,2484.17000000,5164.20640000,1748165399999999,12809153.26565800,33269,2588.78660000,6421245.41259200,0
1748165400000000,2484.17000000,2486.31000000,2475.93000000,2483.50000000,4981.04720000,1748166299999999,12356967.12874100,42837,1651.69730000,4097098.62143100,0
1748166300000000,2483.50000000,2495.71000000,2483.50000000,2495.50000000,4807.95230000,1748167199999999,11976258.29527300,34318,3062.87360000,7628978.02322000,0
1748167200000000,2495.50000000,2502.19000000,2491.81000000,2496.91000000,5655.89110000,1748168099999999,14119594.75460500,36400,2556.22820000,6382762.12075300,0
1748168100000000,2496.91000000,2499.50000000,2492.21000000,2493.36000000,2082.44810000,1748168999999999,5198085.81685200,16756,741.56290000,1851117.44107500,0
1748169000000000,2493.36000000,2500.29000000,2493.36000000,2496.14000000,2421.02370000,1748169899999999,6047521.51846000,15237,981.29900000,2451168.03506000,0
1748169900000000,2496.13000000,2501.00000000,2488.49000000,2492.31000000,4098.92510000,1748170799999999,10227073.94625200,26624,1645.96510000,4107337.39596600,0
1748170800000000,2492.30000000,2499.24000000,2488.71000000,2498.86000000,2713.71930000,1748171699999999,6769900.02134600,23307,991.11190000,2472405.71597200,0
1748171700000000,2498.86000000,2500.00000000,2494.00000000,2497.05000000,3009.58750000,1748172599999999,7515073.16489900,17833,942.85960000,2353981.35111300,0
1748172600000000,2497.04000000,2498.90000000,2493.00000000,2494.00000000,1941.10560000,1748173499999999,4842994.71123100,16120,638.33770000,1592459.64964600,0
1748173500000000,2494.01000000,2499.00000000,2491.91000000,2497.91000000,2187.32700000,1748174399999999,5460393.66495300,14724,971.82770000,2426463.94272200,0
1748174400000000,2497.91000000,2500.00000000,2495.17000000,2499.88000000,2305.28860000,1748175299999999,5758662.64472400,20524,1075.55100000,2686550.78399600,0
1748175300000000,2499.88000000,2516.45000000,2499.88000000,2514.70000000,6596.04240000,1748176199999999,16556248.86922400,40752,4815.41140000,12085864.10519900,0
1748176200000000,2514.70000000,2518.00000000,2511.99000000,2514.58000000,3272.31420000,1748177099999999,8228784.86662500,27590,1948.06800000,4898728.72174700,0
1748177100000000,2514.58000000,2518.10000000,2512.48000000,2517.09000000,3109.94690000,1748177999999999,7822509.61798900,21029,1676.20740000,4216069.67979300,0
1748178000000000,2517.09000000,2520.48000000,2511.23000000,2514.00000000,2641.94620000,1748178899999999,6648362.63405100,24969,1367.01220000,3440888.20472200,0
1748178900000000,2513.99000000,2520.15000000,2511.47000000,2519.90000000,2034.75930000,1748179799999999,5116292.51089000,21638,945.39430000,2377763.47349900,0
1748179800000000,2519.89000000,2524.90000000,2516.36000000,2518.74000000,3561.14990000,1748180699999999,8976045.83408100,26974,1755.29930000,4425492.94217000,0
1748180700000000,2518.74000000,2521.61000000,2513.50000000,2513.61000000,2580.45460000,1748181599999999,6497498.33034500,22579,1331.54440000,3352811.52347300,0
1748181600000000,2513.61000000,2518.00000000,2508.42000000,2514.62000000,2022.25950000,1748182499999999,5082465.64974300,21916,849.55640000,2135592.45318900,0
1748182500000000,2514.62000000,2515.95000000,2510.00000000,2515.72000000,1843.54570000,1748183399999999,4633550.41073500,15372,929.79020000,2337228.30311100,0
1748183400000000,2515.71000000,2517.00000000,2502.40000000,2503.00000000,4657.21210000,1748184299999999,11682705.20245800,29318,2229.89390000,5592254.78667700,0
1748184300000000,2503.01000000,2507.73000000,2497.82000000,2505.99000000,3222.32000000,1748185199999999,8067389.32964700,25195,1648.02280000,4125960.59344200,0
1748185200000000,2506.00000000,2508.32000000,2496.27000000,2498.29000000,2881.54010000,1748186099999999,7211232.14508700,34395,1110.72490000,2779788.64133400,0
1748186100000000,2498.30000000,2500.00000000,2479.24000000,2489.20000000,8959.81590000,1748186999999999,22302315.40938000,65298,3209.11560000,7986034.50825800,0
1748187000000000,2489.20000000,2508.61000000,2486.69000000,2504.40000000,7412.03140000,1748187899999999,18524682.82053700,64708,4345.70040000,10863543.48979200,0
1748187900000000,2504.40000000,2515.75000000,2497.82000000,2511.70000000,5732.72370000,1748188799999999,14367857.07292100,47228,3197.56040000,8015128.66600800,0
1748188800000000,2511.69000000,2513.32000000,2503.49000000,2507.34000000,3758.77230000,1748189699999999,9430374.30894800,36485,1842.68440000,4623994.70158500,0
1748189700000000,2507.34000000,2508.00000000,2496.40000000,2498.60000000,2787.27260000,1748190599999999,6968697.89875400,28038,1216.19650000,3040558.55294100,0
1748190600000000,2498.59000000,2510.81000000,2496.10000000,2508.29000000,2741.64040000,1748191499999999,6861874.85182600,27813,1368.58440000,3426096.42809700,0
1748191500000000,2508.30000000,2513.50000000,2507.28000000,2511.57000000,2145.69510000,1748192399999999,5387410.24719400,23267,1213.88710000,3047803.42984400,0
1748192400000000,2511.57000000,2515.80000000,2510.60000000,2512.30000000,2732.53110000,1748193299999999,6868649.31005200,20646,1365.12280000,3431891.94231300,0
1748193300000000,2512.29000000,2516.80000000,2509.13000000,2516.79000000,1564.89960000,1748194199999999,3933331.05429500,17975,761.12070000,1913414.21013100,0
1748194200000000,2516.79000000,2516.98000000,2509.00000000,2512.12000000,1762.26850000,1748195099999999,4426777.47664900,16717,479.66580000,1204664.53022500,0
1748195100000000,2512.13000000,2514.81000000,2512.12000000,2513.95000000,1014.09670000,1748195999999999,2548927.45671500,9764,360.81940000,906857.37927600,0
1748196000000000,2513.82000000,2517.80000000,2511.30000000,2517.50000000,1798.68400000,1748196899999999,4522553.13001600,16254,579.81220000,1458082.73000800,0
1748196900000000,2517.50000000,2523.37000000,2515.00000000,2521.19000000,2838.06470000,1748197799999999,7149691.61306300,16406,1243.21500000,3133178.43307700,0
1748197800000000,2521.19000000,2521.70000000,2515.83000000,2517.00000000,1583.08280000,1748198699999999,3986619.55032900,13841,577.91780000,1455155.50966300,0
1748198700000000,2517.01000000,2519.07000000,2515.11000000,2516.60000000,1295.17330000,1748199599999999,3260528.76604600,11312,459.36310000,1156396.38176100,0
1748199600000000,2516.59000000,2518.21000000,2515.00000000,2516.10000000,895.72520000,1748200499999999,2253950.74632000,10706,302.88940000,762217.94026900,0
1748200500000000,2516.09000000,2521.36000000,2516.09000000,2521.28000000,1495.23940000,1748201399999999,3767824.68004000,10625,940.08040000,2368853.29742200,0
1748201400000000,2521.28000000,2525.04000000,2520.54000000,2522.00000000,2703.52760000,1748202299999999,6822468.11219900,15835,1645.43550000,4152906.36608000,0
1748202300000000,2521.99000000,2535.66000000,2520.50000000,2526.60000000,4717.18610000,1748203199999999,11934571.97140000,24198,2626.28330000,6644077.58480100,0
1748203200000000,2526.60000000,2529.00000000,2517.41000000,2518.35000000,2088.15130000,1748204099999999,5268347.51299200,20881,824.69280000,2080629.91266300,0
1748204100000000,2518.34000000,2521.90000000,2511.15000000,2521.34000000,1868.30030000,1748204999999999,4700368.71723200,14636,757.07100000,1904378.67036700,0
1748205000000000,2521.34000000,2526.30000000,2520.60000000,2525.51000000,1304.74490000,1748205899999999,3292227.25611400,12807,773.20130000,1950879.12751400,0
1748205900000000,2525.51000000,2525.51000000,2520.70000000,2523.88000000,855.00200000,1748206799999999,2156813.74680700,9526,345.32960000,871097.23240100,0
1748206800000000,2523.88000000,2531.00000000,2523.04000000,2530.99000000,1511.68350000,1748207699999999,3821201.85203300,12577,885.87630000,2239413.27030900,0
1748207700000000,2531.00000000,2531.40000000,2519.49000000,2521.35000000,1861.85990000,1748208599999999,4701196.62006600,14150,748.12840000,1889629.67942300,0
1748208600000000,2521.35000000,2521.36000000,2507.65000000,2517.12000000,2498.85970000,1748209499999999,6282246.90570000,23365,1011.60630000,2542828.09621800,0
1748209500000000,2517.12000000,2520.99000000,2514.00000000,2515.19000000,822.48130000,1748210399999999,2070834.29965400,8875,350.48350000,882543.83520800,0
1748210400000000,2515.20000000,2548.78000000,2512.52000000,2534.04000000,11276.92760000,1748211299999999,28609728.30012400,79699,7009.92290000,17788374.89434300,0
1748211300000000,2534.09000000,2542.80000000,2531.70000000,2535.99000000,6133.54100000,1748212199999999,15562385.34734000,66796,3491.51350000,8858393.99710300,0
1748212200000000,2536.00000000,2547.99000000,2534.60000000,2546.49000000,3725.53440000,1748213099999999,9465368.79380600,42367,2205.87110000,5605075.18901400,0
1748213100000000,2546.49000000,2554.26000000,2542.50000000,2549.16000000,5292.08210000,1748213999999999,13490938.30618000,42083,3217.60450000,8202051.73248100,0
1748214000000000,2549.16000000,2552.05000000,2543.27000000,2544.29000000,4340.41970000,1748214899999999,11054294.09021300,40962,2275.35940000,5795761.80375700,0
1748214900000000,2544.29000000,2544.30000000,2535.00000000,2538.70000000,4439.53800000,1748215799999999,11268202.59552000,29991,2709.43590000,6875748.35602300,0
1748215800000000,2538.70000000,2547.80000000,2537.52000000,2547.05000000,2815.96490000,1748216699999999,7164241.38629000,23105,1857.65290000,4726128.96283400,0
1748216700000000,2547.06000000,2554.02000000,2543.77000000,2551.22000000,7655.62490000,1748217599999999,19509509.87507200,24206,2413.49730000,6151919.03117400,0
1748217600000000,2551.22000000,2558.62000000,2547.78000000,2547.91000000,10757.13960000,1748218499999999,27472221.60265200,39234,3663.41220000,9354646.91943900,0
1748218500000000,2547.92000000,2557.00000000,2536.84000000,2544.99000000,6100.25950000,1748219399999999,15531351.54912900,34453,2937.38650000,7479831.54720300,0
1748219400000000,2545.00000000,2560.00000000,2542.80000000,2556.01000000,4781.86940000,1748220299999999,12203435.43115800,34666,3068.89360000,7831033.03552100,0
1748220300000000,2556.00000000,2574.60000000,2553.43000000,2571.70000000,9518.23620000,1748221199999999,24388899.91744300,49064,5577.56700000,14295423.34848900,0
1748221200000000,2571.71000000,2577.00000000,2558.60000000,2560.01000000,6277.98280000,1748222099999999,16113663.13679500,45895,3749.02060000,9624227.61692500,0
1748222100000000,2560.00000000,2564.00000000,2556.11000000,2558.64000000,10169.16760000,1748222999999999,26020342.90982000,35533,2557.28530000,6545960.81790800,0
1748223000000000,2558.64000000,2566.92000000,2555.00000000,2563.61000000,5280.65530000,1748223899999999,13523662.65885900,29830,3283.44370000,8410542.04691600,0
1748223900000000,2563.61000000,2567.24000000,2555.77000000,2558.51000000,3837.85670000,1748224799999999,9830213.48731600,26841,2287.45410000,5858857.19116900,0
1748224800000000,2558.50000000,2561.00000000,2551.70000000,2554.51000000,3107.27740000,1748225699999999,7942358.83181200,24512,1498.54990000,3831027.36499300,0
1748225700000000,2554.50000000,2563.86000000,2552.52000000,2560.77000000,3537.05410000,1748226599999999,9053195.38638600,25171,2202.05510000,5636309.95590100,0
1748226600000000,2560.77000000,2560.79000000,2548.49000000,2551.53000000,3240.92740000,1748227499999999,8273793.11670200,22539,1314.17600000,3354299.46692600,0
1748227500000000,2551.54000000,2554.50000000,2547.21000000,2552.71000000,3109.59030000,1748228399999999,7932443.30133800,15923,1643.92690000,4193966.16307100,0
1748228400000000,2552.72000000,2553.50000000,2548.49000000,2550.81000000,2225.17640000,1748229299999999,5676870.94090800,19852,1030.28900000,2628521.93284200,0
1748229300000000,2550.80000000,2560.80000000,2549.49000000,2559.85000000,2207.32260000,1748230199999999,5641690.07607800,15451,1331.50080000,3403049.45631000,0
1748230200000000,2559.85000000,2563.83000000,2555.80000000,2561.60000000,2216.43650000,1748231099999999,5672775.50148400,18359,1196.23270000,3061503.21298500,0
1748231100000000,2561.60000000,2567.01000000,2559.27000000,2560.30000000,2668.44940000,1748231999999999,6840078.09131400,17944,1429.02080000,3663522.25470700,0
1748232000000000,2560.29000000,2564.23000000,2557.30000000,2559.67000000,2334.59500000,1748232899999999,5977279.55800200,17485,1110.50550000,2843209.80319000,0
1748232900000000,2559.67000000,2566.90000000,2558.56000000,2564.39000000,3697.97880000,1748233799999999,9482176.11180900,20452,1761.39690000,4516374.68267800,0
1748233800000000,2564.39000000,2567.00000000,2563.20000000,2565.49000000,1715.79680000,1748234699999999,4401474.04239800,18812,881.65220000,2261745.55794200,0
1748234700000000,2565.49000000,2570.15000000,2563.00000000,2564.20000000,3588.99550000,1748235599999999,9210578.41068800,19646,1570.37600000,4031180.78558400,0
1748235600000000,2564.19000000,2565.90000000,2561.49000000,2563.30000000,2169.43990000,1748236499999999,5559972.81942700,19217,617.33270000,1582162.95734400,0
1748236500000000,2563.30000000,2571.98000000,2562.40000000,2570.21000000,2536.37470000,1748237399999999,6510228.42548000,17158,1253.95210000,3219443.21343800,0
1748237400000000,2570.22000000,2575.31000000,2568.03000000,2568.29000000,3692.92070000,1748238299999999,9498789.01033500,23661,1686.50710000,4338461.08911300,0
1748238300000000,2568.30000000,2571.30000000,2567.58000000,2568.40000000,2346.94380000,1748239199999999,6030264.65311900,16897,1193.03440000,3065388.53296700,0
1748239200000000,2568.40000000,2572.00000000,2565.20000000,2567.03000000,3603.45110000,1748240099999999,9254766.91530900,22412,1468.90900000,3773001.81065600,0
1748240100000000,2567.02000000,2572.62000000,2566.84000000,2571.99000000,1921.49460000,1748240999999999,4939007.06120500,17860,1078.95280000,2773333.51215000,0
1748241000000000,2572.00000000,2572.00000000,2567.23000000,2569.99000000,2139.31260000,1748241899999999,5495739.26764300,16216,846.14820000,2173671.39361000,0
1748241900000000,2569.99000000,2585.90000000,2569.00000000,2582.81000000,6300.56440000,1748242799999999,16256525.35530500,33940,3887.83780000,10031817.38985800,0
1748242800000000,2582.80000000,2599.00000000,2579.40000000,2586.20000000,12348.00570000,1748243699999999,31981382.27985800,60798,6820.00570000,17663573.25386300,0
1748243700000000,2586.20000000,2592.60000000,2581.00000000,2581.89000000,4870.17020000,1748244599999999,12594813.92380800,32394,2052.71610000,5308353.74632500,0
1748244600000000,2581.89000000,2586.77000000,2577.64000000,2583.70000000,5081.67690000,1748245499999999,13124668.47249900,32905,2546.46390000,6576658.94527600,0
1748245500000000,2583.70000000,2585.15000000,2577.30000000,2580.80000000,3701.05740000,1748246399999999,9548756.73552000,17926,1506.82260000,3886909.80459100,0
1748246400000000,2580.79000000,2582.70000000,2572.91000000,2578.62000000,4855.52860000,1748247299999999,12513784.46534800,25954,2294.13520000,5912307.81731600,0
1748247300000000,2578.62000000,2581.20000000,2573.95000000,2574.59000000,2795.91660000,1748248199999999,7205958.24303300,22299,1199.40790000,3092284.79104200,0
1748248200000000,2574.59000000,2576.60000000,2568.04000000,2570.11000000,4518.05590000,1748249099999999,11615262.31801300,30138,1830.67300000,4706207.62057200,0
1748249100000000,2570.10000000,2571.43000000,2564.57000000,2568.00000000,3163.91040000,1748249999999999,8124474.86087900,23047,1245.11580000,3197650.46800400,0
1748250000000000,2567.99000000,2573.72000000,2564.35000000,2573.04000000,3259.91940000,1748250899999999,8378002.63052700,20464,1790.19010000,4601233.22079000,0
1748250900000000,2573.04000000,2574.48000000,2570.60000000,2571.20000000,2314.72070000,1748251799999999,5954185.05166900,19116,913.37220000,2349291.75699100,0
1748251800000000,2571.21000000,2571.50000000,2553.24000000,2561.78000000,6133.24400000,1748252699999999,15715901.31416400,36216,2008.49150000,5145866.07129500,0
1748252700000000,2561.78000000,2563.99000000,2558.75000000,2563.11000000,2774.38250000,1748253599999999,7107668.95129100,26298,1365.37750000,3497793.22582500,0
1748253600000000,2563.11000000,2566.59000000,2559.70000000,2564.25000000,2828.35590000,1748254499999999,7250620.44761500,17698,1093.18540000,2802800.82588400,0
1748254500000000,2564.25000000,2569.20000000,2561.00000000,2566.99000000,1894.26110000,1748255399999999,4860200.08980700,15120,948.48930000,2433480.34870600,0
1748255400000000,2567.00000000,2567.69000000,2563.61000000,2566.49000000,1930.13940000,1748256299999999,4952062.15466900,14291,661.79560000,1697877.95369900,0
1748256300000000,2566.50000000,2567.50000000,2554.57000000,2559.34000000,3972.24680000,1748257199999999,10165751.84730600,21598,1576.88920000,4034247.44702900,0
1748257200000000,2559.35000000,2563.86000000,2555.70000000,2561.90000000,2390.20730000,1748258099999999,6120143.67467700,14879,1026.41790000,2628442.40864100,0
1748258100000000,2561.89000000,2564.10000000,2560.78000000,2562.81000000,1809.37250000,1748258999999999,4636217.41675300,13927,574.33260000,1471581.73895200,0
1748259000000000,2562.81000000,2567.93000000,2556.80000000,2566.60000000,2582.37410000,1748259899999999,6619121.65975500,20253,1100.16760000,2820086.49765200,0
1748259900000000,2566.60000000,2568.31000000,2564.25000000,2568.08000000,2983.12360000,1748260799999999,7655469.60909200,16807,1613.20410000,4140018.99146100,0
1748260800000000,2568.08000000,2570.90000000,2563.01000000,2564.30000000,2867.69960000,1748261699999999,7359759.28210800,21554,1724.71720000,4426306.12039000,0
1748261700000000,2564.30000000,2567.30000000,2561.10000000,2563.21000000,2631.11800000,1748262599999999,6747003.41539300,21202,1499.97720000,3846522.03980900,0
1748262600000000,2563.20000000,2566.40000000,2562.21000000,2566.36000000,2560.61430000,1748263499999999,6566305.09930300,16979,1536.29410000,3939586.85326200,0
1748263500000000,2566.37000000,2574.43000000,2565.40000000,2568.60000000,3458.64370000,1748264399999999,8887126.58041900,22924,1964.79290000,5047759.50731000,0
1748264400000000,2568.59000000,2571.80000000,2560.33000000,2562.56000000,3071.63810000,1748265299999999,7879360.72676600,25823,1580.02830000,4053007.17127200,0
1748265300000000,2562.57000000,2567.53000000,2556.71000000,2564.51000000,8900.78190000,1748266199999999,22811259.41728400,28023,3885.59050000,9957068.76426300,0
1748266200000000,2564.51000000,2571.00000000,2561.99000000,2565.13000000,5462.80120000,1748267099999999,14020818.04286500,24691,2693.25800000,6912645.12073700,0
1748267100000000,2565.14000000,2565.50000000,2539.23000000,2551.27000000,10727.97250000,1748267999999999,27366257.02314300,48479,4196.36470000,10701578.20680400,0
1748268000000000,2551.28000000,2556.52000000,2547.40000000,2556.19000000,4079.95920000,1748268899999999,10412787.90919500,30659,2007.51910000,5123699.77579900,0
1748268900000000,2556.19000000,2556.32000000,2546.00000000,2550.19000000,3620.92640000,1748269799999999,9233788.43493000,28884,1525.71220000,3891146.03679400,0
1748269800000000,2550.18000000,2550.51000000,2542.10000000,2547.79000000,4347.72820000,1748270699999999,11068315.80861500,32391,1790.54770000,4559070.27051600,0
1748270700000000,2547.79000000,2550.80000000,2543.04000000,2550.51000000,3802.23410000,1748271599999999,9686685.28082600,25865,1979.55580000,5042933.92902600,0
1748271600000000,2550.51000000,2553.20000000,2545.13000000,2547.21000000,5043.33750000,1748272499999999,12854222.12696500,24130,2141.23850000,5457507.12385200,0
1748272500000000,2547.20000000,2557.39000000,2546.14000000,2556.30000000,2375.60250000,1748273399999999,6061882.47164000,18865,1557.33610000,3974287.41702000,0
1748273400000000,2556.31000000,2570.94000000,2556.30000000,2562.10000000,7816.12030000,1748274299999999,20050879.53196300,56771,4568.02160000,11718082.91252300,0
1748274300000000,2562.09000000,2568.99000000,2561.85000000,2565.99000000,4215.85650000,1748275199999999,10813692.83949000,35633,2097.07460000,5379199.05951900,0
1748275200000000,2566.00000000,2573.30000000,2562.70000000,2563.89000000,4245.05300000,1748276099999999,10906532.39821400,33260,2323.63600000,5971226.44961500,0
1748276100000000,2563.89000000,2564.58000000,2535.47000000,2544.21000000,11178.25840000,1748276999999999,28474270.28151400,63631,4312.91640000,10985143.89355800,0
1748277000000000,2544.20000000,2550.00000000,2537.66000000,2547.82000000,4524.54420000,1748277899999999,11515988.15112600,37659,2270.32800000,5778480.07474700,0
1748277900000000,2547.82000000,2549.79000000,2539.81000000,2542.71000000,3228.38570000,1748278799999999,8211580.14374700,23859,1413.15420000,3594932.32958800,0
1748278800000000,2542.71000000,2549.20000000,2541.40000000,2545.21000000,1853.67850000,1748279699999999,4718182.84971200,17354,1041.79630000,2651515.88491100,0
1748279700000000,2545.21000000,2548.02000000,2538.00000000,2542.10000000,2727.53500000,1748280599999999,6930828.15224500,18966,1034.10640000,2628698.74086900,0
1748280600000000,2542.09000000,2543.68000000,2535.57000000,2539.21000000,2514.50810000,1748281499999999,6384041.78599500,22231,961.07220000,2439924.88412300,0
1748281500000000,2539.20000000,2539.20000000,2525.86000000,2533.69000000,9003.63170000,1748282399999999,22796075.91109600,40076,4469.75830000,11318142.19845200,0
1748282400000000,2533.70000000,2541.00000000,2528.00000000,2540.99000000,3740.78250000,1748283299999999,9484132.97963900,26778,2023.28140000,5130284.81346100,0
1748283300000000,2541.00000000,2543.62000000,2535.90000000,2543.29000000,1858.45300000,1748284199999999,4719590.99108400,16669,834.76020000,2120330.02158300,0
1748284200000000,2543.29000000,2546.32000000,2540.70000000,2542.29000000,1134.86020000,1748285099999999,2886489.70991300,15554,578.91200000,1472521.32387600,0
1748285100000000,2542.30000000,2542.30000000,2532.70000000,2534.89000000,2119.25630000,1748285999999999,5377290.62127900,14698,607.16550000,1540572.60077300,0
1748286000000000,2534.89000000,2540.81000000,2532.42000000,2538.99000000,1808.66270000,1748286899999999,4586670.04780200,16303,1073.79530000,2723395.43317700,0
1748286900000000,2539.00000000,2543.47000000,2538.50000000,2540.50000000,1599.61060000,1748287799999999,4064429.91575900,13391,769.21750000,1954452.18266300,0
1748287800000000,2540.51000000,2542.30000000,2536.00000000,2539.99000000,1389.03860000,1748288699999999,3526969.10826100,14851,644.69880000,1636840.02412700,0
1748288700000000,2539.99000000,2544.40000000,2539.00000000,2541.22000000,1154.05340000,1748289599999999,2933348.16549800,13099,484.38340000,1231118.11936900,0
1748289600000000,2541.21000000,2547.02000000,2536.57000000,2546.68000000,2212.44860000,1748290499999999,5622776.53793600,19739,1008.33470000,2562601.80330200,0
1748290500000000,2546.67000000,2548.79000000,2543.00000000,2546.35000000,1307.11280000,1748291399999999,3327579.15211300,14535,637.14310000,1622000.92774500,0
1748291400000000,2546.36000000,2562.11000000,2545.21000000,2556.49000000,4761.25810000,1748292299999999,12165363.68529200,32963,2985.16670000,7626185.32044500,0
1748292300000000,2556.50000000,2567.95000000,2552.52000000,2566.52000000,4457.39180000,1748293199999999,11409317.28887000,33382,2784.57320000,7127974.53560500,0
1748293200000000,2566.52000000,2568.20000000,2560.00000000,2560.90000000,1975.30500000,1748294099999999,5062907.04968500,20994,977.32390000,2504819.88562500,0
1748294100000000,2560.91000000,2564.40000000,2554.66000000,2561.62000000,3057.32820000,1748294999999999,7824680.66649800,17364,1402.27440000,3588870.98390900,0
1748295000000000,2561.62000000,2567.51000000,2557.69000000,2559.59000000,2761.75310000,1748295899999999,7079941.07133700,22881,1532.09670000,3927115.87100800,0
1748295900000000,2559.60000000,2565.00000000,2558.03000000,2562.57000000,1366.75900000,1748296799999999,3501701.71660300,16603,730.55180000,1871383.28106400,0
1748296800000000,2562.58000000,2584.65000000,2558.40000000,2575.89000000,7310.34490000,1748297699999999,18802504.26016600,43962,4739.47850000,12189560.11243700,0
1748297700000000,2575.90000000,2580.38000000,2564.49000000,2564.57000000,3111.20570000,1748298599999999,8000195.80950800,25916,1775.32740000,4565281.07205200,0
1748298600000000,2564.58000000,2568.99000000,2561.10000000,2561.89000000,1899.46940000,1748299499999999,4869428.23069800,15320,974.52400000,2498518.73822100,0
1748299500000000,2561.89000000,2563.60000000,2557.28000000,2559.54000000,1405.47310000,1748300399999999,3597673.33697600,14894,542.26320000,1388038.48120500,0
1748300400000000,2559.55000000,2560.49000000,2553.40000000,2558.80000000,2541.77860000,1748301299999999,6498330.39333900,18937,1052.43490000,2690381.28991300,0
1748301300000000,2558.81000000,2559.46000000,2554.51000000,2557.32000000,1409.36110000,1748302199999999,3602879.73955900,15939,626.81120000,1602290.34566700,0
1748302200000000,2557.31000000,2563.57000000,2555.99000000,2560.80000000,2033.53710000,1748303099999999,5205996.99223200,17226,1058.86560000,2710975.17405500,0
1748303100000000,2560.80000000,2564.58000000,2560.10000000,2563.70000000,1007.30770000,1748303999999999,2581674.07372900,11400,556.80780000,1427110.68365500,0
1748304000000000,2563.70000000,2569.08000000,2560.35000000,2568.54000000,3940.29870000,1748304899999999,10104853.13305300,26675,2290.44640000,5873972.21665100,0
1748304900000000,2568.55000000,2573.50000000,2558.99000000,2559.80000000,4271.86540000,1748305799999999,10962105.94737100,24058,2229.15380000,5721296.03029700,0
1748305800000000,2559.81000000,2559.82000000,2552.79000000,2554.41000000,2139.91060000,1748306699999999,5470110.18230300,20059,959.97890000,2453990.39799200,0
1748306700000000,2554.41000000,2558.15000000,2549.04000000,2550.86000000,2952.01570000,1748307599999999,7533792.02025100,21352,1268.41860000,3236921.26694300,0
1748307600000000,2550.85000000,2550.86000000,2535.25000000,2536.18000000,5717.23090000,1748308499999999,14539916.07750000,44522,2471.51600000,6285364.43224300,0
1748308500000000,2536.19000000,2537.08000000,2509.46000000,2527.31000000,15105.24900000,1748309399999999,38105161.16630200,87136,6367.77410000,16064381.33100600,0
1748309400000000,2527.30000000,2531.76000000,2522.00000000,2526.80000000,5511.08330000,1748310299999999,13928953.14536400,34585,2508.65090000,6339547.39443400,0
1748310300000000,2526.79000000,2531.20000000,2523.49000000,2529.60000000,3095.22100000,1748311199999999,7822853.88573700,26168,1767.91430000,4467682.27915400,0
1748311200000000,2529.60000000,2536.46000000,2528.10000000,2535.62000000,2963.43230000,1748312099999999,7508664.97807000,22993,1541.13630000,3904150.31704500,0
1748312100000000,2535.62000000,2541.40000000,2530.99000000,2540.46000000,3505.77780000,1748312999999999,8892681.54669800,23050,1620.11120000,4110248.52861400,0
1748313000000000,2540.46000000,2544.49000000,2539.11000000,2540.46000000,3073.44840000,1748313899999999,7812603.57896700,18929,1897.68750000,4823714.58383900,0
1748313900000000,2540.45000000,2541.55000000,2532.41000000,2535.61000000,3243.87930000,1748314799999999,8229859.18625300,22222,1367.40620000,3469484.43846200,0
1748314800000000,2535.60000000,2560.50000000,2535.60000000,2557.80000000,5476.12380000,1748315699999999,13962546.38478200,36897,3621.51170000,9235251.52724000,0
1748315700000000,2557.80000000,2565.26000000,2552.51000000,2552.82000000,3221.10320000,1748316599999999,8239332.02725000,31101,1691.18950000,4325551.58109200,0
1748316600000000,2552.82000000,2555.36000000,2549.85000000,2551.61000000,3591.78730000,1748317499999999,9170279.23656700,20878,1839.71120000,4697259.25657600,0
1748317500000000,2551.61000000,2553.29000000,2548.22000000,2549.25000000,1904.60970000,1748318399999999,4856690.39085000,15079,787.51280000,2008066.75274900,0
1748318400000000,2549.26000000,2558.30000000,2548.99000000,2553.92000000,2666.14220000,1748319299999999,6810844.73039400,18094,1365.14570000,3487448.47718400,0
1748319300000000,2553.92000000,2562.12000000,2553.04000000,2559.29000000,1921.95710000,1748320199999999,4916121.58167800,15129,941.46890000,2408248.06749300,0
1748320200000000,2559.28000000,2563.25000000,2557.53000000,2561.49000000,1741.89110000,1748321099999999,4460425.01949400,16474,739.96170000,1894702.32135400,0
1748321100000000,2561.49000000,2569.00000000,2556.63000000,2559.00000000,4188.72100000,1748321999999999,10731337.79987900,20706,2183.01100000,5593093.45871000,0
1748322000000000,2559.00000000,2559.92000000,2555.00000000,2558.28000000,1836.46710000,1748322899999999,4696718.50181700,15397,748.05700000,1913048.98589200,0
1748322900000000,2558.28000000,2558.95000000,2550.34000000,2555.59000000,2026.12520000,1748323799999999,5175469.31688200,17551,676.30150000,1727543.01041700,0
1748323800000000,2555.59000000,2565.02000000,2553.99000000,2563.98000000,2007.50330000,1748324699999999,5138977.68949900,15327,1006.95090000,2578110.70936800,0
1748324700000000,2563.98000000,2573.04000000,2562.30000000,2569.51000000,4741.16960000,1748325599999999,12183181.60626400,25592,2468.27270000,6342710.67650300,0
1748325600000000,2569.51000000,2608.47000000,2569.51000000,2600.41000000,43006.60410000,1748326499999999,111498115.85561600,94212,17795.78850000,46109884.67964400,0
1748326500000000,2600.42000000,2610.92000000,2590.53000000,2597.12000000,29943.32260000,1748327399999999,77912306.19831000,94371,10122.83320000,26322998.27868700,0
1748327400000000,2597.13000000,2602.40000000,2590.61000000,2592.20000000,29751.20480000,1748328299999999,77223449.26071100,58845,19345.85790000,50208261.47169700,0
1748328300000000,2592.23000000,2593.37000000,2564.63000000,2569.59000000,41856.01100000,1748329199999999,108107747.23267900,92822,28456.36740000,73528240.82359500,0
1748329200000000,2569.60000000,2585.39000000,2569.60000000,2583.71000000,6977.79490000,1748330099999999,17994128.65560900,38965,4363.56400000,11254272.78401100,0
1748330100000000,2583.71000000,2591.00000000,2581.18000000,2590.77000000,5057.68600000,1748330999999999,13073973.31420200,28032,2628.11010000,6793447.93513400,0
1748331000000000,2590.77000000,2606.73000000,2590.40000000,2599.20000000,8650.64340000,1748331899999999,22484346.05333400,51563,5269.82180000,13697169.28013900,0
1748331900000000,2599.20000000,2619.48000000,2599.19000000,2607.59000000,11308.21080000,1748332799999999,29498213.43963500,53065,6921.26090000,18054835.28632500,0
1748332800000000,2607.60000000,2639.00000000,2607.59000000,2626.00000000,24874.59110000,1748333699999999,65323763.75606300,93433,15766.56060000,41401910.70055800,0
1748333700000000,2626.00000000,2643.19000000,2625.47000000,2638.28000000,16581.59290000,1748334599999999,43686037.42007300,70678,8687.72540000,22888754.95362200,0
1748334600000000,2638.29000000,2642.00000000,2630.59000000,2633.70000000,14188.28350000,1748335499999999,37414246.31747800,58898,6266.67100000,16526195.25047000,0
1748335500000000,2633.69000000,2640.57000000,2631.21000000,2635.20000000,8062.15840000,1748336399999999,21247757.83363500,37397,4125.29310000,10873049.94044400,0
1748336400000000,2635.19000000,2640.29000000,2634.30000000,2636.59000000,6277.69050000,1748337299999999,16559645.68828900,34816,3417.00880000,9013649.54594200,0
1748337300000000,2636.60000000,2636.92000000,2622.20000000,2623.79000000,7750.14610000,1748338199999999,20366391.95284300,42467,3409.46110000,8959647.52018100,0
1748338200000000,2623.78000000,2636.92000000,2623.40000000,2636.08000000,7871.17160000,1748339099999999,20696793.68506500,30429,4354.24810000,11448080.02183300,0
1748339100000000,2636.08000000,2647.68000000,2634.64000000,2638.19000000,9024.19200000,1748339999999999,23822772.25801900,42990,5668.36040000,14964768.03554900,0
1748340000000000,2638.19000000,2639.70000000,2631.00000000,2633.99000000,4576.14220000,1748340899999999,12057309.24634500,30707,2725.12060000,7180145.09231200,0
1748340900000000,2633.99000000,2641.47000000,2631.69000000,2640.82000000,6005.50550000,1748341799999999,15829877.40013300,27790,3391.99600000,8941888.47994400,0
1748341800000000,2640.81000000,2642.28000000,2633.28000000,2633.33000000,6596.30440000,1748342699999999,17398352.56660000,27908,3649.16760000,9624947.84957400,0
1748342700000000,2633.33000000,2639.74000000,2633.18000000,2638.42000000,3920.85100000,1748343599999999,10338775.54648000,20828,2545.67270000,6712452.49296000,0
1748343600000000,2638.42000000,2641.41000000,2631.35000000,2632.98000000,4503.12630000,1748344499999999,11872937.47248700,25380,2316.16640000,6108176.80172300,0
1748344500000000,2632.97000000,2638.26000000,2626.99000000,2637.98000000,4214.18980000,1748345399999999,11095792.49352300,24220,2207.07720000,5811229.55742800,0
1748345400000000,2637.98000000,2650.50000000,2637.98000000,2645.10000000,10538.38950000,1748346299999999,27870272.27153200,56386,6072.14490000,16058700.59118700,0
1748346300000000,2645.10000000,2655.00000000,2642.49000000,2652.64000000,7359.47210000,1748347199999999,19500145.97854500,43058,4126.71060000,10933628.60666400,0
1748347200000000,2652.64000000,2654.50000000,2638.00000000,2639.69000000,9880.75390000,1748348099999999,26145391.98723200,45541,4184.70210000,11071430.82788200,0
1748348100000000,2639.70000000,2650.00000000,2634.80000000,2648.76000000,7774.42190000,1748348999999999,20554670.43727700,38442,4031.65060000,10660195.34708700,0
1748349000000000,2648.76000000,2649.58000000,2638.09000000,2639.01000000,5127.47390000,1748349899999999,13556070.44902900,29815,2752.16260000,7276471.85337200,0
1748349900000000,2639.01000000,2650.00000000,2637.54000000,2648.33000000,6708.37120000,1748350799999999,17743349.88177700,25695,4389.42010000,11609697.03224800,0
1748350800000000,2648.34000000,2674.40000000,2645.99000000,2664.45000000,21919.35280000,1748351699999999,58370225.58731600,88195,13110.97030000,34914246.12226100,0
1748351700000000,2664.46000000,2683.87000000,2661.56000000,2667.17000000,22643.25360000,1748352599999999,60516602.70893500,106282,10835.21810000,28967659.14899300,0
1748352600000000,2667.17000000,2675.66000000,2649.47000000,2656.85000000,19175.54780000,1748353499999999,51040957.84504100,101499,10974.88960000,29227729.13308500,0
1748353500000000,2656.84000000,2663.67000000,2642.75000000,2655.58000000,16871.64150000,1748354399999999,44796140.81354900,71776,9099.47820000,24171941.00678800,0
1748354400000000,2655.58000000,2668.42000000,2654.47000000,2665.14000000,6558.33410000,1748355299999999,17461913.16758800,58976,3774.91180000,10050907.28135000,0
1748355300000000,2665.14000000,2665.36000000,2649.09000000,2651.24000000,10279.91700000,1748356199999999,27310173.28446900,57695,3741.89890000,9939824.74653800,0
1748356200000000,2651.25000000,2661.32000000,2633.36000000,2660.49000000,18220.06990000,1748357099999999,48215043.35634400,93440,9264.80880000,24530910.76409400,0
1748357100000000,2660.50000000,2671.56000000,2653.80000000,2661.10000000,11919.87090000,1748357999999999,31766982.63848200,72891,6720.66590000,17911703.87441500,0
1748358000000000,2661.11000000,2669.00000000,2653.50000000,2664.99000000,8800.08060000,1748358899999999,23419997.98304000,52890,4534.43250000,12066747.22131000,0
1748358900000000,2665.00000000,2669.05000000,2656.70000000,2662.99000000,10394.38970000,1748359799999999,27685787.92192200,49231,7038.65910000,18750561.92483700,0
1748359800000000,2662.99000000,2667.33000000,2659.89000000,2664.39000000,5845.95970000,1748360699999999,15573702.99833400,45423,3095.82120000,8247825.20908100,0
1748360700000000,2664.39000000,2670.50000000,2662.65000000,2668.20000000,5202.38430000,1748361599999999,13877120.69611800,41991,2897.26820000,7728810.33557800,0
1748361600000000,2668.20000000,2669.20000000,2658.36000000,2666.04000000,5064.19070000,1748362499999999,13491101.19710100,49367,2631.73870000,7010471.01402800,0
1748362500000000,2666.04000000,2680.41000000,2662.70000000,2662.71000000,10775.08440000,1748363399999999,28822190.63944100,60682,5014.39770000,13409992.89120400,0
1748363400000000,2662.71000000,2677.00000000,2661.70000000,2675.10000000,6177.11410000,1748364299999999,16490466.53790000,50005,2881.79010000,7692957.55748300,0
1748364300000000,2675.10000000,2683.89000000,2667.74000000,2670.36000000,7913.98810000,1748365199999999,21177697.45906100,44034,3920.13110000,10494912.29578800,0
1748365200000000,2670.37000000,2694.42000000,2670.11000000,2688.09000000,16240.03760000,1748366099999999,43629701.38112900,67095,7703.54490000,20686409.75821200,0
1748366100000000,2688.09000000,2692.78000000,2671.84000000,2679.50000000,9972.61860000,1748366999999999,26751357.12371600,62026,4160.34120000,11158901.55813600,0
1748367000000000,2679.49000000,2702.91000000,2676.40000000,2699.80000000,12761.95600000,1748367899999999,34379068.02661900,56491,9106.24030000,24539596.16265500,0
1748367900000000,2699.80000000,2712.36000000,2692.82000000,2695.74000000,18084.49240000,1748368799999999,48894855.36098800,82706,7232.91840000,19566397.35225700,0
1748368800000000,2695.75000000,2708.55000000,2694.87000000,2698.07000000,7783.45770000,1748369699999999,21017455.65480100,48550,3756.64280000,10145908.84419600,0
1748369700000000,2698.07000000,2703.90000000,2683.88000000,2684.15000000,9525.09520000,1748370599999999,25649844.96333000,56377,3708.13370000,9985778.79104500,0
1748370600000000,2684.15000000,2690.61000000,2675.29000000,2681.24000000,7791.32610000,1748371499999999,20900871.55592500,45175,3386.88580000,9083402.60692300,0
1748371500000000,2681.25000000,2685.34000000,2678.80000000,2680.00000000,3428.55150000,1748372399999999,9195868.40204500,28539,1684.61680000,4518542.81840000,0
1748372400000000,2680.00000000,2686.50000000,2674.21000000,2681.86000000,7057.20770000,1748373299999999,18906945.97935900,36827,3305.60630000,8855776.83626600,0
1748373300000000,2681.86000000,2685.00000000,2677.20000000,2681.00000000,3399.25320000,1748374199999999,9113780.14823300,25307,1388.41740000,3722316.22482100,0
1748374200000000,2681.00000000,2684.00000000,2671.16000000,2681.38000000,4997.16710000,1748375099999999,13382135.60452800,34515,2708.26650000,7252506.75536500,0
1748375100000000,2681.38000000,2688.43000000,2680.75000000,2687.53000000,3869.19380000,1748375999999999,10391103.27069100,33510,1839.23170000,4939303.35505500,0
1748376000000000,2687.53000000,2694.12000000,2684.30000000,2689.78000000,3266.55540000,1748376899999999,8784214.46238900,33593,1508.51420000,4057004.32844400,0
1748376900000000,2689.77000000,2693.30000000,2680.25000000,2683.30000000,2637.70920000,1748377799999999,7081449.52067200,23837,1159.83200000,3113329.07164500,0
1748377800000000,2683.29000000,2683.67000000,2664.22000000,2668.00000000,5728.93040000,1748378699999999,15313337.21464700,43172,2042.02330000,5457953.32480700,0
1748378700000000,2667.99000000,2676.98000000,2664.28000000,2668.20000000,5358.79290000,1748379599999999,14312196.53225700,31356,2200.86000000,5879601.15256100,0
1748379600000000,2668.21000000,2676.83000000,2668.20000000,2676.79000000,3276.53280000,1748380499999999,8757054.23536700,18318,1463.78070000,3912184.52428500,0
1748380500000000,2676.79000000,2677.50000000,2657.70000000,2665.72000000,6027.71850000,1748381399999999,16072789.41953400,30099,2578.77670000,6877459.73598000,0
1748381400000000,2665.72000000,2671.84000000,2658.80000000,2662.61000000,4506.96530000,1748382299999999,12008271.50371200,31573,2031.68960000,5413772.25286800,0
1748382300000000,2662.60000000,2666.13000000,2658.93000000,2662.89000000,3204.13070000,1748383199999999,8530160.31405000,23186,1477.23120000,3932565.90145000,0
1748383200000000,2662.90000000,2669.50000000,2657.17000000,2661.50000000,6410.71390000,1748384099999999,17070554.15395300,36846,2950.94510000,7856559.94553500,0
1748384100000000,2661.49000000,2666.67000000,2652.98000000,2662.70000000,7290.12740000,1748384999999999,19386301.01959900,42008,2885.02260000,7671457.75931000,0
1748385000000000,2662.70000000,2667.50000000,2659.15000000,2664.81000000,3488.98410000,1748385899999999,9290955.00765500,25595,1550.91710000,4129948.61084000,0
1748385900000000,2664.81000000,2668.29000000,2658.01000000,2659.82000000,3381.92960000,1748386799999999,9001270.31301400,26989,1603.21950000,4266850.22326300,0
1748386800000000,2659.81000000,2663.73000000,2655.29000000,2661.20000000,3316.76480000,1748387699999999,8823907.84863500,28990,1797.49400000,4782492.57653200,0
1748387700000000,2661.19000000,2663.00000000,2652.40000000,2652.49000000,3086.18950000,1748388599999999,8199255.49005900,24443,1404.49220000,3732285.25933000,0
1748388600000000,2652.49000000,2664.41000000,2652.26000000,2661.01000000,2948.82600000,1748389499999999,7841946.81814300,18987,1711.55890000,4551044.28568400,0
1748389500000000,2661.00000000,2664.70000000,2659.90000000,2660.81000000,2599.16120000,1748390399999999,6919572.57943600,18374,1323.13000000,3522744.57787600,0
1748390400000000,2660.81000000,2661.79000000,2648.40000000,2650.01000000,5058.25840000,1748391299999999,13427864.55222600,31909,2062.08750000,5475075.72951800,0
1748391300000000,2650.01000000,2654.51000000,2640.82000000,2652.52000000,6090.71080000,1748392199999999,16132974.45171900,33326,2651.32220000,7022773.57361900,0
1748392200000000,2652.53000000,2654.20000000,2643.80000000,2651.10000000,3351.52930000,1748393099999999,8877276.51506000,28290,1725.89870000,4571345.48148900,0
1748393100000000,2651.09000000,2660.17000000,2643.69000000,2658.28000000,5316.23810000,1748393999999999,14103459.69020700,26077,3257.77440000,8644561.35506100,0
1748394000000000,2658.28000000,2659.39000000,2648.99000000,2648.99000000,3604.62160000,1748394899999999,9564292.29195100,26733,1675.10160000,4444292.58797700,0
1748394900000000,2649.00000000,2649.40000000,2638.08000000,2640.19000000,5799.12540000,1748395799999999,15330660.63148200,31230,2624.11930000,6937466.46224200,0
1748395800000000,2640.19000000,2645.40000000,2636.62000000,2640.03000000,4339.81560000,1748396699999999,11460873.66313900,29193,2473.92320000,6533103.10874300,0
1748396700000000,2640.04000000,2645.64000000,2631.02000000,2634.47000000,6207.68450000,1748397599999999,16377652.89032500,31312,3121.10330000,8235386.79122900,0
1748397600000000,2634.47000000,2637.49000000,2626.66000000,2631.31000000,9446.23750000,1748398499999999,24860075.06872300,45357,4738.39390000,12469045.95648300,0
1748398500000000,2631.30000000,2632.90000000,2618.34000000,2622.01000000,7878.07900000,1748399399999999,20681277.09690600,38513,3893.12520000,10218949.40844700,0
1748399400000000,2622.01000000,2638.70000000,2620.31000000,2635.38000000,10733.40340000,1748400299999999,28241226.55773000,35167,6804.16840000,17903484.69624900,0
1748400300000000,2635.39000000,2642.19000000,2634.50000000,2638.45000000,6593.25720000,1748401199999999,17398492.20982000,25351,3950.92150000,10424711.53486500,0
1748401200000000,2638.45000000,2641.01000000,2633.52000000,2640.69000000,3885.13270000,1748402099999999,10243477.24608400,21143,2039.61640000,5377522.85234900,0
1748402100000000,2640.69000000,2641.32000000,2633.40000000,2636.10000000,3148.32280000,1748402999999999,8303323.99949400,20161,1617.43920000,4265958.77080600,0
1748403000000000,2636.11000000,2647.30000000,2635.10000000,2644.28000000,5057.60000000,1748403899999999,13368632.04758200,25838,2443.79710000,6459329.54476700,0
1748403900000000,2644.28000000,2650.00000000,2643.49000000,2645.37000000,3607.45240000,1748404799999999,9547635.78584700,20504,2099.83570000,5557403.02186200,0
1748404800000000,2645.38000000,2648.61000000,2641.40000000,2642.20000000,3666.80170000,1748405699999999,9695335.52237000,19417,1734.24420000,4585719.37885900,0
1748405700000000,2642.21000000,2645.50000000,2634.02000000,2636.83000000,3272.72960000,1748406599999999,8637428.94608500,22686,1084.92720000,2863542.07864900,0
1748406600000000,2636.83000000,2648.65000000,2636.51000000,2647.90000000,4121.15160000,1748407499999999,10900060.53582300,19942,2133.39020000,5643394.49404700,0
1748407500000000,2647.90000000,2652.57000000,2645.90000000,2646.41000000,3210.95700000,1748408399999999,8505371.01031000,20653,1334.89770000,3536557.57000800,0
1748408400000000,2646.42000000,2647.00000000,2636.99000000,2638.74000000,4751.92110000,1748409299999999,12546799.50141100,17194,2764.25140000,7298554.34410200,0
1748409300000000,2638.73000000,2642.60000000,2637.52000000,2640.14000000,2937.74050000,1748410199999999,7758509.40436200,13264,1054.41140000,2784578.95970600,0
1748410200000000,2640.14000000,2644.79000000,2634.95000000,2638.59000000,5564.41020000,1748411099999999,14687409.44453100,20305,2920.79550000,7709460.56699900,0
1748411100000000,2638.59000000,2642.07000000,2637.40000000,2639.85000000,2115.56980000,1748411999999999,5585722.51922300,14801,748.87020000,1977161.55357000,0
1748412000000000,2639.86000000,2639.86000000,2624.60000000,2624.60000000,6213.57810000,1748412899999999,16354762.33397800,35571,2481.37820000,6528538.81466700,0
1748412900000000,2624.60000000,2634.67000000,2623.85000000,2633.80000000,2822.14000000,1748413799999999,7421984.58089600,25627,1846.73720000,4856921.04282400,0
1748413800000000,2633.79000000,2633.79000000,2625.01000000,2628.20000000,2882.44130000,1748414699999999,7577775.72316100,21762,1247.53320000,3279555.41638200,0
1748414700000000,2628.20000000,2632.53000000,2626.61000000,2627.70000000,1987.96900000,1748415599999999,5228367.80738700,17280,1121.78580000,2950312.69144400,0
1748415600000000,2627.69000000,2637.44000000,2625.00000000,2634.20000000,3354.41190000,1748416499999999,8831125.58172400,24194,1660.67010000,4372068.37192300,0
1748416500000000,2634.20000000,2638.20000000,2633.10000000,2634.10000000,1686.01930000,1748417399999999,4443675.80077900,13997,837.25900000,2206571.04727000,0
1748417400000000,2634.10000000,2640.66000000,2633.89000000,2640.31000000,2759.30200000,1748418299999999,7278006.01763800,15710,1610.41780000,4248385.13757200,0
1748418300000000,2640.31000000,2643.00000000,2635.24000000,2636.39000000,2095.05740000,1748419199999999,5528766.90702600,14528,975.19930000,2573555.73143900,0
1748419200000000,2636.39000000,2640.19000000,2628.83000000,2632.00000000,5354.88260000,1748420099999999,14104743.31797800,19785,1809.30240000,4767441.45593500,0
1748420100000000,2632.00000000,2641.37000000,2630.20000000,2639.60000000,2836.50010000,1748420999999999,7480414.50673000,13623,1482.97990000,3911135.72206500,0
1748421000000000,2639.61000000,2645.76000000,2633.54000000,2644.95000000,4213.86690000,1748421899999999,11126939.18540200,26126,2898.21270000,7652986.62548100,0
1748421900000000,2644.94000000,2644.99000000,2640.33000000,2642.90000000,1754.20500000,1748422799999999,4635181.96281600,18914,787.30510000,2080200.23060900,0
1748422800000000,2642.89000000,2643.60000000,2636.11000000,2636.46000000,6756.21090000,1748423699999999,17829851.22024600,21994,3708.13580000,9784456.18264300,0
1748423700000000,2636.46000000,2638.60000000,2630.59000000,2631.38000000,2481.65500000,1748424599999999,6539283.09117100,18602,945.69390000,2491998.68355200,0
1748424600000000,2631.38000000,2633.38000000,2622.20000000,2628.61000000,6572.95170000,1748425499999999,17276342.31062900,31850,2299.14860000,6042563.26541200,0
1748425500000000,2628.60000000,2630.61000000,2624.21000000,2626.72000000,8048.33090000,1748426399999999,21139074.06606100,20141,4547.22300000,11940496.16318000,0
1748426400000000,2626.72000000,2626.72000000,2608.50000000,2626.01000000,9962.80260000,1748427299999999,26079497.46132300,50497,4234.32980000,11084138.47979900,0
1748427300000000,2626.00000000,2634.00000000,2618.96000000,2634.00000000,7237.90330000,1748428199999999,19011951.69784000,31636,4012.01450000,10537890.11788200,0
1748428200000000,2634.00000000,2642.92000000,2633.85000000,2635.99000000,5087.44090000,1748429099999999,13418853.09614200,25770,2779.82810000,7332435.17006300,0
1748429100000000,2636.00000000,2642.83000000,2635.29000000,2640.41000000,4710.07720000,1748429999999999,12438450.54687000,16121,1775.44860000,4687347.60036300,0
1748430000000000,2640.40000000,2648.80000000,2640.10000000,2644.43000000,3774.35720000,1748430899999999,9985198.49668700,22330,2555.85120000,6761758.59431500,0
1748430900000000,2644.44000000,2649.01000000,2641.14000000,2642.86000000,2215.12740000,1748431799999999,5857301.05067300,13560,1209.78650000,3199574.50962300,0
1748431800000000,2642.86000000,2654.48000000,2642.86000000,2650.19000000,3861.51610000,1748432699999999,10233062.95365500,26275,2210.14970000,5857194.56611100,0
1748432700000000,2650.18000000,2659.01000000,2649.00000000,2656.99000000,5047.44480000,1748433599999999,13403128.53147600,25488,2620.38050000,6957260.53076400,0
1748433600000000,2656.99000000,2659.85000000,2652.88000000,2654.99000000,4326.27100000,1748434499999999,11493748.20713700,26088,1743.57230000,4632391.55820600,0
1748434500000000,2655.00000000,2681.33000000,2654.99000000,2671.59000000,11101.10710000,1748435399999999,29644810.07590900,55362,6974.46800000,18622756.25092600,0
1748435400000000,2671.60000000,2676.90000000,2666.95000000,2674.01000000,5230.34600000,1748436299999999,13978168.66285000,34272,3095.93270000,8274831.48441000,0
1748436300000000,2674.01000000,2675.80000000,2664.03000000,2666.93000000,6193.30750000,1748437199999999,16526707.34251400,28040,3356.07330000,8957438.84497600,0
1748437200000000,2666.93000000,2671.93000000,2660.00000000,2668.80000000,5530.34450000,1748438099999999,14744947.98770100,36165,2653.75860000,7077023.14311300,0
1748438100000000,2668.79000000,2677.11000000,2662.18000000,2673.61000000,6087.41710000,1748438999999999,16245984.50983600,40139,2946.73080000,7865578.45056400,0
1748439000000000,2673.61000000,2689.14000000,2666.13000000,2671.19000000,17608.41740000,1748439899999999,47168587.11078000,96441,7576.42710000,20299741.92252600,0
1748439900000000,2671.20000000,2672.00000000,2654.48000000,2657.41000000,16314.24350000,1748440799999999,43443001.01344100,92255,6923.35720000,18435359.65822600,0
1748440800000000,2657.40000000,2660.39000000,2633.46000000,2633.47000000,17045.37510000,1748441699999999,45102102.64207500,106405,5439.30970000,14394079.46125200,0
1748441700000000,2633.47000000,2643.14000000,2621.26000000,2642.29000000,18837.89110000,1748442599999999,49572521.14980700,93447,8369.03240000,22027319.71998200,0
1748442600000000,2642.29000000,2642.90000000,2632.70000000,2637.51000000,7947.04670000,1748443499999999,20965883.60109100,58956,3960.75180000,10450692.90890300,0
1748443500000000,2637.51000000,2641.50000000,2626.75000000,2628.40000000,8317.33460000,1748444399999999,21902298.52188600,54669,3207.91160000,8449029.94999900,0
1748444400000000,2628.40000000,2637.35000000,2613.20000000,2616.42000000,14639.63150000,1748445299999999,38417112.32569600,76310,5602.67140000,14701208.47394500,0
1748445300000000,2616.41000000,2634.00000000,2616.01000000,2631.27000000,10989.94560000,1748446199999999,28879229.26730700,45683,4692.71760000,12332540.78523800,0
1748446200000000,2631.28000000,2640.00000000,2626.52000000,2636.60000000,8187.54460000,1748447099999999,21556582.49364500,37938,2873.26020000,7567080.49006300,0
1748447100000000,2636.61000000,2638.50000000,2624.86000000,2626.90000000,5569.38560000,1748447999999999,14655738.39205700,39943,2356.83870000,6200823.96953000,0
1748448000000000,2626.90000000,2636.50000000,2626.71000000,2632.94000000,6493.71740000,1748448899999999,17087387.22543200,37395,2891.76730000,7610004.02179100,0
1748448900000000,2632.94000000,2643.59000000,2632.70000000,2641.90000000,5720.26740000,1748449799999999,15097357.48015000,37065,3022.72160000,7978268.55308800,0
1748449800000000,2641.90000000,2641.90000000,2633.48000000,2637.22000000,5723.41070000,1748450699999999,15093974.82892200,36116,2631.61730000,6940561.28289600,0
1748450700000000,2637.22000000,2640.60000000,2635.17000000,2640.56000000,3011.24130000,1748451599999999,7943015.17164400,24878,1289.57160000,3402111.29329300,0
1748451600000000,2640.57000000,2662.00000000,2640.56000000,2653.19000000,13233.89310000,1748452499999999,35122435.66324500,56251,7674.68140000,20360478.28566700,0
1748452500000000,2653.19000000,2664.35000000,2646.80000000,2652.81000000,6349.61380000,1748453399999999,16862529.33721100,32472,2931.60090000,7785702.20171800,0
1748453400000000,2652.81000000,2653.49000000,2642.59000000,2647.17000000,5194.52810000,1748454299999999,13751440.56456800,29590,2103.79410000,5569223.89331800,0
1748454300000000,2647.18000000,2655.24000000,2645.69000000,2652.80000000,4088.75570000,1748455199999999,10841763.51134100,26028,2283.46580000,6055679.13846600,0
1748455200000000,2652.80000000,2656.82000000,2648.17000000,2654.88000000,3710.36190000,1748456099999999,9846224.37960400,31814,1755.48990000,4659167.31347100,0
1748456100000000,2654.89000000,2657.80000000,2645.30000000,2645.40000000,3452.43880000,1748456999999999,9156192.32530300,28866,1275.46490000,3383445.37436500,0
1748457000000000,2645.40000000,2651.91000000,2641.36000000,2650.25000000,2858.48890000,1748457899999999,7563681.70221000,21405,1448.34740000,3832710.70413000,0
1748457900000000,2650.25000000,2652.99000000,2633.62000000,2636.17000000,6982.38050000,1748458799999999,18430114.15445900,41044,3135.89770000,8275913.19449000,0
1748458800000000,2636.17000000,2655.78000000,2634.90000000,2648.99000000,7545.25020000,1748459699999999,19972464.65379000,41702,4581.01860000,12124604.47082900,0
1748459700000000,2649.00000000,2653.21000000,2638.79000000,2639.71000000,3359.50930000,1748460599999999,8889976.92659800,39840,1349.60520000,3572531.71988600,0
1748460600000000,2639.70000000,2641.30000000,2619.71000000,2620.11000000,8964.46830000,1748461499999999,23569797.90540700,55327,3842.72310000,10102969.51236000,0
1748461500000000,2620.11000000,2626.18000000,2615.32000000,2617.79000000,10844.91450000,1748462399999999,28421920.23221100,53649,4525.38620000,11862479.28372900,0
1748462400000000,2617.80000000,2627.34000000,2615.50000000,2619.69000000,5013.06000000,1748463299999999,13144100.12171600,38032,2109.91110000,5533063.23444000,0
1748463300000000,2619.70000000,2631.30000000,2612.04000000,2629.80000000,10646.87830000,1748464199999999,27902156.78515800,57503,4988.63650000,13081710.63979000,0
1748464200000000,2629.81000000,2634.05000000,2623.11000000,2631.71000000,2760.51240000,1748465099999999,7262290.55613700,25466,1415.88760000,3725051.92020100,0
1748465100000000,2631.70000000,2635.38000000,2626.26000000,2634.43000000,1996.56250000,1748465999999999,5252371.64204700,19127,952.65390000,2506257.16833200,0
1748466000000000,2634.43000000,2639.80000000,2631.00000000,2639.48000000,1933.03470000,1748466899999999,5092405.55553600,12519,1319.25220000,3475904.33940000,0
1748466900000000,2639.47000000,2648.50000000,2638.59000000,2640.61000000,3485.81990000,1748467799999999,9214332.77564900,19253,2111.34410000,5580369.93019400,0
1748467800000000,2640.60000000,2647.18000000,2640.49000000,2647.17000000,1455.02620000,1748468699999999,3846768.36243600,13365,862.00260000,2278695.60593100,0
1748468700000000,2647.18000000,2659.36000000,2645.58000000,2652.25000000,3978.58940000,1748469599999999,10549206.72147500,22079,2405.78810000,6379653.85051900,0
1748469600000000,2652.25000000,2653.09000000,2642.57000000,2646.78000000,4040.41080000,1748470499999999,10700873.74329700,21985,2076.49730000,5499485.62768200,0
1748470500000000,2646.78000000,2646.99000000,2638.96000000,2639.75000000,3146.80000000,1748471399999999,8319578.64534800,15012,1279.32650000,3382545.68032900,0
1748471400000000,2639.76000000,2646.22000000,2638.00000000,2644.94000000,2623.68380000,1748472299999999,6932176.74093300,16896,1795.51910000,4743989.56315400,0
1748472300000000,2644.95000000,2650.37000000,2639.34000000,2648.61000000,2527.82840000,1748473199999999,6688874.67600800,14660,1508.43290000,3991147.63956700,0
1748473200000000,2648.61000000,2673.30000000,2648.49000000,2673.03000000,7416.13760000,1748474099999999,19740295.41638200,44622,5139.28440000,13679673.70310100,0
1748474100000000,2673.03000000,2679.90000000,2664.16000000,2677.80000000,10225.59350000,1748474999999999,27330782.58387300,58727,6116.06520000,16348800.42782700,0
1748475000000000,2677.80000000,2686.40000000,2673.99000000,2676.90000000,8191.76160000,1748475899999999,21953497.99616400,58604,4716.34190000,12640412.36460300,0
1748475900000000,2676.90000000,2683.52000000,2670.75000000,2681.60000000,5720.19360000,1748476799999999,15308520.83280000,37310,3337.28700000,8933057.77448000,0
1748476800000000,2681.61000000,2685.85000000,2669.01000000,2679.93000000,11196.85980000,1748477699999999,29975518.09727500,62420,5466.22980000,14634507.24936300,0
1748477700000000,2679.92000000,2705.00000000,2675.97000000,2702.60000000,19705.97020000,1748478599999999,53077764.21094000,81819,13526.52680000,36443535.02639600,0
1748478600000000,2702.60000000,2709.55000000,2696.00000000,2702.43000000,11541.23460000,1748479499999999,31187003.92971300,74319,6482.38900000,17518575.70913800,0
1748479500000000,2702.42000000,2721.50000000,2702.37000000,2721.50000000,12123.19980000,1748480399999999,32887694.64376000,67452,7746.84720000,21019494.45181900,0
1748480400000000,2721.50000000,2722.50000000,2704.72000000,2710.95000000,11240.25780000,1748481299999999,30484823.47350300,52768,4987.07660000,13525221.23878900,0
1748481300000000,2710.95000000,2719.85000000,2706.47000000,2708.00000000,9220.93090000,1748482199999999,25009045.21781000,45234,4249.80770000,11526931.68208400,0
1748482200000000,2708.00000000,2713.40000000,2697.62000000,2707.10000000,11909.72260000,1748483099999999,32214602.89203800,50640,4879.94520000,13202099.32237800,0
1748483100000000,2707.09000000,2720.50000000,2706.90000000,2711.76000000,8660.06230000,1748483999999999,23508538.42996800,46238,4637.42440000,12587124.78247800,0
1748484000000000,2711.76000000,2714.40000000,2705.90000000,2707.63000000,4569.01070000,1748484899999999,12380533.10300400,24865,1955.60880000,5299150.83720600,0
1748484900000000,2707.63000000,2749.99000000,2707.63000000,2745.49000000,34599.80440000,1748485799999999,94591893.22870400,99043,20757.00100000,56735843.19503800,0
1748485800000000,2745.49000000,2788.00000000,2745.49000000,2772.49000000,45791.99850000,1748486699999999,126757152.17828800,162013,25326.55940000,70078328.13958900,0
1748486700000000,2772.49000000,2775.10000000,2766.18000000,2770.70000000,10438.77620000,1748487599999999,28932522.25326700,57831,5518.35780000,15295001.76625500,0
1748487600000000,2770.70000000,2773.75000000,2754.10000000,2759.32000000,12530.83650000,1748488499999999,34613177.29213500,62629,5965.46850000,16475877.11272900,0
1748488500000000,2759.32000000,2764.68000000,2754.91000000,2761.99000000,7627.57210000,1748489399999999,21051938.56622800,44142,3720.83670000,10269158.28435600,0
1748489400000000,2762.00000000,2770.00000000,2746.42000000,2750.90000000,11529.55860000,1748490299999999,31764388.95437500,54470,6253.99000000,17229494.57221100,0
1748490300000000,2750.90000000,2763.00000000,2750.10000000,2762.50000000,6573.46170000,1748491199999999,18126484.55832400,33927,3139.86970000,8657734.01071600,0
1748491200000000,2762.50000000,2766.80000000,2753.51000000,2757.54000000,6476.85110000,1748492099999999,17879313.70472500,33180,2860.96440000,7897026.03500400,0
1748492100000000,2757.55000000,2757.99000000,2739.09000000,2754.72000000,9239.11150000,1748492999999999,25403207.54108800,44213,3893.62630000,10704672.72562900,0
1748493000000000,2754.72000000,2757.14000000,2718.00000000,2724.97000000,19330.29870000,1748493899999999,52850091.39034300,83905,6729.55860000,18394274.75717000,0
1748493900000000,2724.97000000,2731.44000000,2701.28000000,2727.50000000,22704.68910000,1748494799999999,61705851.12900800,87159,11680.86580000,31747635.23409100,0
1748494800000000,2727.50000000,2731.50000000,2719.51000000,2725.30000000,5836.15110000,1748495699999999,15912301.95860700,34120,2543.51250000,6935224.71712700,0
1748495700000000,2725.31000000,2736.70000000,2723.21000000,2724.31000000,9470.69620000,1748496599999999,25863096.40555700,35910,4576.12400000,12500179.19341000,0
1748496600000000,2724.30000000,2732.01000000,2721.59000000,2730.98000000,3806.02010000,1748497499999999,10377672.62127600,19689,1803.18930000,4916745.42310700,0
1748497500000000,2730.98000000,2735.33000000,2716.21000000,2722.80000000,8420.39210000,1748498399999999,22952635.98066100,37857,3314.75160000,9038970.69786500,0
1748498400000000,2722.80000000,2727.20000000,2716.65000000,2723.60000000,3678.64220000,1748499299999999,10017118.65620900,25966,1849.02400000,5035452.29046900,0
1748499300000000,2723.61000000,2730.28000000,2722.99000000,2730.28000000,4177.56580000,1748500199999999,11391208.61618100,23150,2505.06780000,6830279.34022500,0
1748500200000000,2730.27000000,2732.00000000,2721.45000000,2725.34000000,6278.44160000,1748501099999999,17119412.56904300,28103,2638.91940000,7194756.36170700,0
1748501100000000,2725.35000000,2730.90000000,2725.34000000,2727.75000000,3722.61780000,1748501999999999,10155620.10098600,17175,2127.41760000,5803550.84130900,0
1748502000000000,2727.75000000,2729.89000000,2716.89000000,2727.25000000,12558.41740000,1748502899999999,34219859.97071000,39725,5468.11370000,14899578.73048500,0
1748502900000000,2727.25000000,2736.82000000,2725.19000000,2733.96000000,4804.52190000,1748503799999999,13123023.94461500,28268,2651.95860000,7244167.22229200,0
1748503800000000,2733.97000000,2734.97000000,2726.63000000,2729.67000000,2893.95570000,1748504699999999,7902149.38353400,22823,1190.11270000,3250001.28569700,0
1748504700000000,2729.66000000,2733.82000000,2726.92000000,2731.28000000,3264.39730000,1748505599999999,8914529.28221400,16360,1922.78640000,5250847.97481300,0
1748505600000000,2731.29000000,2731.96000000,2711.60000000,2724.63000000,12195.55980000,1748506499999999,33193605.81271000,39922,5549.86550000,15108298.41691100,0
1748506500000000,2724.63000000,2732.30000000,2720.68000000,2721.19000000,5406.72690000,1748507399999999,14744429.64513900,28692,2558.07250000,6974172.67709000,0
1748507400000000,2721.18000000,2725.54000000,2718.42000000,2719.07000000,4488.87650000,1748508299999999,12217872.80170000,25031,2093.09950000,5697728.38979900,0
1748508300000000,2719.07000000,2727.09000000,2715.20000000,2723.21000000,7093.89560000,1748509199999999,19309549.29746500,36297,4072.72210000,11083897.83941200,0
1748509200000000,2723.20000000,2725.00000000,2716.49000000,2720.18000000,4096.90180000,1748510099999999,11144581.02078700,26468,1986.71930000,5404227.03872500,0
1748510100000000,2720.17000000,2722.50000000,2717.58000000,2719.99000000,2155.73100000,1748510999999999,5863569.16475300,18422,1076.14240000,2926982.71762000,0
1748511000000000,2719.99000000,2729.79000000,2719.30000000,2726.24000000,5381.83220000,1748511899999999,14676231.57818300,28032,3025.79010000,8250842.27798800,0
1748511900000000,2726.24000000,2739.37000000,2725.22000000,2736.30000000,4648.55910000,1748512799999999,12705617.02564900,27124,2731.59940000,7465628.85625900,0
1748512800000000,2736.30000000,2744.42000000,2727.00000000,2729.26000000,6807.35750000,1748513699999999,18611811.00294300,47649,3323.27120000,9086910.60677300,0
1748513700000000,2729.26000000,2733.55000000,2724.38000000,2724.99000000,2675.64620000,1748514599999999,7303533.30975000,24241,1446.87310000,3949995.62301400,0
1748514600000000,2724.99000000,2730.96000000,2724.82000000,2729.25000000,3184.41360000,1748515499999999,8686165.38604400,20181,1349.73920000,3681839.38927700,0
1748515500000000,2729.25000000,2735.85000000,2728.89000000,2730.60000000,3126.21680000,1748516399999999,8539298.33057900,23198,1674.36840000,4573551.86401600,0
1748516400000000,2730.59000000,2730.67000000,2723.36000000,2726.73000000,3851.21460000,1748517299999999,10503287.92441700,24909,1658.74840000,4523733.08470500,0
1748517300000000,2726.73000000,2731.66000000,2725.01000000,2725.31000000,2936.96870000,1748518199999999,8012262.95924000,21606,1716.61930000,4683362.99815700,0
1748518200000000,2725.30000000,2727.36000000,2714.40000000,2717.24000000,6845.33900000,1748519099999999,18619646.46661600,36344,2480.73290000,6747527.63356600,0
1748519100000000,2717.24000000,2717.24000000,2707.10000000,2715.83000000,12913.83660000,1748519999999999,35024385.08851600,44791,7183.62070000,19480570.84310500,0
1748520000000000,2715.82000000,2718.60000000,2707.10000000,2716.54000000,5606.01950000,1748520899999999,15206696.75079800,34791,2193.26830000,5950619.94430000,0
1748520900000000,2716.54000000,2717.49000000,2702.13000000,2708.32000000,7084.86130000,1748521799999999,19187253.34085300,34345,2896.14440000,7842114.18613800,0
1748521800000000,2708.32000000,2718.34000000,2676.16000000,2687.99000000,23822.57860000,1748522699999999,64300031.15099700,77800,9481.48700000,25586213.38179100,0
1748522700000000,2688.00000000,2696.00000000,2681.77000000,2693.26000000,12748.90430000,1748523599999999,34286212.37313100,44811,7670.22550000,20625262.01915100,0
1748523600000000,2693.26000000,2699.90000000,2692.96000000,2695.48000000,4923.58720000,1748524499999999,13275875.87905600,29323,2428.47900000,6547230.37782000,0
1748524500000000,2695.47000000,2698.38000000,2680.00000000,2686.64000000,9475.49280000,1748525399999999,25452708.02947300,50535,3528.88410000,9482727.65330200,0
1748525400000000,2686.65000000,2688.00000000,2657.73000000,2659.22000000,19670.96490000,1748526299999999,52570483.54497100,101866,8663.40920000,23166319.17642400,0
1748526300000000,2659.21000000,2674.40000000,2653.88000000,2660.19000000,16634.94910000,1748527199999999,44306238.32552400,79039,8963.92920000,23874616.09271300,0
1748527200000000,2660.19000000,2667.19000000,2642.86000000,2649.85000000,21713.11750000,1748528099999999,57576569.46527000,93700,11409.17680000,30250929.22998000,0
1748528100000000,2649.84000000,2650.89000000,2621.92000000,2637.62000000,22151.94820000,1748528999999999,58331675.91051400,98838,8710.09860000,22945150.91120800,0
1748529000000000,2637.63000000,2649.34000000,2630.42000000,2647.79000000,12634.42030000,1748529899999999,33391632.22746000,62641,7542.55640000,19940803.97770700,0
1748529900000000,2647.79000000,2675.90000000,2646.23000000,2672.02000000,16056.90050000,1748530799999999,42749276.13089300,89156,8740.82440000,23268434.95690000,0
1748530800000000,2672.02000000,2674.51000000,2661.46000000,2664.15000000,6736.90940000,1748531699999999,17973780.04020500,54799,2869.33950000,7655697.89228600,0
1748531700000000,2664.16000000,2667.08000000,2657.28000000,2661.43000000,5656.42980000,1748532599999999,15051697.21853800,46362,2676.69290000,7122600.88668800,0
1748532600000000,2661.43000000,2663.00000000,2644.22000000,2649.77000000,7131.83780000,1748533499999999,18917551.98974000,50808,3045.47650000,8078484.14062800,0
1748533500000000,2649.77000000,2654.12000000,2639.02000000,2643.68000000,7892.48730000,1748534399999999,20888240.39700200,53070,4210.36070000,11144094.01001000,0
1748534400000000,2643.68000000,2654.70000000,2640.44000000,2652.52000000,7044.61380000,1748535299999999,18647152.12810400,62557,3953.94600000,10467603.65619500,0
1748535300000000,2652.52000000,2660.00000000,2642.79000000,2649.22000000,8462.99450000,1748536199999999,22449161.22062500,45412,4074.63600000,10805487.60785300,0
1748536200000000,2649.22000000,2651.31000000,2641.49000000,2645.00000000,5072.77590000,1748537099999999,13418082.65150400,40340,2263.88380000,5988602.66494500,0
1748537100000000,2644.99000000,2647.70000000,2630.67000000,2640.19000000,8906.71820000,1748537999999999,23506755.71415700,53940,4986.38120000,13160823.88317100,0
1748538000000000,2640.18000000,2647.10000000,2638.19000000,2643.08000000,5302.30590000,1748538899999999,14013040.87775100,37491,3184.18540000,8415243.41793600,0
1748538900000000,2643.09000000,2652.88000000,2639.40000000,2649.05000000,5489.50110000,1748539799999999,14533703.95319900,48758,3331.68240000,8822825.46096800,0
1748539800000000,2649.05000000,2663.20000000,2648.32000000,2651.40000000,5633.23030000,1748540699999999,14960301.14737900,55012,2915.77380000,7744563.23857600,0
1748540700000000,2651.40000000,2670.27000000,2650.25000000,2659.42000000,10170.68910000,1748541599999999,27080167.11352600,58993,6328.52100000,16851017.35841600,0
1748541600000000,2659.43000000,2673.48000000,2657.92000000,2670.50000000,4456.30520000,1748542499999999,11883532.29874300,45378,2515.87870000,6708984.01105800,0
1748542500000000,2670.51000000,2672.23000000,2655.27000000,2656.22000000,5518.98590000,1748543399999999,14683139.23826200,42979,2658.09490000,7071907.00869600,0
1748543400000000,2656.22000000,2661.00000000,2645.52000000,2647.89000000,4645.71250000,1748544299999999,12318999.73550400,34485,1954.44510000,5181081.41838200,0
1748544300000000,2647.90000000,2658.57000000,2646.74000000,2649.90000000,4775.46330000,1748545199999999,12661094.79720300,33049,2271.49020000,6022325.75063800,0
1748545200000000,2649.91000000,2657.28000000,2628.99000000,2631.31000000,11409.70670000,1748546099999999,30148583.96285000,66727,4239.13630000,11206664.29275000,0
1748546100000000,2631.31000000,2645.15000000,2631.00000000,2643.67000000,6316.44720000,1748546999999999,16660211.19617300,54343,3826.98170000,10093795.74737700,0
1748547000000000,2643.67000000,2650.00000000,2639.19000000,2641.79000000,4473.10930000,1748547899999999,11824793.76096700,42223,2389.38330000,6315887.83711000,0
1748547900000000,2641.80000000,2655.50000000,2641.51000000,2650.12000000,4941.75910000,1748548799999999,13098787.51955400,43842,2497.62960000,6619235.28637000,0
1748548800000000,2650.12000000,2662.00000000,2649.57000000,2651.74000000,9377.96830000,1748549699999999,24904117.82169500,45420,5556.80310000,14755515.43550100,0
1748549700000000,2651.75000000,2660.81000000,2651.75000000,2653.10000000,3446.73680000,1748550599999999,9156258.39061700,27143,2145.88130000,5700354.14997600,0
1748550600000000,2653.11000000,2656.60000000,2643.29000000,2643.58000000,3575.51530000,1748551499999999,9478334.34080600,22603,1814.57480000,4809783.84160300,0
1748551500000000,2643.57000000,2646.19000000,2640.29000000,2643.98000000,3364.19010000,1748552399999999,8894795.14720100,19908,1743.34940000,4609677.51844600,0
1748552400000000,2643.99000000,2647.24000000,2643.94000000,2645.50000000,1329.38000000,1748553299999999,3516727.63895700,12818,752.88550000,1991571.67805800,0
1748553300000000,2645.49000000,2652.46000000,2644.70000000,2649.66000000,2092.44880000,1748554199999999,5544919.44515800,14127,1142.00410000,3026333.92914200,0
1748554200000000,2649.67000000,2656.00000000,2649.43000000,2655.01000000,2080.24440000,1748555099999999,5518390.73722000,11197,1200.81940000,3184779.53795800,0
1748555100000000,2655.01000000,2662.45000000,2649.77000000,2660.90000000,3388.67460000,1748555999999999,8997241.39779200,22703,1756.27450000,4664715.86346200,0
1748556000000000,2660.91000000,2668.95000000,2658.05000000,2663.50000000,4363.04340000,1748556899999999,11618670.98600700,44507,2183.32090000,5814621.86506000,0
1748556900000000,2663.51000000,2668.15000000,2659.45000000,2659.46000000,3189.99370000,1748557799999999,8498370.99709200,18149,1382.17930000,3683197.93005000,0
1748557800000000,2659.45000000,2660.80000000,2656.65000000,2656.66000000,1675.67880000,1748558699999999,4454552.66914300,16043,689.05760000,1831792.68280300,0
1748558700000000,2656.66000000,2659.09000000,2644.72000000,2644.99000000,3808.39820000,1748559599999999,10096663.74778800,22922,1578.00680000,4183918.15823800,0
1748559600000000,2644.99000000,2649.00000000,2643.00000000,2644.13000000,4692.74520000,1748560499999999,12414465.55849700,21533,1263.23010000,3342718.95507000,0
1748560500000000,2644.13000000,2645.10000000,2628.17000000,2634.83000000,5785.68090000,1748561399999999,15246579.10447600,37716,2055.18240000,5415903.42444900,0
1748561400000000,2634.83000000,2638.70000000,2628.18000000,2632.45000000,3766.36990000,1748562299999999,9921945.78676000,31529,1683.08090000,4433617.28698900,0
1748562300000000,2632.45000000,2634.34000000,2619.05000000,2631.39000000,9337.35740000,1748563199999999,24519028.38185800,48618,3792.40600000,9961111.64690600,0
1748563200000000,2631.39000000,2641.67000000,2630.99000000,2641.66000000,5266.08040000,1748564099999999,13882429.64155700,34513,2557.88830000,6743367.71163300,0
1748564100000000,2641.65000000,2645.23000000,2634.50000000,2637.40000000,4449.78370000,1748564999999999,11752362.16976700,30090,2053.94820000,5425546.15140200,0
1748565000000000,2637.39000000,2637.80000000,2621.40000000,2630.16000000,6058.76380000,1748565899999999,15924628.46351400,51665,3244.47890000,8528128.97724400,0
1748565900000000,2630.17000000,2631.16000000,2557.07000000,2573.50000000,52887.92810000,1748566799999999,137136978.64917200,191390,20635.58740000,53506813.98650200,0
1748566800000000,2573.50000000,2596.93000000,2568.59000000,2595.49000000,16636.87390000,1748567699999999,43021618.69931600,118259,7761.28870000,20069662.30610500,0
1748567700000000,2595.49000000,2608.56000000,2588.80000000,2606.01000000,9939.20910000,1748568599999999,25838404.29231800,58507,5114.03360000,13291886.33058200,0
1748568600000000,2606.01000000,2608.99000000,2596.81000000,2605.85000000,5849.29030000,1748569499999999,15232558.60489000,39646,2703.90300000,7041695.29576700,0
1748569500000000,2605.85000000,2608.00000000,2595.15000000,2598.31000000,3947.55680000,1748570399999999,10262175.01637000,34196,1556.50870000,4045475.55754200,0
1748570400000000,2598.31000000,2617.71000000,2597.90000000,2614.84000000,9474.65810000,1748571299999999,24718151.68380800,59343,6228.80010000,16247984.51114400,0
1748571300000000,2614.83000000,2622.94000000,2612.40000000,2619.60000000,5320.29110000,1748572199999999,13930961.62188800,34227,2766.52890000,7244346.95170000,0
1748572200000000,2619.61000000,2634.18000000,2619.09000000,2631.47000000,10030.83500000,1748573099999999,26354344.77320000,50545,5825.56620000,15305897.76709600,0
1748573100000000,2631.46000000,2633.01000000,2625.62000000,2629.79000000,4805.05750000,1748573999999999,12631568.89493700,31978,2096.67140000,5511815.98060200,0
1748574000000000,2629.79000000,2640.89000000,2626.21000000,2637.04000000,6842.89880000,1748574899999999,18020305.87477300,41731,3843.59300000,10122180.38223900,0
1748574900000000,2637.05000000,2642.40000000,2633.05000000,2638.60000000,5188.38110000,1748575799999999,13683809.23531400,33115,2689.80030000,7094251.20689100,0
1748575800000000,2638.60000000,2640.59000000,2632.54000000,2635.01000000,4416.78760000,1748576699999999,11645979.83527100,29137,2077.15710000,5478393.90810000,0
1748576700000000,2635.00000000,2636.80000000,2629.07000000,2631.19000000,3891.64450000,1748577599999999,10245719.73582500,24721,1571.17950000,4136474.26864900,0
1748577600000000,2631.19000000,2631.60000000,2621.61000000,2627.14000000,5774.02540000,1748578499999999,15164824.87634900,37864,3138.55570000,8242072.64726700,0
1748578500000000,2627.13000000,2629.65000000,2622.41000000,2623.72000000,3355.20990000,1748579399999999,8808375.38456800,28627,1614.97830000,4239935.72459700,0
1748579400000000,2623.72000000,2632.99000000,2621.10000000,2632.59000000,3419.98380000,1748580299999999,8986887.07508600,24235,1314.73630000,3454586.00921100,0
1748580300000000,2632.60000000,2638.20000000,2632.59000000,2635.00000000,3326.08160000,1748581199999999,8766319.40843900,19131,1805.50840000,4758211.76454000,0
1748581200000000,2635.00000000,2640.00000000,2632.55000000,2632.81000000,3158.92590000,1748582099999999,8329007.65382900,19685,2027.29190000,5345718.40789700,0
1748582100000000,2632.80000000,2639.52000000,2630.43000000,2636.70000000,3222.18180000,1748582999999999,8487282.97985600,21289,1741.66370000,4587730.60584500,0
1748583000000000,2636.70000000,2649.23000000,2636.00000000,2645.80000000,10468.66880000,1748583899999999,27669325.41161000,40370,5728.00940000,15138609.07145100,0
1748583900000000,2645.80000000,2645.80000000,2636.49000000,2643.71000000,2825.46770000,1748584799999999,7461079.86790200,23209,1368.51800000,3613721.60168900,0
1748584800000000,2643.70000000,2644.82000000,2636.51000000,2637.70000000,3053.19640000,1748585699999999,8057706.34054300,29128,1425.90990000,3763518.62144600,0
1748585700000000,2637.70000000,2637.80000000,2625.59000000,2627.71000000,3977.36700000,1748586599999999,10468626.77273700,33748,1980.49120000,5211900.76628600,0
1748586600000000,2627.70000000,2630.70000000,2612.56000000,2617.09000000,10847.57410000,1748587499999999,28422069.51162800,66650,5070.46070000,13284696.88220900,0
1748587500000000,2617.08000000,2622.40000000,2606.80000000,2620.30000000,10954.95290000,1748588399999999,28619388.64323400,63254,5365.62580000,14018099.78815700,0
1748588400000000,2620.30000000,2628.99000000,2615.30000000,2622.10000000,6088.70690000,1748589299999999,15965328.80580300,43785,3338.80370000,8754352.17703600,0
1748589300000000,2622.10000000,2643.10000000,2622.10000000,2631.89000000,8305.87060000,1748590199999999,21854190.56442300,47875,4736.01690000,12458942.08271900,0
1748590200000000,2631.88000000,2631.88000000,2620.03000000,2626.57000000,8131.63580000,1748591099999999,21356415.45104900,46477,4403.92140000,11566850.73711200,0
1748591100000000,2626.57000000,2629.77000000,2613.68000000,2618.26000000,11711.83110000,1748591999999999,30715835.79752300,52422,5530.07030000,14505648.20804500,0
1748592000000000,2618.27000000,2624.40000000,2607.75000000,2617.86000000,7299.79190000,1748592899999999,19104555.26528900,56166,3697.25280000,9678040.01172100,0
1748592900000000,2617.85000000,2622.94000000,2610.44000000,2622.01000000,5325.49310000,1748593799999999,13941089.48156800,40682,2868.35300000,7511460.54376400,0
1748593800000000,2622.01000000,2626.78000000,2611.42000000,2620.37000000,7335.25380000,1748594699999999,19202030.54228700,49563,3781.09500000,9898380.41747100,0
1748594700000000,2620.38000000,2625.52000000,2617.13000000,2617.31000000,3513.30130000,1748595599999999,9210595.94813600,31822,1745.56140000,4576152.20001800,0
1748595600000000,2617.30000000,2623.70000000,2610.50000000,2614.30000000,3636.73970000,1748596499999999,9518501.92234300,36471,1464.03580000,3832218.03288500,0
1748596500000000,2614.29000000,2621.30000000,2612.70000000,2614.61000000,4747.33790000,1748597399999999,12429693.53637500,30729,2605.75920000,6823433.56334200,0
1748597400000000,2614.61000000,2615.35000000,2588.16000000,2602.16000000,14603.87890000,1748598299999999,37946732.81393000,85795,5853.20080000,15214285.25015700,0
1748598300000000,2602.16000000,2617.79000000,2597.80000000,2615.08000000,10488.05340000,1748599199999999,27336357.88350100,61989,7012.94960000,18277529.04993000,0
1748599200000000,2615.07000000,2618.00000000,2604.07000000,2604.69000000,7081.73350000,1748600099999999,18498878.15284800,43689,4064.97150000,10618313.02229100,0
1748600100000000,2604.70000000,2617.29000000,2602.97000000,2617.24000000,6617.17600000,1748600999999999,17279371.24805900,35857,3436.31220000,8975395.60149800,0
1748601000000000,2617.24000000,2617.50000000,2610.47000000,2614.51000000,4469.62770000,1748601899999999,11684736.78592100,33203,2564.55400000,6704436.62982800,0
1748601900000000,2614.50000000,2623.45000000,2612.81000000,2622.05000000,4427.41280000,1748602799999999,11598166.26525500,35719,2577.27390000,6750552.71975900,0
1748602800000000,2622.06000000,2628.10000000,2620.04000000,2620.05000000,4825.34560000,1748603699999999,12664629.33531900,34330,2843.36740000,7463429.71348200,0
1748603700000000,2620.04000000,2626.00000000,2615.07000000,2617.74000000,4524.69530000,1748604599999999,11853273.58464900,33912,1785.58800000,4678439.19900700,0
1748604600000000,2617.74000000,2623.62000000,2616.00000000,2616.01000000,2871.27030000,1748605499999999,7522424.34852100,28488,1690.67910000,4429456.63513600,0
1748605500000000,2616.01000000,2624.35000000,2616.01000000,2622.04000000,2580.63990000,1748606399999999,6763157.14706200,24912,1352.73260000,3545113.43406500,0
1748606400000000,2622.04000000,2626.30000000,2589.14000000,2589.14000000,13219.60090000,1748607299999999,34384877.08396200,71832,6619.03610000,17212133.46877000,0
1748607300000000,2589.14000000,2602.07000000,2578.20000000,2594.60000000,10862.81360000,1748608199999999,28145521.73227400,69355,4635.58190000,12012832.43514700,0
1748608200000000,2594.60000000,2617.99000000,2593.20000000,2616.38000000,8479.29930000,1748609099999999,22117800.77265800,60430,5052.88700000,13183337.72015900,0
1748609100000000,2616.38000000,2622.29000000,2609.97000000,2610.20000000,5271.57770000,1748609999999999,13792541.79630500,39779,2778.42410000,7270477.96027600,0
1748610000000000,2610.20000000,2618.18000000,2600.28000000,2605.11000000,5774.13720000,1748610899999999,15071920.13517500,38452,2519.37930000,6574103.95877800,0
1748610900000000,2605.10000000,2608.30000000,2588.87000000,2593.31000000,7927.89230000,1748611799999999,20593464.51265200,70626,3733.03300000,9693934.80772200,0
1748611800000000,2593.30000000,2599.74000000,2583.33000000,2594.45000000,10414.06980000,1748612699999999,26987027.31401400,94212,5587.32540000,14480408.82179700,0
1748612700000000,2594.45000000,2596.67000000,2572.56000000,2576.69000000,10966.42190000,1748613599999999,28320687.67403800,83550,4833.62610000,12481596.70020500,0
1748613600000000,2576.70000000,2590.20000000,2576.70000000,2584.18000000,12609.46950000,1748614499999999,32563966.52400600,83563,5969.80780000,15416596.20157200,0
1748614500000000,2584.18000000,2588.99000000,2577.99000000,2587.59000000,13702.18980000,1748615399999999,35385794.57625700,67107,7605.65180000,19639276.23905800,0
1748615400000000,2587.59000000,2604.27000000,2585.80000000,2594.76000000,12465.62220000,1748616299999999,32371711.54251800,74242,7587.29370000,19700477.03426600,0
1748616300000000,2594.77000000,2600.40000000,2588.00000000,2595.50000000,8086.69030000,1748617199999999,20971628.22793200,57916,4689.39810000,12161707.00347500,0
1748617200000000,2595.50000000,2607.35000000,2595.00000000,2606.83000000,12061.32700000,1748618099999999,31397858.52560200,55228,7395.58960000,19252799.31559000,0
1748618100000000,2606.83000000,2616.80000000,2598.20000000,2613.58000000,10161.71520000,1748618999999999,26497942.78743800,55541,6782.58220000,17689713.97942000,0
1748619000000000,2613.58000000,2614.65000000,2597.51000000,2603.61000000,13003.90460000,1748619899999999,33907340.93240400,49732,4099.04810000,10686240.82013200,0
1748619900000000,2603.60000000,2606.24000000,2597.50000000,2598.21000000,3082.53120000,1748620799999999,8020631.90342800,34301,1536.28290000,3997831.39747800,0
1748620800000000,2598.21000000,2604.28000000,2592.14000000,2597.00000000,4066.64870000,1748621699999999,10561044.59557000,36109,2136.96960000,5549447.14594700,0
1748621700000000,2597.00000000,2597.00000000,2570.00000000,2572.78000000,12630.38880000,1748622599999999,32598072.97483900,67184,5340.71270000,13782739.29807200,0
1748622600000000,2572.79000000,2574.02000000,2533.20000000,2552.71000000,50622.96030000,1748623499999999,129070702.41834300,175340,23284.29070000,59360577.02692400,0
1748623500000000,2552.71000000,2552.90000000,2539.37000000,2540.82000000,13189.04540000,1748624399999999,33564883.69954200,88074,5950.12000000,15144658.98869600,0
1748624400000000,2540.82000000,2560.00000000,2539.99000000,2552.02000000,8404.58520000,1748625299999999,21447972.47128500,56781,5026.66090000,12825593.09181200,0
1748625300000000,2552.01000000,2558.00000000,2545.17000000,2547.49000000,6293.76510000,1748626199999999,16059452.08681300,51127,3042.40710000,7767150.49174400,0
1748626200000000,2547.49000000,2554.25000000,2542.85000000,2547.20000000,5232.30090000,1748627099999999,13338605.22019800,49757,2207.77380000,5628564.10342800,0
1748627100000000,2547.20000000,2550.59000000,2539.40000000,2549.31000000,6472.05030000,1748627999999999,16477755.66132500,50797,2743.48330000,6986335.69734700,0
1748628000000000,2549.32000000,2560.99000000,2547.50000000,2556.69000000,6844.18440000,1748628899999999,17478824.75601700,44589,3700.76180000,9452384.92405000,0
1748628900000000,2556.70000000,2576.90000000,2556.55000000,2573.88000000,9266.63750000,1748629799999999,23810321.63150300,54815,4989.42720000,12818551.43578200,0
1748629800000000,2573.89000000,2576.03000000,2567.30000000,2570.41000000,5847.93540000,1748630699999999,15039204.68940900,34718,2976.45140000,7654719.09797200,0
1748630700000000,2570.41000000,2579.23000000,2570.30000000,2578.21000000,6403.16510000,1748631599999999,16483585.48775200,27918,3854.46390000,9921933.91261500,0
1748631600000000,2578.20000000,2585.29000000,2574.41000000,2578.31000000,4369.64650000,1748632499999999,11274327.02802100,35403,2399.87620000,6193391.74633200,0
1748632500000000,2578.31000000,2582.09000000,2577.64000000,2580.80000000,4511.44320000,1748633399999999,11640405.01419400,33494,2366.77490000,6107092.78126600,0
1748633400000000,2580.81000000,2581.80000000,2573.50000000,2577.07000000,3195.64020000,1748634299999999,8235048.45831700,27033,1141.12490000,2941260.26165700,0
1748634300000000,2577.07000000,2580.59000000,2572.49000000,2574.41000000,3051.78270000,1748635199999999,7861031.05474600,27438,1582.53180000,4076653.45866000,0
1748635200000000,2574.41000000,2575.98000000,2565.65000000,2569.20000000,2914.72770000,1748636099999999,7490120.88353700,22048,1158.61430000,2977294.77042700,0
1748636100000000,2569.20000000,2578.17000000,2568.90000000,2572.62000000,1812.66980000,1748636999999999,4665525.52787300,14785,907.66690000,2335778.34121400,0
1748637000000000,2572.61000000,2585.00000000,2569.17000000,2583.54000000,3206.19470000,1748637899999999,8254645.83090200,20498,2058.72400000,5301677.17849600,0
1748637900000000,2583.54000000,2589.85000000,2575.50000000,2577.30000000,4246.26980000,1748638799999999,10961435.50520700,22092,1862.39000000,4808505.32087700,0
1748638800000000,2577.31000000,2582.99000000,2576.49000000,2581.66000000,1494.59430000,1748639699999999,3856126.33567600,12908,841.19950000,2170181.35895100,0
1748639700000000,2581.67000000,2586.08000000,2580.83000000,2581.51000000,1565.20830000,1748640599999999,4043079.52642200,12174,721.51100000,1863793.07733200,0
1748640600000000,2581.51000000,2584.85000000,2568.20000000,2569.58000000,2698.29740000,1748641499999999,6954036.36306000,18317,1213.81300000,3129621.42669500,0
1748641500000000,2569.58000000,2573.90000000,2562.82000000,2569.20000000,3433.10700000,1748642399999999,8821817.18355300,29208,1536.79090000,3949662.84933000,0
1748642400000000,2569.20000000,2573.09000000,2560.00000000,2566.11000000,4113.21310000,1748643299999999,10556476.67847100,35169,2035.80800000,5225226.77888000,0
1748643300000000,2566.11000000,2566.11000000,2546.48000000,2548.59000000,7885.29510000,1748644199999999,20147598.79757000,53497,3170.78380000,8100939.87481600,0
1748644200000000,2548.59000000,2554.44000000,2523.42000000,2524.81000000,10301.02570000,1748645099999999,26158348.30321600,58292,3836.39300000,9746451.59005100,0
1748645100000000,2524.81000000,2544.92000000,2524.81000000,2526.71000000,10739.22170000,1748645999999999,27233512.22293100,53326,5091.85520000,12912477.81055600,0
1748646000000000,2526.71000000,2536.20000000,2513.29000000,2527.35000000,12855.71620000,1748646899999999,32477101.09120900,79628,5278.13930000,13340150.66787700,0
1748646900000000,2527.36000000,2534.33000000,2507.35000000,2519.35000000,15179.22220000,1748647799999999,38240812.01651300,78235,6891.20130000,17364960.67545700,0
1748647800000000,2519.35000000,2527.41000000,2509.00000000,2518.88000000,12589.96610000,1748648699999999,31704465.22416400,67921,5868.42040000,14781194.13846700,0
1748648700000000,2518.87000000,2534.16000000,2518.87000000,2531.34000000,11543.61450000,1748649599999999,29172043.10303900,55872,7263.40810000,18356018.74091300,0
1748649600000000,2531.35000000,2539.98000000,2523.68000000,2526.78000000,14790.46950000,1748650499999999,37457136.42374300,103204,8143.40840000,20625050.94885900,0
1748650500000000,2526.79000000,2529.69000000,2503.09000000,2515.50000000,15321.65530000,1748651399999999,38528976.62271800,106600,6788.40040000,17076236.94619900,0
1748651400000000,2515.49000000,2534.78000000,2515.49000000,2531.73000000,7794.73520000,1748652299999999,19699807.02343500,55539,4788.75650000,12102536.49787500,0
1748652300000000,2531.72000000,2535.11000000,2516.80000000,2519.90000000,4837.71980000,1748653199999999,12213059.19573000,44037,2491.55950000,6288774.99677300,0
1748653200000000,2519.90000000,2525.00000000,2509.15000000,2520.72000000,12396.29110000,1748654099999999,31211408.10689400,103495,6198.54800000,15609742.33257800,0
1748654100000000,2520.72000000,2527.87000000,2503.16000000,2509.13000000,9815.66150000,1748654999999999,24689329.35243600,59593,4338.91900000,10917283.49224200,0
1748655000000000,2509.13000000,2514.21000000,2475.33000000,2497.91000000,34147.94540000,1748655899999999,85137328.46241200,152921,14627.32520000,36484537.75904200,0
1748655900000000,2497.91000000,2498.40000000,2484.20000000,2493.07000000,10108.50840000,1748656799999999,25177896.50529800,85694,4814.14540000,11991473.07336300,0
1748656800000000,2493.06000000,2511.61000000,2485.50000000,2510.58000000,13750.48430000,1748657699999999,34383129.26465400,77033,8500.96230000,21280219.53083300,0
1748657700000000,2510.58000000,2516.72000000,2503.24000000,2504.95000000,6830.77580000,1748658599999999,17148937.66592000,41847,3677.67320000,9231817.45950900,0
1748658600000000,2504.91000000,2505.00000000,2492.22000000,2498.60000000,8193.97780000,1748659499999999,20477066.97188400,51302,3945.58460000,9860550.82856000,0
1748659500000000,2498.60000000,2502.00000000,2485.40000000,2490.22000000,7330.45590000,1748660399999999,18274714.30004000,54047,3682.29000000,9177402.15442300,0
1748660400000000,2490.21000000,2496.84000000,2485.23000000,2496.04000000,5111.48960000,1748661299999999,12739904.77495100,60740,2673.32110000,6663813.28853800,0
1748661300000000,2496.04000000,2505.28000000,2486.99000000,2504.21000000,8283.40900000,1748662199999999,20676743.97471100,55847,5441.21360000,13580136.82642200,0
1748662200000000,2504.21000000,2512.45000000,2500.25000000,2511.82000000,6296.83260000,1748663099999999,15783971.26566500,38744,4062.76790000,10185553.90141900,0
1748663100000000,2511.82000000,2517.04000000,2509.99000000,2513.98000000,3277.55720000,1748663999999999,8237499.97118800,29490,1868.79340000,4697126.08678500,0
1748664000000000,2513.98000000,2513.98000000,2504.81000000,2509.62000000,3150.28810000,1748664899999999,7903769.30541500,39998,1647.81020000,4134511.97324400,0
1748664900000000,2509.61000000,2526.37000000,2504.63000000,2519.50000000,5421.47110000,1748665799999999,13641795.48303100,42236,3084.88040000,7762630.27820400,0
1748665800000000,2519.50000000,2523.88000000,2517.68000000,2517.97000000,4041.05110000,1748666699999999,10190067.89045700,26282,2196.80790000,5539775.00085000,0
1748666700000000,2517.97000000,2524.49000000,2517.97000000,2522.50000000,2559.27730000,1748667599999999,6454197.93110700,18411,1086.16290000,2739002.46726200,0
1748667600000000,2522.50000000,2526.43000000,2517.86000000,2518.22000000,2633.24430000,1748668499999999,6641764.77087600,22499,1201.93740000,3031778.13541300,0
1748668500000000,2518.23000000,2520.80000000,2514.07000000,2518.19000000,2854.89540000,1748669399999999,7185928.93108700,24584,1390.10520000,3499329.07950600,0
1748669400000000,2518.19000000,2522.29000000,2515.90000000,2521.91000000,1878.30350000,1748670299999999,4731123.75125600,17961,1036.16230000,2609789.82575400,0
1748670300000000,2521.91000000,2521.91000000,2511.77000000,2512.29000000,4209.54560000,1748671199999999,10592060.48038500,20706,1234.89010000,3107559.47600900,0
1748671200000000,2512.30000000,2520.20000000,2512.22000000,2518.00000000,3123.54940000,1748672099999999,7859709.60477000,23860,1839.35030000,4628455.12003500,0
1748672100000000,2517.99000000,2523.58000000,2516.70000000,2519.78000000,2548.88310000,1748672999999999,6425146.69816900,14152,1817.76030000,4582813.60291900,0
1748673000000000,2519.79000000,2526.50000000,2516.80000000,2525.61000000,3189.73480000,1748673899999999,8044652.41184500,16994,2004.26900000,5054714.71727300,0
1748673900000000,2525.60000000,2525.61000000,2520.53000000,2521.70000000,1364.05320000,1748674799999999,3441135.12231200,11323,625.44170000,1577585.84800400,0
1748674800000000,2521.69000000,2523.69000000,2517.14000000,2517.14000000,1855.04500000,1748675699999999,4676250.80122300,18711,720.16530000,1815338.83767300,0
1748675700000000,2517.14000000,2521.10000000,2514.60000000,2519.60000000,2227.97370000,1748676599999999,5610219.16058800,16702,1321.14920000,3327105.80435200,0
1748676600000000,2519.60000000,2523.80000000,2519.41000000,2520.58000000,1785.31530000,1748677499999999,4501249.07724500,12550,1072.54620000,2704031.28813900,0
1748677500000000,2520.58000000,2525.73000000,2518.77000000,2521.11000000,1524.71530000,1748678399999999,3845436.78282000,11547,979.50720000,2470306.14313100,0
1748678400000000,2521.11000000,2525.99000000,2520.00000000,2520.52000000,3880.86180000,1748679299999999,9793365.25906800,23872,2161.98630000,5455681.62423900,0
1748679300000000,2520.52000000,2524.38000000,2517.08000000,2520.71000000,3444.41160000,1748680199999999,8682637.80518500,29754,1501.87590000,3786280.03746700,0
1748680200000000,2520.70000000,2525.64000000,2515.91000000,2518.35000000,3818.39970000,1748681099999999,9624025.94773400,24092,1516.96670000,3823802.60017100,0
1748681100000000,2518.35000000,2530.61000000,2517.84000000,2524.49000000,3929.43490000,1748681999999999,9927086.50133600,23690,2466.93190000,6232191.08953600,0
1748682000000000,2524.49000000,2529.29000000,2523.36000000,2525.91000000,1702.22710000,1748682899999999,4301015.92885700,20925,928.83620000,2346966.24252100,0
1748682900000000,2525.90000000,2527.66000000,2517.40000000,2519.50000000,2165.17260000,1748683799999999,5459184.41592300,22308,984.52770000,2481884.49185100,0
1748683800000000,2519.50000000,2522.80000000,2518.44000000,2520.20000000,1693.92640000,1748684699999999,4268930.06952600,18366,952.51520000,2400581.98300000,0
1748684700000000,2520.20000000,2524.21000000,2518.70000000,2523.25000000,1435.87500000,1748685599999999,3620724.37384200,21903,738.42620000,1862022.54957400,0
1748685600000000,2523.24000000,2538.02000000,2520.20000000,2532.61000000,6171.89490000,1748686499999999,15604848.84366100,51083,3428.36610000,8670846.80391800,0
1748686500000000,2532.62000000,2538.45000000,2521.50000000,2522.50000000,4421.20340000,1748687399999999,11188199.18066300,39761,1910.33890000,4834271.78777400,0
1748687400000000,2522.50000000,2523.98000000,2512.70000000,2515.87000000,3504.52330000,1748688299999999,8822390.49516300,32410,1360.99380000,3426458.62141100,0
1748688300000000,2515.87000000,2520.90000000,2508.04000000,2520.21000000,3630.20870000,1748689199999999,9131588.57650500,25755,1576.03660000,3964933.44622500,0
1748689200000000,2520.20000000,2521.85000000,2509.74000000,2512.32000000,3598.50420000,1748690099999999,9051353.94223000,18468,1383.76140000,3480643.42395800,0
1748690100000000,2512.31000000,2519.29000000,2511.59000000,2517.34000000,2151.49040000,1748690999999999,5414263.03341400,15908,904.72540000,2276716.40976300,0
1748691000000000,2517.33000000,2520.36000000,2513.00000000,2519.79000000,2272.24170000,1748691899999999,5719392.86403400,17851,1131.13710000,2847255.69442200,0
1748691900000000,2519.79000000,2520.70000000,2518.00000000,2519.61000000,1859.46170000,1748692799999999,4684921.81722800,11189,666.79270000,1680189.32623400,0
1748692800000000,2519.61000000,2531.60000000,2515.95000000,2530.30000000,3834.09820000,1748693699999999,9674996.84883100,28974,1759.23040000,4439977.10085000,0
1748693700000000,2530.30000000,2533.75000000,2525.10000000,2525.84000000,3382.86130000,1748694599999999,8555969.10556000,23767,1611.91010000,4077700.21054700,0
1748694600000000,2525.84000000,2531.75000000,2525.57000000,2527.80000000,3244.58140000,1748695499999999,8206847.57952900,22138,1760.01080000,4452054.67355800,0
1748695500000000,2527.80000000,2538.00000000,2527.80000000,2537.61000000,4888.48550000,1748696399999999,12389212.46267100,29052,2955.97620000,7492150.19526300,0
1748696400000000,2537.60000000,2547.70000000,2535.50000000,2538.00000000,7929.87850000,1748697299999999,20157427.15349500,55072,4232.73100000,10760364.62374400,0
1748697300000000,2538.00000000,2540.72000000,2530.33000000,2535.43000000,6263.72990000,1748698199999999,15886800.18459200,38671,2765.81200000,7015906.82426900,0
1748698200000000,2535.42000000,2539.73000000,2531.40000000,2531.68000000,3068.88870000,1748699099999999,7781514.58153500,25119,1510.65480000,3830407.17157100,0
1748699100000000,2531.68000000,2533.50000000,2526.50000000,2533.02000000,3335.01070000,1748699999999999,8437305.46657400,28048,1420.19580000,3593093.29824700,0
1748700000000000,2533.00000000,2544.06000000,2531.31000000,2541.51000000,4940.91500000,1748700899999999,12548631.77908500,36528,2744.01300000,6968641.56450500,0
1748700900000000,2541.50000000,2544.38000000,2536.43000000,2538.69000000,2886.48390000,1748701799999999,7332193.12356300,24382,1490.25140000,3785139.11786800,0
1748701800000000,2538.69000000,2542.29000000,2536.61000000,2540.91000000,3146.85590000,1748702699999999,7990490.65201900,20073,1842.66410000,4678710.39296900,0
1748702700000000,2540.91000000,2543.62000000,2538.49000000,2542.50000000,2323.54290000,1748703599999999,5903509.53112700,19748,1327.41140000,3372811.66158200,0
1748703600000000,2542.51000000,2544.45000000,2534.00000000,2538.44000000,4522.60230000,1748704499999999,11484016.41687900,28915,1822.84470000,4628557.60265300,0
1748704500000000,2538.44000000,2550.14000000,2537.70000000,2547.19000000,4701.32840000,1748705399999999,11961965.82173600,22488,2632.06790000,6697063.56533000,0
1748705400000000,2547.19000000,2548.46000000,2536.90000000,2537.38000000,5357.99690000,1748706299999999,13620653.21040200,31690,1928.97010000,4903793.46125700,0
1748706300000000,2537.37000000,2539.18000000,2532.41000000,2536.30000000,3092.88200000,1748707199999999,7842077.23874300,20492,1477.76940000,3746612.86828500,0
1748707200000000,2536.29000000,2540.39000000,2533.00000000,2537.99000000,2465.66450000,1748708099999999,6255641.21883300,17009,1385.50530000,3515002.54209900,0
1748708100000000,2537.99000000,2546.60000000,2537.99000000,2543.71000000,2128.07530000,1748708999999999,5411767.39999000,15677,1305.23230000,3318987.81446200,0
1748709000000000,2543.70000000,2547.99000000,2536.45000000,2540.33000000,2419.60420000,1748709899999999,6151357.29434200,18192,1097.83210000,2791472.34360300,0
1748709900000000,2540.33000000,2541.42000000,2536.68000000,2540.59000000,2938.60240000,1748710799999999,7460383.71193100,18418,891.46530000,2263559.92694900,0
1748710800000000,2540.59000000,2540.96000000,2535.05000000,2539.19000000,1381.41250000,1748711699999999,3505331.58486200,15688,613.26430000,1556130.08001200,0
1748711700000000,2539.19000000,2541.14000000,2534.66000000,2535.09000000,1724.28820000,1748712599999999,4375536.47135100,13985,667.80680000,1694802.71999800,0
1748712600000000,2535.10000000,2538.00000000,2532.82000000,2535.63000000,2156.67660000,1748713499999999,5467278.32940000,14450,1458.33030000,3696607.40609300,0
1748713500000000,2535.63000000,2535.99000000,2523.36000000,2527.39000000,4550.58830000,1748714399999999,11504309.10865500,24950,1366.18420000,3453667.89556400,0
1748714400000000,2527.38000000,2535.35000000,2525.99000000,2534.71000000,1209.89310000,1748715299999999,3061866.34400900,14225,728.82080000,1844148.52040000,0
1748715300000000,2534.72000000,2542.40000000,2534.01000000,2537.43000000,1177.03670000,1748716199999999,2987437.61458900,12332,625.70200000,1588269.71079900,0
1748716200000000,2537.43000000,2540.95000000,2536.50000000,2536.65000000,1134.60330000,1748717099999999,2880889.08199000,12084,452.42600000,1148725.38494600,0
1748717100000000,2536.66000000,2540.58000000,2535.42000000,2539.73000000,806.80820000,1748717999999999,2047841.79307000,8379,436.80610000,1108874.46570400,0
1748718000000000,2539.74000000,2543.00000000,2537.59000000,2538.39000000,1257.87550000,1748718899999999,3196307.78339600,13215,486.91750000,1237311.85025300,0
1748718900000000,2538.38000000,2542.20000000,2538.00000000,2541.32000000,942.05540000,1748719799999999,2393217.16809800,11380,539.55850000,1370652.16131600,0
1748719800000000,2541.33000000,2542.43000000,2537.37000000,2539.49000000,1143.96990000,1748720699999999,2905882.29866300,11523,369.99200000,940119.35620500,0
1748720700000000,2539.49000000,2540.99000000,2536.36000000,2537.40000000,1726.48070000,1748721599999999,4382644.44073500,12282,780.40150000,1981031.25413100,0
1748721600000000,2537.39000000,2540.69000000,2531.67000000,2534.09000000,2297.41350000,1748722499999999,5828147.46266100,17875,673.27810000,1708022.63336200,0
1748722500000000,2534.10000000,2541.00000000,2532.64000000,2540.00000000,1186.77930000,1748723399999999,3010742.38376500,10101,415.40950000,1053782.70264500,0
1748723400000000,2540.00000000,2541.42000000,2538.80000000,2539.49000000,1418.47610000,1748724299999999,3602558.45679000,8910,501.44520000,1273477.95269800,0
1748724300000000,2539.50000000,2542.43000000,2539.04000000,2542.19000000,1378.62740000,1748725199999999,3503333.79302300,9308,535.36090000,1360327.32309700,0
1748725200000000,2542.20000000,2550.34000000,2541.07000000,2541.08000000,4259.71720000,1748726099999999,10848189.13579300,19662,2416.62890000,6154136.19015300,0
1748726100000000,2541.08000000,2544.48000000,2539.32000000,2544.16000000,1441.26860000,1748726999999999,3663282.31483300,9239,814.58230000,2070321.05748500,0
1748727000000000,2544.16000000,2546.55000000,2540.55000000,2543.98000000,1789.88380000,1748727899999999,4553602.63545200,12426,678.04190000,1724885.93853600,0
1748727900000000,2543.98000000,2545.27000000,2539.99000000,2543.21000000,1940.22910000,1748728799999999,4933836.06764600,14016,808.77700000,2056418.62357300,0
1748728800000000,2543.21000000,2545.00000000,2536.59000000,2541.11000000,3242.31030000,1748729699999999,8239256.30209400,27600,1558.88820000,3961877.03249900,0
1748729700000000,2541.10000000,2541.29000000,2536.36000000,2536.70000000,1782.89920000,1748730599999999,4526802.83082800,18250,905.38840000,2299002.87310900,0
1748730600000000,2536.70000000,2539.13000000,2534.42000000,2538.59000000,1842.57010000,1748731499999999,4674678.60869500,12276,914.36740000,2319991.49173500,0
1748731500000000,2538.59000000,2538.59000000,2530.69000000,2530.76000000,1609.57840000,1748732399999999,4078073.64184700,13338,669.09070000,1694849.76647200,0
1748732400000000,2530.76000000,2538.36000000,2524.41000000,2538.27000000,3410.84860000,1748733299999999,8631188.82335100,25473,2088.29000000,5285723.53229000,0
1748733300000000,2538.27000000,2548.31000000,2533.80000000,2534.34000000,4781.80280000,1748734199999999,12146998.83972000,23148,2556.07940000,6492774.11397600,0
1748734200000000,2534.35000000,2536.00000000,2528.93000000,2530.49000000,1700.68480000,1748735099999999,4306653.84834900,13415,980.74350000,2483372.87629500,0
1748735100000000,2530.49000000,2531.32000000,2526.55000000,2528.06000000,2035.23460000,1748735999999999,5146388.08677200,12179,1258.31890000,3181850.59860200,0
