1725148800000,135.35000000,135.62000000,134.97000000,135.11000000,14406.19900000,1725150599999,1949427.80461000,9181,7307.32300000,988912.38258000,0
1725150600000,135.12000000,135.52000000,135.03000000,135.36000000,9799.76900000,1725152399999,1325966.25483000,7738,6817.18700000,922346.51327000,0
1725152400000,135.37000000,135.50000000,134.65000000,134.65000000,16723.63500000,1725154199999,2257729.57280000,7826,8289.72200000,1119402.49313000,0
1725154200000,134.65000000,134.82000000,133.50000000,133.63000000,55422.58500000,1725155999999,7424774.47684000,18447,23448.56300000,3139755.44843000,0
1725156000000,133.62000000,133.66000000,132.88000000,133.01000000,86046.54900000,1725157799999,11464349.25343000,25688,41805.92100000,5571520.62873000,0
1725157800000,133.00000000,133.96000000,132.88000000,133.96000000,59492.99300000,1725159599999,7935590.39461000,18896,36197.58000000,4829759.17664000,0
1725159600000,133.96000000,134.46000000,133.70000000,134.29000000,22438.02200000,1725161399999,3009196.25325000,10238,13877.43300000,1861360.34575000,0
1725161400000,134.29000000,134.38000000,133.93000000,134.07000000,14976.54200000,1725163199999,2007848.19579000,6461,7415.79100000,994124.82132000,0
1725163200000,134.07000000,134.07000000,133.33000000,133.79000000,17287.71700000,1725164999999,2310212.34379000,10053,9244.09000000,1235539.87834000,0
1725165000000,133.78000000,134.09000000,133.50000000,133.71000000,15538.00100000,1725166799999,2078681.44958000,7497,6899.89400000,923381.90873000,0
1725166800000,133.70000000,133.91000000,132.20000000,132.68000000,64929.68400000,1725168599999,8633494.16648000,23399,30197.08500000,4014506.67198000,0
1725168600000,132.67000000,132.94000000,131.09000000,131.59000000,125600.45200000,1725170399999,16558250.80071000,40080,60726.40700000,8007664.86933000,0
1725170400000,131.59000000,132.54000000,131.49000000,132.39000000,39854.12400000,1725172199999,5263784.90949000,15135,24606.09400000,3249458.50182000,0
1725172200000,132.39000000,132.78000000,132.09000000,132.70000000,27467.55900000,1725173999999,3639304.88222000,11996,16808.28100000,2227196.09773000,0
1725174000000,132.69000000,132.98000000,132.10000000,132.21000000,75051.91100000,1725175799999,9948207.29781000,18692,37022.28800000,4906775.78287000,0
1725175800000,132.21000000,133.00000000,132.14000000,132.81000000,31352.33600000,1725177599999,4154668.19209000,13981,16724.20700000,2216709.84715000,0
1725177600000,132.81000000,132.84000000,131.76000000,131.76000000,37974.89700000,1725179399999,5023397.41292000,11597,18395.71900000,2433432.81496000,0
1725179400000,131.77000000,132.17000000,131.14000000,131.46000000,66216.37800000,1725181199999,8713579.67175000,18704,36629.77200000,4820812.21496000,0
1725181200000,131.45000000,131.97000000,131.08000000,131.68000000,41548.02000000,1725182999999,5461574.26527000,15485,19841.62400000,2609408.20199000,0
1725183000000,131.67000000,132.25000000,130.78000000,131.22000000,89514.68600000,1725184799999,11774899.63916000,22905,49365.59700000,6499294.73923000,0
1725184800000,131.20000000,131.38000000,130.37000000,130.87000000,78004.94900000,1725186599999,10201868.61978000,25920,36577.57300000,4786004.75225000,0
1725186600000,130.86000000,131.12000000,130.27000000,130.46000000,35733.98600000,1725188399999,4672664.56143000,18596,16818.66800000,2199923.37156000,0
1725188400000,130.47000000,131.21000000,130.18000000,130.97000000,51275.71100000,1725190199999,6696640.11577000,21177,19780.47100000,2584602.72954000,0
1725190200000,130.97000000,131.98000000,130.90000000,131.91000000,36575.84700000,1725191999999,4805860.15636000,16619,19329.11300000,2539972.67332000,0
1725192000000,131.91000000,132.16000000,131.41000000,131.55000000,38302.55400000,1725193799999,5049479.08840000,18298,16725.70600000,2206248.69759000,0
1725193800000,131.55000000,131.82000000,130.93000000,131.04000000,25538.73200000,1725195599999,3352034.18105000,13739,9903.58900000,1299935.86408000,0
1725195600000,131.05000000,131.65000000,130.93000000,131.09000000,24036.00800000,1725197399999,3157150.21212000,12777,13674.99900000,1796635.28090000,0
1725197400000,131.08000000,131.62000000,130.21000000,131.58000000,60362.17400000,1725199199999,7894937.79841000,33294,26773.93300000,3503686.16882000,0
1725199200000,131.58000000,131.59000000,130.00000000,130.73000000,122736.83900000,1725200999999,16057624.79204000,61663,54535.24900000,7136817.97907000,0
1725201000000,130.72000000,132.70000000,130.69000000,131.86000000,68748.76700000,1725202799999,9071985.10987000,31739,39108.03500000,5160405.41820000,0
1725202800000,131.85000000,132.68000000,131.51000000,132.26000000,42710.61900000,1725204599999,5646202.63599000,23056,22460.40300000,2969643.85722000,0
1725204600000,132.25000000,134.87000000,131.85000000,134.29000000,147082.64800000,1725206399999,19679507.34247000,61823,86877.38100000,11628720.65206000,0
1725206400000,134.29000000,134.75000000,132.69000000,132.95000000,70583.00300000,1725208199999,9438188.65645000,38730,29718.14700000,3978109.69790000,0
1725208200000,132.96000000,133.55000000,132.71000000,132.97000000,35690.11500000,1725209999999,4753403.56586000,23596,15121.28000000,2013501.71187000,0
1725210000000,132.97000000,133.52000000,132.10000000,132.31000000,44105.15100000,1725211799999,5851356.46729000,23075,16965.55100000,2253412.29938000,0
1725211800000,132.32000000,132.85000000,131.87000000,132.65000000,25506.40200000,1725213599999,3375108.06938000,21004,12335.07200000,1632727.10579000,0
1725213600000,132.65000000,135.30000000,132.44000000,134.46000000,64024.82900000,1725215399999,8563766.74131000,32398,35790.65300000,4786962.04222000,0
1725215400000,134.47000000,135.15000000,134.01000000,134.74000000,47127.71900000,1725217199999,6345209.32796000,34324,22996.45100000,3096856.49131000,0
1725217200000,134.75000000,135.92000000,134.52000000,134.70000000,45503.24900000,1725218999999,6153018.73751000,33265,24869.17000000,3363942.30233000,0
1725219000000,134.70000000,135.33000000,134.21000000,135.23000000,31032.66000000,1725220799999,4181013.85002000,16516,17356.63800000,2339815.71217000,0
1725220800000,135.24000000,136.15000000,135.14000000,135.79000000,45437.77500000,1725222599999,6166709.98110000,23148,24539.13000000,3330386.41245000,0
1725222600000,135.79000000,135.86000000,134.46000000,134.97000000,91364.48200000,1725224399999,12334052.17766000,22487,34682.60500000,4680464.41541000,0
1725224400000,134.97000000,135.05000000,133.23000000,133.37000000,105433.03900000,1725226199999,14137057.02779000,24298,49162.38600000,6586930.22833000,0
1725226200000,133.36000000,133.97000000,133.12000000,133.85000000,40356.07700000,1725227999999,5386968.44823000,11471,22854.41000000,3050231.33051000,0
1725228000000,133.86000000,133.99000000,131.25000000,131.73000000,66300.49900000,1725229799999,8773999.70635000,42566,26491.18200000,3503187.69422000,0
1725229800000,131.73000000,131.99000000,128.00000000,129.11000000,235577.68900000,1725231599999,30637472.87048000,76860,99782.92700000,12982897.73666000,0
1725231600000,129.10000000,130.54000000,127.66000000,128.70000000,241811.52400000,1725233399999,31167583.51051000,81574,119306.92100000,15385981.70021000,0
1725233400000,128.71000000,129.27000000,127.98000000,128.50000000,95839.63500000,1725235199999,12329171.38659000,40057,50267.81300000,6466298.22635000,0
1725235200000,128.50000000,129.60000000,128.27000000,129.09000000,121077.26200000,1725236999999,15613825.94208000,46694,71323.43200000,9198085.83495000,0
1725237000000,129.08000000,130.38000000,128.50000000,129.68000000,95502.30600000,1725238799999,12365920.84339000,41500,58784.02400000,7613337.21500000,0
1725238800000,129.69000000,130.48000000,129.11000000,129.84000000,51723.94400000,1725240599999,6713406.71095000,29759,26943.67200000,3498243.45836000,0
1725240600000,129.84000000,130.37000000,129.23000000,129.74000000,54188.67200000,1725242399999,7025419.58247000,22597,26619.26900000,3451747.87177000,0
1725242400000,129.73000000,130.70000000,129.56000000,129.57000000,70985.00700000,1725244199999,9242007.96667000,24020,38488.01700000,5012697.03602000,0
1725244200000,129.57000000,129.59000000,128.50000000,129.26000000,65705.35100000,1725245999999,8474544.51328000,22425,28086.40700000,3622415.03967000,0
1725246000000,129.25000000,130.57000000,129.25000000,129.77000000,72422.51600000,1725247799999,9420780.28398000,28472,39640.25600000,5156099.89619000,0
1725247800000,129.76000000,130.23000000,129.32000000,130.21000000,35541.06200000,1725249599999,4615979.76645000,18462,21496.62300000,2792188.96234000,0
1725249600000,130.21000000,130.37000000,129.10000000,129.26000000,54921.71400000,1725251399999,7132309.91850000,21086,24335.31400000,3159636.86557000,0
1725251400000,129.26000000,129.40000000,127.14000000,127.56000000,132542.63800000,1725253199999,16989057.36214000,36778,50419.43500000,6461151.59499000,0
1725253200000,127.57000000,128.23000000,127.51000000,128.04000000,70087.78300000,1725254999999,8970055.25967000,19687,42866.75100000,5487166.85116000,0
1725255000000,128.05000000,129.98000000,127.45000000,129.09000000,156094.28900000,1725256799999,20067049.68906000,49037,84051.18000000,10802025.69659000,0
1725256800000,129.08000000,129.75000000,128.59000000,128.66000000,38218.38200000,1725258599999,4935204.88178000,21724,18438.70800000,2381576.43235000,0
1725258600000,128.65000000,128.99000000,128.34000000,128.82000000,25936.99300000,1725260399999,3337835.37608000,13181,11997.56700000,1544382.70833000,0
1725260400000,128.82000000,129.40000000,127.72000000,128.00000000,42775.56900000,1725262199999,5496329.68380000,20036,20725.06600000,2664023.58032000,0
1725262200000,128.00000000,128.38000000,126.80000000,127.66000000,119395.24000000,1725263999999,15215430.46216000,33253,41585.21100000,5303226.56872000,0
1725264000000,127.65000000,130.14000000,127.22000000,129.99000000,150447.47400000,1725265799999,19395514.95673000,49267,81622.31900000,10529959.08432000,0
1725265800000,129.98000000,130.68000000,129.81000000,129.88000000,98155.20300000,1725267599999,12784323.62486000,43837,51277.82300000,6679779.34079000,0
1725267600000,129.88000000,130.30000000,129.00000000,129.75000000,80661.29700000,1725269399999,10465987.70989000,26566,30654.49600000,3979245.97427000,0
1725269400000,129.75000000,131.83000000,129.52000000,131.68000000,125507.08200000,1725271199999,16390054.97998000,46812,65182.23300000,8523139.23878000,0
1725271200000,131.68000000,132.63000000,131.27000000,132.52000000,130912.07500000,1725272999999,17273937.65394000,51497,72733.29000000,9598809.81397000,0
1725273000000,132.53000000,132.93000000,131.47000000,132.05000000,86320.24300000,1725274799999,11405559.95245000,31783,31421.07300000,4153354.49338000,0
1725274800000,132.04000000,132.60000000,131.52000000,132.56000000,47954.69600000,1725276599999,6331116.62838000,21972,27885.59300000,3683027.80477000,0
1725276600000,132.56000000,132.66000000,131.76000000,131.83000000,70025.79100000,1725278399999,9251505.21686000,20951,36442.35500000,4814069.11754000,0
1725278400000,131.83000000,132.47000000,131.61000000,132.05000000,54251.59000000,1725280199999,7164358.05186000,19075,28646.77800000,3784022.98261000,0
1725280200000,132.05000000,132.06000000,131.30000000,131.93000000,45651.59600000,1725281999999,6010749.11995000,18006,20694.88500000,2725819.87947000,0
1725282000000,131.92000000,132.46000000,131.45000000,131.56000000,47811.10500000,1725283799999,6304406.33637000,19881,29317.46700000,3866370.81258000,0
1725283800000,131.55000000,131.71000000,130.67000000,130.77000000,55785.61700000,1725285599999,7317143.04096000,30927,21747.03600000,2853438.49484000,0
1725285600000,130.77000000,131.74000000,130.00000000,131.65000000,76792.11200000,1725287399999,10026988.30856000,33452,33461.35200000,4371843.57650000,0
1725287400000,131.66000000,133.30000000,131.58000000,132.92000000,115706.51400000,1725289199999,15350507.55220000,52205,64677.84800000,8581061.51272000,0
1725289200000,132.92000000,133.45000000,132.42000000,132.48000000,56890.72300000,1725290999999,7560458.60187000,28107,29761.61300000,3956292.15662000,0
1725291000000,132.49000000,133.22000000,132.36000000,132.54000000,58611.99600000,1725292799999,7783259.72673000,23930,28946.33000000,3843891.18185000,0
1725292800000,132.54000000,133.42000000,132.35000000,132.42000000,44884.41700000,1725294599999,5960792.09359000,20155,24959.21500000,3315031.20747000,0
1725294600000,132.41000000,132.79000000,131.71000000,131.91000000,44064.17900000,1725296399999,5821970.31120000,24996,23283.81500000,3076608.29975000,0
1725296400000,131.91000000,133.05000000,131.88000000,133.00000000,27271.01200000,1725298199999,3611177.40062000,19325,14466.24400000,1915827.71752000,0
1725298200000,132.99000000,133.66000000,132.44000000,133.34000000,40739.18400000,1725299999999,5420437.89667000,22625,25824.12000000,3436547.73919000,0
1725300000000,133.34000000,133.87000000,132.95000000,133.39000000,49100.25300000,1725301799999,6552227.29410000,22027,27740.82700000,3702321.05328000,0
1725301800000,133.39000000,133.57000000,132.51000000,133.28000000,29200.19500000,1725303599999,3884993.61612000,18147,13468.91200000,1791985.63708000,0
1725303600000,133.28000000,133.53000000,132.81000000,133.10000000,36248.21000000,1725305399999,4827593.84323000,13199,19365.20300000,2579259.63419000,0
1725305400000,133.11000000,133.25000000,132.85000000,133.05000000,14870.96000000,1725307199999,1978126.67590000,10405,6327.49200000,841842.85783000,0
1725307200000,133.04000000,133.50000000,132.81000000,132.99000000,27504.95000000,1725308999999,3662677.28729000,13757,12798.60000000,1704246.88293000,0
1725309000000,132.98000000,135.00000000,132.90000000,134.58000000,68108.91000000,1725310799999,9122797.53977000,33176,39812.94400000,5332990.02406000,0
1725310800000,134.58000000,135.05000000,134.32000000,134.82000000,57912.21300000,1725312599999,7803743.83235000,26119,30859.14400000,4158507.10067000,0
1725312600000,134.83000000,134.83000000,133.84000000,134.17000000,38016.00500000,1725314399999,5104000.42796000,13721,14947.55500000,2006301.19121000,0
1725314400000,134.17000000,134.72000000,133.99000000,134.61000000,45348.25500000,1725316199999,6094135.38712000,17975,24535.68000000,3296236.74264000,0
1725316200000,134.61000000,134.93000000,134.30000000,134.80000000,37989.65200000,1725317999999,5115188.12105000,12659,19208.05400000,2586089.09930000,0
1725318000000,134.80000000,135.37000000,134.58000000,134.96000000,49720.18500000,1725319799999,6711596.34109000,14754,34936.89600000,4715806.06107000,0
1725319800000,134.97000000,135.39000000,134.80000000,134.94000000,26733.13200000,1725321599999,3612852.78301000,10377,12477.76500000,1686751.56365000,0
1725321600000,134.95000000,135.17000000,134.48000000,134.78000000,30978.86600000,1725323399999,4178638.72385000,14883,14581.46600000,1967296.45910000,0
1725323400000,134.78000000,135.04000000,134.21000000,135.03000000,31797.74800000,1725325199999,4276642.49347000,14532,17179.46200000,2311149.09135000,0
1725325200000,135.03000000,135.46000000,134.60000000,134.87000000,30385.44200000,1725326999999,4105374.31680000,18907,15801.05300000,2134913.07941000,0
1725327000000,134.87000000,135.47000000,134.51000000,135.44000000,24444.82900000,1725328799999,3299948.75891000,13899,13835.32800000,1867795.81359000,0
1725328800000,135.45000000,138.13000000,135.37000000,136.63000000,160292.43100000,1725330599999,21936504.69398000,46477,95531.75200000,13076759.60714000,0
1725330600000,136.63000000,137.13000000,135.72000000,135.78000000,56491.66000000,1725332399999,7708807.43521000,23879,22951.37000000,3133975.53169000,0
1725332400000,135.78000000,136.20000000,135.42000000,135.54000000,42274.89900000,1725334199999,5740157.54004000,19459,20537.29700000,2789396.74466000,0
1725334200000,135.54000000,136.00000000,135.41000000,135.51000000,25231.82700000,1725335999999,3423323.11111000,11578,11477.64400000,1557790.03261000,0
1725336000000,135.50000000,135.89000000,134.82000000,135.07000000,64573.78100000,1725337799999,8732251.85415000,16519,22156.75600000,2997012.38025000,0
1725337800000,135.07000000,135.60000000,134.50000000,134.93000000,33906.75500000,1725339599999,4579568.21801000,12695,19372.70700000,2617626.76772000,0
1725339600000,134.93000000,135.50000000,134.50000000,135.31000000,39490.08900000,1725341399999,5328459.44469000,14576,19007.66400000,2566428.37922000,0
1725341400000,135.31000000,135.31000000,134.69000000,135.02000000,21893.86400000,1725343199999,2954372.74641000,9968,12664.80900000,1709009.96819000,0
1725343200000,135.02000000,135.02000000,133.91000000,134.32000000,50574.01500000,1725344999999,6793737.88143000,17681,16959.74300000,2278197.94603000,0
1725345000000,134.33000000,134.50000000,133.54000000,133.69000000,30588.57900000,1725346799999,4098682.69339000,14079,13804.39100000,1849973.14874000,0
1725346800000,133.69000000,134.18000000,133.69000000,133.83000000,60951.92500000,1725348599999,8162922.87463000,13227,31123.84800000,4168650.90975000,0
1725348600000,133.84000000,134.86000000,133.84000000,134.60000000,35335.58300000,1725350399999,4749288.52966000,15565,22019.18200000,2959718.41441000,0
1725350400000,134.60000000,134.64000000,134.09000000,134.22000000,27812.81300000,1725352199999,3735404.31071000,11643,14831.63800000,1991956.91064000,0
1725352200000,134.21000000,134.24000000,132.77000000,133.22000000,73080.52000000,1725353999999,9751792.36057000,31341,28576.84800000,3811697.57083000,0
1725354000000,133.22000000,134.06000000,133.20000000,133.59000000,41280.47700000,1725355799999,5518885.75278000,19060,24932.66400000,3333469.25711000,0
1725355800000,133.58000000,134.03000000,133.48000000,133.57000000,27037.91600000,1725357599999,3616409.44721000,13707,14400.39800000,1926436.61255000,0
1725357600000,133.58000000,134.42000000,133.44000000,134.33000000,33944.50600000,1725359399999,4546671.89538000,14571,20461.83500000,2740934.58983000,0
1725359400000,134.33000000,134.33000000,133.62000000,133.90000000,20491.95200000,1725361199999,2745805.79483000,15852,8651.61200000,1159181.50768000,0
1725361200000,133.89000000,134.35000000,133.67000000,134.33000000,34080.31900000,1725362999999,4564780.40259000,15002,15153.69700000,2031016.94282000,0
1725363000000,134.33000000,134.53000000,134.00000000,134.36000000,21531.42500000,1725364799999,2891569.43856000,14624,11519.59600000,1547346.92345000,0
1725364800000,134.36000000,135.31000000,134.31000000,135.11000000,36797.91000000,1725366599999,4964060.09532000,24030,22728.81100000,3065960.10883000,0
1725366600000,135.11000000,135.50000000,134.40000000,134.41000000,37463.10000000,1725368399999,5056449.62244000,21205,18646.67500000,2517619.54662000,0
1725368400000,134.41000000,134.73000000,134.01000000,134.01000000,31055.31500000,1725370199999,4175640.15909000,19524,16886.82900000,2270838.19674000,0
1725370200000,134.02000000,134.03000000,131.15000000,131.58000000,136564.61400000,1725371999999,18064471.29678000,113633,56951.70900000,7532370.42449000,0
1725372000000,131.57000000,131.57000000,130.35000000,131.03000000,143409.65200000,1725373799999,18783677.58273000,76016,70828.67300000,9279104.86089000,0
1725373800000,131.04000000,131.04000000,130.12000000,130.30000000,102763.64400000,1725375599999,13417280.64153000,51799,41490.37700000,5419777.69794000,0
1725375600000,130.30000000,130.82000000,129.31000000,129.59000000,109999.71800000,1725377399999,14313957.51223000,46188,39717.29300000,5172139.86438000,0
1725377400000,129.59000000,130.18000000,129.45000000,129.80000000,69149.31400000,1725379199999,8974131.44982000,35505,34044.82500000,4418959.01899000,0
1725379200000,129.81000000,130.35000000,129.31000000,129.71000000,93657.68400000,1725380999999,12159335.53718000,44459,39874.45500000,5179229.95927000,0
1725381000000,129.70000000,130.64000000,129.56000000,129.92000000,38056.90200000,1725382799999,4953111.05185000,28365,21429.31600000,2789244.63034000,0
1725382800000,129.91000000,131.29000000,129.86000000,131.15000000,37923.89200000,1725384599999,4949459.50357000,26714,23468.24600000,3063925.22011000,0
1725384600000,131.14000000,131.50000000,130.15000000,130.16000000,33398.01800000,1725386399999,4369824.04469000,28304,14978.83100000,1961248.98379000,0
1725386400000,130.17000000,130.59000000,129.74000000,130.46000000,28758.10000000,1725388199999,3744746.35288000,26678,13821.88600000,1800183.62360000,0
1725388200000,130.46000000,131.25000000,130.46000000,131.00000000,35446.38300000,1725389999999,4642878.41838000,24345,20270.56600000,2654589.28330000,0
1725390000000,130.99000000,132.21000000,130.97000000,131.42000000,74584.85500000,1725391799999,9827127.96021000,30858,36232.77500000,4774215.03684000,0
1725391800000,131.43000000,131.54000000,130.79000000,130.95000000,32965.20800000,1725393599999,4320420.01505000,26337,17855.92000000,2340246.08039000,0
1725393600000,130.96000000,131.61000000,130.82000000,130.83000000,27857.93200000,1725395399999,3655849.03206000,19553,11424.13200000,1499766.30669000,0
1725395400000,130.83000000,131.12000000,130.10000000,130.60000000,84890.13500000,1725397199999,11079350.84322000,21541,36950.48000000,4821543.63868000,0
1725397200000,130.61000000,130.70000000,129.31000000,129.39000000,70899.09500000,1725398999999,9227659.51839000,24297,25773.19300000,3356651.40025000,0
1725399000000,129.38000000,130.30000000,129.35000000,130.13000000,28185.25500000,1725400799999,3660734.86080000,13891,14566.59600000,1892124.52355000,0
1725400800000,130.13000000,130.38000000,129.74000000,129.86000000,35695.93200000,1725402599999,4642250.42217000,20851,15690.65900000,2040776.98937000,0
1725402600000,129.87000000,129.97000000,129.39000000,129.49000000,36766.71700000,1725404399999,4767631.19530000,18297,8953.77600000,1160777.51675000,0
1725404400000,129.49000000,129.58000000,128.39000000,128.51000000,68957.54900000,1725406199999,8887811.64106000,30419,24403.53400000,3145444.40352000,0
1725406200000,128.50000000,128.67000000,127.15000000,127.54000000,213662.78000000,1725407999999,27341583.41757000,53694,96146.08000000,12307050.35877000,0
1725408000000,127.54000000,128.89000000,127.29000000,128.45000000,125494.63700000,1725409799999,16096808.92667000,47346,73387.59200000,9417687.96677000,0
1725409800000,128.44000000,128.87000000,126.48000000,126.70000000,144059.57300000,1725411599999,18429565.88586000,54870,54685.79800000,6996827.72000000,0
1725411600000,126.70000000,126.74000000,122.60000000,125.22000000,574805.31200000,1725413399999,71580167.15615000,177494,262106.29200000,32629515.28109000,0
1725413400000,125.22000000,127.64000000,125.06000000,126.83000000,133279.60900000,1725415199999,16850075.37856000,81640,71138.88600000,8995222.81105000,0
1725415200000,126.84000000,127.30000000,126.21000000,126.74000000,62618.56500000,1725416999999,7935762.25276000,47773,28553.32400000,3618956.10527000,0
1725417000000,126.74000000,127.60000000,126.63000000,127.15000000,66372.23200000,1725418799999,8441905.71653000,30561,38321.00600000,4873267.41827000,0
1725418800000,127.15000000,128.02000000,127.05000000,127.96000000,58378.67400000,1725420599999,7446466.04709000,33104,34755.03800000,4434320.66746000,0
1725420600000,127.95000000,127.98000000,127.40000000,127.70000000,35397.81600000,1725422399999,4520746.76095000,24705,18089.86500000,2310326.48876000,0
1725422400000,127.70000000,127.95000000,126.92000000,127.01000000,34028.17700000,1725424199999,4334934.35494000,18429,13108.19700000,1669892.61514000,0
1725424200000,127.01000000,127.91000000,127.01000000,127.82000000,28026.82400000,1725425999999,3574097.59725000,15567,19413.77000000,2475528.70231000,0
1725426000000,127.81000000,127.81000000,127.15000000,127.35000000,31623.66300000,1725427799999,4029238.15126000,17145,15434.98900000,1966723.08173000,0
1725427800000,127.34000000,127.46000000,126.55000000,126.86000000,63937.31200000,1725429599999,8113773.31968000,25655,22276.91100000,2827302.04585000,0
1725429600000,126.85000000,128.71000000,126.85000000,128.52000000,84191.26200000,1725431399999,10765471.32422000,37228,51598.37000000,6597636.72560000,0
1725431400000,128.51000000,128.89000000,127.90000000,128.21000000,57123.30500000,1725433199999,7332812.66634000,28900,31728.61500000,4072572.93900000,0
1725433200000,128.20000000,129.67000000,128.11000000,129.56000000,78381.22300000,1725434999999,10129768.23029000,42462,38953.28800000,5034444.37617000,0
1725435000000,129.57000000,131.44000000,129.45000000,130.30000000,127805.03100000,1725436799999,16680265.26309000,38641,67914.56400000,8861516.31430000,0
1725436800000,130.29000000,130.71000000,129.87000000,130.56000000,56600.28500000,1725438599999,7369592.66025000,20707,29845.51100000,3886772.41587000,0
1725438600000,130.55000000,130.67000000,129.74000000,129.92000000,41652.39900000,1725440399999,5419333.40402000,18345,22159.79900000,2883479.07876000,0
1725440400000,129.91000000,130.34000000,129.57000000,130.17000000,45103.97000000,1725442199999,5859030.87471000,15143,24965.72600000,3243577.68436000,0
1725442200000,130.18000000,130.68000000,129.53000000,129.59000000,42926.06500000,1725443999999,5580190.95212000,17381,19207.92000000,2497595.28417000,0
1725444000000,129.60000000,129.85000000,128.89000000,129.65000000,76485.99100000,1725445799999,9891075.14878000,22923,32150.08900000,4159084.23083000,0
1725445800000,129.65000000,129.79000000,128.39000000,128.55000000,57858.94800000,1725447599999,7460928.75991000,22906,20829.11800000,2686077.42669000,0
1725447600000,128.56000000,129.33000000,128.51000000,128.64000000,37690.68300000,1725449399999,4860071.36433000,16623,13919.83200000,1795081.27570000,0
1725449400000,128.63000000,129.19000000,128.11000000,128.43000000,40589.20000000,1725451199999,5225076.62832000,16609,23013.64200000,2963452.97798000,0
1725451200000,128.43000000,129.00000000,128.06000000,128.78000000,48729.28600000,1725452999999,6259867.19183000,19440,28471.02900000,3656386.11748000,0
1725453000000,128.78000000,129.65000000,128.28000000,128.66000000,65769.00100000,1725454799999,8485525.33923000,26626,38192.82400000,4928928.32433000,0
1725454800000,128.65000000,128.93000000,127.88000000,128.46000000,56556.56200000,1725456599999,7256762.01313000,24928,22447.95100000,2880272.88426000,0
1725456600000,128.46000000,129.47000000,128.21000000,129.31000000,94880.13200000,1725458399999,12241052.29870000,47466,51604.16500000,6658812.04429000,0
1725458400000,129.31000000,130.93000000,128.67000000,129.70000000,177959.44300000,1725460199999,23115924.49095000,78286,89743.09700000,11667392.07247000,0
1725460200000,129.70000000,133.50000000,129.61000000,132.86000000,251197.27800000,1725461999999,33210837.18546000,83832,134797.78100000,17813707.89740000,0
1725462000000,132.85000000,134.04000000,132.34000000,132.60000000,198589.03000000,1725463799999,26425354.74630000,57297,111701.57000000,14865798.51127000,0
1725463800000,132.60000000,134.13000000,131.75000000,133.83000000,138468.70600000,1725465599999,18411551.68017000,50728,74977.91000000,9976877.71661000,0
1725465600000,133.82000000,134.50000000,132.94000000,134.26000000,123808.08700000,1725467399999,16565129.30388000,47126,61860.02700000,8278978.73116000,0
1725467400000,134.26000000,134.98000000,133.57000000,133.89000000,81846.78100000,1725469199999,10991102.20272000,36292,41128.26400000,5524000.07396000,0
1725469200000,133.89000000,134.13000000,133.29000000,133.59000000,62004.54400000,1725470999999,8289813.70163000,23484,23165.14100000,3097704.43327000,0
1725471000000,133.58000000,133.85000000,132.58000000,132.61000000,67201.78200000,1725472799999,8940549.16840000,26818,23603.82100000,3141060.85304000,0
1725472800000,132.62000000,133.53000000,132.58000000,133.00000000,41009.65900000,1725474599999,5458170.84519000,17818,18767.62900000,2498103.06808000,0
1725474600000,132.99000000,133.39000000,132.69000000,133.01000000,36981.88500000,1725476399999,4919662.05535000,19658,16286.10900000,2167156.02697000,0
1725476400000,133.01000000,133.87000000,132.84000000,133.28000000,34491.34300000,1725478199999,4596378.39500000,15987,17781.32600000,2369685.93722000,0
1725478200000,133.27000000,133.35000000,132.70000000,133.19000000,26951.34100000,1725479999999,3584558.54934000,15482,13764.69200000,1830930.21676000,0
1725480000000,133.19000000,133.50000000,132.89000000,133.15000000,20253.41300000,1725481799999,2697043.25534000,12528,9454.78600000,1258985.75106000,0
1725481800000,133.15000000,134.10000000,133.14000000,133.89000000,38017.03500000,1725483599999,5079123.46074000,14074,18420.17700000,2461834.91683000,0
1725483600000,133.89000000,134.11000000,133.58000000,133.75000000,20742.06300000,1725485399999,2775865.46142000,10080,9707.20300000,1299067.71223000,0
1725485400000,133.75000000,134.45000000,133.69000000,134.25000000,21817.94300000,1725487199999,2925911.55834000,9197,11954.11100000,1602813.37741000,0
1725487200000,134.26000000,134.66000000,133.44000000,133.50000000,32571.97400000,1725488999999,4367771.88970000,16206,13666.83300000,1833533.28536000,0
1725489000000,133.50000000,134.16000000,133.48000000,134.07000000,20933.86400000,1725490799999,2800427.34125000,10350,10930.75500000,1462375.82463000,0
1725490800000,134.07000000,134.36000000,133.77000000,133.89000000,20588.42800000,1725492599999,2759335.47004000,8151,10476.09100000,1404129.37808000,0
1725492600000,133.89000000,134.13000000,133.23000000,133.64000000,28258.77300000,1725494399999,3778576.91876000,12061,9638.96400000,1288799.97057000,0
1725494400000,133.64000000,134.38000000,133.28000000,134.20000000,32467.07400000,1725496199999,4345257.30991000,17706,18815.56100000,2518137.42357000,0
1725496200000,134.21000000,134.22000000,132.88000000,132.93000000,29894.76100000,1725497999999,3993408.36188000,22302,9786.00200000,1306941.78963000,0
1725498000000,132.93000000,133.47000000,132.93000000,133.44000000,21265.90000000,1725499799999,2831785.27457000,19622,12398.72600000,1651252.69031000,0
1725499800000,133.45000000,134.29000000,133.41000000,133.86000000,32736.74100000,1725501599999,4385865.31212000,22635,18692.24300000,2504423.86104000,0
1725501600000,133.86000000,134.15000000,133.17000000,133.50000000,21721.32500000,1725503399999,2902072.32993000,23605,10279.58700000,1373690.74246000,0
1725503400000,133.49000000,133.70000000,133.00000000,133.04000000,21219.71200000,1725505199999,2828919.85685000,19610,9058.10100000,1207711.69994000,0
1725505200000,133.03000000,133.03000000,131.54000000,131.72000000,92917.35300000,1725506999999,12260786.55326000,47521,36337.90700000,4792155.96956000,0
1725507000000,131.72000000,132.01000000,131.28000000,131.60000000,40275.59100000,1725508799999,5301209.32039000,24794,16026.27900000,2110226.24307000,0
1725508800000,131.60000000,132.62000000,131.31000000,132.62000000,38776.82400000,1725510599999,5118209.60393000,22109,18956.71000000,2503869.82297000,0
1725510600000,132.62000000,134.26000000,132.31000000,133.43000000,73286.36500000,1725512399999,9778985.82045000,41073,41742.50600000,5569557.55040000,0
1725512400000,133.43000000,133.60000000,132.21000000,132.88000000,42495.77800000,1725514199999,5645150.95536000,31781,19348.65400000,2570776.83579000,0
1725514200000,132.88000000,133.11000000,132.18000000,132.36000000,30955.06700000,1725515999999,4102518.98667000,18281,16029.44900000,2123849.57989000,0
1725516000000,132.36000000,132.62000000,131.03000000,131.46000000,59228.51100000,1725517799999,7809746.41502000,35914,26270.77300000,3466384.71959000,0
1725517800000,131.46000000,132.15000000,130.84000000,132.08000000,53371.03300000,1725519599999,7018522.32090000,21144,25289.42500000,3326778.49141000,0
1725519600000,132.08000000,133.30000000,131.95000000,133.13000000,52877.00100000,1725521399999,7017933.45561000,21736,31969.82800000,4244397.92081000,0
1725521400000,133.14000000,133.35000000,132.80000000,133.10000000,22801.46400000,1725523199999,3034026.45046000,12091,10797.49300000,1436730.33465000,0
1725523200000,133.10000000,133.87000000,132.99000000,133.56000000,37177.40500000,1725524999999,4961600.02952000,12331,22003.51800000,2936117.64477000,0
1725525000000,133.57000000,133.73000000,132.35000000,132.75000000,61190.20400000,1725526799999,8128207.21176000,17091,22481.06300000,2985469.22084000,0
1725526800000,132.75000000,132.82000000,131.69000000,131.96000000,47986.19700000,1725528599999,6348007.55942000,17333,22849.71800000,3023321.23440000,0
1725528600000,131.96000000,132.85000000,131.80000000,132.24000000,42094.75400000,1725530399999,5568284.91868000,15499,22118.53300000,2927042.75423000,0
1725530400000,132.23000000,132.74000000,131.76000000,132.20000000,34005.93000000,1725532199999,4496938.97831000,13427,16518.48500000,2185099.03364000,0
1725532200000,132.20000000,132.80000000,132.07000000,132.48000000,25921.75700000,1725533999999,3434495.70918000,12374,14156.23600000,1875855.87597000,0
1725534000000,132.48000000,132.70000000,132.05000000,132.64000000,30252.87100000,1725535799999,4005327.69713000,12621,14844.58200000,1965067.05614000,0
1725535800000,132.64000000,133.19000000,132.58000000,132.83000000,37188.88800000,1725537599999,4941959.83042000,13291,20847.90300000,2770678.78999000,0
1725537600000,132.83000000,133.34000000,131.87000000,132.76000000,70374.20200000,1725539399999,9330129.92411000,30981,36947.91100000,4898379.54748000,0
1725539400000,132.77000000,134.20000000,132.14000000,133.37000000,116058.76300000,1725541199999,15456464.12385000,52562,53803.45100000,7169747.62001000,0
1725541200000,133.38000000,133.99000000,133.16000000,133.96000000,40457.70000000,1725542999999,5400339.17697000,21239,20849.83100000,2784036.36149000,0
1725543000000,133.97000000,134.94000000,133.16000000,134.54000000,143323.40400000,1725544799999,19218505.31886000,63712,78449.10100000,10524201.06329000,0
1725544800000,134.55000000,135.58000000,133.74000000,134.06000000,150607.47700000,1725546599999,20284929.15454000,66480,77605.55800000,10460274.63613000,0
1725546600000,134.07000000,134.23000000,131.90000000,131.91000000,116550.48800000,1725548399999,15485922.42820000,58756,47838.38900000,6354573.48421000,0
1725548400000,131.91000000,132.35000000,130.28000000,130.62000000,160760.28300000,1725550199999,21110664.86146000,62723,65053.24300000,8549615.47085000,0
1725550200000,130.61000000,131.41000000,130.16000000,130.61000000,107317.71600000,1725551999999,14030174.67928000,40757,56940.23800000,7445600.19091000,0
1725552000000,130.61000000,131.12000000,129.93000000,130.31000000,60043.00200000,1725553799999,7837056.95886000,26809,26810.86700000,3502112.35574000,0
1725553800000,130.30000000,130.77000000,129.44000000,130.06000000,70071.42000000,1725555599999,9114453.71011000,28317,35796.32200000,4656097.30259000,0
1725555600000,130.06000000,130.54000000,129.62000000,130.05000000,45433.86200000,1725557399999,5910168.68888000,21836,24928.37900000,3242573.67700000,0
1725557400000,130.06000000,130.87000000,129.80000000,130.81000000,89388.94600000,1725559199999,11639470.30591000,27338,44380.72500000,5781383.80466000,0
1725559200000,130.81000000,131.14000000,130.04000000,130.66000000,75818.23900000,1725560999999,9889946.88656000,24175,34162.14900000,4455595.46026000,0
1725561000000,130.66000000,131.00000000,130.34000000,130.50000000,26432.46000000,1725562799999,3453805.97390000,14083,11342.65000000,1482508.10207000,0
1725562800000,130.50000000,130.65000000,128.65000000,129.09000000,100321.86200000,1725564599999,12986584.71764000,30602,32338.28700000,4185707.46473000,0
1725564600000,129.10000000,129.42000000,127.85000000,128.44000000,155046.21200000,1725566399999,19907960.41583000,41229,58455.85700000,7511340.38822000,0
1725566400000,128.44000000,128.93000000,128.13000000,128.51000000,36664.54400000,1725568199999,4713125.89703000,16935,18530.73300000,2382502.41646000,0
1725568200000,128.52000000,129.03000000,128.26000000,128.36000000,34184.62200000,1725569999999,4395365.09969000,13142,15860.40200000,2040070.48555000,0
1725570000000,128.35000000,129.21000000,128.34000000,129.14000000,23295.21700000,1725571799999,3000720.08692000,7299,14029.49000000,1807367.06591000,0
1725571800000,129.14000000,129.74000000,128.22000000,129.49000000,59718.61800000,1725573599999,7708911.55485000,18275,31252.94800000,4034003.52435000,0
1725573600000,129.49000000,129.91000000,128.39000000,128.92000000,31253.50200000,1725575399999,4034732.29524000,16068,11393.43200000,1470927.69008000,0
1725575400000,128.91000000,129.82000000,128.88000000,129.57000000,34791.40000000,1725577199999,4503166.06918000,13864,18777.67900000,2429701.45347000,0
1725577200000,129.57000000,129.71000000,129.09000000,129.37000000,14190.92400000,1725578999999,1837047.33554000,10102,6045.83400000,782791.44385000,0
1725579000000,129.37000000,129.59000000,129.11000000,129.41000000,17823.68300000,1725580799999,2305789.99134000,9282,8774.68800000,1135056.04930000,0
1725580800000,129.40000000,129.88000000,129.20000000,129.47000000,27056.36200000,1725582599999,3505689.11272000,16361,12989.92900000,1682947.10046000,0
1725582600000,129.46000000,129.56000000,128.66000000,129.44000000,51478.65700000,1725584399999,6639741.33791000,27916,29295.60500000,3778730.58666000,0
1725584400000,129.43000000,129.68000000,128.80000000,129.27000000,24400.07400000,1725586199999,3153145.52064000,25453,10867.33100000,1404400.42336000,0
1725586200000,129.26000000,130.63000000,129.23000000,130.33000000,52899.13600000,1725587999999,6880268.28346000,33328,30516.07400000,3969921.50187000,0
1725588000000,130.33000000,130.89000000,129.98000000,130.76000000,39838.06100000,1725589799999,5200470.20679000,25617,19646.00500000,2565090.22584000,0
1725589800000,130.75000000,131.51000000,130.58000000,131.24000000,58409.57500000,1725591599999,7657325.67764000,25151,34617.04900000,4538605.97884000,0
1725591600000,131.24000000,131.56000000,131.00000000,131.33000000,27671.26800000,1725593399999,3633047.76717000,16213,12184.18300000,1599864.70653000,0
1725593400000,131.34000000,131.42000000,130.70000000,130.70000000,19558.56800000,1725595199999,2563713.93665000,15833,6969.17100000,913695.71526000,0
1725595200000,130.71000000,131.18000000,130.59000000,130.84000000,16666.93000000,1725596999999,2182056.61614000,13573,9442.15400000,1236412.15232000,0
1725597000000,130.83000000,130.94000000,130.37000000,130.43000000,16165.04900000,1725598799999,2111700.66028000,12313,6766.86900000,884104.71413000,0
1725598800000,130.43000000,130.66000000,129.52000000,129.69000000,23983.15100000,1725600599999,3117736.97820000,17260,9455.84400000,1229420.69696000,0
1725600600000,129.68000000,130.37000000,129.54000000,130.22000000,37253.50000000,1725602399999,4841462.12018000,16849,18826.58000000,2446738.77347000,0
1725602400000,130.23000000,130.33000000,129.72000000,129.81000000,18176.96300000,1725604199999,2363621.33922000,12302,9155.96800000,1190777.68810000,0
1725604200000,129.82000000,130.43000000,129.71000000,130.24000000,38546.43800000,1725605999999,5014543.20875000,17271,19244.56000000,2503595.26275000,0
1725606000000,130.24000000,130.28000000,127.44000000,128.14000000,114871.99600000,1725607799999,14732218.88047000,57405,43068.57200000,5522161.26518000,0
1725607800000,128.13000000,128.84000000,127.41000000,128.09000000,87296.47800000,1725609599999,11189438.12613000,53608,43414.80600000,5566302.55310000,0
1725609600000,128.08000000,129.18000000,128.02000000,128.57000000,51019.32800000,1725611399999,6555486.06778000,28588,31170.92700000,4005346.78986000,0
1725611400000,128.57000000,128.66000000,128.15000000,128.53000000,39143.60200000,1725613199999,5028349.73045000,23301,20240.83800000,2600232.40981000,0
1725613200000,128.54000000,128.83000000,128.31000000,128.68000000,30344.49400000,1725614999999,3901600.32037000,17970,14545.30100000,1870102.52593000,0
1725615000000,128.68000000,129.62000000,128.67000000,129.37000000,50194.71300000,1725616799999,6480246.31143000,23741,33229.52300000,4289613.16697000,0
1725616800000,129.36000000,130.95000000,129.35000000,130.68000000,74962.60300000,1725618599999,9753099.84121000,35689,41621.26800000,5413308.85863000,0
1725618600000,130.69000000,131.07000000,130.20000000,130.46000000,62560.02700000,1725620399999,8172273.55044000,31109,26810.47500000,3502063.36019000,0
1725620400000,130.46000000,130.68000000,129.86000000,129.90000000,53448.80200000,1725622199999,6964528.77738000,20067,29013.88000000,3781127.77978000,0
1725622200000,129.90000000,130.63000000,129.80000000,130.24000000,33478.86500000,1725623999999,4356844.99931000,18813,17676.10800000,2300850.59052000,0
1725624000000,130.25000000,130.74000000,129.70000000,129.86000000,59935.39900000,1725625799999,7803436.34320000,30443,24141.71900000,3144069.82991000,0
1725625800000,129.86000000,134.10000000,129.60000000,133.55000000,407244.15600000,1725627599999,53957146.31991000,162565,207408.91700000,27479859.50731000,0
1725627600000,133.54000000,134.29000000,132.82000000,133.76000000,125641.40300000,1725629399999,16801427.99702000,66705,54026.73600000,7228107.35478000,0
1725629400000,133.76000000,134.25000000,130.63000000,130.84000000,197425.24700000,1725631199999,26076864.46631000,141189,75306.10400000,9947615.01895000,0
1725631200000,130.84000000,130.86000000,128.51000000,129.01000000,263251.57900000,1725632999999,34122181.68386000,162380,120344.27100000,15599977.86210000,0
1725633000000,129.01000000,129.93000000,128.42000000,129.16000000,129182.25500000,1725634799999,16665725.51959000,97768,67569.89500000,8719323.13231000,0
1725634800000,129.16000000,130.03000000,126.86000000,127.88000000,236400.15200000,1725636599999,30312724.82707000,159815,109890.87000000,14097786.26303000,0
1725636600000,127.88000000,128.68000000,127.24000000,128.09000000,121613.50900000,1725638399999,15564709.69469000,77537,62590.19700000,8011532.86541000,0
1725638400000,128.08000000,128.33000000,127.10000000,127.70000000,103638.26600000,1725640199999,13247153.17255000,62628,58391.41300000,7464359.64291000,0
1725640200000,127.70000000,128.06000000,125.42000000,126.49000000,203430.03600000,1725641999999,25755526.76098000,103566,96583.05800000,12232640.90532000,0
1725642000000,126.49000000,127.93000000,126.24000000,127.13000000,111444.08700000,1725643799999,14165629.63450000,67407,64393.80100000,8185790.73001000,0
1725643800000,127.13000000,127.24000000,125.38000000,126.74000000,138785.76500000,1725645599999,17545153.94758000,90642,67404.17600000,8523706.39272000,0
1725645600000,126.75000000,126.92000000,125.98000000,126.33000000,83459.86700000,1725647399999,10547578.01053000,41756,33543.32300000,4240898.51478000,0
1725647400000,126.34000000,126.59000000,124.77000000,124.81000000,252102.36300000,1725649199999,31603157.19974000,74408,86798.02900000,10881738.89785000,0
1725649200000,124.81000000,125.90000000,124.59000000,125.16000000,108289.08600000,1725650999999,13562929.07855000,55232,56276.14100000,7051648.06921000,0
1725651000000,125.16000000,126.25000000,123.81000000,125.14000000,349606.69300000,1725652799999,43643116.65115000,119573,147771.75400000,18449303.20196000,0
1725652800000,125.14000000,126.00000000,124.66000000,124.96000000,86659.18900000,1725654599999,10857072.10968000,50573,40778.18400000,5110887.34663000,0
1725654600000,124.95000000,125.10000000,120.88000000,121.26000000,712096.47200000,1725656399999,87410527.24226000,179664,257840.31100000,31643295.38524000,0
1725656400000,121.26000000,123.43000000,120.00000000,123.35000000,453916.78400000,1725658199999,55198477.53485000,133453,191509.77100000,23354893.55707000,0
1725658200000,123.35000000,124.79000000,123.15000000,124.74000000,107457.90700000,1725659999999,13325295.99020000,18857,66527.41900000,8250831.09445000,0
1725660000000,124.73000000,125.00000000,123.97000000,124.90000000,69006.06100000,1725661799999,8593846.03295000,18324,36271.03000000,4518276.65122000,0
1725661800000,124.90000000,125.40000000,124.53000000,124.72000000,44383.70600000,1725663599999,5548376.48915000,15314,19712.91600000,2464877.00057000,0
1725663600000,124.72000000,125.32000000,124.57000000,124.83000000,43036.83600000,1725665399999,5375641.97433000,12410,23830.83500000,2977100.07516000,0
1725665400000,124.84000000,125.14000000,124.65000000,125.05000000,36820.91200000,1725667199999,4599339.22184000,8508,19958.61600000,2493350.40187000,0
1725667200000,125.05000000,125.50000000,124.81000000,125.21000000,67100.60100000,1725668999999,8395507.38506000,18028,36270.43700000,4537831.16963000,0
1725669000000,125.21000000,125.74000000,124.92000000,124.92000000,41330.77200000,1725670799999,5180673.02110000,18393,19032.42300000,2386421.47466000,0
1725670800000,124.93000000,125.21000000,124.51000000,124.89000000,34342.97900000,1725672599999,4288144.29892000,17814,14622.38600000,1825975.80626000,0
1725672600000,124.90000000,124.92000000,124.13000000,124.55000000,36942.75800000,1725674399999,4599199.07545000,16985,15284.48700000,1902791.82150000,0
1725674400000,124.55000000,125.41000000,124.36000000,125.11000000,28659.64400000,1725676199999,3580806.66920000,14632,16729.25000000,2091188.10071000,0
1725676200000,125.10000000,125.41000000,124.94000000,125.11000000,23060.39400000,1725677999999,2886014.79522000,14361,9761.66200000,1221882.46433000,0
1725678000000,125.12000000,125.46000000,125.03000000,125.42000000,19458.17500000,1725679799999,2437768.39686000,11643,10151.06100000,1271853.48655000,0
1725679800000,125.42000000,125.48000000,125.10000000,125.17000000,16695.53900000,1725681599999,2091963.34131000,12220,7455.08100000,934217.33017000,0
1725681600000,125.16000000,125.61000000,125.09000000,125.19000000,20750.30500000,1725683399999,2600191.51603000,10266,9573.65400000,1199750.86908000,0
1725683400000,125.19000000,126.24000000,125.13000000,126.20000000,37364.12100000,1725685199999,4695740.11366000,13328,25042.54200000,3148143.42045000,0
1725685200000,126.20000000,127.24000000,126.05000000,126.47000000,149017.45900000,1725686999999,18883110.04927000,41637,75767.78000000,9598392.42247000,0
1725687000000,126.48000000,127.19000000,126.41000000,126.89000000,116123.10300000,1725688799999,14712035.62897000,25170,69571.54000000,8813987.05221000,0
1725688800000,126.89000000,127.52000000,126.78000000,127.29000000,46124.38400000,1725690599999,5864068.24601000,22739,26246.18000000,3337011.77729000,0
1725690600000,127.28000000,127.43000000,126.77000000,127.42000000,46994.47000000,1725692399999,5976308.87636000,22358,29936.34800000,3807454.27403000,0
1725692400000,127.41000000,128.13000000,127.10000000,128.07000000,120850.72700000,1725694199999,15433956.91583000,27258,68525.64500000,8748561.50535000,0
1725694200000,128.06000000,128.50000000,127.45000000,127.62000000,43877.16700000,1725695999999,5611743.66266000,19989,22945.06000000,2935200.71274000,0
1725696000000,127.62000000,127.65000000,126.80000000,127.46000000,40641.85700000,1725697799999,5171437.99005000,14363,20116.83500000,2559670.95569000,0
1725697800000,127.46000000,127.80000000,127.09000000,127.47000000,30584.35500000,1725699599999,3896098.74182000,16630,15705.22900000,2000746.68097000,0
1725699600000,127.46000000,127.67000000,126.76000000,126.94000000,25358.97100000,1725701399999,3224684.62966000,11909,11972.19500000,1522505.69770000,0
1725701400000,126.94000000,127.41000000,126.89000000,127.14000000,18248.83300000,1725703199999,2319282.76321000,9764,8300.13200000,1054894.96216000,0
1725703200000,127.13000000,127.54000000,127.13000000,127.32000000,14413.05400000,1725704999999,1835486.05054000,10284,7732.89900000,984784.62717000,0
1725705000000,127.32000000,127.50000000,126.87000000,126.88000000,91461.47600000,1725706799999,11628978.50815000,18958,49600.38600000,6304485.19808000,0
1725706800000,126.88000000,127.28000000,126.68000000,127.24000000,37992.87200000,1725708599999,4824577.59654000,12602,19049.72900000,2419308.41114000,0
1725708600000,127.24000000,127.44000000,126.88000000,126.99000000,19225.19300000,1725710399999,2443900.14655000,10812,9436.93500000,1199751.43169000,0
1725710400000,127.00000000,127.40000000,126.99000000,127.23000000,24685.98800000,1725712199999,3140548.28944000,8771,16082.23100000,2045924.12709000,0
1725712200000,127.23000000,127.77000000,127.08000000,127.37000000,24264.85400000,1725713999999,3091912.72352000,9712,14659.45300000,1867666.62978000,0
1725714000000,127.38000000,127.70000000,127.21000000,127.41000000,40287.38100000,1725715799999,5134181.82294000,14271,15479.42300000,1973354.03541000,0
1725715800000,127.42000000,127.78000000,126.88000000,127.09000000,37173.77500000,1725717599999,4732909.06016000,16489,15629.50600000,1991339.08343000,0
1725717600000,127.09000000,127.48000000,126.96000000,127.44000000,19445.09700000,1725719399999,2474845.83231000,14130,9567.66300000,1217648.63208000,0
1725719400000,127.43000000,127.95000000,127.07000000,127.94000000,35729.41100000,1725721199999,4556552.35950000,16719,23281.08000000,2969585.51090000,0
1725721200000,127.95000000,129.07000000,127.89000000,128.99000000,87309.83800000,1725722999999,11219100.08369000,32850,53811.04100000,6914963.11360000,0
1725723000000,128.98000000,129.50000000,128.75000000,128.84000000,93931.78900000,1725724799999,12128527.45131000,29017,48904.53400000,6314088.34877000,0
1725724800000,128.84000000,129.18000000,128.12000000,128.33000000,43832.18200000,1725726599999,5636302.05932000,21418,18311.33800000,2354886.41638000,0
1725726600000,128.31000000,128.46000000,127.42000000,127.51000000,91067.42300000,1725728399999,11639720.58808000,21343,42421.55900000,5420061.43396000,0
1725728400000,127.51000000,127.96000000,127.25000000,127.43000000,29776.32500000,1725730199999,3798129.21397000,15535,14197.56500000,1811310.68181000,0
1725730200000,127.43000000,127.58000000,126.62000000,126.83000000,51351.97200000,1725731999999,6527039.63584000,22141,16854.25600000,2143083.83397000,0
1725732000000,126.82000000,127.47000000,126.26000000,127.30000000,128207.73200000,1725733799999,16260545.10688000,32648,64957.56300000,8239626.50189000,0
1725733800000,127.30000000,127.91000000,127.03000000,127.62000000,31406.07800000,1725735599999,4002783.02305000,17171,17137.50300000,2184459.43343000,0
1725735600000,127.61000000,128.32000000,127.49000000,128.28000000,19615.06800000,1725737399999,2508225.26295000,10868,11647.87800000,1489750.80579000,0
1725737400000,128.27000000,128.86000000,128.00000000,128.31000000,42986.29900000,1725739199999,5523979.51988000,16594,24727.05200000,3178610.65416000,0
1725739200000,128.33000000,128.43000000,127.57000000,127.62000000,25108.82500000,1725740999999,3212622.53880000,11461,7279.67300000,931168.21305000,0
1725741000000,127.62000000,127.80000000,127.29000000,127.29000000,13918.34200000,1725742799999,1775602.94056000,10003,6294.37800000,803078.95569000,0
1725742800000,127.30000000,127.87000000,126.92000000,127.64000000,31873.03900000,1725744599999,4060305.29481000,14006,18033.32500000,2298032.25773000,0
1725744600000,127.64000000,127.64000000,126.68000000,126.89000000,19989.88600000,1725746399999,2543404.05018000,9055,6129.29300000,779364.39600000,0
1725746400000,126.90000000,127.29000000,126.56000000,127.01000000,21230.17700000,1725748199999,2696069.36676000,14226,8983.33100000,1141072.62930000,0
1725748200000,127.02000000,127.06000000,126.59000000,126.81000000,26302.55500000,1725749999999,3336839.65724000,11880,11019.05300000,1398098.45401000,0
1725750000000,126.81000000,127.32000000,126.44000000,127.20000000,21388.68500000,1725751799999,2713620.95620000,10360,11175.14800000,1418234.65791000,0
1725751800000,127.19000000,127.86000000,127.10000000,127.71000000,24095.03500000,1725753599999,3071422.29676000,12250,16040.25900000,2044376.61686000,0
1725753600000,127.72000000,127.93000000,127.25000000,127.45000000,21821.09300000,1725755399999,2783970.91314000,15509,11169.38600000,1424988.62981000,0
1725755400000,127.45000000,127.80000000,126.90000000,127.55000000,35411.94300000,1725757199999,4509846.83449000,12138,19424.33500000,2474481.39095000,0
1725757200000,127.56000000,128.29000000,127.49000000,127.85000000,30194.39200000,1725758999999,3862705.95107000,14246,16535.19200000,2115648.48862000,0
1725759000000,127.85000000,128.02000000,127.63000000,127.90000000,13200.40300000,1725760799999,1687283.05625000,6747,6123.81200000,782807.60542000,0
1725760800000,127.89000000,128.38000000,127.87000000,128.31000000,15819.04700000,1725762599999,2026663.95509000,9560,9235.52000000,1183271.50902000,0
1725762600000,128.31000000,128.49000000,127.90000000,128.20000000,30591.94500000,1725764399999,3922677.92001000,10692,18536.55000000,2377834.14526000,0
1725764400000,128.21000000,128.51000000,128.07000000,128.12000000,17705.70300000,1725766199999,2271801.01473000,9433,9106.29900000,1168720.60207000,0
1725766200000,128.12000000,128.28000000,127.83000000,128.28000000,14154.24600000,1725767999999,1812145.43006000,7448,7390.36400000,946390.02107000,0
1725768000000,128.28000000,128.48000000,128.06000000,128.36000000,15734.10000000,1725769799999,2017803.90861000,7439,6847.56800000,878261.84507000,0
1725769800000,128.35000000,128.74000000,128.13000000,128.49000000,17585.83600000,1725771599999,2258172.51979000,10585,9626.17000000,1236280.12121000,0
1725771600000,128.49000000,128.49000000,128.12000000,128.23000000,23445.08100000,1725773399999,3007737.22758000,10657,9011.15500000,1155976.72419000,0
1725773400000,128.24000000,128.32000000,127.86000000,127.88000000,25845.52900000,1725775199999,3310114.28232000,8829,11877.23200000,1521258.32406000,0
1725775200000,127.88000000,128.46000000,127.85000000,128.32000000,13177.21800000,1725776999999,1689922.68442000,7532,6354.30300000,815101.93246000,0
1725777000000,128.33000000,128.52000000,128.17000000,128.32000000,24793.10500000,1725778799999,3182788.74493000,7376,15008.99100000,1926617.76001000,0
1725778800000,128.33000000,129.45000000,128.31000000,129.18000000,98496.78200000,1725780599999,12717250.76613000,20194,54414.05800000,7024596.03600000,0
1725780600000,129.17000000,130.13000000,129.15000000,129.59000000,60004.06700000,1725782399999,7782704.88652000,21231,38505.40100000,4994055.68232000,0
1725782400000,129.60000000,129.73000000,129.20000000,129.26000000,31474.19100000,1725784199999,4072365.36431000,12265,15836.71700000,2049159.78390000,0
1725784200000,129.26000000,129.91000000,129.20000000,129.82000000,47718.81100000,1725785999999,6185868.42545000,17977,27312.66600000,3539990.84026000,0
1725786000000,129.83000000,130.97000000,129.76000000,130.49000000,75468.38400000,1725787799999,9839772.82575000,28452,35912.27500000,4682617.19390000,0
1725787800000,130.50000000,130.59000000,129.63000000,129.64000000,36526.98300000,1725789599999,4747042.57208000,13229,11900.80900000,1547379.86564000,0
1725789600000,129.65000000,130.66000000,129.63000000,130.43000000,77760.81600000,1725791399999,10127154.03125000,16797,48101.50100000,6265757.42793000,0
1725791400000,130.43000000,130.75000000,130.26000000,130.68000000,41264.22400000,1725793199999,5386107.17021000,11576,20879.94100000,2725663.08323000,0
1725793200000,130.68000000,130.95000000,130.33000000,130.39000000,54239.43300000,1725794999999,7090642.19646000,16791,17635.11400000,2305322.42189000,0
1725795000000,130.38000000,130.87000000,130.00000000,130.08000000,37367.70000000,1725796799999,4871252.52570000,17005,18077.84900000,2357349.86527000,0
1725796800000,130.08000000,130.27000000,129.28000000,129.45000000,47464.53300000,1725798599999,6164766.20631000,17374,20330.10500000,2641444.04362000,0
1725798600000,129.45000000,129.62000000,128.66000000,128.77000000,69464.78200000,1725800399999,8970371.19243000,27633,27888.54100000,3601976.95417000,0
1725800400000,128.76000000,129.08000000,128.33000000,128.99000000,39427.89600000,1725802199999,5076270.62979000,19906,22100.89600000,2845850.81035000,0
1725802200000,128.99000000,129.07000000,128.38000000,128.99000000,27902.97600000,1725803999999,3593741.20156000,15818,14156.65900000,1823275.08844000,0
1725804000000,128.98000000,129.16000000,127.94000000,128.16000000,45043.15100000,1725805799999,5783460.03674000,22160,16687.92500000,2143987.30374000,0
1725805800000,128.15000000,128.37000000,127.62000000,127.66000000,69412.19000000,1725807599999,8886851.83004000,16193,35437.54800000,4535884.95206000,0
1725807600000,127.65000000,127.98000000,126.93000000,126.99000000,98677.41800000,1725809399999,12573757.63335000,24131,47973.26900000,6113196.25181000,0
1725809400000,126.99000000,127.46000000,126.61000000,126.74000000,70942.23600000,1725811199999,9019195.17676000,26689,29803.24700000,3789647.69744000,0
1725811200000,126.75000000,127.33000000,126.63000000,127.31000000,46858.45600000,1725812999999,5951739.67073000,25592,22983.62800000,2919771.61049000,0
1725813000000,127.31000000,128.36000000,127.26000000,127.75000000,46027.29000000,1725814799999,5883485.05798000,20529,27229.51200000,3480456.47368000,0
1725814800000,127.75000000,128.71000000,127.72000000,128.34000000,38292.97200000,1725816599999,4913220.63645000,19180,20116.90900000,2580733.90388000,0
1725816600000,128.34000000,129.32000000,128.29000000,129.22000000,34637.14300000,1725818399999,4459898.28490000,17537,19378.57300000,2495456.61796000,0
1725818400000,129.23000000,129.36000000,128.67000000,128.70000000,36129.40600000,1725820199999,4662712.37733000,15349,20254.75000000,2615029.11135000,0
1725820200000,128.70000000,129.07000000,128.64000000,128.81000000,22474.48300000,1725821999999,2895748.52429000,10517,9471.67900000,1220579.09124000,0
1725822000000,128.81000000,129.09000000,128.41000000,128.55000000,16894.25700000,1725823799999,2175523.56552000,10650,6476.81200000,833867.62144000,0
1725823800000,128.54000000,128.89000000,128.47000000,128.71000000,10054.29300000,1725825599999,1293963.51415000,9056,5036.73800000,648195.08523000,0
1725825600000,128.71000000,128.92000000,128.52000000,128.61000000,16812.52800000,1725827399999,2163625.39258000,7716,7253.16700000,933709.48345000,0
1725827400000,128.61000000,128.88000000,128.34000000,128.81000000,19002.20500000,1725829199999,2443519.88203000,10189,9245.77100000,1189203.92597000,0
1725829200000,128.82000000,129.90000000,128.81000000,129.05000000,44585.28300000,1725830999999,5769700.78046000,20010,24573.70500000,3179480.54477000,0
1725831000000,129.05000000,129.54000000,128.95000000,129.19000000,22624.03800000,1725832799999,2922741.48613000,12142,11731.50200000,1515569.28259000,0
1725832800000,129.18000000,131.70000000,128.74000000,131.48000000,107570.01000000,1725834599999,14038221.49478000,46796,59231.66500000,7730013.35202000,0
1725834600000,131.47000000,131.52000000,129.32000000,129.40000000,121138.83800000,1725836399999,15772604.26397000,50800,50606.25300000,6586892.75566000,0
1725836400000,129.40000000,130.23000000,129.18000000,130.12000000,35659.97800000,1725838199999,4632154.37576000,21166,19041.63100000,2473531.88416000,0
1725838200000,130.12000000,130.29000000,129.65000000,130.15000000,25022.47200000,1725839999999,3253170.66050000,15546,10652.51000000,1385202.29581000,0
1725840000000,130.15000000,131.02000000,129.95000000,130.31000000,67677.22900000,1725841799999,8826595.35031000,26155,40565.34900000,5289653.36097000,0
1725841800000,130.31000000,130.47000000,129.09000000,130.12000000,54753.30100000,1725843599999,7103000.13262000,25345,21392.95700000,2778282.18988000,0
1725843600000,130.12000000,130.84000000,129.45000000,129.68000000,58880.07500000,1725845399999,7669920.42270000,35384,25124.72200000,3274308.07630000,0
1725845400000,129.67000000,130.45000000,129.22000000,129.83000000,47210.71100000,1725847199999,6125871.32045000,26150,24516.74800000,3180831.94336000,0
1725847200000,129.83000000,129.94000000,128.44000000,128.59000000,51516.78500000,1725848999999,6655349.91895000,25029,20596.91700000,2662454.52197000,0
1725849000000,128.60000000,129.34000000,128.35000000,129.33000000,39060.61300000,1725850799999,5030012.35949000,20201,23952.33800000,3084900.60622000,0
1725850800000,129.34000000,129.37000000,127.93000000,128.31000000,50302.53400000,1725852599999,6460570.13728000,23442,20260.13500000,2600494.90888000,0
1725852600000,128.32000000,129.05000000,128.27000000,128.59000000,29192.36700000,1725854399999,3756264.30855000,16717,15496.72000000,1994238.59463000,0
1725854400000,128.59000000,128.83000000,127.90000000,128.20000000,24698.36000000,1725856199999,3170751.86660000,17427,9551.48100000,1226701.49452000,0
1725856200000,128.19000000,128.61000000,128.11000000,128.31000000,27837.07800000,1725857999999,3574158.33357000,12396,14216.60100000,1825088.14296000,0
1725858000000,128.31000000,128.45000000,127.83000000,128.14000000,32179.58600000,1725859799999,4123273.81337000,15930,16154.87900000,2070022.91366000,0
1725859800000,128.13000000,128.54000000,127.51000000,127.81000000,37014.26600000,1725861599999,4733897.01574000,18481,19051.40900000,2436896.76703000,0
1725861600000,127.81000000,128.29000000,127.69000000,128.17000000,24705.41100000,1725863399999,3162230.86263000,13166,14705.81600000,1882744.46520000,0
1725863400000,128.17000000,128.75000000,128.17000000,128.64000000,32782.07200000,1725865199999,4211219.69377000,16474,19935.58500000,2561164.84184000,0
1725865200000,128.65000000,128.74000000,128.22000000,128.52000000,34169.91700000,1725866999999,4390025.16850000,13770,16836.81700000,2163077.23779000,0
1725867000000,128.53000000,129.40000000,128.41000000,129.31000000,40289.55800000,1725868799999,5195623.39659000,17550,22783.08700000,2937654.39380000,0
1725868800000,129.30000000,129.91000000,129.22000000,129.81000000,54949.36000000,1725870599999,7124579.67329000,21898,28082.56100000,3640908.71197000,0
1725870600000,129.81000000,130.23000000,129.45000000,129.97000000,41372.83100000,1725872399999,5370854.01601000,18930,25405.57300000,3298953.94043000,0
1725872400000,129.98000000,131.00000000,129.88000000,130.09000000,97937.51100000,1725874199999,12759611.15988000,30195,53057.57600000,6914566.85709000,0
1725874200000,130.08000000,130.25000000,129.29000000,129.47000000,66330.92800000,1725875999999,8608157.69770000,18046,28526.84900000,3701236.55120000,0
1725876000000,129.47000000,130.37000000,129.19000000,130.18000000,88539.48500000,1725877799999,11500860.82082000,38876,43453.94800000,5643425.29963000,0
1725877800000,130.18000000,130.30000000,129.82000000,129.91000000,34846.21400000,1725879599999,4532742.14632000,11265,15236.56700000,1981852.12162000,0
1725879600000,129.90000000,129.96000000,129.44000000,129.74000000,22687.32300000,1725881399999,2940898.80759000,11926,10931.01200000,1416923.11337000,0
1725881400000,129.74000000,129.80000000,129.28000000,129.44000000,26026.37700000,1725883199999,3370189.31977000,11737,11025.98000000,1427636.09347000,0
1725883200000,129.44000000,129.52000000,128.53000000,128.68000000,46142.29700000,1725884999999,5958589.57742000,21736,19561.36200000,2526429.33191000,0
1725885000000,128.69000000,129.44000000,128.54000000,129.30000000,37637.33300000,1725886799999,4855005.08518000,22583,20709.67400000,2671823.00881000,0
1725886800000,129.29000000,129.73000000,128.70000000,129.12000000,58851.95300000,1725888599999,7600155.60151000,24470,32202.62600000,4160352.70324000,0
1725888600000,129.12000000,130.21000000,128.73000000,129.74000000,107461.47400000,1725890399999,13901510.27255000,59654,70177.00800000,9082026.73880000,0
1725890400000,129.74000000,130.08000000,127.86000000,128.01000000,159217.57100000,1725892199999,20478814.79670000,76376,56785.80800000,7302437.14402000,0
1725892200000,128.01000000,128.02000000,126.96000000,127.18000000,132824.38800000,1725893999999,16917647.25952000,62574,62408.18400000,7949202.16102000,0
1725894000000,127.17000000,128.36000000,127.10000000,128.06000000,91123.20600000,1725895799999,11629638.63153000,49208,51790.26900000,6610571.71282000,0
1725895800000,128.06000000,128.66000000,127.83000000,128.41000000,53459.50400000,1725897599999,6858317.86524000,31537,26468.36500000,3396475.26308000,0
1725897600000,128.40000000,131.20000000,128.26000000,130.61000000,191401.35000000,1725899399999,24934066.80175000,81652,117499.51600000,15299077.41180000,0
1725899400000,130.61000000,133.25000000,129.79000000,132.65000000,347311.16100000,1725901199999,45777244.04920000,96083,188485.15000000,24850619.76270000,0
1725901200000,132.66000000,133.85000000,132.45000000,133.64000000,210470.02500000,1725902999999,28025768.00957000,71302,107789.15600000,14358270.63995000,0
1725903000000,133.64000000,133.70000000,132.72000000,132.89000000,112047.07000000,1725904799999,14921361.72720000,41359,46922.09800000,6250545.58886000,0
1725904800000,132.90000000,133.27000000,132.18000000,132.59000000,116746.64800000,1725906599999,15506176.03721000,45414,49511.75400000,6575230.46472000,0
1725906600000,132.58000000,133.49000000,132.45000000,133.22000000,92627.63000000,1725908399999,12320518.40933000,30552,43028.68100000,5723905.72156000,0
1725908400000,133.22000000,134.15000000,133.05000000,134.01000000,77980.43100000,1725910199999,10426260.47020000,32220,39997.44600000,5349445.57083000,0
1725910200000,134.01000000,135.00000000,133.88000000,134.98000000,97782.12300000,1725911999999,13145502.99429000,41586,57349.51000000,7711574.65348000,0
1725912000000,134.98000000,135.30000000,133.72000000,134.12000000,102454.52600000,1725913799999,13768824.11764000,34106,47930.09500000,6450222.70021000,0
1725913800000,134.11000000,134.69000000,133.98000000,134.69000000,28231.98600000,1725915599999,3791083.78065000,16684,12482.92100000,1676476.25473000,0
1725915600000,134.69000000,137.09000000,134.48000000,135.63000000,242249.94000000,1725917399999,32932617.13074000,81136,134170.84200000,18235868.10020000,0
1725917400000,135.62000000,135.79000000,134.48000000,135.12000000,68776.23000000,1725919199999,9298191.42936000,32882,35574.71700000,4810576.78633000,0
1725919200000,135.11000000,135.66000000,134.61000000,134.73000000,37272.46200000,1725920999999,5033973.95901000,23800,15850.55500000,2141321.69289000,0
1725921000000,134.73000000,134.80000000,133.88000000,134.45000000,71013.63000000,1725922799999,9538854.89135000,23951,34139.77600000,4586053.43331000,0
1725922800000,134.46000000,135.07000000,134.06000000,135.07000000,42396.77400000,1725924599999,5709612.69697000,19509,24297.03700000,3272706.74528000,0
1725924600000,135.06000000,135.28000000,134.70000000,135.08000000,54517.27400000,1725926399999,7359130.28099000,16108,22730.60000000,3068842.67603000,0
1725926400000,135.07000000,135.20000000,133.44000000,133.45000000,95809.88300000,1725928199999,12851056.13984000,33741,26043.25900000,3493991.16765000,0
1725928200000,133.45000000,134.05000000,133.45000000,134.04000000,55739.34300000,1725929999999,7455210.55678000,20273,26879.05000000,3596791.52140000,0
1725930000000,134.03000000,134.23000000,133.17000000,133.50000000,45869.49700000,1725931799999,6129927.04501000,17998,18038.62900000,2409855.79375000,0
1725931800000,133.51000000,133.63000000,132.93000000,133.38000000,35698.41200000,1725933599999,4755715.64872000,19956,15817.54300000,2107113.12547000,0
1725933600000,133.38000000,133.41000000,132.84000000,132.92000000,23930.98900000,1725935399999,3183457.75640000,15688,10798.44300000,1436747.52170000,0
1725935400000,132.91000000,133.59000000,132.89000000,133.37000000,19223.03100000,1725937199999,2563347.52898000,10812,12291.98200000,1638905.74810000,0
1725937200000,133.37000000,133.52000000,132.95000000,133.24000000,19583.50900000,1725938999999,2607932.48718000,12384,10841.38300000,1443330.32437000,0
1725939000000,133.25000000,133.31000000,132.79000000,132.91000000,16347.27700000,1725940799999,2174483.07244000,9901,6840.84300000,909840.31965000,0
1725940800000,132.91000000,133.50000000,132.91000000,133.23000000,15679.55700000,1725942599999,2089935.62103000,11083,9573.98000000,1276183.76305000,0
1725942600000,133.23000000,133.23000000,132.50000000,132.98000000,29917.89700000,1725944399999,3972922.95942000,15194,10867.96900000,1443445.41727000,0
1725944400000,132.98000000,133.93000000,132.88000000,133.80000000,30141.51200000,1725946199999,4025084.95199000,17007,17643.71700000,2355977.63659000,0
1725946200000,133.80000000,134.58000000,133.59000000,134.57000000,39187.44300000,1725947999999,5252434.39990000,16099,27155.03100000,3641013.10571000,0
1725948000000,134.57000000,134.58000000,133.74000000,134.05000000,32743.30500000,1725949799999,4389331.95752000,16874,16499.64400000,2211567.71404000,0
1725949800000,134.06000000,134.08000000,133.80000000,133.89000000,15820.86000000,1725951599999,2118962.23397000,12142,8862.91300000,1187046.97889000,0
1725951600000,133.90000000,135.29000000,133.70000000,134.71000000,57515.44400000,1725953399999,7735777.51339000,23927,32013.14100000,4307848.61129000,0
1725953400000,134.71000000,135.28000000,134.64000000,134.96000000,41321.34100000,1725955199999,5577081.08230000,24552,21950.93000000,2962254.72876000,0
1725955200000,134.96000000,135.48000000,134.76000000,134.95000000,41577.74200000,1725956999999,5616049.75067000,20340,21664.02600000,2926101.62271000,0
1725957000000,134.95000000,134.98000000,134.40000000,134.65000000,59801.66100000,1725958799999,8048579.69421000,19913,19243.70100000,2590266.77836000,0
1725958800000,134.66000000,134.80000000,134.23000000,134.69000000,27031.81400000,1725960599999,3636900.20746000,15206,10025.57200000,1349150.93956000,0
1725960600000,134.70000000,135.00000000,134.44000000,134.55000000,29514.04500000,1725962399999,3978344.10493000,15998,19170.91000000,2584403.73049000,0
1725962400000,134.56000000,134.83000000,134.02000000,134.77000000,40611.92500000,1725964199999,5461248.85059000,21223,21852.20500000,2939778.50654000,0
1725964200000,134.76000000,135.15000000,134.56000000,134.94000000,47976.04200000,1725965999999,6471892.49761000,17157,33996.80300000,4586473.47974000,0
1725966000000,134.95000000,135.30000000,134.88000000,134.95000000,33359.07900000,1725967799999,4505753.14256000,13120,18266.09600000,2467338.55311000,0
1725967800000,134.94000000,135.38000000,134.58000000,135.23000000,26893.37300000,1725969599999,3632412.54349000,13757,15303.46600000,2067155.69753000,0
1725969600000,135.23000000,135.58000000,134.66000000,134.82000000,35093.21100000,1725971399999,4744500.46003000,20318,15523.65800000,2099673.47610000,0
1725971400000,134.82000000,135.06000000,134.32000000,134.45000000,42502.64200000,1725973199999,5725324.90853000,22650,19928.61200000,2685225.78201000,0
1725973200000,134.46000000,134.52000000,133.70000000,133.79000000,50965.69500000,1725974999999,6826431.66615000,23304,18365.28500000,2459639.35078000,0
1725975000000,133.78000000,134.42000000,133.37000000,134.04000000,79992.93900000,1725976799999,10706771.80165000,49596,35140.74400000,4706444.62286000,0
1725976800000,134.04000000,136.00000000,133.70000000,135.93000000,132545.41400000,1725978599999,17844677.28999000,75038,62182.64800000,8379248.56787000,0
1725978600000,135.92000000,136.07000000,134.67000000,135.15000000,78477.39300000,1725980399999,10618717.18762000,59670,40858.90700000,5528696.22928000,0
1725980400000,135.16000000,136.18000000,134.45000000,136.04000000,69096.83000000,1725982199999,9355959.30530000,53164,36333.87600000,4921905.64117000,0
1725982200000,136.03000000,136.40000000,134.13000000,134.14000000,72626.20800000,1725983999999,9829633.14399000,59193,34197.10300000,4632659.18389000,0
1725984000000,134.14000000,134.57000000,133.77000000,134.21000000,64298.00900000,1725985799999,8625458.03221000,40108,28605.51400000,3837619.58775000,0
1725985800000,134.22000000,134.92000000,134.01000000,134.50000000,20939.54400000,1725987599999,2815075.32300000,22905,10716.64500000,1440899.88104000,0
1725987600000,134.49000000,136.55000000,134.37000000,135.43000000,111497.46000000,1725989399999,15128734.18578000,54010,65283.62000000,8858079.71646000,0
1725989400000,135.42000000,136.05000000,135.40000000,135.75000000,38306.09200000,1725991199999,5202218.75830000,23421,20490.36000000,2782748.80373000,0
1725991200000,135.76000000,137.34000000,135.76000000,136.92000000,117964.93700000,1725992999999,16123765.86243000,52407,72194.51300000,9865547.82736000,0
1725993000000,136.93000000,138.00000000,136.42000000,136.74000000,113435.72900000,1725994799999,15574636.66553000,53840,50933.00000000,6993080.60856000,0
1725994800000,136.74000000,136.80000000,135.81000000,136.01000000,64786.64700000,1725996599999,8823205.69972000,29838,27591.95300000,3757120.72612000,0
1725996600000,136.01000000,137.01000000,135.92000000,136.65000000,68375.38400000,1725998399999,9336121.79965000,34561,35240.53500000,4811990.01422000,0
1725998400000,136.65000000,136.79000000,135.95000000,136.24000000,34098.29100000,1726000199999,4647740.04015000,21680,14705.95000000,2004965.17471000,0
1726000200000,136.24000000,136.42000000,135.67000000,135.67000000,30310.68300000,1726001999999,4124934.55713000,16169,14878.09100000,2025408.00335000,0
1726002000000,135.67000000,136.18000000,135.33000000,135.49000000,49271.80900000,1726003799999,6685065.91561000,17544,26294.11500000,3569225.89587000,0
1726003800000,135.49000000,135.81000000,135.14000000,135.39000000,38259.49700000,1726005599999,5184408.77490000,12183,18533.09700000,2512073.02332000,0
1726005600000,135.40000000,136.09000000,135.16000000,135.58000000,32013.85900000,1726007399999,4341049.39134000,17043,16417.57800000,2226858.77284000,0
1726007400000,135.59000000,136.03000000,135.49000000,135.98000000,28770.44200000,1726009199999,3908034.94938000,11651,16360.04600000,2222182.88377000,0
1726009200000,135.98000000,136.09000000,135.61000000,135.82000000,29344.13900000,1726010999999,3988900.80467000,10739,10471.47800000,1423622.84612000,0
1726011000000,135.81000000,135.84000000,135.37000000,135.63000000,20903.38500000,1726012799999,2834085.09870000,13591,9319.55600000,1263569.53028000,0
1726012800000,135.64000000,135.79000000,135.07000000,135.26000000,22009.62600000,1726014599999,2980895.17881000,18352,10440.66700000,1414036.88855000,0
1726014600000,135.26000000,135.91000000,135.13000000,135.56000000,40801.22100000,1726016399999,5533453.02107000,20093,20737.45700000,2812434.50931000,0
1726016400000,135.56000000,135.58000000,134.61000000,134.76000000,39106.83200000,1726018199999,5281209.77830000,26037,16002.20700000,2161543.50477000,0
1726018200000,134.77000000,134.78000000,133.28000000,133.43000000,166892.95400000,1726019999999,22353492.30782000,70673,76954.15900000,10306006.10966000,0
1726020000000,133.42000000,134.38000000,133.37000000,134.05000000,38498.05300000,1726021799999,5155571.79830000,26477,21529.94400000,2883392.00102000,0
1726021800000,134.05000000,134.50000000,133.40000000,134.00000000,63866.62300000,1726023599999,8557755.91831000,32905,32775.34500000,4393423.29493000,0
1726023600000,133.99000000,134.13000000,133.45000000,133.97000000,39255.39500000,1726025399999,5252531.86215000,24064,22506.66700000,3011808.70250000,0
1726025400000,133.97000000,134.03000000,133.33000000,133.65000000,41609.99900000,1726027199999,5561650.76802000,18300,19883.24700000,2657781.00679000,0
1726027200000,133.64000000,133.64000000,132.25000000,132.74000000,85554.11600000,1726028999999,11355224.77243000,38118,30667.28800000,4069895.58024000,0
1726029000000,132.75000000,132.75000000,131.61000000,132.26000000,77102.25700000,1726030799999,10186469.14866000,30550,31500.35000000,4162489.70453000,0
1726030800000,132.27000000,132.31000000,131.27000000,131.56000000,61037.75000000,1726032599999,8037379.07783000,25307,27916.21800000,3675961.98385000,0
1726032600000,131.56000000,132.00000000,131.37000000,131.39000000,68480.83600000,1726034399999,9014998.71822000,21033,32945.02900000,4337424.63569000,0
1726034400000,131.39000000,132.19000000,131.07000000,131.83000000,98403.31500000,1726036199999,12976317.82317000,26098,50976.26100000,6722435.20271000,0
1726036200000,131.82000000,132.27000000,131.49000000,131.64000000,58066.77300000,1726037999999,7663381.32028000,16997,29705.61000000,3920088.16324000,0
1726038000000,131.65000000,132.22000000,131.56000000,132.21000000,35411.63300000,1726039799999,4671475.78883000,15755,23835.91600000,3144484.63605000,0
1726039800000,132.22000000,132.60000000,131.91000000,132.45000000,59502.10100000,1726041599999,7874338.85008000,14323,43202.39100000,5717041.74339000,0
1726041600000,132.44000000,132.45000000,131.53000000,131.86000000,30237.87600000,1726043399999,3989114.25308000,13296,14866.06200000,1960987.39360000,0
1726043400000,131.86000000,131.87000000,130.92000000,131.32000000,64372.82200000,1726045199999,8451537.35758000,26725,27596.12000000,3623138.90374000,0
1726045200000,131.32000000,131.78000000,131.25000000,131.41000000,31173.43900000,1726046999999,4100545.78176000,19053,17473.37500000,2298694.54932000,0
1726047000000,131.41000000,131.74000000,131.15000000,131.52000000,27121.94200000,1726048799999,3565781.54759000,18403,17242.13500000,2267223.50584000,0
1726048800000,131.52000000,131.53000000,130.36000000,130.88000000,41344.84000000,1726050599999,5414582.76471000,24669,17761.04300000,2326381.58358000,0
1726050600000,130.87000000,131.20000000,130.55000000,130.95000000,31604.79700000,1726052399999,4136916.73615000,21483,16318.90800000,2136463.89531000,0
1726052400000,130.95000000,131.78000000,130.95000000,131.52000000,53076.76600000,1726054199999,6974854.63309000,26607,34760.72200000,4567899.06668000,0
1726054200000,131.52000000,132.24000000,131.50000000,132.00000000,50203.16600000,1726055999999,6620709.46706000,25793,28002.94600000,3692965.11993000,0
1726056000000,131.99000000,132.34000000,131.70000000,132.17000000,39676.67500000,1726057799999,5235905.33296000,22363,21101.67200000,2784858.91792000,0
1726057800000,132.16000000,132.70000000,130.70000000,131.99000000,140689.41300000,1726059599999,18531048.64747000,81559,72583.97700000,9563874.65767000,0
1726059600000,131.98000000,133.33000000,131.85000000,132.33000000,102272.36100000,1726061399999,13578685.10040000,58962,55363.91200000,7351620.04801000,0
1726061400000,132.33000000,132.33000000,129.33000000,129.61000000,199011.57400000,1726063199999,26008451.19532000,126131,75016.36700000,9807851.95777000,0
1726063200000,129.61000000,130.10000000,128.98000000,129.50000000,113946.03400000,1726064999999,14766743.50976000,86494,51619.52000000,6692702.24100000,0
1726065000000,129.51000000,129.79000000,128.20000000,129.78000000,138912.54600000,1726066799999,17896103.62097000,84728,64300.07800000,8287657.61797000,0
1726066800000,129.78000000,130.85000000,129.11000000,130.65000000,105908.11600000,1726068599999,13767721.47957000,60855,60214.65800000,7827811.67493000,0
1726068600000,130.65000000,132.35000000,130.42000000,131.17000000,149840.59000000,1726070399999,19699932.70593000,75951,72727.73100000,9564729.79472000,0
1726070400000,131.17000000,132.29000000,131.05000000,131.86000000,86310.84200000,1726072199999,11369490.75533000,54708,43843.52600000,5774516.91837000,0
1726072200000,131.87000000,132.44000000,131.51000000,131.98000000,84010.01600000,1726073999999,11087505.95467000,44820,48559.24500000,6408625.53580000,0
1726074000000,131.99000000,133.12000000,131.91000000,132.36000000,113864.11800000,1726075799999,15110415.90037000,60338,66581.19400000,8836255.61535000,0
1726075800000,132.36000000,133.47000000,131.93000000,133.09000000,111239.87400000,1726077599999,14775866.49098000,53325,60990.15500000,8102070.84450000,0
1726077600000,133.08000000,133.57000000,133.07000000,133.41000000,54671.47700000,1726079399999,7288335.42922000,37172,30959.79000000,4127624.64416000,0
1726079400000,133.41000000,133.51000000,131.86000000,132.26000000,91545.01900000,1726081199999,12137455.18078000,55802,41985.13600000,5565572.88801000,0
1726081200000,132.26000000,132.29000000,131.66000000,131.96000000,38494.90700000,1726082999999,5078272.06383000,28455,17762.13500000,2343059.59624000,0
1726083000000,131.96000000,132.93000000,131.92000000,132.70000000,40659.28000000,1726084799999,5379701.59563000,33407,19969.94500000,2642148.35996000,0
1726084800000,132.70000000,133.11000000,132.52000000,132.80000000,26395.22300000,1726086599999,3505318.68166000,20990,11811.29100000,1568686.95228000,0
1726086600000,132.79000000,132.89000000,132.33000000,132.62000000,20766.21900000,1726088399999,2753909.08908000,14043,6964.63900000,923757.78919000,0
1726088400000,132.62000000,132.88000000,132.10000000,132.14000000,20291.19000000,1726090199999,2688662.96488000,12583,7928.42400000,1050784.89397000,0
1726090200000,132.14000000,132.64000000,131.99000000,132.36000000,29830.60700000,1726091999999,3947422.14067000,11274,10204.56300000,1350457.99051000,0
1726092000000,132.36000000,132.60000000,132.14000000,132.36000000,26687.65200000,1726093799999,3533541.74722000,15172,13116.32000000,1736718.37617000,0
1726093800000,132.37000000,132.59000000,132.23000000,132.58000000,21293.16500000,1726095599999,2819999.05278000,9004,7125.39400000,943610.66163000,0
1726095600000,132.58000000,132.76000000,132.21000000,132.31000000,28698.36200000,1726097399999,3799055.29917000,13783,12210.22100000,1616210.27915000,0
1726097400000,132.31000000,132.82000000,132.28000000,132.42000000,29633.02600000,1726099199999,3928673.60671000,11593,15509.92700000,2056458.93970000,0
1726099200000,132.43000000,133.43000000,132.38000000,133.13000000,64284.68800000,1726100999999,8548109.49748000,28964,36633.97500000,4870951.67648000,0
1726101000000,133.13000000,134.21000000,132.89000000,133.60000000,91865.64600000,1726102799999,12285038.85936000,43235,54708.32900000,7315745.85357000,0
1726102800000,133.60000000,134.53000000,133.60000000,134.52000000,34684.68000000,1726104599999,4650527.09974000,23233,19022.16700000,2550601.72110000,0
1726104600000,134.52000000,134.94000000,133.95000000,134.78000000,57069.95900000,1726106399999,7671171.81576000,32550,31052.29600000,4173945.91141000,0
1726106400000,134.77000000,135.95000000,134.53000000,135.19000000,143448.96500000,1726108199999,19414087.49845000,69676,80277.78700000,10865091.15738000,0
1726108200000,135.20000000,135.98000000,134.94000000,135.41000000,46340.65300000,1726109999999,6278246.24638000,24452,24753.55200000,3353269.54939000,0
1726110000000,135.41000000,136.00000000,135.27000000,135.42000000,44131.24200000,1726111799999,5986205.95269000,23578,21530.61500000,2920333.88469000,0
1726111800000,135.42000000,135.84000000,135.06000000,135.62000000,33108.25100000,1726113599999,4485406.03509000,20248,16211.75100000,2197197.82547000,0
1726113600000,135.61000000,136.25000000,135.52000000,135.80000000,42010.19000000,1726115399999,5711867.98880000,23295,24607.48700000,3345370.38359000,0
1726115400000,135.81000000,135.87000000,135.08000000,135.21000000,26584.59200000,1726117199999,3599877.84876000,17329,10811.91100000,1463963.28298000,0
1726117200000,135.22000000,135.22000000,134.64000000,134.89000000,35552.67200000,1726118999999,4797319.51093000,19934,15262.59800000,2059212.69078000,0
1726119000000,134.89000000,135.50000000,134.46000000,134.90000000,66159.43600000,1726120799999,8925918.02930000,27602,32232.58400000,4351554.22342000,0
1726120800000,134.90000000,135.43000000,134.59000000,134.76000000,26813.25400000,1726122599999,3618342.27234000,16303,12538.42500000,1692269.67467000,0
1726122600000,134.77000000,134.83000000,134.31000000,134.60000000,32741.15000000,1726124399999,4405478.36241000,17075,17333.40500000,2331878.40699000,0
1726124400000,134.60000000,135.06000000,134.45000000,135.05000000,24946.55800000,1726126199999,3360662.62612000,15883,14589.78300000,1966117.98746000,0
1726126200000,135.05000000,135.28000000,134.64000000,134.90000000,31475.26600000,1726127999999,4245905.43729000,17466,13117.96800000,1769477.23148000,0
1726128000000,134.90000000,135.21000000,134.75000000,135.10000000,33587.92100000,1726129799999,4535209.91599000,16806,19419.51700000,2622030.59115000,0
1726129800000,135.09000000,135.39000000,134.79000000,134.93000000,47141.28300000,1726131599999,6371328.16832000,20601,23818.38600000,3218947.72352000,0
1726131600000,134.93000000,135.05000000,134.58000000,134.82000000,22194.99400000,1726133399999,2993433.68343000,13646,11013.62500000,1485537.78930000,0
1726133400000,134.82000000,135.08000000,134.40000000,134.44000000,29097.69500000,1726135199999,3918800.16144000,14582,12278.43500000,1653868.70635000,0
1726135200000,134.44000000,134.84000000,134.21000000,134.55000000,32583.81400000,1726136999999,4382784.80183000,15020,15293.65000000,2057593.63290000,0
1726137000000,134.55000000,134.72000000,134.28000000,134.32000000,20141.97500000,1726138799999,2708020.83630000,11335,8901.35800000,1197065.82493000,0
1726138800000,134.32000000,134.96000000,134.25000000,134.80000000,26050.68600000,1726140599999,3506141.46182000,13917,16451.52500000,2214470.54125000,0
1726140600000,134.81000000,135.07000000,134.72000000,134.79000000,25283.13300000,1726142399999,3409935.51299000,11065,13895.53900000,1874315.53082000,0
1726142400000,134.80000000,135.21000000,134.74000000,135.03000000,27314.62000000,1726144199999,3686448.09180000,24357,13817.92600000,1864799.24271000,0
1726144200000,135.02000000,135.19000000,134.06000000,134.15000000,86496.77600000,1726145999999,11622514.87064000,47973,36634.62100000,4922057.77902000,0
1726146000000,134.15000000,134.80000000,134.08000000,134.78000000,48300.31900000,1726147799999,6493090.46930000,27215,26846.35700000,3609179.98948000,0
1726147800000,134.78000000,135.12000000,133.91000000,134.51000000,73317.91700000,1726149599999,9866205.19973000,48522,35370.06400000,4762031.27479000,0
1726149600000,134.51000000,135.99000000,134.29000000,135.91000000,82331.65900000,1726151399999,11141794.75858000,43693,52223.92100000,7067741.15745000,0
1726151400000,135.91000000,136.78000000,134.31000000,134.33000000,121978.12300000,1726153199999,16537562.82934000,61754,66162.78500000,8977318.55613000,0
1726153200000,134.32000000,135.52000000,134.12000000,134.41000000,62849.08800000,1726154999999,8475817.39778000,45200,33342.15400000,4499147.11988000,0
1726155000000,134.42000000,134.87000000,133.42000000,133.56000000,75184.24100000,1726156799999,10071083.07226000,42671,31986.05400000,4285592.83195000,0
1726156800000,133.55000000,134.45000000,133.48000000,133.97000000,62312.44100000,1726158599999,8353105.46970000,29664,37737.02900000,5059106.34969000,0
1726158600000,133.97000000,134.85000000,133.58000000,134.73000000,39529.52800000,1726160399999,5302277.23428000,22624,20387.89100000,2734438.53932000,0
1726160400000,134.74000000,134.96000000,134.43000000,134.67000000,35498.09500000,1726162199999,4784920.46701000,25143,14777.25300000,1991729.83261000,0
1726162200000,134.67000000,135.65000000,134.52000000,135.29000000,71622.95400000,1726163999999,9685538.91140000,23000,46461.16900000,6284458.94388000,0
1726164000000,135.29000000,135.75000000,134.89000000,135.51000000,70099.65200000,1726165799999,9483341.23885000,23531,32015.02000000,4331373.14511000,0
1726165800000,135.50000000,135.65000000,134.60000000,135.13000000,62916.27200000,1726167599999,8502448.56386000,29036,24890.96600000,3364632.90401000,0
1726167600000,135.12000000,135.71000000,134.99000000,135.54000000,31373.78100000,1726169399999,4248429.20806000,22161,13108.36100000,1775226.67697000,0
1726169400000,135.54000000,135.76000000,135.26000000,135.74000000,31513.21700000,1726171199999,4269885.68899000,21545,13852.98900000,1877249.82785000,0
1726171200000,135.74000000,135.83000000,135.07000000,135.83000000,38929.28300000,1726172999999,5276814.68660000,16392,16522.67000000,2239166.87825000,0
1726173000000,135.82000000,136.20000000,135.68000000,135.86000000,42553.82700000,1726174799999,5785195.17976000,17380,21084.68700000,2866325.72653000,0
1726174800000,135.85000000,135.88000000,135.23000000,135.32000000,23158.15400000,1726176599999,3138214.02071000,11289,9765.95800000,1323272.13620000,0
1726176600000,135.33000000,136.42000000,135.32000000,135.51000000,61032.07000000,1726178399999,8291372.28098000,23298,30173.33500000,4098731.47231000,0
1726178400000,135.50000000,136.18000000,135.47000000,136.12000000,20186.47100000,1726180199999,2745513.74842000,14369,11078.05100000,1506548.72618000,0
1726180200000,136.12000000,136.72000000,136.00000000,136.36000000,32502.98200000,1726181999999,4433003.12046000,20468,18523.17400000,2526391.25274000,0
1726182000000,136.37000000,136.40000000,136.00000000,136.03000000,16031.24300000,1726183799999,2183458.13259000,14340,5871.58800000,799781.15779000,0
1726183800000,136.03000000,136.45000000,136.00000000,136.05000000,19027.89300000,1726185599999,2591884.44209000,12015,9408.41900000,1281723.98449000,0
1726185600000,136.06000000,136.14000000,135.55000000,135.67000000,24877.24200000,1726187399999,3379797.58748000,16170,10296.03800000,1398995.76031000,0
1726187400000,135.67000000,136.21000000,135.41000000,135.50000000,24180.10400000,1726189199999,3283547.70103000,16663,14074.45900000,1912060.31855000,0
1726189200000,135.50000000,135.63000000,134.36000000,134.73000000,68664.74400000,1726190999999,9251233.99035000,22656,31123.85500000,4190367.06488000,0
1726191000000,134.74000000,135.32000000,134.39000000,134.84000000,22191.12800000,1726192799999,2988687.31481000,11813,10490.99700000,1413774.11506000,0
1726192800000,134.84000000,135.00000000,134.44000000,134.66000000,19930.21500000,1726194599999,2683241.80226000,12903,7105.52300000,956388.00809000,0
1726194600000,134.67000000,134.90000000,134.57000000,134.68000000,10718.68800000,1726196399999,1444342.33694000,8749,5152.32500000,694291.24355000,0
1726196400000,134.68000000,134.96000000,134.62000000,134.81000000,17818.51500000,1726198199999,2402283.08325000,9911,8669.13800000,1168609.30543000,0
1726198200000,134.82000000,134.86000000,134.35000000,134.44000000,16806.22800000,1726199999999,2261777.00150000,9431,4936.30700000,664321.99599000,0
1726200000000,134.45000000,134.79000000,134.35000000,134.78000000,11172.00000000,1726201799999,1504019.04263000,6996,7218.15700000,971787.44719000,0
1726201800000,134.78000000,134.79000000,134.14000000,134.28000000,17127.11600000,1726203599999,2302400.56217000,10433,5760.58000000,774283.18122000,0
1726203600000,134.29000000,134.71000000,134.27000000,134.53000000,13247.16800000,1726205399999,1782433.92470000,11036,6736.87200000,906374.99941000,0
1726205400000,134.54000000,134.85000000,134.44000000,134.68000000,11789.17000000,1726207199999,1587733.91240000,8415,5384.33700000,725285.48329000,0
1726207200000,134.68000000,134.70000000,134.18000000,134.20000000,15161.02600000,1726208999999,2038056.93362000,8436,5806.54300000,780682.23626000,0
1726209000000,134.20000000,134.30000000,133.77000000,133.79000000,26783.38500000,1726210799999,3589513.67296000,13884,9628.38900000,1290284.16986000,0
1726210800000,133.79000000,134.27000000,133.73000000,134.19000000,50306.23400000,1726212599999,6740085.11073000,14355,25481.62500000,3413134.35892000,0
1726212600000,134.18000000,134.63000000,133.77000000,134.58000000,56594.49500000,1726214399999,7594259.59890000,17002,27948.32700000,3751282.34548000,0
1726214400000,134.59000000,134.67000000,134.08000000,134.21000000,27513.62300000,1726216199999,3696848.27886000,9985,10026.90500000,1347482.11970000,0
1726216200000,134.22000000,134.22000000,133.80000000,133.86000000,20634.00700000,1726217999999,2764930.76809000,8468,6505.11000000,871631.96863000,0
1726218000000,133.86000000,134.40000000,133.76000000,134.02000000,31090.90000000,1726219799999,4168485.14415000,11934,12690.74600000,1701916.29564000,0
1726219800000,134.03000000,134.11000000,133.60000000,133.61000000,25525.87400000,1726221599999,3416754.03095000,10569,8608.08600000,1152456.30697000,0
1726221600000,133.61000000,133.96000000,133.18000000,133.50000000,53785.62200000,1726223399999,7179318.15945000,23115,23059.03500000,3077961.49418000,0
1726223400000,133.50000000,134.35000000,133.44000000,134.15000000,47210.53600000,1726225199999,6320823.83998000,19144,28264.56500000,3784125.37289000,0
1726225200000,134.14000000,134.26000000,133.58000000,133.65000000,65958.25000000,1726226999999,8831032.47666000,18065,30990.89000000,4150796.22786000,0
1726227000000,133.65000000,133.66000000,132.50000000,132.58000000,69971.20900000,1726228799999,9309366.65828000,26717,25439.95200000,3383537.90890000,0
1726228800000,132.59000000,132.83000000,131.70000000,132.00000000,101284.80700000,1726230599999,13393690.48811000,29154,43655.92000000,5772907.90488000,0
1726230600000,131.99000000,132.69000000,131.78000000,132.46000000,61779.62000000,1726232399999,8166876.37738000,21970,34124.04800000,4511572.46934000,0
1726232400000,132.45000000,132.56000000,131.91000000,131.91000000,33772.08200000,1726234199999,4463513.19328000,13900,16271.64800000,2150427.86903000,0
1726234200000,131.91000000,132.83000000,131.82000000,132.67000000,67583.20300000,1726235999999,8951033.23903000,31585,33351.24300000,4417632.90032000,0
1726236000000,132.68000000,133.60000000,132.01000000,132.81000000,80856.88900000,1726237799999,10753660.13341000,43315,38020.28300000,5058098.85736000,0
1726237800000,132.82000000,133.87000000,132.20000000,133.84000000,70089.31700000,1726239599999,9331549.53433000,42827,36452.95600000,4854922.00024000,0
1726239600000,133.84000000,136.04000000,133.73000000,135.79000000,190004.54600000,1726241399999,25611787.86372000,65832,115698.77900000,15601313.59782000,0
1726241400000,135.79000000,136.69000000,135.54000000,136.59000000,223917.98500000,1726243199999,30517424.59236000,72379,108952.32700000,14850842.36225000,0
1726243200000,136.58000000,137.52000000,136.55000000,137.21000000,169182.86600000,1726244999999,23178147.64700000,51028,102216.55700000,14005835.33622000,0
1726245000000,137.21000000,137.39000000,135.96000000,136.44000000,102932.59100000,1726246799999,14053807.42893000,35164,35463.46900000,4842239.74859000,0
1726246800000,136.44000000,137.16000000,136.44000000,136.84000000,54924.10100000,1726248599999,7519289.38329000,25245,28475.01200000,3898056.75700000,0
1726248600000,136.85000000,137.60000000,136.50000000,136.69000000,95280.43500000,1726250399999,13050804.18282000,35533,43352.04200000,5938817.00605000,0
1726250400000,136.69000000,137.67000000,136.54000000,137.11000000,71820.22200000,1726252199999,9857836.75781000,30866,41590.82400000,5708773.87371000,0
1726252200000,137.11000000,138.20000000,137.00000000,137.75000000,106075.02600000,1726253999999,14619208.56029000,39585,59946.89500000,8261516.48327000,0
1726254000000,137.74000000,138.20000000,137.51000000,138.15000000,48975.33200000,1726255799999,6753770.12699000,20780,24866.58800000,3428913.81780000,0
1726255800000,138.15000000,138.21000000,137.78000000,138.04000000,44344.41800000,1726257599999,6118954.69198000,20821,19724.07400000,2721871.18361000,0
1726257600000,138.05000000,138.84000000,137.92000000,138.49000000,61952.64100000,1726259399999,8572893.35468000,24281,31637.73300000,4376796.93853000,0
1726259400000,138.50000000,138.57000000,138.15000000,138.19000000,34654.07700000,1726261199999,4793659.03633000,15613,14052.11900000,1943652.40193000,0
1726261200000,138.20000000,139.67000000,138.19000000,139.26000000,86718.70600000,1726262999999,12046525.86792000,32381,52475.78200000,7288675.17134000,0
1726263000000,139.25000000,139.50000000,138.72000000,138.81000000,52000.06200000,1726264799999,7231295.54419000,20555,27374.67000000,3807405.57694000,0
1726264800000,138.81000000,139.80000000,138.81000000,139.25000000,90080.79500000,1726266599999,12563934.95705000,36789,52413.43700000,7311063.06221000,0
1726266600000,139.25000000,139.53000000,139.00000000,139.37000000,37826.04800000,1726268399999,5268900.11877000,17969,15785.79900000,2199454.66297000,0
1726268400000,139.38000000,139.44000000,138.38000000,138.48000000,44413.73500000,1726270199999,6163299.37134000,18195,15979.07800000,2217142.98841000,0
1726270200000,138.49000000,139.15000000,138.46000000,139.02000000,35005.04200000,1726271999999,4856693.27363000,13568,19106.37100000,2651202.46897000,0
1726272000000,139.02000000,139.36000000,138.66000000,138.70000000,35156.27300000,1726273799999,4885187.92690000,20558,13652.72300000,1897809.65848000,0
1726273800000,138.70000000,138.85000000,138.49000000,138.56000000,33827.88100000,1726275599999,4690076.79319000,10422,18500.26200000,2565628.67905000,0
1726275600000,138.56000000,139.35000000,138.52000000,139.33000000,29988.40000000,1726277399999,4165858.07617000,13431,17383.00100000,2415223.79506000,0
1726277400000,139.33000000,139.56000000,139.06000000,139.19000000,51829.77900000,1726279199999,7222656.75639000,14353,28924.27100000,4030880.70397000,0
1726279200000,139.19000000,139.62000000,139.13000000,139.29000000,32827.13700000,1726280999999,4576004.94518000,10987,16455.60400000,2293697.06725000,0
1726281000000,139.29000000,139.30000000,138.91000000,138.94000000,15803.30300000,1726282799999,2198438.44285000,7875,6114.35500000,850690.53438000,0
1726282800000,138.94000000,139.80000000,138.93000000,139.61000000,28543.83900000,1726284599999,3980347.23820000,11816,17865.70200000,2491614.21055000,0
1726284600000,139.61000000,139.63000000,139.20000000,139.43000000,22569.57000000,1726286399999,3147916.58608000,11116,10042.34900000,1400857.93700000,0
1726286400000,139.43000000,139.55000000,139.27000000,139.37000000,32137.71400000,1726288199999,4481451.77167000,8531,15265.48200000,2128653.27601000,0
1726288200000,139.37000000,139.41000000,139.06000000,139.10000000,14378.40000000,1726289999999,2002161.96723000,8189,5153.87100000,717650.02018000,0
1726290000000,139.10000000,139.31000000,138.61000000,138.70000000,31166.86400000,1726291799999,4330049.52923000,9867,11296.01400000,1569843.95917000,0
1726291800000,138.70000000,138.76000000,137.86000000,137.98000000,42165.77900000,1726293599999,5835365.63069000,14748,11787.51600000,1631804.08269000,0
1726293600000,137.98000000,138.30000000,137.88000000,137.91000000,34152.10100000,1726295399999,4716497.41746000,11109,14327.90600000,1978294.68930000,0
1726295400000,137.92000000,138.20000000,137.49000000,137.94000000,95627.60000000,1726297199999,13179666.36012000,23896,57166.95600000,7880082.47614000,0
1726297200000,137.95000000,137.95000000,137.52000000,137.63000000,25294.98300000,1726298999999,3482657.52023000,8677,10703.60100000,1473687.44645000,0
1726299000000,137.63000000,137.90000000,137.39000000,137.51000000,34821.57500000,1726300799999,4790612.74195000,8354,18882.42900000,2598319.82628000,0
1726300800000,137.51000000,137.57000000,137.09000000,137.15000000,29358.91200000,1726302599999,4031762.85161000,8344,9417.55100000,1293525.58234000,0
1726302600000,137.15000000,137.28000000,136.64000000,136.99000000,29415.90400000,1726304399999,4028063.99769000,11641,9480.62800000,1298517.73277000,0
1726304400000,137.00000000,137.37000000,136.93000000,137.10000000,25177.26800000,1726306199999,3454137.63161000,9544,15329.81500000,2103006.32168000,0
1726306200000,137.10000000,137.51000000,136.87000000,137.51000000,28136.90200000,1726307999999,3858452.69887000,10692,14945.33400000,2049858.75844000,0
1726308000000,137.51000000,137.51000000,136.82000000,137.05000000,19424.42300000,1726309799999,2662748.35687000,8724,8073.69400000,1106773.66249000,0
1726309800000,137.04000000,137.29000000,136.88000000,137.13000000,35939.08700000,1726311599999,4925602.77864000,11159,21560.36100000,2955354.43898000,0
1726311600000,137.13000000,137.13000000,136.53000000,136.77000000,51362.24800000,1726313399999,7026437.92563000,16990,22708.38400000,3106024.86312000,0
1726313400000,136.78000000,136.93000000,136.51000000,136.79000000,22480.70200000,1726315199999,3072203.08011000,11687,12062.99500000,1648663.29233000,0
1726315200000,136.80000000,137.34000000,136.57000000,137.30000000,25791.96200000,1726316999999,3533221.00372000,12996,15541.03800000,2128782.87125000,0
1726317000000,137.31000000,137.31000000,136.93000000,137.06000000,21964.56400000,1726318799999,3010528.80931000,8753,11662.97900000,1598395.87535000,0
1726318800000,137.05000000,137.15000000,136.62000000,136.85000000,35734.35800000,1726320599999,4891875.92182000,12273,15091.66000000,2065927.35148000,0
1726320600000,136.85000000,137.20000000,136.67000000,137.12000000,19356.81600000,1726322399999,2649720.96941000,10669,12165.07700000,1665453.20839000,0
1726322400000,137.13000000,137.83000000,136.86000000,137.69000000,26299.61500000,1726324199999,3611215.71859000,11743,16192.31900000,2223768.54557000,0
1726324200000,137.69000000,138.16000000,137.51000000,137.87000000,50968.65400000,1726325999999,7028743.37414000,19731,30968.72100000,4270055.75440000,0
1726326000000,137.88000000,137.91000000,137.44000000,137.63000000,17465.26700000,1726327799999,2404967.59451000,9747,11753.54700000,1618504.17906000,0
1726327800000,137.63000000,137.63000000,137.09000000,137.39000000,21251.94400000,1726329599999,2918714.52045000,10648,11851.10900000,1627729.36837000,0
1726329600000,137.39000000,137.87000000,137.23000000,137.31000000,25984.32900000,1726331399999,3573817.99362000,11465,13913.78600000,1913692.78017000,0
1726331400000,137.31000000,137.59000000,137.20000000,137.40000000,16718.91000000,1726333199999,2296826.98144000,12598,8355.57800000,1147845.79647000,0
1726333200000,137.41000000,137.41000000,136.85000000,137.07000000,17079.77600000,1726334999999,2341449.33546000,13274,7222.00500000,990189.64424000,0
1726335000000,137.07000000,137.11000000,136.87000000,136.93000000,14235.70300000,1726336799999,1950043.47970000,10727,6074.48400000,832107.21457000,0
1726336800000,136.93000000,136.94000000,135.60000000,136.41000000,126744.05600000,1726338599999,17264551.64265000,48395,57855.12200000,7879603.11835000,0
1726338600000,136.42000000,137.10000000,136.41000000,136.94000000,17961.84200000,1726340399999,2457075.74996000,13106,8323.75400000,1138641.23272000,0
1726340400000,136.94000000,136.94000000,136.46000000,136.77000000,19562.71000000,1726342199999,2673983.67114000,10173,8950.02600000,1223560.79324000,0
1726342200000,136.78000000,136.88000000,136.51000000,136.58000000,14919.54300000,1726343999999,2038719.28917000,8358,6519.81900000,890882.07389000,0
1726344000000,136.58000000,137.30000000,136.58000000,136.81000000,23470.23000000,1726345799999,3214160.17202000,12101,12860.08000000,1761100.10966000,0
1726345800000,136.80000000,137.10000000,136.70000000,137.02000000,30126.21200000,1726347599999,4122218.35666000,9501,13612.00800000,1862441.96198000,0
1726347600000,137.01000000,137.29000000,136.88000000,137.27000000,16028.90800000,1726349399999,2197144.21025000,7092,9034.67500000,1238495.50111000,0
1726349400000,137.26000000,137.27000000,136.95000000,136.99000000,10666.11600000,1726351199999,1462292.99061000,5828,5264.10200000,721699.13834000,0
1726351200000,136.99000000,137.19000000,136.80000000,136.88000000,15602.79300000,1726352999999,2137457.95337000,12714,7050.76100000,965948.23635000,0
1726353000000,136.88000000,137.34000000,136.88000000,137.16000000,12381.14900000,1726354799999,1698425.65942000,8837,6672.26200000,915233.74088000,0
1726354800000,137.15000000,137.35000000,136.95000000,137.05000000,6670.86300000,1726356599999,915013.65999000,5318,2422.91600000,332404.14581000,0
1726356600000,137.05000000,137.21000000,136.99000000,137.14000000,8260.33400000,1726358399999,1132384.36954000,4772,3176.71400000,435481.22496000,0
1726358400000,137.15000000,137.40000000,137.06000000,137.36000000,13936.03300000,1726360199999,1911971.53533000,6347,6434.77800000,882863.80123000,0
1726360200000,137.37000000,137.74000000,137.36000000,137.46000000,17372.72700000,1726361999999,2388709.71184000,7064,8314.81200000,1143439.68016000,0
1726362000000,137.47000000,137.86000000,137.22000000,137.59000000,21749.49800000,1726363799999,2991087.78635000,10448,10054.02800000,1382856.49130000,0
1726363800000,137.59000000,137.89000000,137.59000000,137.86000000,15168.04100000,1726365599999,2089348.52283000,7182,7937.73200000,1093448.56090000,0
1726365600000,137.87000000,137.95000000,137.38000000,137.57000000,17303.38400000,1726367399999,2381754.20757000,7213,6375.41900000,877623.82948000,0
1726367400000,137.57000000,137.87000000,137.57000000,137.73000000,15187.00900000,1726369199999,2091887.42324000,6641,7358.95100000,1013559.65079000,0
1726369200000,137.74000000,137.83000000,137.61000000,137.61000000,18397.31200000,1726370999999,2533485.01741000,4895,8060.00800000,1110005.15523000,0
1726371000000,137.62000000,137.73000000,137.44000000,137.45000000,15308.78400000,1726372799999,2106190.61169000,5717,7584.93200000,1043554.01186000,0
1726372800000,137.45000000,137.58000000,137.04000000,137.12000000,18733.78300000,1726374599999,2574154.67816000,7295,7457.59400000,1024968.96814000,0
1726374600000,137.12000000,137.20000000,136.96000000,137.00000000,16549.86900000,1726376399999,2268621.36196000,5942,6515.12300000,893091.74238000,0
1726376400000,137.01000000,137.20000000,136.82000000,137.20000000,15638.21300000,1726378199999,2142171.29137000,5246,6821.09300000,934554.58140000,0
1726378200000,137.20000000,137.32000000,136.96000000,137.09000000,24200.10200000,1726379999999,3319024.40372000,10722,11850.77500000,1625232.24912000,0
1726380000000,137.09000000,137.47000000,137.09000000,137.38000000,14472.68500000,1726381799999,1987878.95937000,8133,7302.99200000,1003130.47936000,0
1726381800000,137.38000000,137.47000000,137.28000000,137.41000000,10012.42200000,1726383599999,1375539.10932000,5351,4588.87900000,630457.50841000,0
1726383600000,137.41000000,137.43000000,137.04000000,137.24000000,15107.96500000,1726385399999,2072949.54922000,7079,6736.63600000,924249.83566000,0
1726385400000,137.23000000,137.31000000,136.92000000,137.16000000,16493.90500000,1726387199999,2260785.57044000,6165,7696.09200000,1054902.06765000,0
1726387200000,137.16000000,137.19000000,136.60000000,136.65000000,20487.47700000,1726388999999,2803931.56079000,8302,6625.51900000,906758.90638000,0
1726389000000,136.66000000,136.88000000,136.61000000,136.75000000,11873.46100000,1726390799999,1623737.61387000,6605,6370.63100000,871201.21091000,0
1726390800000,136.75000000,136.87000000,136.60000000,136.74000000,11857.34300000,1726392599999,1621662.79902000,6773,6064.83000000,829524.98214000,0
1726392600000,136.74000000,136.86000000,136.36000000,136.47000000,13415.51200000,1726394399999,1832624.76253000,8156,5526.45600000,754981.28145000,0
1726394400000,136.46000000,136.56000000,136.00000000,136.04000000,37440.57300000,1726396199999,5097882.55104000,11636,14861.45900000,2023617.06945000,0
1726396200000,136.04000000,136.33000000,135.87000000,135.95000000,24924.46600000,1726397999999,3391132.97259000,12551,11699.73700000,1592005.69914000,0
1726398000000,135.95000000,135.95000000,135.45000000,135.63000000,73126.96200000,1726399799999,9917291.72514000,17424,36663.71100000,4971934.86366000,0
1726399800000,135.63000000,135.70000000,135.12000000,135.61000000,37547.22400000,1726401599999,5085774.61416000,14023,14963.93400000,2027548.42668000,0
1726401600000,135.60000000,135.67000000,135.11000000,135.67000000,29470.64000000,1726403399999,3988893.49365000,12817,13437.89100000,1818989.81496000,0
1726403400000,135.66000000,135.96000000,135.48000000,135.96000000,35718.89300000,1726405199999,4845485.14776000,12313,16287.92400000,2210127.74674000,0
1726405200000,135.96000000,136.40000000,135.80000000,135.97000000,90189.23100000,1726406999999,12278051.52011000,24483,44712.96000000,6086415.22112000,0
1726407000000,135.97000000,136.06000000,135.51000000,135.76000000,28825.44600000,1726408799999,3913791.39066000,13702,13269.61700000,1801617.90646000,0
1726408800000,135.75000000,135.99000000,134.63000000,135.12000000,61894.31300000,1726410599999,8358911.05059000,27822,24204.73300000,3270216.00115000,0
1726410600000,135.11000000,135.77000000,135.08000000,135.77000000,28166.43700000,1726412399999,3812714.61848000,18733,16567.65300000,2243039.92462000,0
1726412400000,135.76000000,135.97000000,135.31000000,135.71000000,31935.97500000,1726414199999,4330726.04845000,21824,14393.65200000,1952207.86138000,0
1726414200000,135.71000000,135.91000000,135.45000000,135.76000000,33081.21000000,1726415999999,4490606.33154000,15034,21933.79000000,2977421.80067000,0
1726416000000,135.77000000,135.82000000,134.72000000,134.92000000,34040.03700000,1726417799999,4601568.01359000,19723,16864.64700000,2280390.41189000,0
1726417800000,134.92000000,135.09000000,133.31000000,133.83000000,125713.23600000,1726419599999,16863657.08629000,34346,57252.80600000,7680077.44014000,0
1726419600000,133.82000000,134.18000000,132.93000000,133.35000000,175927.24600000,1726421399999,23468136.11593000,41409,79991.68000000,10668732.60787000,0
1726421400000,133.35000000,133.60000000,132.93000000,133.37000000,48955.64800000,1726423199999,6522623.65722000,24184,28856.32900000,3845027.03766000,0
1726423200000,133.37000000,133.88000000,133.25000000,133.83000000,36984.11300000,1726424999999,4940742.01851000,18086,21246.49000000,2838315.22836000,0
1726425000000,133.83000000,134.40000000,133.29000000,133.70000000,75453.72200000,1726426799999,10098254.08646000,30423,41391.27700000,5539567.67895000,0
1726426800000,133.69000000,134.18000000,133.41000000,133.49000000,47109.41900000,1726428599999,6309978.41282000,21392,23786.00500000,3185662.51944000,0
1726428600000,133.49000000,133.75000000,133.42000000,133.46000000,21271.27000000,1726430399999,2840989.54808000,13980,10598.72200000,1415684.14805000,0
1726430400000,133.45000000,133.50000000,132.81000000,132.98000000,52471.63000000,1726432199999,6986930.86788000,17809,19454.38100000,2591288.39228000,0
1726432200000,132.98000000,133.44000000,132.92000000,133.14000000,24818.83500000,1726433999999,3306978.24846000,16419,12656.58100000,1686416.19104000,0
1726434000000,133.15000000,133.15000000,132.01000000,132.22000000,56797.40900000,1726435799999,7520631.03663000,33203,21651.20400000,2866324.85513000,0
1726435800000,132.22000000,132.49000000,131.74000000,132.12000000,58246.79600000,1726437599999,7693265.36187000,15897,23031.85400000,3042694.72275000,0
1726437600000,132.13000000,132.16000000,131.20000000,131.79000000,60788.36500000,1726439399999,8004362.71752000,34095,22697.53700000,2989731.11150000,0
1726439400000,131.80000000,131.98000000,131.61000000,131.88000000,26494.55600000,1726441199999,3492463.42690000,14880,13700.74300000,1806097.93395000,0
1726441200000,131.88000000,132.31000000,130.43000000,132.20000000,111045.45800000,1726442999999,14583715.17678000,60112,52216.93400000,6861173.77042000,0
1726443000000,132.19000000,132.20000000,131.17000000,131.37000000,58752.10500000,1726444799999,7724948.22930000,29522,24746.27500000,3252500.11334000,0
1726444800000,131.38000000,131.81000000,130.91000000,131.54000000,54382.06700000,1726446599999,7146958.00656000,33867,25382.07700000,3336319.19336000,0
1726446600000,131.54000000,131.85000000,130.94000000,131.05000000,47784.76700000,1726448399999,6274215.36066000,29411,18224.06000000,2392913.41182000,0
1726448400000,131.04000000,131.09000000,130.09000000,130.82000000,59927.87400000,1726450199999,7821887.67830000,40854,22814.42000000,2978139.63542000,0
1726450200000,130.83000000,131.02000000,129.73000000,130.17000000,100402.98800000,1726451999999,13075396.92532000,44094,43281.16500000,5638408.85044000,0
1726452000000,130.17000000,130.45000000,129.85000000,130.17000000,58170.46100000,1726453799999,7569441.69666000,31946,24089.70600000,3134700.65743000,0
1726453800000,130.16000000,130.51000000,129.25000000,129.67000000,64786.56100000,1726455599999,8417783.70136000,31919,28102.43200000,3651857.68550000,0
1726455600000,129.68000000,130.45000000,129.57000000,130.44000000,32349.45100000,1726457399999,4208826.07423000,26602,17823.16300000,2319056.88607000,0
1726457400000,130.44000000,130.70000000,130.34000000,130.62000000,33550.62200000,1726459199999,4380794.79475000,13836,20358.10300000,2658195.54229000,0
1726459200000,130.63000000,131.03000000,130.56000000,130.72000000,38283.52200000,1726460999999,5007853.78241000,13181,21271.03600000,2782539.46620000,0
1726461000000,130.73000000,130.87000000,130.55000000,130.63000000,23770.78100000,1726462799999,3107975.39561000,12025,9423.90400000,1232293.51760000,0
1726462800000,130.63000000,131.24000000,130.60000000,130.87000000,29922.00600000,1726464599999,3918208.17438000,11875,17315.26000000,2267452.52802000,0
1726464600000,130.86000000,131.36000000,130.69000000,131.29000000,36102.31400000,1726466399999,4730138.52708000,11360,19800.13700000,2595314.32872000,0
1726466400000,131.29000000,131.42000000,130.95000000,131.01000000,29140.75000000,1726468199999,3822498.34107000,12577,14686.91300000,1926549.65179000,0
1726468200000,131.00000000,131.06000000,130.40000000,130.64000000,22771.62000000,1726469999999,2974798.20612000,11664,9107.33900000,1189408.42200000,0
1726470000000,130.63000000,130.98000000,130.48000000,130.98000000,19652.26200000,1726471799999,2569042.24100000,9436,9879.13800000,1291769.97442000,0
1726471800000,130.98000000,131.39000000,130.84000000,131.25000000,33257.88200000,1726473599999,4360489.58539000,11615,18402.25800000,2413063.06139000,0
1726473600000,131.26000000,132.40000000,131.09000000,132.25000000,39309.93000000,1726475399999,5176551.05752000,14054,26156.60400000,3444505.46994000,0
1726475400000,132.25000000,132.28000000,131.46000000,131.71000000,35704.13500000,1726477199999,4706141.49148000,13032,12840.24900000,1691735.35042000,0
1726477200000,131.71000000,132.30000000,131.50000000,131.67000000,35880.15400000,1726478999999,4733027.23258000,16395,14308.06100000,1887705.88531000,0
1726479000000,131.66000000,131.75000000,130.82000000,130.90000000,35269.67700000,1726480799999,4625700.41560000,19073,15775.81100000,2068796.98229000,0
1726480800000,130.89000000,131.34000000,130.69000000,131.15000000,29947.29800000,1726482599999,3922278.50519000,15505,15178.80900000,1988441.04441000,0
1726482600000,131.15000000,132.29000000,130.82000000,132.03000000,56212.52500000,1726484399999,7399879.06003000,23109,36040.27000000,4746018.00212000,0
1726484400000,132.02000000,132.21000000,131.78000000,131.97000000,25176.20000000,1726486199999,3323847.03733000,14081,12244.64700000,1616522.90553000,0
1726486200000,131.97000000,132.05000000,131.72000000,131.89000000,16876.25100000,1726487999999,2226004.65893000,12932,5689.21000000,750524.95659000,0
1726488000000,131.88000000,132.32000000,131.72000000,131.86000000,27566.91200000,1726489799999,3641027.96239000,14529,13525.95600000,1786799.21267000,0
1726489800000,131.86000000,132.09000000,131.47000000,131.72000000,32675.10300000,1726491599999,4306468.42224000,21756,15689.07500000,2068052.44329000,0
1726491600000,131.71000000,132.09000000,131.51000000,131.89000000,27967.61600000,1726493399999,3686433.33732000,20170,13153.80600000,1734014.38985000,0
1726493400000,131.89000000,132.25000000,131.12000000,132.25000000,82187.64500000,1726495199999,10819613.28140000,45814,34645.97900000,4563381.74804000,0
1726495200000,132.24000000,132.38000000,130.72000000,131.01000000,68847.51700000,1726496999999,9040130.53219000,42051,26145.93600000,3434432.90017000,0
1726497000000,131.01000000,131.01000000,129.96000000,130.40000000,78415.55800000,1726498799999,10227921.21834000,49196,29807.29800000,3888931.64726000,0
1726498800000,130.40000000,131.35000000,130.29000000,131.26000000,70156.38800000,1726500599999,9182617.15613000,29879,32111.62800000,4202006.44643000,0
1726500600000,131.26000000,131.97000000,131.03000000,131.46000000,81147.93600000,1726502399999,10673637.33289000,31685,42932.07300000,5646075.16137000,0
1726502400000,131.47000000,131.73000000,131.15000000,131.47000000,34181.78100000,1726504199999,4492200.61792000,24735,15593.69300000,2049395.21808000,0
1726504200000,131.46000000,131.52000000,130.44000000,130.51000000,41044.42300000,1726505999999,5369820.66655000,24355,20919.48900000,2737052.66542000,0
1726506000000,130.50000000,130.53000000,128.91000000,129.54000000,125245.08600000,1726507799999,16225656.38912000,50480,55891.94700000,7242089.47837000,0
1726507800000,129.55000000,131.79000000,128.98000000,131.46000000,121815.05100000,1726509599999,15861150.30074000,51718,61658.76300000,8033868.98783000,0
1726509600000,131.45000000,131.59000000,130.00000000,130.11000000,72678.58100000,1726511399999,9492543.97566000,39076,30942.36000000,4039228.00866000,0
1726511400000,130.11000000,130.65000000,130.09000000,130.54000000,20843.31000000,1726513199999,2717143.29998000,19839,11164.31400000,1455358.71366000,0
1726513200000,130.54000000,131.27000000,130.21000000,131.06000000,39371.58400000,1726514999999,5148522.41355000,19070,25221.20400000,3298272.34415000,0
1726515000000,131.06000000,131.33000000,130.80000000,131.13000000,31723.42500000,1726516799999,4158516.32550000,23840,16184.86500000,2121261.92901000,0
1726516800000,131.13000000,131.59000000,130.61000000,130.62000000,39549.08500000,1726518599999,5190263.86831000,21098,19473.79400000,2555961.58505000,0
1726518600000,130.62000000,130.77000000,130.11000000,130.12000000,24037.04400000,1726520399999,3135934.91855000,18204,9556.22600000,1246823.01701000,0
1726520400000,130.13000000,131.07000000,129.95000000,130.99000000,44587.43600000,1726522199999,5823415.21163000,20479,25005.84000000,3267954.09181000,0
1726522200000,130.99000000,131.50000000,130.69000000,131.48000000,26160.56200000,1726523999999,3431550.16261000,9437,13344.23800000,1750242.94342000,0
1726524000000,131.48000000,131.50000000,130.82000000,130.84000000,21345.24200000,1726525799999,2799189.57931000,14268,8092.58000000,1060732.12297000,0
1726525800000,130.83000000,130.98000000,130.44000000,130.72000000,22370.61600000,1726527599999,2922781.04071000,10487,10870.94100000,1420517.75702000,0
1726527600000,130.71000000,131.50000000,130.71000000,131.42000000,20561.35300000,1726529399999,2695308.90658000,13411,8811.58900000,1155435.18123000,0
1726529400000,131.42000000,131.92000000,131.38000000,131.47000000,23276.95300000,1726531199999,3064734.80446000,14550,11415.33200000,1502811.01154000,0
1726531200000,131.47000000,131.96000000,131.34000000,131.67000000,22962.72900000,1726532999999,3025856.60591000,15116,11806.15800000,1555675.96332000,0
1726533000000,131.67000000,131.70000000,130.67000000,130.68000000,29697.37200000,1726534799999,3896844.28766000,18603,10824.70400000,1420525.11866000,0
1726534800000,130.69000000,131.22000000,130.34000000,130.79000000,36157.42600000,1726536599999,4729054.40291000,24921,16700.87700000,2185469.13690000,0
1726536600000,130.79000000,131.03000000,130.50000000,130.56000000,25990.86600000,1726538399999,3398837.50182000,15652,11414.08500000,1492928.66752000,0
1726538400000,130.56000000,130.88000000,130.47000000,130.72000000,11645.33700000,1726540199999,1521614.65758000,11553,4534.35900000,592569.66619000,0
1726540200000,130.71000000,131.50000000,130.12000000,130.80000000,47375.07600000,1726541999999,6197267.56101000,23183,21971.81800000,2873141.61845000,0
1726542000000,130.80000000,131.14000000,130.72000000,131.12000000,13639.83700000,1726543799999,1785488.61375000,12872,7120.28100000,932165.98171000,0
1726543800000,131.11000000,131.44000000,131.00000000,131.12000000,34827.82800000,1726545599999,4569012.99006000,14744,9693.10900000,1271955.67669000,0
1726545600000,131.12000000,131.24000000,130.73000000,131.00000000,18815.27700000,1726547399999,2464149.70107000,11556,10861.16700000,1422081.20332000,0
1726547400000,131.01000000,131.49000000,130.97000000,131.27000000,23704.81500000,1726549199999,3111777.31104000,9589,9811.19500000,1287710.29138000,0
1726549200000,131.28000000,131.97000000,131.28000000,131.90000000,37683.27500000,1726550999999,4961950.42550000,8735,26571.78400000,3499340.99961000,0
1726551000000,131.90000000,132.85000000,131.79000000,132.57000000,38315.52900000,1726552799999,5069405.39624000,22056,22511.48500000,2977802.56272000,0
1726552800000,132.58000000,132.72000000,131.96000000,131.97000000,27957.73000000,1726554599999,3700249.19980000,15724,14092.05200000,1866000.99596000,0
1726554600000,131.97000000,132.40000000,131.96000000,132.01000000,10806.09500000,1726556399999,1428289.12596000,9015,4685.61000000,619342.21060000,0
1726556400000,132.00000000,132.25000000,131.87000000,132.03000000,23776.23300000,1726558199999,3140001.95608000,11275,8813.41600000,1164020.85263000,0
1726558200000,132.02000000,132.43000000,132.00000000,132.25000000,21733.13500000,1726559999999,2874146.24542000,13411,9167.69400000,1212395.54194000,0
1726560000000,132.25000000,132.80000000,132.25000000,132.42000000,36892.52300000,1726561799999,4891284.05315000,14105,18247.31500000,2419081.28589000,0
1726561800000,132.42000000,132.79000000,132.40000000,132.46000000,19383.47000000,1726563599999,2569734.83458000,11432,7686.64900000,1018980.55969000,0
1726563600000,132.46000000,132.62000000,131.75000000,131.85000000,30833.11600000,1726565399999,4072968.64803000,16271,11871.45800000,1568034.98253000,0
1726565400000,131.85000000,132.84000000,131.77000000,132.49000000,33101.88700000,1726567199999,4383433.03785000,17986,18191.66100000,2408825.14506000,0
1726567200000,132.49000000,133.35000000,132.16000000,132.43000000,51407.14700000,1726568999999,6826379.62609000,25350,27901.60300000,3706145.84987000,0
1726569000000,132.44000000,132.76000000,132.30000000,132.73000000,42467.95500000,1726570799999,5632066.96948000,19768,28146.92000000,3732968.59266000,0
1726570800000,132.72000000,133.09000000,132.31000000,132.42000000,52894.57300000,1726572599999,7021071.73254000,21276,35252.50000000,4680556.15984000,0
1726572600000,132.42000000,132.44000000,131.79000000,131.95000000,63075.26600000,1726574399999,8329372.38533000,17574,23444.21300000,3095499.41663000,0
1726574400000,131.96000000,132.15000000,131.47000000,131.86000000,48006.55800000,1726576199999,6321457.14186000,17654,20874.80200000,2748533.95322000,0
1726576200000,131.86000000,132.50000000,131.70000000,132.39000000,51634.10800000,1726577999999,6817747.32795000,22696,34246.62500000,4522483.98885000,0
1726578000000,132.39000000,132.66000000,131.98000000,132.49000000,22634.13600000,1726579799999,2994902.78981000,21059,11298.41700000,1495201.52125000,0
1726579800000,132.47000000,132.69000000,130.91000000,131.14000000,55842.08800000,1726581599999,7348199.54506000,49138,25786.72600000,3393932.25251000,0
1726581600000,131.14000000,134.90000000,131.00000000,134.06000000,164900.54200000,1726583399999,22035267.27325000,82898,81688.05300000,10911864.07634000,0
1726583400000,134.05000000,134.24000000,132.85000000,133.51000000,143721.04300000,1726585199999,19214738.87667000,59934,65944.43000000,8816787.54566000,0
1726585200000,133.52000000,135.55000000,133.44000000,135.19000000,196285.67800000,1726586999999,26451774.30918000,77142,113468.83700000,15286354.60574000,0
1726587000000,135.19000000,135.43000000,133.99000000,134.67000000,100015.83700000,1726588799999,13473938.70925000,39358,39287.94000000,5292696.53302000,0
1726588800000,134.66000000,134.94000000,133.46000000,133.59000000,97110.59900000,1726590599999,13016804.88814000,46301,40468.07900000,5425656.04316000,0
1726590600000,133.60000000,133.61000000,132.00000000,132.39000000,145220.78200000,1726592399999,19265739.30985000,64982,66181.43700000,8778370.12369000,0
1726592400000,132.39000000,133.64000000,132.19000000,133.10000000,77932.46300000,1726594199999,10347610.14843000,38490,43896.40000000,5829295.91215000,0
1726594200000,133.09000000,133.72000000,132.91000000,133.15000000,63856.64200000,1726595999999,8511183.46957000,31501,35221.04100000,4694341.89861000,0
1726596000000,133.14000000,133.48000000,132.71000000,133.05000000,40928.78000000,1726597799999,5448861.60926000,25758,16813.05800000,2238687.24549000,0
1726597800000,133.04000000,133.05000000,132.00000000,132.45000000,58374.13600000,1726599599999,7736224.21340000,29502,30229.32600000,4006241.96820000,0
1726599600000,132.44000000,132.72000000,132.35000000,132.66000000,21088.75700000,1726601399999,2794589.19200000,22882,10089.19300000,1337057.30104000,0
1726601400000,132.65000000,132.81000000,131.00000000,132.23000000,98997.83400000,1726603199999,13045920.38701000,47862,40825.74500000,5381632.62701000,0
1726603200000,132.22000000,132.65000000,131.85000000,132.28000000,35190.52000000,1726604999999,4654417.44562000,25429,18420.84400000,2436578.78726000,0
1726605000000,132.28000000,132.53000000,131.74000000,131.97000000,44353.53700000,1726606799999,5857459.96701000,19483,19933.21100000,2632719.85886000,0
1726606800000,131.97000000,132.66000000,131.94000000,132.62000000,15720.21200000,1726608599999,2081174.58163000,10516,11312.66100000,1497652.32978000,0
1726608600000,132.62000000,132.72000000,132.35000000,132.53000000,12433.92100000,1726610399999,1647672.10833000,7220,6734.51300000,892357.10335000,0
1726610400000,132.52000000,132.52000000,131.69000000,131.80000000,26244.39500000,1726612199999,3465876.69577000,14174,13076.03400000,1726698.25733000,0
1726612200000,131.80000000,132.00000000,131.70000000,131.71000000,15246.61100000,1726613999999,2010450.11016000,11704,8327.54500000,1098082.71172000,0
1726614000000,131.71000000,131.71000000,131.20000000,131.23000000,31842.28200000,1726615799999,4183018.65491000,12696,14738.64500000,1935834.20238000,0
1726615800000,131.23000000,131.59000000,131.21000000,131.54000000,17119.95300000,1726617599999,2249464.09218000,8387,7794.59500000,1024195.60936000,0
1726617600000,131.54000000,131.65000000,130.58000000,130.73000000,38920.72900000,1726619399999,5099630.78892000,18762,16151.23800000,2116928.89483000,0
1726619400000,130.72000000,131.50000000,130.22000000,131.31000000,70837.89000000,1726621199999,9270707.45414000,25761,36095.94600000,4725459.97185000,0
1726621200000,131.30000000,131.63000000,130.78000000,131.36000000,26872.15900000,1726622999999,3524795.52092000,21290,17645.48400000,2314354.41856000,0
1726623000000,131.37000000,131.54000000,130.67000000,130.90000000,16739.87800000,1726624799999,2193763.87392000,16813,7233.68500000,947865.44174000,0
1726624800000,130.90000000,131.24000000,130.78000000,131.18000000,14048.71900000,1726626599999,1840960.03356000,16124,6230.45000000,816568.22889000,0
1726626600000,131.19000000,131.70000000,131.05000000,131.70000000,18448.47900000,1726628399999,2424578.86254000,17105,11031.16400000,1449895.42771000,0
1726628400000,131.69000000,132.15000000,131.64000000,132.12000000,46516.74400000,1726630199999,6136714.39795000,17961,22964.91700000,3029726.15675000,0
1726630200000,132.11000000,132.14000000,131.68000000,131.68000000,23366.59500000,1726631999999,3082554.95886000,11615,13551.73800000,1787926.48857000,0
1726632000000,131.69000000,131.84000000,131.30000000,131.37000000,22294.29700000,1726633799999,2932995.74132000,10791,7362.83700000,968595.49323000,0
1726633800000,131.37000000,131.39000000,130.60000000,131.08000000,77196.20000000,1726635599999,10111604.21310000,16933,50072.41300000,6558289.30106000,0
1726635600000,131.08000000,131.08000000,130.61000000,131.03000000,21761.72000000,1726637399999,2848385.49361000,11930,10754.57700000,1407649.91984000,0
1726637400000,131.03000000,131.19000000,130.83000000,130.97000000,20747.84700000,1726639199999,2718218.34313000,10478,9505.89000000,1245456.18188000,0
1726639200000,130.97000000,131.10000000,130.80000000,131.01000000,16344.99700000,1726640999999,2140461.83318000,9464,7661.52600000,1003426.60522000,0
1726641000000,131.01000000,131.35000000,130.77000000,131.28000000,40199.39800000,1726642799999,5268352.08010000,12710,24238.69800000,3176386.95477000,0
1726642800000,131.28000000,131.53000000,131.14000000,131.31000000,30035.65100000,1726644599999,3945166.66665000,9782,19024.58000000,2499050.11693000,0
1726644600000,131.30000000,131.50000000,131.28000000,131.35000000,17923.89000000,1726646399999,2355024.16899000,8256,9497.51900000,1247935.27285000,0
1726646400000,131.34000000,131.35000000,130.68000000,130.69000000,27353.53000000,1726648199999,3583448.99951000,12436,10767.12200000,1411091.88454000,0
1726648200000,130.70000000,130.89000000,130.60000000,130.77000000,23815.31700000,1726649999999,3113523.03792000,9538,12398.95000000,1621054.05322000,0
1726650000000,130.77000000,130.82000000,130.38000000,130.54000000,37454.12500000,1726651799999,4892154.54537000,14370,17118.11200000,2235743.12100000,0
1726651800000,130.55000000,130.57000000,129.12000000,129.18000000,86739.08900000,1726653599999,11262244.78936000,27549,26991.37700000,3505615.23469000,0
1726653600000,129.17000000,129.56000000,128.08000000,128.88000000,161768.85200000,1726655399999,20838314.97250000,47180,75537.00900000,9732241.32735000,0
1726655400000,128.87000000,129.46000000,128.76000000,129.42000000,55371.78400000,1726657199999,7155450.91910000,18817,30576.21900000,3950960.85527000,0
1726657200000,129.43000000,129.65000000,129.12000000,129.47000000,34173.37900000,1726658999999,4421223.05752000,15862,19813.03600000,2563666.28792000,0
1726659000000,129.46000000,129.87000000,129.30000000,129.42000000,30283.13300000,1726660799999,3923673.03591000,15466,16278.99800000,2109836.07730000,0
1726660800000,129.41000000,129.62000000,128.80000000,129.53000000,65088.64200000,1726662599999,8411701.24567000,20701,31458.61800000,4066004.51425000,0
1726662600000,129.53000000,130.06000000,129.51000000,129.97000000,42097.91300000,1726664399999,5463280.86003000,14914,29766.16000000,3863165.25488000,0
1726664400000,129.97000000,130.35000000,129.62000000,129.77000000,35265.84200000,1726666199999,4582437.30600000,22056,18418.82700000,2393803.51144000,0
1726666200000,129.78000000,129.83000000,128.01000000,128.69000000,88229.84600000,1726667999999,11362766.37064000,41595,35944.46600000,4627744.66809000,0
1726668000000,128.68000000,128.93000000,127.74000000,128.50000000,83270.84700000,1726669799999,10688538.49521000,43963,39145.41100000,5027149.59971000,0
1726669800000,128.50000000,128.64000000,127.84000000,128.03000000,48629.94200000,1726671599999,6234072.17884000,32491,24854.25300000,3186747.21426000,0
1726671600000,128.02000000,128.53000000,127.12000000,127.37000000,156290.68700000,1726673399999,19958995.20512000,34707,90656.80700000,11576023.80175000,0
1726673400000,127.37000000,128.00000000,127.07000000,127.67000000,123212.82200000,1726675199999,15706295.06426000,44843,69795.91600000,8897416.86216000,0
1726675200000,127.66000000,128.43000000,127.24000000,127.92000000,43116.44600000,1726676999999,5515886.37160000,33036,18952.17100000,2425104.95583000,0
1726677000000,127.92000000,129.00000000,127.85000000,128.93000000,56874.25700000,1726678799999,7309859.85718000,27099,32888.31700000,4227341.21302000,0
1726678800000,128.92000000,129.00000000,127.84000000,128.56000000,37800.67600000,1726680599999,4853083.46028000,28268,17145.46000000,2201458.02980000,0
1726680600000,128.56000000,129.76000000,128.47000000,129.20000000,76473.26300000,1726682399999,9873796.80160000,40386,43483.88300000,5614383.41393000,0
1726682400000,129.20000000,132.34000000,128.86000000,131.26000000,422479.40200000,1726684199999,55356748.39421000,172017,219170.76200000,28721131.58887000,0
1726684200000,131.26000000,133.08000000,130.61000000,131.33000000,337422.70300000,1726685999999,44427254.50327000,158183,189565.50600000,24963332.41995000,0
1726686000000,131.33000000,131.38000000,128.86000000,130.55000000,181621.91000000,1726687799999,23664587.60328000,145761,80202.23300000,10452032.62804000,0
1726687800000,130.56000000,130.90000000,129.33000000,129.49000000,110445.55000000,1726689599999,14340320.42171000,89931,53093.46800000,6892994.69652000,0
1726689600000,129.48000000,129.62000000,128.47000000,129.43000000,80342.20200000,1726691399999,10367050.05706000,48074,44728.62900000,5772306.77789000,0
1726691400000,129.44000000,130.89000000,129.35000000,130.78000000,42667.32300000,1726693199999,5555343.73777000,17573,25142.41300000,3272726.48395000,0
1726693200000,130.78000000,131.24000000,130.58000000,131.01000000,62857.82200000,1726694999999,8229544.24942000,12785,26535.05900000,3474510.52511000,0
1726695000000,131.01000000,131.72000000,130.95000000,131.16000000,35772.75900000,1726696799999,4699479.00190000,10436,18600.95800000,2443663.08682000,0
1726696800000,131.16000000,131.62000000,130.60000000,131.59000000,33332.69000000,1726698599999,4373831.35137000,12341,14780.40800000,1940197.47492000,0
1726698600000,131.58000000,131.70000000,131.04000000,131.44000000,29277.24100000,1726700399999,3846479.06491000,8005,12900.73200000,1695036.74524000,0
1726700400000,131.43000000,132.76000000,131.43000000,132.72000000,45860.03300000,1726702199999,6060734.64045000,13528,30328.09100000,4008408.85080000,0
1726702200000,132.72000000,134.45000000,132.54000000,134.34000000,112142.03800000,1726703999999,14963876.77935000,24545,66913.44500000,8931324.02400000,0
1726704000000,134.34000000,135.36000000,134.34000000,134.69000000,198065.25600000,1726705799999,26724616.93934000,54445,98221.43600000,13254308.83432000,0
1726705800000,134.68000000,136.50000000,134.27000000,135.77000000,147257.58500000,1726707599999,19927405.27242000,54065,78393.75000000,10612996.48020000,0
1726707600000,135.77000000,136.03000000,134.92000000,135.31000000,112132.86100000,1726709399999,15198485.46198000,51337,54266.60800000,7354726.77326000,0
1726709400000,135.30000000,136.07000000,134.71000000,135.44000000,79005.75500000,1726711199999,10700732.67908000,39941,38768.26800000,5253559.68555000,0
1726711200000,135.44000000,136.42000000,135.01000000,136.39000000,75551.51900000,1726712999999,10250624.70247000,30541,45727.25000000,6204324.69000000,0
1726713000000,136.39000000,137.31000000,135.98000000,137.18000000,93623.33900000,1726714799999,12792467.08292000,33791,59995.93200000,8199312.41020000,0
1726714800000,137.18000000,138.08000000,137.18000000,137.79000000,170205.66000000,1726716599999,23437304.36707000,44412,96027.22800000,13227084.29216000,0
1726716600000,137.78000000,138.67000000,137.77000000,138.01000000,123513.36100000,1726718399999,17067609.35219000,43696,69105.90600000,9549690.98592000,0
1726718400000,138.01000000,138.51000000,137.77000000,138.38000000,76954.59800000,1726720199999,10635660.79085000,27667,41964.27300000,5801241.42772000,0
1726720200000,138.39000000,139.11000000,138.20000000,138.88000000,73345.76300000,1726721999999,10175556.24923000,25464,44586.60600000,6186297.83749000,0
1726722000000,138.87000000,139.10000000,138.34000000,138.44000000,120961.02500000,1726723799999,16786697.23426000,29750,57210.37100000,7942249.80219000,0
1726723800000,138.43000000,138.59000000,138.17000000,138.34000000,58093.04400000,1726725599999,8038934.27577000,17587,22242.74700000,3078060.95998000,0
1726725600000,138.33000000,138.53000000,137.60000000,138.12000000,79092.07900000,1726727399999,10911666.59711000,22745,28218.94100000,3893930.00930000,0
1726727400000,138.12000000,138.97000000,138.12000000,138.47000000,50673.59000000,1726729199999,7023835.14734000,20390,26199.29700000,3631440.02570000,0
1726729200000,138.47000000,138.97000000,138.29000000,138.50000000,52590.66000000,1726730999999,7289505.93361000,27653,23932.53900000,3317245.01212000,0
1726731000000,138.50000000,138.80000000,138.01000000,138.56000000,52769.20500000,1726732799999,7307365.01764000,25278,23275.21300000,3223446.34397000,0
1726732800000,138.56000000,138.99000000,138.43000000,138.64000000,40796.33100000,1726734599999,5658906.53233000,17219,19860.88800000,2754997.30588000,0
1726734600000,138.64000000,138.77000000,138.39000000,138.44000000,37500.83000000,1726736399999,5196852.89208000,14289,13927.92900000,1930318.25969000,0
1726736400000,138.43000000,139.20000000,138.27000000,138.90000000,55668.76200000,1726738199999,7725067.97217000,17966,30299.37400000,4206136.90392000,0
1726738200000,138.90000000,139.04000000,138.53000000,138.64000000,37624.39200000,1726739999999,5220498.45405000,18243,16939.69400000,2350713.80280000,0
1726740000000,138.65000000,139.49000000,138.64000000,139.35000000,113912.44800000,1726741799999,15844960.98626000,19953,78744.23100000,10954226.14421000,0
1726741800000,139.34000000,139.39000000,138.45000000,138.59000000,54426.89300000,1726743599999,7551169.67091000,18094,17126.23000000,2376093.91452000,0
1726743600000,138.58000000,138.94000000,138.55000000,138.85000000,33540.76700000,1726745399999,4653867.52682000,13775,12823.37300000,1779450.93527000,0
1726745400000,138.85000000,139.63000000,138.81000000,139.48000000,48768.90300000,1726747199999,6793179.38716000,19146,30046.35500000,4185897.26541000,0
1726747200000,139.47000000,140.90000000,139.43000000,139.95000000,185094.17100000,1726748999999,25957663.86106000,57321,120337.38200000,16871464.37058000,0
1726749000000,139.95000000,140.76000000,139.78000000,140.58000000,66759.70700000,1726750799999,9370390.12049000,32650,35563.12000000,4991934.18921000,0
1726750800000,140.58000000,141.75000000,140.11000000,141.56000000,133278.01800000,1726752599999,18778988.72511000,41930,83006.02400000,11698762.98201000,0
1726752600000,141.55000000,141.57000000,140.07000000,140.48000000,139967.21000000,1726754399999,19708056.72201000,73149,62135.43100000,8751481.45590000,0
1726754400000,140.49000000,141.43000000,140.26000000,141.08000000,122734.65800000,1726756199999,17292002.01280000,68780,73122.85500000,10304087.96087000,0
1726756200000,141.09000000,141.96000000,140.74000000,140.86000000,97917.58000000,1726757999999,13839898.11126000,52431,49827.78900000,7043796.86315000,0
1726758000000,140.86000000,142.16000000,140.71000000,142.02000000,81421.05800000,1726759799999,11532217.78487000,42967,41593.63200000,5893207.29442000,0
1726759800000,142.02000000,143.00000000,141.77000000,142.96000000,101893.57700000,1726761599999,14523173.60421000,44612,60921.24000000,8684449.27555000,0
1726761600000,142.96000000,143.74000000,142.46000000,143.60000000,189319.47800000,1726763399999,27124393.40783000,60388,116052.34200000,16631821.11187000,0
1726763400000,143.61000000,143.95000000,143.13000000,143.21000000,90855.82400000,1726765199999,13049014.79532000,43253,41607.34500000,5976308.56077000,0
1726765200000,143.21000000,143.78000000,142.59000000,142.69000000,84033.82100000,1726766999999,12039700.72095000,37913,35529.82100000,5090777.55139000,0
1726767000000,142.69000000,143.54000000,142.65000000,143.14000000,84670.29400000,1726768799999,12121123.07625000,33339,46421.64200000,6644324.79626000,0
1726768800000,143.13000000,143.85000000,143.06000000,143.31000000,61601.45300000,1726770599999,8837990.68816000,32159,26290.26900000,3771546.43805000,0
1726770600000,143.31000000,143.81000000,143.19000000,143.72000000,40025.48700000,1726772399999,5745976.03982000,18796,17386.09600000,2496316.18494000,0
1726772400000,143.72000000,144.04000000,143.29000000,143.67000000,75661.86900000,1726774199999,10869638.51714000,22582,34826.70500000,5005619.92622000,0
1726774200000,143.67000000,143.85000000,142.94000000,143.04000000,48850.35300000,1726775999999,7006048.81713000,24616,15046.02800000,2158114.64186000,0
1726776000000,143.04000000,143.66000000,143.03000000,143.46000000,35208.67700000,1726777799999,5048036.97531000,16309,14359.74100000,2058677.15257000,0
1726777800000,143.46000000,143.82000000,143.16000000,143.65000000,61315.01400000,1726779599999,8803990.83475000,12890,24694.46700000,3545526.39418000,0
1726779600000,143.65000000,143.73000000,143.10000000,143.15000000,59264.24100000,1726781399999,8496742.20550000,17015,30287.83400000,4342412.07411000,0
1726781400000,143.15000000,143.46000000,141.68000000,141.69000000,85369.74500000,1726783199999,12177460.51680000,21832,26016.12400000,3713930.07003000,0
1726783200000,141.69000000,141.97000000,140.90000000,141.67000000,140948.65100000,1726784999999,19930057.67899000,36678,67887.33400000,9597779.48475000,0
1726785000000,141.68000000,142.81000000,141.55000000,142.42000000,64728.05000000,1726786799999,9216605.28669000,30326,32985.01800000,4696230.06568000,0
1726786800000,142.43000000,142.55000000,142.13000000,142.19000000,25733.98000000,1726788599999,3662446.48945000,15963,12477.89400000,1775673.43760000,0
1726788600000,142.20000000,142.93000000,142.18000000,142.89000000,67707.80800000,1726790399999,9654834.54507000,12259,28549.55100000,4069710.66573000,0
1726790400000,142.88000000,143.41000000,142.20000000,142.25000000,39632.64100000,1726792199999,5664464.23216000,28438,16958.80200000,2424749.29078000,0
1726792200000,142.25000000,142.50000000,141.74000000,141.77000000,83560.83400000,1726793999999,11878344.33679000,32676,44046.96900000,6263094.49120000,0
1726794000000,141.76000000,141.98000000,141.18000000,141.88000000,55707.04900000,1726795799999,7886311.27773000,26771,24277.72800000,3437801.75200000,0
1726795800000,141.89000000,142.55000000,141.89000000,142.13000000,43688.14600000,1726797599999,6211533.34179000,20415,23871.87200000,3393769.82867000,0
1726797600000,142.14000000,142.41000000,141.30000000,141.58000000,28117.96300000,1726799399999,3987358.26814000,19850,11773.47100000,1669510.90456000,0
1726799400000,141.58000000,142.54000000,141.58000000,142.47000000,33689.86000000,1726801199999,4784595.30482000,17173,19686.20300000,2796675.14282000,0
1726801200000,142.47000000,143.36000000,142.34000000,143.33000000,56762.06200000,1726802999999,8115245.29879000,24497,33694.80700000,4816788.91988000,0
1726803000000,143.33000000,144.70000000,143.24000000,144.66000000,78023.54200000,1726804799999,11223733.35513000,37103,51150.50100000,7361664.16086000,0
1726804800000,144.65000000,146.80000000,144.45000000,146.63000000,224266.62800000,1726806599999,32712732.83264000,88288,128788.21700000,18777034.30000000,0
1726806600000,146.63000000,148.78000000,146.24000000,148.16000000,232730.86600000,1726808399999,34394817.80933000,77543,134897.52300000,19931820.76871000,0
1726808400000,148.16000000,149.62000000,148.10000000,149.18000000,106162.86900000,1726810199999,15816274.20635000,45187,60197.71000000,8965581.29731000,0
1726810200000,149.18000000,149.26000000,147.33000000,148.42000000,140957.65200000,1726811999999,20902614.19694000,53450,70885.45500000,10515285.55656000,0
1726812000000,148.41000000,148.79000000,147.78000000,148.00000000,61707.30900000,1726813799999,9153086.28791000,31142,25823.43200000,3831971.03901000,0
1726813800000,148.00000000,152.50000000,147.97000000,151.43000000,296938.62400000,1726815599999,44688174.78808000,88153,160931.61800000,24196354.35639000,0
1726815600000,151.43000000,151.51000000,149.95000000,150.00000000,138318.20100000,1726817399999,20847493.60441000,59263,57858.30800000,8724326.23251000,0
1726817400000,150.01000000,151.17000000,149.20000000,151.04000000,182710.47500000,1726819199999,27465200.60078000,45807,95785.73100000,14402885.29820000,0
1726819200000,151.05000000,151.80000000,150.30000000,150.36000000,152740.46400000,1726820999999,23078631.09536000,43396,79395.81500000,11998427.79608000,0
1726821000000,150.35000000,151.32000000,150.00000000,150.80000000,121290.65300000,1726822799999,18278808.43114000,40114,50304.68400000,7580393.53257000,0
1726822800000,150.79000000,151.38000000,150.69000000,150.94000000,47268.04500000,1726824599999,7138016.47324000,22041,25555.79800000,3859287.88995000,0
1726824600000,150.95000000,151.75000000,150.49000000,150.96000000,62895.34300000,1726826399999,9505546.53867000,28216,26768.30900000,4046290.55027000,0
1726826400000,150.96000000,151.24000000,150.35000000,150.62000000,56414.18200000,1726828199999,8505834.18328000,27661,25051.24400000,3777423.25458000,0
1726828200000,150.62000000,151.64000000,150.22000000,151.59000000,73267.29100000,1726829999999,11068141.41264000,31465,36678.94600000,5542184.79804000,0
1726830000000,151.59000000,151.63000000,150.30000000,150.35000000,55168.24800000,1726831799999,8325200.36612000,27879,21448.64600000,3236381.10673000,0
1726831800000,150.35000000,150.85000000,150.12000000,150.58000000,71805.24100000,1726833599999,10802011.89367000,28316,26234.72300000,3946796.37675000,0
1726833600000,150.57000000,151.15000000,150.30000000,150.82000000,60115.33000000,1726835399999,9063042.42481000,26087,31805.05500000,4795348.13372000,0
1726835400000,150.82000000,150.99000000,150.23000000,150.40000000,54701.35300000,1726837199999,8236451.75768000,26517,23657.15300000,3562398.96306000,0
1726837200000,150.41000000,150.62000000,147.66000000,148.32000000,304961.49500000,1726838999999,45364726.94000000,91370,130811.72900000,19449727.90957000,0
1726839000000,148.32000000,148.68000000,146.56000000,147.23000000,210004.28100000,1726840799999,30974841.24650000,87506,83918.75700000,12379855.25666000,0
1726840800000,147.23000000,148.52000000,145.92000000,148.09000000,209509.95400000,1726842599999,30813355.23787000,76587,101965.58100000,15008220.17298000,0
1726842600000,148.10000000,149.33000000,147.64000000,147.80000000,142186.28400000,1726844399999,21093816.82094000,72021,66853.83000000,9920970.98896000,0
1726844400000,147.81000000,148.05000000,146.61000000,147.45000000,113333.68800000,1726846199999,16698983.15466000,52513,50774.25400000,7481316.15962000,0
1726846200000,147.45000000,148.78000000,147.17000000,147.88000000,84616.63400000,1726847999999,12521437.38282000,45414,41853.65600000,6195443.73890000,0
1726848000000,147.88000000,148.42000000,147.23000000,147.71000000,80534.08800000,1726849799999,11904414.40702000,42112,38814.99900000,5738473.68695000,0
1726849800000,147.71000000,148.25000000,147.16000000,147.66000000,45237.71900000,1726851599999,6679663.48361000,31211,17871.58900000,2639870.79692000,0
1726851600000,147.66000000,148.00000000,146.49000000,146.61000000,47950.81600000,1726853399999,7058409.10006000,36728,17429.50200000,2566220.27418000,0
1726853400000,146.61000000,146.74000000,145.67000000,145.85000000,78545.80900000,1726855199999,11489619.07192000,34320,30706.34600000,4493317.71753000,0
1726855200000,145.84000000,145.99000000,144.81000000,145.63000000,111223.44900000,1726856999999,16172322.43428000,41425,38819.23200000,5646554.89961000,0
1726857000000,145.62000000,146.37000000,144.94000000,146.22000000,89398.99800000,1726858799999,13031924.11880000,29480,39033.97000000,5690611.65085000,0
1726858800000,146.23000000,146.69000000,145.92000000,146.65000000,63811.00400000,1726860599999,9339207.72894000,23245,29755.15800000,4354519.14665000,0
1726860600000,146.64000000,147.35000000,146.35000000,146.67000000,54387.52100000,1726862399999,7989938.08908000,25038,31565.01200000,4638105.38889000,0
1726862400000,146.67000000,147.27000000,146.32000000,146.89000000,33477.04100000,1726864199999,4914624.70843000,15857,18062.98000000,2652148.66132000,0
1726864200000,146.88000000,147.14000000,146.57000000,146.64000000,29745.96000000,1726865999999,4371099.77406000,11769,11508.00300000,1691213.37176000,0
1726866000000,146.64000000,147.88000000,146.60000000,147.77000000,80839.93500000,1726867799999,11921319.34845000,26169,46967.49000000,6925424.34202000,0
1726867800000,147.77000000,147.98000000,147.02000000,147.24000000,23889.03800000,1726869599999,3522590.52756000,10732,12374.44800000,1824960.86066000,0
1726869600000,147.24000000,147.71000000,147.00000000,147.06000000,32185.86900000,1726871399999,4741284.55209000,13469,18632.94500000,2744755.70663000,0
1726871400000,147.07000000,147.37000000,146.81000000,147.13000000,15761.53400000,1726873199999,2318931.58950000,7301,8258.35000000,1215078.13120000,0
1726873200000,147.14000000,147.14000000,146.62000000,146.89000000,27421.77100000,1726874999999,4028441.23550000,10425,10425.15700000,1531615.13224000,0
1726875000000,146.90000000,146.99000000,146.14000000,146.66000000,50436.85600000,1726876799999,7393331.89926000,12272,25172.59200000,3689398.45681000,0
1726876800000,146.67000000,147.19000000,145.65000000,146.85000000,85233.22800000,1726878599999,12490196.92107000,30210,47648.08000000,6984678.18926000,0
1726878600000,146.85000000,148.00000000,146.69000000,147.17000000,60278.00600000,1726880399999,8882168.12708000,27008,35060.79400000,5166926.46291000,0
1726880400000,147.17000000,147.38000000,146.10000000,146.66000000,49392.84600000,1726882199999,7243486.75590000,23229,20028.45000000,2937050.72488000,0
1726882200000,146.67000000,147.13000000,145.29000000,145.35000000,56660.34900000,1726883999999,8271957.63136000,25070,22158.26200000,3236773.35059000,0
1726884000000,145.35000000,145.69000000,144.95000000,145.39000000,40326.98600000,1726885799999,5858356.04396000,19979,18200.87300000,2644752.83342000,0
1726885800000,145.39000000,145.90000000,145.27000000,145.57000000,22971.97600000,1726887599999,3345931.40196000,11287,13361.70100000,1946072.17972000,0
1726887600000,145.58000000,146.30000000,145.36000000,146.24000000,22543.08000000,1726889399999,3292328.09019000,11922,12858.17100000,1878176.19897000,0
1726889400000,146.25000000,146.60000000,145.84000000,145.97000000,26316.85100000,1726891199999,3848763.06818000,13912,13187.41100000,1928497.79480000,0
1726891200000,145.96000000,146.20000000,145.10000000,145.43000000,48603.57500000,1726892999999,7080657.16291000,21067,17978.79000000,2619520.06593000,0
1726893000000,145.42000000,145.45000000,144.61000000,145.37000000,61604.82300000,1726894799999,8932558.70166000,22944,25508.74800000,3698643.70732000,0
1726894800000,145.37000000,145.83000000,145.15000000,145.67000000,30348.10700000,1726896599999,4417273.48555000,14468,11814.16100000,1719408.75032000,0
1726896600000,145.67000000,146.07000000,145.65000000,145.93000000,25182.54200000,1726898399999,3673926.37274000,9140,9398.00000000,1371190.45624000,0
1726898400000,145.93000000,147.22000000,145.72000000,147.15000000,52879.23600000,1726900199999,7752792.63113000,17484,33888.08000000,4968568.03590000,0
1726900200000,147.14000000,147.15000000,146.73000000,146.80000000,34825.82000000,1726901999999,5117398.69575000,12106,15434.09900000,2268042.81723000,0
1726902000000,146.80000000,147.37000000,146.68000000,147.16000000,35693.98300000,1726903799999,5249888.48304000,11699,11849.88300000,1742541.70738000,0
1726903800000,147.16000000,147.75000000,147.02000000,147.45000000,25328.20400000,1726905599999,3733324.08511000,13063,12254.99600000,1806634.11787000,0
1726905600000,147.44000000,147.93000000,147.36000000,147.84000000,37035.65900000,1726907399999,5467542.23804000,11085,18252.13600000,2694876.87704000,0
1726907400000,147.84000000,147.93000000,146.96000000,147.09000000,30319.10000000,1726909199999,4466884.54070000,12992,14277.44500000,2103530.19608000,0
1726909200000,147.09000000,147.55000000,147.00000000,147.53000000,35178.87200000,1726910999999,5183293.36300000,11716,20258.91400000,2985366.33826000,0
1726911000000,147.54000000,147.72000000,147.24000000,147.50000000,19158.37500000,1726912799999,2825307.58839000,11546,8831.13600000,1302357.28793000,0
1726912800000,147.50000000,147.53000000,146.73000000,146.73000000,22205.17900000,1726914599999,3266186.51788000,10927,4408.49100000,648417.62352000,0
1726914600000,146.73000000,146.96000000,146.44000000,146.82000000,29755.88300000,1726916399999,4365683.73528000,12074,9196.03400000,1349213.01514000,0
1726916400000,146.82000000,147.30000000,146.71000000,147.07000000,20367.17300000,1726918199999,2994684.90427000,9262,10494.14200000,1543250.49474000,0
1726918200000,147.07000000,147.32000000,147.01000000,147.21000000,20369.55500000,1726919999999,2998695.73500000,7868,9440.44600000,1389764.83323000,0
1726920000000,147.20000000,147.33000000,146.73000000,146.73000000,17840.76300000,1726921799999,2622207.01195000,8687,6797.00700000,999057.69451000,0
1726921800000,146.73000000,147.47000000,146.71000000,147.44000000,20524.09900000,1726923599999,3017861.67864000,8348,9587.99000000,1410173.27135000,0
1726923600000,147.44000000,147.57000000,146.98000000,147.51000000,25694.34000000,1726925399999,3785130.17879000,13182,11948.88300000,1760398.32372000,0
1726925400000,147.51000000,148.62000000,147.43000000,148.50000000,65642.35500000,1726927199999,9718705.41951000,20405,41973.73500000,6212385.36312000,0
1726927200000,148.50000000,148.86000000,148.24000000,148.32000000,60936.26300000,1726928999999,9053210.23761000,22634,31731.78700000,4714531.64024000,0
1726929000000,148.32000000,150.25000000,148.29000000,149.03000000,158471.85400000,1726930799999,23639615.07749000,25967,109912.57000000,16401262.83055000,0
1726930800000,149.04000000,149.07000000,147.50000000,148.06000000,64002.35600000,1726932599999,9473318.97542000,24065,24415.27100000,3614089.11947000,0
1726932600000,148.05000000,148.09000000,147.42000000,147.64000000,23627.50900000,1726934399999,3491400.91367000,12495,9440.96300000,1395377.74790000,0
1726934400000,147.63000000,148.14000000,147.17000000,147.42000000,26860.15100000,1726936199999,3966725.44851000,15395,13413.09400000,1980990.97304000,0
1726936200000,147.43000000,147.98000000,147.30000000,147.85000000,24117.62400000,1726937999999,3560154.97353000,14531,9955.97900000,1469434.55742000,0
1726938000000,147.85000000,148.39000000,147.53000000,147.96000000,29359.91700000,1726939799999,4347226.04154000,17653,16574.14900000,2454422.89377000,0
1726939800000,147.96000000,148.51000000,147.95000000,148.09000000,28144.31600000,1726941599999,4173393.17330000,15138,13778.83100000,2043342.66601000,0
1726941600000,148.10000000,148.74000000,147.85000000,148.54000000,92224.62600000,1726943399999,13686116.31507000,14672,38803.65100000,5757383.96741000,0
1726943400000,148.55000000,148.79000000,147.72000000,147.77000000,125853.09100000,1726945199999,18638083.28517000,17278,81890.49900000,12125872.70333000,0
1726945200000,147.77000000,148.16000000,147.42000000,147.67000000,28294.42400000,1726946999999,4181353.78760000,10624,9799.56000000,1448600.07464000,0
1726947000000,147.67000000,147.73000000,147.25000000,147.38000000,30489.96600000,1726948799999,4494080.12229000,9647,14180.54800000,2089824.89410000,0
1726948800000,147.38000000,147.63000000,147.21000000,147.54000000,11924.67600000,1726950599999,1758272.24626000,7758,5399.69400000,796205.11504000,0
1726950600000,147.54000000,147.81000000,147.54000000,147.59000000,9443.68000000,1726952399999,1394564.86156000,5858,3794.95200000,560481.52196000,0
1726952400000,147.59000000,147.83000000,147.37000000,147.58000000,17674.79100000,1726954199999,2608873.28767000,7181,8752.84500000,1291917.75741000,0
1726954200000,147.58000000,148.16000000,147.49000000,147.80000000,17846.57400000,1726955999999,2637866.55892000,5424,9001.82300000,1330584.29493000,0
1726956000000,147.80000000,148.39000000,147.78000000,148.23000000,18192.26100000,1726957799999,2693071.42276000,11485,8619.45500000,1276161.77637000,0
1726957800000,148.24000000,148.55000000,148.10000000,148.55000000,20394.39300000,1726959599999,3025314.28464000,8621,8866.00000000,1315522.73818000,0
1726959600000,148.55000000,149.05000000,148.28000000,149.00000000,39789.83100000,1726961399999,5919865.19086000,13703,20968.94900000,3119175.60472000,0
1726961400000,149.00000000,149.89000000,148.90000000,149.41000000,66803.94800000,1726963199999,9980416.43485000,24076,37079.87900000,5540902.17420000,0
1726963200000,149.42000000,149.92000000,148.45000000,148.48000000,62987.13100000,1726964999999,9402313.15407000,33557,32376.39100000,4836497.73032000,0
1726965000000,148.48000000,148.89000000,148.18000000,148.84000000,29398.14200000,1726966799999,4365505.07958000,19441,17652.37100000,2621730.90726000,0
1726966800000,148.84000000,148.95000000,148.11000000,148.28000000,22424.51200000,1726968599999,3329144.43059000,13766,9934.79800000,1474989.90523000,0
1726968600000,148.29000000,148.48000000,147.73000000,147.88000000,24641.45100000,1726970399999,3650570.71729000,15127,11083.62300000,1642366.86641000,0
1726970400000,147.88000000,148.07000000,147.12000000,147.46000000,43185.49500000,1726972199999,6370334.07647000,18522,18613.98300000,2745919.92682000,0
1726972200000,147.46000000,147.82000000,147.12000000,147.67000000,41675.69300000,1726973999999,6146619.55259000,16301,23122.04700000,3411073.77617000,0
1726974000000,147.67000000,148.26000000,147.47000000,148.03000000,29169.19000000,1726975799999,4313476.26994000,14034,18003.04200000,2662610.47645000,0
1726975800000,148.03000000,148.25000000,147.70000000,148.09000000,14120.81700000,1726977599999,2089237.10972000,9570,7472.42500000,1105751.82875000,0
1726977600000,148.08000000,148.60000000,148.05000000,148.60000000,17193.93300000,1726979399999,2549132.12990000,8523,12923.10700000,1916046.14682000,0
1726979400000,148.61000000,148.98000000,148.40000000,148.41000000,28271.84300000,1726981199999,4203346.12749000,10704,14682.57700000,2183135.13192000,0
1726981200000,148.41000000,148.50000000,147.48000000,147.62000000,23257.50900000,1726982999999,3439408.09852000,14570,9867.02900000,1458835.74826000,0
1726983000000,147.62000000,147.67000000,147.16000000,147.23000000,27860.39500000,1726984799999,4106622.96747000,12518,11819.75300000,1742330.19525000,0
1726984800000,147.23000000,147.58000000,147.08000000,147.16000000,29294.83200000,1726986599999,4315198.36160000,12454,12706.27300000,1871980.92569000,0
1726986600000,147.17000000,147.17000000,146.37000000,146.55000000,43027.62700000,1726988399999,6310780.62026000,21620,19600.81200000,2873825.88555000,0
1726988400000,146.55000000,146.93000000,146.43000000,146.88000000,33955.16900000,1726990199999,4978817.14345000,10313,21609.72500000,3168767.62744000,0
1726990200000,146.89000000,147.38000000,146.70000000,147.17000000,30574.65100000,1726991999999,4496281.75043000,7424,19064.74700000,2804105.24448000,0
1726992000000,147.16000000,147.57000000,147.07000000,147.21000000,26479.39200000,1726993799999,3901270.71405000,8353,14044.72600000,2069824.46749000,0
1726993800000,147.22000000,147.32000000,146.87000000,147.31000000,16095.33800000,1726995599999,2367479.63560000,7280,7194.33700000,1058374.43902000,0
1726995600000,147.31000000,147.32000000,145.82000000,146.01000000,58596.45000000,1726997399999,8580823.42802000,16619,20458.49700000,2995156.17890000,0
1726997400000,146.01000000,146.26000000,145.00000000,145.00000000,100319.67200000,1726999199999,14582943.27204000,24745,34180.25900000,4971123.18615000,0
1726999200000,145.01000000,145.53000000,145.00000000,145.24000000,47304.39400000,1727000999999,6870214.71691000,12490,23648.20500000,3435124.89088000,0
1727001000000,145.24000000,145.24000000,144.35000000,145.05000000,60878.23700000,1727002799999,8817638.39063000,21956,29966.43300000,4340191.18370000,0
1727002800000,145.05000000,145.11000000,144.12000000,144.94000000,50883.16900000,1727004599999,7361968.06714000,21466,22580.94200000,3267254.70916000,0
1727004600000,144.94000000,145.13000000,144.52000000,144.87000000,44945.41200000,1727006399999,6512407.13430000,14848,29564.63100000,4284265.09763000,0
1727006400000,144.86000000,145.18000000,144.62000000,144.64000000,29519.30100000,1727008199999,4278416.16711000,11656,15502.86900000,2247089.79832000,0
1727008200000,144.63000000,145.06000000,144.44000000,144.83000000,27241.20400000,1727009999999,3942671.63074000,11318,15650.92500000,2265204.50641000,0
1727010000000,144.83000000,144.97000000,144.27000000,144.34000000,36651.82900000,1727011799999,5302125.96579000,12052,19384.54900000,2804621.76455000,0
1727011800000,144.35000000,144.42000000,143.27000000,143.62000000,79858.53600000,1727013599999,11474001.23977000,25756,27750.95900000,3987763.40565000,0
1727013600000,143.61000000,144.12000000,143.13000000,143.24000000,46367.32300000,1727015399999,6658633.29059000,22309,20177.18300000,2898558.92498000,0
1727015400000,143.23000000,143.45000000,142.63000000,143.35000000,73712.81200000,1727017199999,10547259.04094000,27377,34590.38000000,4949776.36599000,0
1727017200000,143.35000000,143.78000000,143.06000000,143.66000000,34836.04000000,1727018999999,4995666.71635000,16749,15572.40200000,2233599.75350000,0
1727019000000,143.65000000,143.86000000,143.06000000,143.13000000,21544.48400000,1727020799999,3088817.13345000,16443,9426.79600000,1351602.89348000,0
1727020800000,143.12000000,143.31000000,142.41000000,143.27000000,71633.20100000,1727022599999,10229598.76246000,27378,31365.94000000,4479335.94630000,0
1727022600000,143.28000000,143.86000000,143.08000000,143.58000000,31361.74800000,1727024399999,4501989.69550000,14924,19540.51600000,2804894.44829000,0
1727024400000,143.58000000,144.76000000,143.52000000,144.47000000,53793.75100000,1727026199999,7765352.00469000,21373,35442.40200000,5115164.58948000,0
1727026200000,144.46000000,145.45000000,144.42000000,145.03000000,58984.27500000,1727027999999,8553897.99735000,21576,38996.35900000,5654739.55123000,0
1727028000000,145.03000000,145.07000000,143.74000000,144.36000000,35334.54000000,1727029799999,5100817.41703000,16721,14215.64500000,2052169.14217000,0
1727029800000,144.37000000,144.62000000,144.14000000,144.19000000,22646.89400000,1727031599999,3271567.41538000,9621,15865.52900000,2292206.94139000,0
1727031600000,144.20000000,144.51000000,143.23000000,143.39000000,25935.88000000,1727033399999,3729955.13816000,11720,7791.31400000,1121723.22921000,0
1727033400000,143.39000000,144.89000000,143.39000000,144.68000000,23265.31300000,1727035199999,3355977.88907000,15486,15485.34200000,2234652.10635000,0
1727035200000,144.66000000,145.20000000,144.48000000,145.01000000,36854.58300000,1727036999999,5340661.36573000,20477,20756.83600000,3007783.93981000,0
1727037000000,145.00000000,145.00000000,144.32000000,144.44000000,26956.27800000,1727038799999,3898330.25639000,10550,11612.22100000,1679019.49838000,0
1727038800000,144.45000000,144.96000000,144.29000000,144.61000000,18503.29500000,1727040599999,2677826.37291000,8582,11509.65500000,1665765.83646000,0
1727040600000,144.62000000,144.73000000,141.71000000,141.90000000,95902.63600000,1727042399999,13706928.78480000,29231,36879.62100000,5272502.84531000,0
1727042400000,141.89000000,142.59000000,141.12000000,142.45000000,168072.09600000,1727044199999,23824362.20395000,54052,97482.99000000,13823789.31310000,0
1727044200000,142.45000000,145.74000000,142.44000000,145.48000000,140996.85400000,1727045999999,20399432.26668000,61678,85656.91300000,12386818.41061000,0
1727046000000,145.47000000,145.78000000,144.33000000,144.44000000,61030.19600000,1727047799999,8848270.34472000,33044,27273.51500000,3954490.58462000,0
1727047800000,144.44000000,145.05000000,144.21000000,144.63000000,38419.36500000,1727049599999,5559638.43592000,18739,20130.50300000,2912982.44036000,0
1727049600000,144.64000000,144.79000000,142.13000000,143.96000000,132308.03100000,1727051399999,18945909.95168000,52849,71935.73200000,10298233.84911000,0
1727051400000,143.96000000,146.47000000,143.63000000,145.59000000,94994.54300000,1727053199999,13807831.59337000,45654,56281.25200000,8184334.74314000,0
1727053200000,145.60000000,146.94000000,145.36000000,146.77000000,81648.62100000,1727054999999,11955592.31686000,46811,41855.00400000,6129134.04472000,0
1727055000000,146.78000000,147.50000000,146.40000000,146.69000000,79312.38500000,1727056799999,11659895.51116000,34438,39450.69400000,5800203.40165000,0
1727056800000,146.68000000,146.77000000,145.90000000,145.90000000,42443.02300000,1727058599999,6210603.86764000,20633,21680.27400000,3172678.32141000,0
1727058600000,145.90000000,147.00000000,145.88000000,146.74000000,48873.10800000,1727060399999,7160716.58920000,23281,31642.83800000,4636633.94890000,0
1727060400000,146.75000000,149.07000000,146.61000000,148.80000000,169695.55100000,1727062199999,25150210.98807000,56709,107870.92800000,15983608.63371000,0
1727062200000,148.79000000,148.96000000,147.60000000,147.73000000,97198.02200000,1727063999999,14403357.20149000,33168,39385.89800000,5837144.87629000,0
1727064000000,147.73000000,148.22000000,146.72000000,146.82000000,83351.12900000,1727065799999,12298201.67856000,27158,33673.09100000,4973253.65495000,0
1727065800000,146.82000000,147.18000000,146.55000000,147.01000000,36816.24800000,1727067599999,5408509.59219000,21348,18013.13000000,2646566.23702000,0
1727067600000,147.01000000,147.12000000,146.09000000,146.12000000,46278.72800000,1727069399999,6775240.37003000,17802,21512.64600000,3149939.36827000,0
1727069400000,146.13000000,147.20000000,146.12000000,146.69000000,28339.14700000,1727071199999,4158951.36361000,15906,15267.40400000,2240444.11155000,0
1727071200000,146.69000000,147.07000000,146.44000000,146.91000000,26608.44300000,1727072999999,3904411.82643000,15214,13305.78600000,1952717.56205000,0
1727073000000,146.91000000,147.36000000,146.70000000,146.96000000,32056.19900000,1727074799999,4714589.96041000,12974,16096.79600000,2367239.31563000,0
1727074800000,146.96000000,147.08000000,145.61000000,146.07000000,56422.11500000,1727076599999,8247338.25785000,24117,20020.05100000,2928320.11524000,0
1727076600000,146.07000000,146.12000000,145.17000000,145.52000000,89782.20200000,1727078399999,13064469.42677000,21572,42967.01400000,6252808.30118000,0
1727078400000,145.52000000,145.65000000,143.84000000,144.41000000,123585.49300000,1727080199999,17867860.68464000,31164,55592.64800000,8033146.36138000,0
1727080200000,144.41000000,144.72000000,143.41000000,143.72000000,68094.08500000,1727081999999,9788387.55409000,26456,27711.08400000,3983241.99470000,0
1727082000000,143.71000000,145.05000000,143.61000000,144.86000000,87311.83700000,1727083799999,12605081.20208000,23592,54711.22800000,7898878.20182000,0
1727083800000,144.86000000,144.90000000,144.27000000,144.74000000,56885.04100000,1727085599999,8226777.41565000,19343,28829.88600000,4170029.30415000,0
1727085600000,144.74000000,144.86000000,143.46000000,144.17000000,84322.02700000,1727087399999,12148951.34543000,25322,38511.10900000,5548149.06443000,0
1727087400000,144.17000000,144.36000000,143.85000000,143.91000000,36034.59900000,1727089199999,5191898.53157000,14489,12164.28400000,1752750.63262000,0
1727089200000,143.90000000,143.98000000,143.07000000,143.47000000,89132.47100000,1727090999999,12787993.63197000,24400,28589.32500000,4100795.35962000,0
1727091000000,143.47000000,144.03000000,143.18000000,143.57000000,44386.05600000,1727092799999,6376098.54959000,16783,17489.08700000,2512854.89621000,0
1727092800000,143.56000000,143.66000000,142.80000000,143.39000000,91464.51100000,1727094599999,13098478.79715000,24615,45279.55800000,6484926.94468000,0
1727094600000,143.39000000,143.39000000,142.65000000,143.14000000,49540.30700000,1727096399999,7081764.04274000,21333,19632.79500000,2806485.02303000,0
1727096400000,143.14000000,143.32000000,142.59000000,143.16000000,33991.32500000,1727098199999,4857170.34324000,19212,13490.57600000,1928113.55600000,0
1727098200000,143.15000000,143.81000000,142.84000000,143.11000000,93158.50500000,1727099999999,13352745.84456000,47968,47073.94800000,6750461.87293000,0
1727100000000,143.10000000,145.50000000,142.82000000,144.72000000,156439.75300000,1727101799999,22599262.11357000,54332,91565.81600000,13231755.44194000,0
1727101800000,144.72000000,144.90000000,142.69000000,143.75000000,137486.24500000,1727103599999,19732444.40324000,44627,68157.69300000,9783092.86291000,0
1727103600000,143.74000000,144.20000000,142.73000000,143.93000000,77340.11300000,1727105399999,11079367.32674000,30220,37300.65600000,5344783.95230000,0
1727105400000,143.94000000,144.99000000,143.82000000,144.21000000,74669.91900000,1727107199999,10791808.95698000,31855,38754.40100000,5602251.09892000,0
1727107200000,144.20000000,145.03000000,143.29000000,143.43000000,93534.34600000,1727108999999,13479991.46397000,44881,43736.92300000,6305234.02658000,0
1727109000000,143.42000000,143.64000000,143.02000000,143.17000000,56031.36700000,1727110799999,8027858.85349000,25510,25419.27500000,3642156.05236000,0
1727110800000,143.17000000,143.46000000,142.76000000,143.22000000,55954.74100000,1727112599999,8002407.49367000,21926,24687.24100000,3531017.48158000,0
1727112600000,143.22000000,143.72000000,143.00000000,143.51000000,41715.09400000,1727114399999,5984294.09353000,15891,18954.57400000,2719290.69860000,0
1727114400000,143.50000000,143.96000000,143.40000000,143.61000000,41820.08900000,1727116199999,6008438.98439000,16440,20695.20300000,2973310.68055000,0
1727116200000,143.61000000,144.32000000,143.55000000,143.92000000,48923.86300000,1727117999999,7048082.77844000,17057,28508.11700000,4106952.56889000,0
1727118000000,143.91000000,144.20000000,143.61000000,144.03000000,32172.69200000,1727119799999,4630441.31258000,16915,18392.53400000,2647127.18376000,0
1727119800000,144.03000000,144.16000000,143.18000000,143.31000000,39899.29400000,1727121599999,5733404.76376000,17333,17811.23100000,2559263.58785000,0
1727121600000,143.31000000,143.66000000,143.06000000,143.17000000,32613.59400000,1727123399999,4676387.52217000,14350,13841.37200000,1984861.44028000,0
1727123400000,143.17000000,143.71000000,143.06000000,143.39000000,28638.87100000,1727125199999,4106922.70347000,8851,13101.55300000,1878610.57680000,0
1727125200000,143.40000000,144.00000000,142.42000000,143.41000000,108990.31500000,1727126999999,15610923.19740000,25473,56988.78200000,8162599.46212000,0
1727127000000,143.41000000,144.33000000,143.34000000,144.11000000,58354.07800000,1727128799999,8395646.12382000,12874,28695.57400000,4129123.19576000,0
1727128800000,144.12000000,144.34000000,143.68000000,144.12000000,36075.40500000,1727130599999,5195870.58915000,12107,18429.23200000,2653758.93387000,0
1727130600000,144.11000000,144.50000000,143.92000000,144.40000000,26702.55900000,1727132399999,3851624.49226000,10497,13959.71200000,2013410.23713000,0
1727132400000,144.39000000,144.92000000,144.02000000,144.35000000,36703.45200000,1727134199999,5303617.55578000,12788,18911.85100000,2732477.13175000,0
1727134200000,144.34000000,145.20000000,144.33000000,144.79000000,38274.23100000,1727135999999,5546531.65267000,13230,20594.55700000,2984489.22859000,0
1727136000000,144.79000000,144.95000000,144.32000000,144.80000000,43833.04500000,1727137799999,6339940.67403000,15982,19944.60800000,2884956.61667000,0
1727137800000,144.80000000,145.20000000,143.09000000,143.95000000,119941.12000000,1727139599999,17287656.01492000,37525,53226.65500000,7670738.90263000,0
1727139600000,143.96000000,145.20000000,143.51000000,143.65000000,51220.20200000,1727141399999,7392443.46496000,20953,24772.18100000,3577852.99050000,0
1727141400000,143.66000000,144.73000000,143.16000000,144.37000000,68191.75300000,1727143199999,9816903.32958000,25336,34533.46000000,4972253.45854000,0
1727143200000,144.36000000,145.14000000,143.34000000,144.94000000,69577.88500000,1727144999999,10040703.17621000,23739,30366.20500000,4384587.55935000,0
1727145000000,144.94000000,146.76000000,144.86000000,146.66000000,130336.50800000,1727146799999,19022855.49843000,35700,78816.87300000,11506711.31848000,0
1727146800000,146.66000000,146.90000000,145.95000000,146.05000000,81518.11100000,1727148599999,11939440.35503000,24981,35672.54000000,5226727.65063000,0
1727148600000,146.04000000,146.73000000,145.80000000,146.63000000,47194.34100000,1727150399999,6903738.46991000,18567,21374.85300000,3127189.51903000,0
1727150400000,146.64000000,146.91000000,145.96000000,146.34000000,52952.43700000,1727152199999,7754360.13193000,19164,22720.95200000,3328530.62859000,0
1727152200000,146.35000000,146.37000000,145.35000000,145.53000000,51357.68000000,1727153999999,7493438.17192000,16280,22458.76700000,3277255.93184000,0
1727154000000,145.53000000,146.53000000,145.46000000,146.31000000,53864.54000000,1727155799999,7870759.16456000,18475,27220.25700000,3977150.02233000,0
1727155800000,146.32000000,146.55000000,145.86000000,146.24000000,44123.05500000,1727157599999,6450632.56767000,14240,19657.93200000,2874252.56793000,0
1727157600000,146.23000000,146.73000000,146.06000000,146.08000000,33184.75900000,1727159399999,4856728.38733000,15342,17576.59900000,2572997.27992000,0
1727159400000,146.08000000,146.48000000,145.77000000,146.26000000,41105.17700000,1727161199999,6009750.57449000,15066,21731.88800000,3177898.86693000,0
1727161200000,146.26000000,146.87000000,146.19000000,146.35000000,39601.89600000,1727162999999,5803503.05949000,19135,18697.02400000,2740095.21916000,0
1727163000000,146.36000000,147.35000000,146.09000000,147.19000000,57378.05700000,1727164799999,8427160.91755000,21519,38274.04700000,5622477.65592000,0
1727164800000,147.19000000,147.85000000,147.05000000,147.80000000,91120.10200000,1727166599999,13432680.74298000,25602,37401.34300000,5513990.18187000,0
1727166600000,147.80000000,148.76000000,147.50000000,148.30000000,166971.77900000,1727168399999,24732242.69467000,40778,96203.05500000,14251007.37299000,0
1727168400000,148.30000000,148.51000000,147.15000000,147.18000000,73935.56100000,1727170199999,10921625.67235000,25584,26688.86400000,3942764.26697000,0
1727170200000,147.18000000,147.37000000,146.44000000,146.53000000,51722.30300000,1727171999999,7598643.93463000,23475,21897.81100000,3217762.09138000,0
1727172000000,146.53000000,147.00000000,146.29000000,146.83000000,68294.22600000,1727173799999,10014916.47885000,21596,35600.60600000,5220914.04855000,0
1727173800000,146.82000000,147.14000000,146.62000000,146.66000000,30473.26600000,1727175599999,4474287.77874000,13626,13584.88800000,1994870.59180000,0
1727175600000,146.67000000,146.73000000,145.95000000,146.32000000,47482.79500000,1727177399999,6941800.56035000,18807,18195.08600000,2660111.03831000,0
1727177400000,146.32000000,146.76000000,146.14000000,146.46000000,34864.46100000,1727179199999,5105618.79739000,15812,14656.01000000,2146470.23166000,0
1727179200000,146.46000000,147.64000000,146.46000000,147.27000000,52860.88800000,1727180999999,7770505.47540000,18941,32710.65600000,4808488.06434000,0
1727181000000,147.28000000,147.86000000,146.75000000,147.35000000,74576.11600000,1727182799999,10986263.70573000,24357,40061.16300000,5902128.16921000,0
1727182800000,147.35000000,147.76000000,146.94000000,147.08000000,49273.57400000,1727184599999,7262657.77215000,22019,21986.38500000,3240560.05589000,0
1727184600000,147.08000000,148.53000000,147.00000000,147.46000000,125037.03400000,1727186399999,18510973.89555000,44247,54431.46400000,8055524.27233000,0
1727186400000,147.46000000,147.46000000,144.52000000,144.69000000,297377.74400000,1727188199999,43436038.73072000,81202,114484.33600000,16733509.16519000,0
1727188200000,144.69000000,146.02000000,144.16000000,145.74000000,147892.83900000,1727189999999,21458773.90452000,40912,83321.46600000,12094161.85107000,0
1727190000000,145.74000000,146.21000000,145.20000000,145.48000000,88294.41300000,1727191799999,12869188.69228000,27501,45175.48200000,6586369.75360000,0
1727191800000,145.49000000,146.06000000,144.94000000,145.52000000,58435.41300000,1727193599999,8501730.38061000,28852,27483.86600000,3999356.61636000,0
1727193600000,145.53000000,146.12000000,145.34000000,145.47000000,80413.94800000,1727195399999,11715146.41531000,29535,38733.25900000,5644644.31286000,0
1727195400000,145.48000000,146.68000000,145.40000000,146.47000000,81873.60700000,1727197199999,11969768.72641000,28113,39055.36000000,5710224.20066000,0
1727197200000,146.46000000,147.93000000,146.30000000,147.54000000,94639.61700000,1727198999999,13922823.17257000,36824,56177.74500000,8265269.91146000,0
1727199000000,147.53000000,148.47000000,147.35000000,147.39000000,124826.55200000,1727200799999,18470587.75504000,46179,73051.49700000,10810949.15100000,0
1727200800000,147.39000000,147.87000000,146.71000000,146.89000000,88873.41000000,1727202599999,13084232.86478000,33923,43740.77500000,6437419.98907000,0
1727202600000,146.90000000,147.54000000,146.53000000,147.10000000,26494.11500000,1727204399999,3899479.63781000,23754,12828.82400000,1888561.67051000,0
1727204400000,147.09000000,147.40000000,146.85000000,147.09000000,26225.59800000,1727206199999,3859577.55360000,19309,12669.75800000,1864825.76943000,0
1727206200000,147.08000000,148.44000000,146.70000000,148.24000000,62687.35000000,1727207999999,9265486.99645000,26853,37907.77900000,5605354.15793000,0
1727208000000,148.23000000,149.28000000,147.99000000,149.25000000,181366.23800000,1727209799999,26967374.05702000,53503,111822.65000000,16630062.94779000,0
1727209800000,149.25000000,149.43000000,148.37000000,148.45000000,78594.91600000,1727211599999,11695680.84437000,22371,39726.26400000,5912536.07393000,0
1727211600000,148.44000000,148.94000000,148.09000000,148.17000000,50406.50100000,1727213399999,7487498.91466000,16548,27207.16100000,4042098.10403000,0
1727213400000,148.17000000,148.78000000,148.10000000,148.74000000,38433.85900000,1727215199999,5706803.22548000,13798,22965.14200000,3409869.41970000,0
1727215200000,148.75000000,151.48000000,148.75000000,151.11000000,168618.57200000,1727216999999,25331564.13849000,54200,109483.12200000,16447584.34956000,0
1727217000000,151.11000000,154.00000000,150.69000000,153.35000000,251457.77800000,1727218799999,38256512.91362000,76400,143251.29600000,21792702.36933000,0
1727218800000,153.34000000,153.81000000,152.40000000,153.07000000,143524.71500000,1727220599999,21965416.21104000,49330,64213.08100000,9830203.69376000,0
1727220600000,153.06000000,153.29000000,152.66000000,152.73000000,73073.07500000,1727222399999,11180667.75894000,23395,36361.21300000,5564450.59018000,0
1727222400000,152.74000000,152.95000000,151.76000000,152.31000000,91989.84800000,1727224199999,14011141.33594000,28517,32222.71700000,4908001.35901000,0
1727224200000,152.31000000,153.80000000,151.63000000,151.97000000,151602.79000000,1727225999999,23161587.67576000,39447,83165.83600000,12706603.54718000,0
1727226000000,151.97000000,153.08000000,151.79000000,152.81000000,99864.15400000,1727227799999,15223484.33346000,25761,51016.22000000,7774326.40841000,0
1727227800000,152.81000000,153.93000000,152.36000000,152.50000000,98967.48700000,1727229599999,15146284.90555000,38214,54988.28200000,8419713.04122000,0
1727229600000,152.50000000,152.71000000,151.82000000,151.84000000,78332.07900000,1727231399999,11922237.52498000,19944,42332.88100000,6442450.10939000,0
1727231400000,151.85000000,152.36000000,151.52000000,151.60000000,54400.25200000,1727233199999,8265329.93970000,15552,22617.23700000,3436847.06960000,0
1727233200000,151.61000000,151.61000000,151.03000000,151.57000000,58341.34700000,1727234999999,8827135.72976000,18385,25500.19100000,3858831.46919000,0
1727235000000,151.57000000,152.47000000,151.56000000,152.00000000,50783.58300000,1727236799999,7716982.51615000,16340,27756.98400000,4218954.06263000,0
1727236800000,152.00000000,152.25000000,151.27000000,151.40000000,38521.30300000,1727238599999,5843305.27077000,14084,15482.14400000,2349868.08116000,0
1727238600000,151.40000000,151.43000000,150.65000000,150.69000000,39033.36100000,1727240399999,5898659.98985000,17091,15883.04500000,2400527.84365000,0
1727240400000,150.70000000,151.32000000,150.69000000,150.85000000,42628.81100000,1727242199999,6437584.09449000,15640,22173.25000000,3348407.55851000,0
1727242200000,150.85000000,151.17000000,149.94000000,150.29000000,97398.10300000,1727243999999,14651453.02757000,21326,34972.93500000,5262515.10962000,0
1727244000000,150.28000000,150.53000000,149.89000000,150.00000000,62899.57300000,1727245799999,9443523.38703000,19588,27254.88800000,4091672.37689000,0
1727245800000,150.00000000,150.36000000,149.51000000,149.83000000,83385.32400000,1727247599999,12499553.51038000,25440,34847.12300000,5225069.37758000,0
1727247600000,149.83000000,149.94000000,148.97000000,149.66000000,71578.39800000,1727249399999,10695389.01090000,22821,24304.77400000,3632432.45398000,0
1727249400000,149.65000000,150.06000000,149.36000000,149.77000000,40511.20500000,1727251199999,6068550.55392000,14268,21351.26700000,3199052.52909000,0
1727251200000,149.77000000,150.30000000,149.68000000,150.17000000,39130.10000000,1727252999999,5871227.31475000,12931,22510.56700000,3378144.27475000,0
1727253000000,150.17000000,150.42000000,150.01000000,150.33000000,31579.29200000,1727254799999,4744002.70516000,12884,17276.45300000,2595685.98685000,0
1727254800000,150.32000000,150.65000000,149.87000000,149.88000000,29484.68400000,1727256599999,4430800.18877000,9730,11868.72500000,1784191.33655000,0
1727256600000,149.88000000,150.15000000,149.81000000,149.85000000,41334.73000000,1727258399999,6197562.01767000,11549,14449.70700000,2166694.24451000,0
1727258400000,149.85000000,150.42000000,149.43000000,150.24000000,82180.04100000,1727260199999,12327951.03253000,22077,47708.24100000,7158354.00048000,0
1727260200000,150.24000000,150.31000000,149.97000000,150.04000000,30935.80800000,1727261999999,4644458.79925000,9696,17260.87000000,2591543.41856000,0
1727262000000,150.04000000,150.50000000,149.93000000,150.49000000,27385.44900000,1727263799999,4113045.37681000,10854,14752.15000000,2215777.91092000,0
1727263800000,150.50000000,151.01000000,150.26000000,150.98000000,39415.32100000,1727265599999,5939431.03428000,18574,26069.24800000,3928985.90217000,0
1727265600000,150.98000000,151.04000000,150.10000000,150.17000000,22558.12500000,1727267399999,3395348.24400000,11240,8558.51200000,1288578.12354000,0
1727267400000,150.17000000,150.20000000,149.78000000,149.95000000,40645.98100000,1727269199999,6097652.63599000,12767,20742.36600000,3111998.82274000,0
1727269200000,149.94000000,150.33000000,149.71000000,150.24000000,49213.50500000,1727270999999,7384003.03037000,15509,27567.54600000,4136576.79225000,0
1727271000000,150.23000000,150.95000000,149.79000000,150.80000000,51786.12400000,1727272799999,7781966.99877000,25117,24165.74700000,3631110.69785000,0
1727272800000,150.80000000,151.54000000,150.65000000,151.10000000,62973.54900000,1727274599999,9515586.33103000,31731,32106.69900000,4852204.85680000,0
1727274600000,151.10000000,151.95000000,150.78000000,151.80000000,46137.44800000,1727276399999,6981565.89269000,25631,25170.27300000,3810612.92123000,0
1727276400000,151.80000000,153.00000000,151.57000000,151.62000000,109174.47600000,1727278199999,16605996.67927000,51119,53818.95800000,8189345.51160000,0
1727278200000,151.62000000,151.72000000,150.27000000,150.42000000,98704.48700000,1727279999999,14908178.03018000,35453,32300.97200000,4880956.08808000,0
1727280000000,150.42000000,151.14000000,150.25000000,151.14000000,51631.81100000,1727281799999,7776095.09939000,28125,27297.94600000,4112022.47885000,0
1727281800000,151.14000000,151.97000000,150.97000000,151.51000000,69620.57300000,1727283599999,10545729.94660000,24535,32800.55400000,4969086.43178000,0
1727283600000,151.50000000,151.77000000,150.03000000,150.04000000,91651.79100000,1727285399999,13818536.99169000,30867,34828.49900000,5253579.42168000,0
1727285400000,150.03000000,150.17000000,148.84000000,149.45000000,95625.16800000,1727287199999,14301160.30926000,38214,37788.57100000,5650610.39545000,0
1727287200000,149.46000000,150.18000000,149.28000000,149.89000000,45019.56000000,1727288999999,6743044.31275000,23615,24286.97500000,3638484.05804000,0
1727289000000,149.90000000,150.59000000,149.88000000,150.55000000,36507.74500000,1727290799999,5485116.13865000,18613,18766.55200000,2820850.61936000,0
1727290800000,150.56000000,151.20000000,150.03000000,150.22000000,52541.35600000,1727292599999,7918407.34294000,24662,26411.08600000,3981517.30867000,0
1727292600000,150.22000000,150.52000000,149.89000000,149.99000000,22601.53900000,1727294399999,3396027.28477000,14113,10383.97600000,1560333.11005000,0
1727294400000,149.98000000,150.88000000,149.98000000,150.36000000,35002.58400000,1727296199999,5270996.51934000,15783,16975.72800000,2556219.13172000,0
1727296200000,150.36000000,150.62000000,150.21000000,150.36000000,19755.13600000,1727297999999,2971574.21546000,11083,11817.19900000,1777625.58376000,0
1727298000000,150.36000000,150.42000000,149.78000000,150.24000000,23123.53600000,1727299799999,3469265.43714000,10670,11460.90800000,1719698.65460000,0
1727299800000,150.24000000,150.31000000,149.43000000,149.56000000,17238.06500000,1727301599999,2583844.39012000,8040,6668.53500000,999608.08281000,0
1727301600000,149.56000000,149.72000000,148.47000000,149.08000000,46930.59500000,1727303399999,6993945.80869000,26160,21193.20100000,3158498.35955000,0
1727303400000,149.09000000,149.33000000,148.49000000,149.17000000,28961.42200000,1727305199999,4315199.74408000,18959,15237.37600000,2271661.42284000,0
1727305200000,149.17000000,149.23000000,147.59000000,147.79000000,74470.81900000,1727306999999,11042748.01797000,27319,25050.41500000,3714082.50819000,0
1727307000000,147.80000000,148.22000000,147.28000000,147.98000000,54694.90800000,1727308799999,8076730.97921000,21708,26331.85700000,3888343.00827000,0
1727308800000,147.97000000,148.70000000,147.94000000,148.32000000,34354.97700000,1727310599999,5097722.78972000,17936,15111.87600000,2242713.11991000,0
1727310600000,148.33000000,148.38000000,146.57000000,147.26000000,100982.12400000,1727312399999,14880779.36406000,35042,35131.31100000,5174604.96788000,0
1727312400000,147.26000000,148.01000000,147.00000000,147.62000000,49683.17200000,1727314199999,7326164.77358000,34698,30694.78100000,4526929.43646000,0
1727314200000,147.62000000,148.44000000,146.98000000,148.42000000,71674.93200000,1727315999999,10601946.34645000,35314,36670.67200000,5426600.52124000,0
1727316000000,148.42000000,148.86000000,148.21000000,148.68000000,45702.33100000,1727317799999,6788676.27361000,18065,21421.30500000,3182426.01988000,0
1727317800000,148.68000000,149.33000000,148.53000000,149.26000000,38074.75300000,1727319599999,5672285.86758000,15530,20983.93000000,3126388.89231000,0
1727319600000,149.26000000,149.73000000,148.75000000,148.79000000,60073.11800000,1727321399999,8966650.65308000,15744,33725.49900000,5036072.62254000,0
1727321400000,148.80000000,149.59000000,148.77000000,149.22000000,40039.86600000,1727323199999,5974302.22413000,10355,19595.30000000,2924042.95898000,0
1727323200000,149.23000000,149.47000000,148.89000000,149.34000000,27605.22900000,1727324999999,4119222.12622000,9734,10851.84200000,1619653.93110000,0
1727325000000,149.35000000,149.36000000,148.70000000,149.04000000,24476.81200000,1727326799999,3646860.33531000,10119,13351.34800000,1989420.63364000,0
1727326800000,149.04000000,149.71000000,148.88000000,149.67000000,39959.04300000,1727328599999,5963336.79459000,13389,25993.85600000,3879944.66713000,0
1727328600000,149.68000000,150.31000000,149.67000000,150.02000000,69446.44900000,1727330399999,10418335.08681000,17353,49852.69300000,7479013.72841000,0
1727330400000,150.02000000,151.17000000,149.89000000,151.17000000,53909.97200000,1727332199999,8118551.54161000,17078,35294.14700000,5315507.09540000,0
1727332200000,151.16000000,151.30000000,150.55000000,150.62000000,50363.79900000,1727333999999,7597970.26627000,16399,27581.03100000,4161498.77877000,0
1727334000000,150.62000000,151.05000000,150.57000000,150.86000000,45322.09500000,1727335799999,6835199.06584000,14377,27479.72000000,4144521.02444000,0
1727335800000,150.87000000,151.86000000,150.68000000,151.81000000,57541.63800000,1727337599999,8710130.10125000,17635,36169.69300000,5475684.17040000,0
1727337600000,151.82000000,152.00000000,151.21000000,151.29000000,70892.45000000,1727339399999,10745748.50354000,17711,28595.33800000,4334570.82608000,0
1727339400000,151.30000000,151.64000000,150.82000000,150.94000000,59519.37500000,1727341199999,8998214.78395000,18037,25653.94100000,3879244.07746000,0
1727341200000,150.94000000,151.50000000,150.46000000,151.23000000,75474.96000000,1727342999999,11385337.48963000,18563,31792.23800000,4797874.48903000,0
1727343000000,151.23000000,151.39000000,150.65000000,150.74000000,43791.07900000,1727344799999,6610549.06163000,14381,21211.67600000,3202434.68779000,0
1727344800000,150.74000000,152.17000000,150.68000000,152.02000000,76419.09100000,1727346599999,11578067.94932000,20722,45179.80400000,6845792.60936000,0
1727346600000,152.02000000,153.00000000,151.98000000,152.78000000,123989.90500000,1727348399999,18903755.65831000,29290,73735.03900000,11244510.66979000,0
1727348400000,152.77000000,153.18000000,152.13000000,152.54000000,120578.24900000,1727350199999,18419407.80668000,28559,72417.34400000,11064861.98848000,0
1727350200000,152.54000000,153.18000000,152.32000000,152.91000000,60782.11300000,1727351999999,9288532.96782000,20055,29367.27100000,4487924.94839000,0
1727352000000,152.92000000,153.38000000,152.42000000,153.35000000,74096.17600000,1727353799999,11329891.10429000,21661,32673.96400000,4999171.94208000,0
1727353800000,153.36000000,153.67000000,152.16000000,152.28000000,90466.08900000,1727355599999,13821762.79270000,33308,42678.29800000,6522481.20052000,0
1727355600000,152.28000000,152.70000000,151.82000000,152.19000000,58661.61600000,1727357399999,8930640.76235000,24830,25154.11400000,3830499.80555000,0
1727357400000,152.19000000,152.31000000,151.09000000,152.09000000,104891.14900000,1727359199999,15919725.16668000,41684,40964.25100000,6218089.92555000,0
1727359200000,152.10000000,155.80000000,152.05000000,154.01000000,336933.94100000,1727360999999,51973547.21983000,96942,185659.56500000,28645100.40175000,0
1727361000000,154.02000000,155.50000000,153.04000000,153.36000000,268859.04800000,1727362799999,41536614.17957000,60054,131744.65100000,20355183.19537000,0
1727362800000,153.37000000,156.02000000,152.83000000,155.91000000,231086.29200000,1727364599999,35789315.09562000,48501,125438.68500000,19435507.18972000,0
1727364600000,155.91000000,158.05000000,155.56000000,157.11000000,458419.65200000,1727366399999,71971415.43286000,82389,242103.01900000,38012446.03858000,0
1727366400000,157.12000000,158.04000000,156.70000000,157.36000000,191723.51600000,1727368199999,30168690.04194000,42879,85101.64700000,13391987.99458000,0
1727368200000,157.35000000,157.87000000,156.53000000,156.62000000,120880.90700000,1727369999999,19025387.50197000,66159,51705.03000000,8140880.25529000,0
1727370000000,156.62000000,157.81000000,156.55000000,156.85000000,132702.70700000,1727371799999,20842883.60304000,26881,60023.42400000,9429994.92289000,0
1727371800000,156.85000000,157.13000000,155.55000000,155.56000000,108094.20100000,1727373599999,16877839.08899000,26054,42834.67300000,6691003.55859000,0
1727373600000,155.56000000,156.35000000,155.35000000,155.89000000,77028.92500000,1727375399999,12007594.02510000,16029,36541.16700000,5695842.70405000,0
1727375400000,155.88000000,156.79000000,155.67000000,156.71000000,50070.78900000,1727377199999,7823571.78658000,14942,21154.81500000,3306941.55944000,0
1727377200000,156.72000000,156.74000000,155.99000000,156.10000000,33070.67200000,1727378999999,5173170.18650000,12554,16658.76300000,2605840.00833000,0
1727379000000,156.10000000,156.41000000,155.51000000,155.51000000,45646.00800000,1727380799999,7118230.41549000,14043,20601.83500000,3213503.12779000,0
1727380800000,155.51000000,156.04000000,154.56000000,154.66000000,62161.33700000,1727382599999,9656044.81317000,17395,27348.08100000,4249499.79828000,0
1727382600000,154.66000000,155.52000000,154.39000000,154.58000000,74613.67900000,1727384399999,11572512.73037000,15413,36275.81800000,5624352.42117000,0
1727384400000,154.59000000,156.07000000,154.43000000,155.23000000,54870.85700000,1727386199999,8513210.12125000,16704,31306.33900000,4856597.48003000,0
1727386200000,155.24000000,155.57000000,155.10000000,155.47000000,37608.08100000,1727387999999,5842390.90788000,10246,21398.92800000,3324174.88231000,0
1727388000000,155.46000000,156.08000000,155.36000000,155.66000000,33718.56500000,1727389799999,5252524.79077000,19657,15703.00000000,2446011.18740000,0
1727389800000,155.66000000,156.41000000,155.66000000,156.34000000,43581.71100000,1727391599999,6803643.17108000,14401,23241.52300000,3627928.44132000,0
1727391600000,156.34000000,156.34000000,153.85000000,155.06000000,89824.40500000,1727393399999,13917249.38230000,30240,33386.08200000,5171368.74514000,0
1727393400000,155.07000000,155.62000000,154.73000000,155.55000000,31552.90800000,1727395199999,4899440.93372000,16635,18204.97800000,2827252.03694000,0
1727395200000,155.54000000,156.10000000,154.81000000,155.84000000,39924.38000000,1727396999999,6207584.40386000,25263,22317.76000000,3470599.72897000,0
1727397000000,155.84000000,156.42000000,155.66000000,156.22000000,58017.18800000,1727398799999,9052240.87439000,25037,34832.83700000,5435611.90926000,0
1727398800000,156.23000000,156.24000000,155.02000000,155.48000000,68032.29000000,1727400599999,10598298.67892000,23245,34391.49500000,5359353.70947000,0
1727400600000,155.47000000,155.78000000,154.26000000,154.90000000,65503.29700000,1727402399999,10136141.35366000,22764,31697.02900000,4906338.75693000,0
1727402400000,154.90000000,155.28000000,154.00000000,154.00000000,52954.31100000,1727404199999,8193610.19167000,16557,17954.94600000,2777923.93979000,0
1727404200000,154.01000000,154.51000000,153.89000000,154.26000000,45172.76200000,1727405999999,6966429.97578000,16119,19789.16400000,3052135.18520000,0
1727406000000,154.26000000,154.85000000,153.98000000,154.67000000,33053.50700000,1727407799999,5106806.18512000,12294,21693.13300000,3352641.46411000,0
1727407800000,154.67000000,155.80000000,154.53000000,155.72000000,50468.31200000,1727409599999,7833394.36300000,18670,30730.26700000,4770273.72757000,0
1727409600000,155.72000000,156.56000000,155.63000000,156.25000000,85633.70800000,1727411399999,13376909.40046000,23950,45063.93500000,7039560.25256000,0
1727411400000,156.25000000,157.26000000,155.90000000,156.87000000,51127.88300000,1727413199999,8008921.60371000,23699,28559.62800000,4475489.90394000,0
1727413200000,156.87000000,157.03000000,156.37000000,156.52000000,30592.27400000,1727414999999,4793575.13557000,19137,16238.35600000,2544778.70147000,0
1727415000000,156.52000000,157.48000000,156.16000000,157.31000000,66307.97100000,1727416799999,10393852.20806000,23034,37884.28500000,5941441.57204000,0
1727416800000,157.32000000,158.69000000,157.28000000,158.36000000,156080.25500000,1727418599999,24676699.94234000,47274,102680.46100000,16234700.63447000,0
1727418600000,158.36000000,158.89000000,157.53000000,157.62000000,110661.03900000,1727420399999,17509601.26165000,36479,62843.13700000,9948831.50772000,0
1727420400000,157.62000000,158.25000000,156.86000000,158.01000000,79597.46000000,1727422199999,12539934.45980000,27362,43104.37600000,6792448.31465000,0
1727422200000,158.00000000,158.14000000,157.19000000,157.47000000,53937.30100000,1727423999999,8501591.99698000,23077,20304.52700000,3200923.45427000,0
1727424000000,157.48000000,158.63000000,157.37000000,158.57000000,81913.00100000,1727425799999,12957205.24394000,22974,40963.37300000,6479163.96230000,0
1727425800000,158.56000000,159.00000000,158.08000000,158.29000000,121592.70100000,1727427599999,19277878.37504000,31839,60349.76200000,9569058.15801000,0
1727427600000,158.28000000,159.23000000,157.79000000,157.99000000,93608.65300000,1727429399999,14826033.82061000,34975,47180.28300000,7475321.84270000,0
1727429400000,157.99000000,158.62000000,157.71000000,157.84000000,57244.66700000,1727431199999,9052865.01031000,26098,30249.56700000,4784455.29778000,0
1727431200000,157.84000000,158.00000000,156.56000000,156.92000000,90535.09800000,1727432999999,14219454.88049000,42187,32675.83300000,5131148.02650000,0
1727433000000,156.92000000,157.06000000,155.94000000,155.97000000,57193.78400000,1727434799999,8945138.15419000,28618,21321.00900000,3334938.39157000,0
1727434800000,155.98000000,156.69000000,155.74000000,155.85000000,57747.14900000,1727436599999,9017644.41837000,31961,27737.84700000,4332679.89212000,0
1727436600000,155.85000000,156.26000000,155.73000000,156.08000000,41669.07900000,1727438399999,6499530.55651000,25148,18397.25400000,2869640.25136000,0
1727438400000,156.07000000,156.45000000,155.21000000,156.26000000,67922.61400000,1727440199999,10595403.23564000,25068,34116.24700000,5323068.65282000,0
1727440200000,156.26000000,157.57000000,156.14000000,157.24000000,134709.49800000,1727441999999,21151874.09062000,48655,79725.42600000,12518357.84641000,0
1727442000000,157.23000000,157.35000000,156.53000000,156.88000000,50889.39000000,1727443799999,7986420.38692000,30244,23691.51500000,3718664.85972000,0
1727443800000,156.88000000,157.07000000,155.64000000,157.00000000,106888.11800000,1727445599999,16700894.22193000,57220,60672.61100000,9482673.68029000,0
1727445600000,157.00000000,160.72000000,156.64000000,160.04000000,335048.15700000,1727447399999,53336656.48873000,104392,210917.98600000,33586775.50047000,0
1727447400000,160.04000000,160.98000000,159.14000000,159.92000000,281192.50700000,1727449199999,45069953.84467000,74056,147624.13400000,23655832.40418000,0
1727449200000,159.92000000,161.43000000,159.50000000,160.88000000,212653.19000000,1727450999999,34147173.72810000,40375,112040.97800000,17994712.79951000,0
1727451000000,160.88000000,161.17000000,158.97000000,159.03000000,124732.57400000,1727452799999,19962441.96085000,29883,48505.33300000,7767467.86774000,0
1727452800000,159.03000000,159.56000000,158.02000000,158.80000000,108420.28900000,1727454599999,17219117.42796000,28052,51601.12800000,8198601.42830000,0
1727454600000,158.79000000,159.66000000,158.42000000,159.35000000,92904.71400000,1727456399999,14782676.72664000,24735,52734.95300000,8392454.09520000,0
1727456400000,159.36000000,159.41000000,157.02000000,157.22000000,144111.48300000,1727458199999,22769404.65407000,29502,62139.59000000,9817053.27098000,0
1727458200000,157.21000000,157.97000000,157.07000000,157.88000000,80940.29300000,1727459999999,12750844.48798000,19096,34569.22600000,5447267.05550000,0
1727460000000,157.87000000,157.93000000,157.17000000,157.19000000,32126.55600000,1727461799999,5060836.02750000,14191,13463.81700000,2121235.60688000,0
1727461800000,157.20000000,158.48000000,157.10000000,158.45000000,37855.13400000,1727463599999,5974998.66184000,13859,23315.37600000,3679848.05953000,0
1727463600000,158.44000000,158.76000000,157.68000000,157.77000000,54191.32900000,1727465399999,8570777.39827000,15435,27019.41600000,4273217.85953000,0
1727465400000,157.77000000,157.89000000,157.20000000,157.59000000,41269.52000000,1727467199999,6503962.30778000,14906,20721.07800000,3265700.84517000,0
1727467200000,157.59000000,157.91000000,157.31000000,157.64000000,27056.31700000,1727468999999,4266441.47072000,10934,13154.43100000,2074441.75234000,0
1727469000000,157.64000000,158.59000000,157.64000000,157.98000000,26182.08000000,1727470799999,4140460.88497000,9458,13672.70800000,2162237.26003000,0
1727470800000,157.97000000,158.32000000,157.77000000,158.00000000,23934.09400000,1727472599999,3781178.25093000,7031,12959.90800000,2047312.94928000,0
1727472600000,158.00000000,158.06000000,157.50000000,157.65000000,23841.97300000,1727474399999,3761192.48416000,6787,8780.26700000,1385333.65917000,0
1727474400000,157.66000000,158.29000000,157.41000000,158.23000000,21130.96300000,1727476199999,3336418.75211000,8911,12647.71200000,1997068.19127000,0
1727476200000,158.22000000,158.27000000,157.98000000,158.06000000,13901.67000000,1727477999999,2197963.17743000,6362,7521.72500000,1189242.95655000,0
1727478000000,158.05000000,158.25000000,157.57000000,157.68000000,17905.59900000,1727479799999,2827489.72260000,6573,7575.75200000,1196671.57790000,0
1727479800000,157.67000000,157.85000000,157.41000000,157.64000000,17284.86600000,1727481599999,2724645.05255000,6619,7375.44400000,1162642.94757000,0
1727481600000,157.63000000,158.28000000,157.59000000,157.91000000,26248.07500000,1727483399999,4144589.70732000,12963,14149.95700000,2234374.52067000,0
1727483400000,157.91000000,158.26000000,157.72000000,158.17000000,25106.91700000,1727485199999,3968154.97958000,15535,14923.24800000,2358659.86050000,0
1727485200000,158.16000000,158.25000000,157.75000000,158.20000000,24583.10000000,1727486999999,3886090.27874000,12059,10248.62400000,1620131.69866000,0
1727487000000,158.21000000,158.56000000,157.94000000,158.53000000,24229.05800000,1727488799999,3833789.75772000,11022,14400.18500000,2279127.28305000,0
1727488800000,158.53000000,158.94000000,158.08000000,158.94000000,33758.29500000,1727490599999,5349846.63744000,13804,17038.54800000,2700159.42336000,0
1727490600000,158.94000000,159.43000000,158.59000000,158.62000000,57929.06600000,1727492399999,9211815.21360000,19735,29242.95900000,4650921.92416000,0
1727492400000,158.62000000,159.17000000,158.31000000,158.34000000,40254.34000000,1727494199999,6390597.11973000,18307,22097.47100000,3508567.89976000,0
1727494200000,158.35000000,158.65000000,158.16000000,158.65000000,22530.18400000,1727495999999,3570015.27948000,12713,12029.48100000,1906292.81221000,0
1727496000000,158.65000000,158.88000000,158.19000000,158.53000000,31871.35200000,1727497799999,5052226.21199000,11685,21634.72700000,3429555.30791000,0
1727497800000,158.53000000,158.82000000,158.31000000,158.36000000,17376.69200000,1727499599999,2754274.64001000,9416,8977.04600000,1423147.99646000,0
1727499600000,158.35000000,158.54000000,157.77000000,157.86000000,26635.12200000,1727501399999,4213171.95215000,11036,9425.63100000,1491543.55974000,0
1727501400000,157.86000000,158.31000000,157.60000000,157.63000000,29079.88500000,1727503199999,4590242.72628000,14825,10969.22100000,1731613.26399000,0
1727503200000,157.64000000,157.77000000,157.01000000,157.71000000,57740.97000000,1727504999999,9089068.54069000,16435,25579.45900000,4027755.89680000,0
1727505000000,157.71000000,157.83000000,156.15000000,156.36000000,88052.84600000,1727506799999,13789550.63113000,25859,31524.87200000,4935359.53110000,0
1727506800000,156.36000000,156.78000000,156.29000000,156.57000000,40209.83700000,1727508599999,6296168.92279000,14124,21536.64900000,3372319.62120000,0
1727508600000,156.56000000,156.88000000,156.23000000,156.39000000,58951.11400000,1727510399999,9233644.54206000,18042,28790.25800000,4510171.18511000,0
1727510400000,156.39000000,156.48000000,155.39000000,155.70000000,76877.05400000,1727512199999,11974831.94269000,27266,30079.31800000,4685077.99294000,0
1727512200000,155.70000000,155.93000000,155.27000000,155.39000000,53634.13900000,1727513999999,8349357.61650000,20246,27548.89900000,4289665.33287000,0
1727514000000,155.38000000,156.51000000,155.00000000,156.37000000,127279.20100000,1727515799999,19819994.00613000,46053,67486.27600000,10510277.76384000,0
1727515800000,156.38000000,156.87000000,156.26000000,156.87000000,38848.32000000,1727517599999,6081525.51290000,23895,22507.94300000,3524130.83463000,0
1727517600000,156.86000000,157.28000000,156.52000000,156.94000000,36838.07400000,1727519399999,5782108.85093000,18411,18869.39700000,2961957.55088000,0
1727519400000,156.93000000,157.57000000,156.91000000,157.47000000,32631.99200000,1727521199999,5132458.80907000,15762,18269.25000000,2873588.22504000,0
1727521200000,157.46000000,157.58000000,156.95000000,157.03000000,21738.97600000,1727522999999,3419364.25481000,12451,8934.35600000,1405529.72460000,0
1727523000000,157.04000000,157.20000000,156.72000000,157.17000000,33561.25200000,1727524799999,5267028.40472000,12411,15072.74800000,2366178.13268000,0
1727524800000,157.18000000,157.27000000,156.37000000,156.82000000,29725.05500000,1727526599999,4660789.82120000,16877,11215.06100000,1758639.31088000,0
1727526600000,156.81000000,157.16000000,156.51000000,157.06000000,42071.78800000,1727528399999,6600078.60291000,16999,16582.51400000,2601800.27195000,0
1727528400000,157.05000000,157.10000000,156.20000000,156.73000000,30876.59000000,1727530199999,4834332.57267000,14197,14050.11200000,2200137.38667000,0
1727530200000,156.73000000,157.21000000,156.61000000,156.97000000,40060.04200000,1727531999999,6283286.07687000,16789,15566.29500000,2441780.86041000,0
1727532000000,156.97000000,157.90000000,156.97000000,157.64000000,49760.08400000,1727533799999,7841113.79311000,22990,26995.95900000,4254112.32634000,0
1727533800000,157.65000000,158.01000000,157.62000000,157.95000000,35017.78100000,1727535599999,5527212.28057000,16649,17453.42600000,2755096.65027000,0
1727535600000,157.94000000,157.98000000,156.99000000,157.21000000,35160.69100000,1727537399999,5537274.33707000,14924,12945.69400000,2038681.76049000,0
1727537400000,157.22000000,157.28000000,156.80000000,156.87000000,18947.16800000,1727539199999,2975178.97737000,9732,9766.41700000,1533592.77610000,0
1727539200000,156.87000000,157.13000000,156.55000000,157.07000000,28359.11000000,1727540999999,4448243.43210000,11534,17520.05700000,2747983.64316000,0
1727541000000,157.07000000,157.07000000,156.41000000,156.65000000,30389.54200000,1727542799999,4766044.32044000,15368,13104.99400000,2055413.04662000,0
1727542800000,156.64000000,157.45000000,156.58000000,157.23000000,21554.30500000,1727544599999,3383473.89052000,13136,12820.25700000,2012510.82707000,0
1727544600000,157.23000000,157.32000000,156.56000000,156.78000000,20950.12500000,1727546399999,3286673.45192000,11804,10685.00600000,1676561.67314000,0
1727546400000,156.78000000,157.11000000,156.62000000,157.00000000,18063.57700000,1727548199999,2833604.53203000,12001,9528.09900000,1494845.42691000,0
1727548200000,157.00000000,157.25000000,156.62000000,156.64000000,10202.06100000,1727549999999,1601048.62052000,7687,5622.20300000,882390.34151000,0
1727550000000,156.64000000,157.03000000,156.58000000,156.87000000,12099.98700000,1727551799999,1897755.85615000,6724,6142.25600000,963426.56410000,0
1727551800000,156.87000000,156.95000000,156.74000000,156.88000000,7771.89500000,1727553599999,1218919.25762000,6268,4662.58200000,731280.32023000,0
1727553600000,156.87000000,157.07000000,156.74000000,156.98000000,10547.20100000,1727555399999,1654891.78393000,5597,6694.23400000,1050408.31870000,0
1727555400000,156.99000000,156.99000000,156.43000000,156.51000000,8358.48700000,1727557199999,1309624.98839000,4969,4455.00700000,697935.08245000,0
1727557200000,156.52000000,156.71000000,155.63000000,156.41000000,33701.76800000,1727558999999,5260430.47389000,14235,15380.17200000,2401316.60236000,0
1727559000000,156.40000000,156.66000000,156.29000000,156.65000000,12058.86100000,1727560799999,1886898.25399000,8877,7552.37000000,1181839.52846000,0
1727560800000,156.66000000,156.94000000,156.20000000,156.77000000,18722.06100000,1727562599999,2932849.57263000,14028,10127.05100000,1586222.05236000,0
1727562600000,156.78000000,156.91000000,156.53000000,156.72000000,13607.59400000,1727564399999,2132556.01239000,9558,7661.24800000,1200657.54556000,0
1727564400000,156.71000000,156.82000000,156.21000000,156.38000000,8783.73500000,1727566199999,1374004.08767000,8712,4255.33600000,665516.05995000,0
1727566200000,156.38000000,156.95000000,156.33000000,156.75000000,18078.97200000,1727567999999,2831659.78590000,11056,9901.84500000,1550916.69159000,0
1727568000000,156.75000000,157.67000000,156.69000000,157.32000000,32259.21100000,1727569799999,5070807.53369000,18043,17931.06400000,2818459.02939000,0
1727569800000,157.32000000,157.33000000,156.23000000,156.78000000,26186.59500000,1727571599999,4106835.31228000,22610,11293.77200000,1770955.16510000,0
1727571600000,156.78000000,157.76000000,156.67000000,157.28000000,47321.47600000,1727573399999,7443459.83058000,26511,20825.45100000,3275173.48374000,0
1727573400000,157.27000000,158.02000000,156.93000000,157.94000000,41218.53900000,1727575199999,6494692.02432000,18719,22054.91300000,3475603.04012000,0
1727575200000,157.94000000,158.53000000,157.78000000,158.22000000,73860.68100000,1727576999999,11680916.59310000,20784,42144.05700000,6665126.02050000,0
1727577000000,158.22000000,158.29000000,157.63000000,157.67000000,21563.59500000,1727578799999,3404565.03151000,13683,10331.53600000,1631089.10447000,0
1727578800000,157.68000000,157.80000000,157.12000000,157.48000000,20204.45300000,1727580599999,3180175.89587000,13096,8066.91500000,1269793.83960000,0
1727580600000,157.47000000,157.92000000,157.33000000,157.83000000,26667.37600000,1727582399999,4203824.41325000,9895,14693.33900000,2316644.64967000,0
1727582400000,157.83000000,157.96000000,156.88000000,157.34000000,21249.14000000,1727584199999,3346105.91745000,10641,8141.39800000,1281441.05861000,0
1727584200000,157.33000000,157.39000000,156.80000000,157.26000000,25222.04600000,1727585999999,3962705.60728000,12299,10605.11000000,1666215.62536000,0
1727586000000,157.25000000,158.20000000,157.10000000,158.08000000,57442.50100000,1727587799999,9062938.72930000,17909,27952.02700000,4409552.91613000,0
1727587800000,158.07000000,158.07000000,156.21000000,156.22000000,155924.95100000,1727589599999,24463813.62966000,33261,83384.31800000,13075949.87591000,0
1727589600000,156.22000000,156.56000000,155.60000000,156.12000000,93525.59800000,1727591399999,14600665.33328000,26024,44425.75100000,6937625.20304000,0
1727591400000,156.11000000,156.24000000,155.20000000,155.47000000,63802.95900000,1727593199999,9929576.74544000,22823,15464.02800000,2407353.29809000,0
1727593200000,155.46000000,155.95000000,155.30000000,155.54000000,37295.93500000,1727594999999,5804716.19532000,18098,21798.64200000,3393151.60511000,0
1727595000000,155.54000000,155.68000000,155.12000000,155.48000000,39608.52300000,1727596799999,6154311.78476000,16414,21617.04500000,3359306.21464000,0
1727596800000,155.48000000,155.89000000,155.09000000,155.19000000,34167.22900000,1727598599999,5312130.54639000,15304,14334.82200000,2229261.25955000,0
1727598600000,155.18000000,156.18000000,155.18000000,155.95000000,38943.40800000,1727600399999,6067123.65046000,13515,25479.48700000,3969229.64542000,0
1727600400000,155.95000000,156.65000000,155.91000000,156.31000000,31876.27700000,1727602199999,4984963.67781000,12893,19752.06500000,3088816.07371000,0
1727602200000,156.31000000,156.61000000,156.04000000,156.10000000,12719.40200000,1727603999999,1989243.89861000,8910,6789.71600000,1061835.47511000,0
1727604000000,156.10000000,156.14000000,155.17000000,155.19000000,24291.23100000,1727605799999,3781361.68672000,12098,6605.19200000,1028772.16795000,0
1727605800000,155.20000000,156.34000000,155.18000000,156.17000000,33916.76300000,1727607599999,5288438.44738000,14448,21842.40100000,3406039.91002000,0
1727607600000,156.16000000,156.57000000,156.07000000,156.47000000,31056.29200000,1727609399999,4856212.48837000,23838,18382.55200000,2874078.76581000,0
1727609400000,156.47000000,156.87000000,156.34000000,156.75000000,21814.65400000,1727611199999,3417057.18025000,10125,13266.72800000,2077957.97457000,0
1727611200000,156.76000000,157.28000000,156.54000000,156.84000000,37434.32400000,1727612999999,5872944.81208000,17226,17870.65000000,2803655.01733000,0
1727613000000,156.84000000,156.99000000,156.11000000,156.20000000,25862.43400000,1727614799999,4052199.40462000,16303,14296.47600000,2240356.33369000,0
1727614800000,156.21000000,157.14000000,155.54000000,156.86000000,55251.76000000,1727616599999,8649194.64047000,30783,29938.55600000,4688599.48509000,0
1727616600000,156.87000000,158.00000000,156.76000000,157.34000000,65975.78200000,1727618399999,10384418.27596000,20318,46539.67400000,7327001.37677000,0
1727618400000,157.35000000,157.51000000,156.87000000,157.29000000,35860.46000000,1727620199999,5637541.33113000,18117,20051.97500000,3152510.09722000,0
1727620200000,157.28000000,157.40000000,156.72000000,156.89000000,26389.43200000,1727621999999,4144913.67729000,17643,13223.17500000,2077188.73497000,0
1727622000000,156.88000000,157.53000000,156.12000000,156.91000000,86639.05100000,1727623799999,13583129.42735000,28032,36210.25200000,5676814.81475000,0
1727623800000,156.90000000,157.43000000,156.84000000,157.28000000,23574.18500000,1727625599999,3705490.93257000,17160,12294.48400000,1932437.10702000,0
1727625600000,157.27000000,157.48000000,156.83000000,156.92000000,28513.58700000,1727627399999,4481168.66463000,16882,14274.93200000,2243476.65423000,0
1727627400000,156.93000000,157.42000000,156.67000000,157.41000000,29486.33900000,1727629199999,4633672.25716000,18659,14362.13600000,2256850.92715000,0
1727629200000,157.40000000,158.13000000,157.34000000,157.91000000,62829.67600000,1727630999999,9912234.22696000,24375,32522.74500000,5131991.42353000,0
1727631000000,157.91000000,158.16000000,157.50000000,157.70000000,30715.43600000,1727632799999,4847800.20745000,14711,15276.00100000,2411133.51408000,0
1727632800000,157.71000000,158.14000000,157.59000000,157.62000000,26035.63200000,1727634599999,4110568.90143000,11420,10458.78600000,1651476.99657000,0
1727634600000,157.63000000,158.29000000,157.60000000,157.97000000,30681.55400000,1727636399999,4850276.31375000,12485,16030.97400000,2533781.61318000,0
1727636400000,157.98000000,158.92000000,157.97000000,158.61000000,51447.68800000,1727638199999,8158558.42082000,15555,38055.31000000,6035806.17316000,0
1727638200000,158.60000000,159.66000000,158.53000000,159.42000000,58138.84800000,1727639999999,9246029.44210000,19694,36205.39400000,5758699.09427000,0
1727640000000,159.43000000,160.73000000,159.08000000,159.54000000,168185.53000000,1727641799999,26901798.25647000,56277,78236.78600000,12515045.51001000,0
1727641800000,159.55000000,160.79000000,159.30000000,160.24000000,124242.89300000,1727643599999,19881848.94670000,35164,73685.42100000,11786051.42287000,0
1727643600000,160.23000000,161.78000000,160.23000000,160.75000000,111397.74700000,1727645399999,17945301.08311000,40625,63748.39200000,10270059.94328000,0
1727645400000,160.76000000,160.79000000,159.70000000,160.07000000,51308.51700000,1727647199999,8217149.23547000,23673,23665.90100000,3790361.91376000,0
1727647200000,160.07000000,160.85000000,159.41000000,159.74000000,78780.41800000,1727648999999,12616217.66255000,47809,40524.42400000,6490291.44451000,0
1727649000000,159.75000000,160.19000000,158.98000000,159.02000000,35330.32200000,1727650799999,5637470.88236000,33669,14886.41300000,2375762.38794000,0
1727650800000,159.03000000,159.25000000,157.93000000,158.00000000,49642.95900000,1727652599999,7872325.57246000,39533,21107.92200000,3349046.20989000,0
1727652600000,157.99000000,158.78000000,157.89000000,158.46000000,44795.06700000,1727654399999,7095455.64218000,33699,25557.65300000,4048253.43212000,0
1727654400000,158.47000000,159.06000000,157.60000000,157.70000000,72900.57300000,1727656199999,11535079.75950000,49589,20892.86900000,3309896.46227000,0
1727656200000,157.71000000,158.80000000,156.56000000,158.71000000,88740.71100000,1727657999999,13981426.31959000,70881,47322.34800000,7459915.94796000,0
1727658000000,158.72000000,159.32000000,157.98000000,159.03000000,53743.13600000,1727659799999,8526995.93220000,56406,26720.17700000,4239475.69551000,0
1727659800000,159.02000000,159.77000000,157.04000000,157.25000000,108316.51500000,1727661599999,17123437.43588000,73561,44455.22900000,7030579.85918000,0
1727661600000,157.25000000,157.78000000,156.71000000,157.07000000,133649.05800000,1727663399999,21017885.48706000,53713,63365.50600000,9965481.94233000,0
1727663400000,157.07000000,157.48000000,155.97000000,156.00000000,134442.50000000,1727665199999,21065713.25778000,42394,62498.26400000,9796070.30267000,0
1727665200000,156.00000000,156.68000000,155.24000000,156.63000000,158861.27100000,1727666999999,24756296.26203000,54823,89715.01300000,13980510.24256000,0
1727667000000,156.64000000,156.92000000,155.81000000,156.19000000,71580.38300000,1727668799999,11194111.71837000,31189,40085.67100000,6270434.23227000,0
1727668800000,156.19000000,156.19000000,155.20000000,155.47000000,45778.97200000,1727670599999,7130608.40015000,22172,23892.77900000,3722455.78379000,0
1727670600000,155.47000000,156.12000000,155.29000000,156.00000000,27095.55400000,1727672399999,4223225.54967000,17065,14166.53100000,2208198.78280000,0
1727672400000,156.00000000,156.74000000,155.75000000,156.74000000,50828.62900000,1727674199999,7944707.97625000,14379,32750.46600000,5118969.59528000,0
1727674200000,156.74000000,156.96000000,156.35000000,156.91000000,50559.36000000,1727675999999,7922154.50444000,17997,24080.67500000,3774201.59097000,0
1727676000000,156.90000000,157.55000000,156.84000000,157.07000000,134966.59800000,1727677799999,21216075.45486000,30525,85425.56100000,13429184.03988000,0
1727677800000,157.08000000,157.18000000,156.49000000,156.50000000,46858.53100000,1727679599999,7349557.75407000,19214,19506.86600000,3059438.11097000,0
1727679600000,156.49000000,157.75000000,156.44000000,157.49000000,43895.72200000,1727681399999,6901118.84979000,27883,24222.83200000,3808454.41126000,0
1727681400000,157.49000000,157.73000000,156.74000000,156.86000000,23103.65700000,1727683199999,3631347.41600000,22015,11498.44900000,1807490.57211000,0
1727683200000,156.86000000,156.95000000,156.02000000,156.23000000,49164.16600000,1727684999999,7686555.16378000,25030,18177.37500000,2841953.69075000,0
1727685000000,156.23000000,156.72000000,155.96000000,156.44000000,62573.06600000,1727686799999,9779296.67225000,27578,31755.14600000,4963610.80028000,0
1727686800000,156.43000000,156.45000000,155.58000000,156.06000000,60297.12100000,1727688599999,9409106.31649000,33952,25939.50300000,4047995.61345000,0
1727688600000,156.06000000,156.23000000,154.41000000,154.43000000,98920.02100000,1727690399999,15371189.71249000,41754,38781.18900000,6028756.26715000,0
1727690400000,154.42000000,154.93000000,153.74000000,154.62000000,161896.68000000,1727692199999,24965041.97839000,67398,75171.92900000,11594396.51567000,0
1727692200000,154.62000000,154.62000000,153.76000000,154.34000000,60789.29900000,1727693999999,9370127.71327000,32154,27574.92400000,4250241.61246000,0
1727694000000,154.34000000,155.27000000,153.91000000,155.26000000,49913.53900000,1727695799999,7715429.15410000,25375,27467.74700000,4246516.73666000,0
1727695800000,155.26000000,155.67000000,154.41000000,155.60000000,81367.52700000,1727697599999,12619085.55734000,29395,46510.83700000,7215300.08910000,0
1727697600000,155.60000000,155.97000000,155.31000000,155.87000000,29141.47200000,1727699399999,4535291.92531000,21102,15591.51900000,2426501.61144000,0
1727699400000,155.87000000,156.94000000,155.55000000,156.74000000,68722.56100000,1727701199999,10747115.95663000,28244,37323.07100000,5837465.40910000,0
1727701200000,156.75000000,157.35000000,156.47000000,156.80000000,50135.38400000,1727702999999,7868251.58301000,30985,27193.29600000,4268874.88785000,0
1727703000000,156.80000000,157.31000000,156.48000000,156.78000000,62567.55400000,1727704799999,9820079.66152000,36721,27684.04300000,4346710.01146000,0
1727704800000,156.79000000,157.14000000,155.74000000,156.48000000,97212.19400000,1727706599999,15203488.62559000,43303,31652.33600000,4950457.26283000,0
1727706600000,156.48000000,157.38000000,156.36000000,156.44000000,62777.18000000,1727708399999,9850629.34341000,44609,27472.32400000,4312088.87855000,0
1727708400000,156.44000000,156.95000000,155.98000000,156.34000000,50140.51800000,1727710199999,7849536.81931000,37917,19547.25700000,3060558.24945000,0
1727710200000,156.34000000,156.45000000,154.01000000,154.16000000,92810.66600000,1727711999999,14387759.77889000,46577,30088.52900000,4670951.39022000,0
1727712000000,154.16000000,155.17000000,154.01000000,154.99000000,60083.82400000,1727713799999,9286150.69467000,37771,29243.99200000,4520965.98649000,0
1727713800000,155.00000000,155.06000000,154.22000000,154.81000000,37028.65000000,1727715599999,5728745.62964000,30774,20308.35900000,3142675.45587000,0
1727715600000,154.80000000,155.28000000,154.25000000,154.76000000,44363.10400000,1727717399999,6866673.87400000,26924,19410.82900000,3005836.34470000,0
1727717400000,154.75000000,155.63000000,154.50000000,155.61000000,38074.98900000,1727719199999,5909646.47741000,35960,20465.38400000,3175661.53968000,0
1727719200000,155.61000000,155.73000000,154.18000000,154.24000000,73200.23300000,1727720999999,11327872.45178000,54231,33303.73100000,5154293.14073000,0
1727721000000,154.25000000,155.42000000,153.96000000,154.92000000,54817.37500000,1727722799999,8483809.62659000,34879,30925.40800000,4787635.06383000,0
1727722800000,154.92000000,155.30000000,154.34000000,154.81000000,27983.62900000,1727724599999,4331624.42386000,25908,13387.91700000,2072085.84068000,0
1727724600000,154.81000000,155.30000000,154.44000000,155.06000000,35872.81800000,1727726399999,5554532.28531000,27615,19647.88600000,3042358.92673000,0
1727726400000,155.07000000,156.58000000,154.91000000,156.18000000,52457.80600000,1727728199999,8177040.52894000,31498,31268.60500000,4873792.46790000,0
1727728200000,156.17000000,156.90000000,156.04000000,156.72000000,36256.35700000,1727729999999,5676577.48539000,23001,15639.75100000,2448829.48847000,0
1727730000000,156.71000000,156.94000000,156.34000000,156.42000000,40549.85600000,1727731799999,6350859.03361000,14054,22496.88000000,3524025.84299000,0
1727731800000,156.42000000,156.55000000,155.72000000,155.78000000,23848.77400000,1727733599999,3722795.67412000,11149,8966.14300000,1399966.17156000,0
1727733600000,155.78000000,156.15000000,154.96000000,155.03000000,47132.09500000,1727735399999,7331819.45293000,32850,19988.12600000,3109968.48840000,0
1727735400000,155.03000000,155.30000000,154.38000000,154.40000000,31702.54800000,1727737199999,4909302.91432000,26029,12510.84500000,1938374.33317000,0
1727737200000,154.41000000,154.64000000,153.26000000,153.62000000,119602.16000000,1727738999999,18416333.64333000,47844,47874.75700000,7374929.18206000,0
1727739000000,153.62000000,153.64000000,151.73000000,152.49000000,133957.87000000,1727740799999,20422312.98483000,69992,64945.88700000,9899322.05060000,0
