1751328000000000,154.82000000,155.64000000,153.91000000,153.99000000,74722.98400000,1751329799999999,11569296.93372000,36615,36964.67200000,5725724.35593000,0
1751329800000000,153.98000000,154.78000000,153.39000000,154.76000000,53308.64500000,1751331599999999,8214171.48833000,32812,25691.65900000,3960618.99753000,0
1751331600000000,154.76000000,155.22000000,154.35000000,154.88000000,53213.62000000,1751333399999999,8240137.30306000,22944,35039.47900000,5425208.66951000,0
1751333400000000,154.89000000,155.20000000,154.30000000,154.39000000,28047.91300000,1751335199999999,4340171.44552000,22851,11560.51400000,1788794.79959000,0
1751335200000000,154.39000000,154.39000000,153.89000000,153.92000000,42507.93100000,1751336999999999,6549369.15227000,24254,22527.52700000,3470513.62941000,0
1751337000000000,153.93000000,154.10000000,153.17000000,153.34000000,41895.71000000,1751338799999999,6437979.83739000,28344,19081.14100000,2932782.50931000,0
1751338800000000,153.34000000,153.84000000,153.18000000,153.74000000,22473.83500000,1751340599999999,3449609.52083000,20880,12682.62900000,1946865.65279000,0
1751340600000000,153.74000000,153.98000000,153.61000000,153.94000000,24021.52000000,1751342399999999,3694311.20381000,15109,15126.67400000,2326548.07756000,0
1751342400000000,153.93000000,153.93000000,152.88000000,153.03000000,32273.47600000,1751344199999999,4947597.98520000,19586,10076.69200000,1545169.75747000,0
1751344200000000,153.03000000,153.10000000,152.46000000,152.50000000,38439.54000000,1751345999999999,5869345.70188000,19865,16874.64800000,2577564.31971000,0
1751346000000000,152.51000000,152.79000000,151.36000000,151.60000000,94866.41100000,1751347799999999,14412685.73466000,36019,32524.33900000,4945778.14386000,0
1751347800000000,151.59000000,151.76000000,151.00000000,151.48000000,130978.21500000,1751349599999999,19818470.61630000,45446,35346.44100000,5349555.02516000,0
1751349600000000,151.48000000,151.48000000,150.98000000,151.09000000,37306.96900000,1751351399999999,5640193.50808000,22201,18564.89500000,2806761.89322000,0
1751351400000000,151.08000000,151.50000000,150.96000000,151.27000000,37979.07200000,1751353199999999,5746287.23610000,21478,21630.00700000,3272390.78597000,0
1751353200000000,151.27000000,151.50000000,148.82000000,150.10000000,197582.27900000,1751354999999999,29622480.91577000,61717,81580.06300000,12229346.10951000,0
1751355000000000,150.10000000,150.46000000,149.60000000,150.07000000,74828.11200000,1751356799999999,11223394.98898000,36177,48793.87400000,7318654.00232000,0
1751356800000000,150.06000000,150.07000000,149.59000000,149.88000000,69989.77700000,1751358599999999,10484301.72101000,29337,38668.66100000,5792151.28485000,0
1751358600000000,149.88000000,149.90000000,149.01000000,149.06000000,84713.91000000,1751360399999999,12651887.40495000,34553,29870.35900000,4461543.70885000,0
1751360400000000,149.05000000,149.40000000,148.46000000,148.90000000,63260.99100000,1751362199999999,9420240.42178000,36756,32585.59200000,4853628.19670000,0
1751362200000000,148.90000000,149.39000000,148.40000000,149.23000000,54085.22800000,1751363999999999,8050153.13421000,27943,29382.31200000,4374439.47337000,0
1751364000000000,149.23000000,149.35000000,148.77000000,148.77000000,51279.35900000,1751365799999999,7642542.33932000,26969,30036.13100000,4476558.17133000,0
1751365800000000,148.77000000,149.14000000,148.57000000,148.96000000,50100.97100000,1751367599999999,7460517.41624000,25053,25889.12000000,3855106.43297000,0
1751367600000000,148.95000000,149.20000000,148.14000000,148.76000000,59658.96600000,1751369399999999,8869390.29542000,30479,26871.08000000,3994642.95508000,0
1751369400000000,148.77000000,149.07000000,148.46000000,148.84000000,37235.16200000,1751371199999999,5542633.30351000,21566,18899.18400000,2812872.85960000,0
1751371200000000,148.85000000,149.06000000,147.91000000,148.32000000,74932.96300000,1751372999999999,11124769.23057000,31050,21979.86300000,3264970.53568000,0
1751373000000000,148.32000000,148.53000000,147.94000000,148.35000000,31560.20100000,1751374799999999,4679323.59191000,24219,13634.68700000,2021599.11883000,0
1751374800000000,148.34000000,148.38000000,147.52000000,148.26000000,79944.36500000,1751376599999999,11827752.07497000,40168,35623.61600000,5271745.16362000,0
1751376600000000,148.27000000,148.54000000,146.89000000,148.34000000,117269.27100000,1751378399999999,17349364.38029000,66459,57723.67900000,8546439.74333000,0
1751378400000000,148.34000000,149.29000000,147.16000000,147.63000000,99349.98200000,1751380199999999,14749061.45378000,63487,57391.34300000,8523838.96942000,0
1751380200000000,147.64000000,148.00000000,146.24000000,147.23000000,115393.49400000,1751381999999999,16959281.83474000,85591,47828.09600000,7030577.31009000,0
1751382000000000,147.22000000,147.62000000,146.80000000,147.40000000,46399.55300000,1751383799999999,6831106.87618000,41223,25738.77700000,3789915.70390000,0
1751383800000000,147.40000000,147.85000000,146.87000000,147.22000000,49942.82000000,1751385599999999,7364517.97489000,35069,23211.49500000,3422779.87182000,0
1751385600000000,147.22000000,147.97000000,147.06000000,147.93000000,45833.77000000,1751387399999999,6766328.15425000,33453,18874.04300000,2786410.50656000,0
1751387400000000,147.92000000,148.36000000,147.54000000,148.33000000,44880.23900000,1751389199999999,6639850.05915000,30087,16882.74600000,2498025.53786000,0
1751389200000000,148.33000000,148.45000000,147.72000000,148.01000000,43468.35200000,1751390999999999,6437176.66829000,34171,17199.51800000,2547278.52075000,0
1751391000000000,148.01000000,148.12000000,147.60000000,147.92000000,34785.15200000,1751392799999999,5141629.20833000,23245,9438.18100000,1395134.55799000,0
1751392800000000,147.92000000,147.93000000,146.87000000,147.00000000,35086.20300000,1751394599999999,5169212.27714000,27296,9337.41600000,1375294.33455000,0
1751394600000000,147.00000000,147.18000000,145.50000000,146.01000000,95833.52700000,1751396399999999,14021373.29791000,40337,30496.21700000,4461191.03488000,0
1751396400000000,146.00000000,146.70000000,145.45000000,146.49000000,60457.96500000,1751398199999999,8838278.63448000,48250,26664.66200000,3898306.89559000,0
1751398200000000,146.48000000,146.53000000,145.33000000,145.46000000,87057.89500000,1751399999999999,12692819.95116000,44197,29231.46100000,4260451.72614000,0
1751400000000000,145.46000000,146.28000000,144.85000000,146.27000000,92356.98400000,1751401799999999,13417773.56126000,42535,33146.90600000,4818746.31615000,0
1751401800000000,146.28000000,146.68000000,146.22000000,146.45000000,24378.66200000,1751403599999999,3572201.88938000,18172,13905.45700000,2037640.80235000,0
1751403600000000,146.44000000,147.00000000,146.02000000,146.68000000,32438.02900000,1751405399999999,4750658.95667000,20881,13643.30800000,1998856.47992000,0
1751405400000000,146.67000000,146.77000000,146.36000000,146.51000000,23381.87300000,1751407199999999,3427395.38741000,17099,8534.20300000,1250935.00546000,0
1751407200000000,146.51000000,146.86000000,146.22000000,146.56000000,25121.06500000,1751408999999999,3682653.99677000,21182,16071.24800000,2355976.45072000,0
1751409000000000,146.56000000,147.02000000,146.54000000,146.72000000,15973.73600000,1751410799999999,2346225.81713000,13001,8149.61800000,1197039.82375000,0
1751410800000000,146.73000000,146.79000000,146.30000000,146.63000000,22961.20300000,1751412599999999,3365133.51589000,18922,8593.95600000,1259750.01966000,0
1751412600000000,146.63000000,146.96000000,146.62000000,146.88000000,17284.27400000,1751414399999999,2537444.36001000,11135,9328.76900000,1369563.22111000,0
1751414400000000,146.87000000,147.48000000,146.71000000,147.37000000,33916.74500000,1751416199999999,4987724.53995000,22073,17693.68400000,2602062.92442000,0
1751416200000000,147.36000000,147.53000000,146.61000000,146.76000000,21953.78400000,1751417999999999,3228399.36043000,17665,8207.17500000,1207249.96702000,0
1751418000000000,146.76000000,147.64000000,145.85000000,147.59000000,46293.21000000,1751419799999999,6787585.20005000,31486,22476.73100000,3297705.75223000,0
1751419800000000,147.58000000,147.92000000,147.32000000,147.84000000,33852.51600000,1751421599999999,5000573.50957000,18218,20754.79000000,3065720.36274000,0
1751421600000000,147.85000000,148.16000000,147.29000000,148.14000000,38630.95700000,1751423399999999,5706256.11964000,21931,21798.87200000,3219982.32770000,0
1751423400000000,148.14000000,148.47000000,147.99000000,148.42000000,36823.26900000,1751425199999999,5458380.40396000,17590,16478.89100000,2443141.67890000,0
1751425200000000,148.42000000,149.25000000,148.27000000,149.15000000,53248.59700000,1751426999999999,7925293.70783000,26948,33077.03800000,4923639.09018000,0
1751427000000000,149.15000000,149.16000000,148.74000000,148.87000000,27226.43200000,1751428799999999,4054798.20469000,20949,12328.23300000,1836208.52864000,0
1751428800000000,148.86000000,148.97000000,148.32000000,148.77000000,30394.92300000,1751430599999999,4516609.32565000,21957,12354.96900000,1835395.87529000,0
1751430600000000,148.76000000,149.26000000,148.60000000,149.14000000,25562.00500000,1751432399999999,3807423.12740000,17334,10766.50300000,1603770.40633000,0
1751432400000000,149.13000000,149.17000000,148.57000000,148.58000000,23994.62600000,1751434199999999,3570956.76545000,19029,11179.80100000,1664095.88376000,0
1751434200000000,148.58000000,149.14000000,148.52000000,149.04000000,29122.82400000,1751435999999999,4335930.18329000,17299,14075.94900000,2095930.46847000,0
1751436000000000,149.04000000,149.62000000,148.71000000,148.75000000,44400.34000000,1751437799999999,6627765.23831000,31138,17438.00900000,2603806.80331000,0
1751437800000000,148.75000000,149.78000000,148.75000000,149.67000000,30638.11400000,1751439599999999,4576048.58490000,20441,16941.83500000,2530563.96878000,0
1751439600000000,149.68000000,149.92000000,148.90000000,149.01000000,38639.08900000,1751441399999999,5769343.96692000,23800,18155.81200000,2711893.91620000,0
1751441400000000,149.02000000,149.52000000,148.87000000,149.09000000,24304.69200000,1751443199999999,3623944.96723000,17653,12507.53700000,1864941.22943000,0
1751443200000000,149.10000000,149.99000000,149.10000000,149.57000000,47309.61100000,1751444999999999,7078922.22637000,28058,28078.75200000,4202137.85326000,0
1751445000000000,149.58000000,149.79000000,149.08000000,149.19000000,44325.13000000,1751446799999999,6622722.57976000,22596,22132.23900000,3306261.98986000,0
1751446800000000,149.19000000,149.59000000,148.93000000,149.02000000,46778.86100000,1751448599999999,6984723.86886000,21562,26612.93100000,3974590.96351000,0
1751448600000000,149.03000000,149.05000000,148.59000000,148.64000000,28862.62800000,1751450399999999,4295420.99204000,16545,15169.97900000,2257724.94357000,0
1751450400000000,148.65000000,149.19000000,148.44000000,149.10000000,24522.73600000,1751452199999999,3649324.17650000,14927,14299.66300000,2127973.46699000,0
1751452200000000,149.10000000,149.50000000,149.08000000,149.47000000,38409.14800000,1751453999999999,5735321.52725000,18079,18835.17000000,2812446.99312000,0
1751454000000000,149.46000000,149.67000000,148.94000000,149.04000000,28860.57600000,1751455799999999,4309500.22479000,17508,14900.97600000,2225419.03620000,0
1751455800000000,149.04000000,149.08000000,148.39000000,148.62000000,28285.27100000,1751457599999999,4206176.61197000,19655,11925.36000000,1773371.86500000,0
1751457600000000,148.61000000,148.62000000,147.30000000,147.73000000,59227.09900000,1751459399999999,8757187.32889000,31542,18393.05400000,2719029.84268000,0
1751459400000000,147.73000000,147.75000000,147.12000000,147.69000000,33556.72300000,1751461199999999,4950135.64568000,23667,16108.33000000,2376568.42802000,0
1751461200000000,147.69000000,148.97000000,147.62000000,148.43000000,54340.13600000,1751462999999999,8064900.83687000,40408,34321.16800000,5093556.59630000,0
1751463000000000,148.43000000,149.94000000,148.08000000,149.26000000,123857.46100000,1751464799999999,18466687.59884000,63902,69942.18500000,10426222.15326000,0
1751464800000000,149.26000000,150.63000000,149.05000000,150.05000000,103821.39000000,1751466599999999,15544179.01680000,58264,68300.02500000,10227437.70636000,0
1751466600000000,150.05000000,150.44000000,149.16000000,150.28000000,78376.13400000,1751468399999999,11746448.98191000,51830,41291.25300000,6189387.60034000,0
1751468400000000,150.28000000,151.46000000,150.00000000,150.62000000,142953.56100000,1751470199999999,21569817.85575000,77714,78922.83700000,11910017.60543000,0
1751470200000000,150.61000000,151.58000000,150.23000000,151.31000000,72589.96900000,1751471999999999,10948420.05373000,40451,45269.40800000,6828608.82236000,0
1751472000000000,151.31000000,153.17000000,151.05000000,152.30000000,256692.63200000,1751473799999999,39110410.09441000,130629,154147.99400000,23487077.16046000,0
1751473800000000,152.30000000,153.64000000,152.14000000,153.13000000,128517.45200000,1751475599999999,19672523.27037000,89246,73192.01300000,11205476.70937000,0
1751475600000000,153.14000000,153.52000000,152.57000000,152.71000000,70951.15400000,1751477399999999,10862310.32497000,55083,34015.45000000,5208966.63365000,0
1751477400000000,152.72000000,152.77000000,150.33000000,151.58000000,125637.93600000,1751479199999999,19032096.87800000,77710,50910.36700000,7713206.02549000,0
1751479200000000,151.57000000,152.30000000,151.33000000,152.02000000,49705.76200000,1751480999999999,7545490.08533000,45536,25503.20900000,3871865.26164000,0
1751481000000000,152.02000000,152.32000000,151.71000000,152.32000000,43376.97300000,1751482799999999,6592989.09690000,34119,25647.85900000,3899117.88188000,0
1751482800000000,152.31000000,152.94000000,151.50000000,152.89000000,57003.58300000,1751484599999999,8675125.82109000,47686,34266.61200000,5216051.79965000,0
1751484600000000,152.88000000,153.27000000,152.23000000,153.02000000,73581.50400000,1751486399999999,11233603.93165000,48454,46793.54600000,7144933.73729000,0
1751486400000000,153.02000000,153.48000000,152.46000000,153.41000000,57894.93600000,1751488199999999,8858904.34434000,43588,32640.02100000,4995304.32365000,0
1751488200000000,153.41000000,153.98000000,152.79000000,152.80000000,41635.91000000,1751489999999999,6388209.01522000,30256,19693.06100000,3022683.32645000,0
1751490000000000,152.80000000,153.86000000,152.79000000,153.15000000,51848.96800000,1751491799999999,7953700.00165000,28001,28295.51100000,4340682.08724000,0
1751491800000000,153.15000000,154.03000000,153.15000000,153.77000000,39271.59300000,1751493599999999,6037059.62669000,25300,20132.74100000,3095089.42940000,0
1751493600000000,153.78000000,154.02000000,153.37000000,153.73000000,27369.69900000,1751495399999999,4207048.10077000,22947,12814.49900000,1969457.48393000,0
1751495400000000,153.73000000,154.47000000,153.51000000,153.53000000,38895.21200000,1751497199999999,5986760.81749000,26269,20601.01300000,3171772.78554000,0
1751497200000000,153.53000000,153.67000000,152.51000000,152.63000000,36084.29500000,1751498999999999,5520302.48309000,23164,15211.12400000,2325955.91582000,0
1751499000000000,152.64000000,152.74000000,151.97000000,152.27000000,59028.11300000,1751500799999999,8983400.96794000,27794,18432.17900000,2805580.15286000,0
1751500800000000,152.28000000,152.72000000,151.95000000,152.52000000,40575.66100000,1751502599999999,6183342.84620000,33747,22859.19000000,3483811.79275000,0
1751502600000000,152.52000000,153.28000000,152.34000000,153.08000000,31830.19400000,1751504399999999,4867471.02044000,26539,12692.32900000,1940822.36857000,0
1751504400000000,153.08000000,153.29000000,152.51000000,153.15000000,25777.92500000,1751506199999999,3939992.87977000,23952,10907.65100000,1667116.80135000,0
1751506200000000,153.14000000,153.24000000,152.74000000,153.14000000,18480.45700000,1751507999999999,2828150.91819000,20573,8267.97300000,1265292.65838000,0
1751508000000000,153.14000000,153.16000000,152.04000000,152.17000000,46771.12200000,1751509799999999,7140156.86612000,27137,17423.32700000,2659797.45715000,0
1751509800000000,152.17000000,152.80000000,151.77000000,152.79000000,37335.34100000,1751511599999999,5679148.73914000,26726,15580.59600000,2370108.40681000,0
1751511600000000,152.80000000,154.02000000,152.78000000,153.60000000,51518.76300000,1751513399999999,7897526.45634000,26706,31212.65100000,4786699.29640000,0
1751513400000000,153.61000000,153.91000000,153.39000000,153.42000000,31779.77500000,1751515199999999,4882694.74159000,26087,14713.37900000,2260810.04335000,0
1751515200000000,153.41000000,153.99000000,153.22000000,153.87000000,25765.52300000,1751516999999999,3960021.06694000,19822,10614.20600000,1631319.94970000,0
1751517000000000,153.87000000,154.04000000,153.65000000,153.83000000,25250.40800000,1751518799999999,3884226.59166000,23909,9922.56300000,1526556.30799000,0
1751518800000000,153.83000000,155.18000000,153.78000000,155.09000000,113203.85300000,1751520599999999,17517915.90264000,44333,85582.60900000,13245642.30203000,0
1751520600000000,155.09000000,155.93000000,155.08000000,155.70000000,90935.22900000,1751522399999999,14151896.89454000,51173,47079.32300000,7326541.10033000,0
1751522400000000,155.70000000,155.95000000,155.14000000,155.51000000,43819.73600000,1751524199999999,6811286.00904000,32351,20009.05900000,3110056.51675000,0
1751524200000000,155.50000000,155.79000000,155.14000000,155.45000000,36900.19000000,1751525999999999,5737429.83138000,24004,15359.70600000,2388080.13615000,0
1751526000000000,155.45000000,155.50000000,154.84000000,155.42000000,52701.29600000,1751527799999999,8175059.27299000,26592,26662.73600000,4136303.65275000,0
1751527800000000,155.42000000,155.81000000,155.05000000,155.61000000,39073.06200000,1751529599999999,6074739.94970000,22306,15227.42600000,2367405.28038000,0
1751529600000000,155.61000000,155.89000000,155.23000000,155.81000000,34085.62200000,1751531399999999,5303578.67392000,23275,16568.03800000,2578181.33292000,0
1751531400000000,155.81000000,155.92000000,155.17000000,155.22000000,35911.78900000,1751533199999999,5588632.43092000,21323,15911.75800000,2476290.55471000,0
1751533200000000,155.21000000,156.35000000,155.17000000,155.65000000,60024.03900000,1751534999999999,9351965.46097000,31933,27147.55800000,4231628.36947000,0
1751535000000000,155.65000000,156.22000000,155.28000000,155.68000000,71457.43600000,1751536799999999,11131812.53608000,44964,30840.94000000,4806908.88736000,0
1751536800000000,155.68000000,155.80000000,154.42000000,154.78000000,60848.68400000,1751538599999999,9432111.87380000,38634,21903.82800000,3395712.23166000,0
1751538600000000,154.77000000,154.97000000,154.51000000,154.85000000,31643.84200000,1751540399999999,4897505.58820000,21203,15756.25200000,2438867.16191000,0
1751540400000000,154.86000000,155.01000000,154.50000000,154.51000000,32566.16700000,1751542199999999,5040883.53906000,18157,18576.70300000,2876690.35444000,0
1751542200000000,154.51000000,154.65000000,154.13000000,154.53000000,29028.65300000,1751543999999999,4482491.93545000,20884,15287.15600000,2360348.53350000,0
1751544000000000,154.53000000,154.72000000,154.06000000,154.61000000,63121.72600000,1751545799999999,9743868.07559000,23386,21011.46400000,3243884.23680000,0
1751545800000000,154.61000000,155.26000000,151.92000000,153.13000000,265930.68500000,1751547599999999,40710322.81197000,115272,119126.82700000,18259309.34493000,0
1751547600000000,153.12000000,153.44000000,152.53000000,152.62000000,90772.16900000,1751549399999999,13890148.67563000,51753,51402.30000000,7865973.88302000,0
1751549400000000,152.62000000,154.99000000,152.62000000,154.55000000,180424.85400000,1751551199999999,27802542.19696000,111540,117760.09400000,18145166.09489000,0
1751551200000000,154.56000000,154.91000000,152.40000000,152.56000000,126809.68900000,1751552999999999,19501273.27797000,87695,61516.04900000,9464082.62943000,0
1751553000000000,152.55000000,152.87000000,151.95000000,152.27000000,90167.09300000,1751554799999999,13744042.93931000,59697,50308.62100000,7669247.89202000,0
1751554800000000,152.26000000,152.70000000,151.22000000,151.41000000,101108.89000000,1751556599999999,15343858.16923000,65594,44222.13500000,6711762.99319000,0
1751556600000000,151.41000000,151.57000000,149.86000000,150.18000000,135516.86300000,1751558399999999,20406628.62201000,77353,58857.25500000,8860953.51175000,0
1751558400000000,150.18000000,150.95000000,149.91000000,150.22000000,71680.85800000,1751560199999999,10782884.02316000,55789,32562.01800000,4900727.20624000,0
1751560200000000,150.22000000,151.17000000,150.04000000,150.66000000,62138.86100000,1751561999999999,9360749.12931000,35130,35090.47300000,5286630.02541000,0
1751562000000000,150.67000000,151.55000000,150.63000000,151.10000000,43071.81800000,1751563799999999,6511763.61832000,26515,24615.87400000,3721302.07762000,0
1751563800000000,151.10000000,151.67000000,151.08000000,151.52000000,37256.05800000,1751565599999999,5643718.01502000,18185,18516.68800000,2804866.42084000,0
1751565600000000,151.53000000,151.88000000,150.66000000,151.54000000,40718.51700000,1751567399999999,6160191.06942000,25369,17794.99000000,2692961.96450000,0
1751567400000000,151.54000000,151.78000000,151.27000000,151.74000000,25946.12800000,1751569199999999,3932918.71581000,19470,12090.31600000,1832685.92289000,0
1751569200000000,151.74000000,152.04000000,151.60000000,151.84000000,30720.47200000,1751570999999999,4664279.69302000,21633,18530.26500000,2813399.20564000,0
1751571000000000,151.83000000,151.93000000,151.44000000,151.81000000,19857.19000000,1751572799999999,3012142.41480000,14639,10038.55300000,1522833.59160000,0
1751572800000000,151.81000000,152.52000000,151.81000000,152.48000000,23450.02100000,1751574599999999,3569115.61089000,17475,12531.37000000,1907209.76266000,0
1751574600000000,152.48000000,152.82000000,152.28000000,152.82000000,31934.23000000,1751576399999999,4871324.88722000,17547,17659.52100000,2694155.98679000,0
1751576400000000,152.82000000,153.18000000,152.54000000,152.90000000,50935.40400000,1751578199999999,7788377.60731000,24495,31612.86100000,4834073.12716000,0
1751578200000000,152.91000000,153.08000000,152.53000000,153.05000000,24214.62100000,1751579999999999,3699256.70652000,15171,12603.81700000,1925499.89780000,0
1751580000000000,153.04000000,153.26000000,152.68000000,152.68000000,47620.96400000,1751581799999999,7285152.76453000,23354,25320.85000000,3874684.99086000,0
1751581800000000,152.69000000,152.98000000,152.59000000,152.96000000,18915.55200000,1751583599999999,2890037.54987000,10269,7806.25100000,1192701.57872000,0
1751583600000000,152.96000000,153.07000000,152.25000000,152.39000000,21754.18600000,1751585399999999,3318767.97273000,15199,8391.98900000,1280488.04225000,0
1751585400000000,152.39000000,152.50000000,152.12000000,152.36000000,14866.58900000,1751587199999999,2263836.86041000,10341,7233.82600000,1101704.12039000,0
1751587200000000,152.35000000,152.84000000,152.05000000,152.07000000,40090.63400000,1751588999999999,6110028.26695000,20500,17449.40400000,2659920.43781000,0
1751589000000000,152.06000000,152.82000000,152.06000000,152.42000000,24706.76900000,1751590799999999,3767239.89028000,19720,11831.30300000,1804154.71119000,0
1751590800000000,152.43000000,153.16000000,152.31000000,152.93000000,27339.06900000,1751592599999999,4179466.58416000,22022,15065.43900000,2303071.72474000,0
1751592600000000,152.93000000,153.13000000,152.42000000,152.45000000,18839.28100000,1751594399999999,2877562.85447000,15962,8500.94800000,1298474.14882000,0
1751594400000000,152.46000000,152.60000000,151.76000000,152.06000000,22882.93200000,1751596199999999,3481716.58307000,18261,6710.70800000,1021304.42731000,0
1751596200000000,152.07000000,152.07000000,150.90000000,151.28000000,47046.78700000,1751597999999999,7120883.14361000,29206,15759.95500000,2385649.08309000,0
1751598000000000,151.28000000,151.88000000,150.92000000,151.86000000,24019.94600000,1751599799999999,3637209.71179000,19560,11639.07600000,1762674.04864000,0
1751599800000000,151.87000000,151.96000000,151.61000000,151.69000000,15024.86200000,1751601599999999,2280095.13884000,11746,5800.04900000,880320.39296000,0
1751601600000000,151.70000000,152.56000000,151.65000000,152.30000000,21704.89000000,1751603399999999,3303777.10103000,16861,12646.21300000,1925108.20690000,0
1751603400000000,152.30000000,152.31000000,151.53000000,151.56000000,31543.56800000,1751605199999999,4793242.08533000,20412,10762.59800000,1635259.09378000,0
1751605200000000,151.57000000,153.42000000,151.53000000,153.34000000,64829.24800000,1751606999999999,9888774.60257000,38067,30094.80100000,4590453.34638000,0
1751607000000000,153.34000000,153.88000000,152.78000000,153.25000000,56092.25200000,1751608799999999,8596186.78908000,38135,23823.39500000,3651795.46512000,0
1751608800000000,153.25000000,153.28000000,151.74000000,152.05000000,70204.09900000,1751610599999999,10696925.10617000,48652,23030.03400000,3508043.71131000,0
1751610600000000,152.05000000,152.94000000,152.03000000,152.44000000,49378.80000000,1751612399999999,7531580.88555000,24151,16564.90500000,2526468.52428000,0
1751612400000000,152.44000000,152.89000000,150.88000000,150.89000000,64683.86900000,1751614199999999,9804961.46377000,41180,23887.21300000,3623262.46098000,0
1751614200000000,150.88000000,151.01000000,150.27000000,150.48000000,83848.01800000,1751615999999999,12629894.40328000,45225,33968.79000000,5117370.92231000,0
1751616000000000,150.48000000,150.49000000,149.02000000,149.91000000,111960.84500000,1751617799999999,16774685.56861000,58543,44995.84000000,6741440.37546000,0
1751617800000000,149.90000000,150.40000000,149.62000000,150.01000000,37290.44800000,1751619599999999,5592688.04994000,31351,18850.33100000,2827343.42820000,0
1751619600000000,150.00000000,150.85000000,149.88000000,150.80000000,53402.10500000,1751621399999999,8033016.09343000,25525,32610.08700000,4906665.44926000,0
1751621400000000,150.79000000,150.98000000,150.57000000,150.88000000,36132.06500000,1751623199999999,5449269.69921000,22685,19590.58100000,2954908.35032000,0
1751623200000000,150.87000000,150.97000000,150.29000000,150.29000000,17000.30900000,1751624999999999,2562013.95642000,16559,7176.59200000,1081619.85534000,0
1751625000000000,150.30000000,150.52000000,149.93000000,150.09000000,22681.11300000,1751626799999999,3406898.07134000,20555,9373.88600000,1408129.67429000,0
1751626800000000,150.08000000,150.78000000,150.05000000,150.65000000,28767.59300000,1751628599999999,4326467.31975000,20793,13505.57100000,2031142.60361000,0
1751628600000000,150.66000000,150.69000000,150.11000000,150.21000000,29387.91200000,1751630399999999,4422028.46005000,17542,18661.32800000,2808438.38053000,0
1751630400000000,150.22000000,150.73000000,150.02000000,150.64000000,22465.13800000,1751632199999999,3377559.80906000,19748,11402.17000000,1714613.41431000,0
1751632200000000,150.64000000,150.67000000,149.85000000,150.53000000,20359.83500000,1751633999999999,3059232.64920000,21652,8989.85700000,1351256.71117000,0
1751634000000000,150.53000000,151.25000000,150.01000000,150.10000000,41641.74900000,1751635799999999,6268213.99298000,34243,20582.22700000,3099945.31065000,0
1751635800000000,150.10000000,150.21000000,148.38000000,148.54000000,123744.21000000,1751637599999999,18466227.54360000,73731,43357.11700000,6469591.29800000,0
1751637600000000,148.53000000,148.88000000,147.51000000,148.67000000,151236.79500000,1751639399999999,22409324.00932000,93494,58355.34200000,8648744.61517000,0
1751639400000000,148.66000000,148.66000000,147.80000000,148.11000000,49664.91000000,1751641199999999,7358756.58833000,32336,29781.24900000,4413368.92399000,0
1751641200000000,148.10000000,148.27000000,146.61000000,146.93000000,118538.02100000,1751642999999999,17465709.40836000,56822,55230.26700000,8140763.93794000,0
1751643000000000,146.92000000,147.13000000,146.29000000,146.57000000,90748.84000000,1751644799999999,13310419.43539000,57345,47468.96500000,6963016.16652000,0
1751644800000000,146.56000000,147.00000000,145.47000000,145.83000000,121934.44400000,1751646599999999,17822432.27407000,92570,63551.28600000,9291967.77335000,0
1751646600000000,145.83000000,146.25000000,145.22000000,145.89000000,76506.31600000,1751648399999999,11139776.23759000,50516,48380.08900000,7045000.38725000,0
1751648400000000,145.89000000,146.39000000,145.62000000,146.09000000,53181.79400000,1751650199999999,7766615.55865000,39881,33023.01900000,4822990.23172000,0
1751650200000000,146.09000000,146.99000000,145.78000000,146.65000000,78221.58200000,1751651999999999,11457561.13157000,24627,57476.10200000,8420254.55814000,0
1751652000000000,146.65000000,146.65000000,145.85000000,146.06000000,36467.72200000,1751653799999999,5332465.99187000,20935,18897.42300000,2763606.85868000,0
1751653800000000,146.07000000,146.75000000,146.02000000,146.38000000,22782.34400000,1751655599999999,3335501.82219000,15645,14967.15600000,2191330.55036000,0
1751655600000000,146.37000000,146.82000000,146.08000000,146.12000000,26385.44100000,1751657399999999,3864306.99738000,21360,11914.45200000,1745270.84851000,0
1751657400000000,146.12000000,146.75000000,146.12000000,146.72000000,12131.57400000,1751659199999999,1777870.04000000,14262,7875.21200000,1154114.48926000,0
1751659200000000,146.73000000,147.23000000,146.55000000,146.88000000,27029.10900000,1751660999999999,3972937.63007000,19590,16975.78100000,2495427.04040000,0
1751661000000000,146.87000000,146.96000000,146.62000000,146.86000000,14040.28000000,1751662799999999,2060836.77030000,12478,7161.84800000,1051223.49228000,0
1751662800000000,146.86000000,146.89000000,146.38000000,146.84000000,16736.68200000,1751664599999999,2454182.70718000,12277,8698.32300000,1275464.73804000,0
1751664600000000,146.84000000,147.36000000,146.37000000,147.23000000,25408.82200000,1751666399999999,3732208.30217000,18894,15571.33500000,2287551.89223000,0
1751666400000000,147.23000000,147.71000000,146.97000000,147.70000000,40854.78400000,1751668199999999,6021634.57075000,22869,28130.53300000,4146016.17077000,0
1751668200000000,147.69000000,148.37000000,147.65000000,148.28000000,42079.32500000,1751669999999999,6235250.40337000,22043,28771.21400000,4263151.23923000,0
1751670000000000,148.28000000,148.29000000,147.30000000,147.76000000,64855.60900000,1751671799999999,9588091.32133000,17812,23431.86200000,3465134.29566000,0
1751671800000000,147.77000000,147.95000000,147.35000000,147.70000000,32213.99600000,1751673599999999,4757787.28594000,13549,18636.23600000,2752784.35365000,0
1751673600000000,147.69000000,148.56000000,147.56000000,148.30000000,52639.19700000,1751675399999999,7796672.81472000,16847,39147.09700000,5799386.86611000,0
1751675400000000,148.29000000,148.46000000,148.08000000,148.32000000,15658.47100000,1751677199999999,2321324.88562000,15520,8221.63000000,1218894.68432000,0
1751677200000000,148.31000000,148.34000000,147.83000000,147.84000000,15625.01600000,1751678999999999,2313417.43295000,9247,6808.84400000,1007926.60989000,0
1751679000000000,147.84000000,148.25000000,147.75000000,148.21000000,8927.22600000,1751680799999999,1321280.90415000,11871,4789.80800000,708873.80815000,0
1751680800000000,148.21000000,148.23000000,147.55000000,147.57000000,13306.62700000,1751682599999999,1968596.68725000,15168,4104.72500000,607545.50242000,0
1751682600000000,147.57000000,148.12000000,147.20000000,148.04000000,15617.75300000,1751684399999999,2307368.69612000,13694,6546.09200000,967460.94280000,0
1751684400000000,148.05000000,148.44000000,148.03000000,148.21000000,16753.39600000,1751686199999999,2483207.05128000,11572,10054.13300000,1490075.94201000,0
1751686200000000,148.21000000,148.29000000,147.65000000,147.75000000,24113.30900000,1751687999999999,3568297.33473000,12356,8111.50400000,1200161.80333000,0
1751688000000000,147.76000000,148.07000000,147.38000000,148.06000000,20528.84100000,1751689799999999,3031074.89936000,12849,10382.60500000,1532791.69375000,0
1751689800000000,148.05000000,148.06000000,147.26000000,147.27000000,18023.44300000,1751691599999999,2658877.62190000,12173,4856.51300000,716745.32827000,0
1751691600000000,147.27000000,147.30000000,146.81000000,147.08000000,30560.56200000,1751693399999999,4494850.12964000,19572,12813.77400000,1884424.05985000,0
1751693400000000,147.07000000,147.43000000,146.72000000,147.36000000,19349.52100000,1751695199999999,2844133.15436000,13236,9587.85600000,1409496.27882000,0
1751695200000000,147.36000000,148.00000000,147.06000000,147.97000000,28859.62000000,1751696999999999,4258313.15405000,20055,17539.38300000,2588265.60956000,0
1751697000000000,147.96000000,148.35000000,147.88000000,148.19000000,50970.22700000,1751698799999999,7550242.72086000,22200,20051.16500000,2970225.83587000,0
1751698800000000,148.18000000,148.52000000,147.95000000,148.25000000,33873.27000000,1751700599999999,5019608.34156000,15415,12535.74000000,1858079.24356000,0
1751700600000000,148.25000000,148.26000000,147.70000000,147.86000000,29116.82700000,1751702399999999,4305923.85931000,12414,9292.92600000,1374025.41259000,0
1751702400000000,147.85000000,147.90000000,147.34000000,147.38000000,21261.54600000,1751704199999999,3139357.33310000,14030,10147.27700000,1498507.30305000,0
1751704200000000,147.38000000,147.48000000,147.04000000,147.35000000,27669.42300000,1751705999999999,4073092.72940000,15761,11831.43400000,1741741.99063000,0
1751706000000000,147.35000000,147.43000000,146.81000000,146.96000000,30208.09400000,1751707799999999,4442780.35228000,17659,11024.97700000,1622305.47244000,0
1751707800000000,146.96000000,148.01000000,146.88000000,147.92000000,42063.87600000,1751709599999999,6205988.57201000,22645,28617.28100000,4222073.17951000,0
1751709600000000,147.92000000,148.09000000,147.73000000,148.09000000,27909.50400000,1751711399999999,4128022.79157000,15148,7519.71300000,1112492.33254000,0
1751711400000000,148.09000000,148.20000000,147.85000000,147.94000000,24423.86700000,1751713199999999,3615475.08723000,12923,9038.58800000,1338045.40787000,0
1751713200000000,147.94000000,148.41000000,147.94000000,148.38000000,19313.08500000,1751714999999999,2862034.15823000,11067,7295.26000000,1081079.51156000,0
1751715000000000,148.38000000,148.55000000,148.17000000,148.18000000,23216.79700000,1751716799999999,3445265.98413000,12834,8484.14600000,1259020.28573000,0
1751716800000000,148.19000000,148.30000000,147.83000000,148.00000000,19763.04900000,1751718599999999,2925752.51321000,17475,7001.49000000,1036466.49769000,0
1751718600000000,148.00000000,148.31000000,147.70000000,148.26000000,16119.42300000,1751720399999999,2386584.81691000,12495,6994.60200000,1035664.50935000,0
1751720400000000,148.26000000,148.70000000,148.07000000,148.46000000,27259.61300000,1751722199999999,4044275.95763000,13129,13345.10300000,1979900.27449000,0
1751722200000000,148.47000000,148.47000000,147.84000000,147.98000000,22504.27000000,1751723999999999,3330785.18765000,16084,7536.27800000,1115354.41975000,0
1751724000000000,147.98000000,148.16000000,147.64000000,147.92000000,32003.71600000,1751725799999999,4734576.13676000,15366,15131.31900000,2238815.58155000,0
1751725800000000,147.91000000,148.11000000,147.68000000,148.08000000,13209.43500000,1751727599999999,1953871.48223000,10967,5664.29500000,837929.24161000,0
1751727600000000,148.07000000,148.22000000,147.49000000,147.54000000,21074.22000000,1751729399999999,3116201.34658000,13254,10672.65600000,1578155.34747000,0
1751729400000000,147.53000000,147.69000000,147.05000000,147.12000000,34563.18000000,1751731199999999,5090957.91714000,14369,23642.93800000,3482543.71949000,0
1751731200000000,147.11000000,147.26000000,146.81000000,146.82000000,56478.98800000,1751732999999999,8304949.71805000,20146,33434.31600000,4916246.60458000,0
1751733000000000,146.81000000,146.88000000,145.90000000,146.68000000,89682.05900000,1751734799999999,13120668.31714000,38827,49453.31800000,7235272.40915000,0
1751734800000000,146.68000000,147.24000000,146.42000000,146.73000000,33160.71700000,1751736599999999,4866050.95803000,29621,12724.30600000,1867790.96784000,0
1751736600000000,146.73000000,147.05000000,146.44000000,146.88000000,11327.42200000,1751738399999999,1662749.05528000,11049,6873.36200000,1009066.09652000,0
1751738400000000,146.89000000,146.90000000,145.97000000,146.18000000,33157.00600000,1751740199999999,4851899.27057000,20332,14146.66100000,2070191.23603000,0
1751740200000000,146.18000000,146.53000000,146.11000000,146.40000000,12763.39400000,1751741999999999,1867706.91513000,16999,7915.74200000,1158403.12844000,0
1751742000000000,146.40000000,146.70000000,146.12000000,146.69000000,12661.31600000,1751743799999999,1853121.13085000,10892,6596.86800000,965663.61226000,0
1751743800000000,146.69000000,146.99000000,146.62000000,146.89000000,12223.33100000,1751745599999999,1794651.14237000,10818,7620.41200000,1118755.18445000,0
1751745600000000,146.89000000,146.94000000,146.47000000,146.51000000,18182.00600000,1751747399999999,2667603.31624000,11615,11055.77900000,1622209.33082000,0
1751747400000000,146.51000000,147.22000000,146.50000000,147.20000000,11574.71400000,1751749199999999,1700417.89937000,12177,7386.68600000,1085165.36175000,0
1751749200000000,147.20000000,147.24000000,146.90000000,147.13000000,11724.63000000,1751750999999999,1724375.43375000,10241,6062.84600000,891659.80734000,0
1751751000000000,147.13000000,147.50000000,147.13000000,147.41000000,9931.10100000,1751752799999999,1463446.62248000,9941,5483.59200000,808024.27617000,0
1751752800000000,147.40000000,147.42000000,147.10000000,147.36000000,11350.89200000,1751754599999999,1671846.81737000,12323,5935.42800000,874206.82773000,0
1751754600000000,147.37000000,147.89000000,147.33000000,147.84000000,14842.57800000,1751756399999999,2190899.51052000,10025,10171.93800000,1501463.02922000,0
1751756400000000,147.84000000,148.02000000,147.64000000,147.74000000,14662.88900000,1751758199999999,2167636.47676000,8750,8569.76800000,1266952.19479000,0
1751758200000000,147.73000000,147.85000000,147.52000000,147.55000000,23754.41300000,1751759999999999,3506743.01171000,7307,7024.45100000,1037017.93394000,0
1751760000000000,147.55000000,147.59000000,147.17000000,147.39000000,13293.62900000,1751761799999999,1958836.06216000,10072,6030.08500000,888542.22694000,0
1751761800000000,147.39000000,147.64000000,147.17000000,147.62000000,11917.05600000,1751763599999999,1757080.04438000,9616,5573.55900000,821886.21995000,0
1751763600000000,147.62000000,147.65000000,146.93000000,147.00000000,22376.26500000,1751765399999999,3295838.75267000,11422,7142.09100000,1051978.33560000,0
1751765400000000,146.99000000,147.30000000,146.96000000,147.23000000,19650.33100000,1751767199999999,2891340.47204000,8146,11850.07600000,1743623.24740000,0
1751767200000000,147.23000000,147.58000000,147.10000000,147.21000000,11030.82500000,1751768999999999,1625790.49768000,11526,5733.32800000,844960.37175000,0
1751769000000000,147.21000000,147.30000000,146.96000000,146.97000000,8597.15800000,1751770799999999,1264823.46269000,7209,3505.20300000,515801.21487000,0
1751770800000000,146.96000000,147.26000000,146.93000000,146.95000000,31213.39100000,1751772599999999,4590831.20028000,10259,18217.81900000,2679482.69487000,0
1751772600000000,146.96000000,147.38000000,146.85000000,147.35000000,14018.27200000,1751774399999999,2061946.43335000,7958,8123.41800000,1194563.45760000,0
1751774400000000,147.35000000,147.79000000,147.31000000,147.43000000,17123.61000000,1751776199999999,2526781.27652000,12726,9061.47400000,1337079.92441000,0
1751776200000000,147.42000000,147.52000000,147.20000000,147.30000000,8191.46500000,1751777999999999,1207297.30377000,7963,3387.73200000,499249.12877000,0
1751778000000000,147.30000000,147.42000000,147.17000000,147.33000000,7290.50600000,1751779799999999,1073932.75139000,5730,4745.17600000,698974.95226000,0
1751779800000000,147.34000000,147.36000000,147.08000000,147.21000000,15784.23500000,1751781599999999,2322836.51255000,6222,10074.56200000,1482550.76002000,0
1751781600000000,147.21000000,148.34000000,147.15000000,147.90000000,66028.65500000,1751783399999999,9748400.33441000,18557,52549.77700000,7757492.00551000,0
1751783400000000,147.91000000,148.31000000,147.75000000,148.07000000,22256.14800000,1751785199999999,3295462.71055000,12451,13892.85200000,2057183.67496000,0
1751785200000000,148.06000000,148.50000000,148.03000000,148.32000000,37225.27200000,1751786999999999,5516967.79875000,20255,21368.07300000,3167197.43998000,0
1751787000000000,148.32000000,148.33000000,147.88000000,147.90000000,17758.90200000,1751788799999999,2629690.54434000,11284,6158.31300000,911883.26774000,0
1751788800000000,147.89000000,148.04000000,147.24000000,147.29000000,17788.49700000,1751790599999999,2628167.03032000,15248,7448.49100000,1100689.55026000,0
1751790600000000,147.29000000,147.74000000,147.27000000,147.55000000,18161.84200000,1751792399999999,2678712.72165000,15317,9089.31800000,1340607.44774000,0
1751792400000000,147.54000000,147.71000000,147.41000000,147.56000000,14708.16800000,1751794199999999,2170587.91860000,10362,10325.42200000,1523907.26864000,0
1751794200000000,147.57000000,147.71000000,146.82000000,146.85000000,20580.83500000,1751795999999999,3029406.36036000,14549,9724.13200000,1431254.51399000,0
1751796000000000,146.85000000,147.13000000,146.78000000,147.11000000,29639.10300000,1751797799999999,4354300.13674000,13653,13008.39800000,1911202.20019000,0
1751797800000000,147.10000000,147.65000000,147.07000000,147.34000000,21621.28600000,1751799599999999,3187430.92742000,15115,14852.00800000,2189502.46363000,0
1751799600000000,147.33000000,147.60000000,147.12000000,147.51000000,11100.31600000,1751801399999999,1635304.90483000,10789,6149.88700000,906005.70935000,0
1751801400000000,147.52000000,148.03000000,147.45000000,147.98000000,13986.53900000,1751803199999999,2066963.05420000,9638,7677.93400000,1134636.42344000,0
1751803200000000,147.99000000,148.31000000,147.86000000,148.07000000,47411.48100000,1751804999999999,7022433.44479000,12665,11390.98300000,1687074.52112000,0
1751805000000000,148.06000000,149.02000000,148.06000000,149.01000000,77532.69800000,1751806799999999,11516931.93253000,21315,31714.79100000,4712776.97410000,0
1751806800000000,149.02000000,149.49000000,148.47000000,149.48000000,64866.72000000,1751808599999999,9658010.40636000,35173,28665.46100000,4269350.87136000,0
1751808600000000,149.48000000,152.09000000,149.40000000,151.36000000,319454.18900000,1751810399999999,48168967.12613000,128853,205378.00800000,30926696.03401000,0
1751810400000000,151.37000000,151.88000000,150.92000000,151.62000000,138580.44400000,1751812199999999,20993094.01137000,48388,43510.12900000,6590446.25565000,0
1751812200000000,151.63000000,152.05000000,150.62000000,151.59000000,137796.50100000,1751813999999999,20868294.49764000,53312,59467.58900000,9005970.17931000,0
1751814000000000,151.59000000,151.90000000,151.26000000,151.40000000,95225.22400000,1751815799999999,14428875.51785000,33017,50677.26600000,7676373.44657000,0
1751815800000000,151.40000000,151.63000000,150.82000000,151.53000000,97307.54300000,1751817599999999,14711527.27888000,29386,49506.20100000,7483938.55565000,0
1751817600000000,151.53000000,151.92000000,151.23000000,151.77000000,103570.80700000,1751819399999999,15706167.33393000,29686,43741.01700000,6631519.33177000,0
1751819400000000,151.77000000,153.20000000,151.38000000,153.12000000,231710.39100000,1751821199999999,35269199.31383000,59066,136587.36400000,20789701.54848000,0
1751821200000000,153.11000000,153.18000000,152.27000000,152.72000000,111631.76400000,1751822999999999,17028238.13404000,36435,62464.08200000,9525887.84662000,0
1751823000000000,152.72000000,152.84000000,152.38000000,152.47000000,41704.17700000,1751824799999999,6364055.17456000,24412,27954.69100000,4265930.20615000,0
1751824800000000,152.48000000,152.56000000,151.65000000,151.76000000,42413.44600000,1751826599999999,6451942.10282000,26659,16378.80500000,2493105.51556000,0
1751826600000000,151.76000000,151.85000000,150.98000000,151.39000000,46473.55600000,1751828399999999,7033827.55407000,34060,18463.57000000,2794525.14642000,0
1751828400000000,151.39000000,151.75000000,151.32000000,151.35000000,28439.61900000,1751830199999999,4310083.28035000,17139,16951.34700000,2569101.58839000,0
1751830200000000,151.36000000,151.39000000,150.68000000,151.27000000,37587.78600000,1751831999999999,5674390.11998000,23296,21798.42900000,3290939.11989000,0
1751832000000000,151.28000000,151.95000000,151.23000000,151.53000000,42923.76500000,1751833799999999,6510138.86114000,23053,30359.86600000,4604405.58265000,0
1751833800000000,151.53000000,151.80000000,151.44000000,151.44000000,26496.31400000,1751835599999999,4016010.33434000,15139,16642.89700000,2522634.07788000,0
1751835600000000,151.45000000,152.80000000,151.45000000,152.68000000,35694.36600000,1751837399999999,5430447.43839000,21570,24604.07800000,3742331.15267000,0
1751837400000000,152.68000000,153.89000000,152.05000000,152.23000000,107179.86900000,1751839199999999,16405666.50920000,67436,67117.93300000,10274300.95110000,0
1751839200000000,152.24000000,153.46000000,152.24000000,153.12000000,59281.26300000,1751840999999999,9073594.32091000,48409,32872.72500000,5030458.37519000,0
1751841000000000,153.13000000,153.21000000,152.40000000,152.47000000,32453.03500000,1751842799999999,4957515.35331000,20486,19973.91200000,3051279.90542000,0
1751842800000000,152.48000000,152.54000000,151.62000000,151.73000000,53533.48700000,1751844599999999,8137745.93562000,34265,21736.26900000,3303635.61103000,0
1751844600000000,151.73000000,152.00000000,151.40000000,151.86000000,36248.96700000,1751846399999999,5498164.00744000,19038,18923.14100000,2870928.85507000,0
1751846400000000,151.86000000,151.97000000,151.21000000,151.32000000,29517.74600000,1751848199999999,4474823.37106000,26930,13320.48400000,2020151.62368000,0
1751848200000000,151.33000000,151.42000000,150.82000000,151.13000000,53107.84800000,1751849999999999,8021062.85641000,29697,29457.35300000,4449024.07034000,0
1751850000000000,151.12000000,151.13000000,150.24000000,150.99000000,47639.30400000,1751851799999999,7177922.78444000,34247,24023.33900000,3620644.16996000,0
1751851800000000,151.00000000,151.38000000,150.95000000,151.23000000,28179.90800000,1751853599999999,4259906.73946000,17790,17948.26800000,2713237.99073000,0
1751853600000000,151.23000000,152.43000000,151.22000000,152.35000000,33290.41300000,1751855399999999,5058779.03580000,25497,20400.51000000,3099790.09173000,0
1751855400000000,152.35000000,152.76000000,151.89000000,152.03000000,22536.22500000,1751857199999999,3431608.45439000,21357,9999.71500000,1522927.88125000,0
1751857200000000,152.04000000,152.90000000,151.96000000,152.53000000,18810.59900000,1751858999999999,2865141.38431000,15245,10791.95900000,1643946.50055000,0
1751859000000000,152.52000000,152.56000000,151.78000000,151.86000000,28416.26700000,1751860799999999,4322690.23730000,19135,12021.82900000,1829166.15656000,0
1751860800000000,151.86000000,152.16000000,151.75000000,152.03000000,14287.85300000,1751862599999999,2171278.67492000,15783,6694.56800000,1017389.63313000,0
1751862600000000,152.03000000,152.06000000,151.76000000,151.77000000,9146.41000000,1751864399999999,1389733.42152000,9197,4027.35400000,611996.98246000,0
1751864400000000,151.77000000,152.06000000,151.64000000,151.74000000,14913.93900000,1751866199999999,2264640.37661000,13860,5406.66800000,820949.14421000,0
1751866200000000,151.74000000,152.14000000,151.55000000,151.93000000,26941.73000000,1751867999999999,4092250.93273000,18368,15101.39300000,2293758.36882000,0
1751868000000000,151.93000000,152.00000000,151.22000000,151.53000000,28403.34300000,1751869799999999,4304973.54611000,21247,11766.32300000,1783248.52924000,0
1751869800000000,151.52000000,151.59000000,151.02000000,151.21000000,45462.31800000,1751871599999999,6875187.88686000,18923,32056.76800000,4847956.80325000,0
1751871600000000,151.21000000,151.75000000,150.89000000,151.55000000,35892.97500000,1751873399999999,5432853.15552000,22531,18760.74800000,2839563.40319000,0
1751873400000000,151.56000000,152.45000000,151.37000000,152.38000000,77112.76700000,1751875199999999,11729327.38912000,17585,62060.74700000,9443883.39672000,0
1751875200000000,152.37000000,152.70000000,152.24000000,152.63000000,38552.03200000,1751876999999999,5877395.61456000,27330,27721.68900000,4226324.92146000,0
1751877000000000,152.62000000,152.96000000,152.41000000,152.67000000,30163.98000000,1751878799999999,4605720.21624000,24999,17161.32900000,2620766.50146000,0
1751878800000000,152.66000000,152.66000000,152.13000000,152.27000000,19991.58800000,1751880599999999,3046261.13540000,19310,7786.89900000,1186538.21334000,0
1751880600000000,152.26000000,152.50000000,152.05000000,152.17000000,17906.19900000,1751882399999999,2726240.47329000,12953,7080.47600000,1078028.26270000,0
1751882400000000,152.17000000,152.17000000,151.65000000,152.00000000,26836.01400000,1751884199999999,4077866.29940000,19320,9196.92900000,1397453.22795000,0
1751884200000000,151.99000000,152.50000000,151.92000000,152.26000000,19811.73900000,1751885999999999,3016990.89127000,15158,7043.33100000,1072473.42414000,0
1751886000000000,152.27000000,153.41000000,152.15000000,153.23000000,65443.58500000,1751887799999999,10001863.69898000,22539,42863.96400000,6553003.47830000,0
1751887800000000,153.24000000,153.60000000,152.78000000,152.78000000,45020.62000000,1751889599999999,6894794.37353000,28426,19488.90700000,2985102.85596000,0
1751889600000000,152.79000000,152.86000000,151.42000000,151.74000000,43561.13300000,1751891399999999,6621376.30056000,34159,21959.83600000,3335307.63637000,0
1751891400000000,151.74000000,152.24000000,151.58000000,151.69000000,31358.21100000,1751893199999999,4763949.24522000,26669,17235.65800000,2618722.13745000,0
1751893200000000,151.69000000,152.40000000,151.43000000,152.04000000,40338.58000000,1751894999999999,6125600.25888000,30889,15959.86900000,2423651.40310000,0
1751895000000000,152.04000000,153.43000000,151.20000000,153.07000000,81776.22200000,1751896799999999,12437010.51848000,67169,43376.87300000,6602048.23661000,0
1751896800000000,153.07000000,153.34000000,152.13000000,152.35000000,77499.76700000,1751898599999999,11841419.36725000,63296,30166.45800000,4609526.22136000,0
1751898600000000,152.35000000,152.49000000,151.59000000,151.68000000,50309.98500000,1751900399999999,7647243.29416000,46385,19403.54800000,2949213.45997000,0
1751900400000000,151.68000000,152.38000000,151.42000000,152.14000000,42618.46400000,1751902199999999,6474478.99063000,38498,19465.56300000,2956761.51281000,0
1751902200000000,152.14000000,152.36000000,151.02000000,151.07000000,52907.38800000,1751903999999999,8019181.89570000,37046,17706.73300000,2685079.26172000,0
1751904000000000,151.07000000,151.59000000,149.69000000,150.42000000,113066.69500000,1751905799999999,17027706.71994000,86425,49270.46300000,7423179.83927000,0
1751905800000000,150.42000000,151.04000000,150.15000000,150.35000000,46699.60600000,1751907599999999,7031566.49470000,47529,18672.36500000,2811968.56869000,0
1751907600000000,150.36000000,150.70000000,149.85000000,150.37000000,89855.89500000,1751909399999999,13500498.59518000,43694,32137.77900000,4828991.96971000,0
1751909400000000,150.36000000,150.85000000,149.63000000,149.99000000,46186.09900000,1751911199999999,6935890.89988000,42082,19639.47700000,2951199.79939000,0
1751911200000000,149.98000000,150.33000000,149.20000000,149.28000000,41980.27900000,1751912999999999,6284367.12060000,36905,19829.95000000,2969612.61588000,0
1751913000000000,149.28000000,150.16000000,149.04000000,150.13000000,43123.11400000,1751914799999999,6455030.58826000,30692,26963.41700000,4036256.50179000,0
1751914800000000,150.12000000,151.07000000,149.72000000,150.43000000,71772.99700000,1751916599999999,10785051.96696000,32127,50093.17800000,7528486.49941000,0
1751916600000000,150.43000000,150.63000000,148.63000000,148.97000000,109259.98600000,1751918399999999,16310257.73639000,47988,51343.96900000,7664072.83791000,0
1751918400000000,148.96000000,148.96000000,147.77000000,148.47000000,94601.69100000,1751920199999999,14021405.89805000,49399,50453.51900000,7478437.18333000,0
1751920200000000,148.47000000,148.96000000,148.20000000,148.36000000,51598.08000000,1751921999999999,7669293.70130000,30502,29116.34900000,4328373.80763000,0
1751922000000000,148.36000000,148.73000000,147.76000000,147.88000000,56893.37300000,1751923799999999,8437561.15978000,29902,19923.08300000,2955337.14392000,0
1751923800000000,147.87000000,148.82000000,147.80000000,148.60000000,61353.81900000,1751925599999999,9104997.10451000,25512,24032.44300000,3566676.97412000,0
1751925600000000,148.59000000,148.62000000,147.70000000,147.74000000,56364.05000000,1751927399999999,8350590.19125000,29940,17809.63200000,2638619.24733000,0
1751927400000000,147.74000000,148.47000000,147.74000000,148.47000000,30759.65000000,1751929199999999,4555204.66419000,17384,14255.55300000,2111738.33118000,0
1751929200000000,148.47000000,148.83000000,148.44000000,148.52000000,28721.11700000,1751930999999999,4269081.74799000,16099,18728.38300000,2783816.87130000,0
1751931000000000,148.52000000,148.90000000,148.51000000,148.88000000,34736.12000000,1751932799999999,5166583.75321000,15680,21893.03400000,3256255.68045000,0
1751932800000000,148.89000000,149.75000000,148.74000000,149.73000000,39363.62600000,1751934599999999,5869869.70182000,30307,25118.91600000,3746349.52389000,0
1751934600000000,149.72000000,150.10000000,149.04000000,149.17000000,52648.75700000,1751936399999999,7873836.92871000,34841,29156.96000000,4360136.77359000,0
1751936400000000,149.16000000,149.20000000,148.77000000,148.88000000,29260.14000000,1751938199999999,4359209.50012000,23051,15387.15100000,2292207.85367000,0
1751938200000000,148.89000000,149.32000000,148.62000000,148.74000000,28324.90800000,1751939999999999,4220088.36065000,24754,9772.68300000,1456232.00303000,0
1751940000000000,148.74000000,149.30000000,148.23000000,149.04000000,34654.26800000,1751941799999999,5153583.72462000,29461,18044.63100000,2684169.21835000,0
1751941800000000,149.04000000,149.18000000,147.85000000,147.99000000,45695.12700000,1751943599999999,6778987.44155000,28539,19266.59800000,2856898.47186000,0
1751943600000000,147.98000000,148.83000000,147.94000000,148.74000000,38433.66900000,1751945399999999,5704993.46817000,18168,26717.61300000,3966343.40850000,0
1751945400000000,148.74000000,148.98000000,148.61000000,148.64000000,23343.10700000,1751947199999999,3472527.74039000,16384,14359.25100000,2135993.04299000,0
1751947200000000,148.64000000,148.64000000,148.20000000,148.51000000,21848.40400000,1751948999999999,3242515.88975000,15761,12957.43300000,1922852.13183000,0
1751949000000000,148.50000000,149.07000000,148.50000000,149.02000000,23202.02500000,1751950799999999,3454712.09753000,17417,15611.43700000,2324481.52238000,0
1751950800000000,149.02000000,149.12000000,148.58000000,149.12000000,28434.65800000,1751952599999999,4233242.63933000,17406,20784.06600000,3094750.39945000,0
1751952600000000,149.11000000,149.38000000,148.89000000,149.25000000,17799.04900000,1751954399999999,2654671.98090000,15361,9252.32900000,1380076.42069000,0
1751954400000000,149.24000000,149.58000000,149.05000000,149.20000000,25896.26600000,1751956199999999,3868229.75264000,20432,10593.61700000,1582512.57371000,0
1751956200000000,149.19000000,149.61000000,149.02000000,149.27000000,28749.12100000,1751957999999999,4290731.66130000,20980,11391.84800000,1700677.29178000,0
1751958000000000,149.26000000,149.27000000,148.86000000,149.07000000,27030.04200000,1751959799999999,4028798.34757000,18132,13423.55300000,2000857.25074000,0
1751959800000000,149.07000000,149.75000000,149.00000000,149.66000000,22530.96300000,1751961599999999,3367213.65034000,14535,11362.47000000,1697975.61778000,0
1751961600000000,149.65000000,150.28000000,149.54000000,149.98000000,57081.87700000,1751963399999999,8561911.57103000,27781,16416.11100000,2462301.25539000,0
1751963400000000,149.98000000,150.09000000,149.63000000,149.91000000,35184.55100000,1751965199999999,5272755.94283000,17348,8134.42600000,1219036.97010000,0
1751965200000000,149.90000000,150.47000000,149.70000000,150.43000000,46113.24300000,1751966999999999,6921663.90346000,21410,24567.01900000,3686643.74366000,0
1751967000000000,150.44000000,150.58000000,150.16000000,150.21000000,48679.29200000,1751968799999999,7321713.66354000,15390,16635.59000000,2502561.78256000,0
1751968800000000,150.22000000,151.14000000,150.21000000,150.94000000,59019.79100000,1751970599999999,8895995.50440000,24652,21058.31600000,3173243.29566000,0
1751970600000000,150.94000000,151.30000000,150.87000000,151.13000000,85475.78600000,1751972399999999,12919677.82167000,26712,33715.67700000,5096825.05686000,0
1751972400000000,151.13000000,151.54000000,150.98000000,151.33000000,76947.23300000,1751974199999999,11638206.12192000,26929,37834.00600000,5723377.30520000,0
1751974200000000,151.32000000,151.67000000,151.19000000,151.31000000,77359.62100000,1751975999999999,11713248.17637000,25967,37176.47100000,5628926.89021000,0
1751976000000000,151.31000000,151.81000000,151.25000000,151.53000000,72815.98400000,1751977799999999,11038501.72403000,25958,26786.74200000,4058620.26987000,0
1751977800000000,151.53000000,152.48000000,151.45000000,152.41000000,97670.32300000,1751979599999999,14848504.27856000,36695,45311.07900000,6889161.68640000,0
1751979600000000,152.41000000,152.56000000,151.91000000,152.09000000,63023.96300000,1751981399999999,9591792.28532000,32259,20615.91900000,3138017.20738000,0
1751981400000000,152.08000000,152.88000000,151.51000000,152.03000000,107105.69200000,1751983199999999,16300248.58099000,69100,42604.63400000,6484081.07887000,0
1751983200000000,152.02000000,152.08000000,150.94000000,151.28000000,105462.90100000,1751984999999999,15965905.08113000,59053,37817.55500000,5725736.59318000,0
1751985000000000,151.28000000,151.54000000,150.52000000,150.83000000,70665.68400000,1751986799999999,10681987.19791000,43859,30554.56700000,4618934.77312000,0
1751986800000000,150.82000000,151.15000000,150.30000000,150.34000000,42780.66200000,1751988599999999,6448979.61624000,33119,23518.79900000,3545541.03213000,0
1751988600000000,150.35000000,150.49000000,149.77000000,149.83000000,47335.15200000,1751990399999999,7105409.52525000,30649,26178.80200000,3929491.94330000,0
1751990400000000,149.84000000,150.51000000,149.03000000,150.34000000,180272.57800000,1751992199999999,26983662.76270000,47127,80814.82200000,12107744.38938000,0
1751992200000000,150.34000000,150.55000000,149.87000000,150.51000000,36149.42900000,1751993999999999,5430879.95395000,28465,20949.16200000,3147416.59663000,0
1751994000000000,150.51000000,152.01000000,150.44000000,151.72000000,108434.24100000,1751995799999999,16427812.12751000,57046,66090.46200000,10012722.06599000,0
1751995800000000,151.73000000,152.25000000,151.58000000,152.06000000,86613.14700000,1751997599999999,13161481.33256000,36628,38554.19400000,5858993.47418000,0
1751997600000000,152.06000000,152.36000000,151.72000000,152.09000000,45289.87200000,1751999399999999,6887759.73027000,24803,19982.73800000,3039356.99543000,0
1751999400000000,152.10000000,152.83000000,151.99000000,152.81000000,55892.55500000,1752001199999999,8519851.11636000,28747,36134.11400000,5509593.83025000,0
1752001200000000,152.81000000,152.81000000,152.11000000,152.30000000,49771.83200000,1752002999999999,7591161.17102000,29289,21195.74300000,3233032.56060000,0
1752003000000000,152.29000000,152.33000000,151.32000000,151.63000000,47609.17000000,1752004799999999,7220216.17474000,29317,22597.98600000,3425441.78569000,0
1752004800000000,151.63000000,151.68000000,150.74000000,151.23000000,72332.29900000,1752006599999999,10930923.80031000,22906,39376.69700000,5949463.10964000,0
1752006600000000,151.22000000,151.27000000,150.00000000,150.01000000,114818.02400000,1752008399999999,17292917.15921000,26476,69042.11700000,10396499.93258000,0
1752008400000000,150.01000000,150.57000000,150.00000000,150.28000000,115875.64100000,1752010199999999,17406918.57524000,24066,84909.38000000,12755268.50393000,0
1752010200000000,150.28000000,150.91000000,150.20000000,150.81000000,85771.10900000,1752011999999999,12908339.77231000,24547,51860.60900000,7804229.76175000,0
1752012000000000,150.81000000,151.26000000,150.52000000,150.99000000,29488.13500000,1752013799999999,4449845.12676000,21383,17444.22600000,2632609.92212000,0
1752013800000000,151.00000000,151.55000000,150.95000000,151.55000000,35550.03000000,1752015599999999,5378300.09507000,14091,23635.60700000,3575938.02501000,0
1752015600000000,151.55000000,151.70000000,151.29000000,151.43000000,35616.88900000,1752017399999999,5397577.39026000,16934,10013.60700000,1517357.16468000,0
1752017400000000,151.44000000,151.94000000,151.42000000,151.67000000,33448.48700000,1752019199999999,5076731.96610000,12513,8668.72900000,1315388.89000000,0
1752019200000000,151.68000000,151.71000000,151.31000000,151.36000000,24307.50800000,1752020999999999,3682451.55969000,17870,6432.40000000,974427.59932000,0
1752021000000000,151.35000000,151.75000000,151.06000000,151.70000000,25706.26200000,1752022799999999,3891145.64178000,13884,7506.53000000,1136849.52972000,0
1752022800000000,151.71000000,152.34000000,151.50000000,151.51000000,30653.91900000,1752024599999999,4657290.15347000,22072,13976.16400000,2123938.64406000,0
1752024600000000,151.50000000,151.53000000,151.11000000,151.47000000,22794.17100000,1752026399999999,3449491.60077000,16457,9603.62200000,1453754.75163000,0
1752026400000000,151.48000000,151.85000000,151.36000000,151.84000000,14613.09000000,1752028199999999,2215047.57659000,13372,8657.49600000,1312464.89115000,0
1752028200000000,151.84000000,152.20000000,151.64000000,151.80000000,25053.64700000,1752029999999999,3806375.24980000,17500,15069.48400000,2289560.98143000,0
1752030000000000,151.80000000,152.20000000,151.50000000,151.98000000,29188.56100000,1752031799999999,4431770.99959000,17608,15118.32600000,2295654.24310000,0
1752031800000000,151.98000000,151.98000000,151.21000000,151.29000000,31332.83000000,1752033599999999,4743431.92215000,18584,12225.01300000,1850493.63356000,0
1752033600000000,151.29000000,151.46000000,150.53000000,150.71000000,57138.68300000,1752035399999999,8623784.77476000,19126,38676.15700000,5836491.16627000,0
1752035400000000,150.71000000,151.17000000,150.70000000,151.17000000,44056.01900000,1752037199999999,6651159.53472000,13469,32959.42300000,4975347.52139000,0
1752037200000000,151.16000000,151.66000000,151.14000000,151.55000000,23904.55800000,1752038999999999,3620110.35627000,14399,14202.67200000,2150826.04820000,0
1752039000000000,151.54000000,153.88000000,151.45000000,153.15000000,275997.73000000,1752040799999999,42237637.18276000,73128,164760.84600000,25202804.98660000,0
1752040800000000,153.15000000,153.46000000,152.38000000,152.49000000,80276.73600000,1752042599999999,12262557.40719000,35338,22485.63400000,3433995.70009000,0
1752042600000000,152.50000000,153.04000000,152.46000000,152.92000000,29943.74600000,1752044399999999,4573222.36189000,17649,10608.32300000,1620517.53313000,0
1752044400000000,152.92000000,153.21000000,152.61000000,153.15000000,34118.58000000,1752046199999999,5214804.57088000,17922,13980.86400000,2137680.04487000,0
1752046200000000,153.15000000,153.25000000,152.74000000,153.01000000,23048.44900000,1752047999999999,3526210.82054000,16084,8312.25000000,1271730.51463000,0
1752048000000000,153.01000000,153.14000000,152.68000000,152.76000000,34975.14200000,1752049799999999,5348537.48896000,16129,9386.73500000,1435781.38915000,0
1752049800000000,152.77000000,152.94000000,152.34000000,152.47000000,25993.51500000,1752051599999999,3966675.41854000,16721,8676.20900000,1324246.31222000,0
1752051600000000,152.48000000,152.71000000,152.33000000,152.56000000,33352.15300000,1752053399999999,5085693.08940000,19299,12814.13900000,1953858.50509000,0
1752053400000000,152.56000000,152.96000000,152.50000000,152.87000000,14390.08500000,1752055199999999,2197850.82417000,9380,8252.61500000,1260651.70770000,0
1752055200000000,152.86000000,152.88000000,152.57000000,152.77000000,37081.15000000,1752056999999999,5664878.57797000,13747,12839.94600000,1961525.40475000,0
1752057000000000,152.77000000,153.24000000,152.76000000,153.16000000,36801.09900000,1752058799999999,5631627.75197000,14885,22191.50600000,3395536.98061000,0
1752058800000000,153.16000000,153.51000000,153.05000000,153.32000000,40320.16000000,1752060599999999,6182638.48706000,17338,20568.38000000,3154502.97282000,0
1752060600000000,153.33000000,154.43000000,153.19000000,153.73000000,78773.62500000,1752062399999999,12114601.51844000,31499,39248.73300000,6036503.32480000,0
1752062400000000,153.74000000,154.63000000,153.33000000,154.36000000,104987.12400000,1752064199999999,16183498.92751000,49544,54421.60900000,8390661.92775000,0
1752064200000000,154.37000000,154.47000000,153.86000000,154.06000000,71967.29600000,1752065999999999,11098120.79323000,34909,36968.40600000,5702688.47741000,0
1752066000000000,154.06000000,154.88000000,154.02000000,154.21000000,94587.49900000,1752067799999999,14608468.59207000,35729,49162.32400000,7592685.92343000,0
1752067800000000,154.21000000,154.58000000,153.61000000,153.77000000,107315.12000000,1752069599999999,16534130.05346000,53776,50421.04700000,7769108.29432000,0
1752069600000000,153.76000000,155.53000000,153.32000000,154.05000000,138919.13800000,1752071399999999,21453211.89991000,75212,72040.40600000,11131967.44934000,0
1752071400000000,154.05000000,154.09000000,152.87000000,153.74000000,131491.88400000,1752073199999999,20172915.89495000,84883,60353.76800000,9260863.82279000,0
1752073200000000,153.74000000,154.55000000,153.37000000,153.75000000,42115.10300000,1752074999999999,6484125.25636000,37390,22158.84800000,3411685.23159000,0
1752075000000000,153.75000000,154.31000000,153.64000000,153.97000000,53532.63800000,1752076799999999,8243026.18857000,31608,22207.85700000,3419769.48486000,0
1752076800000000,153.98000000,154.83000000,153.66000000,154.31000000,60264.46300000,1752078599999999,9298629.56777000,37179,36236.95200000,5591977.35310000,0
1752078600000000,154.31000000,155.02000000,154.27000000,154.87000000,49940.60400000,1752080399999999,7724665.63844000,29883,28558.84700000,4417982.76431000,0
1752080400000000,154.87000000,154.92000000,153.64000000,153.83000000,48563.89700000,1752082199999999,7490989.96027000,28280,21183.66200000,3267882.92989000,0
1752082200000000,153.83000000,153.87000000,153.23000000,153.64000000,31171.64700000,1752083999999999,4784613.61154000,24867,14121.17600000,2167566.29693000,0
1752084000000000,153.65000000,155.28000000,153.56000000,155.03000000,87698.86800000,1752085799999999,13567050.09903000,64591,43475.76300000,6726445.56835000,0
1752085800000000,155.02000000,155.04000000,154.28000000,154.66000000,39612.16400000,1752087599999999,6122296.77362000,31378,14894.63300000,2302301.76627000,0
1752087600000000,154.65000000,155.96000000,154.58000000,155.82000000,61793.29900000,1752089399999999,9598820.25241000,42282,39811.50300000,6184295.67565000,0
1752089400000000,155.81000000,157.86000000,155.53000000,157.27000000,244138.84900000,1752091199999999,38257027.88029000,130517,132368.01800000,20745884.00113000,0
1752091200000000,157.26000000,157.52000000,155.46000000,155.76000000,134422.32000000,1752092999999999,21055710.11999000,91431,55602.19800000,8708889.43764000,0
1752093000000000,155.75000000,156.70000000,155.46000000,156.04000000,71462.27000000,1752094799999999,11158974.98405000,59652,36114.18100000,5638681.04540000,0
1752094800000000,156.03000000,157.59000000,156.00000000,157.26000000,60561.38600000,1752096599999999,9505477.12473000,47424,33926.28000000,5323788.64607000,0
1752096600000000,157.27000000,157.30000000,156.74000000,156.75000000,36902.15100000,1752098399999999,5790757.30337000,23984,19242.98400000,3019140.30735000,0
1752098400000000,156.74000000,157.93000000,156.74000000,157.33000000,52232.75300000,1752100199999999,8228616.23444000,44648,27345.21700000,4306992.62700000,0
1752100200000000,157.34000000,157.77000000,157.29000000,157.66000000,35081.95100000,1752101999999999,5525374.96943000,24816,19548.31300000,3079013.94880000,0
1752102000000000,157.66000000,157.93000000,157.22000000,157.24000000,42212.42200000,1752103799999999,6651299.74400000,20779,22448.11900000,3537219.25407000,0
1752103800000000,157.25000000,157.76000000,157.00000000,157.05000000,32423.48400000,1752105599999999,5100833.48630000,23275,16897.43300000,2658519.07210000,0
1752105600000000,157.06000000,157.52000000,156.64000000,156.64000000,26403.32900000,1752107399999999,4149216.58689000,22990,12319.69800000,1936790.67180000,0
1752107400000000,156.64000000,156.92000000,155.93000000,155.94000000,49775.79700000,1752109199999999,7779644.26279000,24326,22336.70300000,3491583.80955000,0
1752109200000000,155.94000000,157.00000000,155.93000000,156.98000000,38579.49900000,1752110999999999,6036044.67449000,24551,25804.60900000,4036460.47696000,0
1752111000000000,156.97000000,157.87000000,156.97000000,157.61000000,40592.76100000,1752112799999999,6388873.72539000,20720,27834.54400000,4381621.04222000,0
1752112800000000,157.62000000,159.34000000,157.61000000,158.51000000,95893.45800000,1752114599999999,15207339.54379000,58599,61024.40100000,9676548.64035000,0
1752114600000000,158.51000000,158.90000000,158.08000000,158.31000000,29688.16500000,1752116399999999,4701029.73055000,22405,13371.00400000,2116779.40641000,0
1752116400000000,158.30000000,158.37000000,157.66000000,157.71000000,24974.87700000,1752118199999999,3945520.49425000,18250,9359.06000000,1478486.01679000,0
1752118200000000,157.72000000,157.79000000,157.22000000,157.35000000,31668.51600000,1752119999999999,4986304.99800000,20170,11699.01500000,1842000.20263000,0
1752120000000000,157.35000000,157.46000000,156.88000000,157.29000000,27760.29700000,1752121799999999,4361742.53608000,19896,9896.69100000,1555187.47424000,0
1752121800000000,157.29000000,157.71000000,157.29000000,157.67000000,20528.58900000,1752123599999999,3233601.52314000,16994,13282.25400000,2092276.75455000,0
1752123600000000,157.68000000,157.79000000,157.14000000,157.39000000,27978.37300000,1752125399999999,4404134.61929000,17619,16037.36500000,2524535.04355000,0
1752125400000000,157.39000000,157.42000000,156.95000000,157.25000000,30765.52700000,1752127199999999,4836883.03088000,15408,12466.63700000,1960181.86412000,0
1752127200000000,157.25000000,157.45000000,156.67000000,157.27000000,38348.91300000,1752128999999999,6019260.41356000,20184,13793.12000000,2165592.58863000,0
1752129000000000,157.28000000,157.49000000,156.95000000,157.44000000,34096.11900000,1752130799999999,5360665.49615000,20492,20643.17300000,3245338.84321000,0
1752130800000000,157.43000000,158.61000000,157.37000000,158.29000000,74737.66300000,1752132599999999,11817601.46758000,44456,43485.67900000,6874512.89402000,0
1752132600000000,158.28000000,158.63000000,157.81000000,157.89000000,52978.84700000,1752134399999999,8383964.45588000,34231,25418.13500000,4023645.32266000,0
1752134400000000,157.90000000,158.92000000,157.82000000,158.51000000,39903.78400000,1752136199999999,6321312.71838000,29710,20999.34300000,3327674.68137000,0
1752136200000000,158.52000000,159.17000000,158.45000000,158.89000000,40924.44200000,1752137999999999,6502931.32956000,25607,23482.14400000,3731102.77539000,0
1752138000000000,158.90000000,159.07000000,158.31000000,158.42000000,28261.26400000,1752139799999999,4484428.26653000,21628,14467.41700000,2296127.45966000,0
1752139800000000,158.43000000,158.44000000,157.95000000,158.06000000,24044.52300000,1752141599999999,3803293.68692000,18518,9834.83400000,1555685.26111000,0
1752141600000000,158.07000000,158.13000000,157.43000000,157.48000000,24414.85200000,1752143399999999,3848119.49977000,18347,9164.73500000,1444480.08956000,0
1752143400000000,157.47000000,157.98000000,157.46000000,157.93000000,23388.49400000,1752145199999999,3689414.91820000,16536,14231.24300000,2244788.86253000,0
1752145200000000,157.93000000,157.93000000,157.16000000,157.60000000,37233.50200000,1752146999999999,5861579.46117000,20579,13072.23900000,2058534.11609000,0
1752147000000000,157.59000000,157.83000000,157.30000000,157.65000000,24254.57900000,1752148799999999,3822747.22605000,20347,14316.42900000,2256876.14773000,0
1752148800000000,157.66000000,157.66000000,157.03000000,157.51000000,59112.32900000,1752150599999999,9298602.59024000,24886,31443.81800000,4946671.21743000,0
1752150600000000,157.52000000,157.61000000,157.16000000,157.47000000,23512.09500000,1752152399999999,3699587.86881000,19608,14881.32200000,2341433.39337000,0
1752152400000000,157.46000000,158.34000000,157.41000000,158.33000000,40503.22700000,1752154199999999,6393564.33165000,22444,22964.70500000,3625509.88763000,0
1752154200000000,158.33000000,158.37000000,156.72000000,157.05000000,141292.59800000,1752155999999999,22212695.40912000,69015,68579.31300000,10782612.15723000,0
1752156000000000,157.05000000,157.70000000,156.22000000,156.42000000,88659.38600000,1752157799999999,13911299.24267000,55765,35192.50700000,5521838.02763000,0
1752157800000000,156.43000000,156.87000000,156.31000000,156.85000000,45080.85600000,1752159599999999,7060639.97505000,32139,28432.59800000,4453425.88373000,0
1752159600000000,156.84000000,157.05000000,156.00000000,156.68000000,69148.51400000,1752161399999999,10821651.88090000,34451,34967.29200000,5476648.82086000,0
1752161400000000,156.69000000,156.81000000,155.64000000,156.43000000,55550.22700000,1752163199999999,8677681.41091000,33990,25913.26300000,4048546.57259000,0
1752163200000000,156.44000000,158.49000000,156.16000000,158.09000000,123736.53100000,1752164999999999,19490484.53884000,60572,68420.25800000,10772787.27758000,0
1752165000000000,158.10000000,158.75000000,157.97000000,158.39000000,179772.99200000,1752166799999999,28468946.36835000,79430,97994.32300000,15522124.30818000,0
1752166800000000,158.39000000,159.66000000,157.96000000,159.22000000,178989.00100000,1752168599999999,28436443.10819000,91666,85007.20700000,13506209.42137000,0
1752168600000000,159.22000000,161.18000000,159.09000000,160.90000000,148019.04400000,1752170399999999,23718611.07631000,78559,95578.13500000,15314563.92370000,0
1752170400000000,160.90000000,161.01000000,159.41000000,159.51000000,107733.45200000,1752172199999999,17266022.16867000,71222,42214.41200000,6768308.30853000,0
1752172200000000,159.51000000,159.57000000,158.33000000,159.07000000,161751.52600000,1752173999999999,25699556.94377000,72709,78001.23200000,12390883.03732000,0
1752174000000000,159.06000000,159.67000000,158.91000000,159.21000000,62913.43800000,1752175799999999,10029198.82374000,43062,26551.27600000,4232179.69670000,0
1752175800000000,159.21000000,159.50000000,158.67000000,159.34000000,50300.65200000,1752177599999999,7999411.74603000,34912,29186.87200000,4642082.62685000,0
1752177600000000,159.34000000,160.13000000,159.23000000,160.04000000,36567.48100000,1752179399999999,5843957.12597000,28796,19349.64500000,3092205.18195000,0
1752179400000000,160.05000000,160.51000000,159.93000000,160.40000000,36180.39300000,1752181199999999,5797684.16969000,24646,18694.07700000,2995762.98050000,0
1752181200000000,160.39000000,163.88000000,160.28000000,162.72000000,262888.18800000,1752182999999999,42725168.58496000,155311,140105.09300000,22764028.06799000,0
1752183000000000,162.72000000,164.33000000,162.58000000,163.83000000,219461.50100000,1752184799999999,35869394.87073000,133810,124254.55100000,20309132.94616000,0
1752184800000000,163.84000000,165.43000000,163.33000000,163.86000000,213578.78200000,1752186599999999,35111506.32174000,103362,119915.97300000,19729993.79205000,0
1752186600000000,163.86000000,164.90000000,163.51000000,164.70000000,73503.10400000,1752188399999999,12070762.14211000,57347,36048.44200000,5919471.34338000,0
1752188400000000,164.69000000,165.23000000,163.76000000,163.86000000,95908.73400000,1752190199999999,15782922.86205000,57113,42065.94300000,6925184.26704000,0
1752190200000000,163.86000000,164.35000000,163.28000000,164.34000000,67022.12800000,1752191999999999,10973787.54069000,41537,27836.81500000,4558350.30260000,0
1752192000000000,164.33000000,164.40000000,161.98000000,162.40000000,94634.15100000,1752193799999999,15456417.23028000,68663,36352.10500000,5939163.76276000,0
1752193800000000,162.40000000,163.37000000,161.94000000,163.05000000,63896.19200000,1752195599999999,10400234.72721000,64472,32249.24500000,5250460.58923000,0
1752195600000000,163.05000000,164.81000000,162.96000000,164.74000000,61063.89900000,1752197399999999,10009272.37953000,43310,34958.56300000,5731530.87222000,0
1752197400000000,164.74000000,164.75000000,164.00000000,164.49000000,80140.91600000,1752199199999999,13177567.04845000,43022,36352.41500000,5978545.11226000,0
1752199200000000,164.50000000,165.03000000,164.07000000,164.93000000,75281.22600000,1752200999999999,12391555.81218000,41546,50512.36500000,8315120.27463000,0
1752201000000000,164.93000000,165.21000000,164.67000000,165.00000000,61184.88200000,1752202799999999,10090477.58843000,35581,31316.49500000,5165358.48548000,0
1752202800000000,164.99000000,164.99000000,164.31000000,164.65000000,35683.53200000,1752204599999999,5874933.12241000,29743,16184.89600000,2664886.56397000,0
1752204600000000,164.66000000,165.40000000,164.01000000,165.22000000,46836.76100000,1752206399999999,7719633.71282000,32588,25893.41800000,4268009.92498000,0
1752206400000000,165.22000000,165.23000000,164.30000000,164.51000000,52789.93900000,1752208199999999,8688008.65375000,32178,23285.81200000,3832392.38026000,0
1752208200000000,164.50000000,165.01000000,164.04000000,165.00000000,53523.71500000,1752209999999999,8807915.54682000,25031,29109.33700000,4792959.14564000,0
1752210000000000,165.01000000,165.84000000,164.94000000,165.40000000,89025.00200000,1752211799999999,14730482.64922000,48628,46782.37900000,7740722.00473000,0
1752211800000000,165.41000000,166.80000000,165.13000000,165.28000000,158548.73200000,1752213599999999,26317888.34890000,96452,86531.93300000,14367243.46929000,0
1752213600000000,165.29000000,166.00000000,165.01000000,165.41000000,105568.45200000,1752215399999999,17465963.14217000,53812,56822.07400000,9400788.87037000,0
1752215400000000,165.41000000,165.45000000,163.41000000,163.64000000,117071.85100000,1752217199999999,19229210.59600000,46579,48603.85600000,7984910.69266000,0
1752217200000000,163.64000000,164.30000000,163.14000000,164.19000000,95559.36700000,1752218999999999,15638519.11931000,52398,46189.08000000,7560394.30519000,0
1752219000000000,164.19000000,164.29000000,163.18000000,163.27000000,84677.74200000,1752220799999999,13877527.98871000,37963,36175.51400000,5931924.62166000,0
1752220800000000,163.28000000,164.02000000,163.28000000,163.86000000,45521.36200000,1752222599999999,7449878.53489000,30820,22119.43400000,3620239.91875000,0
1752222600000000,163.86000000,164.06000000,163.43000000,163.87000000,54375.86500000,1752224399999999,8904765.27763000,30830,29834.68900000,4885941.76033000,0
1752224400000000,163.88000000,164.80000000,163.66000000,164.77000000,48325.62500000,1752226199999999,7935260.21277000,28484,28349.83200000,4655814.48802000,0
1752226200000000,164.78000000,165.38000000,164.32000000,164.81000000,79810.41700000,1752227999999999,13155904.45289000,59154,40131.98400000,6616474.53759000,0
1752228000000000,164.81000000,165.21000000,164.18000000,165.01000000,53865.25500000,1752229799999999,8873372.09664000,45488,24718.30100000,4072626.74708000,0
1752229800000000,165.00000000,165.02000000,164.32000000,164.79000000,36009.47100000,1752231599999999,5933521.42591000,29481,18551.95400000,3057078.41003000,0
1752231600000000,164.80000000,165.08000000,163.76000000,164.05000000,54746.08500000,1752233399999999,8999054.21601000,39423,23862.90200000,3925427.06669000,0
1752233400000000,164.05000000,164.40000000,163.58000000,163.87000000,39371.79900000,1752235199999999,6457358.18312000,35224,15894.33200000,2606714.26347000,0
1752235200000000,163.88000000,164.38000000,163.34000000,163.41000000,53369.67800000,1752236999999999,8744395.07568000,28316,21135.70300000,3465536.69191000,0
1752237000000000,163.40000000,165.25000000,163.36000000,165.25000000,56590.08800000,1752238799999999,9293818.48812000,33143,28312.94700000,4651113.98758000,0
1752238800000000,165.24000000,166.65000000,164.99000000,165.54000000,157002.55600000,1752240599999999,26023977.03678000,103949,87773.63800000,14551915.27951000,0
1752240600000000,165.54000000,166.94000000,164.30000000,166.40000000,146531.58100000,1752242399999999,24315932.24118000,128835,81669.58100000,13557548.06081000,0
1752242400000000,166.41000000,167.85000000,165.25000000,167.55000000,175073.24400000,1752244199999999,29154180.01730000,117882,83416.48000000,13901457.76028000,0
1752244200000000,167.55000000,168.20000000,165.91000000,166.64000000,219061.15000000,1752245999999999,36655262.33215000,110637,121161.78200000,20284595.96814000,0
1752246000000000,166.63000000,166.86000000,164.61000000,165.36000000,185156.39500000,1752247799999999,30650891.45712000,101905,93743.85300000,15512487.02627000,0
1752247800000000,165.35000000,165.35000000,161.78000000,162.34000000,353181.46700000,1752249599999999,57815457.36332000,171640,142182.03300000,23284201.57045000,0
1752249600000000,162.34000000,163.22000000,161.27000000,162.74000000,192008.97100000,1752251399999999,31147381.16277000,132657,90645.45000000,14706297.91760000,0
1752251400000000,162.74000000,163.24000000,161.68000000,163.22000000,116152.64700000,1752253199999999,18898265.23941000,64841,62153.15000000,10115160.79311000,0
1752253200000000,163.22000000,164.13000000,163.00000000,164.13000000,104626.19100000,1752254999999999,17112426.23496000,58584,63151.34500000,10328901.58005000,0
1752255000000000,164.13000000,164.48000000,163.26000000,164.47000000,87114.39200000,1752256799999999,14280055.25899000,46397,46882.59900000,7685237.93788000,0
1752256800000000,164.47000000,165.03000000,163.60000000,163.78000000,55030.45700000,1752258599999999,9044236.46074000,50886,23990.33900000,3944603.61742000,0
1752258600000000,163.78000000,164.63000000,163.66000000,164.39000000,33796.89700000,1752260399999999,5545810.61072000,38616,18013.56200000,2955879.07201000,0
1752260400000000,164.40000000,164.63000000,163.30000000,164.16000000,40404.63500000,1752262199999999,6627386.91004000,38624,21919.45400000,3596913.33504000,0
1752262200000000,164.16000000,164.59000000,163.78000000,164.58000000,74710.04500000,1752263999999999,12267718.31484000,37544,45365.90600000,7449185.58309000,0
1752264000000000,164.58000000,164.83000000,163.96000000,164.02000000,60939.84400000,1752265799999999,10015779.53310000,44703,33764.36000000,5549096.03513000,0
1752265800000000,164.02000000,164.03000000,162.62000000,162.70000000,67947.72400000,1752267599999999,11095342.05223000,43815,38616.83100000,6306666.25717000,0
1752267600000000,162.70000000,163.06000000,161.82000000,163.04000000,69199.08500000,1752269399999999,11245196.23671000,51466,31078.47200000,5051123.58764000,0
1752269400000000,163.04000000,163.12000000,161.37000000,162.13000000,75981.50500000,1752271199999999,12311821.65983000,51323,27947.56800000,4528863.25294000,0
1752271200000000,162.14000000,162.63000000,159.54000000,160.12000000,146547.33800000,1752272999999999,23560739.53103000,88589,47503.01200000,7643026.14733000,0
1752273000000000,160.12000000,161.76000000,159.73000000,161.68000000,94940.04100000,1752274799999999,15280926.02881000,82314,40555.31900000,6525035.44744000,0
1752274800000000,161.68000000,162.71000000,161.61000000,162.57000000,69677.95000000,1752276599999999,11300655.58585000,39118,38186.77800000,6194334.53760000,0
1752276600000000,162.56000000,163.01000000,162.18000000,162.93000000,31623.59400000,1752278399999999,5144539.53308000,31331,16158.72600000,2629089.88423000,0
1752278400000000,162.92000000,163.37000000,162.46000000,162.96000000,39159.77500000,1752280199999999,6376609.90567000,33692,18468.11400000,3008270.69494000,0
1752280200000000,162.95000000,163.03000000,161.78000000,163.01000000,55471.64200000,1752281999999999,9003444.13993000,38574,21082.24900000,3421863.52226000,0
1752282000000000,163.00000000,163.75000000,163.00000000,163.44000000,51564.40700000,1752283799999999,8423502.50962000,30324,35712.60400000,5832709.55282000,0
1752283800000000,163.44000000,163.79000000,163.34000000,163.44000000,32092.86100000,1752285599999999,5249836.25428000,22611,21816.19900000,3569008.44561000,0
1752285600000000,163.45000000,163.86000000,163.31000000,163.75000000,24512.69500000,1752287399999999,4009778.22247000,18191,14283.60900000,2336905.78826000,0
1752287400000000,163.75000000,163.90000000,162.85000000,162.97000000,31266.49600000,1752289199999999,5106600.59035000,19437,9448.27200000,1543920.22733000,0
1752289200000000,162.96000000,163.64000000,162.84000000,163.49000000,13320.09000000,1752290999999999,2176097.54450000,13963,6700.69800000,1094754.37393000,0
1752291000000000,163.50000000,163.64000000,162.88000000,163.45000000,35929.88800000,1752292799999999,5867414.64563000,21750,16756.46800000,2736824.68409000,0
1752292800000000,163.46000000,163.64000000,162.83000000,163.20000000,39283.69000000,1752294599999999,6407223.24450000,20839,15497.41300000,2527701.61469000,0
1752294600000000,163.20000000,163.20000000,162.21000000,162.51000000,28913.27800000,1752296399999999,4701641.65884000,25994,8464.33700000,1376476.86012000,0
1752296400000000,162.52000000,162.87000000,162.03000000,162.79000000,36472.16600000,1752298199999999,5925080.56786000,21617,8827.81300000,1434794.82650000,0
1752298200000000,162.80000000,163.19000000,162.66000000,163.02000000,22736.72200000,1752299999999999,3706186.13961000,17542,6722.20900000,1095767.66171000,0
1752300000000000,163.01000000,163.15000000,162.46000000,162.96000000,23981.96900000,1752301799999999,3905510.27360000,21511,9435.53900000,1536748.00271000,0
1752301800000000,162.96000000,163.62000000,162.78000000,163.47000000,27481.91200000,1752303599999999,4489095.92223000,19772,13270.51900000,2167749.29845000,0
1752303600000000,163.47000000,163.84000000,163.23000000,163.62000000,26036.78000000,1752305399999999,4257830.64244000,24118,15725.34700000,2571823.80809000,0
1752305400000000,163.63000000,163.66000000,162.75000000,163.22000000,27042.89500000,1752307199999999,4409762.98415000,25829,11796.71000000,1923781.63926000,0
1752307200000000,163.21000000,163.43000000,162.56000000,162.66000000,29606.43400000,1752308999999999,4826369.64776000,26693,11944.59100000,1947175.82428000,0
1752309000000000,162.65000000,162.75000000,162.16000000,162.65000000,55967.91100000,1752310799999999,9090947.52289000,29728,23209.17200000,3770785.24273000,0
1752310800000000,162.65000000,162.73000000,162.28000000,162.46000000,28363.78300000,1752312599999999,4609306.92174000,23799,10800.40400000,1755311.29936000,0
1752312600000000,162.47000000,162.99000000,162.37000000,162.66000000,19169.07400000,1752314399999999,3119340.11759000,17459,9733.86500000,1583745.70810000,0
1752314400000000,162.65000000,162.87000000,162.30000000,162.62000000,20695.62400000,1752316199999999,3364443.75967000,20705,9299.18000000,1511919.26233000,0
1752316200000000,162.62000000,163.15000000,162.51000000,163.01000000,25361.37400000,1752317999999999,4130876.78336000,22798,11077.32300000,1804235.45986000,0
1752318000000000,163.01000000,163.02000000,162.54000000,162.78000000,21110.30000000,1752319799999999,3435664.91956000,19272,8727.61000000,1420491.62424000,0
1752319800000000,162.78000000,162.79000000,161.41000000,161.62000000,53099.03900000,1752321599999999,8603791.48543000,34206,20164.31300000,3267257.35166000,0
1752321600000000,161.62000000,161.81000000,160.72000000,160.94000000,74472.69700000,1752323399999999,12004885.55765000,43654,30781.00800000,4962266.61221000,0
1752323400000000,160.95000000,161.23000000,158.76000000,159.80000000,185283.27200000,1752325199999999,29619148.89473000,86370,84240.32900000,13463932.64713000,0
1752325200000000,159.79000000,159.79000000,158.82000000,159.00000000,84186.61500000,1752326999999999,13418461.80964000,59765,39212.16300000,6252295.57887000,0
1752327000000000,158.99000000,159.72000000,158.33000000,159.71000000,103660.53900000,1752328799999999,16485636.94376000,59313,55635.59300000,8849004.66903000,0
1752328800000000,159.72000000,160.49000000,159.31000000,160.40000000,96813.86900000,1752330599999999,15494824.82554000,54182,40772.22700000,6523959.13555000,0
1752330600000000,160.40000000,160.40000000,158.86000000,159.13000000,67459.58600000,1752332399999999,10767589.02302000,37577,26944.74300000,4302322.27184000,0
1752332400000000,159.12000000,159.59000000,158.60000000,158.89000000,101189.26200000,1752334199999999,16095234.72737000,61191,47954.37100000,7627287.19998000,0
1752334200000000,158.88000000,159.14000000,157.74000000,158.14000000,113461.13400000,1752335999999999,17971548.42868000,78194,51453.25600000,8151483.54907000,0
1752336000000000,158.14000000,159.34000000,157.93000000,158.92000000,77630.88400000,1752337799999999,12312394.89160000,38783,43247.72600000,6859341.61496000,0
1752337800000000,158.92000000,159.45000000,158.67000000,158.72000000,34710.76500000,1752339599999999,5522852.00326000,23902,16357.01900000,2602508.96424000,0
1752339600000000,158.72000000,159.93000000,158.67000000,159.86000000,28787.53900000,1752341399999999,4591433.76041000,22674,19726.99200000,3146684.64026000,0
1752341400000000,159.85000000,160.62000000,159.70000000,160.45000000,41573.53700000,1752343199999999,6659959.88942000,26101,27561.17200000,4415519.44305000,0
1752343200000000,160.45000000,160.46000000,159.80000000,160.13000000,23510.81700000,1752344999999999,3764689.63917000,18908,12043.68400000,1928339.72505000,0
1752345000000000,160.14000000,160.70000000,159.90000000,160.29000000,43766.51100000,1752346799999999,7016779.61308000,27541,21337.08800000,3420579.68746000,0
1752346800000000,160.28000000,160.75000000,160.22000000,160.23000000,21678.34900000,1752348599999999,3480370.60714000,18528,13862.34100000,2225531.74862000,0
1752348600000000,160.22000000,160.73000000,160.22000000,160.71000000,17773.12000000,1752350399999999,2853831.06806000,15938,10049.67500000,1613712.81327000,0
1752350400000000,160.71000000,160.78000000,160.03000000,160.34000000,19271.20700000,1752352199999999,3091728.17880000,14659,8167.14100000,1310169.90398000,0
1752352200000000,160.34000000,160.38000000,159.00000000,159.00000000,25421.29700000,1752353999999999,4057885.34063000,19233,9173.74300000,1464954.86947000,0
1752354000000000,159.00000000,159.96000000,158.94000000,159.83000000,20073.54500000,1752355799999999,3200280.61158000,22652,10375.46300000,1654397.93606000,0
1752355800000000,159.84000000,160.60000000,159.56000000,160.59000000,33564.26400000,1752357599999999,5377186.80446000,18936,20186.84100000,3234631.57949000,0
1752357600000000,160.60000000,160.66000000,159.62000000,160.42000000,17589.62500000,1752359399999999,2817788.14499000,21913,7668.41200000,1228669.59108000,0
1752359400000000,160.43000000,160.56000000,159.93000000,160.44000000,13951.66400000,1752361199999999,2236321.43240000,15570,6516.67400000,1044738.85603000,0
1752361200000000,160.43000000,160.54000000,159.86000000,160.27000000,10861.41600000,1752362999999999,1739977.14783000,13899,4602.13300000,737131.41823000,0
1752363000000000,160.27000000,160.94000000,160.05000000,160.69000000,17879.62300000,1752364799999999,2870249.97098000,13633,10662.61300000,1711646.54163000,0
1752364800000000,160.70000000,161.75000000,160.20000000,161.54000000,55522.90100000,1752366599999999,8943018.76330000,30850,36244.95900000,5836656.99681000,0
1752366600000000,161.54000000,161.55000000,160.82000000,160.89000000,27078.23600000,1752368399999999,4365220.94959000,23375,12449.49500000,2007129.53096000,0
1752368400000000,160.89000000,161.28000000,160.75000000,161.10000000,24248.98800000,1752370199999999,3905241.19527000,20294,9975.30300000,1606656.90914000,0
1752370200000000,161.11000000,161.75000000,160.87000000,161.50000000,26289.57100000,1752371999999999,4242510.20006000,21742,13279.20300000,2143376.60969000,0
1752372000000000,161.51000000,161.54000000,160.72000000,160.82000000,17678.47800000,1752373799999999,2848751.09337000,16195,6480.37900000,1044561.93945000,0
1752373800000000,160.81000000,161.78000000,160.63000000,161.40000000,24092.66300000,1752375599999999,3882398.60378000,18631,13628.69300000,2196433.24588000,0
1752375600000000,161.40000000,161.49000000,160.84000000,161.05000000,16814.89000000,1752377399999999,2708047.77475000,13071,6057.17600000,975503.80020000,0
1752377400000000,161.04000000,161.37000000,160.99000000,161.21000000,14702.06900000,1752379199999999,2370178.66668000,14123,7461.67100000,1202848.72537000,0
1752379200000000,161.21000000,162.04000000,161.04000000,161.70000000,40551.05200000,1752380999999999,6548493.11100000,27565,19952.84200000,3223065.70995000,0
1752381000000000,161.70000000,162.13000000,161.63000000,161.96000000,25266.23700000,1752382799999999,4090799.09720000,19058,11188.22100000,1811685.41615000,0
1752382800000000,161.96000000,162.24000000,161.58000000,162.01000000,20228.30700000,1752384599999999,3274215.16177000,19652,11341.19200000,1835436.07568000,0
1752384600000000,162.01000000,162.22000000,161.30000000,161.35000000,24778.83500000,1752386399999999,4008389.36231000,20198,8561.58100000,1385404.63629000,0
1752386400000000,161.35000000,161.86000000,161.26000000,161.81000000,17900.15200000,1752388199999999,2892847.81691000,12386,6969.99300000,1126409.46562000,0
1752388200000000,161.82000000,162.17000000,161.52000000,161.58000000,30748.25400000,1752389999999999,4976973.15659000,15358,17063.43300000,2761730.38327000,0
1752390000000000,161.59000000,162.18000000,161.44000000,162.02000000,27889.65600000,1752391799999999,4515462.14171000,15130,10174.14400000,1647598.64570000,0
1752391800000000,162.01000000,162.98000000,161.98000000,162.67000000,53577.33900000,1752393599999999,8707298.52287000,20418,30956.54200000,5033292.57164000,0
1752393600000000,162.67000000,162.74000000,162.11000000,162.39000000,38104.71400000,1752395399999999,6186256.27711000,17751,19982.70900000,3244084.00195000,0
1752395400000000,162.39000000,162.49000000,161.66000000,162.22000000,15916.23700000,1752397199999999,2578820.38017000,14253,7416.42500000,1201372.52933000,0
1752397200000000,162.22000000,162.49000000,161.80000000,162.03000000,14900.03200000,1752398999999999,2416548.01840000,13500,6391.87900000,1036733.12086000,0
1752399000000000,162.03000000,162.03000000,161.57000000,161.89000000,14635.02500000,1752400799999999,2367624.64883000,15794,6995.75800000,1131758.87346000,0
1752400800000000,161.89000000,162.09000000,161.70000000,161.78000000,14178.92400000,1752402599999999,2295450.12600000,10780,5678.97400000,919296.39851000,0
1752402600000000,161.78000000,161.93000000,161.58000000,161.82000000,14655.84700000,1752404399999999,2371076.45489000,10705,8571.39000000,1386746.44952000,0
1752404400000000,161.82000000,162.72000000,161.81000000,162.47000000,25778.06000000,1752406199999999,4185981.70295000,19373,13331.71400000,2164701.90537000,0
1752406200000000,162.46000000,162.47000000,161.71000000,162.06000000,31633.35700000,1752407999999999,5126297.75493000,26772,13551.40200000,2195729.14676000,0
1752408000000000,162.06000000,162.28000000,161.81000000,162.16000000,26516.49100000,1752409799999999,4296618.48413000,19009,16349.17600000,2649335.70588000,0
1752409800000000,162.17000000,162.91000000,161.79000000,162.66000000,57436.67600000,1752411599999999,9328877.51615000,30593,31604.67800000,5132195.68384000,0
1752411600000000,162.67000000,162.83000000,161.94000000,162.18000000,40500.82000000,1752413399999999,6575618.94988000,29132,20358.32100000,3305065.23673000,0
1752413400000000,162.19000000,162.99000000,162.17000000,162.91000000,42936.14300000,1752415199999999,6984976.71007000,29061,21641.12500000,3520557.58641000,0
1752415200000000,162.92000000,164.19000000,162.65000000,163.89000000,135489.84500000,1752416999999999,22174969.90403000,68207,60913.34700000,9966752.09229000,0
1752417000000000,163.90000000,163.90000000,162.36000000,162.80000000,68221.53400000,1752418799999999,11126401.72963000,62899,27174.99200000,4432562.32761000,0
1752418800000000,162.81000000,163.49000000,162.42000000,162.98000000,40501.70900000,1752420599999999,6604044.82147000,40493,20483.89600000,3340313.26862000,0
1752420600000000,162.97000000,162.97000000,161.87000000,162.04000000,49180.58000000,1752422399999999,7978438.62493000,36343,21017.56100000,3409584.93028000,0
1752422400000000,162.04000000,162.44000000,161.66000000,162.12000000,73152.68800000,1752424199999999,11858479.57449000,38375,48850.27600000,7918984.13029000,0
1752424200000000,162.11000000,162.11000000,160.87000000,160.93000000,79197.72000000,1752425999999999,12786497.01460000,42634,48361.52700000,7809534.01119000,0
1752426000000000,160.93000000,161.88000000,160.53000000,161.82000000,53333.49100000,1752427799999999,8597689.42524000,34164,37544.92500000,6053605.64843000,0
1752427800000000,161.82000000,162.79000000,161.77000000,162.67000000,37691.36900000,1752429599999999,6120610.48494000,28174,20442.46600000,3319271.52864000,0
1752429600000000,162.68000000,163.25000000,162.38000000,163.09000000,52903.98100000,1752431399999999,8619083.45308000,32903,27012.93500000,4400703.62485000,0
1752431400000000,163.09000000,163.29000000,162.66000000,163.08000000,43602.55400000,1752433199999999,7107264.66457000,24639,17603.33400000,2869404.39927000,0
1752433200000000,163.08000000,163.39000000,162.75000000,163.29000000,43555.23000000,1752434999999999,7101463.34627000,18023,23939.56900000,3903412.69197000,0
1752435000000000,163.30000000,163.55000000,162.52000000,162.54000000,39760.41900000,1752436799999999,6484136.25007000,33930,16625.58300000,2711753.92385000,0
1752436800000000,162.53000000,162.88000000,161.97000000,162.86000000,27922.40000000,1752438599999999,4536022.42570000,26671,14440.11800000,2346485.58217000,0
1752438600000000,162.85000000,163.06000000,162.44000000,162.57000000,19339.37000000,1752440399999999,3149149.85849000,17312,8692.30700000,1415252.28636000,0
1752440400000000,162.56000000,162.56000000,161.76000000,161.89000000,42016.26300000,1752442199999999,6809425.54947000,17226,28608.01400000,4636012.44884000,0
1752442200000000,161.89000000,161.89000000,160.14000000,160.56000000,111079.68700000,1752443999999999,17871197.80736000,43404,64416.48200000,10360736.79619000,0
1752444000000000,160.55000000,160.75000000,159.63000000,160.12000000,96838.59600000,1752445799999999,15505792.38046000,61559,30360.55600000,4862785.27280000,0
1752445800000000,160.12000000,161.08000000,160.09000000,160.80000000,36739.04700000,1752447599999999,5906677.85785000,25106,18927.43100000,3043206.60350000,0
1752447600000000,160.79000000,161.08000000,160.30000000,160.44000000,43759.22300000,1752449399999999,7033362.20865000,25875,21853.10500000,3512214.39289000,0
1752449400000000,160.44000000,161.46000000,160.44000000,161.15000000,50900.19100000,1752451199999999,8200343.57890000,30203,24287.80700000,3912449.64300000,0
1752451200000000,161.15000000,161.90000000,160.61000000,161.52000000,49476.79900000,1752452999999999,7973444.32492000,33845,28187.03900000,4543653.54496000,0
1752453000000000,161.51000000,162.30000000,161.24000000,161.63000000,36039.82800000,1752454799999999,5832723.67824000,30212,18217.46700000,2948900.23100000,0
1752454800000000,161.64000000,162.28000000,161.50000000,161.92000000,37490.17700000,1752456599999999,6072449.30533000,35282,19241.49700000,3116192.84651000,0
1752456600000000,161.93000000,162.86000000,161.74000000,162.80000000,36235.18100000,1752458399999999,5887189.91397000,31177,19879.61100000,3230245.44213000,0
1752458400000000,162.80000000,164.43000000,162.61000000,164.20000000,100102.46900000,1752460199999999,16377631.67796000,44930,46946.69700000,7681772.41789000,0
1752460200000000,164.20000000,165.48000000,163.86000000,164.91000000,149067.29800000,1752461999999999,24555242.49651000,63596,78106.93000000,12874107.82928000,0
1752462000000000,164.90000000,166.70000000,164.70000000,166.35000000,163606.70800000,1752463799999999,27128396.57098000,62891,87683.20500000,14543879.94600000,0
1752463800000000,166.34000000,168.20000000,166.10000000,167.11000000,272201.64300000,1752465599999999,45543527.98637000,107373,145984.85300000,24426633.24517000,0
1752465600000000,167.11000000,167.93000000,166.78000000,167.37000000,139734.24400000,1752467399999999,23386968.24940000,55637,58530.64600000,9794938.60479000,0
1752467400000000,167.37000000,167.81000000,167.12000000,167.52000000,88485.83700000,1752469199999999,14822796.43975000,38148,33624.04600000,5632613.79317000,0
1752469200000000,167.53000000,168.63000000,166.93000000,168.43000000,162682.48200000,1752470999999999,27263417.06101000,59170,96365.38200000,16151086.21462000,0
1752471000000000,168.43000000,168.65000000,165.47000000,166.79000000,149550.83200000,1752472799999999,24969515.69884000,82743,59207.81300000,9884716.43881000,0
1752472800000000,166.80000000,166.83000000,165.57000000,166.32000000,81393.73400000,1752474599999999,13521240.54351000,50874,30071.74500000,4996163.74587000,0
1752474600000000,166.32000000,166.32000000,165.37000000,165.71000000,55337.89800000,1752476399999999,9179443.32977000,40511,21759.82800000,3608964.72648000,0
1752476400000000,165.71000000,166.37000000,165.68000000,166.00000000,32117.27400000,1752478199999999,5332912.57821000,31678,16419.45000000,2726424.59550000,0
1752478200000000,165.99000000,168.37000000,165.95000000,167.25000000,136037.18900000,1752479999999999,22740606.76619000,59807,70340.85900000,11760711.19038000,0
1752480000000000,167.26000000,167.47000000,166.04000000,166.27000000,69739.40000000,1752481799999999,11621867.71041000,43123,24056.81300000,4009501.04865000,0
1752481800000000,166.28000000,167.52000000,166.13000000,167.46000000,73668.77500000,1752483599999999,12284664.00367000,38098,33247.61300000,5547127.40920000,0
1752483600000000,167.46000000,167.84000000,167.06000000,167.23000000,60346.55400000,1752485399999999,10104407.03162000,46841,27217.48100000,4557625.07328000,0
1752485400000000,167.22000000,168.15000000,167.10000000,167.38000000,62669.23000000,1752487199999999,10507463.39615000,48123,29794.53600000,4996277.22935000,0
1752487200000000,167.39000000,167.47000000,166.47000000,167.35000000,57007.11900000,1752488999999999,9518457.54201000,48414,26880.90300000,4489392.58718000,0
1752489000000000,167.36000000,167.66000000,166.98000000,167.58000000,63716.14300000,1752490799999999,10661680.95180000,39951,38144.90200000,6382813.25297000,0
1752490800000000,167.59000000,167.67000000,166.68000000,166.91000000,82000.92800000,1752492599999999,13711013.42090000,48636,40576.36100000,6784675.73791000,0
1752492600000000,166.90000000,167.23000000,166.31000000,166.53000000,44259.09000000,1752494399999999,7382861.66832000,40992,20217.62900000,3373105.61815000,0
1752494400000000,166.53000000,167.39000000,166.40000000,166.91000000,57970.99500000,1752496199999999,9680601.51958000,40446,29277.62900000,4888602.57965000,0
1752496200000000,166.91000000,167.11000000,166.47000000,166.93000000,37771.45900000,1752497999999999,6300198.34090000,35821,18449.27500000,3077389.17192000,0
1752498000000000,166.92000000,167.52000000,166.57000000,166.94000000,57868.98300000,1752499799999999,9673689.51790000,31496,29006.47600000,4848578.03723000,0
1752499800000000,166.94000000,168.52000000,166.17000000,167.93000000,141030.58000000,1752501599999999,23631014.66181000,97421,71714.93300000,12020478.24763000,0
1752501600000000,167.94000000,168.60000000,166.50000000,167.10000000,152773.63100000,1752503399999999,25654067.83034000,88105,82973.67700000,13942760.42842000,0
1752503400000000,167.11000000,167.15000000,165.43000000,166.71000000,130615.07100000,1752505199999999,21706893.53357000,99029,50146.47600000,8336089.69795000,0
1752505200000000,166.70000000,166.71000000,164.46000000,165.16000000,129721.16900000,1752506999999999,21425996.92618000,90765,47798.41500000,7896150.29341000,0
1752507000000000,165.17000000,165.22000000,163.04000000,163.96000000,113842.24100000,1752508799999999,18667193.55246000,85225,43285.99500000,7097127.17777000,0
1752508800000000,163.96000000,164.87000000,163.29000000,164.73000000,101598.18900000,1752510599999999,16676266.13350000,72819,56499.93100000,9273000.77375000,0
1752510600000000,164.73000000,165.35000000,164.24000000,165.26000000,98780.28100000,1752512399999999,16284838.24217000,48425,60794.78800000,10022844.32740000,0
1752512400000000,165.26000000,165.26000000,163.97000000,164.06000000,88847.43100000,1752514199999999,14628951.05737000,43346,48296.85700000,7952402.11851000,0
1752514200000000,164.07000000,164.43000000,163.49000000,164.35000000,50782.56900000,1752515999999999,8322107.07394000,42672,21009.84200000,3444582.80730000,0
1752516000000000,164.35000000,164.50000000,163.78000000,164.15000000,32802.69400000,1752517799999999,5383640.10868000,37940,16320.58900000,2678739.10785000,0
1752517800000000,164.14000000,164.33000000,162.62000000,162.72000000,54069.79100000,1752519599999999,8832521.75272000,48226,18625.40700000,3042046.04698000,0
1752519600000000,162.72000000,163.69000000,162.42000000,163.59000000,37976.20900000,1752521399999999,6194288.42799000,34679,16049.57300000,2618801.48247000,0
1752521400000000,163.60000000,164.36000000,163.59000000,164.30000000,72283.87000000,1752523199999999,11858444.04110000,40745,44286.64600000,7267048.53395000,0
1752523200000000,164.31000000,164.31000000,161.98000000,163.03000000,73259.08800000,1752524999999999,11928354.65562000,59346,33321.66900000,5425993.77356000,0
1752525000000000,163.03000000,163.54000000,162.85000000,162.96000000,53771.56400000,1752526799999999,8778905.21255000,35378,34751.02500000,5673548.02405000,0
1752526800000000,162.96000000,162.96000000,162.24000000,162.61000000,61325.95900000,1752528599999999,9971542.95857000,36221,24914.16200000,4050330.04180000,0
1752528600000000,162.62000000,162.83000000,162.17000000,162.51000000,31352.07400000,1752530399999999,5097782.42370000,19963,20836.03600000,3387964.15438000,0
1752530400000000,162.52000000,162.61000000,161.76000000,162.53000000,68273.37100000,1752532199999999,11067241.39065000,36868,41841.77800000,6782884.55466000,0
1752532200000000,162.52000000,162.75000000,162.27000000,162.30000000,42670.75600000,1752533999999999,6934551.39575000,18695,32913.47400000,5348828.41315000,0
1752534000000000,162.30000000,162.30000000,161.67000000,161.96000000,50752.59900000,1752535799999999,8223188.61906000,20859,30006.67300000,4861952.00303000,0
1752535800000000,161.97000000,162.42000000,161.85000000,162.21000000,30599.12700000,1752537599999999,4963024.88499000,21851,19720.59000000,3198465.02584000,0
1752537600000000,162.21000000,162.89000000,161.86000000,162.74000000,39267.42700000,1752539399999999,6372459.81190000,27482,24121.99700000,3914938.76633000,0
1752539400000000,162.74000000,162.74000000,161.06000000,161.40000000,59091.91900000,1752541199999999,9551389.71628000,44290,20919.36700000,3385503.18814000,0
1752541200000000,161.40000000,161.43000000,160.34000000,161.03000000,82973.64900000,1752542999999999,13349396.40618000,58839,21517.04800000,3461977.17772000,0
1752543000000000,161.02000000,162.37000000,160.78000000,161.11000000,56794.03700000,1752544799999999,9182742.39302000,45360,27007.09100000,4367560.88707000,0
1752544800000000,161.11000000,161.53000000,159.23000000,159.36000000,113966.96400000,1752546599999999,18252748.91008000,101277,40650.07000000,6514721.83088000,0
1752546600000000,159.37000000,160.80000000,159.11000000,160.58000000,135758.90700000,1752548399999999,21719285.63390000,66058,45663.93000000,7306011.21262000,0
1752548400000000,160.57000000,160.68000000,158.17000000,159.25000000,144601.54200000,1752550199999999,23010333.77190000,107365,49409.81400000,7858761.01884000,0
1752550200000000,159.25000000,159.63000000,158.61000000,159.15000000,68448.66500000,1752551999999999,10893771.03588000,56686,27667.62300000,4403645.65303000,0
1752552000000000,159.14000000,160.07000000,158.26000000,159.91000000,67001.81200000,1752553799999999,10668136.41177000,50602,34606.90500000,5515113.88444000,0
1752553800000000,159.91000000,160.24000000,159.46000000,160.11000000,43443.83700000,1752555599999999,6948907.76999000,30296,21551.00100000,3447250.84574000,0
1752555600000000,160.11000000,160.55000000,160.07000000,160.40000000,29493.92900000,1752557399999999,4729514.36295000,20158,14990.24200000,2403991.75274000,0
1752557400000000,160.40000000,160.41000000,159.82000000,160.26000000,28904.56100000,1752559199999999,4626160.18029000,24320,14387.38100000,2302653.49781000,0
1752559200000000,160.25000000,160.87000000,160.02000000,160.46000000,58862.41700000,1752560999999999,9447164.26112000,29023,34731.34300000,5575212.39133000,0
1752561000000000,160.46000000,160.67000000,160.06000000,160.40000000,46208.24100000,1752562799999999,7413403.32611000,27723,15616.88800000,2505415.20548000,0
1752562800000000,160.41000000,160.72000000,160.03000000,160.50000000,31743.67700000,1752564599999999,5091615.28070000,22355,17817.05800000,2858271.77781000,0
1752564600000000,160.49000000,160.49000000,159.37000000,159.54000000,70601.19400000,1752566399999999,11284396.52958000,34676,24721.48400000,3952689.42986000,0
1752566400000000,159.54000000,159.61000000,158.39000000,159.17000000,67097.51500000,1752568199999999,10677585.40148000,38606,22218.54700000,3534678.70564000,0
1752568200000000,159.17000000,159.63000000,158.95000000,159.23000000,69279.46500000,1752569999999999,11041717.17362000,27417,27560.37100000,4392547.39039000,0
1752570000000000,159.23000000,159.89000000,159.19000000,159.76000000,29083.87600000,1752571799999999,4641289.32762000,22953,14188.76000000,2264747.22436000,0
1752571800000000,159.77000000,159.93000000,159.01000000,159.09000000,27911.51100000,1752573599999999,4451268.72262000,17729,10390.43500000,1658011.76632000,0
1752573600000000,159.08000000,159.79000000,159.05000000,159.68000000,24892.53000000,1752575399999999,3969177.12597000,22869,14419.74000000,2299156.58933000,0
1752575400000000,159.69000000,159.84000000,159.31000000,159.55000000,28933.44500000,1752577199999999,4618838.47178000,24768,13275.26400000,2119736.84483000,0
1752577200000000,159.54000000,160.14000000,158.94000000,159.18000000,51890.52400000,1752578999999999,8279328.35212000,34949,24054.48700000,3841069.94817000,0
1752579000000000,159.18000000,159.92000000,158.93000000,159.86000000,60040.96300000,1752580799999999,9567459.79467000,29340,31293.43000000,4986223.52466000,0
1752580800000000,159.87000000,160.08000000,158.92000000,159.11000000,42393.28400000,1752582599999999,6757226.65877000,29672,15740.05600000,2508689.60183000,0
1752582600000000,159.12000000,161.05000000,158.34000000,159.92000000,154109.34100000,1752584399999999,24640313.92898000,80338,79507.83600000,12725047.36465000,0
1752584400000000,159.92000000,161.11000000,159.74000000,160.87000000,108599.03900000,1752586199999999,17445884.41094000,54421,67929.56400000,10914110.32346000,0
1752586200000000,160.86000000,162.04000000,159.94000000,161.24000000,114071.47800000,1752587999999999,18386794.70102000,87518,66601.61300000,10743705.78995000,0
1752588000000000,161.24000000,162.17000000,161.03000000,161.27000000,124763.57800000,1752589799999999,20177028.43876000,52367,39264.66300000,6344215.14114000,0
1752589800000000,161.27000000,161.37000000,157.23000000,157.77000000,203960.80100000,1752591599999999,32452157.55499000,112943,60557.66900000,9614123.20782000,0
1752591600000000,157.78000000,159.03000000,157.31000000,158.97000000,105735.34600000,1752593399999999,16733105.23194000,77844,55025.88700000,8707737.67367000,0
1752593400000000,158.97000000,160.96000000,158.64000000,160.47000000,86035.66000000,1752595199999999,13764327.46634000,62963,46401.26000000,7421526.43993000,0
1752595200000000,160.46000000,161.45000000,160.28000000,160.64000000,79527.06800000,1752596999999999,12799893.91359000,55189,33605.67300000,5408050.37309000,0
1752597000000000,160.63000000,161.60000000,160.63000000,160.97000000,52139.58000000,1752598799999999,8405981.86895000,39182,27858.46800000,4491312.70245000,0
1752598800000000,160.97000000,162.12000000,160.86000000,162.03000000,48873.50600000,1752600599999999,7890374.02112000,38159,26985.23100000,4359577.80946000,0
1752600600000000,162.02000000,162.85000000,161.65000000,162.81000000,70165.29700000,1752602399999999,11389547.97448000,47135,36918.36000000,5991632.79365000,0
1752602400000000,162.81000000,163.70000000,162.23000000,162.99000000,195242.74900000,1752604199999999,31846611.61465000,67225,82536.39700000,13461455.92908000,0
1752604200000000,163.00000000,163.03000000,160.81000000,161.88000000,203023.63000000,1752605999999999,32902391.90335000,97261,84665.04400000,13721900.82114000,0
1752606000000000,161.88000000,162.90000000,161.69000000,162.09000000,95922.46900000,1752607799999999,15566169.71262000,49363,46310.62400000,7515318.01786000,0
1752607800000000,162.09000000,162.23000000,159.98000000,160.22000000,73527.78600000,1752609599999999,11811988.46383000,55183,27725.46300000,4456272.18193000,0
1752609600000000,160.22000000,161.12000000,159.71000000,160.95000000,47456.78300000,1752611399999999,7615790.84266000,44524,25183.90200000,4041166.24686000,0
1752611400000000,160.94000000,161.28000000,160.46000000,160.69000000,78060.92800000,1752613199999999,12551418.51423000,32267,57309.66400000,9215127.23244000,0
1752613200000000,160.68000000,161.85000000,160.56000000,161.76000000,36242.07900000,1752614999999999,5842038.90461000,28999,23913.52800000,3855143.77654000,0
1752615000000000,161.76000000,162.64000000,161.57000000,161.92000000,91650.24500000,1752616799999999,14850618.69553000,32667,42035.70500000,6815482.44010000,0
1752616800000000,161.92000000,162.14000000,161.37000000,161.87000000,46958.79000000,1752618599999999,7592377.92618000,30466,24543.66700000,3968588.99975000,0
1752618600000000,161.86000000,162.54000000,161.46000000,162.54000000,33915.73100000,1752620399999999,5496163.50471000,20941,21856.91700000,3543045.50533000,0
1752620400000000,162.53000000,164.26000000,162.53000000,163.82000000,103716.86700000,1752622199999999,16973213.78697000,61351,68625.19600000,11226612.81884000,0
1752622200000000,163.82000000,164.16000000,163.53000000,163.98000000,32911.11100000,1752623999999999,5394349.68878000,21954,20714.80400000,3395400.20428000,0
1752624000000000,163.98000000,164.59000000,163.54000000,164.47000000,82859.55000000,1752625799999999,13598953.20119000,35433,53488.61400000,8780540.40378000,0
1752625800000000,164.47000000,165.26000000,164.31000000,164.75000000,80862.46100000,1752627599999999,13329153.83612000,37962,52501.55100000,8654788.19827000,0
1752627600000000,164.75000000,164.79000000,164.30000000,164.44000000,41405.37700000,1752629399999999,6813420.12286000,26310,17826.82700000,2933939.25821000,0
1752629400000000,164.43000000,164.65000000,163.77000000,163.91000000,56462.91200000,1752631199999999,9269243.38346000,32701,31287.43400000,5136527.35535000,0
1752631200000000,163.91000000,164.10000000,162.20000000,162.31000000,79285.56900000,1752632999999999,12925886.11727000,42040,40358.93200000,6579815.05552000,0
1752633000000000,162.30000000,162.44000000,161.51000000,162.08000000,73167.15700000,1752634799999999,11849083.13820000,36030,52157.27100000,8446327.65573000,0
1752634800000000,162.08000000,162.54000000,161.87000000,162.34000000,51981.55900000,1752636599999999,8432535.90127000,27272,35734.84700000,5796729.50385000,0
1752636600000000,162.33000000,162.74000000,162.32000000,162.50000000,25258.81900000,1752638399999999,4106729.46971000,20152,12955.13200000,2106027.44609000,0
1752638400000000,162.51000000,162.68000000,161.79000000,162.65000000,31469.53600000,1752640199999999,5106558.83309000,24152,16254.23700000,2636924.85500000,0
1752640200000000,162.65000000,162.87000000,162.20000000,162.49000000,20787.81900000,1752641999999999,3379306.25900000,16401,10866.02600000,1766740.83727000,0
1752642000000000,162.50000000,163.29000000,162.50000000,163.05000000,43021.18600000,1752643799999999,7011864.77190000,24553,19843.56900000,3233438.99278000,0
1752643800000000,163.05000000,163.56000000,162.97000000,163.18000000,40352.95100000,1752645599999999,6589406.44860000,23188,20916.59500000,3415144.19784000,0
1752645600000000,163.18000000,163.46000000,162.60000000,163.24000000,27029.23800000,1752647399999999,4403806.69486000,23417,11457.64700000,1867005.42513000,0
1752647400000000,163.24000000,164.12000000,163.08000000,164.12000000,36081.06700000,1752649199999999,5905619.13545000,23418,18084.42700000,2960225.48592000,0
1752649200000000,164.11000000,164.26000000,163.62000000,164.08000000,42636.77100000,1752650999999999,6991589.07343000,27054,13928.13700000,2283819.85596000,0
1752651000000000,164.07000000,164.64000000,163.96000000,164.05000000,62242.91100000,1752652799999999,10230854.85372000,24900,26202.50100000,4306900.35833000,0
1752652800000000,164.05000000,164.36000000,163.81000000,164.32000000,36780.97200000,1752654599999999,6034395.35124000,27581,17318.30600000,2841049.30428000,0
1752654600000000,164.33000000,165.61000000,164.32000000,165.52000000,92452.67600000,1752656399999999,15256976.56712000,31502,48756.72000000,8044076.85949000,0
1752656400000000,165.51000000,167.58000000,165.50000000,167.10000000,222051.83400000,1752658199999999,37017431.01412000,72021,114923.98400000,19159147.40860000,0
1752658200000000,167.11000000,167.45000000,166.03000000,167.28000000,146229.57200000,1752659999999999,24405529.16762000,58042,57072.87600000,9525285.81828000,0
1752660000000000,167.28000000,167.46000000,166.86000000,166.88000000,60887.79800000,1752661799999999,10182472.32557000,29940,24727.14400000,4134992.30279000,0
1752661800000000,166.88000000,167.18000000,165.98000000,166.02000000,72149.54100000,1752663599999999,12018016.35442000,34475,21711.19500000,3617840.15061000,0
1752663600000000,166.01000000,166.55000000,166.00000000,166.19000000,80099.33000000,1752665399999999,13320705.28118000,24458,44710.90200000,7436334.09716000,0
1752665400000000,166.18000000,166.81000000,166.06000000,166.66000000,65048.07800000,1752667199999999,10824577.21239000,23536,36881.11500000,6138155.41246000,0
1752667200000000,166.66000000,167.24000000,166.52000000,167.15000000,55714.30200000,1752668999999999,9303535.92124000,30885,21848.21500000,3648413.03032000,0
1752669000000000,167.15000000,167.49000000,166.61000000,166.62000000,89615.58500000,1752670799999999,14974988.57519000,48819,24992.47000000,4178098.78655000,0
1752670800000000,166.61000000,167.21000000,166.25000000,167.07000000,78057.46200000,1752672599999999,13014617.16655000,42671,28240.26900000,4710478.93728000,0
1752672600000000,167.06000000,167.30000000,166.18000000,167.27000000,98298.09900000,1752674399999999,16401962.94671000,62371,36923.62800000,6162155.42295000,0
1752674400000000,167.28000000,167.40000000,166.62000000,167.26000000,133372.64500000,1752676199999999,22287752.02408000,63647,51106.47200000,8541298.01320000,0
1752676200000000,167.26000000,167.96000000,167.11000000,167.57000000,270623.60100000,1752677999999999,45348694.03311000,97684,131033.79800000,21960397.46937000,0
1752678000000000,167.57000000,168.19000000,166.13000000,167.32000000,186479.16000000,1752679799999999,31220429.43373000,109630,94082.00100000,15755122.22379000,0
1752679800000000,167.32000000,168.84000000,165.40000000,168.45000000,163780.71300000,1752681599999999,27396936.20020000,120984,83317.86900000,13952185.14628000,0
1752681600000000,168.45000000,172.50000000,168.40000000,172.27000000,444492.90000000,1752683399999999,75764402.38122000,224778,269028.11300000,45841114.74172000,0
1752683400000000,172.26000000,173.29000000,171.38000000,172.56000000,261111.32500000,1752685199999999,44964645.90865000,125098,163628.63300000,28173018.95208000,0
1752685200000000,172.55000000,173.06000000,172.19000000,172.64000000,155033.10400000,1752686999999999,26769184.44214000,78076,55928.58300000,9658133.02610000,0
1752687000000000,172.63000000,174.59000000,172.00000000,173.64000000,195166.46200000,1752688799999999,33867226.22272000,91267,93423.89600000,16218771.58336000,0
1752688800000000,173.64000000,174.67000000,173.43000000,174.51000000,162711.13100000,1752690599999999,28348132.02599000,87344,86099.22300000,15000064.90363000,0
1752690600000000,174.50000000,174.70000000,172.97000000,173.37000000,122522.75100000,1752692399999999,21306285.50374000,59523,36539.13500000,6356278.85598000,0
1752692400000000,173.38000000,174.11000000,172.56000000,173.89000000,105040.44700000,1752694199999999,18207338.23810000,58025,44798.81700000,7768253.79663000,0
1752694200000000,173.90000000,174.50000000,172.91000000,174.16000000,95131.41500000,1752695999999999,16507303.66797000,61102,44413.40800000,7710780.81512000,0
1752696000000000,174.15000000,174.89000000,173.76000000,174.42000000,109022.53600000,1752697799999999,19020743.38718000,67775,62066.47000000,10829768.42138000,0
1752697800000000,174.41000000,175.10000000,174.05000000,174.67000000,163131.06000000,1752699599999999,28498080.55414000,69172,98199.20800000,17159620.35981000,0
1752699600000000,174.68000000,176.00000000,174.39000000,175.73000000,133247.03300000,1752701399999999,23359502.11313000,69571,75206.01500000,13185143.61411000,0
1752701400000000,175.72000000,175.72000000,173.94000000,174.46000000,94123.61500000,1752703199999999,16434353.75211000,49687,42256.09100000,7378582.37475000,0
1752703200000000,174.46000000,175.86000000,174.46000000,175.17000000,68551.48500000,1752704999999999,12016670.30139000,52475,35530.59600000,6228236.14792000,0
1752705000000000,175.17000000,175.49000000,173.43000000,173.80000000,93757.45400000,1752706799999999,16334422.84876000,57782,28630.86600000,4991149.63674000,0
1752706800000000,173.80000000,173.95000000,172.37000000,173.34000000,106631.13900000,1752708599999999,18461646.94713000,59254,37822.20500000,6547078.36333000,0
1752708600000000,173.33000000,173.88000000,172.71000000,173.63000000,64068.01500000,1752710399999999,11111931.01138000,40047,19512.26100000,3385116.77728000,0
1752710400000000,173.62000000,174.85000000,173.23000000,174.55000000,56106.11200000,1752712199999999,9766644.81289000,45943,24650.39500000,4292685.17604000,0
1752712200000000,174.55000000,174.85000000,172.98000000,172.99000000,49179.79600000,1752713999999999,8562264.04400000,47777,21901.18400000,3813891.26467000,0
1752714000000000,172.98000000,173.34000000,171.69000000,172.55000000,116564.04400000,1752715799999999,20109858.88323000,72805,42665.80200000,7365661.96986000,0
1752715800000000,172.54000000,172.68000000,169.57000000,171.48000000,154011.60100000,1752717599999999,26321033.90376000,118635,65587.95500000,11217482.41063000,0
1752717600000000,171.48000000,172.07000000,171.19000000,171.60000000,84723.89200000,1752719399999999,14550956.16539000,48066,51108.33400000,8779024.68452000,0
1752719400000000,171.60000000,171.64000000,170.21000000,171.33000000,84199.29900000,1752721199999999,14403668.39864000,52517,42574.42300000,7285463.22819000,0
1752721200000000,171.32000000,171.44000000,169.04000000,169.24000000,101508.65400000,1752722999999999,17281935.00962000,69191,53999.60100000,9198529.29495000,0
1752723000000000,169.23000000,169.81000000,168.71000000,169.54000000,123555.92400000,1752724799999999,20919899.46664000,70889,63183.75900000,10698997.48168000,0
1752724800000000,169.53000000,170.60000000,169.24000000,170.56000000,60387.85400000,1752726599999999,10263220.27966000,42585,32553.58700000,5534383.05131000,0
1752726600000000,170.56000000,171.35000000,170.55000000,171.32000000,32204.50600000,1752728399999999,5503676.55234000,30019,16511.47300000,2821880.23215000,0
1752728400000000,171.33000000,171.65000000,170.45000000,171.62000000,39711.08000000,1752730199999999,6794608.03280000,30957,26692.04300000,4568742.09549000,0
1752730200000000,171.62000000,172.12000000,171.25000000,172.01000000,54122.89200000,1752731999999999,9293704.48142000,39342,33866.55000000,5816109.37691000,0
1752732000000000,172.00000000,173.21000000,171.33000000,173.06000000,82891.97800000,1752733799999999,14290256.05952000,50656,52092.90200000,8981868.55791000,0
1752733800000000,173.07000000,174.10000000,172.57000000,173.87000000,112157.01600000,1752735599999999,19438965.66818000,64856,64452.96300000,11173159.83398000,0
1752735600000000,173.87000000,173.89000000,171.74000000,172.23000000,71001.97300000,1752737399999999,12248541.37195000,63091,32583.72800000,5620869.63141000,0
1752737400000000,172.23000000,174.17000000,172.23000000,174.02000000,99909.36000000,1752739199999999,17329100.71864000,52235,68159.39900000,11821799.08221000,0
1752739200000000,174.02000000,174.11000000,173.10000000,173.45000000,52283.33600000,1752740999999999,9069604.31284000,39904,29039.54300000,5037093.55821000,0
1752741000000000,173.45000000,173.74000000,172.67000000,173.69000000,56449.01200000,1752742799999999,9772888.55481000,48317,31992.64700000,5540050.20339000,0
1752742800000000,173.69000000,176.04000000,173.47000000,175.75000000,149158.84300000,1752744599999999,26113433.53529000,86380,105027.94500000,18390818.73521000,0
1752744600000000,175.75000000,178.19000000,175.58000000,177.18000000,231649.70000000,1752746399999999,41032171.59453000,107876,157186.09500000,27844654.78119000,0
1752746400000000,177.19000000,177.80000000,175.91000000,176.23000000,104562.27900000,1752748199999999,18484302.17661000,85671,49848.86500000,8814048.07950000,0
1752748200000000,176.23000000,176.93000000,175.72000000,176.34000000,64933.85800000,1752749999999999,11448867.90454000,58616,31000.47100000,5467116.63075000,0
1752750000000000,176.34000000,176.79000000,175.76000000,175.92000000,81621.10300000,1752751799999999,14385213.90732000,54803,37920.22200000,6683475.59765000,0
1752751800000000,175.91000000,176.49000000,175.22000000,176.17000000,68329.81200000,1752753599999999,12015445.52439000,53929,29009.00500000,5101460.59695000,0
1752753600000000,176.16000000,176.60000000,174.63000000,174.87000000,93340.57800000,1752755399999999,16374350.44073000,74003,34206.96800000,6001861.58693000,0
1752755400000000,174.86000000,177.54000000,174.85000000,176.77000000,100618.90600000,1752757199999999,17780755.90281000,75709,55278.51100000,9771552.30982000,0
1752757200000000,176.76000000,176.98000000,174.98000000,175.45000000,138071.90600000,1752758999999999,24276876.76641000,70556,73745.61900000,12965269.02360000,0
1752759000000000,175.45000000,175.58000000,172.78000000,174.35000000,164650.29000000,1752760799999999,28702119.38103000,108943,64795.47800000,11296524.33675000,0
1752760800000000,174.35000000,174.90000000,173.48000000,174.70000000,98951.20600000,1752762599999999,17253437.33810000,80937,51662.85900000,9008826.56932000,0
1752762600000000,174.69000000,175.31000000,174.40000000,174.86000000,63076.78700000,1752764399999999,11030477.29046000,52835,32740.61100000,5725900.22889000,0
1752764400000000,174.87000000,175.20000000,172.82000000,173.57000000,133220.99300000,1752766199999999,23166943.96319000,82298,67685.01000000,11778920.32928000,0
1752766200000000,173.57000000,174.52000000,173.50000000,174.13000000,63253.77800000,1752767999999999,11014175.43723000,53722,35940.18900000,6258883.76825000,0
1752768000000000,174.12000000,174.43000000,172.15000000,172.41000000,101597.53000000,1752769799999999,17579112.06039000,77823,36135.36000000,6255650.87347000,0
1752769800000000,172.42000000,172.97000000,171.21000000,172.85000000,130210.37900000,1752771599999999,22409511.28014000,97531,72352.80700000,12453053.96588000,0
1752771600000000,172.85000000,173.24000000,172.60000000,172.94000000,43672.78700000,1752773399999999,7551804.92072000,39722,24435.71400000,4226017.46909000,0
1752773400000000,172.93000000,174.38000000,172.26000000,174.22000000,76130.98400000,1752775199999999,13205187.14292000,52256,47180.97800000,8187798.38757000,0
1752775200000000,174.22000000,174.45000000,173.55000000,174.33000000,77696.73000000,1752776999999999,13521781.93380000,43011,38159.37100000,6641925.72301000,0
1752777000000000,174.33000000,174.81000000,173.90000000,174.78000000,61847.67600000,1752778799999999,10790360.73431000,38664,32843.27300000,5731615.16461000,0
1752778800000000,174.78000000,175.42000000,174.77000000,175.16000000,51044.17300000,1752780599999999,8936884.47945000,29525,31145.75000000,5452796.83096000,0
1752780600000000,175.17000000,175.39000000,172.79000000,173.05000000,78716.55000000,1752782399999999,13703867.15243000,60759,28576.10200000,4980252.86557000,0
1752782400000000,173.05000000,173.31000000,171.34000000,172.75000000,152338.81100000,1752784199999999,26238593.14392000,84652,57984.82100000,9982458.00562000,0
1752784200000000,172.74000000,173.69000000,172.67000000,173.50000000,60640.35400000,1752785999999999,10509104.47338000,46886,25516.73500000,4422394.56274000,0
1752786000000000,173.50000000,176.53000000,173.47000000,175.95000000,170149.53600000,1752787799999999,29852756.11975000,101484,108077.10100000,18959673.55895000,0
1752787800000000,175.96000000,176.36000000,173.57000000,175.50000000,108007.28300000,1752789599999999,18926270.95637000,74391,57695.09700000,10112115.73888000,0
1752789600000000,175.49000000,177.40000000,175.29000000,175.82000000,117078.11000000,1752791399999999,20647353.77493000,78393,74601.60800000,13156355.76219000,0
1752791400000000,175.82000000,176.59000000,174.90000000,175.49000000,86028.45700000,1752793199999999,15115730.22177000,52146,49673.89200000,8728433.88799000,0
1752793200000000,175.48000000,176.89000000,175.23000000,176.84000000,108504.64500000,1752794999999999,19102942.94050000,65245,62639.30400000,11027473.29317000,0
1752795000000000,176.84000000,176.84000000,175.51000000,175.87000000,81483.35400000,1752796799999999,14346562.75368000,47708,38795.16300000,6829616.95821000,0
1752796800000000,175.88000000,177.92000000,175.29000000,177.57000000,107908.47500000,1752798599999999,19068021.24771000,63568,66268.07900000,11718969.06237000,0
1752798600000000,177.58000000,179.89000000,177.35000000,179.81000000,191851.94400000,1752800399999999,34320914.98306000,90860,127885.20600000,22878908.86525000,0
1752800400000000,179.80000000,181.15000000,178.92000000,180.00000000,270981.29000000,1752802199999999,48811488.74348000,123419,160044.30300000,28832905.11964000,0
1752802200000000,179.99000000,180.85000000,179.26000000,180.60000000,135035.09500000,1752803999999999,24316354.00834000,72629,72155.19900000,12994348.78368000,0
1752804000000000,180.60000000,180.64000000,178.86000000,179.85000000,68198.16200000,1752805799999999,12235765.29043000,55007,30599.70900000,5489615.72060000,0
1752805800000000,179.86000000,179.95000000,179.03000000,179.65000000,55944.61700000,1752807599999999,10046372.42893000,37056,24756.75900000,4445883.92442000,0
1752807600000000,179.65000000,180.98000000,179.56000000,179.95000000,88819.04300000,1752809399999999,16006805.75470000,52453,41753.17500000,7526760.10093000,0
1752809400000000,179.94000000,181.00000000,179.75000000,180.80000000,72268.33900000,1752811199999999,13041438.87148000,38492,31810.00900000,5743239.74038000,0
1752811200000000,180.79000000,181.92000000,179.86000000,181.46000000,109162.04700000,1752812999999999,19749652.15299000,58885,58989.83100000,10677824.09594000,0
1752813000000000,181.45000000,181.94000000,181.26000000,181.86000000,85257.38700000,1752814799999999,15480201.41743000,46799,42687.94400000,7751367.31278000,0
1752814800000000,181.86000000,184.67000000,181.21000000,183.11000000,441469.37000000,1752816599999999,80986285.81935000,173606,229372.40500000,42058706.16752000,0
1752816600000000,183.10000000,183.98000000,183.03000000,183.62000000,156888.64300000,1752818399999999,28778579.40705000,74704,81445.06800000,14940937.84328000,0
1752818400000000,183.62000000,183.90000000,182.26000000,182.73000000,154703.82800000,1752820199999999,28302976.42880000,62993,51801.97500000,9480894.45270000,0
1752820200000000,182.73000000,183.61000000,182.63000000,183.51000000,69988.59100000,1752821999999999,12829449.51027000,43555,41055.47100000,7526494.86485000,0
1752822000000000,183.50000000,184.20000000,182.41000000,183.51000000,129428.28000000,1752823799999999,23725146.42846000,71028,79205.44100000,14520671.47873000,0
1752823800000000,183.51000000,183.97000000,180.86000000,180.94000000,141234.69000000,1752825599999999,25771187.18640000,89124,59570.55900000,10885260.84562000,0
1752825600000000,180.93000000,181.97000000,180.86000000,181.47000000,95406.36700000,1752827399999999,17307111.02692000,56271,37196.04100000,6746298.89345000,0
1752827400000000,181.47000000,181.47000000,178.57000000,179.39000000,152659.35200000,1752829199999999,27430140.41167000,100963,60886.17800000,10937646.88022000,0
1752829200000000,179.39000000,179.97000000,178.74000000,179.17000000,86937.16000000,1752830999999999,15595955.68182000,55822,49527.00700000,8883395.92494000,0
1752831000000000,179.18000000,180.04000000,178.85000000,179.96000000,52220.48900000,1752832799999999,9375472.77635000,37559,30276.86700000,5435262.16590000,0
1752832800000000,179.96000000,179.96000000,177.97000000,178.63000000,72669.27300000,1752834599999999,12997316.86748000,49400,29151.44800000,5215502.00744000,0
1752834600000000,178.63000000,179.55000000,178.32000000,179.40000000,50129.67900000,1752836399999999,8972437.70095000,38301,32876.94600000,5884805.06657000,0
1752836400000000,179.39000000,179.50000000,177.10000000,177.81000000,99963.99800000,1752838199999999,17810777.65205000,52331,38755.09600000,6909611.30523000,0
1752838200000000,177.80000000,178.64000000,177.69000000,178.46000000,50098.84400000,1752839999999999,8932197.79437000,36362,22378.59500000,3989361.75203000,0
1752840000000000,178.45000000,179.14000000,178.30000000,178.84000000,67379.23300000,1752841799999999,12039639.27588000,35073,29674.04800000,5303483.78309000,0
1752841800000000,178.83000000,180.17000000,178.83000000,180.14000000,87539.13500000,1752843599999999,15718486.47435000,32025,44834.52600000,8051860.11757000,0
1752843600000000,180.15000000,180.31000000,179.14000000,180.23000000,87661.29400000,1752845399999999,15756726.56449000,56312,38040.89900000,6837819.71739000,0
1752845400000000,180.22000000,182.02000000,180.03000000,180.76000000,172021.16600000,1752847199999999,31197437.09323000,85175,94368.82700000,17115389.51072000,0
1752847200000000,180.75000000,181.51000000,177.26000000,177.93000000,198144.71000000,1752848999999999,35489887.86299000,119112,77303.78100000,13856695.37300000,0
1752849000000000,177.93000000,179.01000000,176.61000000,178.51000000,187370.03900000,1752850799999999,33294192.33302000,98040,96580.92600000,17172502.85576000,0
1752850800000000,178.50000000,178.77000000,175.29000000,176.16000000,175357.47300000,1752852599999999,30967621.85760000,109924,70654.93400000,12487647.67437000,0
1752852600000000,176.17000000,177.09000000,174.86000000,177.02000000,125898.52600000,1752854399999999,22152490.16517000,74708,52119.90000000,9180927.13668000,0
1752854400000000,177.02000000,178.35000000,176.16000000,178.06000000,120903.98800000,1752856199999999,21435177.02845000,70255,58633.73100000,10396473.00140000,0
1752856200000000,178.06000000,179.08000000,177.43000000,178.38000000,76797.63600000,1752857999999999,13703575.70648000,54613,41505.26000000,7406906.77386000,0
1752858000000000,178.39000000,178.99000000,177.69000000,178.85000000,62985.18100000,1752859799999999,11228553.05672000,42345,32985.25100000,5881625.38394000,0
1752859800000000,178.84000000,179.11000000,178.20000000,178.49000000,38693.92600000,1752861599999999,6913245.62589000,36511,21366.55200000,3817783.21061000,0
1752861600000000,178.50000000,178.54000000,177.55000000,178.51000000,64030.86100000,1752863399999999,11402398.12764000,42278,38904.67300000,6927724.54221000,0
1752863400000000,178.50000000,178.79000000,177.69000000,177.93000000,37418.18500000,1752865199999999,6673125.32796000,33463,13036.99800000,2324460.20387000,0
1752865200000000,177.92000000,178.53000000,176.60000000,177.95000000,58830.17600000,1752866999999999,10434991.94069000,54290,31510.70100000,5589405.92227000,0
1752867000000000,177.94000000,177.97000000,176.15000000,176.99000000,51942.71000000,1752868799999999,9184022.09938000,41484,27141.05700000,4798282.34342000,0
1752868800000000,176.98000000,177.13000000,174.11000000,174.23000000,143133.23500000,1752870599999999,25111098.74804000,86796,60217.29500000,10568837.01532000,0
1752870600000000,174.24000000,176.05000000,173.24000000,175.33000000,160991.69500000,1752872399999999,28111971.13554000,81219,87535.63500000,15305221.11821000,0
1752872400000000,175.32000000,176.85000000,175.23000000,176.35000000,62577.77000000,1752874199999999,11038238.17617000,39585,40728.08400000,7184455.68787000,0
1752874200000000,176.34000000,177.03000000,175.80000000,175.97000000,39715.90800000,1752875999999999,7010115.24727000,24867,23138.90600000,4085440.87265000,0
1752876000000000,175.96000000,176.81000000,174.86000000,176.63000000,49692.67400000,1752877799999999,8734077.03292000,40194,28842.01000000,5072797.53198000,0
1752877800000000,176.63000000,176.96000000,175.61000000,175.90000000,47804.04600000,1752879599999999,8426787.27247000,29124,19271.59100000,3398161.11774000,0
1752879600000000,175.90000000,177.29000000,175.14000000,176.90000000,110170.91700000,1752881399999999,19444430.68695000,58063,79879.45900000,14102775.95751000,0
1752881400000000,176.90000000,177.62000000,176.90000000,177.28000000,25567.72100000,1752883199999999,4532743.94501000,21335,16218.50500000,2875279.39286000,0
1752883200000000,177.28000000,177.43000000,176.86000000,177.13000000,29004.65100000,1752884999999999,5139910.77145000,21949,14891.89700000,2639209.15929000,0
1752885000000000,177.13000000,177.36000000,175.10000000,175.18000000,48917.69700000,1752886799999999,8622566.47099000,34228,14057.73200000,2479403.13711000,0
1752886800000000,175.18000000,176.44000000,174.00000000,176.43000000,84134.07400000,1752888599999999,14751160.98188000,53909,36614.55400000,6424439.21098000,0
1752888600000000,176.43000000,176.78000000,176.07000000,176.61000000,42883.09400000,1752890399999999,7566781.68397000,27481,17745.43800000,3131295.03693000,0
1752890400000000,176.62000000,176.80000000,175.70000000,176.18000000,27397.79000000,1752892199999999,4831180.89966000,34770,13576.54400000,2393785.00424000,0
1752892200000000,176.17000000,177.26000000,176.17000000,177.14000000,37167.60500000,1752893999999999,6578582.08074000,28287,24647.84100000,4362958.13163000,0
1752894000000000,177.14000000,177.50000000,177.01000000,177.39000000,52026.92900000,1752895799999999,9223892.53314000,37201,27595.25300000,4893131.75161000,0
1752895800000000,177.39000000,177.69000000,176.90000000,177.45000000,32810.68200000,1752897599999999,5820598.68818000,24617,18821.62600000,3339397.28996000,0
1752897600000000,177.45000000,177.74000000,177.25000000,177.38000000,38157.16700000,1752899399999999,6774938.90641000,30912,25667.07600000,4557807.88192000,0
1752899400000000,177.37000000,177.66000000,177.02000000,177.31000000,36368.15000000,1752901199999999,6447784.29184000,23664,12671.10700000,2246800.12214000,0
1752901200000000,177.31000000,177.70000000,176.80000000,177.62000000,64041.71200000,1752902999999999,11348120.25893000,26737,23615.35100000,4186796.67863000,0
1752903000000000,177.61000000,177.77000000,177.22000000,177.55000000,53218.83400000,1752904799999999,9448408.79947000,29182,28870.47700000,5125577.74288000,0
1752904800000000,177.54000000,177.64000000,176.59000000,176.60000000,21556.83700000,1752906599999999,3820576.22041000,20134,10020.07100000,1776687.04490000,0
1752906600000000,176.59000000,176.96000000,176.10000000,176.27000000,36763.82400000,1752908399999999,6488378.32440000,28947,17552.44700000,3097393.68144000,0
1752908400000000,176.26000000,177.32000000,176.15000000,177.04000000,28970.06200000,1752910199999999,5117796.81854000,21358,18179.57700000,3212088.53935000,0
1752910200000000,177.04000000,177.17000000,176.53000000,176.99000000,12384.46900000,1752911999999999,2190468.53423000,18346,6484.44700000,1146833.06412000,0
1752912000000000,176.99000000,177.15000000,175.65000000,176.03000000,35126.16200000,1752913799999999,6186127.57903000,29344,18254.11200000,3213088.23161000,0
1752913800000000,176.03000000,176.18000000,175.41000000,176.04000000,30083.78600000,1752915599999999,5288909.66974000,29083,11715.94300000,2060169.54522000,0
1752915600000000,176.04000000,176.50000000,175.83000000,176.35000000,12475.32800000,1752917399999999,2198085.65794000,21595,5945.06000000,1047488.01707000,0
1752917400000000,176.34000000,177.00000000,176.22000000,176.69000000,27684.09300000,1752919199999999,4893245.22504000,21334,13095.52700000,2314541.03370000,0
1752919200000000,176.70000000,177.06000000,176.46000000,177.03000000,21296.52500000,1752920999999999,3765843.85974000,20517,12872.04300000,2276495.94493000,0
1752921000000000,177.02000000,177.64000000,177.02000000,177.39000000,35819.33000000,1752922799999999,6353926.77332000,23950,16714.46400000,2965378.33874000,0
1752922800000000,177.38000000,177.81000000,176.19000000,177.39000000,36648.38500000,1752924599999999,6491363.20729000,36103,21670.80800000,3839397.16447000,0
1752924600000000,177.39000000,177.52000000,176.36000000,176.59000000,27523.80000000,1752926399999999,4871075.12025000,28734,11297.58900000,1999172.58450000,0
1752926400000000,176.60000000,176.76000000,175.70000000,176.15000000,49476.91200000,1752928199999999,8716829.16939000,39621,17604.99000000,3101805.92237000,0
1752928200000000,176.16000000,177.40000000,175.82000000,177.34000000,31388.21500000,1752929999999999,5546451.82321000,28833,17976.06200000,3175824.27276000,0
1752930000000000,177.33000000,177.84000000,176.93000000,177.50000000,49540.26300000,1752931799999999,8791729.32525000,32897,28405.61600000,5041934.23928000,0
1752931800000000,177.50000000,177.84000000,177.07000000,177.47000000,60469.25300000,1752933599999999,10738575.42999000,34011,22985.88000000,4080996.06246000,0
1752933600000000,177.47000000,177.88000000,176.01000000,176.10000000,69642.15600000,1752935399999999,12320017.46948000,40595,25023.44400000,4425476.43021000,0
1752935400000000,176.10000000,176.46000000,174.80000000,175.01000000,88665.52100000,1752937199999999,15583773.06981000,58878,46786.82600000,8227631.18153000,0
1752937200000000,175.00000000,176.61000000,174.87000000,176.56000000,53445.58000000,1752938999999999,9395258.79919000,37653,35857.49900000,6301069.84043000,0
1752939000000000,176.55000000,177.46000000,176.22000000,177.40000000,70132.62800000,1752940799999999,12420765.54869000,32786,34127.18300000,6042890.62828000,0
1752940800000000,177.41000000,177.82000000,176.49000000,177.59000000,52392.32100000,1752942599999999,9287826.26791000,46009,28856.39400000,5116349.64792000,0
1752942600000000,177.60000000,177.87000000,177.35000000,177.54000000,37600.29300000,1752944399999999,6681373.35943000,28299,19714.49300000,3502983.68144000,0
1752944400000000,177.55000000,177.82000000,176.88000000,177.01000000,25628.17900000,1752946199999999,4546917.08343000,27292,10867.55900000,1928424.27583000,0
1752946200000000,177.01000000,177.09000000,176.12000000,176.32000000,19463.84800000,1752947999999999,3438665.10309000,24861,8739.11600000,1544042.11995000,0
1752948000000000,176.32000000,177.52000000,176.19000000,177.36000000,21603.09300000,1752949799999999,3822297.42500000,29806,12777.63500000,2260578.63641000,0
1752949800000000,177.37000000,177.43000000,176.72000000,176.82000000,12662.59300000,1752951599999999,2242307.62885000,22685,6199.86300000,1097936.12448000,0
1752951600000000,176.83000000,177.16000000,176.21000000,177.15000000,21870.66900000,1752953399999999,3865513.89540000,23289,8849.98800000,1564247.65289000,0
1752953400000000,177.15000000,178.19000000,176.46000000,177.04000000,56924.00900000,1752955199999999,10095817.30466000,37363,27589.38900000,4896479.97500000,0
1752955200000000,177.04000000,177.88000000,176.97000000,177.81000000,22111.15500000,1752956999999999,3925051.12576000,29661,12894.01100000,2288832.07534000,0
1752957000000000,177.80000000,178.61000000,177.42000000,177.43000000,113601.28900000,1752958799999999,20233076.92390000,53112,58481.28000000,10416536.71522000,0
1752958800000000,177.42000000,177.80000000,175.13000000,176.08000000,101651.08900000,1752960599999999,17880290.57711000,54280,59526.51500000,10466369.94941000,0
1752960600000000,176.08000000,176.08000000,174.91000000,175.89000000,115952.91300000,1752962399999999,20344691.98638000,29434,66945.51000000,11753573.15928000,0
1752962400000000,175.89000000,176.36000000,175.27000000,175.91000000,48790.90000000,1752964199999999,8577485.53940000,29139,27646.27700000,4859286.26834000,0
1752964200000000,175.91000000,176.57000000,175.63000000,176.41000000,23631.38200000,1752965999999999,4162221.94894000,21632,15095.48900000,2659238.05943000,0
1752966000000000,176.41000000,176.77000000,176.20000000,176.41000000,21271.23500000,1752967799999999,3754355.40228000,21538,10301.99700000,1818336.77680000,0
1752967800000000,176.41000000,177.08000000,176.41000000,176.96000000,18938.52600000,1752969599999999,3349067.50736000,19458,10993.31700000,1944076.00758000,0
1752969600000000,176.97000000,177.25000000,176.33000000,176.79000000,26503.66000000,1752971399999999,4687649.79836000,25745,11371.79400000,2011430.89585000,0
1752971400000000,176.80000000,177.94000000,176.69000000,177.66000000,42345.77000000,1752973199999999,7516450.38164000,27324,16211.57500000,2877002.11279000,0
1752973200000000,177.66000000,179.75000000,177.62000000,179.18000000,295263.98800000,1752974999999999,52902973.37957000,113065,158215.78600000,28344714.96409000,0
1752975000000000,179.18000000,179.63000000,177.76000000,177.87000000,205584.10100000,1752976799999999,36759683.29743000,92459,89348.93300000,15976914.53374000,0
1752976800000000,177.88000000,177.94000000,177.03000000,177.12000000,33892.42200000,1752978599999999,6017437.52268000,35060,16798.22500000,2983515.93305000,0
1752978600000000,177.11000000,177.91000000,176.97000000,177.54000000,27379.87900000,1752980399999999,4862422.43727000,29246,13554.27900000,2407430.50040000,0
1752980400000000,177.55000000,178.12000000,177.15000000,178.01000000,34825.94300000,1752982199999999,6185183.75640000,31453,16839.07900000,2990163.39207000,0
1752982200000000,178.02000000,178.77000000,177.87000000,177.98000000,63616.94000000,1752983999999999,11345037.20605000,49744,27967.34800000,4988571.63841000,0
1752984000000000,177.97000000,178.39000000,177.51000000,178.34000000,31917.25300000,1752985799999999,5681099.54710000,33217,14334.90000000,2551837.13410000,0
1752985800000000,178.35000000,178.56000000,177.47000000,177.58000000,30795.98300000,1752987599999999,5478767.91840000,24136,13502.84800000,2401872.55848000,0
1752987600000000,177.59000000,177.72000000,177.10000000,177.23000000,16343.90100000,1752989399999999,2898183.38661000,17292,8125.21400000,1440782.23212000,0
1752989400000000,177.22000000,178.00000000,177.22000000,177.80000000,28993.93700000,1752991199999999,5152979.53852000,19341,16523.58200000,2937264.57610000,0
1752991200000000,177.80000000,177.81000000,176.94000000,177.18000000,29157.69500000,1752992999999999,5168213.19309000,20190,10561.65700000,1872395.68717000,0
1752993000000000,177.18000000,177.58000000,177.00000000,177.33000000,28730.31200000,1752994799999999,5093887.67290000,20049,12678.82400000,2248022.70269000,0
1752994800000000,177.34000000,178.51000000,177.22000000,178.47000000,34535.46500000,1752996599999999,6143927.15350000,24988,22355.14200000,3976859.90787000,0
1752996600000000,178.47000000,178.67000000,177.88000000,177.94000000,57935.46400000,1752998399999999,10335090.05038000,32792,27412.21900000,4890929.06398000,0
1752998400000000,177.95000000,179.17000000,177.95000000,179.01000000,46944.50800000,1753000199999999,8382823.39036000,28667,28735.44400000,5132997.93580000,0
1753000200000000,179.02000000,180.71000000,178.80000000,180.70000000,95367.63500000,1753001999999999,17147611.93836000,52721,61208.79800000,11006235.69961000,0
1753002000000000,180.70000000,181.51000000,179.64000000,179.81000000,104793.25500000,1753003799999999,18941740.39076000,68384,59305.86900000,10722533.99696000,0
1753003800000000,179.82000000,180.52000000,179.76000000,179.77000000,55537.02700000,1753005599999999,10009889.37169000,34674,25750.17100000,4641174.52672000,0
1753005600000000,179.77000000,180.46000000,179.54000000,180.35000000,44422.31600000,1753007399999999,7991158.01959000,38919,22007.81300000,3959674.06807000,0
1753007400000000,180.35000000,180.37000000,179.44000000,179.59000000,25602.42800000,1753009199999999,4606689.37031000,27327,10509.17300000,1891620.26728000,0
1753009200000000,179.60000000,180.17000000,179.33000000,180.04000000,43701.21800000,1753010999999999,7855521.50019000,32956,20366.32100000,3661192.81914000,0
1753011000000000,180.04000000,181.00000000,179.96000000,180.44000000,67745.86800000,1753012799999999,12228433.66644000,39839,38993.21000000,7038865.69518000,0
1753012800000000,180.44000000,180.88000000,179.96000000,180.55000000,70965.97800000,1753014599999999,12793237.51528000,41366,38760.86600000,6987999.49077000,0
1753014600000000,180.55000000,181.96000000,180.30000000,181.79000000,90035.79000000,1753016399999999,16313507.51150000,54579,53172.55200000,9632651.53718000,0
1753016400000000,181.78000000,182.72000000,181.59000000,181.69000000,83830.92100000,1753018199999999,15273357.94264000,57252,49660.48000000,9049329.12661000,0
1753018200000000,181.68000000,183.17000000,181.68000000,183.02000000,169913.60000000,1753019999999999,31010624.52114000,64982,115624.08700000,21100175.38042000,0
1753020000000000,183.02000000,183.08000000,181.50000000,181.82000000,109402.73900000,1753021799999999,19948749.07688000,60591,43110.58600000,7861611.28189000,0
1753021800000000,181.82000000,182.40000000,180.76000000,180.87000000,113406.35100000,1753023599999999,20582004.92374000,49734,57150.75500000,10375009.03554000,0
1753023600000000,180.87000000,181.23000000,179.98000000,181.17000000,99048.92400000,1753025399999999,17888398.75518000,52373,42318.21500000,7646311.48104000,0
1753025400000000,181.17000000,182.03000000,181.00000000,181.96000000,78342.05600000,1753027199999999,14229243.20458000,43142,44080.11500000,8003798.93966000,0
1753027200000000,181.97000000,183.12000000,181.66000000,182.88000000,128855.33200000,1753028999999999,23493734.18059000,76222,64255.34100000,11718509.23987000,0
1753029000000000,182.88000000,183.25000000,181.89000000,182.10000000,106063.84600000,1753030799999999,19377050.36941000,77778,54403.38600000,9942798.41469000,0
1753030800000000,182.10000000,182.10000000,180.28000000,181.00000000,122919.30100000,1753032599999999,22256128.06157000,86124,50707.64600000,9185041.85234000,0
1753032600000000,181.00000000,181.56000000,180.33000000,180.58000000,82274.18500000,1753034399999999,14880545.97907000,58758,44126.74500000,7980820.31393000,0
1753034400000000,180.58000000,181.18000000,180.25000000,180.84000000,69326.21300000,1753036199999999,12521726.83891000,47266,39282.58600000,7094350.00908000,0
1753036200000000,180.83000000,182.60000000,180.28000000,182.25000000,68886.20400000,1753037999999999,12494307.31342000,43180,36402.69300000,6604704.57532000,0
1753038000000000,182.25000000,183.66000000,182.10000000,182.40000000,92077.51300000,1753039799999999,16837331.77545000,64108,55412.13900000,10135505.36381000,0
1753039800000000,182.41000000,182.43000000,181.67000000,181.99000000,91915.91500000,1753041599999999,16732358.79848000,49330,60083.88500000,10937671.24711000,0
1753041600000000,182.00000000,182.13000000,180.50000000,181.20000000,53308.30100000,1753043399999999,9650330.90756000,53274,25975.76500000,4701991.32150000,0
1753043400000000,181.20000000,182.26000000,181.09000000,181.24000000,29453.75700000,1753045199999999,5354264.15384000,21660,13687.48700000,2488842.71863000,0
1753045200000000,181.25000000,181.91000000,180.68000000,181.61000000,48775.88500000,1753046999999999,8837043.30878000,46953,21742.70900000,3940194.12998000,0
1753047000000000,181.61000000,182.34000000,181.32000000,182.32000000,41405.14400000,1753048799999999,7529583.32246000,24795,17583.45200000,3198819.93052000,0
1753048800000000,182.31000000,182.39000000,177.80000000,179.79000000,266525.75700000,1753050599999999,47783242.53635000,137966,106541.45700000,19095729.16983000,0
1753050600000000,179.79000000,180.99000000,179.18000000,180.50000000,82803.13900000,1753052399999999,14930376.05298000,71162,49370.33000000,8902346.79557000,0
1753052400000000,180.51000000,180.90000000,179.40000000,180.49000000,73157.32100000,1753054199999999,13173175.40860000,61336,38556.17000000,6941763.20640000,0
1753054200000000,180.49000000,181.66000000,180.24000000,181.43000000,50223.77500000,1753055999999999,9094077.55479000,51582,24474.97100000,4430570.74703000,0
1753056000000000,181.44000000,181.75000000,178.80000000,179.58000000,98964.22000000,1753057799999999,17821751.99957000,87588,37698.80100000,6790719.58776000,0
1753057800000000,179.59000000,180.23000000,178.40000000,180.23000000,88496.56300000,1753059599999999,15867523.63960000,65508,55595.73700000,9968471.78088000,0
1753059600000000,180.23000000,180.54000000,179.31000000,179.62000000,46027.07700000,1753061399999999,8278227.07281000,47359,23355.28400000,4200679.13162000,0
1753061400000000,179.63000000,180.30000000,178.25000000,180.09000000,43075.68600000,1753063199999999,7720288.14263000,50740,20023.87300000,3590947.14392000,0
1753063200000000,180.09000000,182.17000000,180.08000000,182.01000000,48869.24200000,1753064999999999,8852310.35233000,46040,28341.16000000,5135828.44874000,0
1753065000000000,182.01000000,184.61000000,181.62000000,184.35000000,188435.29400000,1753066799999999,34529845.65763000,84018,116944.58500000,21435507.19329000,0
1753066800000000,184.34000000,186.40000000,183.92000000,185.64000000,265587.35600000,1753068599999999,49271179.99138000,124198,142888.47100000,26503668.84487000,0
1753068600000000,185.64000000,187.04000000,185.54000000,186.71000000,159150.41000000,1753070399999999,29657091.87522000,74797,90619.42300000,16885244.84151000,0
1753070400000000,186.71000000,187.29000000,186.01000000,186.32000000,105261.51600000,1753072199999999,19632083.32113000,64661,61207.55500000,11415410.73724000,0
1753072200000000,186.32000000,186.77000000,185.75000000,185.76000000,53748.21600000,1753073999999999,10012057.90468000,45652,23170.17500000,4316421.09500000,0
1753074000000000,185.76000000,186.09000000,185.06000000,185.38000000,68049.25800000,1753075799999999,12615574.20659000,43404,40498.90500000,7506563.32117000,0
1753075800000000,185.38000000,188.97000000,185.30000000,188.30000000,177961.25600000,1753077599999999,33380706.90360000,88393,111046.52700000,20826994.76137000,0
1753077600000000,188.31000000,189.50000000,187.93000000,189.10000000,122286.17500000,1753079399999999,23086657.72399000,87977,69362.90100000,13097356.62640000,0
1753079400000000,189.11000000,189.77000000,188.46000000,189.26000000,131285.19100000,1753081199999999,24832476.19290000,79393,68656.05500000,12990284.14485000,0
1753081200000000,189.26000000,189.87000000,189.17000000,189.64000000,86457.70700000,1753082999999999,16383265.70033000,45205,39827.37900000,7547612.08741000,0
1753083000000000,189.64000000,191.08000000,189.42000000,190.07000000,150220.22600000,1753084799999999,28549986.44133000,58515,87245.94000000,16585391.75324000,0
1753084800000000,190.06000000,191.42000000,189.69000000,191.15000000,104442.76000000,1753086599999999,19911715.53166000,68370,57335.84800000,10932469.02364000,0
1753086600000000,191.15000000,192.00000000,189.69000000,190.82000000,163427.58300000,1753088399999999,31203256.18071000,96069,74104.82600000,14157037.00975000,0
1753088400000000,190.82000000,191.18000000,190.17000000,190.45000000,63580.19700000,1753090199999999,12117981.37551000,49428,28099.19600000,5356050.16259000,0
1753090200000000,190.45000000,191.76000000,190.03000000,191.59000000,108959.51000000,1753091999999999,20816869.18936000,73425,60052.83200000,11474889.64337000,0
1753092000000000,191.59000000,192.00000000,190.79000000,191.24000000,179403.89200000,1753093799999999,34339200.45253000,91026,65958.53300000,12626031.74759000,0
1753093800000000,191.25000000,191.72000000,190.81000000,191.22000000,167086.77500000,1753095599999999,31949751.60828000,86564,70690.16300000,13520850.48651000,0
1753095600000000,191.22000000,192.99000000,190.68000000,192.75000000,233306.72400000,1753097399999999,44715296.61821000,96213,99753.25400000,19125689.71723000,0
1753097400000000,192.75000000,192.75000000,191.07000000,191.40000000,148378.38400000,1753099199999999,28470171.04470000,83657,54493.36300000,10449124.23312000,0
1753099200000000,191.39000000,191.68000000,190.22000000,191.36000000,95375.62000000,1753100999999999,18198674.82445000,83116,40693.37200000,7766814.36922000,0
1753101000000000,191.37000000,191.90000000,190.60000000,191.55000000,50742.50100000,1753102799999999,9703769.24789000,46967,22735.06700000,4348410.29329000,0
1753102800000000,191.55000000,191.84000000,190.27000000,191.53000000,81472.44100000,1753104599999999,15564736.24382000,70169,41869.39500000,7999800.50650000,0
1753104600000000,191.52000000,193.42000000,191.41000000,192.44000000,211366.21900000,1753106399999999,40716145.97887000,90354,129173.73900000,24882192.70424000,0
1753106400000000,192.45000000,193.36000000,191.42000000,193.31000000,137733.71400000,1753108199999999,26545319.93219000,82083,60262.94400000,11616166.95650000,0
1753108200000000,193.32000000,195.34000000,193.10000000,195.29000000,257262.71200000,1753109999999999,50066570.33847000,131931,142215.08100000,27682488.62394000,0
1753110000000000,195.30000000,199.28000000,195.20000000,196.85000000,515741.71400000,1753111799999999,101816434.38256000,244326,281808.13800000,55633063.88812000,0
1753111800000000,196.86000000,198.18000000,195.12000000,196.79000000,293800.00300000,1753113599999999,57723734.38518000,158008,158702.21100000,31176338.59499000,0
1753113600000000,196.79000000,197.04000000,193.30000000,195.23000000,335968.07400000,1753115399999999,65412177.11207000,174472,176471.76100000,34350788.94743000,0
1753115400000000,195.23000000,196.34000000,194.30000000,195.15000000,173234.84600000,1753117199999999,33844848.64658000,104506,98016.58500000,19153428.94673000,0
1753117200000000,195.15000000,196.68000000,194.62000000,195.41000000,114113.62600000,1753118999999999,22338709.56671000,81664,73562.82300000,14400906.56266000,0
1753119000000000,195.41000000,196.47000000,194.47000000,196.12000000,114484.67000000,1753120799999999,22369891.60665000,92193,60586.27600000,11840279.69159000,0
1753120800000000,196.12000000,197.25000000,195.63000000,196.26000000,131183.79500000,1753122599999999,25753718.93053000,68175,86251.77000000,16933745.34965000,0
1753122600000000,196.25000000,196.45000000,193.45000000,193.80000000,175808.39900000,1753124399999999,34207340.12275000,95466,99098.14900000,19277754.52389000,0
1753124400000000,193.79000000,195.54000000,193.52000000,193.96000000,110323.79800000,1753126199999999,21489135.37483000,80726,56351.89100000,10975021.14499000,0
1753126200000000,193.96000000,194.79000000,193.01000000,194.63000000,150428.34900000,1753127999999999,29141235.95758000,116084,66711.54300000,12924556.87425000,0
1753128000000000,194.64000000,196.59000000,193.70000000,195.82000000,149916.52900000,1753129799999999,29291328.10239000,105335,94560.33600000,18481561.91092000,0
1753129800000000,195.83000000,196.37000000,193.82000000,193.91000000,92026.52300000,1753131599999999,17989671.39816000,62697,49846.37000000,9751999.87563000,0
1753131600000000,193.90000000,195.73000000,193.64000000,195.42000000,71202.06000000,1753133399999999,13868069.98626000,41412,43829.00400000,8537473.69509000,0
1753133400000000,195.42000000,196.63000000,194.66000000,196.14000000,50347.51000000,1753135199999999,9856484.25638000,33971,28683.48300000,5617622.24776000,0
1753135200000000,196.13000000,196.80000000,195.55000000,196.34000000,38424.33700000,1753136999999999,7543137.66559000,38758,21363.35800000,4194099.08272000,0
1753137000000000,196.34000000,197.78000000,196.26000000,197.31000000,53108.29100000,1753138799999999,10465849.58611000,37988,31067.66400000,6122636.74835000,0
1753138800000000,197.31000000,197.49000000,196.32000000,196.51000000,53936.62800000,1753140599999999,10608300.11448000,50329,26925.13600000,5295304.84647000,0
1753140600000000,196.52000000,196.95000000,195.56000000,195.72000000,35443.60200000,1753142399999999,6958449.56856000,36077,16382.96900000,3216557.17204000,0
1753142400000000,195.72000000,199.09000000,195.72000000,198.82000000,168940.98200000,1753144199999999,33403138.66603000,84175,111617.18600000,22072397.51626000,0
1753144200000000,198.82000000,198.83000000,196.52000000,197.67000000,133882.04800000,1753145999999999,26454131.39063000,102274,65690.62000000,12984796.67447000,0
1753146000000000,197.66000000,199.62000000,193.75000000,199.44000000,394799.88700000,1753147799999999,77713069.73967000,244226,191874.79000000,37865809.14230000,0
1753147800000000,199.43000000,202.47000000,198.74000000,202.09000000,541694.70800000,1753149599999999,108750030.79573000,237151,332104.20500000,66663091.89466000,0
1753149600000000,202.09000000,204.67000000,201.61000000,203.54000000,339315.20200000,1753151399999999,68939502.53475000,180306,191894.15200000,38988711.81485000,0
1753151400000000,203.55000000,204.40000000,201.01000000,201.95000000,267005.29800000,1753153199999999,54182801.14448000,152442,137382.32900000,27889535.82635000,0
1753153200000000,201.95000000,203.06000000,200.36000000,201.19000000,250903.37800000,1753154999999999,50604400.40578000,145015,132027.97100000,26633673.98675000,0
1753155000000000,201.18000000,201.65000000,197.44000000,200.09000000,338871.48400000,1753156799999999,67544909.37191000,193011,158980.85300000,31688550.84526000,0
1753156800000000,200.08000000,200.19000000,197.79000000,198.26000000,214975.60800000,1753158599999999,42742814.57821000,150228,102553.97100000,20397201.71000000,0
1753158600000000,198.26000000,199.88000000,194.10000000,194.28000000,389234.04600000,1753160399999999,76477704.24184000,195282,166254.79400000,32674353.32826000,0
1753160400000000,194.27000000,199.14000000,194.27000000,197.99000000,235262.62600000,1753162199999999,46344228.91530000,129408,133800.50200000,26360193.98648000,0
1753162200000000,197.99000000,198.40000000,195.54000000,196.58000000,140835.36500000,1753163999999999,27717412.84125000,111036,62541.64400000,12311824.17659000,0
1753164000000000,196.59000000,200.78000000,195.98000000,200.24000000,163042.68700000,1753165799999999,32394932.77340000,100548,108595.08000000,21582275.94516000,0
1753165800000000,200.25000000,200.51000000,198.36000000,199.03000000,132167.08300000,1753167599999999,26362494.42517000,96821,70102.04700000,13983744.90609000,0
1753167600000000,199.03000000,201.32000000,198.71000000,201.08000000,144860.27200000,1753169399999999,28986401.65418000,83351,89158.82000000,17840386.50167000,0
1753169400000000,201.09000000,201.24000000,197.41000000,198.10000000,122552.86300000,1753171199999999,24404680.28318000,76524,45925.56000000,9152789.88784000,0
1753171200000000,198.10000000,198.10000000,194.05000000,194.58000000,233829.55700000,1753172999999999,45816673.56695000,145706,93811.61500000,18384634.49830000,0
1753173000000000,194.58000000,197.10000000,194.42000000,196.98000000,102374.58100000,1753174799999999,20056696.42335000,72428,57919.73700000,11345317.94518000,0
1753174800000000,196.97000000,197.01000000,194.42000000,196.02000000,143272.89300000,1753176599999999,28004132.31809000,86068,58782.04200000,11494499.73432000,0
1753176600000000,196.02000000,199.15000000,196.02000000,197.26000000,229985.61400000,1753178399999999,45495966.51437000,125246,85827.95100000,16981130.13146000,0
1753178400000000,197.27000000,198.39000000,197.14000000,198.38000000,77779.68800000,1753180199999999,15382827.68486000,61239,36310.33200000,7182557.63205000,0
1753180200000000,198.38000000,199.11000000,198.11000000,199.11000000,86679.91800000,1753181999999999,17222448.06214000,54785,41951.71500000,8335716.86385000,0
1753182000000000,199.10000000,199.30000000,198.21000000,198.96000000,74217.56900000,1753183799999999,14755562.66834000,56193,32513.99500000,6464660.49319000,0
1753183800000000,198.97000000,200.15000000,197.63000000,199.91000000,99152.19200000,1753185599999999,19760101.48152000,72191,55303.94700000,11028887.84685000,0
1753185600000000,199.91000000,200.50000000,199.07000000,200.31000000,103936.64700000,1753187399999999,20778802.16924000,67863,55054.46800000,11008055.59379000,0
1753187400000000,200.30000000,203.81000000,199.37000000,203.09000000,280815.61800000,1753189199999999,56751120.25466000,120993,156843.08700000,31683263.64615000,0
1753189200000000,203.09000000,204.13000000,201.31000000,201.57000000,241963.33300000,1753190999999999,49074899.53483000,132360,110952.59600000,22515963.49608000,0
1753191000000000,201.57000000,202.53000000,198.19000000,199.06000000,407833.06900000,1753192799999999,81542866.76839000,218189,184301.59800000,36835377.01419000,0
1753192800000000,199.07000000,200.57000000,196.95000000,199.56000000,239910.50600000,1753194599999999,47742139.64439000,167774,116727.28500000,23245699.23780000,0
1753194600000000,199.55000000,202.27000000,199.33000000,202.18000000,126449.71200000,1753196399999999,25360069.13999000,95374,77069.54500000,15459396.98685000,0
1753196400000000,202.18000000,204.99000000,201.94000000,203.98000000,344796.45400000,1753198199999999,70261057.76672000,172561,200870.58300000,40934034.75934000,0
1753198200000000,203.97000000,204.00000000,201.21000000,201.83000000,170734.57600000,1753199999999999,34636931.49635000,113059,82700.67500000,16781885.52177000,0
1753200000000000,201.82000000,204.17000000,200.76000000,203.18000000,174185.52800000,1753201799999999,35295838.93739000,107313,101763.67100000,20635187.95503000,0
1753201800000000,203.17000000,204.24000000,202.65000000,203.76000000,110938.43400000,1753203599999999,22570502.49988000,84854,57458.62000000,11692077.76651000,0
1753203600000000,203.76000000,203.89000000,200.92000000,201.84000000,151196.20200000,1753205399999999,30567665.82512000,129400,61766.83100000,12489128.47635000,0
1753205400000000,201.84000000,203.13000000,200.78000000,202.86000000,91573.10000000,1753207199999999,18521123.69764000,106837,47433.81600000,9594881.25797000,0
1753207200000000,202.85000000,203.93000000,201.16000000,201.95000000,134399.93300000,1753208999999999,27217858.32881000,101196,70358.44300000,14249063.43798000,0
1753209000000000,201.95000000,203.86000000,201.29000000,202.53000000,140127.40700000,1753210799999999,28361442.53237000,105344,71848.67800000,14544809.95982000,0
1753210800000000,202.52000000,202.69000000,200.85000000,201.67000000,93045.01500000,1753212599999999,18765850.10593000,74809,42559.31700000,8585741.30792000,0
1753212600000000,201.67000000,201.68000000,198.39000000,198.92000000,125386.10800000,1753214399999999,25034086.71183000,99717,50520.45900000,10084939.28828000,0
1753214400000000,198.91000000,200.49000000,198.39000000,200.35000000,75579.43600000,1753216199999999,15093235.63027000,55897,43733.01400000,8735268.43239000,0
1753216200000000,200.35000000,201.36000000,200.09000000,200.65000000,53320.50500000,1753217999999999,10702988.84561000,37214,31877.49600000,6399744.20481000,0
1753218000000000,200.64000000,201.00000000,200.30000000,200.66000000,32211.65600000,1753219799999999,6464732.12083000,28649,13155.19600000,2640012.40261000,0
1753219800000000,200.67000000,202.17000000,199.83000000,201.44000000,90861.16400000,1753221599999999,18276101.08839000,36200,55951.54000000,11261113.73584000,0
1753221600000000,201.44000000,202.34000000,201.43000000,202.02000000,41112.31600000,1753223399999999,8302355.49802000,39380,19653.29300000,3969497.07629000,0
1753223400000000,202.02000000,202.88000000,201.57000000,201.95000000,50864.36900000,1753225199999999,10293877.37473000,35323,18731.70900000,3791477.42762000,0
1753225200000000,201.95000000,204.47000000,201.93000000,204.06000000,106668.93800000,1753226999999999,21708073.37837000,42148,75172.36900000,15297773.02036000,0
1753227000000000,204.06000000,206.30000000,203.76000000,205.70000000,222081.59800000,1753228799999999,45545395.33064000,89975,126378.98600000,25914789.60614000,0
1753228800000000,205.70000000,205.75000000,203.36000000,203.65000000,118185.73100000,1753230599999999,24187353.36931000,64553,49007.79400000,10030804.67895000,0
1753230600000000,203.64000000,205.14000000,203.59000000,204.29000000,84522.10900000,1753232399999999,17283755.18221000,53034,45735.82900000,9354009.09756000,0
1753232400000000,204.30000000,204.30000000,202.64000000,203.28000000,86659.12700000,1753234199999999,17619833.00240000,51652,27736.16100000,5638844.56394000,0
1753234200000000,203.29000000,204.52000000,202.69000000,203.05000000,81592.24600000,1753235999999999,16625148.84677000,43257,36897.08700000,7519492.87463000,0
1753236000000000,203.05000000,203.39000000,202.22000000,203.11000000,64512.44900000,1753237799999999,13085899.06604000,54049,28210.58800000,5723192.32502000,0
1753237800000000,203.11000000,203.16000000,201.61000000,202.34000000,79572.23200000,1753239599999999,16093966.90839000,53702,28312.70900000,5725641.30841000,0
1753239600000000,202.34000000,202.75000000,201.69000000,201.90000000,70638.60300000,1753241399999999,14274680.96018000,37501,39006.80500000,7879203.41483000,0
1753241400000000,201.91000000,202.51000000,200.99000000,201.39000000,56109.24800000,1753243199999999,11309034.96916000,38594,17286.41600000,3484977.01128000,0
1753243200000000,201.40000000,202.26000000,201.00000000,202.14000000,46830.18100000,1753244999999999,9444861.38781000,39677,24452.95900000,4931965.66084000,0
1753245000000000,202.14000000,202.15000000,201.09000000,201.65000000,53193.92400000,1753246799999999,10723889.34373000,29174,25268.49900000,5092933.70050000,0
1753246800000000,201.65000000,201.74000000,200.83000000,201.14000000,55103.32100000,1753248599999999,11088658.81721000,39425,20445.33300000,4115366.84907000,0
1753248600000000,201.14000000,202.01000000,201.01000000,201.58000000,42293.97500000,1753250399999999,8522048.63597000,34207,21977.70200000,4429093.04319000,0
1753250400000000,201.58000000,201.93000000,200.20000000,200.96000000,56458.83000000,1753252199999999,11355938.92432000,54465,19941.77300000,4013623.83684000,0
1753252200000000,200.96000000,201.01000000,199.74000000,200.62000000,70268.34000000,1753253999999999,14070189.22719000,48730,24873.19200000,4982581.53123000,0
1753254000000000,200.61000000,201.04000000,199.71000000,200.87000000,43303.06900000,1753255799999999,8683991.93815000,42589,16359.65300000,3281427.28035000,0
1753255800000000,200.86000000,201.14000000,198.88000000,199.46000000,79077.72500000,1753257599999999,15777516.35933000,56606,22002.79900000,4389391.93748000,0
1753257600000000,199.47000000,199.79000000,198.71000000,199.52000000,67025.40500000,1753259399999999,13356793.06235000,42358,32317.27800000,6442346.70885000,0
1753259400000000,199.53000000,199.83000000,198.71000000,199.83000000,38854.01100000,1753261199999999,7737654.14872000,34678,18831.31600000,3750934.72952000,0
1753261200000000,199.83000000,200.00000000,198.21000000,198.21000000,50847.69400000,1753262999999999,10116243.83585000,39260,18148.10000000,3616540.20686000,0
1753263000000000,198.21000000,198.56000000,197.51000000,197.66000000,97706.92000000,1753264799999999,19350729.06113000,56392,31545.08500000,6246929.95677000,0
1753264800000000,197.66000000,197.80000000,195.86000000,197.05000000,171700.94900000,1753266599999999,33783673.55057000,80273,71192.05500000,14002378.92576000,0
1753266600000000,197.04000000,198.03000000,196.88000000,197.94000000,43643.09000000,1753268399999999,8622118.70767000,40659,24247.55800000,4790913.95498000,0
1753268400000000,197.94000000,198.20000000,196.92000000,197.95000000,53434.47000000,1753270199999999,10560635.96750000,46282,25261.40100000,4993442.05209000,0
1753270200000000,197.95000000,198.00000000,196.96000000,197.42000000,49890.18100000,1753271999999999,9850381.54281000,32218,17623.43500000,3479671.17405000,0
1753272000000000,197.41000000,197.57000000,196.37000000,196.91000000,63988.26000000,1753273799999999,12602218.24760000,48555,30501.03100000,6007601.26119000,0
1753273800000000,196.91000000,197.13000000,193.68000000,194.17000000,221981.59500000,1753275599999999,43293862.97289000,115648,68368.01800000,13328811.19579000,0
1753275600000000,194.16000000,194.89000000,191.69000000,193.93000000,264164.92800000,1753277399999999,51101297.61572000,155637,114889.17600000,22221735.71368000,0
1753277400000000,193.94000000,194.36000000,187.61000000,189.18000000,723613.74500000,1753279199999999,137366098.93752000,300776,316360.62700000,60062623.07410000,0
1753279200000000,189.18000000,192.36000000,188.69000000,192.13000000,272249.96900000,1753280999999999,51964573.55858000,144888,132178.13200000,25242110.08146000,0
1753281000000000,192.14000000,192.18000000,189.82000000,191.61000000,165122.74300000,1753282799999999,31538394.08245000,116696,70499.11700000,13466674.81324000,0
1753282800000000,191.60000000,191.92000000,189.65000000,190.72000000,121726.71500000,1753284599999999,23200031.41798000,95694,51860.25800000,9883852.76014000,0
1753284600000000,190.72000000,192.79000000,190.56000000,192.72000000,91733.83500000,1753286399999999,17583859.67826000,83343,50189.35300000,9623172.94369000,0
1753286400000000,192.72000000,192.75000000,190.31000000,191.05000000,123923.64400000,1753288199999999,23744433.99148000,89478,51997.37900000,9960880.79441000,0
1753288200000000,191.05000000,191.08000000,188.02000000,188.26000000,214384.16100000,1753289999999999,40614710.46460000,119843,70485.32400000,13352061.79918000,0
1753290000000000,188.26000000,189.29000000,186.01000000,187.18000000,289511.82400000,1753291799999999,54251281.17191000,173196,121995.82200000,22859129.99721000,0
1753291800000000,187.18000000,189.06000000,186.78000000,188.70000000,88396.57900000,1753293599999999,16632616.57784000,88544,48377.83100000,9102383.20183000,0
1753293600000000,188.70000000,190.05000000,188.19000000,189.27000000,110312.26000000,1753295399999999,20871341.49588000,82925,56682.32000000,10726426.68452000,0
1753295400000000,189.27000000,190.30000000,188.92000000,190.22000000,52900.85900000,1753297199999999,10036589.39529000,51847,28960.16800000,5494414.08116000,0
1753297200000000,190.21000000,190.26000000,188.57000000,188.89000000,59005.11000000,1753298999999999,11180659.09996000,48454,31933.60300000,6051217.78343000,0
1753299000000000,188.89000000,189.90000000,188.03000000,188.08000000,78702.30300000,1753300799999999,14860118.21337000,61868,41476.12900000,7831040.79075000,0
1753300800000000,188.09000000,189.76000000,186.39000000,186.94000000,129353.27200000,1753302599999999,24332829.82404000,108917,62767.37500000,11808765.43891000,0
1753302600000000,186.94000000,187.09000000,184.44000000,186.78000000,288044.44100000,1753304399999999,53494937.66270000,163167,129647.86400000,24074767.22796000,0
1753304400000000,186.78000000,187.61000000,183.97000000,185.27000000,168774.29700000,1753306199999999,31357959.99611000,106712,72060.04900000,13390709.38530000,0
1753306200000000,185.27000000,188.25000000,184.25000000,187.94000000,138335.79400000,1753307999999999,25793644.30481000,77530,71722.62000000,13380766.92643000,0
1753308000000000,187.94000000,189.33000000,186.49000000,189.26000000,104622.21300000,1753309799999999,19686053.53881000,72937,63744.60500000,11998915.79086000,0
1753309800000000,189.25000000,189.69000000,188.84000000,189.08000000,43586.79100000,1753311599999999,8248450.36088000,32097,25588.77500000,4842610.86625000,0
1753311600000000,189.07000000,190.04000000,188.87000000,189.62000000,47623.61100000,1753313399999999,9030175.22024000,32653,26608.67500000,5045786.41514000,0
1753313400000000,189.63000000,189.78000000,189.17000000,189.40000000,24654.72000000,1753315199999999,4671073.81771000,27110,12155.96300000,2303192.49725000,0
1753315200000000,189.40000000,190.92000000,188.48000000,190.82000000,103294.38800000,1753316999999999,19616320.81810000,60818,54654.33000000,10394790.06783000,0
1753317000000000,190.81000000,190.99000000,190.19000000,190.95000000,84651.66800000,1753318799999999,16134493.55378000,43302,43591.87400000,8308820.32482000,0
1753318800000000,190.95000000,190.96000000,190.04000000,190.24000000,53051.55500000,1753320599999999,10105209.09529000,37839,30278.38300000,5767541.78967000,0
1753320600000000,190.24000000,191.57000000,189.25000000,191.54000000,63251.31700000,1753322399999999,12041060.88454000,41580,31084.91000000,5923588.95500000,0
1753322400000000,191.53000000,191.65000000,190.38000000,190.46000000,60338.89800000,1753324199999999,11528300.10087000,38102,25463.54500000,4864003.05287000,0
1753324200000000,190.46000000,191.60000000,190.38000000,191.14000000,43931.52400000,1753325999999999,8389764.80893000,34305,26870.13300000,5130886.43892000,0
1753326000000000,191.14000000,191.87000000,190.65000000,191.72000000,38742.82100000,1753327799999999,7410635.11512000,30104,21807.76300000,4172331.00706000,0
1753327800000000,191.73000000,191.73000000,189.62000000,189.85000000,58094.47800000,1753329599999999,11080773.35822000,46233,20004.13900000,3817755.95313000,0
1753329600000000,189.85000000,190.12000000,188.22000000,188.25000000,63680.88200000,1753331399999999,12047674.85203000,49234,25663.03000000,4858470.12598000,0
1753331400000000,188.26000000,188.46000000,185.33000000,186.05000000,115400.00100000,1753333199999999,21540788.22568000,89439,44718.68400000,8349151.15942000,0
1753333200000000,186.04000000,186.20000000,183.82000000,184.61000000,140534.08400000,1753334999999999,25994128.47823000,105509,52278.64500000,9672738.64630000,0
1753335000000000,184.61000000,185.82000000,181.29000000,181.87000000,302631.63700000,1753336799999999,55520928.03819000,136288,124389.70100000,22828659.52836000,0
1753336800000000,181.88000000,184.12000000,181.62000000,183.84000000,142886.14100000,1753338599999999,26143557.12816000,103721,66632.00400000,12195386.11288000,0
1753338600000000,183.85000000,184.03000000,179.87000000,181.08000000,219725.48200000,1753340399999999,39838355.91161000,152063,80648.98100000,14643423.07782000,0
1753340400000000,181.08000000,183.68000000,179.21000000,183.36000000,215850.51800000,1753342199999999,39225096.67591000,129765,122436.96100000,22278078.63820000,0
1753342200000000,183.35000000,184.33000000,182.34000000,184.21000000,71902.13500000,1753343999999999,13164467.13727000,74582,37213.96000000,6817303.24400000,0
1753344000000000,184.20000000,185.81000000,183.27000000,185.00000000,105679.28400000,1753345799999999,19532291.93897000,82604,55904.19500000,10329846.79460000,0
1753345800000000,185.00000000,186.36000000,185.00000000,186.04000000,138730.71600000,1753347599999999,25782479.06388000,66158,90262.41800000,16770150.12746000,0
1753347600000000,186.03000000,186.46000000,185.02000000,185.45000000,73370.69500000,1753349399999999,13636023.25476000,59125,33951.45100000,6313681.94480000,0
1753349400000000,185.45000000,186.23000000,184.44000000,185.21000000,80540.44000000,1753351199999999,14925541.33645000,58042,36094.38100000,6689077.86282000,0
1753351200000000,185.22000000,186.28000000,183.56000000,183.69000000,106648.33700000,1753352999999999,19685824.65292000,65304,40182.75900000,7422390.11431000,0
1753353000000000,183.69000000,185.07000000,182.92000000,184.89000000,67483.98000000,1753354799999999,12411365.89122000,61412,31500.99200000,5795009.33226000,0
1753354800000000,184.90000000,186.28000000,184.89000000,185.85000000,59217.00000000,1753356599999999,10991953.68476000,58588,32685.11500000,6065771.33837000,0
1753356600000000,185.86000000,186.92000000,185.53000000,186.40000000,47923.50600000,1753358399999999,8934319.31854000,43704,29878.23200000,5570768.17295000,0
1753358400000000,186.41000000,186.86000000,185.00000000,186.26000000,72313.85900000,1753360199999999,13449597.31799000,63287,27154.95400000,5052125.00329000,0
1753360200000000,186.26000000,186.28000000,184.62000000,186.01000000,90109.71000000,1753361999999999,16703198.58476000,70846,32327.04200000,5992912.61808000,0
1753362000000000,186.01000000,186.69000000,185.54000000,186.46000000,61777.43300000,1753363799999999,11502225.46306000,59981,39759.59600000,7402982.43101000,0
1753363800000000,186.46000000,187.41000000,184.27000000,184.57000000,124979.29100000,1753365599999999,23236044.91370000,116763,56940.24600000,10596892.64833000,0
1753365600000000,184.57000000,185.62000000,183.36000000,185.25000000,83947.00900000,1753367399999999,15487494.17372000,96458,41522.47400000,7660466.94892000,0
1753367400000000,185.26000000,190.04000000,185.17000000,189.52000000,281444.12600000,1753369199999999,52915174.62616000,115332,166572.71600000,31323874.68655000,0
1753369200000000,189.52000000,191.76000000,188.39000000,189.05000000,283022.88000000,1753370999999999,53841408.17856000,167276,136239.60700000,25916747.76528000,0
1753371000000000,189.06000000,189.31000000,187.55000000,188.53000000,135863.15300000,1753372799999999,25585191.99511000,106635,64909.84200000,12221536.15041000,0
1753372800000000,188.54000000,188.86000000,185.87000000,185.92000000,136111.00100000,1753374599999999,25520464.69433000,114042,49426.39400000,9268457.15974000,0
1753374600000000,185.92000000,186.49000000,184.85000000,185.82000000,152149.55000000,1753376399999999,28237532.79431000,99785,71683.01100000,13306954.23421000,0
1753376400000000,185.82000000,188.83000000,185.70000000,188.05000000,119742.72200000,1753378199999999,22444534.49356000,66614,65773.14400000,12333314.18158000,0
1753378200000000,188.05000000,189.60000000,188.05000000,188.78000000,97030.25600000,1753379999999999,18318877.47165000,64187,61760.64300000,11660894.55924000,0
1753380000000000,188.78000000,189.83000000,187.77000000,189.54000000,115816.70200000,1753381799999999,21889505.81544000,85131,65452.79200000,12370995.63115000,0
1753381800000000,189.54000000,189.92000000,188.49000000,189.24000000,68044.36600000,1753383599999999,12868656.28409000,67997,37201.24000000,7036578.55786000,0
1753383600000000,189.25000000,190.04000000,188.75000000,189.11000000,70063.13300000,1753385399999999,13273808.40831000,57955,37257.98600000,7060883.74419000,0
1753385400000000,189.10000000,189.17000000,187.87000000,187.99000000,62938.76600000,1753387199999999,11854935.62158000,54752,23953.18100000,4512196.39538000,0
1753387200000000,187.99000000,188.60000000,187.57000000,188.55000000,48784.66200000,1753388999999999,9173450.53960000,44393,22962.89700000,4317802.33703000,0
1753389000000000,188.54000000,189.06000000,188.09000000,188.86000000,52119.84600000,1753390799999999,9835700.11377000,35453,20896.98100000,3943157.99637000,0
1753390800000000,188.85000000,188.89000000,186.90000000,187.15000000,61291.03100000,1753392599999999,11505429.67012000,40695,28115.73200000,5280542.58047000,0
1753392600000000,187.15000000,187.27000000,185.58000000,185.58000000,89642.44900000,1753394399999999,16717117.33015000,40720,30286.96800000,5647605.68397000,0
1753394400000000,185.59000000,185.87000000,183.45000000,184.65000000,226953.04800000,1753396199999999,41859579.78154000,91113,84638.37900000,15614614.83764000,0
1753396200000000,184.65000000,184.67000000,183.41000000,183.72000000,87993.26500000,1753397999999999,16195071.48965000,51036,31179.80400000,5738331.62466000,0
1753398000000000,183.72000000,183.72000000,182.28000000,183.00000000,126615.23300000,1753399799999999,23172744.75376000,72646,43927.37900000,8040240.74555000,0
1753399800000000,183.01000000,183.34000000,182.01000000,182.87000000,110749.89300000,1753401599999999,20232936.34978000,69582,42570.49900000,7777701.81306000,0
1753401600000000,182.88000000,183.16000000,181.33000000,182.06000000,105244.27000000,1753403399999999,19156671.48260000,86111,40287.82600000,7336327.80470000,0
1753403400000000,182.06000000,182.15000000,180.57000000,181.92000000,84352.21900000,1753405199999999,15296550.31189000,69102,35324.88900000,6409747.59125000,0
1753405200000000,181.93000000,182.43000000,180.75000000,182.01000000,113952.60800000,1753406999999999,20695654.94610000,57337,41048.85600000,7461083.18278000,0
1753407000000000,182.01000000,183.54000000,181.64000000,182.95000000,97922.87600000,1753408799999999,17885115.72010000,66234,63568.08200000,11611688.06276000,0
1753408800000000,182.95000000,183.49000000,181.90000000,182.35000000,80969.24100000,1753410599999999,14785315.77343000,49122,50917.49500000,9296683.64890000,0
1753410600000000,182.35000000,182.73000000,178.26000000,178.82000000,216947.80000000,1753412399999999,39063695.10581000,121699,82408.03400000,14849151.71610000,0
1753412400000000,178.82000000,179.78000000,177.77000000,177.97000000,167660.68400000,1753414199999999,29977410.87365000,118806,78405.82000000,14024573.08084000,0
1753414200000000,177.97000000,178.05000000,175.63000000,177.71000000,223416.00500000,1753415999999999,39517795.84677000,154443,105418.56700000,18658229.15274000,0
1753416000000000,177.72000000,177.98000000,176.07000000,177.40000000,112741.71500000,1753417799999999,19968909.58765000,110293,62133.18500000,11004794.30528000,0
1753417800000000,177.40000000,179.66000000,177.37000000,179.49000000,131469.99900000,1753419599999999,23502793.11445000,77833,79739.21000000,14256012.27537000,0
1753419600000000,179.49000000,179.78000000,177.95000000,178.90000000,98119.78900000,1753421399999999,17554316.89538000,75282,46302.76000000,8285860.46704000,0
1753421400000000,178.89000000,179.16000000,178.16000000,178.71000000,48020.67800000,1753423199999999,8580306.47167000,47941,28195.26900000,5038139.11086000,0
1753423200000000,178.72000000,178.80000000,177.28000000,177.75000000,57300.04200000,1753424999999999,10199946.95553000,48963,21547.74000000,3836156.62966000,0
1753425000000000,177.76000000,178.93000000,177.39000000,178.12000000,45117.17100000,1753426799999999,8045980.07551000,45503,22858.54500000,4077731.58355000,0
1753426800000000,178.12000000,178.87000000,176.72000000,177.37000000,145665.43400000,1753428599999999,25892415.27895000,79777,102699.98600000,18257837.46665000,0
1753428600000000,177.36000000,177.92000000,175.91000000,177.51000000,110721.45200000,1753430399999999,19568840.37394000,56337,53229.87100000,9410854.55934000,0
1753430400000000,177.51000000,179.35000000,177.03000000,178.81000000,112707.44200000,1753432199999999,20088670.12512000,66231,61885.16700000,11034375.96916000,0
1753432200000000,178.82000000,178.87000000,176.86000000,177.84000000,93237.88100000,1753433999999999,16577283.11512000,81068,50489.01200000,8977935.61737000,0
1753434000000000,177.85000000,179.90000000,177.40000000,179.83000000,96137.46000000,1753435799999999,17160433.38448000,84989,51241.01700000,9154610.21726000,0
1753435800000000,179.83000000,180.91000000,178.96000000,180.81000000,164623.60300000,1753437599999999,29642572.92351000,104468,76949.53300000,13862202.54869000,0
1753437600000000,180.81000000,181.67000000,179.73000000,179.80000000,133381.40600000,1753439399999999,24099881.12042000,88169,74620.91800000,13484763.26791000,0
1753439400000000,179.81000000,181.00000000,179.81000000,180.74000000,64272.37900000,1753441199999999,11606002.95670000,52242,30786.79100000,5559286.72659000,0
1753441200000000,180.73000000,182.07000000,180.73000000,181.82000000,88268.29500000,1753442999999999,16006547.16651000,55533,50470.72600000,9156765.61553000,0
1753443000000000,181.82000000,182.08000000,180.84000000,181.12000000,65874.15400000,1753444799999999,11948128.96437000,65326,26973.22400000,4892062.67109000,0
1753444800000000,181.12000000,181.89000000,180.09000000,180.28000000,73072.78900000,1753446599999999,13230286.83672000,69295,30821.04100000,5580422.61587000,0
1753446600000000,180.28000000,181.58000000,179.98000000,180.77000000,55152.35700000,1753448399999999,9967398.64194000,52481,27220.14000000,4921406.85174000,0
1753448400000000,180.78000000,181.11000000,180.10000000,180.61000000,35088.17800000,1753450199999999,6338491.75448000,45603,16739.50700000,3024355.90884000,0
1753450200000000,180.61000000,181.46000000,179.55000000,181.15000000,89886.52400000,1753451999999999,16211894.44116000,95214,47086.34800000,8495725.37500000,0
1753452000000000,181.15000000,181.36000000,178.28000000,178.53000000,101372.14300000,1753453799999999,18210693.75213000,92244,49732.95000000,8939794.94433000,0
1753453800000000,178.52000000,178.92000000,176.33000000,176.59000000,243227.64500000,1753455599999999,43184360.12389000,135935,111742.09800000,19843197.91327000,0
1753455600000000,176.59000000,178.61000000,176.40000000,177.96000000,93732.56500000,1753457399999999,16660502.10438000,91224,46708.53300000,8302221.32481000,0
1753457400000000,177.96000000,178.45000000,176.24000000,178.20000000,104645.06200000,1753459199999999,18549212.01830000,90785,47690.53600000,8459002.07149000,0
1753459200000000,178.19000000,179.14000000,177.47000000,178.36000000,96847.51100000,1753460999999999,17271854.73959000,75582,54984.39300000,9805398.86803000,0
1753461000000000,178.36000000,179.97000000,177.68000000,179.71000000,69339.92100000,1753462799999999,12397975.60329000,70881,35566.61700000,6363910.47256000,0
1753462800000000,179.70000000,180.52000000,179.37000000,180.40000000,106743.20500000,1753464599999999,19207944.50071000,62604,59733.39500000,10749206.48586000,0
1753464600000000,180.40000000,181.07000000,179.76000000,180.69000000,62098.51800000,1753466399999999,11215874.72408000,52576,34659.19800000,6260095.12568000,0
1753466400000000,180.69000000,182.08000000,180.67000000,181.85000000,82098.75100000,1753468199999999,14897334.41119000,45637,45662.66200000,8288358.22860000,0
1753468200000000,181.85000000,182.72000000,181.42000000,182.33000000,61878.92000000,1753469999999999,11279663.88475000,41817,28377.52100000,5173309.23177000,0
1753470000000000,182.33000000,182.53000000,181.76000000,182.04000000,62289.61600000,1753471799999999,11350086.54976000,41779,24887.92500000,4534624.81207000,0
1753471800000000,182.05000000,182.84000000,182.03000000,182.17000000,77074.49700000,1753473599999999,14069498.48497000,40079,35967.30000000,6564378.54460000,0
1753473600000000,182.16000000,183.47000000,182.08000000,183.47000000,55056.92400000,1753475399999999,10060062.69608000,29468,30863.67000000,5642518.22777000,0
1753475400000000,183.46000000,184.50000000,183.08000000,183.79000000,72538.00700000,1753477199999999,13347098.46177000,50648,40742.49400000,7497446.62416000,0
1753477200000000,183.79000000,185.30000000,183.79000000,184.77000000,55756.34800000,1753478999999999,10302241.64320000,38934,37083.11800000,6852718.34357000,0
1753479000000000,184.78000000,185.06000000,184.09000000,185.06000000,41650.58200000,1753480799999999,7685564.20330000,26783,18059.56700000,3332453.65867000,0
1753480800000000,185.06000000,185.80000000,185.00000000,185.57000000,45550.29100000,1753482599999999,8443000.24330000,36457,25347.75300000,4698064.01677000,0
1753482600000000,185.56000000,186.20000000,185.44000000,186.09000000,40696.90800000,1753484399999999,7566093.85252000,24702,22734.90000000,4227561.09844000,0
1753484400000000,186.09000000,186.19000000,185.59000000,185.88000000,32344.13300000,1753486199999999,6013302.74340000,21104,9687.73000000,1801406.32444000,0
1753486200000000,185.88000000,186.85000000,185.71000000,186.76000000,65044.44200000,1753487999999999,12127705.31352000,22615,32605.44100000,6079908.16172000,0
1753488000000000,186.75000000,186.93000000,185.84000000,186.38000000,45807.52900000,1753489799999999,8541031.15060000,32006,21134.81000000,3941715.69751000,0
1753489800000000,186.38000000,186.58000000,185.67000000,185.88000000,33522.43400000,1753491599999999,6240087.76370000,24896,17613.25600000,3280042.75667000,0
1753491600000000,185.88000000,186.09000000,185.52000000,185.54000000,32247.84200000,1753493399999999,5990801.42788000,20087,14964.45600000,2780700.41730000,0
1753493400000000,185.53000000,185.63000000,184.48000000,184.48000000,47351.70100000,1753495199999999,8762698.10692000,24129,15931.48600000,2948580.81056000,0
1753495200000000,184.48000000,186.22000000,184.48000000,186.14000000,59637.11400000,1753496999999999,11050738.26924000,26996,37920.64100000,7027186.03014000,0
1753497000000000,186.13000000,186.85000000,186.08000000,186.52000000,58049.30900000,1753498799999999,10824516.80733000,38226,30797.02300000,5742838.89895000,0
1753498800000000,186.52000000,186.65000000,185.66000000,185.72000000,50580.57000000,1753500599999999,9408453.94629000,21808,27710.42300000,5153648.02793000,0
1753500600000000,185.73000000,186.34000000,185.68000000,185.97000000,24338.10500000,1753502399999999,4526835.05375000,20173,13058.96200000,2428680.75086000,0
1753502400000000,185.97000000,186.44000000,185.69000000,186.14000000,24885.91100000,1753504199999999,4631648.57078000,21099,11026.17200000,2052421.21353000,0
1753504200000000,186.14000000,186.30000000,185.79000000,185.96000000,24446.83300000,1753505999999999,4549610.97508000,14917,11158.20500000,2076507.77869000,0
1753506000000000,185.97000000,186.71000000,185.63000000,186.69000000,26593.82200000,1753507799999999,4947914.39034000,19272,13832.22000000,2574314.63385000,0
1753507800000000,186.70000000,187.14000000,186.36000000,186.71000000,36450.90000000,1753509599999999,6807087.23776000,19753,19190.67000000,3584724.25444000,0
1753509600000000,186.71000000,186.75000000,186.02000000,186.30000000,23632.16900000,1753511399999999,4405794.12304000,18303,10943.39700000,2040538.88914000,0
1753511400000000,186.30000000,186.33000000,185.88000000,186.08000000,35768.03100000,1753513199999999,6656472.81910000,18398,7239.46300000,1347258.85982000,0
1753513200000000,186.08000000,186.86000000,186.06000000,186.52000000,19761.67000000,1753514999999999,3684230.96946000,17677,11627.21400000,2167676.77918000,0
1753515000000000,186.52000000,186.70000000,186.14000000,186.43000000,18549.54800000,1753516799999999,3458726.70234000,19556,7685.26000000,1432975.27680000,0
1753516800000000,186.43000000,187.26000000,186.42000000,187.20000000,29930.25600000,1753518599999999,5593456.44909000,22022,16434.21400000,3071608.78817000,0
1753518600000000,187.21000000,188.00000000,187.01000000,188.00000000,31111.94700000,1753520399999999,5834584.14968000,22183,18217.54300000,3415937.43985000,0
1753520400000000,188.00000000,188.84000000,187.48000000,188.09000000,75693.76100000,1753522199999999,14244616.69521000,42228,41624.53500000,7834353.99425000,0
1753522200000000,188.09000000,189.18000000,187.88000000,188.98000000,61545.90600000,1753523999999999,11606560.02648000,31913,30219.36300000,5698216.05571000,0
1753524000000000,188.99000000,189.78000000,188.89000000,188.93000000,72690.13400000,1753525799999999,13758034.55345000,39024,46730.59200000,8844058.56086000,0
1753525800000000,188.93000000,189.41000000,188.16000000,188.24000000,43801.54800000,1753527599999999,8272431.76385000,34865,17608.02600000,3327469.38948000,0
1753527600000000,188.24000000,188.55000000,187.49000000,187.67000000,50158.60000000,1753529399999999,9431503.91277000,32153,23139.65300000,4352128.79317000,0
1753529400000000,187.67000000,188.18000000,187.29000000,187.74000000,61978.60400000,1753531199999999,11634466.85039000,33794,34222.44000000,6425202.50146000,0
1753531200000000,187.75000000,188.48000000,187.27000000,188.13000000,39679.35700000,1753532999999999,7455876.07977000,30198,22011.95300000,4136605.96747000,0
1753533000000000,188.12000000,188.27000000,187.74000000,187.92000000,24223.05500000,1753534799999999,4554509.09265000,17628,14030.59200000,2638218.60687000,0
1753534800000000,187.92000000,188.05000000,187.27000000,187.40000000,39578.35200000,1753536599999999,7423260.28051000,24244,18004.55000000,3376945.34486000,0
1753536600000000,187.39000000,188.21000000,187.39000000,187.55000000,42292.85100000,1753538399999999,7941183.68102000,20476,24895.91900000,4676022.75067000,0
1753538400000000,187.55000000,187.91000000,186.83000000,187.06000000,36525.56500000,1753540199999999,6840409.34019000,28013,11928.65600000,2235575.58299000,0
1753540200000000,187.07000000,187.45000000,186.24000000,186.41000000,53310.12400000,1753541999999999,9963100.22159000,34312,20644.76600000,3858566.89667000,0
1753542000000000,186.41000000,187.06000000,186.05000000,187.01000000,46685.61400000,1753543799999999,8711583.94495000,34538,21747.71200000,4060177.83624000,0
1753543800000000,187.02000000,187.70000000,186.87000000,187.52000000,24748.46400000,1753545599999999,4634290.90657000,28348,13327.35400000,2495844.55610000,0
1753545600000000,187.53000000,187.80000000,186.77000000,187.29000000,27614.58000000,1753547399999999,5171460.90065000,28597,13441.02800000,2517534.30652000,0
1753547400000000,187.29000000,187.50000000,186.47000000,186.83000000,38471.31000000,1753549199999999,7192270.53028000,30667,16188.08500000,3026447.47318000,0
1753549200000000,186.83000000,186.90000000,185.69000000,186.15000000,49138.48300000,1753550999999999,9146241.43185000,30312,16622.28700000,3094594.80989000,0
1753551000000000,186.15000000,186.15000000,185.36000000,185.63000000,28886.41900000,1753552799999999,5362383.28110000,21123,12098.76100000,2246163.16464000,0
1753552800000000,185.63000000,186.02000000,185.06000000,186.02000000,25922.67100000,1753554599999999,4812375.32536000,24996,12061.53900000,2239458.93787000,0
1753554600000000,186.01000000,186.39000000,185.85000000,186.00000000,22440.41100000,1753556399999999,4177330.03805000,18893,10444.79900000,1944485.76952000,0
1753556400000000,185.99000000,186.49000000,185.82000000,185.92000000,18526.67600000,1753558199999999,3448036.02564000,16709,9058.61900000,1685913.59682000,0
1753558200000000,185.93000000,186.64000000,185.82000000,186.45000000,21332.78300000,1753559999999999,3974287.03985000,18827,10377.08500000,1933502.27570000,0
1753560000000000,186.44000000,186.49000000,185.32000000,185.40000000,34109.97000000,1753561799999999,6339992.00800000,21709,8421.07700000,1564721.00953000,0
1753561800000000,185.41000000,186.15000000,185.35000000,185.91000000,18096.42200000,1753563599999999,3364540.30302000,11734,5925.50300000,1101603.53079000,0
1753563600000000,185.90000000,185.91000000,185.41000000,185.73000000,20519.85000000,1753565399999999,3810057.89532000,13743,8083.69400000,1500708.28300000,0
1753565400000000,185.73000000,186.46000000,185.73000000,186.36000000,18410.48800000,1753567199999999,3425928.99128000,12023,8729.09500000,1624412.47297000,0
1753567200000000,186.37000000,186.76000000,185.58000000,185.58000000,52555.56600000,1753568999999999,9790557.73185000,37551,21961.88900000,4091854.80398000,0
1753569000000000,185.57000000,185.74000000,184.86000000,185.09000000,38175.43900000,1753570799999999,7071476.77301000,32414,12413.41000000,2299524.54753000,0
1753570800000000,185.08000000,185.09000000,184.29000000,184.90000000,43442.86500000,1753572599999999,8024228.10796000,27680,10918.27300000,2016997.64342000,0
1753572600000000,184.89000000,185.02000000,184.58000000,184.88000000,20232.31600000,1753574399999999,3738166.98692000,17383,5895.41600000,1089213.83398000,0
1753574400000000,184.89000000,185.36000000,184.53000000,185.36000000,18613.95500000,1753576199999999,3442100.21029000,20173,10451.98500000,1933172.14971000,0
1753576200000000,185.36000000,185.49000000,184.89000000,185.49000000,12543.99900000,1753577999999999,2323487.42887000,18468,6671.71400000,1236026.02771000,0
1753578000000000,185.48000000,186.30000000,185.13000000,186.26000000,30337.98100000,1753579799999999,5639928.21914000,20990,19350.99500000,3598186.81522000,0
1753579800000000,186.25000000,186.58000000,186.12000000,186.31000000,29419.56800000,1753581599999999,5482623.43821000,21454,14111.68100000,2630195.05097000,0
1753581600000000,186.31000000,186.67000000,185.85000000,186.14000000,21683.28900000,1753583399999999,4038202.30175000,15561,10164.14400000,1893219.86330000,0
1753583400000000,186.13000000,187.14000000,186.07000000,187.13000000,22108.30600000,1753585199999999,4127484.00226000,17597,13029.52800000,2432773.66420000,0
1753585200000000,187.13000000,187.59000000,186.26000000,186.73000000,44313.11300000,1753586999999999,8281905.91483000,22275,16397.48900000,3064386.84724000,0
1753587000000000,186.73000000,187.31000000,186.71000000,187.19000000,31928.58900000,1753588799999999,5972547.17807000,19547,14695.00100000,2748426.34937000,0
1753588800000000,187.19000000,187.59000000,186.65000000,187.04000000,41299.05000000,1753590599999999,7723757.37846000,27831,20617.87900000,3856237.99082000,0
1753590600000000,187.04000000,187.46000000,186.93000000,187.46000000,20684.02800000,1753592399999999,3872312.05532000,18125,11780.80100000,2205380.31125000,0
1753592400000000,187.46000000,188.23000000,187.29000000,188.20000000,35975.41600000,1753594199999999,6755071.14069000,22968,21698.73400000,4074025.37722000,0
1753594200000000,188.19000000,188.33000000,187.49000000,187.84000000,41065.54700000,1753595999999999,7716695.35816000,25956,19300.71200000,3626906.77639000,0
1753596000000000,187.85000000,188.04000000,187.10000000,187.19000000,24907.79400000,1753597799999999,4671444.18812000,19885,10267.26700000,1925681.14787000,0
1753597800000000,187.19000000,187.76000000,187.01000000,187.06000000,18600.56900000,1753599599999999,3484188.35002000,18977,7483.12900000,1402437.49216000,0
1753599600000000,187.05000000,187.75000000,186.62000000,187.59000000,22091.07200000,1753601399999999,4136350.20205000,19867,8271.67700000,1549126.95697000,0
1753601400000000,187.58000000,187.86000000,187.10000000,187.22000000,25482.27500000,1753603199999999,4780416.35530000,22315,12822.98100000,2406055.14657000,0
1753603200000000,187.22000000,187.49000000,186.47000000,186.60000000,33969.88300000,1753604999999999,6350770.82166000,19624,11164.19000000,2087128.83196000,0
1753605000000000,186.61000000,186.91000000,186.25000000,186.70000000,21639.54600000,1753606799999999,4036765.28178000,19315,9683.55500000,1806803.45817000,0
1753606800000000,186.70000000,187.33000000,186.54000000,187.10000000,19946.78900000,1753608599999999,3730959.83690000,17709,11594.54700000,2168885.59445000,0
1753608600000000,187.10000000,187.16000000,186.18000000,186.37000000,24150.79300000,1753610399999999,4509357.25176000,19401,6394.77800000,1193932.38007000,0
1753610400000000,186.36000000,187.15000000,186.32000000,186.72000000,24181.20100000,1753612199999999,4516874.93963000,17292,12239.83900000,2286114.67274000,0
1753612200000000,186.73000000,188.44000000,186.58000000,187.66000000,48605.29600000,1753613999999999,9130280.00805000,34689,24689.24700000,4636747.96408000,0
1753614000000000,187.66000000,188.46000000,187.66000000,188.30000000,54031.44200000,1753615799999999,10160915.79601000,36047,26226.65300000,4932215.30409000,0
1753615800000000,188.31000000,188.57000000,186.80000000,187.01000000,42288.99600000,1753617599999999,7934446.24674000,30037,22090.65200000,4146289.81922000,0
1753617600000000,187.02000000,187.34000000,186.35000000,186.40000000,38526.25300000,1753619399999999,7201741.06261000,35492,13049.19000000,2439890.02131000,0
1753619400000000,186.40000000,186.67000000,185.50000000,186.43000000,75697.00200000,1753621199999999,14087862.40806000,43948,39715.92400000,7392669.93413000,0
1753621200000000,186.42000000,186.78000000,186.22000000,186.68000000,43787.58600000,1753622999999999,8167356.98617000,26571,26208.77100000,4888450.82305000,0
1753623000000000,186.69000000,186.70000000,185.51000000,185.77000000,43073.86000000,1753624799999999,8010352.08276000,30460,22696.47900000,4220343.56084000,0
1753624800000000,185.76000000,186.50000000,185.58000000,185.99000000,48110.97400000,1753626599999999,8949638.65749000,39315,22225.44000000,4133935.67113000,0
1753626600000000,185.99000000,186.37000000,185.17000000,185.77000000,43494.05600000,1753628399999999,8076346.49659000,43884,20586.57200000,3824026.70765000,0
1753628400000000,185.77000000,185.89000000,184.90000000,185.63000000,44244.23800000,1753630199999999,8203448.97871000,50900,23020.04200000,4268909.77550000,0
1753630200000000,185.64000000,186.50000000,185.39000000,186.47000000,44404.13100000,1753631999999999,8263230.16773000,35940,25777.18500000,4798523.92045000,0
1753632000000000,186.48000000,188.50000000,186.37000000,188.47000000,145845.28700000,1753633799999999,27385955.13672000,63716,78818.23400000,14796399.53994000,0
1753633800000000,188.47000000,189.76000000,186.97000000,187.66000000,167181.27400000,1753635599999999,31564053.83354000,102919,86191.70900000,16279423.68804000,0
1753635600000000,187.67000000,187.92000000,185.95000000,187.00000000,83311.89900000,1753637399999999,15563938.24828000,83265,36977.53800000,6910140.24767000,0
1753637400000000,187.00000000,188.36000000,186.66000000,188.08000000,72370.94700000,1753639199999999,13570681.57697000,53001,42652.09000000,7998720.69696000,0
1753639200000000,188.07000000,188.79000000,187.70000000,188.50000000,57939.59700000,1753640999999999,10912558.86253000,54529,31641.89800000,5959282.27645000,0
1753641000000000,188.50000000,188.74000000,187.47000000,188.40000000,48561.63800000,1753642799999999,9131653.06419000,42623,22444.24300000,4220824.35395000,0
1753642800000000,188.39000000,188.59000000,187.42000000,187.51000000,34678.13600000,1753644599999999,6516283.07804000,25317,13301.01200000,2499238.50646000,0
1753644600000000,187.52000000,187.90000000,186.89000000,186.92000000,38243.08700000,1753646399999999,7163688.91093000,22851,18309.21700000,3429369.86248000,0
1753646400000000,186.92000000,188.20000000,186.92000000,187.98000000,35401.00000000,1753648199999999,6645336.15592000,32412,23582.10300000,4426316.16054000,0
1753648200000000,187.98000000,187.98000000,186.60000000,187.12000000,34928.60100000,1753649999999999,6537681.01545000,30368,18458.98000000,3455485.18045000,0
1753650000000000,187.13000000,187.46000000,186.44000000,186.96000000,63518.79000000,1753651799999999,11866434.14112000,29385,40677.95900000,7599389.64332000,0
1753651800000000,186.95000000,187.96000000,186.48000000,187.95000000,34048.54200000,1753653599999999,6374687.14139000,23141,21269.14000000,3982808.39404000,0
1753653600000000,187.96000000,190.70000000,187.82000000,190.01000000,148347.34500000,1753655399999999,28147414.95077000,81463,86826.47800000,16472330.32097000,0
1753655400000000,190.01000000,190.29000000,188.89000000,188.92000000,49930.60600000,1753657199999999,9468283.89719000,46945,20865.52400000,3957622.15141000,0
1753657200000000,188.93000000,189.10000000,187.15000000,188.06000000,86311.25700000,1753658999999999,16227101.69221000,57825,42512.48500000,7992298.65305000,0
1753659000000000,188.05000000,188.83000000,187.55000000,188.64000000,41235.53000000,1753660799999999,7765940.95587000,36845,17204.46700000,3239969.54598000,0
1753660800000000,188.64000000,191.18000000,188.10000000,190.95000000,87040.42100000,1753662599999999,16519388.58903000,63285,49870.13500000,9468755.73279000,0
1753662600000000,190.95000000,191.07000000,188.97000000,189.71000000,67287.48200000,1753664399999999,12782087.29979000,75655,31373.96900000,5958022.55467000,0
1753664400000000,189.71000000,190.16000000,188.71000000,189.24000000,46082.20400000,1753666199999999,8728658.36434000,58715,20153.71800000,3817114.51815000,0
1753666200000000,189.23000000,189.23000000,187.66000000,188.31000000,44262.51200000,1753667999999999,8329984.31282000,44564,18531.66100000,3487540.36068000,0
1753668000000000,188.31000000,190.99000000,187.90000000,190.76000000,68881.35000000,1753669799999999,13046123.99891000,45962,40854.87100000,7741591.49428000,0
1753669800000000,190.76000000,191.98000000,190.41000000,191.55000000,120824.15500000,1753671599999999,23108842.66587000,92444,56614.66600000,10828858.26962000,0
1753671600000000,191.56000000,192.50000000,191.26000000,191.75000000,98193.04100000,1753673399999999,18836331.25386000,65073,50141.07700000,9619797.99419000,0
1753673400000000,191.75000000,193.82000000,191.59000000,193.35000000,111877.61700000,1753675199999999,21586397.59142000,66540,67405.56100000,13006409.60899000,0
1753675200000000,193.34000000,194.04000000,192.49000000,192.89000000,82680.73700000,1753676999999999,15974045.39365000,59910,36912.21400000,7136299.22750000,0
1753677000000000,192.88000000,193.35000000,192.57000000,193.08000000,54277.93100000,1753678799999999,10472274.11655000,42652,24075.33300000,4645476.18768000,0
1753678800000000,193.08000000,193.78000000,192.70000000,193.23000000,62276.58400000,1753680599999999,12037524.08958000,42275,34678.64300000,6703488.40944000,0
1753680600000000,193.23000000,195.26000000,192.96000000,194.39000000,149504.97900000,1753682399999999,28998306.91700000,64328,96738.70100000,18766273.70146000,0
1753682400000000,194.39000000,194.55000000,193.60000000,193.69000000,120428.07800000,1753684199999999,23369182.78472000,47171,38490.85600000,7469992.05934000,0
1753684200000000,193.68000000,194.35000000,193.60000000,194.06000000,46616.02600000,1753685999999999,9041935.22546000,32772,23041.56300000,4469141.79255000,0
1753686000000000,194.07000000,194.13000000,191.64000000,192.65000000,110214.12600000,1753687799999999,21227114.53971000,72706,38698.37000000,7451729.65901000,0
1753687800000000,192.66000000,192.66000000,191.89000000,192.37000000,35556.38600000,1753689599999999,6834212.40195000,34484,14299.32500000,2748440.83993000,0
1753689600000000,192.36000000,192.85000000,191.59000000,192.21000000,42734.17800000,1753691399999999,8214288.64627000,41709,18548.60100000,3566189.34432000,0
1753691400000000,192.21000000,192.76000000,191.27000000,192.64000000,44523.24400000,1753693199999999,8548118.50453000,34421,22517.44200000,4324783.21578000,0
1753693200000000,192.64000000,192.87000000,192.19000000,192.50000000,44220.09900000,1753694999999999,8515035.06330000,38583,17688.69000000,3406324.03484000,0
1753695000000000,192.51000000,193.36000000,191.88000000,193.16000000,63466.66300000,1753696799999999,12226560.67552000,45366,37225.56600000,7170974.26541000,0
1753696800000000,193.16000000,193.32000000,192.29000000,193.01000000,42904.66600000,1753698599999999,8276670.47079000,35108,22831.17800000,4405323.91825000,0
1753698600000000,193.02000000,193.02000000,191.74000000,192.30000000,38430.79600000,1753700399999999,7384830.66025000,34036,16074.93900000,3089041.08609000,0
1753700400000000,192.29000000,192.34000000,190.96000000,190.99000000,43019.59100000,1753702199999999,8239667.21927000,34150,16365.58500000,3134270.91470000,0
1753702200000000,190.99000000,192.06000000,190.63000000,192.00000000,43133.91100000,1753703999999999,8254848.53533000,34800,22009.52700000,4214521.16090000,0
1753704000000000,192.00000000,192.72000000,191.35000000,192.47000000,48309.72800000,1753705799999999,9278394.13559000,43070,24302.05500000,4669363.76329000,0
1753705800000000,192.47000000,193.52000000,192.20000000,192.90000000,103819.46700000,1753707599999999,20042097.46291000,55344,59129.11500000,11416174.26524000,0
1753707600000000,192.90000000,192.97000000,189.90000000,190.56000000,118895.35200000,1753709399999999,22724803.69883000,89464,39413.65700000,7536655.75697000,0
1753709400000000,190.56000000,191.82000000,189.28000000,190.20000000,127729.89300000,1753711199999999,24327640.11520000,107265,52239.46800000,9953452.35168000,0
1753711200000000,190.19000000,190.71000000,186.96000000,187.44000000,285035.85500000,1753712999999999,53781284.65074000,137442,80359.94400000,15160953.63458000,0
1753713000000000,187.45000000,188.17000000,186.71000000,187.50000000,165809.39000000,1753714799999999,31089727.49042000,109602,92478.28900000,17341391.54346000,0
1753714800000000,187.50000000,188.88000000,187.23000000,188.72000000,91898.45400000,1753716599999999,17281915.89110000,58775,57956.93900000,10896442.36610000,0
1753716600000000,188.72000000,189.08000000,186.55000000,187.18000000,74455.15700000,1753718399999999,13982281.67167000,62197,39448.36700000,7410379.01455000,0
1753718400000000,187.18000000,187.41000000,186.12000000,187.33000000,95646.07500000,1753720199999999,17862197.17768000,80246,39992.65400000,7469533.88455000,0
1753720200000000,187.32000000,187.99000000,186.46000000,186.66000000,92084.22900000,1753721999999999,17236304.55381000,60036,41432.18600000,7754257.98640000,0
1753722000000000,186.66000000,187.44000000,185.76000000,186.92000000,90222.04300000,1753723799999999,16820982.50565000,67764,36778.87900000,6860218.27514000,0
1753723800000000,186.92000000,187.09000000,185.35000000,185.89000000,67879.36300000,1753725599999999,12625667.71206000,51029,24761.59800000,4605588.15333000,0
1753725600000000,185.90000000,186.26000000,184.38000000,184.61000000,155689.58100000,1753727399999999,28812930.07851000,86295,53734.57700000,9941987.30519000,0
1753727400000000,184.62000000,185.44000000,183.45000000,185.16000000,121406.96500000,1753729199999999,22410736.34293000,72608,57178.79600000,10558328.31177000,0
1753729200000000,185.16000000,186.46000000,185.12000000,185.75000000,75667.33300000,1753730999999999,14066244.63386000,54262,41993.42800000,7806211.91668000,0
1753731000000000,185.75000000,185.75000000,183.63000000,185.26000000,127264.40600000,1753732799999999,23499598.43781000,63006,67248.59300000,12414949.64760000,0
1753732800000000,185.25000000,185.53000000,182.63000000,182.88000000,108099.48300000,1753734599999999,19879530.69740000,65963,37429.32700000,6889664.93226000,0
1753734600000000,182.88000000,184.74000000,182.72000000,184.21000000,88071.37700000,1753736399999999,16198061.95816000,55636,36253.45300000,6665749.51281000,0
1753736400000000,184.21000000,185.06000000,183.37000000,184.04000000,54472.02500000,1753738199999999,10045373.64522000,42704,26591.00000000,4904545.98338000,0
1753738200000000,184.04000000,185.20000000,183.52000000,184.28000000,58227.94400000,1753739999999999,10746017.90406000,31068,32823.48100000,6058391.95939000,0
1753740000000000,184.28000000,184.68000000,183.33000000,183.62000000,52260.41600000,1753741799999999,9620702.29898000,46698,24144.92100000,4443212.26859000,0
1753741800000000,183.63000000,183.74000000,182.16000000,183.66000000,101896.30900000,1753743599999999,18639842.83470000,56976,47230.55200000,8639957.30448000,0
1753743600000000,183.66000000,184.09000000,183.04000000,183.06000000,54581.71000000,1753745399999999,10022635.99855000,44447,19983.27700000,3670061.31426000,0
1753745400000000,183.06000000,183.85000000,182.24000000,183.11000000,40012.79500000,1753747199999999,7325678.42062000,40133,19553.14200000,3579971.17490000,0
1753747200000000,183.10000000,184.72000000,182.67000000,184.01000000,86405.19700000,1753748999999999,15914581.29174000,53078,50102.02500000,9229677.14692000,0
1753749000000000,184.00000000,184.24000000,181.03000000,182.83000000,152066.11700000,1753750799999999,27726959.11878000,90572,53576.23900000,9765722.93152000,0
1753750800000000,182.83000000,184.07000000,182.51000000,183.89000000,54364.20900000,1753752599999999,9973479.88839000,35934,24400.15300000,4476789.54129000,0
1753752600000000,183.90000000,184.03000000,181.66000000,181.75000000,46773.01900000,1753754399999999,8553468.00161000,42649,21228.14400000,3883888.69569000,0
1753754400000000,181.76000000,182.46000000,180.67000000,181.93000000,64701.59500000,1753756199999999,11737258.02064000,60482,19979.71900000,3626791.63985000,0
1753756200000000,181.93000000,182.40000000,181.25000000,182.28000000,71852.74500000,1753757999999999,13068991.16287000,56097,28155.10000000,5121439.75384000,0
1753758000000000,182.29000000,183.63000000,182.24000000,183.46000000,47693.32100000,1753759799999999,8731287.30077000,37974,24658.33000000,4512977.54892000,0
1753759800000000,183.46000000,184.71000000,183.09000000,184.33000000,68796.40500000,1753761599999999,12664588.74709000,35746,48904.45900000,9005927.36533000,0
1753761600000000,184.34000000,184.76000000,183.88000000,183.92000000,52474.97300000,1753763399999999,9677954.04414000,31162,21972.10100000,4052190.19689000,0
1753763400000000,183.92000000,184.25000000,183.23000000,183.42000000,18150.55300000,1753765199999999,3333811.86693000,28392,7293.74000000,1340008.28369000,0
1753765200000000,183.42000000,184.14000000,183.21000000,183.94000000,34535.75700000,1753766999999999,6341119.25218000,29555,9106.86800000,1673060.27889000,0
1753767000000000,183.94000000,184.87000000,183.77000000,184.87000000,37274.77100000,1753768799999999,6880142.37832000,23931,23676.26000000,4369925.08964000,0
1753768800000000,184.87000000,185.58000000,184.51000000,185.19000000,62964.69400000,1753770599999999,11656867.55920000,30168,39639.69400000,7338854.04614000,0
1753770600000000,185.18000000,185.41000000,184.77000000,184.83000000,48415.08000000,1753772399999999,8960524.40147000,32026,27788.22800000,5142918.97458000,0
1753772400000000,184.83000000,185.65000000,184.83000000,185.18000000,39114.89800000,1753774199999999,7249446.10874000,33054,24596.21000000,4559556.98893000,0
1753774200000000,185.18000000,186.68000000,185.01000000,186.05000000,72069.78300000,1753775999999999,13406788.99763000,44568,39659.23800000,7377250.95619000,0
1753776000000000,186.04000000,186.51000000,184.91000000,185.13000000,38197.39700000,1753777799999999,7094707.98949000,33066,16039.62900000,2981615.31769000,0
1753777800000000,185.13000000,185.84000000,184.88000000,184.93000000,31267.21700000,1753779599999999,5795145.35212000,30536,14601.57400000,2707016.12788000,0
1753779600000000,184.93000000,185.22000000,184.23000000,185.11000000,48226.65100000,1753781399999999,8913849.23447000,36287,27656.60300000,5112649.41607000,0
1753781400000000,185.10000000,185.15000000,184.32000000,184.61000000,21507.49000000,1753783199999999,3971743.46743000,27599,11089.34400000,2048288.95082000,0
1753783200000000,184.61000000,184.81000000,183.20000000,183.68000000,46530.45300000,1753784999999999,8551294.87139000,43314,18266.88900000,3356203.62624000,0
1753785000000000,183.68000000,184.23000000,182.24000000,182.37000000,63264.82600000,1753786799999999,11582349.98379000,44325,20031.18800000,3668896.69034000,0
1753786800000000,182.37000000,183.43000000,182.34000000,183.31000000,33176.35500000,1753788599999999,6066382.48944000,34543,15020.01700000,2747546.11354000,0
1753788600000000,183.30000000,183.52000000,182.50000000,182.93000000,25587.91100000,1753790399999999,4679265.16869000,29823,11173.26600000,2043349.89441000,0
1753790400000000,182.93000000,184.10000000,182.58000000,183.92000000,46401.98800000,1753792199999999,8503397.49233000,38409,27635.55000000,5066846.99408000,0
1753792200000000,183.91000000,184.53000000,183.33000000,183.92000000,29714.56700000,1753793999999999,5471655.73685000,40645,14451.65700000,2661122.22007000,0
1753794000000000,183.91000000,184.90000000,183.27000000,184.58000000,41688.14500000,1753795799999999,7677631.98911000,45541,19558.26700000,3602971.36762000,0
1753795800000000,184.59000000,184.99000000,182.17000000,182.68000000,59233.95900000,1753797599999999,10882168.17314000,86111,23298.62400000,4283578.10235000,0
1753797600000000,182.69000000,182.80000000,180.55000000,181.93000000,106672.69000000,1753799399999999,19340691.42442000,109427,40109.92500000,7271700.12447000,0
1753799400000000,181.93000000,182.01000000,179.61000000,180.41000000,161051.33400000,1753801199999999,29102785.35547000,103755,56492.06000000,10224298.59894000,0
1753801200000000,180.41000000,180.99000000,179.23000000,180.25000000,121474.78300000,1753802999999999,21881489.38657000,88017,42242.86600000,7612565.72920000,0
1753803000000000,180.24000000,181.47000000,179.58000000,180.81000000,44725.68200000,1753804799999999,8073142.28518000,71278,18432.08100000,3328936.58919000,0
1753804800000000,180.81000000,180.96000000,178.74000000,179.57000000,84634.20600000,1753806599999999,15206185.32371000,79148,41758.08700000,7502239.27822000,0
1753806600000000,179.57000000,180.18000000,178.30000000,180.08000000,88011.74700000,1753808399999999,15785252.49939000,80632,40412.16300000,7250804.56031000,0
1753808400000000,180.08000000,181.70000000,179.82000000,181.45000000,64004.21800000,1753810199999999,11568461.18260000,42935,34615.17700000,6254694.98667000,0
1753810200000000,181.45000000,181.70000000,180.53000000,181.47000000,22319.18400000,1753811999999999,4044925.99963000,39111,12062.66600000,2186443.82343000,0
1753812000000000,181.47000000,181.97000000,180.71000000,181.94000000,26911.11400000,1753813799999999,4881543.53487000,34518,9342.43500000,1694917.90310000,0
1753813800000000,181.94000000,182.11000000,181.00000000,181.48000000,20261.70600000,1753815599999999,3681734.95272000,31076,9227.47200000,1676967.32279000,0
1753815600000000,181.48000000,182.37000000,180.40000000,180.73000000,53518.73300000,1753817399999999,9717734.52176000,41308,20975.56700000,3810509.20888000,0
1753817400000000,180.74000000,181.72000000,180.62000000,181.11000000,19660.02700000,1753819199999999,3564207.52137000,28483,8073.14600000,1463504.97473000,0
1753819200000000,181.11000000,181.89000000,179.83000000,180.95000000,58668.04600000,1753820999999999,10600024.54182000,53471,26966.50500000,4874334.08229000,0
1753821000000000,180.94000000,181.02000000,179.57000000,180.08000000,34686.14900000,1753822799999999,6243334.03655000,40265,12441.17200000,2239818.91907000,0
1753822800000000,180.08000000,180.25000000,179.30000000,179.93000000,59890.59700000,1753824599999999,10759382.10269000,40271,32419.86000000,5823998.93307000,0
1753824600000000,179.94000000,181.63000000,179.88000000,181.24000000,44721.61700000,1753826399999999,8077195.35499000,26620,17582.29800000,3176555.87700000,0
1753826400000000,181.24000000,181.66000000,180.41000000,181.28000000,29823.09800000,1753828199999999,5399455.32817000,35071,12475.82600000,2258692.45287000,0
1753828200000000,181.28000000,181.84000000,181.10000000,181.70000000,22843.08400000,1753829999999999,4145207.08000000,18652,9730.69800000,1765930.35236000,0
1753830000000000,181.69000000,181.79000000,181.18000000,181.58000000,16911.55200000,1753831799999999,3070430.98357000,21608,7536.89200000,1368339.24642000,0
1753831800000000,181.57000000,182.00000000,180.91000000,181.48000000,18672.39300000,1753833599999999,3386607.20683000,18284,10589.35300000,1920513.07435000,0
1753833600000000,181.47000000,181.58000000,180.31000000,180.56000000,23361.78400000,1753835399999999,4225776.55142000,30367,9890.82800000,1788808.45093000,0
1753835400000000,180.57000000,180.77000000,179.30000000,180.22000000,47041.78900000,1753837199999999,8462662.83231000,43315,24216.37600000,4355591.63375000,0
1753837200000000,180.21000000,180.37000000,178.81000000,179.33000000,56494.92600000,1753838999999999,10132779.61900000,43505,34500.29300000,6187347.13526000,0
1753839000000000,179.33000000,181.90000000,179.16000000,181.38000000,65744.50300000,1753840799999999,11886777.50811000,43410,33071.85000000,5977257.92421000,0
1753840800000000,181.37000000,182.37000000,181.11000000,181.60000000,34799.58200000,1753842599999999,6326933.69042000,36911,18781.12800000,3414786.13852000,0
1753842600000000,181.61000000,182.32000000,181.29000000,181.74000000,28218.49000000,1753844399999999,5133685.51213000,30210,18922.84000000,3442668.98418000,0
1753844400000000,181.75000000,182.00000000,181.28000000,181.83000000,56162.02400000,1753846199999999,10197375.36369000,27007,11996.67400000,2179626.48744000,0
1753846200000000,181.84000000,182.27000000,181.53000000,181.69000000,32163.42100000,1753847999999999,5852315.35306000,24564,19929.78700000,3626420.29411000,0
1753848000000000,181.69000000,182.10000000,181.56000000,181.57000000,18215.29400000,1753849799999999,3313599.87145000,23384,5391.87000000,980677.30394000,0
1753849800000000,181.56000000,181.58000000,180.19000000,180.31000000,35884.27100000,1753851599999999,6481299.86775000,32836,10731.03800000,1937975.76544000,0
1753851600000000,180.31000000,180.67000000,179.34000000,180.60000000,42243.53400000,1753853399999999,7604615.12370000,38789,17284.49300000,3112191.61899000,0
1753853400000000,180.60000000,181.25000000,180.24000000,181.03000000,18947.65700000,1753855199999999,3424152.87756000,26506,7079.66400000,1279550.45190000,0
1753855200000000,181.02000000,181.50000000,180.92000000,181.39000000,18813.35900000,1753856999999999,3410214.71869000,22256,8028.73400000,1455503.25292000,0
1753857000000000,181.39000000,182.04000000,180.78000000,182.02000000,26300.07200000,1753858799999999,4775626.56164000,25398,10892.16900000,1977205.64861000,0
1753858800000000,182.01000000,182.56000000,181.18000000,182.00000000,47551.30300000,1753860599999999,8646828.39406000,41217,18886.93500000,3434966.09639000,0
1753860600000000,182.00000000,182.26000000,180.36000000,180.83000000,35845.87500000,1753862399999999,6505405.66744000,41265,11494.30900000,2085738.90115000,0
1753862400000000,180.83000000,181.27000000,179.84000000,180.36000000,41686.08100000,1753864199999999,7517243.84462000,42927,14254.21900000,2571158.18853000,0
1753864200000000,180.35000000,181.49000000,180.03000000,180.54000000,26474.26000000,1753865999999999,4789587.94097000,35785,11687.56700000,2114647.37410000,0
1753866000000000,180.55000000,180.92000000,179.64000000,179.68000000,38738.43700000,1753867799999999,6984759.46505000,43607,17710.08600000,3193298.25256000,0
1753867800000000,179.69000000,179.73000000,178.67000000,179.12000000,75072.35800000,1753869599999999,13442053.62818000,60852,34311.39400000,6144039.44289000,0
1753869600000000,179.12000000,179.98000000,179.12000000,179.71000000,42867.69100000,1753871399999999,7697909.62822000,34244,23942.70800000,4298447.58567000,0
1753871400000000,179.71000000,180.12000000,177.73000000,178.02000000,105414.96700000,1753873199999999,18834048.56021000,50461,30133.55400000,5387986.91361000,0
1753873200000000,178.01000000,178.71000000,176.66000000,177.02000000,157732.72900000,1753874999999999,28001688.96143000,86005,65385.81600000,11616209.98606000,0
1753875000000000,177.03000000,177.73000000,176.42000000,177.30000000,74768.75800000,1753876799999999,13233417.93147000,58473,32078.53700000,5677675.72518000,0
1753876800000000,177.29000000,178.07000000,176.65000000,177.77000000,89735.96700000,1753878599999999,15904420.85627000,68423,40269.51500000,7140404.62168000,0
1753878600000000,177.76000000,178.02000000,176.72000000,177.51000000,65241.62900000,1753880399999999,11572927.92810000,62340,25128.14800000,4455449.55518000,0
1753880400000000,177.52000000,178.27000000,176.69000000,176.92000000,70165.95200000,1753882199999999,12459757.63946000,69443,32060.25700000,5694899.05144000,0
1753882200000000,176.92000000,178.19000000,176.68000000,177.96000000,100940.27400000,1753883999999999,17923764.94109000,76059,52724.30700000,9363945.66294000,0
1753884000000000,177.96000000,179.22000000,177.71000000,178.42000000,92402.90100000,1753885799999999,16496704.16403000,63162,43746.10800000,7809674.83963000,0
1753885800000000,178.43000000,180.59000000,178.23000000,180.10000000,122841.94000000,1753887599999999,22059366.95509000,79850,65004.18500000,11674639.20901000,0
1753887600000000,180.10000000,180.38000000,178.56000000,178.65000000,91713.42600000,1753889399999999,16459035.69125000,81157,51899.39900000,9318141.49179000,0
1753889400000000,178.65000000,179.40000000,178.25000000,179.18000000,56590.03700000,1753891199999999,10126846.74088000,44476,23834.51600000,4265022.18166000,0
1753891200000000,179.17000000,180.00000000,178.52000000,178.88000000,54645.85300000,1753892999999999,9797994.17853000,43781,18678.11100000,3349964.68448000,0
1753893000000000,178.88000000,178.98000000,178.33000000,178.63000000,35444.43600000,1753894799999999,6331403.12986000,30909,9217.74600000,1646284.24978000,0
1753894800000000,178.64000000,179.26000000,178.22000000,178.72000000,49429.19900000,1753896599999999,8835940.93052000,30491,12446.45400000,2225269.95642000,0
1753896600000000,178.72000000,179.34000000,178.44000000,179.32000000,64836.96300000,1753898399999999,11605990.34948000,30634,22422.86300000,4013478.80220000,0
1753898400000000,179.31000000,180.15000000,178.00000000,179.53000000,92315.47100000,1753900199999999,16543596.06050000,88655,50412.88700000,9035608.95168000,0
1753900200000000,179.53000000,179.76000000,175.80000000,175.91000000,160476.64800000,1753901999999999,28447637.50716000,117669,54814.05000000,9721663.86391000,0
1753902000000000,175.90000000,175.90000000,170.29000000,174.10000000,520736.69700000,1753903799999999,90185935.74444000,278722,231508.96600000,40064938.28041000,0
1753903800000000,174.09000000,176.47000000,173.53000000,176.12000000,137161.52200000,1753905599999999,23982233.20133000,93493,90840.82100000,15877607.56724000,0
1753905600000000,176.12000000,177.46000000,175.94000000,176.37000000,84941.75800000,1753907399999999,15022956.41968000,77120,47630.88800000,8423598.61808000,0
1753907400000000,176.36000000,176.81000000,175.70000000,176.17000000,32199.87900000,1753909199999999,5669747.25400000,40892,16407.36000000,2889339.98475000,0
1753909200000000,176.16000000,176.65000000,175.25000000,175.28000000,26153.03300000,1753910999999999,4603547.47694000,33405,13702.25400000,2412591.62277000,0
1753911000000000,175.28000000,176.03000000,174.76000000,175.87000000,32363.61600000,1753912799999999,5675408.73741000,28695,15894.46400000,2788430.68395000,0
1753912800000000,175.86000000,176.43000000,175.14000000,175.27000000,44542.94800000,1753914599999999,7827217.15172000,33758,24018.10400000,4219813.05032000,0
1753914600000000,175.27000000,176.38000000,175.18000000,176.33000000,20629.44100000,1753916399999999,3625007.98813000,28409,12260.15200000,2154757.25314000,0
1753916400000000,176.33000000,177.35000000,176.24000000,177.32000000,47998.54400000,1753918199999999,8484839.95461000,25466,32819.70900000,5801160.66982000,0
1753918200000000,177.32000000,178.09000000,177.30000000,177.77000000,53198.88800000,1753919999999999,9460042.11357000,32178,31638.90600000,5625678.27735000,0
1753920000000000,177.77000000,178.50000000,177.62000000,178.50000000,28345.20900000,1753921799999999,5044510.30490000,30864,15580.20000000,2773032.64805000,0
1753921800000000,178.50000000,179.69000000,178.40000000,179.43000000,67190.62600000,1753923599999999,12021721.61847000,40282,36872.41100000,6598281.95204000,0
1753923600000000,179.44000000,179.95000000,178.87000000,179.85000000,38151.10300000,1753925399999999,6839293.90257000,27651,17862.62500000,3203098.61345000,0
1753925400000000,179.85000000,180.07000000,179.08000000,179.47000000,35558.81600000,1753927199999999,6387631.30084000,26731,12536.41600000,2252750.77310000,0
1753927200000000,179.47000000,179.78000000,179.19000000,179.75000000,22350.59000000,1753928999999999,4012049.78533000,23376,14381.17600000,2581738.82153000,0
1753929000000000,179.75000000,180.35000000,179.70000000,180.35000000,43220.69400000,1753930799999999,7783294.73960000,25069,30390.63300000,5472890.74741000,0
1753930800000000,180.34000000,180.40000000,180.03000000,180.18000000,23520.18400000,1753932599999999,4237966.46365000,19774,10316.01200000,1858827.86437000,0
1753932600000000,180.19000000,180.55000000,179.98000000,180.31000000,28915.84400000,1753934399999999,5213243.29444000,18254,13177.18300000,2375764.35533000,0
1753934400000000,180.31000000,180.46000000,179.81000000,179.88000000,21994.73300000,1753936199999999,3959980.80528000,11711,8778.62000000,1580564.64434000,0
1753936200000000,179.88000000,180.89000000,179.88000000,180.84000000,31347.13300000,1753937999999999,5661199.13957000,19658,19417.35500000,3506151.96281000,0
1753938000000000,180.84000000,181.23000000,180.60000000,181.01000000,29173.33200000,1753939799999999,5279893.90728000,20544,16292.32100000,2948885.62743000,0
1753939800000000,181.01000000,181.10000000,180.72000000,180.78000000,24410.11100000,1753941599999999,4416776.74570000,15293,9867.70400000,1785655.35264000,0
1753941600000000,180.78000000,181.00000000,179.94000000,180.84000000,111513.42800000,1753943399999999,20122254.72858000,22666,41406.58800000,7472151.38331000,0
1753943400000000,180.83000000,181.62000000,180.55000000,181.26000000,32036.43800000,1753945199999999,5807846.34797000,19587,16459.89000000,2984024.54444000,0
1753945200000000,181.27000000,181.38000000,180.88000000,181.18000000,25560.66300000,1753946999999999,4629985.92134000,21505,12420.09500000,2250170.71995000,0
1753947000000000,181.18000000,181.39000000,180.91000000,181.24000000,38746.54100000,1753948799999999,7016754.06180000,16997,14563.75200000,2637122.76276000,0
1753948800000000,181.24000000,182.00000000,181.06000000,181.62000000,36622.72700000,1753950599999999,6643773.17433000,16793,23814.78400000,4320583.61309000,0
1753950600000000,181.62000000,182.13000000,181.37000000,181.70000000,34286.71500000,1753952399999999,6233049.89493000,19028,19192.86800000,3489948.41171000,0
1753952400000000,181.70000000,181.94000000,181.59000000,181.84000000,21111.87200000,1753954199999999,3838221.53228000,16579,12241.61000000,2225726.60723000,0
1753954200000000,181.83000000,182.70000000,181.75000000,182.52000000,40425.43000000,1753955999999999,7366392.29723000,21924,24403.50900000,4447424.75836000,0
1753956000000000,182.52000000,182.64000000,181.76000000,181.80000000,38199.67600000,1753957799999999,6957473.51163000,19216,18214.30200000,3317238.25868000,0
1753957800000000,181.79000000,182.27000000,181.37000000,181.39000000,30205.69400000,1753959599999999,5494033.07607000,18790,14060.08400000,2557872.25156000,0
1753959600000000,181.40000000,181.57000000,180.61000000,180.79000000,49523.90000000,1753961399999999,8967045.22572000,24918,17816.52000000,3226904.33709000,0
1753961400000000,180.79000000,181.30000000,180.24000000,180.74000000,33143.10100000,1753963199999999,5992762.20059000,25398,12274.72200000,2219654.25157000,0
1753963200000000,180.75000000,180.89000000,179.75000000,180.22000000,37301.58400000,1753964999999999,6722493.43680000,38336,17187.12800000,3097618.72160000,0
1753965000000000,180.22000000,180.31000000,178.74000000,179.34000000,57635.79600000,1753966799999999,10340741.79690000,51416,22763.81900000,4084609.19581000,0
1753966800000000,179.34000000,179.37000000,177.00000000,177.08000000,80874.54500000,1753968599999999,14377228.69021000,69069,34436.75200000,6120145.43365000,0
1753968600000000,177.09000000,178.04000000,176.70000000,177.68000000,144107.81000000,1753970399999999,25549827.37913000,89777,86185.73400000,15282858.59944000,0
1753970400000000,177.68000000,178.24000000,175.67000000,176.10000000,164665.12800000,1753972199999999,29111320.47748000,97756,74519.29900000,13173109.44371000,0
1753972200000000,176.10000000,177.04000000,175.59000000,175.70000000,64837.08400000,1753973999999999,11427925.62564000,52691,30235.59000000,5331435.32782000,0
1753974000000000,175.70000000,177.09000000,175.25000000,176.91000000,72343.17400000,1753975799999999,12743104.44076000,59472,38011.76200000,6698530.35591000,0
1753975800000000,176.90000000,177.47000000,176.39000000,177.35000000,57777.90000000,1753977599999999,10235047.64739000,44995,29383.41300000,5204852.58549000,0
1753977600000000,177.34000000,178.47000000,177.15000000,178.31000000,57919.80700000,1753979399999999,10297490.37752000,51314,27449.82200000,4881059.40802000,0
1753979400000000,178.31000000,179.77000000,178.30000000,179.27000000,81641.67400000,1753981199999999,14627069.93855000,76160,40881.17000000,7323899.92701000,0
1753981200000000,179.27000000,179.31000000,177.15000000,177.70000000,62326.12200000,1753982999999999,11102417.67490000,63654,26449.29900000,4711389.95671000,0
1753983000000000,177.71000000,178.41000000,176.84000000,177.29000000,43123.33100000,1753984799999999,7658755.83301000,53992,19609.27800000,3483801.94923000,0
1753984800000000,177.30000000,177.47000000,175.58000000,176.90000000,61227.33500000,1753986599999999,10801165.20652000,58878,27589.40700000,4867868.72373000,0
1753986600000000,176.89000000,178.10000000,176.76000000,177.77000000,37496.28800000,1753988399999999,6656458.00844000,45529,18533.40300000,3291230.08949000,0
1753988400000000,177.77000000,178.20000000,175.80000000,175.88000000,76826.94200000,1753990199999999,13569959.93889000,58088,36462.80600000,6439950.57842000,0
1753990200000000,175.89000000,176.28000000,174.75000000,175.32000000,117538.84500000,1753991999999999,20624002.55346000,63282,65258.72800000,11454110.58506000,0
1753992000000000,175.31000000,175.74000000,174.22000000,175.13000000,81287.94700000,1753993799999999,14217808.96387000,53906,40115.37700000,7018321.15589000,0
1753993800000000,175.14000000,175.64000000,174.45000000,175.46000000,57452.71900000,1753995599999999,10060810.19538000,37501,37984.82700000,6652145.38891000,0
1753995600000000,175.46000000,175.68000000,174.00000000,175.02000000,52945.58300000,1753997399999999,9251770.41745000,38200,28375.02600000,4959528.83110000,0
1753997400000000,175.03000000,175.47000000,172.72000000,173.82000000,73303.62700000,1753999199999999,12742378.06774000,61467,29177.74800000,5073593.55825000,0
1753999200000000,173.82000000,174.47000000,172.98000000,173.62000000,79829.56100000,1754000999999999,13856872.18137000,76894,34149.48200000,5929365.74684000,0
1754001000000000,173.62000000,173.65000000,172.42000000,172.89000000,54840.51900000,1754002799999999,9473982.64700000,47555,24457.19500000,4225677.83377000,0
1754002800000000,172.89000000,173.75000000,172.45000000,172.46000000,38574.86800000,1754004599999999,6677208.99194000,45179,18790.51000000,3253671.71454000,0
1754004600000000,172.46000000,172.59000000,171.44000000,172.22000000,83409.03400000,1754006399999999,14352406.23101000,69625,36848.69600000,6341831.40602000,0
