1756684800000000,200.62000000,200.87000000,198.63000000,199.08000000,184424.24100000,1756686599999999,36856613.11077000,100235,67320.69500000,13455347.50249000,0
1756686600000000,199.07000000,201.43000000,198.49000000,200.44000000,119507.73700000,1756688399999999,23891495.77287000,92101,66352.53900000,13277768.47905000,0
1756688400000000,200.44000000,201.98000000,199.88000000,201.92000000,66491.72000000,1756690199999999,13349782.96441000,57678,35038.25200000,7037255.57263000,0
1756690200000000,201.92000000,202.49000000,200.68000000,200.97000000,93548.41200000,1756691999999999,18863673.37382000,74215,40779.19300000,8224693.60517000,0
1756692000000000,200.97000000,201.24000000,197.63000000,198.97000000,208792.31200000,1756693799999999,41637554.34420000,89279,71951.80500000,14354861.65478000,0
1756693800000000,198.97000000,199.04000000,196.03000000,197.53000000,246575.60800000,1756695599999999,48722056.51454000,118994,85759.11900000,16941522.64364000,0
1756695600000000,197.53000000,198.16000000,196.93000000,198.02000000,121537.87000000,1756697399999999,24016934.86282000,73533,50575.57200000,9995466.11585000,0
1756697400000000,198.02000000,198.75000000,197.43000000,198.42000000,54471.07200000,1756699199999999,10796104.77945000,42136,23515.49800000,4661260.97110000,0
1756699200000000,198.41000000,198.49000000,197.30000000,198.01000000,66358.38600000,1756700999999999,13133048.43896000,41804,26354.86600000,5216915.81315000,0
1756701000000000,198.02000000,198.07000000,196.77000000,197.54000000,89260.01200000,1756702799999999,17604779.78097000,52446,25660.35300000,5061326.44946000,0
1756702800000000,197.54000000,198.23000000,196.61000000,198.05000000,61742.19200000,1756704599999999,12185609.22425000,48560,26437.28300000,5218586.82461000,0
1756704600000000,198.06000000,198.97000000,197.93000000,198.40000000,57531.57700000,1756706399999999,11420664.92905000,31628,36310.37200000,7208178.92393000,0
1756706400000000,198.40000000,199.14000000,197.53000000,198.83000000,77498.83600000,1756708199999999,15366559.53475000,41653,33074.33400000,6560416.16256000,0
1756708200000000,198.84000000,199.48000000,198.50000000,198.78000000,53594.00500000,1756709999999999,10667065.98979000,40332,19341.77000000,3849625.12261000,0
1756710000000000,198.77000000,200.07000000,197.86000000,199.91000000,118774.51100000,1756711799999999,23599242.70533000,55911,54344.72200000,10805478.35868000,0
1756711800000000,199.91000000,202.93000000,199.79000000,202.92000000,198441.18700000,1756713599999999,39929276.47958000,99887,109406.24500000,22015861.23060000,0
1756713600000000,202.92000000,204.58000000,202.40000000,202.46000000,198713.57600000,1756715399999999,40451848.85214000,118145,86726.61400000,17658563.35610000,0
1756715400000000,202.46000000,203.60000000,202.40000000,203.08000000,89114.38100000,1756717199999999,18076623.82922000,54307,30961.89700000,6280267.82333000,0
1756717200000000,203.07000000,203.84000000,202.72000000,202.78000000,94329.59700000,1756718999999999,19189107.19470000,51851,48304.91800000,9831451.08988000,0
1756719000000000,202.79000000,203.02000000,201.01000000,201.04000000,94314.25300000,1756720799999999,19037501.09471000,48694,33536.85300000,6765955.36004000,0
1756720800000000,201.04000000,201.59000000,200.23000000,200.34000000,58851.47100000,1756722599999999,11825060.99054000,49429,21551.04400000,4331008.47134000,0
1756722600000000,200.35000000,200.41000000,198.36000000,199.47000000,135621.54800000,1756724399999999,27024991.25490000,82246,42920.01300000,8549430.75005000,0
1756724400000000,199.47000000,199.68000000,198.92000000,199.20000000,61283.99600000,1756726199999999,12214286.79373000,39043,25740.29200000,5130720.39134000,0
1756726200000000,199.19000000,199.48000000,198.67000000,199.40000000,64081.44400000,1756727999999999,12756836.93170000,39653,19983.00200000,3979377.50589000,0
1756728000000000,199.41000000,200.32000000,198.77000000,199.99000000,61613.19900000,1756729799999999,12302008.43309000,43393,29741.26900000,5939776.73129000,0
1756729800000000,199.99000000,200.49000000,199.27000000,199.60000000,61860.20100000,1756731599999999,12362911.10573000,49217,25586.50200000,5114788.41310000,0
1756731600000000,199.61000000,201.13000000,199.06000000,200.78000000,80272.75600000,1756733399999999,16073559.47075000,65103,34605.24000000,6931450.19694000,0
1756733400000000,200.79000000,200.89000000,198.94000000,199.68000000,83228.05700000,1756735199999999,16636439.78344000,79823,25915.50900000,5180222.10225000,0
1756735200000000,199.68000000,200.72000000,199.54000000,200.10000000,49569.77600000,1756736999999999,9927201.63235000,46525,21749.04000000,4355365.52445000,0
1756737000000000,200.11000000,200.42000000,198.94000000,200.22000000,97792.15100000,1756738799999999,19496585.88533000,50638,52853.67200000,10531686.83410000,0
1756738800000000,200.21000000,200.87000000,198.86000000,199.16000000,101072.35200000,1756740599999999,20186787.37523000,58159,39871.39400000,7966405.99526000,0
1756740600000000,199.15000000,199.38000000,197.67000000,198.37000000,93561.98200000,1756742399999999,18565068.82550000,69348,33339.62900000,6617821.13578000,0
1756742400000000,198.36000000,198.98000000,197.44000000,198.50000000,100764.95100000,1756744199999999,19962879.68321000,62145,53549.09100000,10604715.88068000,0
1756744200000000,198.50000000,198.92000000,197.66000000,198.56000000,63340.38000000,1756745999999999,12562388.21287000,53952,25647.78200000,5086838.96325000,0
1756746000000000,198.56000000,199.12000000,197.41000000,198.10000000,62529.78500000,1756747799999999,12389953.78914000,62832,27770.37400000,5504360.05197000,0
1756747800000000,198.09000000,198.83000000,197.27000000,198.55000000,53173.54500000,1756749599999999,10528489.85855000,44424,26869.09400000,5322181.04137000,0
1756749600000000,198.54000000,199.35000000,198.42000000,198.86000000,51040.87400000,1756751399999999,10153697.99103000,42779,22715.02800000,4518721.17762000,0
1756751400000000,198.85000000,199.52000000,198.47000000,199.23000000,38127.69700000,1756753199999999,7591252.69552000,29715,17229.99300000,3430726.85883000,0
1756753200000000,199.23000000,199.88000000,199.14000000,199.19000000,29915.50500000,1756754999999999,5969710.61060000,27406,12126.72900000,2419831.43940000,0
1756755000000000,199.19000000,200.16000000,199.18000000,200.16000000,31763.68000000,1756756799999999,6348261.27350000,24570,12215.39100000,2441022.00746000,0
1756756800000000,200.16000000,200.17000000,199.31000000,199.66000000,19868.86800000,1756758599999999,3967664.24626000,22662,6941.11400000,1385826.96197000,0
1756758600000000,199.66000000,199.79000000,196.16000000,197.71000000,210603.33700000,1756760399999999,41561969.48633000,117444,87163.68900000,17197295.95196000,0
1756760400000000,197.71000000,197.80000000,195.64000000,196.00000000,155207.96700000,1756762199999999,30512543.67672000,73844,52972.10800000,10424123.23896000,0
1756762200000000,196.00000000,196.18000000,194.43000000,195.06000000,129267.60200000,1756763999999999,25236700.22561000,71930,55160.56900000,10772142.09064000,0
1756764000000000,195.07000000,195.56000000,194.45000000,194.70000000,82148.21200000,1756765799999999,16004058.14160000,56978,40521.93800000,7894537.24011000,0
1756765800000000,194.70000000,195.97000000,194.19000000,195.76000000,80884.98300000,1756767599999999,15768355.71396000,51346,39505.74600000,7704338.10494000,0
1756767600000000,195.76000000,196.55000000,195.67000000,196.31000000,61524.71000000,1756769399999999,12066584.48647000,43441,36254.49500000,7110807.35575000,0
1756769400000000,196.30000000,197.44000000,195.47000000,197.32000000,50775.25900000,1756771199999999,9982941.16506000,42510,29799.36900000,5860814.01087000,0
1756771200000000,197.32000000,197.90000000,196.77000000,197.23000000,61923.88600000,1756772999999999,12217145.20428000,44333,34839.29700000,6874158.34225000,0
1756773000000000,197.22000000,197.99000000,196.99000000,197.71000000,46293.94600000,1756774799999999,9142916.05061000,36439,22978.89900000,4539282.33507000,0
1756774800000000,197.71000000,198.70000000,197.24000000,198.21000000,76555.47100000,1756776599999999,15151278.37245000,40678,44571.17100000,8821168.79433000,0
1756776600000000,198.21000000,200.02000000,197.65000000,199.27000000,101787.54100000,1756778399999999,20275269.88808000,57913,61530.47100000,12262315.53505000,0
1756778400000000,199.26000000,200.50000000,198.84000000,199.85000000,84516.56200000,1756780199999999,16877196.98966000,46409,45757.16500000,9138898.11200000,0
1756780200000000,199.85000000,202.40000000,199.46000000,202.25000000,120708.16500000,1756781999999999,24263871.79274000,55960,76962.47700000,15477763.09509000,0
1756782000000000,202.25000000,203.36000000,201.82000000,202.29000000,121826.28900000,1756783799999999,24675857.56845000,72608,56675.47100000,11483849.50068000,0
1756783800000000,202.29000000,202.40000000,201.58000000,201.85000000,69664.78900000,1756785599999999,14075450.35092000,37645,34444.31600000,6958847.70778000,0
1756785600000000,201.86000000,202.57000000,201.39000000,202.37000000,56254.92400000,1756787399999999,11364822.76945000,34919,35141.96500000,7099536.11819000,0
1756787400000000,202.37000000,203.14000000,202.19000000,203.00000000,49432.63700000,1756789199999999,10014382.66450000,32553,33428.33200000,6772918.66240000,0
1756789200000000,203.00000000,203.15000000,201.94000000,202.71000000,44976.06000000,1756790999999999,9111037.66042000,34264,24010.93800000,4864855.71145000,0
1756791000000000,202.71000000,203.50000000,202.62000000,203.26000000,51099.51900000,1756792799999999,10379156.84023000,31673,32245.69800000,6550270.83508000,0
1756792800000000,203.27000000,204.45000000,203.14000000,203.87000000,143719.06300000,1756794599999999,29308701.20422000,55907,81225.23700000,16562559.84154000,0
1756794600000000,203.86000000,204.45000000,203.68000000,204.10000000,46818.13600000,1756796399999999,9558305.07656000,31411,29284.30400000,5979627.40855000,0
1756796400000000,204.11000000,204.20000000,202.59000000,203.05000000,97323.41700000,1756798199999999,19796348.99765000,41153,47536.78300000,9669876.27902000,0
1756798200000000,203.04000000,203.41000000,201.85000000,202.12000000,84260.69600000,1756799999999999,17059858.98726000,47137,37328.57600000,7561686.00360000,0
1756800000000000,202.12000000,203.57000000,202.03000000,203.45000000,66796.41900000,1756801799999999,13553137.78375000,45717,34058.08200000,6910778.17928000,0
1756801800000000,203.44000000,203.90000000,202.98000000,203.10000000,58528.77300000,1756803599999999,11906270.74212000,37285,28242.28600000,5744933.22847000,0
1756803600000000,203.10000000,204.15000000,202.81000000,203.35000000,59306.80900000,1756805399999999,12080498.37930000,35566,31099.93000000,6336828.07578000,0
1756805400000000,203.36000000,204.39000000,203.09000000,204.39000000,72292.99100000,1756807199999999,14743653.26886000,32524,39177.78300000,7990547.03603000,0
1756807200000000,204.39000000,204.45000000,203.57000000,203.63000000,64487.65400000,1756808999999999,13155641.66191000,37669,29431.79400000,6004681.05985000,0
1756809000000000,203.62000000,203.92000000,203.39000000,203.71000000,45888.72400000,1756810799999999,9344953.38876000,36155,24285.15500000,4946153.00352000,0
1756810800000000,203.71000000,203.78000000,202.44000000,202.53000000,49519.50400000,1756812599999999,10049807.57559000,39684,22624.33500000,4591523.93089000,0
1756812600000000,202.54000000,203.10000000,201.67000000,201.98000000,68352.77300000,1756814399999999,13842078.22084000,40291,22848.50900000,4627675.47831000,0
1756814400000000,201.97000000,202.23000000,200.21000000,200.72000000,116523.94200000,1756816199999999,23399652.16990000,81690,50934.06800000,10229524.67225000,0
1756816200000000,200.72000000,200.99000000,197.37000000,197.99000000,185281.27200000,1756817999999999,36818808.59425000,113419,83315.31800000,16541639.13499000,0
1756818000000000,197.99000000,200.16000000,197.81000000,199.37000000,152596.27900000,1756819799999999,30376953.51802000,76069,91978.77900000,18306711.30614000,0
1756819800000000,199.38000000,204.30000000,198.50000000,204.05000000,329179.04100000,1756821599999999,66596218.40342000,204499,196365.52500000,39746228.45005000,0
1756821600000000,204.04000000,205.15000000,202.66000000,204.56000000,245483.01400000,1756823399999999,50078654.17644000,149196,141456.63200000,28873460.92034000,0
1756823400000000,204.56000000,204.99000000,203.42000000,204.37000000,149643.79100000,1756825199999999,30555594.33261000,86314,72731.44400000,14851900.06119000,0
1756825200000000,204.36000000,204.62000000,202.49000000,203.35000000,125377.89900000,1756826999999999,25488356.26321000,88122,69077.19500000,14042512.46974000,0
1756827000000000,203.34000000,203.44000000,199.77000000,200.30000000,132887.70400000,1756828799999999,26765063.59893000,81110,53345.10200000,10745836.71644000,0
1756828800000000,200.29000000,201.99000000,199.48000000,199.74000000,99714.24100000,1756830599999999,20026672.80231000,79202,56781.68800000,11405246.36697000,0
1756830600000000,199.73000000,201.61000000,199.71000000,201.47000000,67012.30100000,1756832399999999,13449723.78299000,62714,39920.76900000,8012251.45507000,0
1756832400000000,201.48000000,204.20000000,201.48000000,203.99000000,93172.20800000,1756834199999999,18893575.06104000,63127,62985.38500000,12772103.16184000,0
1756834200000000,203.99000000,205.36000000,203.96000000,204.80000000,174640.92600000,1756835999999999,35753683.33171000,81616,112937.24300000,23121955.63140000,0
1756836000000000,204.79000000,205.02000000,203.72000000,204.06000000,105791.65900000,1756837799999999,21600096.83566000,67093,45667.97900000,9324931.89371000,0
1756837800000000,204.05000000,206.52000000,203.33000000,205.65000000,136504.84200000,1756839599999999,27985547.51775000,82754,75165.87300000,15421201.42092000,0
1756839600000000,205.66000000,207.00000000,204.69000000,204.99000000,120762.75100000,1756841399999999,24860169.78612000,81391,65063.81200000,13400778.06247000,0
1756841400000000,205.00000000,206.11000000,204.43000000,205.54000000,63243.57400000,1756843199999999,12979573.37554000,50042,33696.36600000,6918803.95080000,0
1756843200000000,205.53000000,208.23000000,204.91000000,207.13000000,109168.46000000,1756844999999999,22600769.76358000,71641,66142.24200000,13695931.25657000,0
1756845000000000,207.13000000,208.20000000,206.71000000,206.73000000,104906.01900000,1756846799999999,21761382.45834000,55805,60156.31800000,12481562.41029000,0
1756846800000000,206.73000000,207.99000000,206.65000000,207.10000000,83063.85300000,1756848599999999,17215767.45555000,36301,52877.75100000,10961063.12451000,0
1756848600000000,207.10000000,208.00000000,207.01000000,207.26000000,61901.76300000,1756850399999999,12852803.81696000,25833,42163.37400000,8754829.46953000,0
1756850400000000,207.26000000,207.86000000,206.63000000,207.21000000,64532.82000000,1756852199999999,13366039.24033000,46084,34920.91000000,7233945.52828000,0
1756852200000000,207.21000000,208.87000000,206.90000000,208.66000000,162502.39900000,1756853999999999,33805586.88023000,50340,102485.02400000,21321341.77297000,0
1756854000000000,208.66000000,209.68000000,207.96000000,208.84000000,168953.95400000,1756855799999999,35291521.28443000,64450,101141.91700000,21125719.31392000,0
1756855800000000,208.84000000,209.65000000,208.48000000,209.65000000,99458.08900000,1756857599999999,20783442.35119000,49297,56435.19800000,11793878.02859000,0
1756857600000000,209.64000000,210.47000000,208.68000000,209.51000000,189348.33000000,1756859399999999,39689617.91202000,69842,108428.75300000,22735063.96270000,0
1756859400000000,209.51000000,209.90000000,207.88000000,208.37000000,156148.77200000,1756861199999999,32551972.48251000,59330,99700.92400000,20776478.26279000,0
1756861200000000,208.36000000,208.82000000,207.42000000,207.49000000,120666.44800000,1756862999999999,25116713.95384000,51285,48547.79000000,10106483.00373000,0
1756863000000000,207.50000000,211.84000000,207.50000000,211.47000000,158287.82100000,1756864799999999,33195257.79316000,85002,100134.48600000,21010624.27801000,0
1756864800000000,211.46000000,211.97000000,210.59000000,211.13000000,157979.73000000,1756866599999999,33390280.41636000,88972,87738.36100000,18544675.84178000,0
1756866600000000,211.13000000,211.76000000,210.34000000,211.28000000,132768.12300000,1756868399999999,28028107.84773000,55253,75859.60200000,16013269.98265000,0
1756868400000000,211.27000000,211.84000000,210.27000000,210.38000000,59899.68100000,1756870199999999,12642142.09880000,38860,25241.28000000,5329323.58753000,0
1756870200000000,210.37000000,210.49000000,209.32000000,210.03000000,99302.52500000,1756871999999999,20845318.44197000,41270,39629.71600000,8318085.45554000,0
1756872000000000,210.02000000,210.39000000,209.21000000,209.71000000,64270.36300000,1756873799999999,13480037.90487000,34456,35407.77100000,7430001.80928000,0
1756873800000000,209.70000000,210.46000000,209.64000000,210.28000000,44687.73200000,1756875599999999,9386061.00417000,30991,30915.12900000,6493249.82331000,0
1756875600000000,210.28000000,210.48000000,208.93000000,209.10000000,42019.13000000,1756877399999999,8811268.30195000,33626,18062.61200000,3789090.33657000,0
1756877400000000,209.11000000,209.55000000,208.95000000,209.03000000,51744.51700000,1756879199999999,10826390.56883000,32352,26351.85000000,5514147.15040000,0
1756879200000000,209.04000000,209.17000000,207.94000000,208.81000000,163178.96700000,1756880999999999,33994525.40712000,52819,97233.09700000,20252237.04490000,0
1756881000000000,208.82000000,209.45000000,208.09000000,208.44000000,83684.89600000,1756882799999999,17450768.01737000,35217,45350.88600000,9456919.57031000,0
1756882800000000,208.44000000,208.93000000,208.04000000,208.58000000,67787.95100000,1756884599999999,14128921.05804000,47134,38873.75900000,8102232.60190000,0
1756884600000000,208.58000000,209.41000000,208.35000000,209.36000000,47688.14000000,1756886399999999,9967397.93699000,28286,24939.65800000,5212901.78822000,0
1756886400000000,209.36000000,210.75000000,209.28000000,209.95000000,85221.38900000,1756888199999999,17901237.81821000,41877,59427.33600000,12482805.74591000,0
1756888200000000,209.95000000,210.12000000,208.93000000,209.40000000,85420.93600000,1756889999999999,17905987.15316000,32395,40086.82600000,8402527.06532000,0
1756890000000000,209.40000000,209.59000000,208.15000000,208.69000000,80995.89000000,1756891799999999,16900480.25514000,40866,33591.08600000,7009184.50583000,0
1756891800000000,208.68000000,209.68000000,208.45000000,209.61000000,57279.77800000,1756893599999999,11975259.09052000,35964,35691.97900000,7462419.55671000,0
1756893600000000,209.62000000,210.32000000,208.93000000,210.21000000,69488.49300000,1756895399999999,14575299.78578000,39078,43967.72000000,9224969.22772000,0
1756895400000000,210.21000000,210.37000000,209.67000000,209.92000000,55818.53500000,1756897199999999,11725846.44623000,30610,23192.68700000,4872589.06814000,0
1756897200000000,209.91000000,210.87000000,209.65000000,210.69000000,58044.56000000,1756898999999999,12215583.11491000,31809,33116.56600000,6969647.68115000,0
1756899000000000,210.69000000,211.34000000,210.18000000,210.38000000,80490.20700000,1756900799999999,16962454.52407000,40084,51924.58700000,10942479.60918000,0
1756900800000000,210.37000000,211.40000000,210.24000000,210.33000000,145937.60100000,1756902599999999,30801688.07180000,38127,111391.30600000,23511586.52666000,0
1756902600000000,210.33000000,211.13000000,208.69000000,209.14000000,102536.78600000,1756904399999999,21480385.50988000,51929,37576.63200000,7879737.38875000,0
1756904400000000,209.14000000,211.06000000,209.10000000,210.20000000,121151.09000000,1756906199999999,25476195.24774000,60050,63177.85400000,13282017.34628000,0
1756906200000000,210.20000000,213.02000000,210.19000000,211.62000000,243898.99200000,1756907999999999,51654870.78610000,122113,129875.52000000,27513746.74931000,0
1756908000000000,211.63000000,212.66000000,210.35000000,211.11000000,228071.86700000,1756909799999999,48202258.34733000,108525,106664.24200000,22540996.24974000,0
1756909800000000,211.12000000,212.66000000,210.79000000,212.07000000,153371.58100000,1756911599999999,32490321.05342000,82342,85053.14800000,18015484.44052000,0
1756911600000000,212.07000000,212.66000000,211.46000000,211.57000000,97129.29900000,1756913399999999,20612150.82394000,46622,50935.68000000,10809904.29566000,0
1756913400000000,211.56000000,212.24000000,210.91000000,211.37000000,75275.80600000,1756915199999999,15936146.38746000,38110,39664.02400000,8396964.30591000,0
1756915200000000,211.37000000,211.97000000,210.20000000,210.23000000,64514.52100000,1756916999999999,13615387.04905000,50188,21421.40900000,4521702.93835000,0
1756917000000000,210.24000000,210.64000000,209.46000000,209.93000000,53379.62000000,1756918799999999,11207112.44759000,39949,21475.30800000,4507805.03909000,0
1756918800000000,209.93000000,211.17000000,209.93000000,211.16000000,44450.50600000,1756920599999999,9361582.42796000,37611,24929.87300000,5251180.96209000,0
1756920600000000,211.15000000,211.56000000,210.31000000,210.81000000,43637.63800000,1756922399999999,9207146.46295000,40821,19967.14900000,4212306.05476000,0
1756922400000000,210.80000000,211.19000000,209.94000000,209.98000000,39703.76500000,1756924199999999,8366858.96131000,34340,20385.75200000,4298721.98092000,0
1756924200000000,209.98000000,210.34000000,208.83000000,209.68000000,62163.17400000,1756925999999999,13016631.18703000,36804,28084.29600000,5881054.39645000,0
1756926000000000,209.67000000,209.97000000,209.29000000,209.58000000,39291.93900000,1756927799999999,8238206.65143000,30553,22244.20200000,4663970.41121000,0
1756927800000000,209.59000000,210.48000000,209.36000000,210.38000000,41463.17200000,1756929599999999,8705448.80205000,27602,20556.58900000,4317565.55948000,0
1756929600000000,210.38000000,210.46000000,209.33000000,209.36000000,31471.61600000,1756931399999999,6607241.22743000,27416,14667.47700000,3079744.24260000,0
1756931400000000,209.36000000,209.94000000,209.22000000,209.43000000,33445.39800000,1756933199999999,7006634.79734000,19689,21840.49200000,4575926.93357000,0
1756933200000000,209.42000000,209.52000000,209.03000000,209.21000000,22406.02200000,1756934999999999,4688524.05988000,15234,12359.79600000,2586306.49931000,0
1756935000000000,209.20000000,209.22000000,208.38000000,208.88000000,39223.11200000,1756936799999999,8190015.99670000,19222,14297.71600000,2985741.04759000,0
1756936800000000,208.88000000,209.43000000,208.51000000,209.02000000,49160.06400000,1756938599999999,10271565.43454000,28197,28813.40900000,6019046.21580000,0
1756938600000000,209.02000000,209.89000000,208.83000000,209.88000000,27555.49200000,1756940399999999,5767706.27168000,19994,18691.14000000,3912088.60319000,0
1756940400000000,209.89000000,210.66000000,209.65000000,210.65000000,27477.49700000,1756942199999999,5772444.45736000,22659,17115.64200000,3596325.47582000,0
1756942200000000,210.65000000,210.96000000,209.85000000,210.77000000,64252.21100000,1756943999999999,13525940.91388000,28618,31104.01900000,6548680.71303000,0
1756944000000000,210.77000000,211.94000000,210.45000000,211.40000000,85735.95800000,1756945799999999,18114162.16964000,38141,48278.19900000,10202989.45441000,0
1756945800000000,211.41000000,211.52000000,210.80000000,211.23000000,32352.54200000,1756947599999999,6832564.86121000,25062,18545.63800000,3916994.41255000,0
1756947600000000,211.24000000,211.25000000,209.75000000,209.95000000,36241.61800000,1756949399999999,7621496.13726000,27802,12425.08900000,2612135.34386000,0
1756949400000000,209.95000000,210.93000000,209.88000000,210.39000000,62761.88600000,1756951199999999,13211560.00984000,33263,30152.37100000,6345539.08927000,0
1756951200000000,210.39000000,210.54000000,208.20000000,208.21000000,118914.20700000,1756952999999999,24838846.44624000,39645,55442.65900000,11574260.12113000,0
1756953000000000,208.20000000,208.83000000,207.47000000,208.25000000,82618.34500000,1756954799999999,17205234.07555000,48888,37880.05500000,7890764.25506000,0
1756954800000000,208.25000000,208.67000000,207.60000000,207.75000000,39520.06300000,1756956599999999,8225282.05978000,34352,18207.33700000,3790041.16872000,0
1756956600000000,207.76000000,208.43000000,207.57000000,208.19000000,30841.44300000,1756958399999999,6413550.80598000,25176,12803.10900000,2662090.64540000,0
1756958400000000,208.19000000,208.56000000,207.55000000,207.60000000,28453.52100000,1756960199999999,5918525.96928000,24875,14132.19300000,2939538.11647000,0
1756960200000000,207.60000000,208.00000000,206.94000000,207.17000000,41297.12400000,1756961999999999,8569306.04227000,24716,21465.20600000,4455509.97098000,0
1756962000000000,207.17000000,207.17000000,205.68000000,206.23000000,104266.92300000,1756963799999999,21512017.87316000,55140,34133.76800000,7043165.60920000,0
1756963800000000,206.24000000,206.82000000,205.96000000,206.79000000,42884.59800000,1756965599999999,8849712.78119000,27691,21759.68200000,4490894.89544000,0
1756965600000000,206.79000000,207.22000000,206.39000000,207.14000000,45364.06900000,1756967399999999,9382693.06880000,26815,26941.90500000,5572375.56019000,0
1756967400000000,207.14000000,207.15000000,206.31000000,206.33000000,31970.20100000,1756969199999999,6610628.82643000,22966,9741.92700000,2014403.01996000,0
1756969200000000,206.33000000,207.44000000,206.25000000,206.83000000,33822.59000000,1756970999999999,6998948.09996000,24708,16610.38100000,3438694.17492000,0
1756971000000000,206.84000000,206.98000000,206.44000000,206.68000000,25337.12200000,1756972799999999,5238487.11772000,16419,12048.28700000,2490979.86957000,0
1756972800000000,206.68000000,207.95000000,206.58000000,207.92000000,29623.29200000,1756974599999999,6145553.38577000,26400,20663.41700000,4286891.96424000,0
1756974600000000,207.92000000,208.15000000,207.00000000,207.06000000,25575.41600000,1756976399999999,5308807.45777000,17767,16014.87300000,3324726.36973000,0
1756976400000000,207.07000000,208.12000000,207.07000000,207.55000000,34241.49800000,1756978199999999,7111255.79599000,19209,12359.44800000,2566699.63188000,0
1756978200000000,207.56000000,208.09000000,207.52000000,208.06000000,25741.63300000,1756979999999999,5348748.55663000,16565,15106.34200000,3138631.95386000,0
1756980000000000,208.06000000,208.75000000,207.79000000,208.08000000,67243.88500000,1756981799999999,14010722.49662000,26714,42062.39800000,8763787.68298000,0
1756981800000000,208.09000000,208.79000000,207.54000000,207.54000000,26503.56600000,1756983599999999,5521137.08383000,20543,13535.38200000,2821503.63657000,0
1756983600000000,207.53000000,208.42000000,207.00000000,207.68000000,35676.96900000,1756985399999999,7408992.05531000,34804,16290.14800000,3384112.95682000,0
1756985400000000,207.68000000,208.14000000,207.21000000,207.22000000,34864.06100000,1756987199999999,7240187.31809000,19898,14470.49700000,3006081.71363000,0
1756987200000000,207.23000000,208.49000000,207.05000000,208.15000000,45313.94700000,1756988999999999,9413742.59664000,35387,19979.55900000,4152230.09144000,0
1756989000000000,208.14000000,208.50000000,207.00000000,208.37000000,59484.12500000,1756990799999999,12354974.81504000,47277,22809.20300000,4739109.73718000,0
1756990800000000,208.36000000,208.48000000,207.32000000,207.93000000,55210.96600000,1756992599999999,11474001.35731000,35906,16326.77400000,3395394.45417000,0
1756992600000000,207.92000000,208.29000000,206.33000000,207.06000000,111000.36500000,1756994399999999,22997233.19287000,77234,56563.49500000,11717907.39659000,0
1756994400000000,207.05000000,207.71000000,204.18000000,206.16000000,207997.14700000,1756996199999999,42761248.82855000,127931,82524.25500000,16974801.46241000,0
1756996200000000,206.15000000,206.82000000,205.39000000,205.39000000,80193.92700000,1756997999999999,16528876.45952000,49604,36098.79900000,7441784.85708000,0
1756998000000000,205.39000000,205.41000000,203.55000000,204.05000000,151004.93600000,1756999799999999,30843113.35822000,81302,59305.59900000,12115946.51467000,0
1756999800000000,204.05000000,204.43000000,203.38000000,203.76000000,74690.03100000,1757001599999999,15233371.42002000,46675,46082.40600000,9401460.78468000,0
1757001600000000,203.77000000,204.43000000,203.54000000,203.76000000,50121.01000000,1757003399999999,10224354.35296000,37229,25585.56800000,5220173.92219000,0
1757003400000000,203.75000000,204.87000000,203.53000000,204.59000000,50369.81600000,1757005199999999,10280555.50059000,28085,29571.83300000,6035260.85617000,0
1757005200000000,204.58000000,205.18000000,204.43000000,205.00000000,41958.70400000,1757006999999999,8596457.41597000,25514,29294.30400000,6002186.53563000,0
1757007000000000,205.00000000,205.04000000,203.94000000,203.96000000,30938.50800000,1757008799999999,6325013.16639000,26571,14203.13800000,2904301.49390000,0
1757008800000000,203.97000000,204.71000000,203.14000000,203.16000000,58049.99200000,1757010599999999,11839001.86396000,35283,29262.25200000,5972550.75894000,0
1757010600000000,203.16000000,203.77000000,202.28000000,203.08000000,87075.45400000,1757012399999999,17669599.87209000,46900,34826.33200000,7069486.06744000,0
1757012400000000,203.07000000,203.67000000,202.92000000,203.43000000,26352.73400000,1757014199999999,5357701.25276000,26548,14567.74100000,2961953.24975000,0
1757014200000000,203.43000000,203.56000000,201.84000000,202.12000000,56571.25500000,1757015999999999,11451176.68847000,39783,23556.78800000,4770773.54409000,0
1757016000000000,202.11000000,203.79000000,201.88000000,203.79000000,66736.58300000,1757017799999999,13548152.63956000,40396,39994.93200000,8122451.58146000,0
1757017800000000,203.78000000,203.79000000,202.43000000,202.63000000,52605.28700000,1757019599999999,10685117.46313000,20681,20306.24300000,4123007.35428000,0
1757019600000000,202.63000000,203.45000000,202.47000000,203.02000000,38776.12500000,1757021399999999,7874406.87199000,20964,25736.47800000,5226288.06378000,0
1757021400000000,203.03000000,204.02000000,202.73000000,203.82000000,49654.62700000,1757023199999999,10105081.12609000,17795,26845.71900000,5463242.47150000,0
1757023200000000,203.81000000,204.19000000,202.76000000,203.58000000,61320.87800000,1757024999999999,12476896.88906000,35478,32916.67900000,6696174.27331000,0
1757025000000000,203.57000000,204.74000000,203.21000000,204.19000000,47299.18900000,1757026799999999,9644353.66054000,31574,26672.32000000,5439127.10231000,0
1757026800000000,204.20000000,204.82000000,203.84000000,203.87000000,54232.06500000,1757028599999999,11081542.18772000,41960,25679.09200000,5247533.23133000,0
1757028600000000,203.86000000,203.90000000,202.23000000,202.32000000,47969.07600000,1757030399999999,9736306.99122000,31513,14509.95800000,2945267.62964000,0
1757030400000000,202.32000000,202.92000000,201.71000000,202.50000000,64575.26000000,1757032199999999,13067790.13538000,40052,37485.10300000,7588256.71925000,0
1757032200000000,202.50000000,202.78000000,201.00000000,201.19000000,72758.88200000,1757033999999999,14678312.09411000,45882,31315.65100000,6321569.50705000,0
1757034000000000,201.19000000,202.60000000,200.95000000,202.53000000,61169.55100000,1757035799999999,12328757.58085000,39977,35606.42500000,7178914.16177000,0
1757035800000000,202.53000000,203.78000000,202.44000000,203.47000000,62925.49700000,1757037599999999,12781270.63965000,32988,38641.16600000,7847585.56122000,0
1757037600000000,203.47000000,203.92000000,202.66000000,203.19000000,42037.12600000,1757039399999999,8545091.54300000,36547,15934.53300000,3239373.19452000,0
1757039400000000,203.20000000,204.05000000,203.02000000,204.04000000,53206.23600000,1757041199999999,10835762.28714000,32865,31341.10400000,6383309.90062000,0
1757041200000000,204.03000000,204.03000000,202.56000000,202.74000000,27483.27200000,1757042999999999,5586001.93519000,25311,9907.58500000,2013568.21960000,0
1757043000000000,202.74000000,203.64000000,202.48000000,203.53000000,43996.89800000,1757044799999999,8939558.00524000,24111,25410.17600000,5166137.82737000,0
1757044800000000,203.53000000,203.66000000,203.00000000,203.38000000,17833.59800000,1757046599999999,3627369.78934000,17398,6248.77900000,1270947.38938000,0
1757046600000000,203.38000000,204.46000000,203.38000000,204.12000000,46585.24300000,1757048399999999,9499511.54457000,19976,23129.14600000,4717910.18390000,0
1757048400000000,204.12000000,204.87000000,203.94000000,204.26000000,80033.57200000,1757050199999999,16356319.61534000,27998,43378.60000000,8868184.88018000,0
1757050200000000,204.26000000,204.89000000,203.92000000,204.67000000,67942.30700000,1757051999999999,13894472.32500000,26610,29282.81400000,5989398.42528000,0
1757052000000000,204.67000000,204.74000000,203.90000000,203.98000000,83826.45100000,1757053799999999,17126448.70810000,30113,29946.29300000,6120695.39020000,0
1757053800000000,203.99000000,204.87000000,203.96000000,204.86000000,45227.90100000,1757055599999999,9248018.44642000,19437,19648.59100000,4017583.49977000,0
1757055600000000,204.86000000,207.26000000,204.75000000,207.22000000,145005.91800000,1757057399999999,29897948.35036000,61827,81330.34400000,16766176.59611000,0
1757057400000000,207.22000000,208.43000000,206.86000000,207.87000000,191679.36800000,1757059199999999,39828524.64855000,64609,97900.91100000,20344595.26488000,0
1757059200000000,207.87000000,207.96000000,206.49000000,207.23000000,149408.02600000,1757060999999999,30950010.23395000,47157,54359.59600000,11258155.21479000,0
1757061000000000,207.23000000,207.30000000,206.49000000,206.55000000,59212.52300000,1757062799999999,12248710.41267000,26839,22295.85900000,4612435.31689000,0
1757062800000000,206.56000000,206.93000000,204.69000000,204.80000000,102227.12400000,1757064599999999,21051318.43130000,39457,41195.74000000,8490831.42373000,0
1757064600000000,204.80000000,205.88000000,204.52000000,205.88000000,76388.40800000,1757066399999999,15662850.51071000,37123,38565.72700000,7909187.85737000,0
1757066400000000,205.88000000,206.62000000,205.73000000,206.13000000,38252.28100000,1757068199999999,7885807.07181000,28977,21211.79000000,4373232.66866000,0
1757068200000000,206.13000000,206.59000000,205.81000000,206.05000000,26532.53400000,1757069999999999,5469496.66802000,21817,13408.20300000,2764418.17867000,0
1757070000000000,206.04000000,207.00000000,206.00000000,206.93000000,55184.53100000,1757071799999999,11404136.34799000,29125,39082.21400000,8077425.69392000,0
1757071800000000,206.93000000,207.04000000,206.61000000,206.67000000,32889.66300000,1757073599999999,6802408.39526000,22435,16496.19100000,3411860.36140000,0
1757073600000000,206.67000000,207.94000000,206.36000000,207.91000000,57418.64500000,1757075399999999,11892339.61312000,39733,32125.10700000,6656090.93358000,0
1757075400000000,207.91000000,209.74000000,204.93000000,209.04000000,445762.84800000,1757077199999999,92631706.70915000,238267,230844.49800000,47988160.38887000,0
1757077200000000,209.05000000,209.40000000,208.39000000,209.19000000,106587.88800000,1757078999999999,22273395.98014000,72261,56641.94700000,11838033.65414000,0
1757079000000000,209.19000000,210.00000000,208.52000000,209.65000000,129066.16100000,1757080799999999,27038388.74831000,104357,62374.78600000,13070464.65694000,0
1757080800000000,209.66000000,209.66000000,204.88000000,205.14000000,256530.22200000,1757082599999999,53010281.27888000,175880,107264.88300000,22129359.96700000,0
1757082600000000,205.14000000,205.59000000,201.62000000,202.24000000,361277.05800000,1757084399999999,73394054.91820000,218595,172956.13800000,35139230.39871000,0
1757084400000000,202.24000000,204.34000000,201.61000000,203.83000000,184417.28300000,1757086199999999,37421128.44144000,108367,115791.33300000,23499430.61981000,0
1757086200000000,203.83000000,204.45000000,202.78000000,203.56000000,98914.49700000,1757087999999999,20149083.39885000,67196,48998.76100000,9980190.88695000,0
1757088000000000,203.55000000,203.56000000,202.50000000,202.97000000,95501.76800000,1757089799999999,19397784.17107000,63783,44109.35400000,8959447.01530000,0
1757089800000000,202.97000000,204.07000000,202.96000000,203.76000000,55305.96400000,1757091599999999,11258691.31619000,50384,26430.97200000,5381196.03080000,0
1757091600000000,203.76000000,203.79000000,202.80000000,202.81000000,69780.61000000,1757093399999999,14176720.62011000,43997,21690.89700000,4407540.28628000,0
1757093400000000,202.81000000,203.38000000,202.21000000,202.41000000,67118.64700000,1757095199999999,13604202.33887000,42686,31890.76400000,6463751.22335000,0
1757095200000000,202.41000000,203.02000000,201.91000000,203.02000000,47073.28800000,1757096999999999,9523459.18752000,34862,20530.08600000,4155452.42578000,0
1757097000000000,203.01000000,204.70000000,202.81000000,204.33000000,79369.97400000,1757098799999999,16177402.20723000,43324,44030.34600000,8975806.67308000,0
1757098800000000,204.33000000,205.55000000,203.88000000,205.40000000,70584.44500000,1757100599999999,14471364.14193000,38247,37389.48400000,7665616.38967000,0
1757100600000000,205.40000000,205.51000000,204.66000000,205.44000000,43117.78600000,1757102399999999,8840170.65280000,36836,20435.98400000,4190696.06103000,0
1757102400000000,205.43000000,205.69000000,204.43000000,205.02000000,44908.31400000,1757104199999999,9209059.22241000,29719,26282.99300000,5391110.16082000,0
1757104200000000,205.03000000,205.56000000,204.59000000,205.56000000,30520.23700000,1757105999999999,6263560.95987000,23555,19618.08800000,4026278.52909000,0
1757106000000000,205.56000000,205.67000000,202.90000000,204.16000000,96740.96000000,1757107799999999,19739692.92468000,61625,49885.04700000,10178454.83537000,0
1757107800000000,204.16000000,204.74000000,202.98000000,203.13000000,45852.09700000,1757109599999999,9348689.91828000,36428,21679.83200000,4421622.50620000,0
1757109600000000,203.13000000,203.51000000,202.70000000,203.14000000,27932.40400000,1757111399999999,5673977.70137000,24389,17404.79800000,3535844.96748000,0
1757111400000000,203.14000000,204.37000000,203.03000000,204.12000000,21884.48500000,1757113199999999,4462423.13254000,18207,13117.17300000,2674074.82554000,0
1757113200000000,204.11000000,204.49000000,203.90000000,203.91000000,17281.55400000,1757114999999999,3528795.39758000,14418,10417.27500000,2127436.25930000,0
1757115000000000,203.91000000,203.93000000,203.22000000,203.36000000,22065.95000000,1757116799999999,4491941.25404000,13133,11356.29200000,2312341.23538000,0
1757116800000000,203.37000000,204.29000000,203.18000000,204.06000000,27225.37900000,1757118599999999,5545457.93766000,18954,19569.77400000,3986369.63025000,0
1757118600000000,204.05000000,204.25000000,203.66000000,203.87000000,26629.02500000,1757120399999999,5430483.45184000,16351,20564.46400000,4193711.64487000,0
1757120400000000,203.86000000,204.08000000,203.49000000,203.72000000,18092.86800000,1757122199999999,3687374.92734000,9627,12255.66400000,2497581.50060000,0
1757122200000000,203.73000000,204.68000000,203.58000000,204.41000000,27173.91800000,1757123999999999,5550309.98218000,16266,20485.28200000,4184108.42664000,0
1757124000000000,204.42000000,204.66000000,203.14000000,203.56000000,51632.74500000,1757125799999999,10518009.78004000,20770,17648.35300000,3594712.44554000,0
1757125800000000,203.56000000,204.31000000,203.33000000,204.31000000,29320.28500000,1757127599999999,5975755.40902000,16450,20161.70600000,4109623.71815000,0
1757127600000000,204.30000000,204.57000000,203.97000000,204.38000000,22161.60100000,1757129399999999,4526736.33966000,15304,13919.21100000,2843144.39994000,0
1757129400000000,204.39000000,204.42000000,203.80000000,204.07000000,17507.68000000,1757131199999999,3572846.76623000,12319,9624.98400000,1964331.41864000,0
1757131200000000,204.06000000,204.07000000,203.34000000,203.71000000,19939.54500000,1757132999999999,4059467.47847000,10172,9672.05700000,1968830.17582000,0
1757133000000000,203.72000000,203.72000000,203.21000000,203.23000000,20531.37000000,1757134799999999,4177207.49097000,9759,12267.11200000,2495827.91678000,0
1757134800000000,203.23000000,203.35000000,202.47000000,202.74000000,84773.96300000,1757136599999999,17199888.60063000,18226,27284.05300000,5538316.70570000,0
1757136600000000,202.74000000,202.92000000,202.13000000,202.26000000,43114.62600000,1757138399999999,8728819.50358000,17450,26393.47800000,5343389.99463000,0
1757138400000000,202.25000000,202.64000000,202.07000000,202.37000000,38382.41400000,1757140199999999,7766724.70378000,17783,25407.74900000,5141531.81918000,0
1757140200000000,202.37000000,202.62000000,202.28000000,202.44000000,21983.68600000,1757141999999999,4450448.36946000,12794,16649.28200000,3370501.34813000,0
1757142000000000,202.44000000,203.00000000,202.40000000,202.98000000,24034.54100000,1757143799999999,4871255.50055000,10744,17133.70500000,3472237.10578000,0
1757143800000000,202.99000000,203.27000000,202.88000000,203.03000000,17580.41900000,1757145599999999,3570089.45510000,11505,10847.24000000,2202876.16592000,0
1757145600000000,203.03000000,203.15000000,202.66000000,203.09000000,19521.98100000,1757147399999999,3961612.38309000,12957,9273.46800000,1882028.73521000,0
1757147400000000,203.10000000,203.56000000,203.10000000,203.49000000,27099.68200000,1757149199999999,5512147.12409000,11426,7376.36700000,1500141.54615000,0
1757149200000000,203.49000000,203.49000000,202.92000000,202.94000000,27533.00300000,1757150999999999,5595170.91077000,13217,5458.31200000,1109329.67351000,0
1757151000000000,202.94000000,203.29000000,202.68000000,202.69000000,17525.36000000,1757152799999999,3557692.22555000,13272,6014.95300000,1220880.72131000,0
1757152800000000,202.70000000,202.92000000,202.42000000,202.58000000,22654.68900000,1757154599999999,4589231.73035000,15058,7755.70400000,1571150.53545000,0
1757154600000000,202.59000000,203.10000000,202.51000000,202.91000000,28132.39300000,1757156399999999,5707835.20424000,13369,9611.22800000,1949969.79770000,0
1757156400000000,202.91000000,202.93000000,202.16000000,202.42000000,49608.33100000,1757158199999999,10045765.08028000,14222,11642.60400000,2357261.89578000,0
1757158200000000,202.42000000,202.56000000,201.80000000,202.38000000,34837.27800000,1757159999999999,7040988.06952000,20020,9041.42700000,1828645.35625000,0
1757160000000000,202.38000000,202.78000000,202.25000000,202.73000000,10793.94400000,1757161799999999,2186736.55417000,11325,6456.80000000,1308099.20085000,0
1757161800000000,202.73000000,202.87000000,202.20000000,202.27000000,18770.67600000,1757163599999999,3799716.98053000,13617,8391.25800000,1698765.88209000,0
1757163600000000,202.27000000,202.49000000,202.00000000,202.05000000,16736.02800000,1757165399999999,3383139.04361000,13529,8428.65500000,1703787.62016000,0
1757165400000000,202.04000000,202.48000000,201.41000000,202.33000000,57975.44900000,1757167199999999,11698437.39904000,28333,23360.73500000,4713656.70270000,0
1757167200000000,202.33000000,202.66000000,201.86000000,202.32000000,48962.73200000,1757168999999999,9900347.15511000,18158,23545.15600000,4759561.48206000,0
1757169000000000,202.32000000,202.51000000,201.89000000,202.05000000,24734.59500000,1757170799999999,5002970.16585000,16727,10315.88700000,2086503.67781000,0
1757170800000000,202.05000000,202.28000000,201.52000000,202.15000000,30708.58200000,1757172599999999,6198116.24935000,19991,13213.10500000,2667224.97072000,0
1757172600000000,202.16000000,202.22000000,201.01000000,201.26000000,41697.86100000,1757174399999999,8400021.55925000,25084,15109.98600000,3044025.81648000,0
1757174400000000,201.26000000,201.71000000,200.75000000,201.66000000,56163.99200000,1757176199999999,11301651.50423000,38624,21599.99200000,4348433.56212000,0
1757176200000000,201.67000000,202.37000000,201.52000000,201.62000000,27422.70200000,1757177999999999,5535829.20996000,18862,17373.73000000,3507521.58139000,0
1757178000000000,201.62000000,201.79000000,201.13000000,201.17000000,17195.32700000,1757179799999999,3464486.15913000,12389,8024.87300000,1617112.44116000,0
1757179800000000,201.16000000,201.34000000,199.62000000,200.15000000,120215.19800000,1757181599999999,24069455.66839000,47255,38441.85100000,7699223.86874000,0
1757181600000000,200.14000000,200.81000000,199.91000000,200.43000000,31510.92600000,1757183399999999,6314993.38771000,20192,14833.18600000,2972824.89033000,0
1757183400000000,200.43000000,200.44000000,199.32000000,200.04000000,64008.92800000,1757185199999999,12792667.01660000,27171,25113.07500000,5019136.16189000,0
1757185200000000,200.05000000,200.28000000,199.70000000,200.01000000,24867.64300000,1757186999999999,4973196.79264000,16890,11100.78400000,2220188.63865000,0
1757187000000000,200.01000000,200.27000000,199.37000000,199.71000000,33979.79600000,1757188799999999,6789467.72966000,20115,13642.97000000,2725841.07194000,0
1757188800000000,199.70000000,200.44000000,199.70000000,200.33000000,17025.38500000,1757190599999999,3406756.98356000,12130,8344.11600000,1669867.22568000,0
1757190600000000,200.32000000,200.80000000,200.00000000,200.80000000,26803.50300000,1757192399999999,5371248.94848000,16789,16383.36800000,3283239.51296000,0
1757192400000000,200.80000000,200.83000000,200.35000000,200.61000000,9525.01300000,1757194199999999,1910198.30121000,8167,4521.79500000,906780.84719000,0
1757194200000000,200.62000000,201.20000000,200.57000000,200.76000000,17782.76100000,1757195999999999,3572018.27468000,11184,10730.07200000,2155383.53408000,0
1757196000000000,200.76000000,201.07000000,200.41000000,200.45000000,19573.91800000,1757197799999999,3928443.30655000,17567,8617.12200000,1729661.41670000,0
1757197800000000,200.45000000,200.52000000,200.01000000,200.40000000,11962.90900000,1757199599999999,2395824.18590000,10437,5240.04400000,1049396.67116000,0
1757199600000000,200.39000000,201.00000000,199.92000000,200.67000000,19586.60700000,1757201399999999,3926551.79266000,11960,11038.74100000,2214068.20788000,0
1757201400000000,200.67000000,200.68000000,200.01000000,200.16000000,16499.74000000,1757203199999999,3304511.32730000,9150,11279.26900000,2258997.18669000,0
1757203200000000,200.17000000,200.85000000,200.12000000,200.70000000,26027.35200000,1757204999999999,5220524.75635000,13172,16020.80600000,3212819.76679000,0
1757205000000000,200.70000000,201.36000000,200.51000000,201.15000000,19842.91500000,1757206799999999,3987617.48149000,12134,12702.16500000,2552523.71537000,0
1757206800000000,201.15000000,202.28000000,201.10000000,202.28000000,45314.42100000,1757208599999999,9143345.55177000,22753,31324.40600000,6319810.13733000,0
1757208600000000,202.27000000,203.19000000,202.17000000,202.70000000,43320.21700000,1757210399999999,8778554.49171000,24199,25350.27200000,5136206.13189000,0
1757210400000000,202.71000000,202.75000000,202.02000000,202.33000000,31363.90900000,1757212199999999,6344082.73584000,15666,11407.86900000,2307316.87408000,0
1757212200000000,202.32000000,202.96000000,202.10000000,202.81000000,22394.48500000,1757213999999999,4535512.21302000,17051,13979.83900000,2831084.15845000,0
1757214000000000,202.81000000,203.27000000,202.57000000,202.97000000,23641.96300000,1757215799999999,4795675.41468000,14068,13183.27700000,2673388.57020000,0
1757215800000000,202.97000000,203.06000000,202.61000000,202.86000000,17264.42100000,1757217599999999,3501098.14225000,10128,7261.68800000,1472258.82419000,0
1757217600000000,202.85000000,203.02000000,202.38000000,202.38000000,12328.39400000,1757219399999999,2498418.72075000,7225,6074.25900000,1230881.43032000,0
1757219400000000,202.38000000,203.09000000,202.30000000,203.08000000,18268.70700000,1757221199999999,3702697.79059000,9008,10494.89600000,2126561.45975000,0
1757221200000000,203.08000000,203.25000000,202.76000000,203.12000000,18266.21700000,1757222999999999,3708973.28744000,10430,9878.23400000,2006078.32405000,0
1757223000000000,203.11000000,203.14000000,202.78000000,202.83000000,11877.36700000,1757224799999999,2410176.06295000,7875,4744.64900000,962670.38986000,0
1757224800000000,202.82000000,202.95000000,202.50000000,202.51000000,13672.14200000,1757226599999999,2772336.20079000,6480,8548.03500000,1733327.79030000,0
1757226600000000,202.51000000,202.62000000,202.23000000,202.28000000,24467.31100000,1757228399999999,4952467.19112000,12027,13718.27800000,2776766.32694000,0
1757228400000000,202.28000000,202.66000000,202.25000000,202.59000000,12901.45700000,1757230199999999,2611966.21823000,9763,7379.00700000,1493824.42431000,0
1757230200000000,202.59000000,203.30000000,202.58000000,202.99000000,32834.15600000,1757231999999999,6664098.54418000,15836,19119.37100000,3880614.02732000,0
1757232000000000,203.00000000,203.78000000,202.99000000,203.69000000,40730.57600000,1757233799999999,8282513.74382000,19289,23254.15500000,4729403.68717000,0
1757233800000000,203.69000000,203.94000000,203.33000000,203.54000000,28840.55300000,1757235599999999,5872889.72274000,18033,17391.96000000,3541641.54079000,0
1757235600000000,203.54000000,203.97000000,203.33000000,203.51000000,27593.85500000,1757237399999999,5619006.02827000,13857,17528.06700000,3569175.43174000,0
1757237400000000,203.50000000,203.51000000,202.72000000,203.18000000,20491.63100000,1757239199999999,4161026.52848000,13131,9295.49600000,1887343.11220000,0
1757239200000000,203.18000000,203.33000000,202.86000000,202.98000000,20192.61600000,1757240999999999,4101736.36708000,10512,9180.77200000,1864725.58998000,0
1757241000000000,202.98000000,203.38000000,202.98000000,203.38000000,17245.50100000,1757242799999999,3504364.38208000,8564,9897.88800000,2011029.11791000,0
1757242800000000,203.37000000,203.54000000,203.13000000,203.19000000,21500.20900000,1757244599999999,4372198.84078000,7985,15095.67800000,3069783.99809000,0
1757244600000000,203.19000000,203.99000000,203.18000000,203.96000000,26501.02100000,1757246399999999,5394609.00104000,11306,16301.06300000,3318667.62387000,0
1757246400000000,203.96000000,204.00000000,203.35000000,203.49000000,33281.89500000,1757248199999999,6777378.90877000,12459,11366.74100000,2315224.75745000,0
1757248200000000,203.50000000,203.83000000,203.39000000,203.77000000,20961.01000000,1757249999999999,4268927.30657000,11149,6028.67100000,1227839.79952000,0
1757250000000000,203.78000000,203.79000000,203.08000000,203.27000000,16312.60000000,1757251799999999,3317894.31187000,9355,4581.74200000,931620.67759000,0
1757251800000000,203.27000000,203.71000000,203.14000000,203.43000000,24687.86300000,1757253599999999,5023944.38313000,11339,10467.05700000,2129886.85928000,0
1757253600000000,203.43000000,203.97000000,203.16000000,203.59000000,45518.40600000,1757255399999999,9271445.48993000,26710,23142.41300000,4714194.02283000,0
1757255400000000,203.59000000,203.94000000,203.42000000,203.68000000,28283.31100000,1757257199999999,5760929.10900000,18761,8707.61000000,1773633.23539000,0
1757257200000000,203.68000000,204.12000000,203.47000000,204.09000000,42223.35000000,1757258999999999,8606197.70475000,16532,20983.09300000,4277847.29284000,0
1757259000000000,204.09000000,205.55000000,204.02000000,205.20000000,166889.07500000,1757260799999999,34217395.29309000,40725,79162.16800000,16225076.77369000,0
1757260800000000,205.20000000,205.48000000,204.09000000,204.23000000,91047.08700000,1757262599999999,18636531.00497000,29286,36261.32000000,7419427.70743000,0
1757262600000000,204.23000000,204.41000000,203.39000000,203.45000000,43052.72300000,1757264399999999,8774913.12079000,19966,15551.84800000,3170667.36088000,0
1757264400000000,203.46000000,203.70000000,201.80000000,201.81000000,109796.86900000,1757266199999999,22244394.03358000,32168,58186.09800000,11787639.29828000,0
1757266200000000,201.81000000,202.69000000,201.72000000,201.98000000,86544.62300000,1757267999999999,17494081.62534000,20370,63312.71300000,12797012.76398000,0
1757268000000000,201.97000000,202.26000000,201.78000000,201.82000000,47166.46700000,1757269799999999,9528365.62773000,16661,34378.39100000,6945041.72290000,0
1757269800000000,201.82000000,202.26000000,201.48000000,202.14000000,27245.20200000,1757271599999999,5498799.51741000,17391,14475.53000000,2922355.32908000,0
1757271600000000,202.14000000,202.54000000,201.87000000,202.06000000,30808.00200000,1757273399999999,6230018.54826000,19062,15121.55400000,3058075.03060000,0
1757273400000000,202.05000000,203.09000000,202.01000000,203.08000000,38592.23700000,1757275199999999,7821182.35157000,16305,24898.45800000,5044856.72152000,0
1757275200000000,203.08000000,203.50000000,202.58000000,202.95000000,35613.72400000,1757276999999999,7228387.53395000,17599,17614.13600000,3575720.71372000,0
1757277000000000,202.96000000,204.93000000,202.91000000,204.92000000,50410.17400000,1757278799999999,10271447.59527000,21603,24362.96700000,4963461.45296000,0
1757278800000000,204.93000000,205.09000000,204.44000000,204.92000000,90605.04500000,1757280599999999,18554506.05988000,29892,30572.03400000,6261321.01307000,0
1757280600000000,204.93000000,205.16000000,204.57000000,204.68000000,70185.07300000,1757282399999999,14379625.39853000,16925,18962.77400000,3884802.44558000,0
1757282400000000,204.68000000,205.75000000,204.34000000,205.26000000,79351.67200000,1757284199999999,16277943.59334000,37640,49918.52900000,10242280.40438000,0
1757284200000000,205.27000000,207.46000000,204.70000000,207.10000000,146888.34700000,1757285999999999,30328216.86216000,52016,88705.47800000,18309833.58574000,0
1757286000000000,207.10000000,207.95000000,207.10000000,207.51000000,152216.35300000,1757287799999999,31601044.02139000,53879,88282.13700000,18327154.01637000,0
1757287800000000,207.51000000,207.58000000,206.25000000,206.35000000,162948.25900000,1757289599999999,33716781.45527000,33046,82738.21700000,17115489.91248000,0
1757289600000000,206.35000000,207.09000000,205.66000000,207.02000000,105369.52500000,1757291399999999,21723672.16090000,46217,67941.28500000,14008158.77687000,0
1757291400000000,207.02000000,207.10000000,205.66000000,205.66000000,64823.26900000,1757293199999999,13381881.54878000,41020,39941.25200000,8244992.41627000,0
1757293200000000,205.67000000,206.71000000,205.59000000,205.82000000,51553.68600000,1757294999999999,10626522.93844000,35720,33979.09000000,7003302.70286000,0
1757295000000000,205.83000000,207.38000000,205.75000000,206.89000000,54490.46900000,1757296799999999,11267229.33008000,37534,33578.11500000,6942941.77690000,0
1757296800000000,206.89000000,207.15000000,206.12000000,206.64000000,45630.86200000,1757298599999999,9432224.12805000,32060,24138.81600000,4990085.03715000,0
1757298600000000,206.65000000,208.00000000,206.46000000,207.81000000,93733.69100000,1757300399999999,19457550.15090000,42824,65475.98300000,13593857.33266000,0
1757300400000000,207.82000000,208.49000000,207.50000000,207.71000000,83309.69300000,1757302199999999,17325276.78163000,36787,54377.32300000,11309093.67309000,0
1757302200000000,207.72000000,209.00000000,207.49000000,207.65000000,191025.23800000,1757303999999999,39797284.89726000,43381,97998.86800000,20408267.67173000,0
1757304000000000,207.64000000,208.19000000,206.96000000,208.11000000,56932.85400000,1757305799999999,11819976.60554000,36950,30245.34100000,6279928.06815000,0
1757305800000000,208.12000000,208.64000000,207.66000000,207.82000000,50083.26400000,1757307599999999,10422346.27118000,31643,27954.83900000,5817900.92401000,0
1757307600000000,207.83000000,207.93000000,207.18000000,207.33000000,93342.49300000,1757309399999999,19363042.08411000,32453,45014.19300000,9336162.99505000,0
1757309400000000,207.34000000,207.46000000,206.69000000,207.32000000,46048.20600000,1757311199999999,9533468.19826000,24860,28170.82300000,5832902.98245000,0
1757311200000000,207.33000000,207.59000000,206.66000000,207.38000000,60037.40600000,1757312999999999,12431196.14823000,35205,34971.48900000,7241831.24320000,0
1757313000000000,207.37000000,207.70000000,207.08000000,207.08000000,34488.42000000,1757314799999999,7151139.22284000,18318,20669.05400000,4285693.75080000,0
1757314800000000,207.08000000,208.56000000,207.02000000,208.43000000,108797.81700000,1757316599999999,22632827.38966000,33442,60746.52800000,12636771.92822000,0
1757316600000000,208.43000000,208.87000000,207.82000000,207.92000000,92857.60700000,1757318399999999,19351338.04283000,35653,53261.35900000,11099304.87138000,0
1757318400000000,207.91000000,209.15000000,207.39000000,208.79000000,102877.82600000,1757320199999999,21439315.28404000,42357,67116.04400000,13993028.62257000,0
1757320200000000,208.80000000,209.48000000,208.68000000,208.93000000,96457.87400000,1757321999999999,20164206.93444000,45548,55029.85400000,11503928.72178000,0
1757322000000000,208.93000000,209.73000000,208.65000000,209.33000000,107131.12900000,1757323799999999,22425270.03347000,44240,72908.75600000,15262440.42298000,0
1757323800000000,209.33000000,210.94000000,209.18000000,210.87000000,179274.62200000,1757325599999999,37663156.58382000,55384,124441.05100000,26147213.89274000,0
1757325600000000,210.87000000,214.40000000,210.43000000,213.64000000,438300.62000000,1757327399999999,93248222.95498000,154648,303797.30200000,64639072.98082000,0
1757327400000000,213.64000000,215.84000000,213.06000000,215.22000000,343273.59000000,1757329199999999,73667030.67971000,134208,201441.87300000,43234777.84005000,0
1757329200000000,215.22000000,215.30000000,213.24000000,213.28000000,207323.59100000,1757330999999999,44371415.77176000,96244,101165.86500000,21645763.57535000,0
1757331000000000,213.28000000,214.58000000,212.96000000,214.28000000,123582.58400000,1757332799999999,26419275.37422000,59620,60829.27900000,13004616.34397000,0
1757332800000000,214.28000000,215.00000000,213.52000000,213.90000000,165791.53000000,1757334599999999,35508101.63770000,53845,87303.77400000,18709538.50687000,0
1757334600000000,213.90000000,214.89000000,213.86000000,214.47000000,72882.89800000,1757336399999999,15624923.56958000,36219,47066.19400000,10088445.69768000,0
1757336400000000,214.47000000,216.31000000,214.47000000,214.77000000,198944.98700000,1757338199999999,42852492.22195000,77639,119549.52400000,25749635.35644000,0
1757338200000000,214.77000000,215.24000000,212.80000000,213.28000000,212861.44000000,1757339999999999,45512666.65480000,105756,91661.33900000,19612562.82093000,0
1757340000000000,213.28000000,214.60000000,212.99000000,214.58000000,139062.42600000,1757341799999999,29732743.25983000,71945,67530.51400000,14442785.64172000,0
1757341800000000,214.59000000,215.78000000,214.54000000,215.27000000,139173.78500000,1757343599999999,29934251.38133000,55306,81791.72800000,17591933.56293000,0
1757343600000000,215.28000000,216.83000000,214.71000000,216.63000000,287173.38000000,1757345399999999,61953674.17242000,87451,167790.30300000,36198646.62827000,0
1757345400000000,216.63000000,216.65000000,214.80000000,215.04000000,174800.63300000,1757347199999999,37706580.28052000,56130,78009.25200000,16830153.67401000,0
1757347200000000,215.04000000,215.49000000,213.90000000,215.40000000,134824.34700000,1757348999999999,28929673.26745000,55042,71901.47300000,15436774.66419000,0
1757349000000000,215.39000000,215.39000000,213.88000000,214.93000000,90508.85400000,1757350799999999,19412514.83153000,40674,42947.29500000,9210027.20209000,0
1757350800000000,214.93000000,217.00000000,213.98000000,216.77000000,196864.08400000,1757352599999999,42505881.76681000,57373,124508.14000000,26890873.66925000,0
1757352600000000,216.77000000,216.77000000,214.69000000,215.42000000,93817.16500000,1757354399999999,20242619.67662000,54153,36774.66700000,7939730.88062000,0
1757354400000000,215.43000000,216.22000000,214.78000000,215.79000000,53245.82600000,1757356199999999,11474396.56938000,45478,26314.51600000,5672336.81743000,0
1757356200000000,215.78000000,217.00000000,215.22000000,216.67000000,111798.70700000,1757357999999999,24195542.41005000,37192,66935.36000000,14485953.08755000,0
1757358000000000,216.67000000,217.11000000,215.20000000,215.59000000,205976.06300000,1757359799999999,44543481.17352000,65334,117359.49000000,25375364.11656000,0
1757359800000000,215.59000000,216.15000000,214.79000000,216.15000000,122586.28600000,1757361599999999,26421608.48937000,55706,88862.06100000,19157095.82288000,0
1757361600000000,216.16000000,216.22000000,214.23000000,214.62000000,78560.39100000,1757363399999999,16902894.00884000,42119,32147.28400000,6918250.27821000,0
1757363400000000,214.61000000,215.12000000,213.92000000,214.47000000,103430.96300000,1757365199999999,22175623.06356000,31345,51512.27000000,11046087.92459000,0
1757365200000000,214.47000000,215.65000000,214.25000000,215.51000000,119259.82300000,1757366999999999,25628194.48044000,38743,57596.29500000,12374632.23751000,0
1757367000000000,215.51000000,215.85000000,214.92000000,215.08000000,40299.65700000,1757368799999999,8680699.89718000,20101,20219.23200000,4355341.30199000,0
1757368800000000,215.08000000,215.52000000,214.52000000,214.87000000,41756.29500000,1757370599999999,8978167.82936000,36064,19674.56700000,4232177.17031000,0
1757370600000000,214.87000000,215.35000000,214.46000000,214.69000000,34777.63500000,1757372399999999,7473106.88064000,22394,16568.55400000,3560244.24198000,0
1757372400000000,214.70000000,215.24000000,213.89000000,214.06000000,39405.72800000,1757374199999999,8456664.06946000,24981,15932.07600000,3420982.90710000,0
1757374200000000,214.06000000,214.35000000,213.55000000,214.11000000,41129.69600000,1757375999999999,8794077.70174000,27669,15982.59400000,3418218.25577000,0
1757376000000000,214.11000000,214.91000000,213.16000000,213.38000000,62301.18600000,1757377799999999,13340353.66911000,42369,31571.12700000,6766270.26582000,0
1757377800000000,213.37000000,213.88000000,212.20000000,213.22000000,75754.32000000,1757379599999999,16129155.15884000,58162,32131.22100000,6840980.07389000,0
1757379600000000,213.21000000,214.00000000,212.48000000,212.90000000,33723.02900000,1757381399999999,7192819.18238000,35095,16606.96100000,3542636.86327000,0
1757381400000000,212.90000000,213.36000000,212.08000000,213.21000000,129282.71000000,1757383199999999,27472444.86050000,49945,52772.88900000,11216429.89739000,0
1757383200000000,213.21000000,213.50000000,211.84000000,212.10000000,125287.68800000,1757384999999999,26608596.17806000,54636,37389.08100000,7942765.77358000,0
1757385000000000,212.09000000,212.87000000,210.79000000,211.62000000,139803.98700000,1757386799999999,29575448.27373000,67809,79556.06400000,16828890.85205000,0
1757386800000000,211.61000000,212.82000000,211.38000000,212.81000000,62583.05300000,1757388599999999,13274627.17955000,38911,38465.87800000,8158881.67870000,0
1757388600000000,212.80000000,214.78000000,212.69000000,214.63000000,107526.93300000,1757390399999999,22983126.22578000,39958,63932.06000000,13665934.94846000,0
1757390400000000,214.62000000,215.46000000,213.96000000,215.15000000,91512.09800000,1757392199999999,19657929.07374000,45687,55512.31100000,11925593.28054000,0
1757392200000000,215.15000000,215.69000000,214.23000000,214.85000000,106173.00000000,1757393999999999,22822706.00464000,42701,42465.02400000,9129365.37752000,0
1757394000000000,214.85000000,214.90000000,214.05000000,214.43000000,40974.91900000,1757395799999999,8788199.21635000,26290,12902.71400000,2767436.84238000,0
1757395800000000,214.43000000,215.45000000,214.19000000,215.23000000,51077.59500000,1757397599999999,10966389.73082000,21764,26554.01600000,5704019.32674000,0
1757397600000000,215.23000000,218.73000000,215.02000000,218.04000000,270287.13100000,1757399399999999,58806508.01591000,106567,169090.16500000,36772981.64615000,0
1757399400000000,218.04000000,219.76000000,217.94000000,218.43000000,190658.01600000,1757401199999999,41756468.83971000,84229,113083.21500000,24767883.06084000,0
1757401200000000,218.43000000,219.60000000,218.38000000,219.58000000,118453.96500000,1757402999999999,25953411.14199000,49629,72913.62200000,15978886.55335000,0
1757403000000000,219.59000000,219.79000000,218.30000000,219.23000000,154121.87000000,1757404799999999,33763249.68216000,60263,70789.39500000,15512102.94702000,0
1757404800000000,219.23000000,219.45000000,218.46000000,219.07000000,80455.38700000,1757406599999999,17610998.40780000,39136,33642.47400000,7364762.12678000,0
1757406600000000,219.07000000,219.50000000,218.57000000,218.99000000,68595.99500000,1757408399999999,15026973.29719000,30674,42673.11700000,9349559.75747000,0
1757408400000000,218.99000000,219.17000000,218.52000000,219.17000000,43417.52900000,1757410199999999,9500024.47875000,22570,23721.86000000,5191054.95779000,0
1757410200000000,219.16000000,219.29000000,218.71000000,218.98000000,56285.99100000,1757411999999999,12326463.64662000,28216,33408.16500000,7315970.38619000,0
1757412000000000,218.98000000,219.19000000,218.24000000,218.26000000,49362.38800000,1757413799999999,10802472.08506000,26932,24011.48700000,5255938.53343000,0
1757413800000000,218.26000000,218.62000000,217.42000000,217.75000000,104830.65300000,1757415599999999,22860103.58222000,42428,47325.86300000,10322659.52879000,0
1757415600000000,217.75000000,217.90000000,217.00000000,217.52000000,63442.10100000,1757417399999999,13798435.81736000,26617,34697.02600000,7547713.42285000,0
1757417400000000,217.51000000,218.04000000,217.10000000,217.25000000,44251.97600000,1757419199999999,9628651.96795000,20180,22462.54900000,4889519.48614000,0
1757419200000000,217.24000000,218.36000000,216.61000000,218.23000000,84661.12300000,1757420999999999,18422996.44156000,45021,49760.97100000,10832244.69039000,0
1757421000000000,218.23000000,218.29000000,216.91000000,217.64000000,72987.17100000,1757422799999999,15871164.96958000,44469,28658.14500000,6232134.45489000,0
1757422800000000,217.64000000,217.90000000,216.30000000,217.30000000,117911.19600000,1757424599999999,25567833.46001000,59071,61846.48200000,13412573.17333000,0
1757424600000000,217.29000000,218.48000000,217.13000000,218.03000000,86711.73500000,1757426399999999,18892507.52047000,66023,52922.51700000,11530833.10282000,0
1757426400000000,218.04000000,218.54000000,215.33000000,216.28000000,283429.22800000,1757428199999999,61386833.96683000,165078,133273.81400000,28882457.67265000,0
1757428200000000,216.27000000,216.27000000,213.23000000,215.49000000,302732.18100000,1757429999999999,64900659.51245000,125689,126546.86000000,27113250.21648000,0
1757430000000000,215.49000000,215.80000000,213.36000000,213.51000000,311018.28700000,1757431799999999,66506465.97299000,103097,168244.80200000,35961729.39887000,0
1757431800000000,213.51000000,213.58000000,211.69000000,213.07000000,249328.54600000,1757433599999999,53005926.87620000,102444,119647.98800000,25441023.77451000,0
1757433600000000,213.07000000,214.70000000,213.00000000,213.79000000,106679.46400000,1757435399999999,22818618.58399000,52222,55993.11700000,11979957.18015000,0
1757435400000000,213.79000000,214.98000000,213.68000000,214.17000000,68850.37600000,1757437199999999,14758399.62018000,34951,40526.97400000,8688822.08466000,0
1757437200000000,214.16000000,215.69000000,214.13000000,214.32000000,89622.07400000,1757438999999999,19266452.37009000,37282,47850.71400000,10290011.70098000,0
1757439000000000,214.32000000,215.21000000,214.02000000,214.90000000,47951.36300000,1757440799999999,10287806.43996000,33874,20371.06000000,4372355.72909000,0
1757440800000000,214.90000000,216.91000000,214.45000000,216.90000000,212814.55100000,1757442599999999,46011313.40076000,43063,101949.36600000,22024658.56842000,0
1757442600000000,216.90000000,216.91000000,215.81000000,216.44000000,95601.18300000,1757444399999999,20688332.17300000,44845,53513.42700000,11579725.57460000,0
1757444400000000,216.44000000,216.80000000,215.84000000,216.67000000,65855.10700000,1757446199999999,14251685.36137000,29558,33032.09400000,7147321.63172000,0
1757446200000000,216.66000000,216.99000000,216.20000000,216.34000000,33735.93700000,1757447999999999,7306497.67184000,21855,18488.47000000,4004859.87273000,0
1757448000000000,216.35000000,216.40000000,215.24000000,215.28000000,43347.86900000,1757449799999999,9355358.40570000,25231,13182.27100000,2845344.54672000,0
1757449800000000,215.28000000,216.33000000,215.28000000,216.32000000,34556.92200000,1757451599999999,7461283.81758000,23844,18484.91000000,3991280.54063000,0
1757451600000000,216.32000000,216.60000000,215.44000000,215.48000000,34633.85800000,1757453399999999,7486279.14279000,20915,18166.90700000,3928330.36947000,0
1757453400000000,215.49000000,215.99000000,215.17000000,215.19000000,30469.47900000,1757455199999999,6570772.71086000,18827,14155.47900000,3052928.05464000,0
1757455200000000,215.19000000,216.43000000,215.01000000,216.04000000,92403.75200000,1757456999999999,19969593.21988000,25999,39684.88300000,8572020.90860000,0
1757457000000000,216.04000000,217.34000000,215.96000000,217.21000000,99639.22500000,1757458799999999,21599244.34043000,29340,57600.77600000,12485551.71378000,0
1757458800000000,217.22000000,217.80000000,216.80000000,217.22000000,71311.58700000,1757460599999999,15498553.65833000,32680,32533.68500000,7070174.42937000,0
1757460600000000,217.22000000,217.68000000,216.58000000,217.21000000,72888.97900000,1757462399999999,15822774.60193000,25784,36584.79700000,7939970.85007000,0
1757462400000000,217.22000000,217.54000000,215.79000000,216.12000000,125826.77100000,1757464199999999,27215482.18947000,39877,63164.22500000,13657419.03221000,0
1757464200000000,216.12000000,216.57000000,215.09000000,215.23000000,78017.46000000,1757465999999999,16838089.47917000,39440,46133.84200000,9959279.96349000,0
1757466000000000,215.22000000,216.43000000,215.15000000,215.85000000,89523.98700000,1757467799999999,19324043.44048000,37874,57666.74400000,12447203.71152000,0
1757467800000000,215.85000000,216.54000000,215.60000000,216.31000000,44332.77200000,1757469599999999,9577772.82971000,30660,26887.32700000,5809581.45319000,0
1757469600000000,216.32000000,219.49000000,216.32000000,218.84000000,215188.20800000,1757471399999999,46920451.75665000,72089,120459.39900000,26270510.68841000,0
1757471400000000,218.83000000,219.65000000,218.62000000,219.19000000,132514.24100000,1757473199999999,29050314.22374000,54583,67588.83700000,14820980.25972000,0
1757473200000000,219.19000000,219.53000000,218.06000000,218.17000000,63063.03600000,1757474999999999,13801449.08168000,38973,31609.86000000,6919472.69118000,0
1757475000000000,218.18000000,219.25000000,218.09000000,219.20000000,35705.56700000,1757476799999999,7812286.33837000,24495,22038.91900000,4822262.67819000,0
1757476800000000,219.20000000,219.20000000,218.50000000,218.86000000,29899.17200000,1757478599999999,6541681.98363000,26048,15523.17100000,3396097.37717000,0
1757478600000000,218.85000000,219.15000000,217.82000000,218.40000000,56001.70300000,1757480399999999,12227204.18172000,26233,23988.58400000,5237616.12391000,0
1757480400000000,218.40000000,218.77000000,217.86000000,218.65000000,44109.69800000,1757482199999999,9629014.37682000,33257,26616.34600000,5810253.75001000,0
1757482200000000,218.64000000,219.29000000,217.88000000,218.63000000,52839.22600000,1757483999999999,11555674.72757000,34092,31008.93200000,6782832.25321000,0
1757484000000000,218.63000000,219.36000000,218.00000000,219.22000000,56281.26300000,1757485799999999,12316620.98302000,32921,29871.34000000,6537515.61541000,0
1757485800000000,219.22000000,219.63000000,218.75000000,219.19000000,64593.77400000,1757487599999999,14164761.99608000,29591,34407.07400000,7545935.70105000,0
1757487600000000,219.20000000,221.96000000,219.09000000,221.60000000,260928.27400000,1757489399999999,57483907.74239000,80924,176443.46000000,38874984.00243000,0
1757489400000000,221.60000000,222.89000000,221.21000000,222.25000000,267809.51900000,1757491199999999,59515620.21317000,105662,150411.17500000,33429055.62307000,0
1757491200000000,222.25000000,222.45000000,221.19000000,221.30000000,122947.80800000,1757492999999999,27273663.72723000,51929,55261.19000000,12256928.61785000,0
1757493000000000,221.30000000,221.46000000,220.42000000,220.74000000,80131.80800000,1757494799999999,17699158.04451000,37423,32765.17700000,7236904.02899000,0
1757494800000000,220.74000000,221.20000000,219.91000000,220.85000000,84821.90100000,1757496599999999,18712969.52923000,40398,34361.72500000,7584683.59884000,0
1757496600000000,220.85000000,221.25000000,220.45000000,220.45000000,88560.63100000,1757498399999999,19554227.67503000,29518,51467.59900000,11363616.12143000,0
1757498400000000,220.45000000,220.59000000,218.77000000,219.58000000,138948.67000000,1757500199999999,30525887.23506000,44573,51710.20100000,11364950.06769000,0
1757500200000000,219.58000000,220.40000000,219.57000000,220.09000000,70186.55300000,1757501999999999,15446609.41705000,28472,33511.12200000,7374272.73919000,0
1757502000000000,220.09000000,220.43000000,219.65000000,219.97000000,44570.71800000,1757503799999999,9807921.76868000,23441,19937.18300000,4387033.05064000,0
1757503800000000,219.97000000,220.30000000,218.93000000,220.25000000,64876.12700000,1757505599999999,14244240.59457000,32189,27831.02500000,6111224.87693000,0
1757505600000000,220.24000000,220.82000000,219.74000000,220.80000000,62234.62300000,1757507399999999,13706996.85126000,39227,31236.97500000,6880609.86859000,0
1757507400000000,220.79000000,224.90000000,220.74000000,223.43000000,512221.32500000,1757509199999999,114425085.75313000,220496,290711.15200000,64915607.31134000,0
1757509200000000,223.42000000,224.70000000,222.90000000,223.62000000,234849.70200000,1757510999999999,52597833.44406000,87014,109966.70700000,24632830.81681000,0
1757511000000000,223.63000000,226.00000000,222.53000000,224.18000000,271540.54200000,1757512799999999,60951494.31123000,137569,151504.38200000,34033997.23807000,0
1757512800000000,224.18000000,225.08000000,223.16000000,223.17000000,140270.47100000,1757514599999999,31441197.42680000,80803,59055.93400000,13244398.64504000,0
1757514600000000,223.17000000,223.65000000,222.31000000,222.71000000,127077.90000000,1757516399999999,28343860.77745000,65289,48370.01100000,10793874.65136000,0
1757516400000000,222.70000000,224.16000000,222.70000000,223.61000000,111251.23600000,1757518199999999,24869566.83364000,58884,55784.62900000,12470308.60873000,0
1757518200000000,223.61000000,224.04000000,222.79000000,223.17000000,95771.33800000,1757519999999999,21391986.43475000,53590,44083.34100000,9845888.24742000,0
1757520000000000,223.16000000,223.42000000,222.51000000,223.23000000,81153.12000000,1757521799999999,18096637.67117000,56695,40534.78500000,9039077.94259000,0
1757521800000000,223.23000000,223.97000000,222.42000000,223.77000000,78510.78900000,1757523599999999,17517146.94640000,41801,41884.17300000,9350595.65286000,0
1757523600000000,223.76000000,224.13000000,221.66000000,221.86000000,93986.09500000,1757525399999999,20953270.44166000,50876,46233.79300000,10320372.20949000,0
1757525400000000,221.86000000,223.03000000,221.55000000,222.67000000,43988.59200000,1757527199999999,9779166.90297000,41474,23296.36600000,5179717.35085000,0
1757527200000000,222.66000000,223.20000000,221.29000000,221.65000000,75465.25200000,1757528999999999,16769795.52223000,37534,40354.79400000,8971832.38525000,0
1757529000000000,221.65000000,222.91000000,221.51000000,222.86000000,70245.53300000,1757530799999999,15618011.34719000,32801,49923.16600000,11101798.22601000,0
1757530800000000,222.86000000,222.89000000,220.92000000,221.28000000,81109.62900000,1757532599999999,17986463.92594000,45726,22324.33500000,4952839.58156000,0
1757532600000000,221.28000000,221.96000000,220.53000000,221.23000000,74084.56300000,1757534399999999,16391585.64529000,48137,41706.12300000,9231293.49673000,0
1757534400000000,221.23000000,222.30000000,220.95000000,222.00000000,60133.54000000,1757536199999999,13332252.93140000,35604,37529.87800000,8322523.76709000,0
1757536200000000,222.00000000,222.63000000,221.56000000,222.52000000,36379.24700000,1757537999999999,8083569.71975000,22125,22267.55700000,4949285.46489000,0
1757538000000000,222.53000000,223.22000000,222.35000000,223.05000000,49894.66000000,1757539799999999,11123652.65714000,26794,28533.38400000,6361023.90388000,0
1757539800000000,223.06000000,223.73000000,222.92000000,223.47000000,39266.68600000,1757541599999999,8770656.27339000,23136,23787.04200000,5313036.50337000,0
1757541600000000,223.47000000,223.93000000,223.20000000,223.77000000,70474.50100000,1757543399999999,15761113.05101000,28209,47994.42400000,10733992.06335000,0
1757543400000000,223.78000000,224.65000000,223.42000000,224.49000000,36959.30500000,1757545199999999,8280418.16204000,22222,23589.15800000,5285660.94717000,0
1757545200000000,224.48000000,224.60000000,223.92000000,223.98000000,33869.02100000,1757546999999999,7597446.06548000,20319,18119.48400000,4064679.30165000,0
1757547000000000,223.98000000,224.47000000,223.67000000,224.07000000,31768.65500000,1757548799999999,7117345.57584000,20619,17018.19300000,3813370.75374000,0
1757548800000000,224.06000000,225.29000000,223.85000000,225.28000000,73798.50800000,1757550599999999,16578486.88342000,34951,51728.90200000,11620263.09274000,0
1757550600000000,225.29000000,225.43000000,224.38000000,225.00000000,66249.05900000,1757552399999999,14902851.89062000,38532,36241.91400000,8153326.37941000,0
1757552400000000,225.01000000,225.52000000,224.49000000,225.04000000,74015.02600000,1757554199999999,16659464.73840000,38084,44099.50300000,9926412.02505000,0
1757554200000000,225.03000000,225.59000000,224.80000000,224.82000000,51941.46700000,1757555999999999,11699006.34171000,26761,31758.10800000,7153422.66704000,0
1757556000000000,224.83000000,225.05000000,223.84000000,223.89000000,62953.10700000,1757557799999999,14130387.14811000,34987,26543.78100000,5957443.97359000,0
1757557800000000,223.89000000,223.89000000,222.94000000,223.02000000,63701.41600000,1757559599999999,14231068.05833000,34006,25402.33200000,5675484.76256000,0
1757559600000000,223.02000000,224.57000000,223.00000000,224.40000000,49283.97200000,1757561399999999,11030392.45604000,26680,35236.60500000,7886892.38611000,0
1757561400000000,224.40000000,224.55000000,223.87000000,224.17000000,45312.54600000,1757563199999999,10161356.11216000,30349,23314.92000000,5228619.34302000,0
1757563200000000,224.17000000,224.29000000,222.67000000,223.11000000,67499.84300000,1757564999999999,15070105.72791000,42024,27971.40000000,6243718.31724000,0
1757565000000000,223.12000000,223.79000000,222.58000000,223.52000000,44611.04100000,1757566799999999,9960815.82533000,32726,21351.28800000,4767001.20613000,0
1757566800000000,223.52000000,223.96000000,222.43000000,222.63000000,47901.34200000,1757568599999999,10688088.56478000,36940,21658.18500000,4833425.48266000,0
1757568600000000,222.63000000,222.89000000,221.72000000,222.27000000,82028.38800000,1757570399999999,18227531.17519000,41010,31285.50000000,6951959.77846000,0
1757570400000000,222.26000000,223.25000000,221.91000000,223.01000000,53455.02000000,1757572199999999,11899565.63540000,35561,30160.29100000,6715137.02205000,0
1757572200000000,223.00000000,223.62000000,222.85000000,223.33000000,51020.48900000,1757573999999999,11392516.01596000,35453,23504.11600000,5248552.22776000,0
1757574000000000,223.33000000,223.34000000,221.94000000,222.43000000,55736.53300000,1757575799999999,12401530.07680000,43711,20890.94200000,4647395.81258000,0
1757575800000000,222.43000000,223.54000000,222.23000000,223.23000000,46592.52100000,1757577599999999,10390365.32725000,32871,24764.67900000,5522300.79196000,0
1757577600000000,223.23000000,223.57000000,222.42000000,222.65000000,37672.61200000,1757579399999999,8401925.84656000,31147,17941.53300000,4002883.61806000,0
1757579400000000,222.65000000,223.50000000,222.28000000,223.50000000,66706.62700000,1757581199999999,14856618.48803000,29161,32721.23900000,7289813.54114000,0
1757581200000000,223.49000000,225.23000000,223.46000000,224.66000000,138857.46900000,1757582999999999,31163971.00825000,52843,90827.39500000,20387089.44156000,0
1757583000000000,224.66000000,225.00000000,223.99000000,224.49000000,48761.83400000,1757584799999999,10944499.31137000,29505,25737.06400000,5777871.89064000,0
1757584800000000,224.49000000,225.70000000,224.34000000,224.75000000,75901.43700000,1757586599999999,17080706.22644000,38069,44060.63800000,9916758.07869000,0
1757586600000000,224.75000000,225.85000000,224.60000000,225.75000000,72870.30700000,1757588399999999,16416022.82985000,35762,40447.35000000,9114703.64891000,0
1757588400000000,225.74000000,225.75000000,224.80000000,224.98000000,53799.96100000,1757590199999999,12117281.94933000,30065,24934.53900000,5616554.73766000,0
1757590200000000,224.99000000,225.22000000,224.47000000,225.03000000,50724.07300000,1757591999999999,11407363.40894000,28269,23369.07300000,5256894.50776000,0
1757592000000000,225.04000000,228.44000000,224.80000000,228.35000000,333051.46700000,1757593799999999,75626076.94944000,131781,224377.58400000,50948490.59414000,0
1757593800000000,228.35000000,228.80000000,222.79000000,226.71000000,504746.34200000,1757595599999999,113990466.57642000,255591,259473.52500000,58629041.06475000,0
1757595600000000,226.72000000,226.85000000,224.26000000,226.02000000,199410.01100000,1757597399999999,44963520.92341000,110806,93080.30300000,20989420.53412000,0
1757597400000000,226.02000000,228.95000000,226.02000000,228.22000000,231955.96400000,1757599199999999,52862730.09748000,143925,136388.12900000,31085275.58537000,0
1757599200000000,228.23000000,228.30000000,225.66000000,225.88000000,119419.70300000,1757600999999999,27061492.99952000,80961,56829.18500000,12878078.75791000,0
1757601000000000,225.87000000,227.39000000,225.76000000,227.09000000,93332.81000000,1757602799999999,21176791.13816000,54852,61568.29000000,13969581.84414000,0
1757602800000000,227.09000000,227.25000000,225.37000000,225.75000000,86418.11700000,1757604599999999,19567017.72500000,50598,42499.44000000,9623592.74717000,0
1757604600000000,225.75000000,227.09000000,225.66000000,226.82000000,63082.08800000,1757606399999999,14273218.33303000,42163,37957.99500000,8590516.11310000,0
1757606400000000,226.82000000,228.37000000,226.68000000,226.70000000,120508.20100000,1757608199999999,27429875.34615000,57794,75926.28600000,17284125.79849000,0
1757608200000000,226.70000000,227.05000000,225.30000000,225.90000000,94316.16500000,1757609999999999,21343273.36704000,44909,40778.91700000,9231007.06515000,0
1757610000000000,225.90000000,227.50000000,225.64000000,227.03000000,70298.27700000,1757611799999999,15944013.71722000,43941,40036.95900000,9082080.11125000,0
1757611800000000,227.04000000,227.69000000,226.90000000,227.49000000,56866.92300000,1757613599999999,12930824.11720000,32703,26816.19200000,6098448.24410000,0
1757613600000000,227.49000000,227.74000000,226.05000000,226.45000000,78363.80300000,1757615399999999,17789597.82832000,41416,34784.98000000,7896706.22241000,0
1757615400000000,226.45000000,226.69000000,225.94000000,226.34000000,58965.21600000,1757617199999999,13341237.72101000,31591,25766.90300000,5830235.68619000,0
1757617200000000,226.34000000,226.82000000,225.92000000,226.61000000,67328.71000000,1757618999999999,15236235.93832000,36442,42634.43800000,9649158.63780000,0
1757619000000000,226.61000000,226.91000000,226.26000000,226.71000000,73384.36800000,1757620799999999,16630162.52661000,45191,45852.10900000,10391202.71581000,0
1757620800000000,226.69000000,226.71000000,225.47000000,225.85000000,67545.61800000,1757622599999999,15265412.30323000,35875,32822.27700000,7418637.23837000,0
1757622600000000,225.85000000,226.25000000,225.53000000,225.57000000,52657.85600000,1757624399999999,11891895.00724000,24799,27290.04200000,6164203.06274000,0
1757624400000000,225.56000000,226.56000000,225.54000000,226.42000000,47362.91000000,1757626199999999,10713374.44511000,24314,28814.83000000,6517255.19037000,0
1757626200000000,226.43000000,227.00000000,225.94000000,226.72000000,66593.78500000,1757627999999999,15082211.35658000,48404,36225.69000000,8205085.93608000,0
1757628000000000,226.71000000,228.54000000,226.38000000,228.49000000,149475.69900000,1757629799999999,34029557.18131000,54531,105001.35700000,23905419.47753000,0
1757629800000000,228.49000000,228.58000000,227.29000000,228.04000000,96811.52900000,1757631599999999,22080953.89350000,47538,47163.86700000,10758294.42444000,0
1757631600000000,228.04000000,228.71000000,227.96000000,228.28000000,69936.23900000,1757633399999999,15974191.74773000,40169,33089.31700000,7558111.04520000,0
1757633400000000,228.28000000,228.94000000,228.28000000,228.73000000,69130.60200000,1757635199999999,15808550.31801000,30595,38023.68400000,8696027.36206000,0
1757635200000000,228.73000000,229.68000000,228.11000000,229.43000000,131051.49500000,1757636999999999,29980919.25365000,48715,76770.83100000,17573171.55949000,0
1757637000000000,229.43000000,234.98000000,229.39000000,232.99000000,474128.50300000,1757638799999999,110192312.23335000,206789,285374.67200000,66264436.40991000,0
1757638800000000,232.99000000,233.94000000,232.38000000,232.71000000,125131.75800000,1757640599999999,29171514.79055000,94458,52661.89000000,12278409.95751000,0
1757640600000000,232.71000000,232.79000000,231.54000000,232.23000000,89583.68600000,1757642399999999,20791849.87837000,66269,39713.46600000,9218048.56508000,0
1757642400000000,232.24000000,233.86000000,232.15000000,233.19000000,82467.40100000,1757644199999999,19220366.71589000,57468,45871.61600000,10690988.74782000,0
1757644200000000,233.19000000,233.43000000,232.44000000,232.70000000,55700.45400000,1757645999999999,12971941.33843000,41638,25274.71800000,5886539.97054000,0
1757646000000000,232.69000000,233.79000000,232.22000000,233.47000000,63011.71700000,1757647799999999,14695299.12391000,39083,28482.98400000,6641553.79710000,0
1757647800000000,233.47000000,235.81000000,233.29000000,235.09000000,186600.89100000,1757649599999999,43761696.00943000,74636,111224.80600000,26094813.82122000,0
1757649600000000,235.08000000,237.12000000,234.22000000,236.75000000,192041.98300000,1757651399999999,45197960.64849000,72551,102837.31800000,24212852.45850000,0
1757651400000000,236.76000000,238.20000000,236.31000000,237.42000000,274296.83800000,1757653199999999,65068525.42731000,103428,157913.54800000,37469937.81044000,0
1757653200000000,237.42000000,239.86000000,237.05000000,238.41000000,269354.33200000,1757654999999999,64300128.08084000,98019,130036.95200000,31034129.46766000,0
1757655000000000,238.40000000,239.50000000,237.91000000,238.63000000,173138.99300000,1757656799999999,41326876.17815000,70092,74682.52200000,17831872.31168000,0
1757656800000000,238.64000000,238.64000000,237.37000000,237.40000000,145910.46100000,1757658599999999,34720200.83325000,55391,52785.01900000,12565252.73043000,0
1757658600000000,237.39000000,238.33000000,237.28000000,238.15000000,83784.49000000,1757660399999999,19918403.24121000,39554,39230.03700000,9326789.55389000,0
1757660400000000,238.15000000,238.89000000,237.65000000,237.81000000,154928.71700000,1757662199999999,36943727.21227000,47063,103512.71300000,24689510.65749000,0
1757662200000000,237.80000000,237.92000000,237.01000000,237.33000000,83063.84300000,1757663999999999,19725780.76722000,33573,36496.99600000,8667876.13386000,0
1757664000000000,237.33000000,238.35000000,236.72000000,238.02000000,76626.39100000,1757665799999999,18189098.60505000,42682,37496.05200000,8902835.02363000,0
1757665800000000,238.02000000,238.17000000,237.41000000,237.73000000,39321.21700000,1757667599999999,9349872.82704000,28533,17146.73400000,4077585.76725000,0
1757667600000000,237.73000000,238.50000000,237.49000000,238.03000000,61951.16500000,1757669399999999,14750233.96784000,31331,33863.40700000,8063990.77675000,0
1757669400000000,238.03000000,238.60000000,237.46000000,238.46000000,59616.94600000,1757671199999999,14193876.18795000,33360,34098.57200000,8119321.81636000,0
1757671200000000,238.45000000,238.49000000,237.55000000,238.20000000,54461.49500000,1757672999999999,12963594.49491000,32750,22376.19000000,5325959.24724000,0
1757673000000000,238.20000000,239.29000000,238.15000000,239.06000000,53049.36500000,1757674799999999,12662717.82545000,26809,34809.59300000,8309670.15485000,0
1757674800000000,239.07000000,239.55000000,238.51000000,239.34000000,82117.63100000,1757676599999999,19639668.44378000,39083,47334.14100000,11323535.30820000,0
1757676600000000,239.34000000,239.39000000,238.62000000,239.18000000,64206.19100000,1757678399999999,15347869.67757000,34287,24406.67500000,5834882.46881000,0
1757678400000000,239.18000000,239.21000000,237.56000000,238.19000000,115877.31900000,1757680199999999,27596007.19967000,53361,57857.01000000,13777326.91480000,0
1757680200000000,238.20000000,240.44000000,237.92000000,239.34000000,155681.98100000,1757681999999999,37268950.49464000,58793,97780.19500000,23412205.36032000,0
1757682000000000,239.34000000,240.10000000,239.00000000,239.71000000,103412.42600000,1757683799999999,24789050.98471000,44353,51270.61800000,12289222.92602000,0
1757683800000000,239.70000000,240.00000000,238.05000000,239.57000000,134969.02900000,1757685599999999,32235450.21629000,79377,64830.65200000,15485331.23818000,0
1757685600000000,239.57000000,241.84000000,239.00000000,241.28000000,270922.77400000,1757687399999999,65212702.18717000,122951,161711.80100000,38922243.72496000,0
1757687400000000,241.28000000,241.35000000,239.32000000,240.26000000,126379.04700000,1757689199999999,30356338.89418000,65784,55893.29100000,13423253.47370000,0
1757689200000000,240.26000000,240.35000000,238.51000000,238.94000000,190471.19300000,1757690999999999,45543332.87437000,65272,100087.36800000,23924804.20795000,0
1757691000000000,238.94000000,239.77000000,238.62000000,239.31000000,63057.30900000,1757692799999999,15083830.09033000,39241,35955.83800000,8601890.95537000,0
1757692800000000,239.32000000,239.38000000,237.94000000,238.85000000,84254.63100000,1757694599999999,20104251.44652000,58245,33854.26300000,8079117.32323000,0
1757694600000000,238.85000000,239.40000000,238.17000000,238.82000000,67480.97200000,1757696399999999,16100077.94314000,49104,29959.06500000,7148067.36683000,0
1757696400000000,238.82000000,240.13000000,238.26000000,239.76000000,92086.02100000,1757698199999999,22039633.43715000,39461,50340.53200000,12050152.36897000,0
1757698200000000,239.76000000,241.30000000,239.29000000,240.25000000,175492.02500000,1757699999999999,42158413.17275000,64282,88698.28500000,21313994.39629000,0
1757700000000000,240.25000000,241.22000000,239.87000000,241.20000000,86302.46100000,1757701799999999,20765949.92126000,43196,41483.08700000,9983281.34578000,0
1757701800000000,241.20000000,241.48000000,240.19000000,240.73000000,109139.67500000,1757703599999999,26276661.20241000,45036,44809.57900000,10791066.75131000,0
1757703600000000,240.74000000,240.78000000,239.61000000,240.23000000,61058.76100000,1757705399999999,14658778.28673000,32277,26692.10800000,6407604.62741000,0
1757705400000000,240.24000000,241.26000000,239.81000000,241.00000000,88096.82900000,1757707199999999,21206401.43719000,42174,53427.41000000,12862579.90028000,0
1757707200000000,241.00000000,241.24000000,239.00000000,239.37000000,126920.45200000,1757708999999999,30473166.25037000,55892,53396.19000000,12823175.15657000,0
1757709000000000,239.37000000,240.59000000,239.11000000,239.72000000,78835.18300000,1757710799999999,18907076.32015000,39293,39941.32100000,9581810.12549000,0
1757710800000000,239.72000000,240.27000000,238.33000000,240.26000000,117519.21600000,1757712599999999,28124753.73897000,46935,48855.18900000,11694221.26968000,0
1757712600000000,240.27000000,240.30000000,239.30000000,240.11000000,37549.41000000,1757714399999999,9006423.46071000,26123,20316.26200000,4873463.04925000,0
1757714400000000,240.12000000,244.04000000,240.11000000,243.28000000,263849.15900000,1757716199999999,64031289.90525000,114816,175391.34900000,42543442.01472000,0
1757716200000000,243.28000000,243.55000000,240.85000000,241.16000000,90737.87200000,1757717999999999,21960826.22949000,58139,33504.52700000,8108159.29663000,0
1757718000000000,241.16000000,241.75000000,240.00000000,241.62000000,85250.53300000,1757719799999999,20527398.15214000,43604,52319.34200000,12599627.86762000,0
1757719800000000,241.61000000,242.70000000,241.31000000,242.18000000,90763.69000000,1757721599999999,21983384.67682000,38682,52920.03300000,12816370.62467000,0
1757721600000000,242.18000000,243.74000000,241.63000000,242.91000000,113341.72400000,1757723399999999,27518770.05979000,49728,73519.79700000,17853546.57288000,0
1757723400000000,242.92000000,243.75000000,242.78000000,243.16000000,101751.62500000,1757725199999999,24745303.63087000,42839,55276.84400000,13444442.16198000,0
1757725200000000,243.17000000,244.14000000,242.64000000,242.77000000,118868.80000000,1757726999999999,28948642.92427000,48317,65941.46900000,16063098.76642000,0
1757727000000000,242.77000000,243.42000000,241.58000000,241.62000000,71943.57700000,1757728799999999,17458267.61672000,37460,36454.80300000,8849185.07244000,0
1757728800000000,241.62000000,242.88000000,240.68000000,242.41000000,105862.72900000,1757730599999999,25595564.06330000,46305,61782.84300000,14942751.16872000,0
1757730600000000,242.41000000,242.61000000,242.00000000,242.51000000,51172.81500000,1757732399999999,12399893.98013000,25811,32856.41500000,7962450.68062000,0
1757732400000000,242.51000000,242.71000000,241.84000000,242.68000000,44634.22500000,1757734199999999,10816031.16765000,27613,27006.14000000,6544555.54285000,0
1757734200000000,242.68000000,243.99000000,242.30000000,243.61000000,103833.00900000,1757735999999999,25253618.77519000,34322,68252.40200000,16602066.65456000,0
1757736000000000,243.62000000,243.62000000,242.52000000,243.06000000,58406.04400000,1757737799999999,14198254.15802000,29617,26651.70100000,6478229.34288000,0
1757737800000000,243.06000000,243.67000000,242.81000000,242.97000000,52035.75500000,1757739599999999,12658645.56111000,23970,33434.91400000,8134514.37836000,0
1757739600000000,242.98000000,243.35000000,242.26000000,242.53000000,54457.11500000,1757741399999999,13222434.50525000,29022,27191.63100000,6602874.53437000,0
1757741400000000,242.52000000,242.52000000,241.23000000,241.69000000,63456.81400000,1757743199999999,15333461.24465000,33656,29978.96900000,7244250.47871000,0
1757743200000000,241.68000000,242.44000000,241.68000000,242.28000000,55855.67800000,1757744999999999,13522129.37727000,26126,35583.96400000,8614428.13284000,0
1757745000000000,242.28000000,242.80000000,241.79000000,242.69000000,60166.64700000,1757746799999999,14581656.51884000,26290,29444.88200000,7137376.68419000,0
1757746800000000,242.69000000,242.88000000,242.35000000,242.87000000,36345.77500000,1757748599999999,8820901.27059000,15743,25619.43300000,6217843.82918000,0
1757748600000000,242.87000000,243.18000000,242.44000000,242.46000000,34788.21300000,1757750399999999,8448184.21775000,16023,19066.28300000,4631435.58826000,0
1757750400000000,242.45000000,242.86000000,242.01000000,242.53000000,40814.47900000,1757752199999999,9893698.66639000,22190,20460.66100000,4959719.37456000,0
1757752200000000,242.53000000,243.50000000,242.52000000,243.49000000,82178.57800000,1757753999999999,19967735.09365000,21892,57552.09000000,13984573.35508000,0
1757754000000000,243.49000000,243.60000000,242.77000000,242.87000000,73589.73800000,1757755799999999,17889382.29908000,26585,43522.95100000,10580100.24843000,0
1757755800000000,242.88000000,243.72000000,242.77000000,243.46000000,56013.82400000,1757757599999999,13620604.36710000,23574,31493.06200000,7660614.32849000,0
1757757600000000,243.46000000,243.46000000,242.66000000,242.72000000,63570.69100000,1757759399999999,15451789.95695000,26999,25285.75200000,6146877.45812000,0
1757759400000000,242.72000000,243.04000000,242.22000000,242.64000000,51249.68000000,1757761199999999,12430924.08330000,25632,25566.39800000,6201908.68928000,0
1757761200000000,242.64000000,242.65000000,241.26000000,241.96000000,76632.39000000,1757762999999999,18528586.26559000,28172,25735.31300000,6223705.00909000,0
1757763000000000,241.97000000,242.50000000,241.80000000,241.93000000,67365.55100000,1757764799999999,16309239.80585000,20237,36889.31300000,8931706.99342000,0
1757764800000000,241.93000000,242.19000000,241.31000000,242.08000000,48732.02100000,1757766599999999,11779215.83489000,21455,22273.41100000,5384906.57133000,0
1757766600000000,242.08000000,242.55000000,242.04000000,242.44000000,32278.35000000,1757768399999999,7823196.11258000,19113,18016.02000000,4366537.58611000,0
1757768400000000,242.45000000,243.09000000,241.96000000,242.80000000,52000.05300000,1757770199999999,12611328.12240000,25979,29332.25200000,7115759.44820000,0
1757770200000000,242.80000000,242.81000000,237.93000000,240.06000000,230043.26100000,1757771999999999,55217920.93732000,89733,92241.19400000,22133278.80636000,0
1757772000000000,240.06000000,241.08000000,238.59000000,240.93000000,159477.13600000,1757773799999999,38232172.02888000,84373,77891.53500000,18680400.57093000,0
1757773800000000,240.92000000,240.99000000,239.59000000,240.35000000,67713.59400000,1757775599999999,16259249.27104000,38013,27140.69600000,6517377.75249000,0
1757775600000000,240.35000000,240.86000000,239.92000000,240.19000000,55107.85800000,1757777399999999,13255559.73536000,37653,28221.42800000,6789274.06553000,0
1757777400000000,240.20000000,240.26000000,238.50000000,239.43000000,88558.01800000,1757779199999999,21178403.80373000,61350,28808.49700000,6889945.83883000,0
1757779200000000,239.43000000,239.69000000,238.09000000,238.78000000,89295.69200000,1757780999999999,21323344.30875000,62023,40527.26600000,9681907.96963000,0
1757781000000000,238.77000000,239.32000000,237.33000000,237.52000000,104636.41800000,1757782799999999,24921271.77504000,67881,38930.40700000,9274526.69947000,0
1757782800000000,237.53000000,237.74000000,235.73000000,237.10000000,158205.21200000,1757784599999999,37450897.58355000,104135,66724.69000000,15798632.37601000,0
1757784600000000,237.10000000,238.41000000,236.93000000,237.80000000,49121.70300000,1757786399999999,11682324.68297000,30938,28648.21600000,6813831.75447000,0
1757786400000000,237.80000000,238.77000000,237.15000000,238.57000000,32464.71100000,1757788199999999,7724458.18776000,28255,18838.95700000,4483901.50410000,0
1757788200000000,238.57000000,238.86000000,238.12000000,238.42000000,27431.19100000,1757789999999999,6543079.50288000,19137,13639.36300000,3253452.57974000,0
1757790000000000,238.42000000,239.02000000,238.06000000,238.77000000,35230.41000000,1757791799999999,8408225.75367000,27789,18729.85600000,4470189.37240000,0
1757791800000000,238.77000000,239.33000000,238.67000000,238.98000000,34588.31000000,1757793599999999,8268489.47554000,21445,22342.45500000,5341524.89190000,0
1757793600000000,238.98000000,240.14000000,238.84000000,239.81000000,52255.49400000,1757795399999999,12524859.01614000,28358,37926.73400000,9091044.58274000,0
1757795400000000,239.80000000,240.39000000,239.67000000,240.23000000,28046.56200000,1757797199999999,6733192.99106000,20077,17831.18100000,4280846.74977000,0
1757797200000000,240.24000000,241.45000000,240.19000000,241.07000000,53182.25600000,1757798999999999,12812778.71394000,24910,35085.38600000,8452945.63728000,0
1757799000000000,241.08000000,241.08000000,239.88000000,240.10000000,32218.47500000,1757800799999999,7741192.57005000,20206,14213.02900000,3415159.36963000,0
1757800800000000,240.11000000,241.35000000,239.99000000,241.25000000,32025.04200000,1757802599999999,7714102.90229000,27260,18925.49000000,4558652.42324000,0
1757802600000000,241.25000000,242.04000000,240.85000000,241.89000000,48494.05600000,1757804399999999,11710640.19673000,26104,29914.31100000,7224491.90936000,0
1757804400000000,241.89000000,243.18000000,241.71000000,242.19000000,128042.89900000,1757806199999999,31051885.31614000,45749,69655.01200000,16899694.68096000,0
1757806200000000,242.19000000,242.82000000,241.86000000,242.38000000,28177.06700000,1757807999999999,6829244.87641000,23063,15102.46500000,3661008.52744000,0
1757808000000000,242.38000000,243.44000000,242.20000000,243.21000000,76930.51000000,1757809799999999,18685539.68115000,34026,47919.56000000,11640860.01763000,0
1757809800000000,243.21000000,244.09000000,242.28000000,243.50000000,132258.56800000,1757811599999999,32185150.48206000,54688,74112.75100000,18042481.65775000,0
1757811600000000,243.50000000,244.16000000,242.81000000,243.59000000,120575.08400000,1757813399999999,29358870.71024000,72419,53143.34700000,12941940.10158000,0
1757813400000000,243.59000000,246.59000000,243.12000000,245.79000000,166165.07000000,1757815199999999,40716653.35802000,84570,107661.26400000,26383249.82948000,0
1757815200000000,245.79000000,247.33000000,245.75000000,246.90000000,151948.21500000,1757816999999999,37490658.06712000,80304,87056.06000000,21482411.39621000,0
1757817000000000,246.89000000,249.20000000,246.03000000,248.68000000,172520.89000000,1757818799999999,42778330.20854000,88798,101284.14100000,25122736.16895000,0
1757818800000000,248.68000000,249.60000000,247.53000000,248.07000000,145967.59500000,1757820599999999,36284998.61624000,69112,74586.06100000,18542920.90282000,0
1757820600000000,248.07000000,248.71000000,246.80000000,246.89000000,72701.83600000,1757822399999999,18019293.83001000,44671,29718.59200000,7369948.88465000,0
1757822400000000,246.89000000,247.63000000,244.50000000,247.06000000,141100.63200000,1757824199999999,34733031.84604000,81412,59178.26700000,14567770.46638000,0
1757824200000000,247.07000000,248.01000000,246.02000000,246.24000000,89416.03700000,1757825999999999,22106817.93935000,47664,48586.10700000,12018225.94923000,0
1757826000000000,246.25000000,246.95000000,246.04000000,246.70000000,40617.57600000,1757827799999999,10015705.87796000,33231,23169.40100000,5713537.17934000,0
1757827800000000,246.69000000,248.08000000,246.43000000,247.71000000,50097.07800000,1757829599999999,12402649.37151000,38162,32101.50900000,7946898.83922000,0
1757829600000000,247.72000000,248.40000000,246.77000000,247.20000000,61011.58500000,1757831399999999,15106515.73409000,37332,31160.09900000,7719684.39585000,0
1757831400000000,247.20000000,247.20000000,246.24000000,247.05000000,54277.36100000,1757833199999999,13394235.13871000,36912,22041.01800000,5440185.84059000,0
1757833200000000,247.05000000,247.24000000,246.33000000,246.66000000,38825.30600000,1757834999999999,9579295.36623000,29541,19085.69600000,4708888.02519000,0
1757835000000000,246.66000000,247.09000000,245.71000000,246.39000000,65063.42000000,1757836799999999,16037403.33986000,40781,28073.93800000,6921996.28728000,0
1757836800000000,246.40000000,246.86000000,245.88000000,246.19000000,51335.29400000,1757838599999999,12646708.75389000,35274,24860.96500000,6125085.18707000,0
1757838600000000,246.20000000,247.10000000,246.10000000,246.42000000,30141.66700000,1757840399999999,7434364.13695000,20119,16343.00900000,4031248.90418000,0
1757840400000000,246.42000000,247.46000000,246.13000000,247.11000000,43699.68000000,1757842199999999,10792977.08907000,28022,26269.02400000,6489613.24582000,0
1757842200000000,247.11000000,247.76000000,247.11000000,247.76000000,52728.03500000,1757843999999999,13047745.30606000,26452,30464.14100000,7539047.66905000,0
1757844000000000,247.75000000,248.09000000,246.98000000,247.10000000,45521.37800000,1757845799999999,11270976.20560000,31251,21837.61600000,5408219.31768000,0
1757845800000000,247.10000000,247.99000000,247.09000000,247.67000000,41523.43600000,1757847599999999,10280797.62570000,26570,22640.98700000,5605302.19887000,0
1757847600000000,247.67000000,247.92000000,246.30000000,246.38000000,51183.67400000,1757849399999999,12648649.75413000,33046,17227.41200000,4258561.91234000,0
1757849400000000,246.39000000,246.71000000,245.58000000,246.09000000,61197.42900000,1757851199999999,15057860.73001000,45630,23511.56400000,5784750.93693000,0
1757851200000000,246.10000000,246.75000000,245.73000000,246.47000000,45503.38700000,1757852999999999,11202679.42821000,34531,25618.17800000,6308226.37926000,0
1757853000000000,246.48000000,246.77000000,244.69000000,245.26000000,91987.07500000,1757854799999999,22582627.25483000,59005,39141.18800000,9610249.56203000,0
1757854800000000,245.27000000,245.92000000,244.50000000,245.00000000,100980.85500000,1757856599999999,24767586.29763000,55216,54658.39700000,13409946.14226000,0
1757856600000000,245.00000000,245.85000000,243.31000000,243.80000000,134540.62100000,1757858399999999,32896764.52687000,74926,60140.56500000,14716041.96598000,0
1757858400000000,243.79000000,245.10000000,242.72000000,242.88000000,114740.98900000,1757860199999999,27963303.98685000,71175,45104.88400000,11002242.61728000,0
1757860200000000,242.87000000,243.67000000,241.53000000,243.24000000,190960.59100000,1757861999999999,46292669.81778000,124171,81465.16800000,19755124.14599000,0
1757862000000000,243.24000000,243.98000000,241.87000000,243.66000000,112235.55300000,1757863799999999,27256937.60487000,64210,59962.90600000,14566763.17773000,0
1757863800000000,243.65000000,244.27000000,242.88000000,243.81000000,68713.24100000,1757865599999999,16746714.87016000,46674,36759.75700000,8961313.89099000,0
1757865600000000,243.81000000,245.67000000,243.43000000,245.59000000,110657.74600000,1757867399999999,27077628.12247000,62104,75315.73400000,18430232.66218000,0
1757867400000000,245.59000000,245.84000000,244.85000000,245.16000000,54667.48900000,1757869199999999,13413592.87242000,35171,27138.97600000,6660472.98315000,0
1757869200000000,245.16000000,247.28000000,244.51000000,246.86000000,102249.61300000,1757870999999999,25147706.33304000,48165,63254.46000000,15563177.34355000,0
1757871000000000,246.86000000,248.45000000,246.84000000,247.92000000,123120.20900000,1757872799999999,30498253.32229000,58992,71463.15400000,17704410.00181000,0
1757872800000000,247.93000000,247.96000000,246.62000000,246.93000000,69986.64000000,1757874599999999,17303074.56808000,43117,30160.63800000,7456721.84997000,0
1757874600000000,246.92000000,247.13000000,244.66000000,244.66000000,78621.54500000,1757876399999999,19323668.28539000,45226,26299.20300000,6460662.03946000,0
1757876400000000,244.67000000,245.29000000,243.28000000,244.46000000,98734.52700000,1757878199999999,24132715.71431000,66032,51376.15000000,12558748.83765000,0
1757878200000000,244.46000000,244.63000000,242.13000000,242.51000000,119195.97200000,1757879999999999,28996708.95945000,58193,49086.16100000,11939066.90060000,0
1757880000000000,242.50000000,243.47000000,242.28000000,242.94000000,73995.77500000,1757881799999999,17981054.90957000,42011,37224.48100000,9045305.61526000,0
1757881800000000,242.95000000,242.95000000,240.99000000,242.45000000,75810.44300000,1757883599999999,18334913.33492000,51152,33427.64000000,8088253.94022000,0
1757883600000000,242.45000000,242.92000000,240.57000000,242.12000000,78754.95800000,1757885399999999,19043110.25050000,53169,41238.84700000,9973617.59677000,0
1757885400000000,242.12000000,244.72000000,242.11000000,244.14000000,73996.36500000,1757887199999999,18023825.93986000,49495,49862.03700000,12143770.04688000,0
1757887200000000,244.15000000,244.29000000,240.79000000,241.60000000,75364.53700000,1757888999999999,18230477.45532000,54102,27707.17000000,6699384.18940000,0
1757889000000000,241.59000000,243.52000000,241.42000000,242.99000000,69437.87200000,1757890799999999,16850644.54836000,41000,39461.50300000,9573741.26749000,0
1757890800000000,242.98000000,242.98000000,240.92000000,241.06000000,66789.10900000,1757892599999999,16147997.66230000,47592,23147.73300000,5595438.80905000,0
1757892600000000,241.05000000,241.10000000,239.23000000,239.76000000,77318.66000000,1757894399999999,18570869.90427000,60260,23321.95600000,5601800.56232000,0
1757894400000000,239.75000000,242.16000000,239.66000000,241.92000000,68578.80800000,1757896199999999,16523170.38892000,58820,43152.32600000,10399187.05746000,0
1757896200000000,241.91000000,242.00000000,240.58000000,240.68000000,49709.13600000,1757897999999999,11986379.46800000,41542,20652.47200000,4981737.46856000,0
1757898000000000,240.69000000,241.31000000,239.15000000,240.81000000,56892.31000000,1757899799999999,13664310.01922000,61682,29693.22800000,7135005.11781000,0
1757899800000000,240.80000000,241.77000000,240.66000000,241.11000000,56773.85600000,1757901599999999,13693805.78237000,49452,32699.20900000,7887461.50466000,0
1757901600000000,241.12000000,242.36000000,241.00000000,241.69000000,45755.87900000,1757903399999999,11068025.22671000,34969,28823.79100000,6972461.38988000,0
1757903400000000,241.68000000,242.76000000,240.34000000,242.10000000,59841.39800000,1757905199999999,14466883.58438000,41312,28563.30200000,6907044.10977000,0
1757905200000000,242.10000000,243.41000000,242.01000000,242.44000000,61614.96000000,1757906999999999,14963872.10617000,34307,31158.20700000,7567270.50226000,0
1757907000000000,242.43000000,243.03000000,242.04000000,242.64000000,46454.21500000,1757908799999999,11274581.51850000,24390,18846.50300000,4574461.20351000,0
1757908800000000,242.65000000,243.48000000,242.04000000,243.03000000,73930.63700000,1757910599999999,17953417.57947000,43898,37618.01100000,9136201.14742000,0
1757910600000000,243.04000000,243.51000000,242.66000000,242.83000000,44895.86800000,1757912399999999,10915528.91796000,29211,21181.14000000,5150460.14830000,0
1757912400000000,242.83000000,243.79000000,242.59000000,243.60000000,39785.94200000,1757914199999999,9676443.73762000,30716,20785.60800000,5056166.41887000,0
1757914200000000,243.60000000,243.97000000,243.20000000,243.97000000,41034.99100000,1757915999999999,9992626.71869000,26132,21325.57900000,5193628.47086000,0
1757916000000000,243.96000000,244.00000000,242.12000000,242.14000000,76527.64500000,1757917799999999,18609960.25859000,42051,30398.50400000,7396056.52727000,0
1757917800000000,242.14000000,242.47000000,239.59000000,240.31000000,112802.35600000,1757919599999999,27179513.68926000,70607,41130.10400000,9908125.22969000,0
1757919600000000,240.31000000,241.28000000,239.63000000,239.75000000,55999.74800000,1757921399999999,13467032.67864000,40847,28065.38000000,6753048.52086000,0
1757921400000000,239.74000000,239.74000000,236.17000000,237.98000000,266162.82000000,1757923199999999,63256903.84731000,133298,114683.62800000,27252343.79100000,0
1757923200000000,237.98000000,238.11000000,234.72000000,236.30000000,258323.27300000,1757924999999999,61063445.84705000,136558,122726.17200000,29019969.06915000,0
1757925000000000,236.30000000,236.75000000,231.77000000,232.07000000,395954.51900000,1757926799999999,92652649.88221000,160949,164127.19800000,38392055.88623000,0
1757926800000000,232.07000000,235.08000000,231.55000000,234.66000000,244123.84200000,1757928599999999,56952393.64897000,111820,118197.20400000,27591692.65038000,0
1757928600000000,234.65000000,235.60000000,234.41000000,235.59000000,92693.91200000,1757930399999999,21774398.96438000,51666,51020.34700000,11985998.00514000,0
1757930400000000,235.58000000,235.64000000,234.02000000,235.07000000,72479.83000000,1757932199999999,17015786.47730000,54234,35354.61300000,8300554.43551000,0
1757932200000000,235.08000000,236.84000000,234.81000000,236.18000000,145305.92500000,1757933999999999,34312651.40124000,54101,98255.21200000,23203772.05736000,0
1757934000000000,236.18000000,236.95000000,235.19000000,235.99000000,158002.23300000,1757935799999999,37318595.40208000,47953,87664.44300000,20707652.25132000,0
1757935800000000,235.98000000,236.61000000,235.19000000,236.45000000,84869.76600000,1757937599999999,20038372.58340000,33994,46173.53400000,10899964.01148000,0
1757937600000000,236.46000000,238.16000000,234.91000000,235.83000000,142412.76400000,1757939399999999,33693381.12419000,77170,75434.68100000,17861076.17033000,0
1757939400000000,235.83000000,236.44000000,234.42000000,234.80000000,97890.62900000,1757941199999999,23042440.96495000,48812,45462.67800000,10703738.17540000,0
1757941200000000,234.80000000,236.00000000,234.14000000,235.88000000,98697.97000000,1757942999999999,23194246.01218000,60058,58161.31400000,13671682.22451000,0
1757943000000000,235.88000000,237.12000000,234.81000000,235.20000000,197301.77300000,1757944799999999,46579636.26411000,118951,101489.51900000,23956418.10582000,0
1757944800000000,235.20000000,235.64000000,232.72000000,235.53000000,163810.69300000,1757946599999999,38339024.97933000,102081,83198.00600000,19474400.39591000,0
1757946600000000,235.52000000,235.57000000,233.23000000,233.44000000,76635.28200000,1757948399999999,17954263.60094000,57145,42522.98200000,9963529.75795000,0
1757948400000000,233.44000000,234.41000000,232.30000000,233.89000000,212305.62400000,1757950199999999,49475716.12559000,82122,81783.39900000,19065217.31430000,0
1757950200000000,233.89000000,233.90000000,231.96000000,233.00000000,130969.92900000,1757951999999999,30508477.51292000,74039,48505.84700000,11299030.35806000,0
1757952000000000,233.00000000,233.66000000,231.66000000,232.31000000,101012.67600000,1757953799999999,23502297.69975000,69967,58694.74200000,13657284.15896000,0
1757953800000000,232.30000000,233.46000000,230.74000000,231.39000000,98113.89300000,1757955599999999,22755927.65367000,61500,46474.21000000,10789539.09466000,0
1757955600000000,231.38000000,231.95000000,230.15000000,231.19000000,98488.35400000,1757957399999999,22754755.73233000,75711,48663.87500000,11245004.67039000,0
1757957400000000,231.20000000,233.37000000,230.98000000,233.30000000,91310.35400000,1757959199999999,21208265.94891000,55034,56534.28100000,13135120.30523000,0
1757959200000000,233.29000000,233.60000000,232.22000000,232.82000000,47494.06400000,1757960999999999,11062387.67177000,42358,26164.82500000,6094826.52442000,0
1757961000000000,232.82000000,233.60000000,232.33000000,233.24000000,42628.33900000,1757962799999999,9936555.27005000,32423,27615.75200000,6438134.97116000,0
1757962800000000,233.24000000,234.67000000,232.29000000,232.52000000,119399.19800000,1757964599999999,27840284.66945000,53943,65409.54400000,15253164.08357000,0
1757964600000000,232.53000000,233.83000000,231.80000000,233.00000000,80817.66500000,1757966399999999,18817487.66757000,50081,36376.32000000,8472660.55798000,0
1757966400000000,232.99000000,233.92000000,232.78000000,233.51000000,30358.42700000,1757968199999999,7088505.64003000,28484,20242.94400000,4727066.80990000,0
1757968200000000,233.52000000,234.47000000,233.24000000,234.34000000,31031.95400000,1757969999999999,7260210.47400000,23978,20346.02900000,4760442.85934000,0
1757970000000000,234.35000000,234.60000000,233.71000000,234.29000000,38029.60500000,1757971799999999,8909791.28668000,23473,24837.93400000,5819577.60044000,0
1757971800000000,234.29000000,235.37000000,234.11000000,235.18000000,46377.93100000,1757973599999999,10893086.03876000,22507,33909.26600000,7963787.55937000,0
1757973600000000,235.18000000,235.34000000,234.20000000,234.91000000,61777.02800000,1757975399999999,14512909.38581000,31337,31085.08800000,7303874.17265000,0
1757975400000000,234.91000000,235.00000000,233.70000000,233.94000000,43862.16700000,1757977199999999,10264397.13001000,21589,16782.03300000,3927467.91847000,0
1757977200000000,233.93000000,234.37000000,233.04000000,234.23000000,39771.15700000,1757978999999999,9296102.78479000,23073,27308.62700000,6383190.30376000,0
1757979000000000,234.22000000,234.52000000,233.30000000,234.31000000,34578.27400000,1757980799999999,8085542.43898000,17112,19351.19200000,4527218.96767000,0
1757980800000000,234.32000000,234.70000000,233.26000000,233.39000000,39331.57100000,1757982599999999,9205947.74367000,25035,21771.90900000,5096934.64735000,0
1757982600000000,233.39000000,234.11000000,232.87000000,233.80000000,41200.66500000,1757984399999999,9617957.65053000,34067,16367.27200000,3821859.00611000,0
1757984400000000,233.81000000,235.70000000,233.79000000,235.07000000,102861.22500000,1757986199999999,24171578.93414000,49118,69962.06000000,16438506.95082000,0
1757986200000000,235.07000000,235.43000000,233.85000000,233.97000000,68675.96500000,1757987999999999,16123191.88167000,32750,43320.44400000,10172346.42559000,0
1757988000000000,233.97000000,235.05000000,233.90000000,234.41000000,33376.66200000,1757989799999999,7826140.39847000,27577,18828.48100000,4415512.44201000,0
1757989800000000,234.40000000,234.99000000,233.83000000,233.87000000,20915.18800000,1757991599999999,4903881.54952000,24633,9340.97700000,2190644.11726000,0
1757991600000000,233.87000000,235.32000000,233.85000000,235.03000000,55585.63800000,1757993399999999,13049874.71046000,30223,36416.07100000,8551655.96844000,0
1757993400000000,235.02000000,235.80000000,234.87000000,235.08000000,44585.15100000,1757995199999999,10496675.95713000,32254,26188.29800000,6165933.14936000,0
1757995200000000,235.09000000,235.25000000,232.97000000,234.44000000,41213.65600000,1757996999999999,9650993.62841000,31975,18828.31000000,4411313.93499000,0
1757997000000000,234.45000000,234.73000000,233.57000000,234.49000000,59602.99000000,1757998799999999,13945031.11273000,30477,34006.88100000,7955932.55235000,0
1757998800000000,234.49000000,235.86000000,234.37000000,235.14000000,97472.16500000,1758000599999999,22932870.03236000,45909,57155.05000000,13448819.48290000,0
1758000600000000,235.15000000,236.61000000,235.05000000,236.55000000,63066.61200000,1758002399999999,14887059.33669000,35221,41407.39500000,9774044.62203000,0
1758002400000000,236.56000000,237.03000000,235.79000000,235.90000000,56062.77800000,1758004199999999,13263941.05030000,37848,31262.50000000,7398847.28548000,0
1758004200000000,235.91000000,235.94000000,234.75000000,235.87000000,49717.28100000,1758005999999999,11703299.11746000,34757,23049.88000000,5425979.78280000,0
1758006000000000,235.87000000,236.43000000,235.86000000,236.15000000,32659.24900000,1758007799999999,7712597.54334000,29544,16446.62400000,3883905.69992000,0
1758007800000000,236.15000000,236.37000000,235.35000000,235.77000000,39922.02900000,1758009599999999,9416683.09720000,22819,18737.05500000,4420255.38056000,0
1758009600000000,235.77000000,236.93000000,235.74000000,235.88000000,89482.87100000,1758011399999999,21159989.35366000,36081,50502.63100000,11940068.51341000,0
1758011400000000,235.89000000,236.35000000,235.12000000,236.10000000,44531.86400000,1758013199999999,10493348.93602000,31890,24384.21700000,5746622.68569000,0
1758013200000000,236.11000000,236.36000000,235.62000000,235.72000000,32269.47400000,1758014999999999,7614233.78621000,23206,15137.34600000,3571781.42276000,0
1758015000000000,235.72000000,235.89000000,234.87000000,235.31000000,39267.93200000,1758016799999999,9240175.49373000,27249,17376.84600000,4088935.06029000,0
1758016800000000,235.30000000,235.66000000,234.77000000,235.57000000,31916.64500000,1758018599999999,7505907.99995000,30400,16345.96800000,3844444.95563000,0
1758018600000000,235.57000000,236.00000000,235.20000000,235.25000000,28725.73000000,1758020399999999,6768418.26494000,26029,15227.77000000,3588480.93050000,0
1758020400000000,235.25000000,235.74000000,234.81000000,235.54000000,43119.16100000,1758022199999999,10146577.44711000,33074,15339.78000000,3610636.57443000,0
1758022200000000,235.55000000,235.91000000,235.18000000,235.37000000,48534.24400000,1758023999999999,11432713.70538000,22321,25876.85400000,6095602.41977000,0
1758024000000000,235.36000000,235.89000000,235.00000000,235.15000000,26438.52100000,1758025799999999,6226132.17061000,25311,10803.79900000,2544596.30867000,0
1758025800000000,235.15000000,235.70000000,234.45000000,235.26000000,39188.38800000,1758027599999999,9211563.01007000,36929,16456.82300000,3868647.05955000,0
1758027600000000,235.25000000,235.64000000,234.60000000,235.53000000,30780.46700000,1758029399999999,7239398.02654000,33034,15532.37300000,3653212.03681000,0
1758029400000000,235.53000000,235.59000000,231.29000000,233.09000000,213824.94400000,1758031199999999,49740280.08275000,124645,103285.36800000,24019945.93634000,0
1758031200000000,233.08000000,233.08000000,231.26000000,232.53000000,121746.22200000,1758032999999999,28255015.15235000,73909,55514.07400000,12887537.40932000,0
1758033000000000,232.54000000,234.35000000,232.11000000,234.14000000,57282.38700000,1758034799999999,13364902.07669000,42521,32816.50300000,7658395.73153000,0
1758034800000000,234.14000000,235.58000000,233.13000000,234.80000000,92564.68700000,1758036599999999,21713270.78216000,55892,48731.35100000,11433325.26997000,0
1758036600000000,234.80000000,238.09000000,234.59000000,237.79000000,222849.22800000,1758038399999999,52722641.44883000,76756,125104.14300000,29582433.60477000,0
1758038400000000,237.79000000,239.27000000,236.24000000,237.25000000,279362.07600000,1758040199999999,66401059.77560000,132844,155687.97900000,37011798.99757000,0
1758040200000000,237.24000000,238.40000000,237.20000000,238.25000000,103035.21500000,1758041999999999,24505587.55353000,57146,66875.88400000,15906559.78207000,0
1758042000000000,238.24000000,240.95000000,238.10000000,240.21000000,172873.53500000,1758043799999999,41432816.46740000,88500,111580.33300000,26739545.13157000,0
1758043800000000,240.21000000,240.21000000,237.83000000,238.16000000,105429.25800000,1758045599999999,25181576.53823000,74778,40824.27400000,9751364.80535000,0
1758045600000000,238.15000000,239.08000000,237.93000000,238.08000000,39582.03500000,1758047399999999,9444008.62318000,37880,23793.31000000,5677684.76835000,0
1758047400000000,238.08000000,238.29000000,236.85000000,237.64000000,64214.61800000,1758049199999999,15249897.25929000,43023,28042.04500000,6658336.14917000,0
1758049200000000,237.63000000,238.18000000,237.35000000,237.62000000,36275.34100000,1758050999999999,8628439.63431000,34058,21429.41700000,5097886.86303000,0
1758051000000000,237.63000000,238.36000000,237.13000000,237.82000000,42313.38700000,1758052799999999,10062590.88738000,35191,27333.71600000,6501846.78971000,0
1758052800000000,237.82000000,238.25000000,237.32000000,237.92000000,25143.83500000,1758054599999999,5979672.15125000,27696,13919.93300000,3310680.12870000,0
1758054600000000,237.92000000,238.40000000,237.61000000,238.29000000,23091.45400000,1758056399999999,5495658.82395000,23367,14176.37500000,3373485.85581000,0
1758056400000000,238.30000000,238.78000000,237.13000000,237.49000000,42182.42200000,1758058199999999,10043282.51381000,27611,20249.02200000,4821692.40254000,0
1758058200000000,237.49000000,238.70000000,237.49000000,238.54000000,23112.23200000,1758059999999999,5501720.21293000,20089,14520.79500000,3456624.89170000,0
1758060000000000,238.54000000,239.03000000,237.72000000,237.85000000,51521.28100000,1758061799999999,12285588.52465000,34647,27476.63700000,6553580.98460000,0
1758061800000000,237.86000000,238.51000000,237.20000000,237.92000000,49328.71100000,1758063599999999,11737651.76877000,28905,21376.50900000,5088506.23315000,0
1758063600000000,237.92000000,238.21000000,237.40000000,237.60000000,38807.92700000,1758065399999999,9225756.66895000,27619,15205.47300000,3615663.73869000,0
1758065400000000,237.59000000,237.88000000,236.44000000,236.96000000,76582.14300000,1758067199999999,18169511.16741000,33709,32703.91600000,7757932.51038000,0
1758067200000000,236.96000000,237.05000000,235.84000000,236.31000000,80363.07400000,1758068999999999,18996560.34463000,41191,30191.82400000,7137498.40283000,0
1758069000000000,236.31000000,236.46000000,235.48000000,236.23000000,64114.38800000,1758070799999999,15127920.37547000,33822,37625.63200000,8875059.46131000,0
1758070800000000,236.24000000,236.95000000,236.16000000,236.75000000,44187.38700000,1758072599999999,10450444.06111000,31659,25289.03300000,5981381.25675000,0
1758072600000000,236.75000000,236.80000000,235.84000000,236.29000000,30876.17600000,1758074399999999,7293866.11512000,24549,16666.70300000,3936861.16920000,0
1758074400000000,236.30000000,236.65000000,235.84000000,236.55000000,19304.92600000,1758076199999999,4561056.43227000,21667,11082.97000000,2618932.39847000,0
1758076200000000,236.55000000,237.85000000,236.32000000,236.33000000,58336.69300000,1758077999999999,13828313.24312000,37411,30888.25700000,7322579.13435000,0
1758078000000000,236.32000000,236.52000000,235.73000000,235.99000000,66605.70900000,1758079799999999,15723327.04762000,33734,31766.03700000,7498265.50872000,0
1758079800000000,235.99000000,236.03000000,233.84000000,234.07000000,78297.61000000,1758081599999999,18379273.74757000,43541,25990.94400000,6101051.27173000,0
1758081600000000,234.07000000,234.72000000,233.97000000,234.35000000,44441.17000000,1758083399999999,10414996.22680000,27938,22021.34500000,5161201.46822000,0
1758083400000000,234.35000000,234.62000000,233.44000000,233.73000000,41055.38700000,1758085199999999,9606715.25119000,32033,14880.34600000,3482014.67415000,0
1758085200000000,233.73000000,234.38000000,233.20000000,233.53000000,67616.04600000,1758086999999999,15818749.45678000,35568,30625.99300000,7164973.20800000,0
1758087000000000,233.53000000,235.44000000,233.39000000,235.07000000,142564.36100000,1758088799999999,33430762.92542000,44515,66929.49400000,15691209.59331000,0
1758088800000000,235.07000000,235.54000000,234.78000000,235.01000000,41984.35900000,1758090599999999,9873411.96367000,32899,19163.10300000,4507229.15607000,0
1758090600000000,235.02000000,236.71000000,234.91000000,236.09000000,96140.38700000,1758092399999999,22682769.25022000,42530,54498.09100000,12855354.32975000,0
1758092400000000,236.09000000,237.93000000,235.74000000,237.25000000,90035.48900000,1758094199999999,21345672.39042000,42597,42904.18200000,10167608.84602000,0
1758094200000000,237.24000000,238.09000000,237.17000000,237.69000000,50579.22700000,1758095999999999,12024272.99283000,27304,25471.61200000,6055121.43733000,0
1758096000000000,237.69000000,237.73000000,235.66000000,235.83000000,71703.21300000,1758097799999999,16947078.95484000,47521,28530.72100000,6742489.99824000,0
1758097800000000,235.83000000,236.11000000,235.06000000,235.87000000,51398.59800000,1758099599999999,12105451.66253000,42424,28807.19000000,6785295.60079000,0
1758099600000000,235.86000000,236.31000000,235.54000000,235.86000000,26236.40800000,1758101399999999,6190182.16051000,24064,14743.51700000,3478558.82923000,0
1758101400000000,235.87000000,235.95000000,235.20000000,235.20000000,26350.87300000,1758103199999999,6204960.22486000,22625,15410.08000000,3628608.03983000,0
1758103200000000,235.20000000,236.38000000,233.81000000,234.25000000,83499.92000000,1758104999999999,19639938.58517000,47561,41660.42700000,9803278.49777000,0
1758105000000000,234.25000000,234.79000000,233.66000000,234.16000000,100363.37400000,1758106799999999,23495427.61133000,34570,65029.52500000,15220433.30886000,0
1758106800000000,234.16000000,234.70000000,233.92000000,234.41000000,26285.75300000,1758108599999999,6159439.00401000,23419,14690.41300000,3442726.50040000,0
1758108600000000,234.40000000,234.41000000,234.00000000,234.17000000,39468.16900000,1758110399999999,9242276.72079000,17715,14211.81500000,3327774.88558000,0
1758110400000000,234.18000000,234.83000000,233.96000000,234.81000000,36375.70800000,1758112199999999,8523825.03881000,23860,20642.29900000,4837833.49256000,0
1758112200000000,234.81000000,235.29000000,234.17000000,234.78000000,41800.10900000,1758113999999999,9810394.16344000,28507,27707.71200000,6504193.20460000,0
1758114000000000,234.78000000,235.63000000,234.56000000,235.31000000,63283.28700000,1758115799999999,14883335.36021000,27884,23492.53200000,5525178.27542000,0
1758115800000000,235.31000000,235.99000000,234.19000000,235.48000000,70667.88700000,1758117599999999,16614089.05913000,67172,33927.29800000,7980457.45791000,0
1758117600000000,235.48000000,235.93000000,234.42000000,234.75000000,36124.09300000,1758119399999999,8495376.21997000,42567,17298.19700000,4069367.54239000,0
1758119400000000,234.76000000,235.22000000,233.56000000,233.96000000,69420.14100000,1758121199999999,16276295.74168000,50069,30771.84200000,7213234.79621000,0
1758121200000000,233.96000000,235.20000000,233.76000000,233.80000000,53910.42400000,1758122999999999,12640343.82878000,38524,26869.46900000,6301316.76163000,0
1758123000000000,233.81000000,234.32000000,233.62000000,233.90000000,70877.96700000,1758124799999999,16585666.92354000,32383,40245.39500000,9419347.95046000,0
1758124800000000,233.90000000,233.90000000,232.27000000,233.30000000,194781.69500000,1758126599999999,45376898.00904000,49260,117795.41800000,27432050.33247000,0
1758126600000000,233.30000000,234.74000000,233.00000000,234.07000000,46713.45100000,1758128399999999,10927524.31514000,34067,25892.69300000,6056234.08932000,0
1758128400000000,234.06000000,234.45000000,232.85000000,233.70000000,30571.45600000,1758130199999999,7139960.49589000,35040,12092.48700000,2824898.30407000,0
1758130200000000,233.69000000,237.21000000,232.50000000,232.51000000,323146.23000000,1758131999999999,76289111.14403000,121432,140040.27100000,33048624.20291000,0
1758132000000000,232.65000000,238.42000000,232.23000000,236.97000000,549801.45400000,1758133799999999,129829478.17863000,306990,274356.94200000,64811263.15683000,0
1758133800000000,236.97000000,237.09000000,232.54000000,233.67000000,242218.06400000,1758135599999999,56744082.28646000,204019,109577.44600000,25679974.67984000,0
1758135600000000,233.67000000,238.20000000,233.53000000,237.91000000,210694.52700000,1758137399999999,49806899.97799000,141519,138913.27200000,32845032.69376000,0
1758137400000000,237.90000000,239.10000000,237.17000000,238.74000000,169274.53000000,1758139199999999,40327090.31573000,114895,90687.03900000,21601749.54010000,0
1758139200000000,238.74000000,241.24000000,238.74000000,239.48000000,157177.19300000,1758140999999999,37759197.90989000,80640,89788.94600000,21572868.72468000,0
1758141000000000,239.48000000,240.30000000,237.61000000,238.01000000,108811.30400000,1758142799999999,26014877.90288000,61289,54135.17400000,12953268.60197000,0
1758142800000000,238.00000000,239.50000000,236.01000000,238.78000000,100189.80200000,1758144599999999,23827970.49528000,69275,61444.35000000,14618034.36835000,0
1758144600000000,238.78000000,240.68000000,238.78000000,240.26000000,90503.07600000,1758146399999999,21701954.25729000,49007,49986.82800000,11985690.42561000,0
1758146400000000,240.26000000,244.22000000,240.26000000,244.07000000,250836.37000000,1758148199999999,60914374.05705000,99954,155764.22300000,37823178.53226000,0
1758148200000000,244.06000000,245.72000000,243.82000000,244.89000000,135385.99500000,1758149999999999,33136621.73112000,71838,76418.52800000,18709263.54568000,0
1758150000000000,244.89000000,246.62000000,244.18000000,244.58000000,192069.97100000,1758151799999999,47180925.47582000,83384,115885.57100000,28475387.38680000,0
1758151800000000,244.59000000,245.26000000,243.79000000,244.84000000,85086.06200000,1758153599999999,20803351.40871000,49414,40203.06700000,9833477.32913000,0
1758153600000000,244.84000000,246.09000000,244.16000000,245.11000000,92137.40700000,1758155399999999,22585164.19065000,59430,50104.52400000,12283265.25751000,0
1758155400000000,245.11000000,245.58000000,244.52000000,244.73000000,93219.06100000,1758157199999999,22856751.37069000,49156,46812.54200000,11478528.00721000,0
1758157200000000,244.72000000,246.20000000,244.49000000,245.69000000,94616.75700000,1758158999999999,23243784.91448000,43902,56940.12200000,13988882.59159000,0
1758159000000000,245.69000000,247.50000000,245.56000000,246.30000000,96825.17400000,1758160799999999,23876135.41630000,54642,57913.52400000,14281086.30417000,0
1758160800000000,246.31000000,246.60000000,245.07000000,245.28000000,67467.80300000,1758162599999999,16575218.12118000,39598,21370.37900000,5250404.40812000,0
1758162600000000,245.27000000,246.50000000,245.21000000,246.42000000,51136.15100000,1758164399999999,12569495.81464000,35898,31268.55600000,7684859.18485000,0
1758164400000000,246.41000000,247.99000000,246.11000000,246.92000000,125166.73600000,1758166199999999,30939567.45445000,59246,65631.15800000,16229460.16380000,0
1758166200000000,246.92000000,247.19000000,246.29000000,246.72000000,96329.85600000,1758167999999999,23765125.56505000,35189,44121.01500000,10886518.99262000,0
1758168000000000,246.71000000,246.97000000,245.63000000,245.74000000,62921.60400000,1758169799999999,15496881.63313000,31835,28702.19200000,7071896.61614000,0
1758169800000000,245.74000000,246.27000000,245.58000000,246.27000000,55566.63400000,1758171599999999,13664408.55287000,26760,27242.16300000,6699760.31578000,0
1758171600000000,246.26000000,246.36000000,244.90000000,244.94000000,47384.60300000,1758173399999999,11641279.32881000,26698,17961.25000000,4414773.86398000,0
1758173400000000,244.94000000,245.14000000,244.33000000,244.93000000,42900.37100000,1758175199999999,10499979.99248000,28925,20309.29700000,4971054.90867000,0
1758175200000000,244.93000000,245.06000000,242.75000000,242.91000000,105458.85400000,1758176999999999,25718091.05085000,55909,42908.81000000,10466580.36032000,0
1758177000000000,242.92000000,244.46000000,242.58000000,244.28000000,93513.85000000,1758178799999999,22784482.70099000,44538,59060.68000000,14394139.51556000,0
1758178800000000,244.27000000,245.11000000,244.27000000,244.81000000,45892.79700000,1758180599999999,11230948.83057000,26979,30537.82400000,7473450.71159000,0
1758180600000000,244.81000000,245.31000000,244.56000000,244.75000000,48153.32200000,1758182399999999,11795427.64722000,29513,26346.15200000,6454726.34831000,0
1758182400000000,244.75000000,246.30000000,244.34000000,246.19000000,79535.24400000,1758184199999999,19512538.35513000,43727,42937.73200000,10540025.25654000,0
1758184200000000,246.19000000,247.17000000,246.00000000,247.03000000,79521.98200000,1758185999999999,19622632.19107000,39717,49150.76400000,12127369.46001000,0
1758186000000000,247.02000000,247.02000000,246.28000000,246.70000000,43111.13800000,1758187799999999,10635459.16992000,33381,21968.35700000,5419408.71518000,0
1758187800000000,246.69000000,247.13000000,246.13000000,247.09000000,47779.07700000,1758189599999999,11783840.13024000,28698,25042.48100000,6178236.40053000,0
1758189600000000,247.09000000,247.11000000,245.31000000,245.46000000,55537.67000000,1758191399999999,13673705.02003000,36781,23606.48200000,5813474.69050000,0
1758191400000000,245.47000000,246.45000000,245.43000000,246.05000000,40860.28500000,1758193199999999,10050851.96045000,31257,26803.84600000,6593357.56527000,0
1758193200000000,246.06000000,247.04000000,246.04000000,246.96000000,70261.75000000,1758194999999999,17338752.32286000,30084,44357.61100000,10946086.40409000,0
1758195000000000,246.96000000,247.00000000,245.64000000,245.97000000,50892.83200000,1758196799999999,12529126.75516000,21444,23627.76200000,5814675.74106000,0
1758196800000000,245.96000000,246.90000000,245.84000000,246.75000000,36886.89600000,1758198599999999,9092801.53125000,25816,20343.39900000,5015076.29164000,0
1758198600000000,246.75000000,246.75000000,245.84000000,246.04000000,46077.60400000,1758200399999999,11347883.58247000,29410,25867.55600000,6370991.24492000,0
1758200400000000,246.04000000,247.43000000,245.71000000,247.32000000,85470.11400000,1758202199999999,21087899.64444000,40376,58425.24900000,14415012.26272000,0
1758202200000000,247.33000000,248.39000000,245.01000000,246.15000000,198983.98300000,1758203999999999,49111866.31296000,117721,123877.55500000,30604054.44144000,0
1758204000000000,246.15000000,248.00000000,246.10000000,247.50000000,102080.30500000,1758205799999999,25233108.07105000,61115,55715.76500000,13774929.70732000,0
1758205800000000,247.50000000,248.15000000,246.50000000,247.73000000,90979.11600000,1758207599999999,22499464.06529000,56016,53089.81300000,13131213.05041000,0
1758207600000000,247.74000000,248.99000000,247.29000000,248.42000000,134688.60100000,1758209399999999,33453557.81815000,69892,77525.15300000,19255312.51973000,0
1758209400000000,248.43000000,248.84000000,247.98000000,248.24000000,60406.15900000,1758211199999999,15002423.33841000,47125,33925.91600000,8425643.66375000,0
1758211200000000,248.25000000,249.28000000,248.20000000,248.51000000,87560.11800000,1758212999999999,21781861.68331000,50369,49579.21200000,12335172.07936000,0
1758213000000000,248.51000000,250.22000000,247.65000000,249.83000000,183550.46500000,1758214799999999,45788716.92737000,67946,116818.35200000,29151846.48734000,0
1758214800000000,249.82000000,253.51000000,249.24000000,251.50000000,356443.69200000,1758216599999999,89781913.03058000,156946,208586.44600000,52552990.00277000,0
1758216600000000,251.50000000,252.09000000,250.72000000,251.38000000,136308.18900000,1758218399999999,34253564.32268000,68607,76560.74000000,19241790.60145000,0
1758218400000000,251.38000000,251.45000000,250.13000000,250.69000000,92728.41700000,1758220199999999,23243712.11133000,48580,49996.95000000,12531110.05393000,0
1758220200000000,250.69000000,250.77000000,249.83000000,250.43000000,49647.24000000,1758221999999999,12427318.72297000,34966,28235.82000000,7068754.78914000,0
1758222000000000,250.43000000,250.49000000,248.05000000,248.15000000,96429.95300000,1758223799999999,24012371.23273000,44739,42711.60600000,10635479.71962000,0
1758223800000000,248.15000000,249.07000000,247.33000000,248.36000000,79264.35600000,1758225599999999,19682514.92980000,55673,45205.56600000,11228884.67552000,0
1758225600000000,248.36000000,248.92000000,247.84000000,248.49000000,43827.17500000,1758227399999999,10884952.10426000,29804,28206.41300000,7005820.63751000,0
1758227400000000,248.49000000,249.22000000,248.27000000,248.33000000,59326.08800000,1758229199999999,14753560.82621000,30765,43092.06500000,10717080.43469000,0
1758229200000000,248.33000000,248.48000000,247.62000000,248.17000000,31859.97200000,1758230999999999,7902084.64084000,22250,14160.62200000,3512236.97897000,0
1758231000000000,248.17000000,248.65000000,247.44000000,247.61000000,29308.09700000,1758232799999999,7273821.79147000,18573,15118.79400000,3752908.13619000,0
1758232800000000,247.62000000,248.00000000,246.90000000,247.91000000,51360.92800000,1758234599999999,12706656.21767000,30708,22903.17600000,5666669.99762000,0
1758234600000000,247.91000000,248.16000000,246.92000000,247.09000000,40664.42500000,1758236399999999,10065288.64175000,22404,20198.44700000,5000437.79677000,0
1758236400000000,247.09000000,247.09000000,245.88000000,246.50000000,84605.95400000,1758238199999999,20853689.12764000,43663,27746.73800000,6838708.93633000,0
1758238200000000,246.51000000,247.73000000,246.50000000,247.50000000,52242.10300000,1758239999999999,12917075.01712000,25646,37498.06200000,9272021.76793000,0
1758240000000000,247.50000000,248.13000000,247.16000000,248.07000000,50547.58600000,1758241799999999,12526558.81776000,23193,35193.22000000,8721427.12752000,0
1758241800000000,248.08000000,248.33000000,247.66000000,248.18000000,57447.31300000,1758243599999999,14246817.50309000,25259,37161.89200000,9216711.70149000,0
1758243600000000,248.19000000,248.57000000,247.02000000,247.51000000,76837.15200000,1758245399999999,19045908.60224000,30709,44562.02600000,11046810.44991000,0
1758245400000000,247.52000000,247.78000000,246.80000000,247.47000000,31302.61800000,1758247199999999,7739978.10973000,27114,16176.50300000,4000180.62380000,0
1758247200000000,247.47000000,248.03000000,246.50000000,246.73000000,37288.71500000,1758248999999999,9212823.35362000,29738,15440.86400000,3815804.89687000,0
1758249000000000,246.73000000,247.28000000,246.42000000,246.71000000,29172.71000000,1758250799999999,7202663.24110000,24480,12459.10600000,3076920.89242000,0
1758250800000000,246.71000000,247.74000000,246.62000000,247.01000000,40484.13200000,1758252599999999,10013443.25504000,27188,23608.42300000,5840364.77185000,0
1758252600000000,247.01000000,247.09000000,244.66000000,245.00000000,163375.55200000,1758254399999999,40114894.01890000,58127,68170.38600000,16739615.23619000,0
1758254400000000,245.00000000,245.00000000,242.83000000,244.79000000,187218.20000000,1758256199999999,45646399.94910000,71707,79879.18600000,19478605.08679000,0
1758256200000000,244.79000000,245.39000000,244.50000000,245.02000000,56753.25800000,1758257999999999,13905564.25111000,32485,34545.25200000,8464392.17007000,0
1758258000000000,245.02000000,245.70000000,244.31000000,244.56000000,57982.86200000,1758259799999999,14205552.82026000,34355,34370.85900000,8422459.23760000,0
1758259800000000,244.56000000,245.73000000,244.29000000,245.67000000,56569.29200000,1758261599999999,13870058.36895000,26555,24272.06200000,5950414.54890000,0
1758261600000000,245.67000000,245.68000000,244.60000000,245.06000000,38053.07800000,1758263399999999,9326792.51470000,26856,12177.72600000,2985102.43216000,0
1758263400000000,245.06000000,245.13000000,243.51000000,243.63000000,59635.10200000,1758265199999999,14576390.68147000,43852,25833.38500000,6315128.19457000,0
1758265200000000,243.63000000,244.45000000,243.16000000,244.30000000,83007.23500000,1758266999999999,20229294.06327000,44884,38652.56500000,9419996.33154000,0
1758267000000000,244.29000000,244.88000000,243.81000000,243.82000000,51980.40300000,1758268799999999,12699847.58127000,36450,23962.59000000,5854873.58724000,0
1758268800000000,243.81000000,244.83000000,243.77000000,244.40000000,49477.48600000,1758270599999999,12085715.80834000,24393,17664.12400000,4316698.58502000,0
1758270600000000,244.40000000,244.40000000,243.46000000,243.80000000,45797.44900000,1758272399999999,11164113.44595000,22647,17678.72400000,4308713.28057000,0
1758272400000000,243.80000000,244.31000000,242.73000000,242.94000000,55847.26300000,1758274199999999,13598815.32961000,27811,20393.22700000,4965375.05892000,0
1758274200000000,242.93000000,243.37000000,242.14000000,242.87000000,51280.74800000,1758275999999999,12450662.52464000,36806,16787.98300000,4075410.56634000,0
1758276000000000,242.87000000,243.00000000,241.76000000,242.09000000,68219.93000000,1758277799999999,16522053.14963000,35899,28943.01300000,7009338.73439000,0
1758277800000000,242.10000000,242.65000000,241.86000000,242.32000000,41944.84800000,1758279599999999,10163991.70690000,23030,24360.48200000,5903193.42150000,0
1758279600000000,242.32000000,242.42000000,240.56000000,240.79000000,117329.98500000,1758281399999999,28323337.79819000,49216,59710.57200000,14415964.41703000,0
1758281400000000,240.80000000,241.17000000,240.00000000,240.91000000,91587.05800000,1758283199999999,22026612.44088000,43082,41726.30400000,10038798.46993000,0
1758283200000000,240.92000000,242.07000000,240.58000000,240.82000000,65570.50700000,1758284999999999,15827462.76827000,40133,28747.63000000,6941337.74881000,0
1758285000000000,240.81000000,241.06000000,240.44000000,240.84000000,50868.37700000,1758286799999999,12251504.47528000,30827,22721.59600000,5473019.88014000,0
1758286800000000,240.83000000,241.80000000,240.71000000,241.27000000,55009.08400000,1758288599999999,13270996.09801000,33592,31558.63000000,7614339.17855000,0
1758288600000000,241.26000000,242.31000000,240.66000000,242.11000000,59960.46500000,1758290399999999,14487031.41328000,43446,36778.02400000,8887759.75103000,0
1758290400000000,242.11000000,242.71000000,241.92000000,242.07000000,58635.59900000,1758292199999999,14210539.49373000,38306,28570.88400000,6924714.83156000,0
1758292200000000,242.06000000,242.38000000,239.54000000,239.60000000,120827.68900000,1758293999999999,29060714.66567000,59797,43885.95800000,10558211.53656000,0
1758294000000000,239.59000000,239.60000000,235.81000000,237.68000000,429953.28400000,1758295799999999,102128605.06503000,161961,200261.95100000,47557143.64305000,0
1758295800000000,237.69000000,238.19000000,236.74000000,237.54000000,123704.51500000,1758297599999999,29400080.71265000,53658,78314.82000000,18616894.48965000,0
1758297600000000,237.54000000,238.74000000,237.21000000,238.70000000,69626.60500000,1758299399999999,16581655.60019000,46801,36607.59300000,8718187.75817000,0
1758299400000000,238.70000000,238.87000000,238.04000000,238.62000000,48768.13300000,1758301199999999,11631615.31361000,35453,22980.27800000,5481102.54950000,0
1758301200000000,238.62000000,238.69000000,236.81000000,237.63000000,90016.89800000,1758302999999999,21400205.30317000,38122,30593.98600000,7277720.55036000,0
1758303000000000,237.63000000,237.63000000,236.45000000,236.65000000,53518.13400000,1758304799999999,12677662.64044000,39705,21971.25100000,5204833.67402000,0
1758304800000000,236.64000000,236.87000000,235.12000000,236.47000000,87371.57300000,1758306599999999,20615981.41934000,49883,35602.35000000,8403029.29630000,0
1758306600000000,236.46000000,237.08000000,236.29000000,236.98000000,53402.89200000,1758308399999999,12640276.26589000,31850,25086.27500000,5938645.37845000,0
1758308400000000,236.97000000,237.94000000,236.92000000,237.84000000,71943.95000000,1758310199999999,17087432.09265000,42237,45176.59800000,10730558.55555000,0
1758310200000000,237.84000000,237.85000000,235.91000000,235.98000000,78110.05800000,1758311999999999,18499919.90622000,45258,24326.13900000,5766952.87785000,0
1758312000000000,235.98000000,237.47000000,235.98000000,237.42000000,56281.89100000,1758313799999999,13313413.04554000,35388,24703.80000000,5847076.93236000,0
1758313800000000,237.43000000,237.75000000,236.96000000,237.00000000,28023.83200000,1758315599999999,6652717.66353000,21499,16538.61200000,3926448.50417000,0
1758315600000000,237.00000000,237.71000000,236.41000000,237.68000000,33987.09300000,1758317399999999,8056861.77215000,24350,19374.89200000,4593218.91195000,0
1758317400000000,237.68000000,238.40000000,237.65000000,238.39000000,44558.77100000,1758319199999999,10606008.44817000,28847,27173.88800000,6468159.66601000,0
1758319200000000,238.40000000,238.85000000,238.32000000,238.54000000,27503.72500000,1758320999999999,6563083.58475000,22444,13846.03600000,3303862.45201000,0
1758321000000000,238.55000000,238.77000000,238.35000000,238.53000000,16234.21500000,1758322799999999,3872761.90568000,14241,7019.84600000,1674621.27060000,0
1758322800000000,238.52000000,238.56000000,236.91000000,236.95000000,33431.46400000,1758324599999999,7951386.94935000,28848,9883.60700000,2350159.58938000,0
1758324600000000,236.94000000,238.53000000,236.78000000,238.53000000,28536.96900000,1758326399999999,6786002.95187000,24750,15481.23100000,3682582.10504000,0
1758326400000000,238.53000000,239.07000000,238.26000000,238.67000000,55620.51900000,1758328199999999,13275072.08447000,25989,24770.34500000,5914397.99789000,0
1758328200000000,238.67000000,239.70000000,238.57000000,239.67000000,44080.98400000,1758329999999999,10544179.03657000,22627,29762.24100000,7119809.28219000,0
1758330000000000,239.67000000,239.96000000,239.10000000,239.61000000,41758.79900000,1758331799999999,10002936.72949000,31334,18009.04000000,4314238.43218000,0
1758331800000000,239.61000000,239.61000000,238.40000000,238.40000000,41782.09500000,1758333599999999,9982896.34031000,26119,14942.52500000,3569324.33058000,0
1758333600000000,238.40000000,238.52000000,237.36000000,238.18000000,34147.84700000,1758335399999999,8124190.06247000,33869,10495.68000000,2497567.64045000,0
1758335400000000,238.19000000,238.46000000,237.44000000,238.37000000,23127.23400000,1758337199999999,5506015.29903000,24706,10727.74200000,2554081.49814000,0
1758337200000000,238.37000000,238.40000000,237.77000000,238.06000000,24870.74900000,1758338999999999,5922183.06495000,24930,10109.73600000,2407343.51624000,0
1758339000000000,238.05000000,238.38000000,237.74000000,238.09000000,26889.26200000,1758340799999999,6402400.98350000,16983,10555.16300000,2513210.18330000,0
1758340800000000,238.09000000,238.34000000,237.73000000,238.18000000,14524.01000000,1758342599999999,3458122.63374000,20287,6030.11200000,1435899.52763000,0
1758342600000000,238.18000000,238.87000000,238.10000000,238.70000000,28723.22300000,1758344399999999,6854584.51169000,20784,16308.26800000,3891903.27092000,0
1758344400000000,238.69000000,239.29000000,238.46000000,239.20000000,24411.22600000,1758346199999999,5833143.18096000,17803,14970.58800000,3577554.86071000,0
1758346200000000,239.20000000,239.49000000,239.00000000,239.42000000,27482.97600000,1758347999999999,6576751.22521000,18662,13880.15500000,3321667.10816000,0
1758348000000000,239.41000000,239.41000000,238.72000000,239.18000000,22877.83500000,1758349799999999,5468283.31862000,16155,9069.25700000,2167544.51374000,0
1758349800000000,239.18000000,239.44000000,239.05000000,239.15000000,19042.33800000,1758351599999999,4555892.78190000,10998,9478.65300000,2267601.27060000,0
1758351600000000,239.14000000,239.60000000,239.03000000,239.13000000,18085.84500000,1758353399999999,4328638.42042000,12878,10329.54200000,2472311.22687000,0
1758353400000000,239.12000000,239.78000000,238.98000000,239.78000000,33267.16200000,1758355199999999,7967275.78969000,14644,24987.66000000,5985335.42272000,0
1758355200000000,239.77000000,239.78000000,238.57000000,238.62000000,24980.02000000,1758356999999999,5975992.62396000,13010,10934.54100000,2616103.83025000,0
1758357000000000,238.62000000,238.88000000,237.50000000,237.62000000,35120.10300000,1758358799999999,8366704.84451000,19611,10891.02900000,2595554.83822000,0
1758358800000000,237.62000000,238.10000000,237.45000000,237.83000000,22374.91800000,1758360599999999,5322442.80206000,18280,10742.24000000,2555028.29526000,0
1758360600000000,237.83000000,237.87000000,237.19000000,237.24000000,23453.98200000,1758362399999999,5569534.36135000,19708,8298.68100000,1970673.99193000,0
1758362400000000,237.24000000,237.83000000,237.23000000,237.28000000,18007.44200000,1758364199999999,4277404.16445000,14785,11210.54500000,2662917.25969000,0
1758364200000000,237.29000000,237.60000000,236.91000000,237.32000000,24794.25000000,1758365999999999,5880732.47756000,19334,9312.22600000,2209368.08718000,0
1758366000000000,237.33000000,238.29000000,237.33000000,237.64000000,31065.85900000,1758367799999999,7392187.34987000,20495,13055.38900000,3106014.64873000,0
1758367800000000,237.64000000,238.45000000,237.64000000,238.14000000,19153.93500000,1758369599999999,4561357.66354000,14978,8542.68700000,2034379.35567000,0
1758369600000000,238.14000000,238.21000000,237.28000000,237.43000000,38056.39200000,1758371399999999,9046455.88040000,17734,17432.71500000,4143641.83427000,0
1758371400000000,237.43000000,237.73000000,237.27000000,237.67000000,32301.78700000,1758373199999999,7670808.68489000,17729,15742.26900000,3738396.51786000,0
1758373200000000,237.66000000,238.09000000,237.45000000,237.96000000,13771.33000000,1758374999999999,3274569.14004000,14639,7991.14900000,1900338.51965000,0
1758375000000000,237.97000000,238.08000000,237.37000000,237.44000000,23941.82300000,1758376799999999,5691512.29827000,16092,7932.14900000,1885167.89808000,0
1758376800000000,237.44000000,237.72000000,237.05000000,237.64000000,29377.68200000,1758378599999999,6975023.38973000,16251,19693.34800000,4676434.74643000,0
1758378600000000,237.64000000,238.99000000,237.53000000,238.77000000,42503.46100000,1758380399999999,10135257.57396000,21091,29714.01300000,7084634.21811000,0
1758380400000000,238.77000000,241.22000000,238.77000000,240.84000000,195462.19800000,1758382199999999,46960678.80577000,54341,120035.20400000,28828611.46469000,0
1758382200000000,240.83000000,241.01000000,239.50000000,240.10000000,95223.50700000,1758383999999999,22876977.65972000,34299,38576.12400000,9269868.18298000,0
1758384000000000,240.11000000,241.10000000,239.23000000,239.60000000,53462.04900000,1758385799999999,12847559.24896000,32842,31771.67100000,7635796.87345000,0
1758385800000000,239.60000000,240.48000000,239.25000000,240.39000000,43965.62600000,1758387599999999,10555832.29608000,21937,29595.99900000,7107624.36321000,0
1758387600000000,240.40000000,240.56000000,239.44000000,239.45000000,26374.46300000,1758389399999999,6330408.75788000,23251,12011.51300000,2883146.51789000,0
1758389400000000,239.45000000,239.70000000,238.92000000,239.14000000,17510.48700000,1758391199999999,4189544.30031000,18616,7978.34300000,1909080.18290000,0
1758391200000000,239.13000000,239.13000000,238.29000000,238.96000000,21885.20800000,1758392999999999,5223469.99749000,22183,10779.18800000,2572646.05484000,0
1758393000000000,238.95000000,238.96000000,238.23000000,238.41000000,21548.14800000,1758394799999999,5139136.27081000,17280,7813.14500000,1863299.13530000,0
1758394800000000,238.41000000,239.04000000,237.97000000,238.94000000,34423.83900000,1758396599999999,8204815.62830000,19661,22922.34600000,5462651.92363000,0
1758396600000000,238.94000000,239.05000000,238.20000000,238.64000000,11215.68400000,1758398399999999,2675326.14819000,13485,5096.73400000,1215877.95280000,0
1758398400000000,238.64000000,239.26000000,238.44000000,239.26000000,30640.06000000,1758400199999999,7320876.11547000,16394,23584.51000000,5635493.85288000,0
1758400200000000,239.26000000,240.04000000,239.18000000,239.73000000,40991.85500000,1758401999999999,9822107.87044000,15371,27426.96300000,6573256.24857000,0
1758402000000000,239.73000000,240.09000000,239.48000000,240.07000000,22268.69000000,1758403799999999,5340125.68991000,18047,12391.66400000,2971702.09388000,0
1758403800000000,240.08000000,240.31000000,239.69000000,239.80000000,20511.67000000,1758405599999999,4923475.36103000,15500,10925.22900000,2622512.49608000,0
1758405600000000,239.79000000,240.02000000,239.55000000,239.93000000,16029.49100000,1758407399999999,3843813.81165000,14692,7539.49300000,1808164.99907000,0
1758407400000000,239.93000000,240.21000000,239.35000000,240.11000000,12317.40700000,1758409199999999,2953901.54022000,11255,5562.70000000,1334244.15213000,0
1758409200000000,240.11000000,240.21000000,239.18000000,239.34000000,12171.85300000,1758410999999999,2916299.13260000,11535,4444.56400000,1064976.67738000,0
1758411000000000,239.33000000,239.55000000,239.01000000,239.48000000,14891.89200000,1758412799999999,3562961.62171000,10941,5186.98600000,1241011.52171000,0
1758412800000000,239.48000000,239.77000000,239.18000000,239.38000000,14096.19200000,1758414599999999,3375489.12191000,12640,7814.19900000,1871330.99330000,0
1758414600000000,239.38000000,240.69000000,238.96000000,240.68000000,35185.18400000,1758416399999999,8445361.75309000,20989,19640.33900000,4716717.75320000,0
1758416400000000,240.68000000,240.77000000,240.10000000,240.18000000,24869.83300000,1758418199999999,5980283.96040000,20645,12001.09400000,2886297.88020000,0
1758418200000000,240.18000000,240.48000000,239.90000000,240.12000000,24325.11100000,1758419999999999,5841448.68060000,20446,9577.33100000,2299997.62714000,0
1758420000000000,240.12000000,241.02000000,239.89000000,240.56000000,65598.64100000,1758421799999999,15780031.58033000,30886,43319.29200000,10422163.34983000,0
1758421800000000,240.56000000,241.12000000,240.36000000,241.12000000,31175.65300000,1758423599999999,7508083.89881000,18283,15863.04300000,3820999.63720000,0
1758423600000000,241.12000000,241.34000000,240.48000000,240.96000000,25625.11200000,1758425399999999,6173095.99061000,21959,11296.24200000,2722215.99184000,0
1758425400000000,240.96000000,241.79000000,240.67000000,241.78000000,35936.11900000,1758427199999999,8673241.09750000,22490,22213.11200000,5362777.36856000,0
1758427200000000,241.78000000,241.82000000,241.01000000,241.27000000,38439.07900000,1758428999999999,9274393.77444000,21968,14105.91800000,3403477.01678000,0
1758429000000000,241.28000000,241.39000000,240.36000000,240.51000000,23530.35800000,1758430799999999,5663412.25683000,19016,7158.86600000,1722669.81062000,0
1758430800000000,240.51000000,240.80000000,240.16000000,240.28000000,18459.77600000,1758432599999999,4437059.04259000,16408,10225.37800000,2457777.53529000,0
1758432600000000,240.28000000,240.65000000,240.17000000,240.39000000,16790.02200000,1758434399999999,4036278.85460000,14899,6130.12300000,1473593.97209000,0
1758434400000000,240.40000000,240.86000000,240.14000000,240.53000000,31442.42200000,1758436199999999,7563206.40251000,19987,10288.81900000,2475500.61184000,0
1758436200000000,240.53000000,241.07000000,240.28000000,240.31000000,30430.79600000,1758437999999999,7322379.33211000,17911,13586.53500000,3270588.23837000,0
1758438000000000,240.31000000,240.31000000,239.45000000,240.04000000,27947.75900000,1758439799999999,6704649.13063000,21702,8998.75400000,2158519.76312000,0
1758439800000000,240.03000000,240.18000000,239.69000000,239.87000000,25250.27400000,1758441599999999,6059479.16149000,16760,13646.73300000,3274907.76599000,0
1758441600000000,239.87000000,240.09000000,238.65000000,238.76000000,23651.57400000,1758443399999999,5658088.52344000,23723,8598.39700000,2056984.49836000,0
1758443400000000,238.76000000,239.08000000,238.53000000,238.84000000,18175.33300000,1758445199999999,4341442.87241000,15991,10068.82400000,2405067.38738000,0
1758445200000000,238.84000000,239.02000000,237.51000000,237.75000000,45048.75000000,1758446999999999,10728676.13559000,29602,13730.80900000,3270533.39988000,0
1758447000000000,237.75000000,238.49000000,237.10000000,238.48000000,58001.27500000,1758448799999999,13783529.88184000,38852,25115.92300000,5971078.93937000,0
1758448800000000,238.48000000,238.89000000,238.04000000,238.75000000,19744.76600000,1758450599999999,4708536.44699000,20666,10338.68600000,2466136.20948000,0
1758450600000000,238.74000000,239.21000000,238.22000000,238.38000000,16664.73400000,1758452399999999,3978779.60772000,15645,9070.78100000,2166265.33559000,0
1758452400000000,238.38000000,239.01000000,238.20000000,238.66000000,18210.95300000,1758454199999999,4346809.18439000,17146,9567.35700000,2283954.05293000,0
1758454200000000,238.66000000,239.06000000,238.52000000,238.64000000,16978.24000000,1758455999999999,4053672.76911000,15584,6538.84300000,1561057.97207000,0
1758456000000000,238.64000000,240.05000000,238.54000000,239.78000000,32358.90100000,1758457799999999,7751348.28514000,19669,17757.89000000,4253518.34885000,0
1758457800000000,239.77000000,240.00000000,239.28000000,239.50000000,17310.76300000,1758459599999999,4148579.16948000,18167,8020.28500000,1922255.50091000,0
1758459600000000,239.49000000,240.00000000,239.36000000,239.96000000,14593.56800000,1758461399999999,3498197.13162000,16167,8956.94500000,2147229.24014000,0
1758461400000000,239.95000000,240.28000000,239.18000000,239.52000000,26376.84800000,1758463199999999,6321255.30192000,18415,9207.39500000,2208158.04610000,0
1758463200000000,239.51000000,239.75000000,239.00000000,239.01000000,24140.21000000,1758464999999999,5777731.62582000,14718,13128.02000000,3142368.28689000,0
1758465000000000,239.01000000,239.91000000,238.45000000,238.58000000,23146.25600000,1758466799999999,5535578.19121000,21529,12709.67700000,3040610.16425000,0
1758466800000000,238.57000000,238.74000000,237.78000000,238.00000000,38695.01900000,1758468599999999,9220140.87343000,20617,11957.18600000,2849461.81695000,0
1758468600000000,238.00000000,238.46000000,237.70000000,237.91000000,20345.10700000,1758470399999999,4842276.32766000,23575,9196.57100000,2188922.84302000,0
1758470400000000,237.91000000,238.41000000,236.96000000,237.67000000,63727.03000000,1758472199999999,15138601.05252000,31455,20666.72000000,4910704.05777000,0
1758472200000000,237.66000000,237.77000000,236.08000000,237.04000000,64700.23100000,1758473999999999,15313424.19046000,42639,24792.00200000,5867531.71733000,0
1758474000000000,237.04000000,237.38000000,236.41000000,236.70000000,26172.83300000,1758475799999999,6200905.12878000,28292,14061.24100000,3331564.05853000,0
1758475800000000,236.69000000,237.85000000,236.27000000,237.82000000,24265.75200000,1758477599999999,5751360.59531000,22911,14927.64500000,3538518.67238000,0
1758477600000000,237.83000000,237.95000000,237.20000000,237.31000000,21576.42000000,1758479399999999,5126664.95974000,19800,9864.42100000,2344040.57685000,0
1758479400000000,237.31000000,238.13000000,237.25000000,238.12000000,14841.77300000,1758481199999999,3528188.99457000,13473,9609.92600000,2284650.46777000,0
1758481200000000,238.12000000,238.17000000,237.15000000,237.88000000,17930.75200000,1758482999999999,4260267.81748000,16300,8463.29200000,2010778.84359000,0
1758483000000000,237.87000000,238.05000000,237.32000000,237.99000000,16755.85600000,1758484799999999,3981560.75779000,11969,12058.54500000,2865349.46420000,0
1758484800000000,237.99000000,238.03000000,237.24000000,238.01000000,16054.74400000,1758486599999999,3813975.74298000,14502,8959.75400000,2128517.36526000,0
1758486600000000,238.00000000,238.02000000,237.35000000,237.64000000,15008.57300000,1758488399999999,3567677.17384000,16683,6866.49200000,1632077.35755000,0
1758488400000000,237.64000000,237.76000000,236.75000000,236.76000000,26979.73100000,1758490199999999,6397048.61242000,15632,8356.44200000,1981077.32546000,0
1758490200000000,236.77000000,237.61000000,236.70000000,237.28000000,16751.00500000,1758491999999999,3974321.68049000,14139,9274.98900000,2200430.91800000,0
1758492000000000,237.28000000,237.56000000,235.32000000,236.10000000,84019.83000000,1758493799999999,19826741.79964000,35240,41093.40200000,9694597.65569000,0
1758493800000000,236.10000000,238.11000000,235.83000000,237.92000000,32544.17800000,1758495599999999,7718105.72528000,24544,16816.88900000,3987751.38567000,0
1758495600000000,237.93000000,237.93000000,235.96000000,236.61000000,42356.03000000,1758497399999999,10017652.40502000,34937,17808.93400000,4210978.99647000,0
1758497400000000,236.60000000,236.95000000,236.13000000,236.16000000,26208.61000000,1758499199999999,6200550.58747000,23411,14935.20900000,3533480.82841000,0
1758499200000000,236.16000000,236.96000000,234.37000000,234.75000000,72791.91800000,1758500999999999,17143553.22672000,55950,26656.93900000,6282455.15336000,0
1758501000000000,234.74000000,234.74000000,231.17000000,232.27000000,328531.70400000,1758502799999999,76483550.61376000,180815,140602.36100000,32743580.87866000,0
1758502800000000,232.27000000,234.18000000,232.00000000,233.71000000,149049.07000000,1758504599999999,34739065.31226000,84904,91084.90800000,21230555.22799000,0
1758504600000000,233.70000000,234.75000000,233.11000000,233.19000000,85525.30700000,1758506399999999,20007576.41251000,44553,48322.70500000,11307008.99559000,0
1758506400000000,233.18000000,233.97000000,231.88000000,232.52000000,140737.89400000,1758508199999999,32737711.71320000,63887,74468.82000000,17317631.23934000,0
1758508200000000,232.53000000,232.53000000,230.50000000,231.69000000,165565.03900000,1758509999999999,38289102.72298000,89217,80095.08500000,18524664.88883000,0
1758510000000000,231.70000000,232.76000000,231.65000000,232.76000000,45634.03800000,1758511799999999,10591827.57075000,35453,24617.32800000,5713728.87273000,0
1758511800000000,232.76000000,233.05000000,231.89000000,232.81000000,57442.55700000,1758513599999999,13347520.73294000,32155,35719.49000000,8300635.02208000,0
1758513600000000,232.81000000,233.16000000,231.80000000,232.14000000,38115.04000000,1758515399999999,8858274.18145000,29043,17076.79800000,3968842.69813000,0
1758515400000000,232.14000000,232.48000000,231.56000000,231.74000000,42427.59700000,1758517199999999,9841141.68415000,25354,15097.73300000,3502276.66252000,0
1758517200000000,231.73000000,231.94000000,231.16000000,231.55000000,41100.03200000,1758518999999999,9517086.64357000,29798,21247.84600000,4919566.85143000,0
1758519000000000,231.56000000,231.56000000,224.78000000,224.99000000,280985.92100000,1758520799999999,64199585.09982000,74317,103436.82900000,23634871.23941000,0
1758520800000000,224.98000000,225.33000000,214.50000000,223.93000000,1027539.68100000,1758522599999999,227970975.13596000,368149,490821.60000000,108990492.47200000,0
1758522600000000,223.94000000,225.21000000,223.51000000,224.44000000,176284.96100000,1758524399999999,39563603.46353000,96696,94891.79200000,21295467.36237000,0
1758524400000000,224.44000000,224.49000000,222.73000000,223.32000000,139831.31700000,1758526199999999,31262487.54364000,80828,62549.27700000,13986886.03338000,0
1758526200000000,223.32000000,224.04000000,221.82000000,221.88000000,174306.00400000,1758527999999999,38792482.05746000,65735,75323.47800000,16767083.75451000,0
1758528000000000,221.88000000,222.78000000,221.24000000,221.48000000,94930.84100000,1758529799999999,21062644.43161000,58557,49133.62300000,10902333.30575000,0
1758529800000000,221.47000000,222.50000000,220.96000000,221.50000000,85037.38600000,1758531599999999,18851936.88896000,41320,41076.99700000,9109112.35977000,0
1758531600000000,221.50000000,221.66000000,219.46000000,220.50000000,183326.02800000,1758533399999999,40391849.95348000,72358,77626.69600000,17099486.27180000,0
1758533400000000,220.50000000,221.07000000,219.32000000,220.48000000,136631.38800000,1758535199999999,30092667.53063000,66786,69331.72700000,15270974.96140000,0
1758535200000000,220.48000000,221.66000000,219.94000000,221.48000000,78867.68100000,1758536999999999,17425957.59181000,42820,47192.58800000,10427765.42414000,0
1758537000000000,221.47000000,222.67000000,219.93000000,222.41000000,105838.19000000,1758538799999999,23420901.93549000,49638,62968.04300000,13941257.64744000,0
1758538800000000,222.40000000,222.78000000,221.09000000,221.39000000,96257.83000000,1758540599999999,21387720.17774000,37117,50262.60600000,11168124.18595000,0
1758540600000000,221.39000000,222.00000000,221.18000000,221.49000000,47348.48200000,1758542399999999,10491025.72993000,28687,26168.44800000,5797582.87581000,0
1758542400000000,221.49000000,222.02000000,220.61000000,221.69000000,65929.79400000,1758544199999999,14578893.77272000,40811,36874.60200000,8154816.52509000,0
1758544200000000,221.68000000,222.97000000,221.42000000,222.90000000,59179.63100000,1758545999999999,13150833.57630000,33916,40702.83400000,9046249.82196000,0
1758546000000000,222.90000000,224.03000000,222.58000000,223.24000000,101305.91300000,1758547799999999,22621965.23223000,43106,72082.84100000,16095819.03383000,0
1758547800000000,223.24000000,223.76000000,221.36000000,223.74000000,110071.29800000,1758549599999999,24498253.44035000,69946,54645.45900000,12166367.16753000,0
1758549600000000,223.73000000,224.00000000,222.80000000,223.83000000,78518.03200000,1758551399999999,17546334.20652000,70254,47022.48100000,10509880.88727000,0
1758551400000000,223.83000000,224.00000000,220.95000000,221.38000000,117358.70200000,1758553199999999,26073325.56929000,66481,57137.88500000,12694013.95136000,0
1758553200000000,221.38000000,221.77000000,219.98000000,221.33000000,146245.44800000,1758554999999999,32299187.32150000,78431,76451.50600000,16886930.10619000,0
1758555000000000,221.32000000,221.36000000,219.91000000,220.73000000,93607.92300000,1758556799999999,20639434.98600000,57906,46988.88900000,10362336.78631000,0
1758556800000000,220.73000000,221.53000000,220.53000000,221.10000000,113003.91600000,1758558599999999,24979053.64315000,67242,59362.44800000,13123598.82219000,0
1758558600000000,221.09000000,221.40000000,219.17000000,219.71000000,144175.18400000,1758560399999999,31725771.10482000,71034,65656.72900000,14447270.30338000,0
1758560400000000,219.71000000,220.94000000,217.80000000,220.76000000,179279.78400000,1758562199999999,39282548.20787000,88184,94752.07900000,20771421.02137000,0
1758562200000000,220.76000000,221.40000000,220.61000000,221.08000000,138876.85200000,1758563999999999,30690680.09276000,63775,66119.87200000,14612378.48786000,0
1758564000000000,221.08000000,221.20000000,220.23000000,220.45000000,38274.48200000,1758565799999999,8449226.12020000,38920,22423.07700000,4949702.05903000,0
1758565800000000,220.46000000,221.02000000,219.45000000,219.45000000,35821.83200000,1758567599999999,7888535.82882000,29794,17411.20000000,3834977.20481000,0
1758567600000000,219.45000000,219.59000000,217.74000000,218.23000000,93378.97700000,1758569399999999,20424290.90952000,51810,34171.82900000,7475330.19902000,0
1758569400000000,218.24000000,218.26000000,216.56000000,217.10000000,166395.13300000,1758571199999999,36162787.32554000,94461,68634.15600000,14917211.03919000,0
1758571200000000,217.10000000,217.92000000,216.45000000,217.87000000,72457.14700000,1758572999999999,15727942.73836000,51635,39939.73800000,8671787.26353000,0
1758573000000000,217.87000000,219.75000000,217.81000000,219.44000000,62108.88300000,1758574799999999,13609960.80144000,49079,41534.16000000,9101062.34161000,0
1758574800000000,219.45000000,220.70000000,218.97000000,220.28000000,52826.67600000,1758576599999999,11617678.61416000,33993,33711.56900000,7413502.81013000,0
1758576600000000,220.28000000,221.10000000,220.08000000,220.89000000,57584.19900000,1758578399999999,12705395.44874000,26732,37226.85500000,8214054.02342000,0
1758578400000000,220.89000000,220.89000000,219.90000000,219.92000000,37437.40700000,1758580199999999,8250241.62769000,23618,18196.12800000,4009994.05474000,0
1758580200000000,219.91000000,220.39000000,219.70000000,219.83000000,28823.06600000,1758581999999999,6343136.55148000,17508,13870.40200000,3052204.81573000,0
1758582000000000,219.82000000,220.57000000,219.72000000,220.11000000,26717.04800000,1758583799999999,5878922.77741000,19465,16364.82100000,3601045.18395000,0
1758583800000000,220.12000000,220.58000000,219.74000000,220.38000000,23110.47000000,1758585599999999,5087676.65357000,20509,13022.79300000,2866750.83474000,0
1758585600000000,220.39000000,221.24000000,219.72000000,221.03000000,65745.96200000,1758587399999999,14509230.01430000,34124,42503.86300000,9384044.04782000,0
1758587400000000,221.02000000,221.41000000,219.42000000,219.70000000,55607.81900000,1758589199999999,12246479.35173000,26749,22727.55200000,5007310.96146000,0
1758589200000000,219.69000000,219.91000000,218.23000000,219.14000000,60728.09800000,1758590999999999,13288261.99022000,34349,26044.97600000,5699697.02996000,0
1758591000000000,219.14000000,219.19000000,216.54000000,216.60000000,79140.02200000,1758592799999999,17213814.57083000,40256,21914.47100000,4770141.35839000,0
1758592800000000,216.60000000,217.86000000,215.30000000,215.38000000,107003.84100000,1758594599999999,23163152.10484000,52247,39825.93200000,8632328.64108000,0
1758594600000000,215.37000000,216.35000000,213.22000000,214.10000000,157813.60900000,1758596399999999,33925765.66165000,59483,52148.25800000,11226587.49537000,0
1758596400000000,214.10000000,216.85000000,212.34000000,216.62000000,241140.42900000,1758598199999999,51538106.35673000,109588,116245.03800000,24851797.64728000,0
1758598200000000,216.62000000,217.82000000,216.47000000,216.94000000,142045.73700000,1758599999999999,30841244.75573000,62795,75375.48300000,16365603.96478000,0
1758600000000000,216.94000000,217.42000000,215.05000000,215.06000000,81116.25500000,1758601799999999,17541497.27752000,34225,24226.04000000,5237823.98907000,0
1758601800000000,215.05000000,215.96000000,214.02000000,215.78000000,95154.34000000,1758603599999999,20460002.39224000,47121,40669.64500000,8745925.14370000,0
1758603600000000,215.77000000,216.89000000,214.68000000,216.74000000,66088.96000000,1758605399999999,14268113.30384000,38954,41933.99700000,9055357.07073000,0
1758605400000000,216.74000000,217.81000000,216.74000000,216.96000000,74004.02400000,1758607199999999,16083463.61771000,34472,37747.38700000,8206004.30956000,0
1758607200000000,216.96000000,218.82000000,216.95000000,218.74000000,68410.48900000,1758608999999999,14924787.09970000,37495,43016.04800000,9383897.96172000,0
1758609000000000,218.74000000,220.26000000,218.52000000,219.23000000,119204.86200000,1758610799999999,26156506.80784000,56091,64349.92000000,14117295.64713000,0
1758610800000000,219.22000000,219.47000000,218.66000000,218.91000000,50551.63800000,1758612599999999,11074879.72356000,34158,29852.54400000,6540377.26567000,0
1758612600000000,218.92000000,219.35000000,218.63000000,219.00000000,51749.78900000,1758614399999999,11334456.21045000,32596,27294.95400000,5978597.31209000,0
1758614400000000,219.00000000,220.22000000,218.45000000,219.99000000,71184.56400000,1758616199999999,15613902.68631000,42143,45786.94100000,10044355.71591000,0
1758616200000000,219.98000000,220.35000000,219.70000000,220.07000000,40817.86400000,1758617999999999,8981364.74594000,24097,25352.98700000,5578775.13155000,0
1758618000000000,220.06000000,220.86000000,219.20000000,219.29000000,71289.71500000,1758619799999999,15695703.63071000,30421,42368.87700000,9330708.69765000,0
1758619800000000,219.29000000,219.44000000,218.24000000,218.67000000,59574.31500000,1758621599999999,13039433.18557000,35177,22526.23300000,4929521.61908000,0
1758621600000000,218.67000000,219.01000000,218.23000000,218.55000000,28558.82600000,1758623399999999,6242323.15415000,25025,14149.48700000,3093254.71598000,0
1758623400000000,218.54000000,219.26000000,218.37000000,219.08000000,32803.95900000,1758625199999999,7180443.81086000,23285,20809.02900000,4555610.52890000,0
1758625200000000,219.08000000,219.09000000,217.87000000,218.36000000,42165.20100000,1758626999999999,9204950.04731000,33033,21857.23300000,4771837.26159000,0
1758627000000000,218.35000000,219.63000000,218.19000000,219.34000000,30071.28500000,1758628799999999,6586611.29548000,23723,18327.03200000,4015334.72440000,0
1758628800000000,219.33000000,219.75000000,218.74000000,218.96000000,45254.54200000,1758630599999999,9919192.70896000,33348,28215.19600000,6183760.55145000,0
1758630600000000,218.96000000,220.65000000,218.76000000,219.89000000,54955.82700000,1758632399999999,12082088.93078000,41559,32961.05900000,7247172.30448000,0
1758632400000000,219.88000000,219.96000000,218.84000000,219.25000000,31535.09800000,1758634199999999,6920817.79845000,29825,16546.60900000,3631355.03855000,0
1758634200000000,219.26000000,220.18000000,218.56000000,219.04000000,67884.67900000,1758635999999999,14897100.15762000,72503,34949.56700000,7670695.16592000,0
1758636000000000,219.05000000,220.65000000,218.74000000,219.52000000,99234.41900000,1758637799999999,21792611.79817000,62463,59511.57600000,13076011.49782000,0
1758637800000000,219.52000000,219.68000000,217.61000000,217.70000000,69256.59200000,1758639599999999,15117431.48142000,59348,30229.29900000,6596757.08475000,0
1758639600000000,217.70000000,219.93000000,216.97000000,219.53000000,84253.28500000,1758641399999999,18413023.92029000,57843,47301.61200000,10339747.84158000,0
1758641400000000,219.53000000,219.89000000,218.78000000,219.28000000,42734.71900000,1758643199999999,9367711.20419000,40793,21404.34900000,4692006.07019000,0
1758643200000000,219.27000000,219.66000000,217.85000000,219.31000000,42134.76100000,1758644999999999,9212074.55682000,39515,23612.56700000,5164600.16250000,0
1758645000000000,219.31000000,221.71000000,218.18000000,220.43000000,130821.65800000,1758646799999999,28787378.19613000,69706,84089.38000000,18505502.51929000,0
1758646800000000,220.42000000,220.61000000,217.78000000,217.78000000,65667.00700000,1758648599999999,14369282.33166000,59634,29855.54400000,6533220.29656000,0
1758648600000000,217.79000000,218.13000000,215.91000000,216.73000000,87382.94300000,1758650399999999,18944110.84406000,75241,33157.57300000,7189969.32072000,0
1758650400000000,216.74000000,217.21000000,215.81000000,216.58000000,121930.43900000,1758652199999999,26393399.22664000,66922,44865.19100000,9713438.95991000,0
1758652200000000,216.57000000,217.14000000,215.12000000,215.76000000,63883.42700000,1758653999999999,13800751.15933000,48050,29044.41300000,6274507.37643000,0
1758654000000000,215.75000000,217.16000000,215.74000000,216.22000000,52434.26900000,1758655799999999,11351591.95532000,41017,29658.08000000,6421703.27579000,0
1758655800000000,216.22000000,216.29000000,214.35000000,214.52000000,102806.28200000,1758657599999999,22111153.84354000,55034,35464.38700000,7627531.29856000,0
1758657600000000,214.51000000,215.20000000,212.96000000,213.49000000,97894.56000000,1758659399999999,20955864.99848000,51383,34697.96400000,7434662.28996000,0
1758659400000000,213.49000000,215.32000000,213.25000000,215.27000000,63710.89000000,1758661199999999,13655906.57175000,46110,34789.82900000,7459593.72607000,0
1758661200000000,215.27000000,215.67000000,214.47000000,215.59000000,42077.46200000,1758662999999999,9043216.12906000,27706,23043.59800000,4953329.30100000,0
1758663000000000,215.58000000,216.68000000,215.47000000,215.84000000,36887.04400000,1758664799999999,7968826.35812000,25164,20449.38700000,4418230.99899000,0
1758664800000000,215.83000000,216.45000000,214.76000000,214.93000000,50777.46200000,1758666599999999,10967889.36951000,27967,16977.25600000,3666819.94483000,0
1758666600000000,214.93000000,215.72000000,214.90000000,215.29000000,23673.89300000,1758668399999999,5097931.15308000,20245,9824.06800000,2115470.39670000,0
1758668400000000,215.29000000,215.96000000,213.67000000,213.91000000,40364.46400000,1758670199999999,8679709.05725000,29022,17058.31600000,3668522.48139000,0
1758670200000000,213.91000000,215.09000000,213.22000000,213.30000000,39381.14300000,1758671999999999,8431450.15034000,32704,17111.51400000,3664203.13896000,0
1758672000000000,213.29000000,215.61000000,213.29000000,215.21000000,52972.53500000,1758673799999999,11356649.84714000,46475,28023.27100000,6007791.54625000,0
1758673800000000,215.21000000,215.23000000,213.34000000,213.45000000,41258.19700000,1758675599999999,8829722.88951000,38624,17997.39100000,3851994.53683000,0
1758675600000000,213.45000000,215.72000000,212.82000000,215.63000000,53302.93500000,1758677399999999,11422402.85611000,45491,23436.49800000,5027767.46183000,0
1758677400000000,215.63000000,216.42000000,215.15000000,216.20000000,42435.13400000,1758679199999999,9164931.01296000,32996,22239.80100000,4802830.29348000,0
1758679200000000,216.21000000,216.45000000,213.54000000,214.64000000,64048.20900000,1758680999999999,13747334.64517000,45892,24066.85700000,5162160.20584000,0
1758681000000000,214.64000000,214.93000000,213.27000000,214.29000000,176386.35800000,1758682799999999,37764037.52629000,95403,95073.80100000,20354399.97997000,0
1758682800000000,214.28000000,214.68000000,207.41000000,208.58000000,503925.32800000,1758684599999999,106617339.58441000,134725,196038.35600000,41506768.91538000,0
1758684600000000,208.58000000,210.11000000,208.22000000,208.51000000,262102.07200000,1758686399999999,54783009.73705000,127494,134028.00800000,28017351.50612000,0
1758686400000000,208.50000000,208.56000000,204.81000000,207.82000000,616323.84700000,1758688199999999,127355805.95098000,219799,311541.92900000,64376919.09594000,0
1758688200000000,207.82000000,209.19000000,207.75000000,208.04000000,192745.36100000,1758689999999999,40180942.61167000,84710,122322.77000000,25500462.43346000,0
1758690000000000,208.04000000,209.04000000,207.82000000,208.80000000,125251.14600000,1758691799999999,26093314.25557000,49110,83851.65700000,17466732.05144000,0
1758691800000000,208.80000000,210.55000000,208.36000000,209.74000000,97555.87400000,1758693599999999,20444020.77078000,42472,66660.73300000,13968575.42374000,0
1758693600000000,209.73000000,209.87000000,208.62000000,209.17000000,133533.28700000,1758695399999999,27943952.87239000,47591,80876.13100000,16926228.41549000,0
1758695400000000,209.17000000,211.43000000,209.05000000,210.96000000,132187.79500000,1758697199999999,27830761.69353000,45517,88324.80500000,18599110.86742000,0
1758697200000000,210.97000000,211.00000000,209.53000000,209.77000000,109013.23000000,1758698999999999,22933394.89287000,50777,56854.56100000,11966470.46200000,0
1758699000000000,209.76000000,211.02000000,209.60000000,210.63000000,58984.05900000,1758700799999999,12410688.28568000,33213,37630.03100000,7918699.60447000,0
1758700800000000,210.63000000,211.20000000,210.02000000,210.08000000,47912.97000000,1758702599999999,10091001.99944000,32907,29251.30300000,6160792.23688000,0
1758702600000000,210.07000000,210.90000000,210.07000000,210.88000000,50442.90600000,1758704399999999,10622450.67938000,30959,32880.52300000,6924718.27940000,0
1758704400000000,210.89000000,210.89000000,209.83000000,210.38000000,46808.33800000,1758706199999999,9842833.51454000,26916,26222.85800000,5514297.47975000,0
1758706200000000,210.39000000,211.18000000,210.38000000,210.98000000,50863.01600000,1758707999999999,10722337.91121000,31792,34649.42300000,7304383.32941000,0
1758708000000000,210.98000000,211.47000000,210.21000000,210.23000000,60219.82400000,1758709799999999,12702998.87314000,32556,33925.55700000,7156828.76269000,0
1758709800000000,210.22000000,211.00000000,210.12000000,210.90000000,35311.81200000,1758711599999999,7435400.60781000,26571,19741.75800000,4157295.94077000,0
1758711600000000,210.90000000,212.60000000,210.73000000,212.05000000,69585.09300000,1758713399999999,14748384.67991000,45235,45723.86900000,9689252.15132000,0
1758713400000000,212.04000000,212.60000000,211.60000000,212.35000000,63306.68100000,1758715199999999,13432558.60085000,37895,39182.13100000,8313563.61358000,0
1758715200000000,212.36000000,213.40000000,212.14000000,212.22000000,67005.33600000,1758716999999999,14251504.30865000,41153,36673.89500000,7801070.25222000,0
1758717000000000,212.22000000,212.87000000,211.79000000,211.95000000,35613.96800000,1758718799999999,7562878.38911000,24198,20817.71600000,4420944.04659000,0
1758718800000000,211.96000000,212.37000000,211.47000000,211.96000000,36376.42600000,1758720599999999,7710287.93179000,29006,16438.21600000,3484878.37588000,0
1758720600000000,211.95000000,213.14000000,211.43000000,211.62000000,69723.94200000,1758722399999999,14798239.23976000,68937,31655.77800000,6720051.35294000,0
1758722400000000,211.61000000,213.82000000,211.41000000,213.41000000,62601.84100000,1758724199999999,13307253.99255000,54140,40038.31900000,8511837.91484000,0
1758724200000000,213.41000000,216.24000000,213.14000000,215.61000000,153113.28600000,1758725999999999,32892356.98232000,80456,109434.09400000,23507882.02095000,0
1758726000000000,215.62000000,216.05000000,214.50000000,215.19000000,165679.40400000,1758727799999999,35656433.13381000,63463,74662.39500000,16070691.98762000,0
1758727800000000,215.18000000,215.38000000,213.28000000,213.61000000,116011.76400000,1758729599999999,24862494.47804000,66866,42146.76100000,9030823.09557000,0
1758729600000000,213.60000000,214.11000000,213.21000000,213.88000000,57838.48400000,1758731399999999,12353315.54195000,49562,31270.03800000,6679570.07435000,0
1758731400000000,213.89000000,214.45000000,213.50000000,213.87000000,38935.19100000,1758733199999999,8330640.04676000,28054,25930.69400000,5548440.56332000,0
1758733200000000,213.88000000,214.89000000,213.50000000,214.43000000,34396.08200000,1758734999999999,7368669.50665000,28487,22921.97800000,4912082.31503000,0
1758735000000000,214.44000000,215.51000000,214.39000000,215.17000000,52626.04800000,1758736799999999,11321249.27378000,30302,31374.92000000,6747952.96344000,0
1758736800000000,215.17000000,215.20000000,213.39000000,214.20000000,49399.15400000,1758738599999999,10569892.32064000,27424,27963.45400000,5982675.93278000,0
1758738600000000,214.19000000,214.36000000,213.35000000,213.92000000,19474.09500000,1758740399999999,4165738.01007000,22084,10104.87600000,2162023.56758000,0
1758740400000000,213.93000000,214.21000000,213.40000000,213.53000000,28082.93900000,1758742199999999,6004360.13371000,20441,8753.10200000,1872418.54513000,0
1758742200000000,213.52000000,213.73000000,212.41000000,213.18000000,58481.48600000,1758743999999999,12465197.82211000,39509,29194.99800000,6224010.57874000,0
1758744000000000,213.18000000,213.24000000,212.28000000,212.41000000,34332.94400000,1758745799999999,7304122.21800000,35007,11711.93700000,2491546.59498000,0
1758745800000000,212.42000000,212.55000000,210.90000000,212.11000000,68585.82100000,1758747599999999,14526555.63708000,38682,26804.32300000,5676983.73467000,0
1758747600000000,212.11000000,212.53000000,211.87000000,212.53000000,23863.32300000,1758749399999999,5062471.10319000,16244,11188.76500000,2374030.51507000,0
1758749400000000,212.52000000,212.61000000,210.72000000,211.28000000,27934.08000000,1758751199999999,5916119.98501000,19817,10197.74600000,2159308.12434000,0
1758751200000000,211.28000000,212.32000000,210.94000000,211.37000000,40370.84200000,1758752999999999,8540427.96879000,37486,19003.10400000,4020942.40793000,0
1758753000000000,211.36000000,211.82000000,211.14000000,211.74000000,34085.84400000,1758754799999999,7207721.65273000,33564,17492.38200000,3699119.21268000,0
1758754800000000,211.75000000,212.24000000,211.50000000,211.79000000,31139.95900000,1758756599999999,6598128.18705000,28653,17761.27900000,3763199.89263000,0
1758756600000000,211.79000000,212.09000000,211.30000000,211.60000000,35309.26000000,1758758399999999,7471518.79794000,31006,19995.20100000,4230342.65984000,0
1758758400000000,211.61000000,212.44000000,210.42000000,210.55000000,63090.51000000,1758760199999999,13343865.11965000,47434,23512.47900000,4975437.35000000,0
1758760200000000,210.55000000,211.50000000,210.26000000,210.73000000,51865.33100000,1758761999999999,10934606.33356000,51050,25892.66300000,5459935.48239000,0
1758762000000000,210.72000000,211.22000000,209.80000000,210.68000000,83687.38500000,1758763799999999,17616878.26173000,71116,38813.27800000,8171573.96241000,0
1758763800000000,210.68000000,211.07000000,207.73000000,208.22000000,143442.80700000,1758765599999999,29994894.78523000,101772,60998.89900000,12757104.11787000,0
1758765600000000,208.23000000,209.84000000,206.82000000,208.31000000,124660.88500000,1758767399999999,25952248.56270000,82562,59520.55700000,12394863.58569000,0
1758767400000000,208.31000000,211.97000000,208.26000000,210.06000000,119083.79200000,1758769199999999,25059527.94072000,86223,67207.33500000,14140076.99861000,0
1758769200000000,210.06000000,210.13000000,206.30000000,206.44000000,140382.20200000,1758770999999999,29187222.56895000,68436,67645.53200000,14076239.42835000,0
1758771000000000,206.45000000,207.40000000,206.02000000,207.30000000,122712.81900000,1758772799999999,25368260.26528000,73153,64014.81600000,13234219.55177000,0
1758772800000000,207.30000000,207.63000000,202.76000000,204.44000000,293753.41900000,1758774599999999,60186789.35990000,135646,132466.36100000,27149526.30006000,0
1758774600000000,204.44000000,204.87000000,203.08000000,204.36000000,228393.53000000,1758776399999999,46574900.89298000,110659,108208.47100000,22069533.74421000,0
1758776400000000,204.35000000,205.91000000,203.25000000,205.87000000,122417.66300000,1758778199999999,25045007.78985000,66999,77057.75100000,15766150.56799000,0
1758778200000000,205.86000000,205.91000000,204.89000000,205.45000000,52890.65200000,1758779999999999,10864557.53868000,39516,25913.58500000,5323625.79479000,0
1758780000000000,205.44000000,205.73000000,203.33000000,203.80000000,89936.69600000,1758781799999999,18371994.30974000,61804,41721.63200000,8523098.72643000,0
1758781800000000,203.81000000,204.73000000,203.36000000,203.64000000,63923.39700000,1758783599999999,13033229.96177000,53695,34964.76100000,7129020.49305000,0
1758783600000000,203.63000000,205.24000000,203.30000000,204.91000000,79243.21700000,1758785399999999,16197655.27563000,56618,41792.62600000,8544299.99668000,0
1758785400000000,204.91000000,205.07000000,203.82000000,204.19000000,36843.95100000,1758787199999999,7536634.91557000,37701,15818.23900000,3235383.00842000,0
1758787200000000,204.19000000,205.77000000,204.08000000,205.35000000,62249.62300000,1758788999999999,12769501.18784000,37810,39462.91900000,8096871.88290000,0
1758789000000000,205.35000000,205.35000000,203.62000000,204.32000000,56814.17000000,1758790799999999,11608758.50163000,37220,23636.60600000,4830197.52848000,0
1758790800000000,204.32000000,205.88000000,204.01000000,205.53000000,59465.61600000,1758792599999999,12199750.15990000,36193,36893.17400000,7568201.04357000,0
1758792600000000,205.52000000,205.91000000,201.76000000,202.25000000,210866.53900000,1758794399999999,42861841.00170000,72475,91656.52200000,18642790.92923000,0
1758794400000000,202.26000000,203.69000000,201.96000000,203.04000000,67913.04500000,1758796199999999,13776985.63190000,43087,31774.97100000,6447249.18616000,0
1758796200000000,203.04000000,203.65000000,201.93000000,202.00000000,58135.49100000,1758797999999999,11780659.51815000,42374,24236.81200000,4911865.52157000,0
1758798000000000,202.00000000,202.53000000,200.69000000,201.27000000,123624.27500000,1758799799999999,24904641.80949000,67707,46193.93300000,9307816.88537000,0
1758799800000000,201.26000000,201.63000000,200.86000000,201.35000000,90105.21800000,1758801599999999,18130139.56180000,50173,43748.68700000,8803146.20823000,0
1758801600000000,201.34000000,202.57000000,197.43000000,198.28000000,239068.16000000,1758803399999999,47767308.13476000,73864,74688.91600000,14930801.67544000,0
1758803400000000,198.30000000,200.70000000,197.03000000,198.59000000,327438.23900000,1758805199999999,65278674.66104000,158539,163238.38800000,32555762.37861000,0
1758805200000000,198.59000000,201.32000000,197.57000000,201.14000000,214096.02400000,1758806999999999,42654111.04104000,126097,103343.88100000,20606064.46665000,0
1758807000000000,201.13000000,201.62000000,198.96000000,200.79000000,193657.01400000,1758808799999999,38736897.72456000,121334,96029.76300000,19211387.92780000,0
1758808800000000,200.79000000,203.35000000,200.79000000,202.60000000,137469.22700000,1758810599999999,27806422.23262000,83970,83027.29600000,16792575.74695000,0
1758810600000000,202.61000000,204.06000000,202.28000000,202.65000000,79010.90500000,1758812399999999,16047418.42033000,57718,50020.58600000,10161404.93734000,0
1758812400000000,202.65000000,203.27000000,200.89000000,201.02000000,93439.07800000,1758814199999999,18882012.04984000,55916,49692.06900000,10046179.97904000,0
1758814200000000,201.02000000,201.55000000,200.37000000,201.15000000,74001.25000000,1758815999999999,14873143.18725000,46051,39855.72700000,8012882.27225000,0
1758816000000000,201.14000000,201.95000000,198.74000000,199.15000000,127092.64300000,1758817799999999,25467551.35984000,72014,59213.43000000,11880502.03599000,0
1758817800000000,199.16000000,199.97000000,198.38000000,198.72000000,86996.80000000,1758819599999999,17335579.40663000,60426,34128.17100000,6801443.69312000,0
1758819600000000,198.71000000,198.93000000,195.61000000,196.93000000,338293.89800000,1758821399999999,66721442.66268000,148601,141307.23800000,27861662.81624000,0
1758821400000000,196.92000000,197.48000000,193.60000000,194.84000000,465738.34200000,1758823199999999,91058474.73317000,181106,162222.49900000,31714604.65549000,0
1758823200000000,194.84000000,198.29000000,194.43000000,197.85000000,292287.29500000,1758824999999999,57314422.90506000,148707,136096.81600000,26695174.05464000,0
1758825000000000,197.85000000,199.60000000,197.15000000,199.45000000,165193.92300000,1758826799999999,32764908.31094000,91699,92145.27000000,18287096.57257000,0
1758826800000000,199.46000000,200.85000000,198.73000000,200.39000000,147971.13100000,1758828599999999,29531099.78923000,68723,67828.22300000,13539714.90831000,0
1758828600000000,200.39000000,200.89000000,197.34000000,198.09000000,200960.34600000,1758830399999999,39916612.07842000,79129,56952.60400000,11311571.95650000,0
1758830400000000,198.09000000,198.70000000,196.84000000,197.10000000,107573.41400000,1758832199999999,21290493.28330000,58689,42932.98400000,8501199.16608000,0
1758832200000000,197.10000000,197.13000000,195.21000000,196.22000000,105772.99800000,1758833999999999,20742804.51387000,59102,43512.29800000,8533532.91865000,0
1758834000000000,196.22000000,197.38000000,195.52000000,195.92000000,106890.35500000,1758835799999999,21008568.78396000,53319,54809.32200000,10774089.77502000,0
1758835800000000,195.91000000,196.69000000,194.75000000,196.35000000,85350.80800000,1758837599999999,16683490.89083000,39405,35881.41500000,7016286.23621000,0
1758837600000000,196.35000000,197.58000000,195.81000000,196.11000000,62716.57900000,1758839399999999,12340929.37150000,41500,33269.20500000,6548152.95878000,0
1758839400000000,196.11000000,196.23000000,193.90000000,194.64000000,149016.13500000,1758841199999999,29008041.14736000,52635,59347.15100000,11552427.75582000,0
1758841200000000,194.64000000,196.07000000,193.93000000,194.48000000,126845.17400000,1758842999999999,24734174.58585000,56723,51434.96500000,10031734.97165000,0
1758843000000000,194.47000000,194.48000000,191.32000000,192.74000000,288875.32000000,1758844799999999,55609684.11760000,105645,121389.52400000,23362535.76071000,0
1758844800000000,192.73000000,195.73000000,192.61000000,194.99000000,121098.57500000,1758846599999999,23560654.94963000,69268,66626.78800000,12957616.95569000,0
1758846600000000,194.98000000,195.97000000,192.53000000,195.71000000,118769.79400000,1758848399999999,23059812.89439000,76949,63895.33300000,12411680.50875000,0
1758848400000000,195.71000000,197.18000000,195.33000000,196.07000000,101506.68500000,1758850199999999,19920904.53246000,80367,60933.51200000,11958538.38097000,0
1758850200000000,196.06000000,196.51000000,195.18000000,195.90000000,118742.48500000,1758851999999999,23266595.04858000,60133,64431.30300000,12624629.56912000,0
1758852000000000,195.89000000,197.43000000,195.54000000,195.99000000,123408.71700000,1758853799999999,24249850.62229000,65661,83162.37400000,16342076.41146000,0
1758853800000000,195.98000000,197.55000000,195.44000000,196.46000000,70389.52000000,1758855599999999,13840584.65759000,49350,38109.29100000,7492782.49915000,0
1758855600000000,196.46000000,197.37000000,195.44000000,196.48000000,65926.16700000,1758857399999999,12952433.46744000,49821,38454.28600000,7556970.46543000,0
1758857400000000,196.48000000,196.68000000,195.15000000,196.47000000,73993.80700000,1758859199999999,14487532.22983000,44992,31844.89900000,6234411.28415000,0
1758859200000000,196.47000000,197.42000000,195.84000000,196.58000000,52963.62200000,1758860999999999,10414747.93695000,44129,25878.10600000,5089147.71442000,0
1758861000000000,196.58000000,196.62000000,195.10000000,195.76000000,56478.22100000,1758862799999999,11053856.71411000,39268,21824.56500000,4271613.59502000,0
1758862800000000,195.76000000,197.29000000,195.61000000,197.05000000,70422.18900000,1758864599999999,13855219.36650000,32470,31550.16100000,6207012.94824000,0
1758864600000000,197.05000000,197.05000000,194.43000000,195.08000000,85027.54000000,1758866399999999,16616830.92274000,52341,40971.71000000,8008652.86749000,0
1758866400000000,195.09000000,196.99000000,193.75000000,196.23000000,141572.76000000,1758868199999999,27626136.70070000,75055,82700.29800000,16143751.75957000,0
1758868200000000,196.23000000,196.47000000,195.00000000,195.20000000,81864.01700000,1758869999999999,16016957.76652000,45996,39899.19500000,7805937.36261000,0
1758870000000000,195.20000000,196.85000000,195.10000000,195.71000000,117448.39000000,1758871799999999,23029600.27466000,55785,66126.50700000,12965918.37800000,0
1758871800000000,195.70000000,196.39000000,194.05000000,196.31000000,120636.85800000,1758873599999999,23536982.44057000,67996,67658.72200000,13199941.91413000,0
1758873600000000,196.31000000,196.98000000,195.76000000,196.36000000,69068.84900000,1758875399999999,13574743.13612000,48299,31808.88700000,6251526.78337000,0
1758875400000000,196.35000000,196.62000000,195.83000000,196.15000000,59380.12300000,1758877199999999,11649501.62191000,51994,31157.84900000,6112663.66045000,0
1758877200000000,196.15000000,196.56000000,195.45000000,195.55000000,50888.72000000,1758878999999999,9972998.53540000,45143,21257.74200000,4166559.01257000,0
1758879000000000,195.54000000,195.78000000,193.74000000,194.63000000,92381.82300000,1758880799999999,17967389.63269000,58335,38919.56900000,7568555.90687000,0
1758880800000000,194.63000000,194.70000000,192.15000000,192.59000000,121424.71400000,1758882599999999,23412189.82585000,64170,49109.47500000,9468527.16119000,0
1758882600000000,192.58000000,193.08000000,191.78000000,192.11000000,102945.96500000,1758884399999999,19804472.89953000,60888,40182.04400000,7729799.66652000,0
1758884400000000,192.11000000,192.37000000,190.80000000,191.66000000,198042.48000000,1758886199999999,37878693.45147000,72244,94104.39600000,17996760.25753000,0
1758886200000000,191.66000000,194.00000000,191.66000000,193.47000000,92701.60000000,1758887999999999,17905036.59505000,51135,52238.59700000,10096218.81559000,0
1758888000000000,193.46000000,194.61000000,192.15000000,194.25000000,119919.69600000,1758889799999999,23139354.19813000,59731,55864.03400000,10783553.34184000,0
1758889800000000,194.24000000,198.31000000,192.98000000,196.67000000,436008.62000000,1758891599999999,85420774.48130000,175679,237431.90400000,46519466.47234000,0
1758891600000000,196.67000000,196.94000000,194.67000000,195.07000000,100505.52600000,1758893399999999,19676388.42412000,69662,53802.20500000,10533541.43048000,0
1758893400000000,195.08000000,197.37000000,194.44000000,197.16000000,231378.93600000,1758895199999999,45427617.26054000,129193,129201.27700000,25375248.11678000,0
1758895200000000,197.16000000,197.36000000,194.50000000,195.19000000,239262.66900000,1758896999999999,46923215.33533000,105763,125710.13700000,24672785.69974000,0
1758897000000000,195.19000000,195.24000000,193.28000000,194.42000000,235093.34300000,1758898799999999,45647452.48138000,101692,123277.27900000,23937251.32354000,0
1758898800000000,194.42000000,196.67000000,194.21000000,196.45000000,131471.51500000,1758900599999999,25722423.11275000,79728,79596.04800000,15576127.32735000,0
1758900600000000,196.45000000,196.83000000,195.76000000,196.02000000,83954.50200000,1758902399999999,16488001.22783000,51348,32708.14600000,6422936.70267000,0
1758902400000000,196.02000000,199.34000000,195.81000000,198.43000000,211671.78900000,1758904199999999,41971294.30922000,86500,124401.93600000,24663087.98569000,0
1758904200000000,198.42000000,199.80000000,198.02000000,199.60000000,133068.19300000,1758905999999999,26497384.92406000,71130,81666.87600000,16262660.60644000,0
1758906000000000,199.59000000,202.03000000,199.19000000,201.63000000,194606.52700000,1758907799999999,39008384.26699000,81156,131328.47300000,26331658.42916000,0
1758907800000000,201.63000000,201.70000000,200.42000000,201.40000000,138031.41100000,1758909599999999,27739568.06996000,64333,95920.27700000,19275952.78508000,0
1758909600000000,201.40000000,202.66000000,200.87000000,202.20000000,153181.10200000,1758911399999999,30925554.41540000,60835,101987.62800000,20591312.33750000,0
1758911400000000,202.20000000,202.58000000,201.42000000,201.83000000,76354.89700000,1758913199999999,15418228.13979000,46675,41283.76400000,8335667.91716000,0
1758913200000000,201.83000000,201.97000000,200.18000000,200.28000000,114756.39800000,1758914999999999,23086697.12605000,52283,54773.95500000,11022115.95474000,0
1758915000000000,200.27000000,201.10000000,198.92000000,200.68000000,170774.60800000,1758916799999999,34113898.27444000,81378,58748.12700000,11738534.88021000,0
1758916800000000,200.68000000,200.94000000,199.76000000,200.17000000,57829.18000000,1758918599999999,11585465.61795000,38222,32569.02600000,6525605.49644000,0
1758918600000000,200.17000000,200.46000000,199.56000000,199.96000000,42621.84500000,1758920399999999,8523484.09968000,32636,23188.25800000,4637786.29654000,0
1758920400000000,199.96000000,201.46000000,199.74000000,201.29000000,57443.68100000,1758922199999999,11515168.64633000,34476,40011.51000000,8021636.92040000,0
1758922200000000,201.29000000,202.68000000,200.94000000,202.32000000,74774.20400000,1758923999999999,15099005.71123000,33942,48550.60000000,9804912.58950000,0
1758924000000000,202.32000000,203.88000000,201.86000000,203.17000000,91720.90000000,1758925799999999,18619846.36437000,38969,53674.54300000,10896943.68454000,0
1758925800000000,203.17000000,203.97000000,203.00000000,203.57000000,79419.79500000,1758927599999999,16163649.74976000,27663,38554.62100000,7848146.37883000,0
1758927600000000,203.57000000,203.92000000,202.83000000,203.91000000,38599.44000000,1758929399999999,7850176.45130000,23337,19646.00100000,3996320.64526000,0
1758929400000000,203.91000000,205.52000000,203.69000000,205.17000000,103670.47600000,1758931199999999,21220800.73673000,41297,65604.62900000,13428685.49494000,0
1758931200000000,205.16000000,205.17000000,204.04000000,204.34000000,86505.09300000,1758932999999999,17686988.37517000,41564,31415.74900000,6423297.87734000,0
1758933000000000,204.33000000,205.35000000,204.24000000,205.19000000,51719.21400000,1758934799999999,10590233.61964000,32691,26253.35800000,5376703.36597000,0
1758934800000000,205.18000000,205.43000000,203.81000000,204.02000000,88242.81700000,1758936599999999,18045838.46253000,46097,39138.85100000,8005834.75203000,0
1758936600000000,204.02000000,204.47000000,203.57000000,204.35000000,52691.31900000,1758938399999999,10751303.03326000,29791,32491.01400000,6630898.64080000,0
1758938400000000,204.35000000,204.77000000,203.77000000,203.86000000,40488.66400000,1758940199999999,8273373.26385000,25742,19588.82600000,4002858.98413000,0
1758940200000000,203.86000000,204.40000000,203.62000000,203.70000000,32737.83100000,1758941999999999,6677072.99063000,23735,14242.47500000,2905598.02465000,0
1758942000000000,203.71000000,204.76000000,203.58000000,204.54000000,39001.74700000,1758943799999999,7958162.78052000,23654,21767.99000000,4443464.39021000,0
1758943800000000,204.55000000,205.09000000,203.82000000,203.88000000,76931.34500000,1758945599999999,15739582.83806000,25313,38605.37000000,7899260.86406000,0
1758945600000000,203.88000000,204.10000000,203.22000000,204.06000000,102575.54000000,1758947399999999,20884755.80516000,32192,36242.95100000,7378972.93382000,0
1758947400000000,204.06000000,204.12000000,203.16000000,203.66000000,32366.49600000,1758949199999999,6592028.93221000,16918,16628.24200000,3387208.44513000,0
1758949200000000,203.65000000,203.65000000,202.23000000,202.50000000,71886.65200000,1758950999999999,14570695.20242000,30075,21108.08700000,4276861.60305000,0
1758951000000000,202.50000000,202.85000000,202.29000000,202.48000000,28965.63400000,1758952799999999,5868983.05990000,21687,13324.88000000,2699781.44947000,0
1758952800000000,202.47000000,202.63000000,201.78000000,201.94000000,35648.79600000,1758954599999999,7202066.34369000,19546,11185.56500000,2260332.22587000,0
1758954600000000,201.93000000,202.65000000,201.76000000,202.64000000,20324.68300000,1758956399999999,4108592.04248000,12801,11031.25000000,2230255.50720000,0
1758956400000000,202.65000000,203.11000000,202.37000000,202.45000000,44196.41000000,1758958199999999,8961768.27193000,19531,21649.67000000,4389740.67638000,0
1758958200000000,202.46000000,202.52000000,201.52000000,202.05000000,41645.14200000,1758959999999999,8411613.23857000,19832,21315.61100000,4305820.15060000,0
1758960000000000,202.05000000,202.21000000,201.18000000,201.84000000,45545.53800000,1758961799999999,9182558.28821000,30002,20626.25500000,4159191.30877000,0
1758961800000000,201.83000000,201.90000000,200.86000000,200.93000000,42335.03200000,1758963599999999,8526191.28612000,19149,13837.76700000,2786489.03065000,0
1758963600000000,200.93000000,201.24000000,199.88000000,200.13000000,79611.48200000,1758965399999999,15947358.54672000,36129,30636.12100000,6137470.50764000,0
1758965400000000,200.14000000,201.57000000,200.11000000,201.18000000,60774.42900000,1758967199999999,12219135.85821000,23890,35152.58000000,7068894.42620000,0
1758967200000000,201.17000000,201.29000000,200.49000000,200.76000000,27438.11000000,1758968999999999,5510637.82377000,19394,12217.21500000,2453885.65326000,0
1758969000000000,200.76000000,202.07000000,200.67000000,201.63000000,56794.89200000,1758970799999999,11443513.33420000,27032,29902.09300000,6025954.60710000,0
1758970800000000,201.63000000,202.00000000,201.40000000,201.94000000,23378.47800000,1758972599999999,4714708.21140000,14464,14761.18700000,2977033.14897000,0
1758972600000000,201.95000000,202.03000000,201.28000000,201.71000000,19570.79500000,1758974399999999,3946121.99642000,13812,10493.01400000,2115771.88586000,0
1758974400000000,201.71000000,201.72000000,200.97000000,201.26000000,39731.42900000,1758976199999999,7995738.20558000,18522,12017.68800000,2418482.22353000,0
1758976200000000,201.25000000,203.07000000,201.24000000,202.45000000,57637.48400000,1758977999999999,11662598.99999000,29108,41052.40900000,8308111.11060000,0
1758978000000000,202.45000000,202.96000000,202.17000000,202.79000000,42144.87600000,1758979799999999,8536933.16623000,21786,24169.70500000,4895679.74366000,0
1758979800000000,202.79000000,203.39000000,202.63000000,202.90000000,34906.51200000,1758981599999999,7085920.37657000,22736,23087.16200000,4686652.43599000,0
1758981600000000,202.89000000,203.56000000,202.62000000,203.32000000,34286.26400000,1758983399999999,6966934.88005000,19925,24467.38800000,4972203.75349000,0
1758983400000000,203.32000000,203.77000000,202.33000000,202.69000000,36558.93000000,1758985199999999,7419180.43737000,21747,22364.87300000,4538404.19903000,0
1758985200000000,202.68000000,202.85000000,201.80000000,202.70000000,45705.20000000,1758986999999999,9243474.04592000,27948,26461.47900000,5350925.04884000,0
1758987000000000,202.70000000,203.69000000,202.37000000,203.52000000,30662.27000000,1758988799999999,6230658.57143000,23168,19774.10500000,4017880.70923000,0
1758988800000000,203.52000000,203.61000000,202.92000000,203.02000000,36762.27100000,1758990599999999,7471138.60440000,28129,14014.16300000,2848019.40087000,0
1758990600000000,203.02000000,203.56000000,202.72000000,202.93000000,41081.05200000,1758992399999999,8342825.82764000,23539,23954.66000000,4865494.48658000,0
1758992400000000,202.92000000,202.95000000,200.89000000,201.09000000,76608.84300000,1758994199999999,15452942.60788000,44709,35484.55300000,7157909.09484000,0
1758994200000000,201.09000000,201.97000000,200.92000000,201.87000000,47737.48500000,1758995999999999,9619630.57639000,30092,30229.32900000,6092130.72196000,0
1758996000000000,201.86000000,202.17000000,201.19000000,201.72000000,59737.41600000,1758997799999999,12041762.35526000,27519,28946.32800000,5834646.25209000,0
1758997800000000,201.72000000,201.82000000,200.85000000,201.64000000,82353.10000000,1758999599999999,16568731.82458000,24999,57374.04500000,11541084.14170000,0
1758999600000000,201.65000000,202.02000000,201.28000000,201.96000000,14190.60300000,1759001399999999,2860664.32018000,14812,8332.82700000,1679853.78003000,0
1759001400000000,201.97000000,202.33000000,201.63000000,202.19000000,14539.80300000,1759003199999999,2936611.90979000,13963,9249.82500000,1868164.67059000,0
1759003200000000,202.19000000,202.52000000,201.89000000,202.49000000,11327.89300000,1759004999999999,2290770.18948000,13885,7045.00000000,1424802.28422000,0
1759005000000000,202.48000000,202.89000000,202.22000000,202.63000000,13651.52200000,1759006799999999,2765356.86802000,15294,7014.12900000,1420744.20766000,0
1759006800000000,202.62000000,202.92000000,202.26000000,202.91000000,14884.32100000,1759008599999999,3014315.45209000,13196,7254.40000000,1469367.42676000,0
1759008600000000,202.92000000,204.05000000,202.73000000,203.80000000,28919.76000000,1759010399999999,5888183.88483000,16631,17880.00300000,3640037.53427000,0
1759010400000000,203.81000000,204.89000000,203.70000000,204.75000000,40412.96500000,1759012199999999,8259315.54495000,22668,25518.45500000,5216076.26926000,0
1759012200000000,204.75000000,204.77000000,203.40000000,203.89000000,36099.51200000,1759013999999999,7365730.38490000,21888,16908.51900000,3450165.38674000,0
1759014000000000,203.89000000,204.30000000,203.34000000,203.55000000,30402.28500000,1759015799999999,6194800.07016000,23446,14129.18500000,2879936.10659000,0
1759015800000000,203.55000000,203.83000000,203.24000000,203.46000000,33215.48000000,1759017599999999,6760858.77140000,18212,13499.30100000,2748044.74039000,0
1759017600000000,203.47000000,204.00000000,202.54000000,203.87000000,64669.02800000,1759019399999999,13133338.86293000,33215,29895.45100000,6070084.69495000,0
1759019400000000,203.86000000,204.07000000,202.77000000,202.95000000,63309.49900000,1759021199999999,12868062.07167000,32257,28014.77700000,5695012.08765000,0
1759021200000000,202.96000000,203.19000000,201.74000000,201.91000000,52800.43600000,1759022999999999,10679344.55061000,39146,23388.80700000,4729861.76099000,0
1759023000000000,201.90000000,202.11000000,201.00000000,201.13000000,47045.64700000,1759024799999999,9474518.97641000,36770,22973.62900000,4625696.30899000,0
1759024800000000,201.13000000,201.92000000,201.06000000,201.81000000,31932.03400000,1759026599999999,6437623.01635000,21370,20331.65100000,4098570.34974000,0
1759026600000000,201.81000000,202.06000000,201.00000000,201.48000000,27887.82100000,1759028399999999,5619401.55865000,20353,12536.53700000,2527414.92585000,0
1759028400000000,201.48000000,201.97000000,201.42000000,201.52000000,26235.44800000,1759030199999999,5289373.88293000,16915,8984.19200000,1811519.07789000,0
1759030200000000,201.52000000,201.71000000,200.74000000,201.40000000,27412.92300000,1759031999999999,5515522.31767000,15200,11118.10600000,2236929.03395000,0
1759032000000000,201.40000000,201.77000000,201.20000000,201.47000000,13838.20700000,1759033799999999,2788751.34364000,14204,6370.99400000,1283802.79477000,0
1759033800000000,201.48000000,201.99000000,201.42000000,201.90000000,29081.71500000,1759035599999999,5868099.35957000,13154,11546.58900000,2329486.20896000,0
1759035600000000,201.90000000,202.45000000,201.31000000,201.92000000,33956.58400000,1759037399999999,6853558.78880000,18164,15373.94700000,3103042.33576000,0
1759037400000000,201.92000000,202.26000000,201.17000000,201.28000000,18578.82100000,1759039199999999,3747013.01230000,14151,6966.54100000,1405141.67651000,0
1759039200000000,201.29000000,201.67000000,200.51000000,200.57000000,22586.65100000,1759040999999999,4543889.34183000,15482,7746.92400000,1557802.94734000,0
1759041000000000,200.58000000,201.80000000,200.38000000,201.72000000,32966.92700000,1759042799999999,6631833.95394000,19450,15231.78300000,3063159.66588000,0
1759042800000000,201.73000000,202.05000000,201.16000000,201.74000000,13336.19200000,1759044599999999,2689582.56724000,12799,6615.20100000,1334092.34276000,0
1759044600000000,201.74000000,202.30000000,201.50000000,202.10000000,18335.03600000,1759046399999999,3703412.73645000,14226,9785.93100000,1976729.54581000,0
1759046400000000,202.10000000,202.40000000,201.49000000,201.78000000,20226.15500000,1759048199999999,4083447.98255000,19031,10352.77900000,2090264.61178000,0
1759048200000000,201.79000000,202.70000000,201.41000000,201.81000000,36819.33300000,1759049999999999,7443075.38188000,22305,16976.50800000,3431178.35502000,0
1759050000000000,201.82000000,202.02000000,200.64000000,201.04000000,37185.75400000,1759051799999999,7484237.38030000,28000,17563.66600000,3534877.63918000,0
1759051800000000,201.04000000,201.53000000,200.66000000,200.70000000,36372.43700000,1759053599999999,7315471.56926000,23989,23674.95400000,4761521.97181000,0
1759053600000000,200.69000000,200.73000000,200.21000000,200.66000000,33379.95800000,1759055399999999,6692239.74571000,19973,18445.41100000,3698143.22088000,0
1759055400000000,200.67000000,201.05000000,200.37000000,200.83000000,26046.34800000,1759057199999999,5228817.50679000,19296,14925.38700000,2996120.24817000,0
1759057200000000,200.82000000,200.88000000,199.48000000,199.67000000,46003.29900000,1759058999999999,9207503.51795000,26053,16210.34900000,3247114.87893000,0
1759059000000000,199.67000000,200.33000000,199.23000000,199.86000000,44307.86800000,1759060799999999,8843414.11315000,26213,16313.45500000,3257302.36306000,0
1759060800000000,199.86000000,199.98000000,199.30000000,199.83000000,41475.28000000,1759062599999999,8281708.93997000,27854,23368.26900000,4666803.37472000,0
1759062600000000,199.83000000,199.85000000,198.00000000,198.43000000,79403.34200000,1759064399999999,15759908.34265000,45042,23201.03700000,4606273.45705000,0
1759064400000000,198.43000000,199.88000000,198.30000000,199.66000000,36107.39800000,1759066199999999,7192926.18567000,30425,20499.41400000,4083997.20008000,0
1759066200000000,199.67000000,201.40000000,199.42000000,201.17000000,50568.85400000,1759067999999999,10137306.36644000,33037,31079.08900000,6231119.21527000,0
1759068000000000,201.18000000,201.66000000,200.44000000,201.45000000,36876.24300000,1759069799999999,7412210.67683000,27215,20129.82600000,4047083.49852000,0
1759069800000000,201.45000000,202.03000000,201.07000000,201.89000000,47982.70300000,1759071599999999,9673796.21826000,26128,25145.18700000,5069394.05218000,0
1759071600000000,201.89000000,202.93000000,201.84000000,202.76000000,104466.49600000,1759073399999999,21142110.76050000,38128,53141.68500000,10754116.91836000,0
1759073400000000,202.77000000,203.55000000,202.21000000,203.42000000,48616.59400000,1759075199999999,9867200.86941000,27314,27371.01400000,5555513.37555000,0
1759075200000000,203.43000000,204.75000000,203.27000000,203.79000000,76399.42400000,1759076999999999,15577501.52558000,46854,43061.63100000,8781527.43430000,0
1759077000000000,203.80000000,204.13000000,203.26000000,204.05000000,32356.29800000,1759078799999999,6593431.29300000,23370,15810.04400000,3221935.92285000,0
1759078800000000,204.05000000,205.40000000,203.97000000,204.45000000,90567.88500000,1759080599999999,18544103.26696000,44015,58615.86800000,12004198.09205000,0
1759080600000000,204.45000000,205.84000000,204.42000000,205.05000000,102291.95400000,1759082399999999,20985246.13691000,39095,73646.27800000,15108732.48686000,0
1759082400000000,205.05000000,205.55000000,204.80000000,205.39000000,39652.91200000,1759084199999999,8136152.20088000,25917,24543.19000000,5035928.52738000,0
1759084200000000,205.39000000,206.37000000,205.33000000,206.12000000,43311.82100000,1759085999999999,8916535.88172000,23521,30679.53200000,6315866.82666000,0
1759086000000000,206.13000000,206.67000000,205.41000000,206.06000000,30173.98100000,1759087799999999,6215375.56175000,26119,16537.10000000,3406760.39328000,0
1759087800000000,206.05000000,206.60000000,205.93000000,206.18000000,17732.41600000,1759089599999999,3656710.67491000,16057,9867.83400000,2034957.21809000,0
1759089600000000,206.18000000,207.79000000,206.02000000,207.49000000,35693.43000000,1759091399999999,7382522.67329000,25892,23268.58000000,4813353.77871000,0
1759091400000000,207.49000000,207.77000000,206.67000000,206.82000000,50041.63700000,1759093199999999,10370854.15702000,30819,32051.88300000,6643067.38705000,0
1759093200000000,206.82000000,207.27000000,206.76000000,206.98000000,31310.83200000,1759094999999999,6483350.37475000,19502,18494.06800000,3829346.92768000,0
1759095000000000,206.97000000,207.30000000,206.54000000,207.22000000,25066.33100000,1759096799999999,5184882.17759000,12819,16022.52200000,3314950.08511000,0
1759096800000000,207.23000000,209.81000000,207.23000000,209.26000000,149222.22200000,1759098599999999,31159357.18318000,85467,87122.81000000,18190091.97520000,0
1759098600000000,209.26000000,209.98000000,209.21000000,209.54000000,60967.63900000,1759100399999999,12778644.92182000,37023,40435.21600000,8475252.74782000,0
1759100400000000,209.55000000,210.60000000,209.55000000,210.20000000,73104.18900000,1759102199999999,15350775.41790000,39572,46802.82700000,9828961.19814000,0
1759102200000000,210.20000000,211.00000000,210.02000000,210.83000000,86556.07200000,1759103999999999,18231095.35764000,28706,37268.72300000,7848975.65674000,0
1759104000000000,210.83000000,210.89000000,209.56000000,210.13000000,94538.66100000,1759105799999999,19873694.28456000,41524,46614.42300000,9799176.36193000,0
1759105800000000,210.14000000,210.18000000,209.00000000,209.19000000,50158.52400000,1759107599999999,10508893.51844000,29339,18755.48400000,3930389.41026000,0
1759107600000000,209.19000000,209.70000000,208.74000000,208.91000000,46945.86000000,1759109399999999,9822878.82674000,31859,20813.64100000,4355423.37613000,0
1759109400000000,208.92000000,209.95000000,208.92000000,209.40000000,40884.05600000,1759111199999999,8562246.50859000,26828,22882.70700000,4791542.28107000,0
1759111200000000,209.41000000,210.84000000,208.94000000,210.38000000,134682.14100000,1759112999999999,28286021.32765000,38567,66192.15600000,13906967.02621000,0
1759113000000000,210.37000000,210.61000000,209.33000000,209.69000000,40638.32700000,1759114799999999,8528803.85244000,30171,20330.44300000,4267700.77432000,0
1759114800000000,209.70000000,209.74000000,209.12000000,209.50000000,40591.28300000,1759116599999999,8497550.16745000,27281,18012.81100000,3771095.41087000,0
1759116600000000,209.50000000,210.37000000,209.41000000,210.28000000,32069.07800000,1759118399999999,6729672.63227000,23894,18595.22300000,3901752.60211000,0
1759118400000000,210.27000000,210.64000000,209.83000000,209.92000000,62041.05600000,1759120199999999,13044583.01168000,29875,19720.19400000,4147093.95001000,0
1759120200000000,209.92000000,210.47000000,209.87000000,210.06000000,41709.71200000,1759121999999999,8766718.46016000,22027,18123.54800000,3809529.68347000,0
1759122000000000,210.05000000,210.19000000,208.94000000,209.24000000,62714.32200000,1759123799999999,13129876.77121000,31810,24090.91900000,5043098.13882000,0
1759123800000000,209.23000000,209.50000000,208.77000000,209.12000000,24503.14100000,1759125599999999,5125494.86865000,19417,10870.53900000,2274078.15889000,0
1759125600000000,209.12000000,209.20000000,207.88000000,208.08000000,56761.60200000,1759127399999999,11827572.50037000,37350,18301.43400000,3813091.92076000,0
1759127400000000,208.07000000,208.84000000,207.83000000,208.14000000,42025.24500000,1759129199999999,8756487.28075000,30526,24532.10100000,5111918.86631000,0
1759129200000000,208.14000000,208.32000000,207.37000000,207.89000000,46898.61000000,1759130999999999,9746508.96779000,30013,15878.74000000,3300350.15028000,0
1759131000000000,207.88000000,209.36000000,207.83000000,208.95000000,45824.87300000,1759132799999999,9566325.17045000,30405,28770.97800000,6006467.69266000,0
1759132800000000,208.94000000,209.49000000,208.26000000,208.93000000,38210.30700000,1759134599999999,7981662.20234000,30028,21086.88000000,4405128.50054000,0
1759134600000000,208.93000000,209.69000000,208.67000000,208.91000000,25260.82900000,1759136399999999,5282932.72681000,20657,16158.87400000,3379375.34455000,0
1759136400000000,208.90000000,209.12000000,208.40000000,208.80000000,28767.55000000,1759138199999999,6006286.83743000,19849,14334.60400000,2992691.62087000,0
1759138200000000,208.80000000,208.82000000,207.87000000,208.20000000,27130.64000000,1759139999999999,5650134.96977000,21625,13593.80600000,2831438.42708000,0
1759140000000000,208.21000000,208.32000000,207.84000000,208.25000000,28327.56600000,1759141799999999,5894169.95475000,22376,14669.36400000,3052284.40682000,0
1759141800000000,208.26000000,208.32000000,206.48000000,206.60000000,53827.97000000,1759143599999999,11146121.35133000,33685,21616.27600000,4476691.19666000,0
1759143600000000,206.60000000,207.27000000,206.02000000,207.13000000,65061.70400000,1759145399999999,13437785.15149000,38109,33545.44500000,6929875.74412000,0
1759145400000000,207.13000000,207.45000000,206.84000000,207.07000000,34110.67000000,1759147199999999,7063941.20443000,25455,17584.00300000,3641249.92315000,0
1759147200000000,207.07000000,207.80000000,206.55000000,207.72000000,38207.04400000,1759148999999999,7916802.29455000,23577,27184.81600000,5634574.99289000,0
1759149000000000,207.72000000,208.04000000,205.22000000,205.37000000,96245.52300000,1759150799999999,19844622.59240000,48284,40828.96000000,8424494.94659000,0
1759150800000000,205.37000000,206.50000000,204.58000000,206.37000000,95390.14300000,1759152599999999,19600213.16911000,64448,44307.32000000,9108832.61726000,0
1759152600000000,206.37000000,209.49000000,206.03000000,208.86000000,179648.54900000,1759154399999999,37428484.05373000,127929,102497.92400000,21346743.01863000,0
1759154400000000,208.87000000,212.20000000,208.69000000,210.57000000,208917.79900000,1759156199999999,43998382.94850000,112336,140207.31600000,29536234.61487000,0
1759156200000000,210.56000000,212.82000000,210.20000000,212.35000000,193206.29300000,1759157999999999,40909748.89884000,92573,128660.37700000,27240520.83588000,0
1759158000000000,212.34000000,213.50000000,210.71000000,211.15000000,194313.03100000,1759159799999999,41262111.52188000,79005,90723.96400000,19272254.69237000,0
1759159800000000,211.16000000,211.72000000,209.69000000,210.07000000,118856.52700000,1759161599999999,25029636.26930000,62514,49337.81900000,10388950.40967000,0
1759161600000000,210.07000000,211.57000000,210.01000000,210.03000000,70895.21000000,1759163399999999,14933927.42061000,45667,43544.88400000,9171753.37022000,0
1759163400000000,210.03000000,210.88000000,208.36000000,208.72000000,95166.98400000,1759165199999999,19936963.86466000,45620,41289.59100000,8654895.31760000,0
1759165200000000,208.72000000,209.07000000,207.67000000,208.84000000,85853.22100000,1759166999999999,17894572.09910000,57596,54018.21500000,11261277.63822000,0
1759167000000000,208.84000000,210.32000000,208.43000000,210.19000000,64246.55500000,1759168799999999,13451934.68608000,39828,41734.50100000,8739425.83139000,0
1759168800000000,210.18000000,210.26000000,209.13000000,209.78000000,51728.44700000,1759170599999999,10849548.05169000,37167,33513.07700000,7029824.88852000,0
1759170600000000,209.78000000,210.76000000,209.66000000,210.76000000,53199.65900000,1759172399999999,11183191.18205000,31488,34203.11600000,7191464.47438000,0
1759172400000000,210.77000000,212.13000000,210.45000000,211.81000000,67864.17000000,1759174199999999,14350790.45341000,48760,46730.04300000,9884605.34730000,0
1759174200000000,211.81000000,213.50000000,211.16000000,212.93000000,77015.58800000,1759175999999999,16343518.17750000,55703,48925.81700000,10384131.23155000,0
1759176000000000,212.93000000,214.34000000,212.51000000,213.37000000,84943.45700000,1759177799999999,18141416.50602000,50780,54512.42800000,11643343.72319000,0
1759177800000000,213.38000000,214.55000000,213.20000000,214.42000000,55620.00800000,1759179599999999,11905415.81715000,48313,33687.71500000,7211918.49522000,0
1759179600000000,214.41000000,214.74000000,213.69000000,214.14000000,42431.75400000,1759181399999999,9092567.75208000,34567,23371.66700000,5009161.45972000,0
1759181400000000,214.13000000,214.43000000,213.72000000,214.16000000,23492.83100000,1759183199999999,5030101.00052000,16264,8098.26000000,1734187.78704000,0
1759183200000000,214.16000000,214.30000000,213.06000000,213.59000000,43722.90300000,1759184999999999,9335738.69981000,28477,18086.57100000,3861427.72717000,0
1759185000000000,213.59000000,213.98000000,213.14000000,213.58000000,26875.19800000,1759186799999999,5739396.89774000,18524,11963.52100000,2555115.03268000,0
1759186800000000,213.59000000,213.96000000,212.86000000,213.04000000,34523.47900000,1759188599999999,7361862.86057000,26903,18455.25400000,3935603.08683000,0
1759188600000000,213.03000000,213.19000000,212.43000000,212.75000000,47050.75100000,1759190399999999,10015841.02695000,19738,19476.97800000,4146435.92295000,0
1759190400000000,212.74000000,213.67000000,211.58000000,211.76000000,62158.77200000,1759192199999999,13200095.92748000,39949,22862.06600000,4857167.34525000,0
1759192200000000,211.76000000,213.29000000,211.22000000,211.34000000,91653.72100000,1759193999999999,19439504.69446000,61542,50276.05700000,10662627.41786000,0
1759194000000000,211.33000000,212.97000000,210.97000000,211.83000000,61838.72600000,1759195799999999,13114194.68743000,50061,34663.37600000,7351972.21094000,0
1759195800000000,211.83000000,211.83000000,209.83000000,210.58000000,98593.36800000,1759197599999999,20765920.13666000,60418,36074.48100000,7597090.85278000,0
1759197600000000,210.57000000,210.84000000,210.00000000,210.59000000,59907.60700000,1759199399999999,12608600.38422000,33564,28316.72900000,5958971.53183000,0
1759199400000000,210.58000000,211.24000000,210.39000000,210.53000000,51730.32400000,1759201199999999,10903248.47807000,32783,21613.84800000,4555656.50039000,0
1759201200000000,210.53000000,211.05000000,210.12000000,210.81000000,35182.30300000,1759202999999999,7408817.07615000,25305,13740.01600000,2894327.12463000,0
1759203000000000,210.81000000,211.46000000,210.45000000,210.71000000,41194.95300000,1759204799999999,8685583.24132000,26101,15958.92200000,3365972.61882000,0
1759204800000000,210.71000000,211.72000000,210.60000000,211.53000000,43274.94400000,1759206599999999,9139684.90218000,21526,23784.83600000,5024391.19019000,0
1759206600000000,211.52000000,211.55000000,210.20000000,210.22000000,26569.03700000,1759208399999999,5604873.52060000,20360,10808.35500000,2280927.80612000,0
1759208400000000,210.22000000,210.75000000,209.88000000,210.21000000,48576.16500000,1759210199999999,10213856.94608000,25880,14646.07400000,3079448.50534000,0
1759210200000000,210.21000000,210.38000000,208.96000000,210.00000000,60473.12600000,1759211999999999,12681853.77418000,35522,21989.37500000,4613658.86605000,0
1759212000000000,210.00000000,210.52000000,209.48000000,210.37000000,31805.75300000,1759213799999999,6680386.46348000,24164,16560.92100000,3479021.80758000,0
1759213800000000,210.37000000,210.90000000,210.07000000,210.31000000,31098.34100000,1759215599999999,6546137.60789000,23323,17113.08300000,3602791.31854000,0
1759215600000000,210.32000000,210.82000000,210.06000000,210.22000000,39635.64100000,1759217399999999,8339634.88362000,23513,17212.89700000,3621329.67792000,0
1759217400000000,210.21000000,210.21000000,208.55000000,209.00000000,51606.49800000,1759219199999999,10789668.40879000,31531,20931.78200000,4374738.16838000,0
1759219200000000,208.99000000,209.00000000,208.35000000,208.52000000,36108.37400000,1759220999999999,7532912.45272000,26319,17140.73900000,3576171.45826000,0
1759221000000000,208.51000000,208.58000000,207.71000000,207.77000000,83894.85000000,1759222799999999,17459619.98856000,31919,40760.25000000,8484494.78189000,0
1759222800000000,207.77000000,207.94000000,206.16000000,207.45000000,96797.64900000,1759224599999999,20039930.77112000,46138,46119.42300000,9549924.39170000,0
1759224600000000,207.45000000,207.72000000,205.56000000,205.89000000,62558.47300000,1759226399999999,12912539.36683000,41204,22283.52800000,4603162.26463000,0
1759226400000000,205.89000000,206.73000000,205.53000000,206.21000000,48175.00500000,1759228199999999,9932485.86319000,35008,24194.24400000,4988649.63693000,0
1759228200000000,206.22000000,207.01000000,205.99000000,206.58000000,61318.65000000,1759229999999999,12669071.87015000,25082,43138.46900000,8913424.21186000,0
1759230000000000,206.58000000,206.69000000,205.92000000,206.29000000,37829.96200000,1759231799999999,7801853.90530000,23258,16396.81500000,3381503.91149000,0
1759231800000000,206.28000000,207.42000000,206.16000000,207.08000000,81362.96300000,1759233599999999,16830039.55375000,29356,58322.79100000,12065189.20727000,0
1759233600000000,207.07000000,207.29000000,206.41000000,206.83000000,29645.40800000,1759235399999999,6134052.75009000,25998,16889.53600000,3494623.65689000,0
1759235400000000,206.84000000,207.48000000,206.00000000,206.19000000,35750.03900000,1759237199999999,7394694.72712000,22869,18813.82400000,3893936.83965000,0
1759237200000000,206.18000000,207.99000000,205.69000000,207.90000000,71363.49900000,1759238999999999,14766153.36212000,48442,47261.22300000,9788034.85194000,0
1759239000000000,207.91000000,209.64000000,206.94000000,207.71000000,127156.54900000,1759240799999999,26476456.43039000,99087,70571.61100000,14699445.25845000,0
1759240800000000,207.71000000,208.13000000,206.08000000,206.73000000,69792.51200000,1759242599999999,14442857.10222000,80806,32630.60300000,6751333.05022000,0
1759242600000000,206.73000000,208.89000000,206.41000000,208.79000000,58879.23800000,1759244399999999,12223612.19210000,62820,35515.35900000,7374719.81936000,0
1759244400000000,208.80000000,208.82000000,204.65000000,205.57000000,146242.98200000,1759246199999999,30131517.52847000,88871,59353.44900000,12230413.06978000,0
1759246200000000,205.57000000,206.46000000,204.77000000,206.00000000,113114.37400000,1759247999999999,23263658.95613000,79216,53058.40600000,10911075.35312000,0
1759248000000000,205.99000000,206.31000000,204.91000000,205.47000000,105331.89100000,1759249799999999,21653662.37806000,61905,45400.01100000,9333778.56592000,0
1759249800000000,205.47000000,205.63000000,204.29000000,205.12000000,138462.53100000,1759251599999999,28366647.38677000,52835,77543.86200000,15886108.56034000,0
1759251600000000,205.12000000,205.97000000,204.99000000,205.33000000,66049.26700000,1759253399999999,13574299.07361000,39637,34925.27000000,7177661.13966000,0
1759253400000000,205.33000000,206.29000000,204.71000000,205.64000000,118224.43600000,1759255199999999,24300891.93636000,45966,73760.15100000,15164066.63617000,0
1759255200000000,205.64000000,207.50000000,205.33000000,207.20000000,79882.33600000,1759256999999999,16498533.63095000,42406,47961.29000000,9908464.26427000,0
1759257000000000,207.19000000,207.87000000,206.65000000,207.57000000,45424.45400000,1759258799999999,9414133.95954000,26763,27048.53700000,5606846.50325000,0
1759258800000000,207.56000000,208.41000000,207.13000000,208.09000000,124630.29700000,1759260599999999,25916078.55197000,36513,60674.80200000,12611872.93111000,0
1759260600000000,208.08000000,209.21000000,207.86000000,208.92000000,91186.98000000,1759262399999999,19015072.78414000,49138,53981.47100000,11257164.66817000,0
1759262400000000,208.92000000,209.54000000,208.17000000,209.08000000,74357.38200000,1759264199999999,15536715.29649000,37864,45680.28500000,9548546.13330000,0
1759264200000000,209.09000000,210.22000000,208.81000000,209.86000000,32203.19500000,1759265999999999,6744635.70574000,25851,17750.79500000,3718765.55847000,0
1759266000000000,209.87000000,210.98000000,209.32000000,209.68000000,93738.33600000,1759267799999999,19701986.92640000,45130,55471.19800000,11663530.32369000,0
1759267800000000,209.68000000,210.88000000,209.22000000,209.60000000,89700.71800000,1759269599999999,18837256.73736000,41083,26020.53900000,5463482.87523000,0
1759269600000000,209.61000000,210.93000000,209.61000000,209.80000000,54433.19000000,1759271399999999,11444642.29427000,33105,24687.25400000,5189886.08829000,0
1759271400000000,209.81000000,210.08000000,207.81000000,208.06000000,68582.32700000,1759273199999999,14333814.48432000,37038,25745.90600000,5381974.02344000,0
1759273200000000,208.06000000,208.88000000,207.42000000,208.45000000,62039.48300000,1759274999999999,12909542.40274000,26890,30493.24500000,6347639.79305000,0
1759275000000000,208.45000000,208.81000000,208.28000000,208.68000000,25244.85600000,1759276799999999,5265788.61765000,18227,12890.50000000,2688722.82441000,0
