1777593600000000,83.09000000,83.36000000,83.08000000,83.27000000,17465.41900000,1777595399999999,1454173.77257000,7431,7694.45800000,640528.21727000,0
1777595400000000,83.28000000,83.41000000,83.14000000,83.20000000,34081.43000000,1777597199999999,2837777.31030000,11263,10444.14200000,869462.27061000,0
1777597200000000,83.20000000,83.47000000,83.19000000,83.36000000,28416.22200000,1777598999999999,2369743.25289000,9411,12533.89000000,1045363.58192000,0
1777599000000000,83.37000000,83.69000000,83.35000000,83.61000000,31218.15800000,1777600799999999,2608331.44952000,10174,14615.06200000,1220989.31094000,0
1777600800000000,83.62000000,83.72000000,83.52000000,83.54000000,18017.21100000,1777602599999999,1506317.10293000,6140,7332.82200000,613112.22778000,0
1777602600000000,83.55000000,83.84000000,83.45000000,83.63000000,46633.72000000,1777604399999999,3902365.27781000,7627,28210.32200000,2360775.23601000,0
1777604400000000,83.62000000,84.38000000,83.56000000,84.13000000,51992.08900000,1777606199999999,4369291.75226000,18725,30124.98600000,2531172.26742000,0
1777606200000000,84.13000000,84.22000000,83.84000000,83.89000000,35737.70800000,1777607999999999,3003118.83303000,10916,12004.51300000,1008911.20994000,0
1777608000000000,83.90000000,84.06000000,83.69000000,83.73000000,32409.54500000,1777609799999999,2719861.35394000,8976,12570.37800000,1055245.51318000,0
1777609800000000,83.73000000,83.91000000,83.71000000,83.82000000,15475.18600000,1777611599999999,1297156.04780000,4363,7678.42000000,643595.24341000,0
1777611600000000,83.81000000,84.23000000,83.74000000,83.96000000,48130.08200000,1777613399999999,4046964.88505000,8743,29111.25700000,2447826.65199000,0
1777613400000000,83.96000000,84.18000000,83.94000000,84.05000000,30118.85800000,1777615199999999,2532016.30821000,5243,15668.50200000,1317030.45054000,0
1777615200000000,84.06000000,84.18000000,84.01000000,84.07000000,19473.45000000,1777616999999999,1637549.80755000,5622,11318.95500000,951857.27716000,0
1777617000000000,84.08000000,84.08000000,83.69000000,83.85000000,21298.36100000,1777618799999999,1786683.56737000,6639,9683.37400000,812165.96063000,0
1777618800000000,83.86000000,83.97000000,83.69000000,83.69000000,32531.31300000,1777620599999999,2727528.84184000,6346,12056.95600000,1011008.41155000,0
1777620600000000,83.69000000,83.97000000,83.67000000,83.96000000,90316.13700000,1777622399999999,7569172.89545000,8994,48832.62100000,4092598.83796000,0
1777622400000000,83.96000000,84.30000000,83.90000000,84.16000000,32289.77200000,1777624199999999,2715965.67081000,7678,19601.81300000,1648579.24725000,0
1777624200000000,84.16000000,84.20000000,84.07000000,84.18000000,21770.02500000,1777625999999999,1831900.14774000,5100,12656.82800000,1065018.69786000,0
1777626000000000,84.18000000,84.19000000,83.97000000,84.04000000,30824.36000000,1777627799999999,2592089.92789000,6613,12143.16900000,1021055.13901000,0
1777627800000000,84.03000000,84.07000000,83.89000000,83.97000000,33074.92200000,1777629599999999,2776924.19213000,7335,19335.10600000,1623274.98100000,0
1777629600000000,83.96000000,84.08000000,83.69000000,83.98000000,36327.80000000,1777631399999999,3045599.68085000,8676,13926.70000000,1168038.17976000,0
1777631400000000,83.97000000,84.01000000,83.83000000,83.95000000,23984.88400000,1777633199999999,2012460.38565000,4402,13634.70400000,1144058.93318000,0
1777633200000000,83.96000000,84.22000000,83.90000000,83.92000000,22820.45700000,1777634999999999,1917193.00237000,7285,11967.47300000,1005491.03444000,0
1777635000000000,83.93000000,84.02000000,83.87000000,84.01000000,13391.80300000,1777636799999999,1124007.86828000,4504,6743.06000000,565996.05668000,0
1777636800000000,84.01000000,84.44000000,83.92000000,84.37000000,60413.88600000,1777638599999999,5087306.96990000,13767,37433.62000000,3152352.58750000,0
1777638600000000,84.37000000,84.59000000,84.27000000,84.27000000,56561.48700000,1777640399999999,4774731.30736000,11821,23571.13700000,1989928.92521000,0
1777640400000000,84.27000000,84.61000000,84.27000000,84.39000000,49148.42600000,1777642199999999,4152271.64096000,9830,30020.80400000,2536276.38786000,0
1777642200000000,84.39000000,84.86000000,84.24000000,84.60000000,96700.53100000,1777643999999999,8171359.93416000,22131,55152.69200000,4661300.19319000,0
1777644000000000,84.61000000,84.73000000,84.10000000,84.17000000,77983.25200000,1777645799999999,6585299.48541000,17226,35937.96400000,3035636.43400000,0
1777645800000000,84.17000000,84.35000000,83.89000000,84.22000000,60297.24400000,1777647599999999,5073657.79720000,13270,28128.82800000,2367178.60990000,0
1777647600000000,84.21000000,84.47000000,84.01000000,84.37000000,41454.33600000,1777649399999999,3492435.09252000,10432,22628.22000000,1906404.05424000,0
1777649400000000,84.37000000,84.62000000,84.03000000,84.47000000,75137.58000000,1777651199999999,6337810.86169000,15278,43367.64300000,3659082.29968000,0
1777651200000000,84.46000000,84.63000000,84.12000000,84.29000000,70335.34200000,1777652999999999,5932233.11378000,14914,35120.97000000,2962148.90576000,0
1777653000000000,84.29000000,84.31000000,83.98000000,83.99000000,45130.87600000,1777654799999999,3798957.53143000,9504,22805.39600000,1919749.51020000,0
1777654800000000,83.99000000,84.24000000,83.92000000,83.99000000,33151.05200000,1777656599999999,2786817.01139000,8590,14425.71300000,1212620.65099000,0
1777656600000000,84.00000000,84.28000000,83.92000000,84.23000000,16195.86300000,1777658399999999,1362353.57842000,6907,8593.92700000,723032.59675000,0
1777658400000000,84.23000000,84.31000000,84.07000000,84.18000000,21493.26100000,1777660199999999,1809509.89709000,6508,11178.24200000,941231.78750000,0
1777660200000000,84.18000000,84.20000000,83.98000000,83.99000000,18866.19300000,1777661999999999,1585862.38044000,6380,10917.59600000,917598.07490000,0
1777662000000000,83.99000000,84.07000000,83.83000000,83.94000000,29893.90500000,1777663799999999,2509882.17373000,10326,17375.07200000,1458894.18502000,0
1777663800000000,83.94000000,83.94000000,83.79000000,83.90000000,30730.57700000,1777665599999999,2576768.71156000,9937,16976.30300000,1423565.08462000,0
1777665600000000,83.90000000,83.93000000,83.70000000,83.80000000,40070.79300000,1777667399999999,3357674.45322000,8465,20440.69400000,1712884.85517000,0
1777667400000000,83.80000000,83.84000000,83.33000000,83.49000000,52100.29300000,1777669199999999,4353159.70628000,13158,24153.94400000,2018637.92048000,0
1777669200000000,83.48000000,83.66000000,83.41000000,83.60000000,23194.18200000,1777670999999999,1937411.44892000,6636,15237.17100000,1272831.93923000,0
1777671000000000,83.60000000,83.80000000,83.59000000,83.72000000,23767.82500000,1777672799999999,1989648.64418000,7803,12600.08400000,1054755.11746000,0
1777672800000000,83.72000000,83.89000000,83.68000000,83.81000000,19139.72000000,1777674599999999,1603508.63925000,5867,12695.85900000,1063658.00514000,0
1777674600000000,83.80000000,83.82000000,83.57000000,83.75000000,13820.65700000,1777676399999999,1156975.80557000,4288,5817.82600000,486990.30449000,0
1777676400000000,83.74000000,83.90000000,83.56000000,83.58000000,59316.94800000,1777678199999999,4967872.46548000,6771,30078.63100000,2519418.06823000,0
1777678200000000,83.58000000,83.77000000,83.58000000,83.76000000,15364.81800000,1777679999999999,1285851.35889000,4407,8289.83400000,693763.78506000,0
1777680000000000,83.76000000,83.78000000,83.53000000,83.54000000,14908.06900000,1777681799999999,1247231.62444000,5335,7205.69500000,602906.55982000,0
1777681800000000,83.53000000,83.87000000,83.44000000,83.82000000,46304.54600000,1777683599999999,3871254.16629000,6654,30932.44800000,2585881.48067000,0
1777683600000000,83.83000000,83.92000000,83.77000000,83.83000000,10370.22900000,1777685399999999,869420.26975000,3792,5298.44300000,444207.08983000,0
1777685400000000,83.84000000,84.05000000,83.83000000,84.03000000,15621.56500000,1777687199999999,1311533.27689000,5024,9183.66300000,771056.03394000,0
1777687200000000,84.04000000,84.18000000,83.86000000,83.91000000,37051.95700000,1777688999999999,3112723.63846000,7235,18024.86400000,1514460.59514000,0
1777689000000000,83.92000000,84.11000000,83.90000000,83.95000000,12475.12300000,1777690799999999,1047752.84859000,4495,5269.60300000,442598.53580000,0
1777690800000000,83.94000000,83.95000000,83.70000000,83.88000000,20364.61100000,1777692599999999,1706908.71653000,4970,7534.25100000,631621.54153000,0
1777692600000000,83.88000000,83.98000000,83.78000000,83.82000000,9512.47100000,1777694399999999,797701.22195000,3761,4550.75400000,381599.45020000,0
1777694400000000,83.82000000,83.83000000,83.64000000,83.69000000,15681.18600000,1777696199999999,1312440.22679000,4003,7782.65000000,651334.11094000,0
1777696200000000,83.69000000,83.75000000,83.56000000,83.64000000,21841.60600000,1777697999999999,1827233.93549000,5126,12025.60500000,1006164.04971000,0
1777698000000000,83.64000000,83.68000000,83.54000000,83.65000000,14227.09700000,1777699799999999,1189513.86319000,4716,6163.62500000,515382.65150000,0
1777699800000000,83.65000000,83.75000000,83.64000000,83.70000000,11544.03400000,1777701599999999,966241.42122000,3753,6661.61700000,557599.13267000,0
1777701600000000,83.71000000,83.80000000,83.58000000,83.59000000,10909.54600000,1777703399999999,913057.12582000,3510,4830.79100000,404360.25636000,0
1777703400000000,83.58000000,83.85000000,83.58000000,83.82000000,10095.00700000,1777705199999999,845101.41569000,4468,5087.90800000,425913.94165000,0
1777705200000000,83.83000000,83.86000000,83.75000000,83.79000000,14308.06200000,1777706999999999,1199016.34180000,6507,4178.30800000,350168.16767000,0
1777707000000000,83.79000000,83.79000000,83.72000000,83.74000000,12407.95700000,1777708799999999,1039143.43271000,6053,3198.03300000,267826.75600000,0
1777708800000000,83.73000000,83.75000000,83.64000000,83.73000000,8752.41600000,1777710599999999,732565.84910000,3187,4293.46400000,359368.34234000,0
1777710600000000,83.74000000,83.89000000,83.73000000,83.85000000,20614.95000000,1777712399999999,1728330.79857000,6492,8217.28200000,688728.94713000,0
1777712400000000,83.85000000,83.98000000,83.83000000,83.94000000,17988.03500000,1777714199999999,1509523.50657000,5363,6208.82800000,521041.44649000,0
1777714200000000,83.95000000,84.17000000,83.86000000,84.00000000,52299.51700000,1777715999999999,4394802.36738000,10863,19413.83200000,1631455.96803000,0
1777716000000000,84.01000000,84.01000000,83.89000000,83.91000000,14836.62000000,1777717799999999,1245782.36971000,5620,4230.56400000,355189.47635000,0
1777717800000000,83.92000000,83.97000000,83.87000000,83.95000000,6860.56600000,1777719599999999,575813.73272000,2461,4022.08500000,337582.77457000,0
1777719600000000,83.94000000,83.94000000,83.76000000,83.77000000,11481.91200000,1777721399999999,962342.50252000,3761,4638.43200000,388797.84768000,0
1777721400000000,83.77000000,83.77000000,83.52000000,83.70000000,32887.88900000,1777723199999999,2751056.48619000,8994,16651.23800000,1392821.99412000,0
1777723200000000,83.70000000,84.06000000,83.67000000,84.06000000,28288.02900000,1777724999999999,2372190.62330000,6556,22658.63600000,1900456.14638000,0
1777725000000000,84.06000000,84.11000000,83.77000000,83.86000000,59276.91500000,1777726799999999,4974988.83832000,8691,23582.68600000,1979447.82881000,0
1777726800000000,83.87000000,84.08000000,83.86000000,83.96000000,29966.23500000,1777728599999999,2516815.04746000,9750,11134.12900000,935136.45971000,0
1777728600000000,83.96000000,83.99000000,83.89000000,83.94000000,10950.90400000,1777730399999999,919248.33418000,4320,5356.16900000,449602.23285000,0
1777730400000000,83.95000000,84.10000000,83.91000000,84.01000000,21903.56200000,1777732199999999,1839794.86177000,6523,14565.75800000,1223461.63682000,0
1777732200000000,84.00000000,84.08000000,83.95000000,83.98000000,11307.23100000,1777733999999999,949862.48491000,4738,5270.12000000,442686.03937000,0
1777734000000000,83.98000000,84.07000000,83.93000000,84.00000000,9408.83000000,1777735799999999,790242.32440000,3907,4496.18600000,377635.91284000,0
1777735800000000,84.00000000,84.07000000,83.95000000,84.04000000,12345.32800000,1777737599999999,1036999.00585000,4348,7050.47700000,592250.39305000,0
1777737600000000,84.04000000,84.21000000,84.02000000,84.08000000,31140.15000000,1777739399999999,2619679.38779000,9046,18351.41800000,1543878.92025000,0
1777739400000000,84.08000000,84.28000000,84.05000000,84.20000000,19740.90400000,1777741199999999,1660988.89103000,5983,11290.46200000,949924.25073000,0
1777741200000000,84.20000000,84.21000000,84.03000000,84.05000000,13067.49600000,1777742999999999,1099007.27400000,5485,7264.84500000,610955.32595000,0
1777743000000000,84.05000000,84.15000000,84.00000000,84.05000000,10007.76400000,1777744799999999,841233.00229000,4482,6601.38500000,554934.79848000,0
1777744800000000,84.04000000,84.14000000,83.95000000,84.13000000,27698.86000000,1777746599999999,2327313.56188000,5861,18334.68800000,1540692.88911000,0
1777746600000000,84.13000000,84.22000000,84.12000000,84.19000000,9882.59400000,1777748399999999,831858.93376000,4059,4373.29600000,368139.00209000,0
1777748400000000,84.20000000,84.31000000,84.17000000,84.21000000,11128.02200000,1777750199999999,937410.63103000,4193,4485.56400000,377896.73613000,0
1777750200000000,84.22000000,84.28000000,84.19000000,84.22000000,7565.42100000,1777751999999999,637237.23237000,3203,4220.32400000,355493.01423000,0
1777752000000000,84.23000000,84.23000000,84.16000000,84.17000000,6079.46800000,1777753799999999,511775.66416000,3123,4339.41400000,365307.67409000,0
1777753800000000,84.18000000,84.22000000,84.09000000,84.18000000,14672.93200000,1777755599999999,1234950.68733000,6501,7474.58100000,629148.40201000,0
1777755600000000,84.19000000,84.35000000,84.15000000,84.34000000,13400.08400000,1777757399999999,1128702.89847000,4798,6718.20100000,565984.41371000,0
1777757400000000,84.34000000,84.97000000,84.34000000,84.55000000,90288.99200000,1777759199999999,7645178.12520000,23682,54717.81500000,4632662.22104000,0
1777759200000000,84.55000000,84.64000000,84.07000000,84.23000000,41656.13200000,1777760999999999,3511845.11856000,10163,22411.80000000,1889160.69584000,0
1777761000000000,84.24000000,84.55000000,84.19000000,84.46000000,25923.75500000,1777762799999999,2186952.34996000,6480,13645.94600000,1151075.15411000,0
1777762800000000,84.45000000,84.49000000,84.30000000,84.48000000,30394.72400000,1777764599999999,2563996.17691000,5017,24570.70100000,2072630.34197000,0
1777764600000000,84.48000000,84.51000000,84.22000000,84.26000000,48320.19600000,1777766399999999,4076663.38388000,5971,14083.53400000,1187851.21136000,0
1777766400000000,84.26000000,84.31000000,83.83000000,84.13000000,72352.21900000,1777768199999999,6078885.08794000,13565,40271.75400000,3384077.75615000,0
1777768200000000,84.13000000,84.19000000,83.94000000,84.08000000,28986.12600000,1777769999999999,2436673.06991000,9462,20636.23100000,1734700.72600000,0
1777770000000000,84.08000000,84.08000000,83.78000000,83.87000000,27337.57100000,1777771799999999,2294147.72890000,8998,14017.62900000,1176360.54545000,0
1777771800000000,83.86000000,83.87000000,83.72000000,83.75000000,31172.50600000,1777773599999999,2611384.24186000,9637,18469.12100000,1547246.30046000,0
1777773600000000,83.74000000,83.81000000,83.61000000,83.61000000,35995.24900000,1777775399999999,3013024.08074000,9052,17964.43600000,1503815.46056000,0
1777775400000000,83.62000000,83.72000000,83.60000000,83.66000000,16443.14000000,1777777199999999,1375608.14005000,4616,9141.59500000,764777.85966000,0
1777777200000000,83.66000000,83.67000000,83.58000000,83.63000000,18172.18900000,1777778999999999,1519542.50919000,3637,4758.15700000,397875.69761000,0
1777779000000000,83.63000000,83.74000000,83.58000000,83.67000000,16443.03600000,1777780799999999,1375718.97580000,3640,5358.97500000,448393.27738000,0
1777780800000000,83.66000000,83.69000000,83.58000000,83.68000000,18253.66700000,1777782599999999,1526768.94311000,5509,11080.85600000,926880.43669000,0
1777782600000000,83.68000000,83.76000000,83.67000000,83.70000000,14364.04200000,1777784399999999,1202318.20223000,4679,10005.39600000,837489.74929000,0
1777784400000000,83.70000000,83.86000000,83.69000000,83.76000000,11613.92800000,1777786199999999,973181.89651000,3968,7455.64900000,624751.55374000,0
1777786200000000,83.77000000,83.80000000,83.67000000,83.76000000,10147.77700000,1777787999999999,849766.78823000,3777,3438.27100000,287928.75883000,0
1777788000000000,83.75000000,83.76000000,83.60000000,83.63000000,7964.02900000,1777789799999999,666431.08994000,3405,3586.16800000,300071.07002000,0
1777789800000000,83.62000000,83.88000000,83.62000000,83.76000000,10813.96800000,1777791599999999,905587.57039000,3456,6549.82200000,548426.46777000,0
1777791600000000,83.76000000,83.98000000,83.75000000,83.93000000,19662.05600000,1777793399999999,1649969.87729000,5119,13130.30200000,1101813.13162000,0
1777793400000000,83.92000000,84.02000000,83.86000000,83.88000000,45196.13300000,1777795199999999,3794714.02464000,11018,16359.61500000,1373782.93816000,0
1777795200000000,83.88000000,84.03000000,83.84000000,83.86000000,14584.48600000,1777796999999999,1224467.79960000,6368,5932.53100000,498073.68591000,0
1777797000000000,83.87000000,83.96000000,83.83000000,83.90000000,8044.98800000,1777798799999999,674922.05323000,2624,4367.89700000,366469.59043000,0
1777798800000000,83.89000000,84.05000000,83.88000000,84.02000000,14315.08600000,1777800599999999,1201812.64174000,4485,8565.35000000,719136.16710000,0
1777800600000000,84.03000000,84.11000000,83.91000000,84.06000000,27498.80300000,1777802399999999,2310964.20243000,8151,12866.14800000,1081206.22501000,0
1777802400000000,84.06000000,84.06000000,83.92000000,83.96000000,15624.14900000,1777804199999999,1312492.52792000,6308,3717.81900000,312265.98943000,0
1777804200000000,83.96000000,84.04000000,83.82000000,83.83000000,13935.17600000,1777805999999999,1169736.77170000,5016,5264.05900000,441762.69321000,0
1777806000000000,83.82000000,83.97000000,83.75000000,83.88000000,26797.53500000,1777807799999999,2247033.98961000,4491,14477.94400000,1213981.69089000,0
1777807800000000,83.87000000,84.20000000,83.87000000,83.96000000,42537.84800000,1777809599999999,3575427.76710000,8505,27367.87100000,2300542.71284000,0
1777809600000000,83.96000000,84.24000000,83.95000000,84.15000000,27997.97700000,1777811399999999,2355174.80755000,8537,12818.74800000,1078261.04608000,0
1777811400000000,84.14000000,84.18000000,84.08000000,84.11000000,20347.23500000,1777813199999999,1711762.41679000,7553,7724.62400000,649907.51797000,0
1777813200000000,84.11000000,84.22000000,84.04000000,84.09000000,17059.42400000,1777814999999999,1435279.97306000,6506,8683.42700000,730545.39230000,0
1777815000000000,84.08000000,84.15000000,83.99000000,84.10000000,14501.27100000,1777816799999999,1219155.78139000,4673,9201.01000000,773530.28858000,0
1777816800000000,84.10000000,84.33000000,84.10000000,84.27000000,34901.07400000,1777818599999999,2939500.92055000,8011,22224.67700000,1871833.83374000,0
1777818600000000,84.28000000,84.45000000,84.26000000,84.37000000,30097.61100000,1777820399999999,2538716.06137000,10161,13445.48000000,1134182.50556000,0
1777820400000000,84.37000000,84.44000000,84.22000000,84.34000000,32086.48400000,1777822199999999,2705812.27625000,6769,14408.45700000,1215171.64712000,0
1777822200000000,84.34000000,84.40000000,84.11000000,84.16000000,22477.60200000,1777823999999999,1892306.43390000,6349,12339.41700000,1038632.52829000,0
1777824000000000,84.16000000,84.22000000,84.01000000,84.16000000,22261.53500000,1777825799999999,1872184.57362000,6533,9672.94000000,813418.60831000,0
1777825800000000,84.15000000,84.29000000,84.13000000,84.14000000,8743.53500000,1777827599999999,736088.02537000,4088,4645.13000000,391073.85269000,0
1777827600000000,84.15000000,84.31000000,84.00000000,84.24000000,17209.94100000,1777829399999999,1448322.53631000,6902,9379.50500000,789191.32938000,0
1777829400000000,84.24000000,84.33000000,84.18000000,84.20000000,13215.77300000,1777831199999999,1113419.37394000,4485,5447.48000000,458977.49567000,0
1777831200000000,84.20000000,84.26000000,84.11000000,84.21000000,10892.93400000,1777832999999999,916902.83121000,4932,6139.89000000,516822.02827000,0
1777833000000000,84.22000000,84.32000000,84.15000000,84.26000000,17312.56500000,1777834799999999,1458527.03932000,5275,11188.39400000,942607.74705000,0
1777834800000000,84.26000000,84.34000000,84.24000000,84.30000000,14346.91100000,1777836599999999,1209081.38543000,4658,6078.10600000,512237.70157000,0
1777836600000000,84.30000000,84.50000000,84.29000000,84.38000000,16440.98100000,1777838399999999,1387753.13971000,5392,7361.15800000,621332.08957000,0
1777838400000000,84.37000000,84.58000000,84.33000000,84.50000000,23162.80600000,1777840199999999,1955980.18010000,6081,11328.90600000,956764.10574000,0
1777840200000000,84.50000000,84.73000000,84.25000000,84.34000000,45127.20600000,1777841999999999,3814632.48959000,10605,20399.51700000,1724772.19654000,0
1777842000000000,84.34000000,84.46000000,84.26000000,84.32000000,26066.71000000,1777843799999999,2199363.83359000,4875,9291.89500000,783829.25528000,0
1777843800000000,84.32000000,84.40000000,83.88000000,84.14000000,43162.79300000,1777845599999999,3631396.15893000,12267,20641.61200000,1736816.92896000,0
1777845600000000,84.14000000,84.97000000,84.14000000,84.58000000,107422.77700000,1777847399999999,9090270.00008000,23801,57095.56600000,4833177.76504000,0
1777847400000000,84.58000000,84.86000000,84.46000000,84.68000000,51373.17100000,1777849199999999,4350040.66004000,9300,24496.15800000,2074401.12866000,0
1777849200000000,84.67000000,84.79000000,83.99000000,84.07000000,42985.66900000,1777850999999999,3629503.93386000,11498,17060.52800000,1441076.44756000,0
1777851000000000,84.07000000,84.16000000,83.87000000,83.91000000,61197.83000000,1777852799999999,5139104.38348000,12656,41035.05400000,3445588.90954000,0
1777852800000000,83.91000000,83.91000000,83.35000000,83.44000000,106709.87400000,1777854599999999,8924047.86048000,23369,54179.85200000,4530179.41824000,0
1777854600000000,83.44000000,83.83000000,83.38000000,83.78000000,58889.65100000,1777856399999999,4917052.18074000,15733,45236.49600000,3777067.72893000,0
1777856400000000,83.78000000,83.90000000,83.43000000,83.58000000,55545.04500000,1777858199999999,4643276.29435000,11813,25913.37500000,2165847.74595000,0
1777858200000000,83.58000000,84.93000000,83.57000000,84.77000000,135644.88400000,1777859999999999,11451948.38783000,34739,71118.56700000,6003570.92274000,0
1777860000000000,84.77000000,85.25000000,84.74000000,85.05000000,274163.82300000,1777861799999999,23311442.20727000,42825,125019.53200000,10631907.43994000,0
1777861800000000,85.05000000,85.67000000,85.05000000,85.26000000,202453.64500000,1777863599999999,17296172.73155000,32515,115141.70300000,9837475.62460000,0
1777863600000000,85.26000000,85.58000000,85.21000000,85.30000000,70340.65900000,1777865399999999,6007330.53051000,15177,37619.66900000,3213546.28037000,0
1777865400000000,85.31000000,85.42000000,85.11000000,85.41000000,44949.96600000,1777867199999999,3833559.35823000,8876,21089.27900000,1798740.49356000,0
1777867200000000,85.40000000,85.80000000,85.38000000,85.70000000,92410.73200000,1777868999999999,7906879.58842000,17052,46768.87600000,4001494.22163000,0
1777869000000000,85.69000000,85.90000000,85.69000000,85.76000000,68493.15100000,1777870799999999,5876613.79338000,10943,36293.52800000,3113993.81727000,0
1777870800000000,85.77000000,85.80000000,85.28000000,85.41000000,118843.48000000,1777872599999999,10163450.30085000,15691,38482.94200000,3292384.98411000,0
1777872600000000,85.42000000,85.51000000,85.35000000,85.38000000,54916.87600000,1777874399999999,4690808.52292000,8466,17791.63000000,1519674.04351000,0
1777874400000000,85.39000000,85.41000000,84.51000000,84.80000000,119044.87600000,1777876199999999,10129643.47537000,19024,52560.78300000,4474477.40391000,0
1777876200000000,84.81000000,85.02000000,84.59000000,84.88000000,71337.65500000,1777877999999999,6049350.48808000,12125,37300.39900000,3162769.16256000,0
1777878000000000,84.88000000,85.01000000,84.80000000,84.86000000,24677.81900000,1777879799999999,2095637.08734000,6797,10398.42900000,882998.99419000,0
1777879800000000,84.86000000,85.00000000,84.68000000,84.87000000,22015.65900000,1777881599999999,1867551.68229000,5516,10566.17100000,896353.04518000,0
1777881600000000,84.87000000,84.87000000,84.62000000,84.82000000,32018.61400000,1777883399999999,2713715.14240000,8333,17035.47800000,1443794.21288000,0
1777883400000000,84.82000000,84.91000000,84.71000000,84.77000000,17859.16800000,1777885199999999,1514758.53199000,5649,7989.14500000,677726.26885000,0
1777885200000000,84.77000000,84.93000000,84.68000000,84.83000000,30671.66200000,1777886999999999,2600495.01671000,7204,21969.25700000,1862617.90342000,0
1777887000000000,84.83000000,85.20000000,84.79000000,85.03000000,42814.59200000,1777888799999999,3641637.04590000,8387,20655.65400000,1757211.48336000,0
1777888800000000,85.04000000,85.07000000,83.23000000,83.55000000,306854.59000000,1777890599999999,25706476.32498000,70809,115366.21500000,9662889.49182000,0
1777890600000000,83.54000000,84.20000000,83.40000000,84.04000000,138254.51600000,1777892399999999,11603964.12397000,26039,81085.76200000,6804075.89384000,0
1777892400000000,84.04000000,84.15000000,83.90000000,83.91000000,40707.20600000,1777894199999999,3420553.97682000,11081,18918.18200000,1589715.24946000,0
1777894200000000,83.91000000,84.08000000,83.83000000,83.95000000,42130.33300000,1777895999999999,3536229.01507000,9728,22440.17900000,1883673.47148000,0
1777896000000000,83.96000000,84.16000000,83.85000000,84.08000000,34815.02000000,1777897799999999,2924168.38627000,9264,19084.98600000,1603357.36966000,0
1777897800000000,84.08000000,84.10000000,83.88000000,83.90000000,27721.12600000,1777899599999999,2328898.12133000,7046,14854.36900000,1247975.18469000,0
1777899600000000,83.89000000,84.20000000,83.59000000,84.13000000,61926.52200000,1777901399999999,5195768.44060000,16546,33949.91200000,2848975.63788000,0
1777901400000000,84.13000000,84.34000000,83.90000000,84.00000000,47823.60500000,1777903199999999,4024872.74944000,15959,22080.05500000,1858504.70582000,0
1777903200000000,84.00000000,84.71000000,83.78000000,84.46000000,69956.97800000,1777904999999999,5894742.95826000,21996,32353.27600000,2727949.22803000,0
1777905000000000,84.46000000,85.32000000,84.44000000,84.99000000,163656.65300000,1777906799999999,13906763.91048000,32652,83114.51100000,7062022.26327000,0
1777906800000000,84.99000000,85.18000000,83.99000000,84.48000000,209320.56600000,1777908599999999,17717656.43304000,43336,94844.08000000,8027333.10186000,0
1777908600000000,84.48000000,84.63000000,84.07000000,84.47000000,90500.19000000,1777910399999999,7637150.33212000,24998,49719.95300000,4196488.43253000,0
1777910400000000,84.47000000,84.80000000,83.98000000,84.55000000,95009.69700000,1777912199999999,8010073.50277000,29765,41295.32400000,3484910.55070000,0
1777912200000000,84.56000000,84.72000000,84.41000000,84.49000000,44016.90200000,1777913999999999,3722339.31580000,12761,22902.65900000,1937141.77889000,0
1777914000000000,84.48000000,85.00000000,84.48000000,84.90000000,57210.22400000,1777915799999999,4853291.40547000,15744,35104.62600000,2977785.92428000,0
1777915800000000,84.90000000,85.19000000,84.67000000,84.93000000,92573.85100000,1777917599999999,7864042.56478000,15715,36897.04800000,3133905.23622000,0
1777917600000000,84.94000000,85.04000000,84.72000000,84.82000000,42292.40600000,1777919399999999,3590125.52053000,12061,22809.56000000,1936421.35727000,0
1777919400000000,84.82000000,84.86000000,84.58000000,84.74000000,20316.33900000,1777921199999999,1720975.39606000,6978,8939.71400000,757287.73161000,0
1777921200000000,84.74000000,84.76000000,84.41000000,84.49000000,19965.83500000,1777922999999999,1688648.72554000,10408,7214.68400000,610320.01649000,0
1777923000000000,84.49000000,84.52000000,84.36000000,84.44000000,23297.15900000,1777924799999999,1967053.31453000,8110,10362.19700000,874923.76927000,0
1777924800000000,84.45000000,84.47000000,84.14000000,84.25000000,18200.38000000,1777926599999999,1534103.19438000,7183,6633.79100000,559096.83962000,0
1777926600000000,84.24000000,84.25000000,84.06000000,84.09000000,26486.89200000,1777928399999999,2228293.29315000,5783,15374.95700000,1293489.43143000,0
1777928400000000,84.09000000,84.37000000,84.08000000,84.34000000,20936.38700000,1777930199999999,1762941.54345000,5439,12113.53600000,1019938.12403000,0
1777930200000000,84.34000000,84.51000000,84.33000000,84.43000000,16717.37500000,1777931999999999,1411488.54169000,5357,10181.23100000,859637.91227000,0
1777932000000000,84.42000000,84.56000000,84.29000000,84.33000000,39601.02200000,1777933799999999,3344377.56228000,7173,23557.00400000,1989892.78418000,0
1777933800000000,84.33000000,84.34000000,84.18000000,84.22000000,30334.74900000,1777935599999999,2555649.02167000,5885,13469.70900000,1134768.52252000,0
1777935600000000,84.22000000,84.23000000,84.07000000,84.22000000,27980.60100000,1777937399999999,2353964.53327000,5180,12794.43700000,1076362.94525000,0
1777937400000000,84.22000000,84.22000000,84.02000000,84.10000000,16898.26300000,1777939199999999,1421092.86417000,4710,7786.04600000,654775.25536000,0
1777939200000000,84.11000000,84.21000000,84.04000000,84.05000000,20968.15200000,1777940999999999,1764045.00687000,5300,11842.90100000,996478.86717000,0
1777941000000000,84.06000000,84.38000000,84.06000000,84.33000000,30822.24600000,1777942799999999,2596523.50221000,7156,18146.59900000,1528784.12640000,0
1777942800000000,84.33000000,84.41000000,84.14000000,84.34000000,27441.96300000,1777944599999999,2313497.75160000,6390,14835.99500000,1250752.34256000,0
1777944600000000,84.35000000,84.47000000,84.20000000,84.41000000,22193.68700000,1777946399999999,1872404.87311000,5669,13827.60900000,1166654.47555000,0
1777946400000000,84.41000000,84.68000000,84.34000000,84.54000000,30054.53000000,1777948199999999,2540916.27331000,6877,19824.56500000,1676182.85524000,0
1777948200000000,84.54000000,84.80000000,84.42000000,84.51000000,40464.28400000,1777949999999999,3424124.42685000,8341,19648.27600000,1663196.83815000,0
1777950000000000,84.51000000,84.75000000,84.41000000,84.71000000,30260.13800000,1777951799999999,2560672.01596000,7282,15057.67400000,1274390.96414000,0
1777951800000000,84.70000000,84.97000000,84.66000000,84.78000000,55765.46800000,1777953599999999,4729428.22302000,11244,30976.40800000,2627503.74044000,0
1777953600000000,84.77000000,84.90000000,84.60000000,84.69000000,78572.41500000,1777955399999999,6660295.21437000,9956,41645.13500000,3530172.51526000,0
1777955400000000,84.69000000,84.88000000,84.59000000,84.78000000,23473.17400000,1777957199999999,1988944.36515000,5133,14443.08800000,1223905.40156000,0
1777957200000000,84.78000000,85.01000000,84.72000000,84.94000000,47278.55000000,1777958999999999,4013036.94422000,8610,29845.09200000,2533577.92452000,0
1777959000000000,84.94000000,85.12000000,84.85000000,84.92000000,120938.07300000,1777960799999999,10280132.20718000,14009,51605.70000000,4387085.10194000,0
1777960800000000,84.93000000,84.98000000,84.58000000,84.63000000,29963.11300000,1777962599999999,2539832.57316000,6725,14882.42400000,1261677.39749000,0
1777962600000000,84.62000000,85.00000000,84.54000000,84.98000000,68882.87800000,1777964399999999,5836363.88867000,8793,40381.14500000,3423034.64499000,0
1777964400000000,84.99000000,85.03000000,84.78000000,84.93000000,53971.38400000,1777966199999999,4581882.57368000,8889,28578.06600000,2426533.13413000,0
1777966200000000,84.94000000,85.06000000,84.86000000,84.87000000,42630.30800000,1777967999999999,3622664.77347000,6553,14620.12200000,1242236.67046000,0
1777968000000000,84.88000000,84.91000000,84.73000000,84.79000000,22530.97700000,1777969799999999,1911573.78475000,4853,12063.72100000,1023577.31097000,0
1777969800000000,84.80000000,84.85000000,84.69000000,84.78000000,22586.12700000,1777971599999999,1914500.02384000,5734,14512.64700000,1230248.26890000,0
1777971600000000,84.79000000,84.80000000,84.51000000,84.58000000,37250.52500000,1777973399999999,3151416.65778000,7469,15327.09800000,1296828.45780000,0
1777973400000000,84.57000000,84.66000000,84.45000000,84.53000000,32749.37100000,1777975199999999,2768225.32053000,7248,22593.62100000,1909765.54172000,0
1777975200000000,84.54000000,84.82000000,84.43000000,84.79000000,32778.99400000,1777976999999999,2773634.90155000,6252,18781.72200000,1589329.80766000,0
1777977000000000,84.79000000,84.93000000,84.76000000,84.90000000,25571.44000000,1777978799999999,2169686.98918000,5636,15258.68500000,1294778.65231000,0
1777978800000000,84.90000000,84.93000000,84.70000000,84.85000000,32163.78600000,1777980599999999,2729339.44362000,8817,13936.56700000,1182524.33946000,0
1777980600000000,84.86000000,85.01000000,84.81000000,84.97000000,29939.81000000,1777982399999999,2542781.21299000,5589,16754.89100000,1423130.35364000,0
1777982400000000,84.97000000,85.26000000,84.90000000,85.22000000,39128.16000000,1777984199999999,3329216.70869000,9854,23922.27000000,2035577.78761000,0
1777984200000000,85.22000000,85.35000000,85.14000000,85.31000000,53246.40300000,1777985999999999,4539623.82971000,8793,31305.58200000,2669178.96377000,0
1777986000000000,85.31000000,86.10000000,85.31000000,85.70000000,246455.68000000,1777987799999999,21154407.25755000,35711,162429.90500000,13941837.38932000,0
1777987800000000,85.69000000,85.97000000,85.40000000,85.63000000,106066.22700000,1777989599999999,9082895.89126000,24306,50234.41300000,4301597.76230000,0
1777989600000000,85.63000000,85.75000000,85.19000000,85.58000000,87266.32500000,1777991399999999,7459646.10610000,25214,42815.75500000,3661388.05963000,0
1777991400000000,85.58000000,85.70000000,85.19000000,85.48000000,34418.44100000,1777993199999999,2939668.84917000,12639,15024.07100000,1283306.94608000,0
1777993200000000,85.47000000,85.88000000,85.35000000,85.69000000,59430.49000000,1777994999999999,5090368.42344000,14964,30230.02600000,2589590.16970000,0
1777995000000000,85.70000000,85.78000000,85.47000000,85.50000000,37666.86000000,1777996799999999,3224727.12275000,10242,15232.06800000,1304037.87861000,0
1777996800000000,85.50000000,85.70000000,85.36000000,85.47000000,48799.71000000,1777998599999999,4176277.70165000,10486,26253.21400000,2247086.75352000,0
1777998600000000,85.46000000,85.46000000,85.00000000,85.31000000,73249.63700000,1778000399999999,6241519.22841000,13499,24694.64100000,2105084.15603000,0
1778000400000000,85.32000000,85.53000000,85.12000000,85.41000000,16382.13000000,1778002199999999,1398219.95616000,8000,8312.64900000,709598.76909000,0
1778002200000000,85.40000000,85.49000000,85.31000000,85.45000000,11371.17700000,1778003999999999,971161.89714000,5724,6555.69100000,559956.06779000,0
1778004000000000,85.46000000,85.82000000,85.43000000,85.71000000,31291.23700000,1778005799999999,2680891.55243000,8972,18682.33000000,1600683.85289000,0
1778005800000000,85.70000000,85.88000000,85.58000000,85.87000000,48105.43500000,1778007599999999,4126120.20119000,6240,19504.70000000,1673023.04437000,0
1778007600000000,85.87000000,86.37000000,85.80000000,86.25000000,74252.03600000,1778009399999999,6390571.13475000,14547,46127.46000000,3970517.12214000,0
1778009400000000,86.24000000,86.56000000,86.18000000,86.49000000,113391.27700000,1778011199999999,9795377.61107000,21789,46512.23600000,4018641.00626000,0
1778011200000000,86.49000000,86.76000000,86.42000000,86.60000000,79077.61200000,1778012999999999,6849585.56910000,18465,41810.27400000,3621795.47122000,0
1778013000000000,86.61000000,86.90000000,86.57000000,86.64000000,46417.78000000,1778014799999999,4025418.72428000,10939,26555.71600000,2303351.54426000,0
1778014800000000,86.65000000,86.93000000,86.44000000,86.58000000,75830.25800000,1778016599999999,6571492.25791000,14942,40056.71200000,3471789.46513000,0
1778016600000000,86.58000000,86.72000000,86.26000000,86.72000000,43749.53800000,1778018399999999,3783446.17265000,13878,23321.34000000,2017373.43417000,0
1778018400000000,86.71000000,86.98000000,86.56000000,86.81000000,50386.63800000,1778020199999999,4371934.85800000,13812,28761.09100000,2495813.44607000,0
1778020200000000,86.80000000,86.82000000,86.20000000,86.58000000,81955.88100000,1778021999999999,7090094.06834000,21686,32543.04900000,2815583.18922000,0
1778022000000000,86.57000000,86.67000000,86.30000000,86.32000000,23455.50900000,1778023799999999,2028543.08794000,8367,9119.47600000,788936.27043000,0
1778023800000000,86.31000000,86.44000000,86.17000000,86.29000000,38242.29200000,1778025599999999,3301379.18260000,8970,21886.83700000,1889628.94740000,0
1778025600000000,86.29000000,86.50000000,86.10000000,86.15000000,56183.49000000,1778027399999999,4850707.04065000,12868,34713.40100000,2997265.75096000,0
1778027400000000,86.15000000,86.55000000,86.12000000,86.38000000,48427.91700000,1778029199999999,4180080.92675000,12052,29203.10600000,2521134.15841000,0
1778029200000000,86.38000000,86.88000000,86.31000000,86.76000000,43570.91700000,1778030999999999,3775835.08248000,10419,26554.49300000,2300858.00202000,0
1778031000000000,86.77000000,87.00000000,86.75000000,86.86000000,31852.36100000,1778032799999999,2767116.70943000,9561,17673.93700000,1535529.53497000,0
1778032800000000,86.86000000,86.89000000,86.57000000,86.57000000,40075.41200000,1778034599999999,3478022.04011000,8395,23099.69600000,2005433.57868000,0
1778034600000000,86.58000000,86.93000000,86.39000000,86.88000000,30525.41800000,1778036399999999,2645484.81354000,8540,20054.79100000,1738926.10157000,0
1778036400000000,86.89000000,87.45000000,86.88000000,87.21000000,109261.79200000,1778038199999999,9521053.77461000,21104,76307.96400000,6649831.32339000,0
1778038200000000,87.22000000,87.51000000,87.20000000,87.33000000,98152.68500000,1778039999999999,8576476.90933000,11501,42509.63300000,3714363.75936000,0
1778040000000000,87.34000000,87.43000000,87.04000000,87.04000000,44381.20500000,1778041799999999,3873407.79627000,9827,21101.47000000,1842067.54909000,0
1778041800000000,87.05000000,87.06000000,86.67000000,86.81000000,52696.00600000,1778043599999999,4579445.85153000,11930,25272.91600000,2196336.71927000,0
1778043600000000,86.80000000,87.06000000,86.75000000,87.03000000,31268.75300000,1778045399999999,2717351.81455000,8158,17856.04000000,1552284.33325000,0
1778045400000000,87.03000000,87.46000000,86.91000000,87.41000000,108496.74200000,1778047199999999,9459820.12242000,15633,59208.30500000,5162739.72674000,0
1778047200000000,87.40000000,87.54000000,87.17000000,87.25000000,53009.80600000,1778048999999999,4630608.35435000,10588,28537.57900000,2493054.72816000,0
1778049000000000,87.26000000,87.54000000,87.17000000,87.49000000,44192.28700000,1778050799999999,3862651.79861000,9766,27718.59900000,2423045.03202000,0
1778050800000000,87.49000000,87.89000000,87.46000000,87.76000000,56406.11000000,1778052599999999,4944268.38338000,13793,34358.01900000,3011736.13283000,0
1778052600000000,87.75000000,87.84000000,87.59000000,87.70000000,38758.50500000,1778054399999999,3400646.31150000,8630,23089.85800000,2025802.98659000,0
1778054400000000,87.71000000,87.99000000,87.64000000,87.87000000,75453.63100000,1778056199999999,6629817.03389000,10949,27975.48100000,2458525.73267000,0
1778056200000000,87.88000000,89.22000000,87.87000000,89.02000000,252219.59900000,1778057999999999,22351450.99795000,45728,165018.73900000,14620124.31684000,0
1778058000000000,89.02000000,89.07000000,88.59000000,88.81000000,131712.62600000,1778059799999999,11695645.51583000,22646,83515.43500000,7415558.87024000,0
1778059800000000,88.82000000,89.54000000,88.78000000,89.48000000,183728.84900000,1778061599999999,16385608.80467000,32364,105748.37800000,9432054.89131000,0
1778061600000000,89.48000000,89.69000000,89.21000000,89.52000000,128982.99100000,1778063399999999,11541490.88293000,22825,64479.25400000,5770700.68022000,0
1778063400000000,89.52000000,89.69000000,89.36000000,89.38000000,71179.05500000,1778065199999999,6372647.59018000,15348,34115.13300000,3054364.87790000,0
1778065200000000,89.38000000,90.03000000,89.31000000,89.60000000,107783.65400000,1778066999999999,9670614.59307000,23004,69971.72300000,6279415.58206000,0
1778067000000000,89.59000000,89.87000000,89.47000000,89.87000000,75104.69300000,1778068799999999,6735015.44468000,16607,40265.47400000,3611218.72823000,0
1778068800000000,89.87000000,89.97000000,89.50000000,89.63000000,99811.55300000,1778070599999999,8951810.53575000,22320,52096.39100000,4672421.26262000,0
1778070600000000,89.64000000,89.90000000,89.55000000,89.66000000,70620.31600000,1778072399999999,6337604.96350000,13470,34983.89100000,3139255.68832000,0
1778072400000000,89.66000000,89.66000000,88.37000000,88.51000000,223529.42800000,1778074199999999,19875264.35539000,50900,75446.65300000,6706969.87677000,0
1778074200000000,88.51000000,88.81000000,88.07000000,88.33000000,144915.82500000,1778075999999999,12816853.49505000,50831,59934.84200000,5302155.92336000,0
1778076000000000,88.33000000,88.47000000,87.47000000,88.18000000,216041.95700000,1778077799999999,18996387.84163000,47741,96352.07600000,8471984.73886000,0
1778077800000000,88.18000000,88.85000000,88.18000000,88.40000000,61028.52600000,1778079599999999,5402566.92618000,20433,33664.29600000,2980439.06611000,0
1778079600000000,88.40000000,88.97000000,88.30000000,88.76000000,67840.93400000,1778081399999999,6016282.27208000,18243,36912.75100000,3274174.80238000,0
1778081400000000,88.76000000,89.06000000,88.55000000,88.97000000,56107.30400000,1778083199999999,4984372.27372000,14922,33897.49200000,3011827.71933000,0
1778083200000000,88.97000000,89.20000000,88.64000000,88.71000000,63953.46000000,1778084999999999,5686246.10971000,17196,29798.97200000,2649932.05953000,0
1778085000000000,88.72000000,89.51000000,88.59000000,89.18000000,68129.75000000,1778086799999999,6071157.43407000,19616,42314.89800000,3770592.79790000,0
1778086800000000,89.18000000,89.44000000,88.90000000,89.03000000,51977.80000000,1778088599999999,4632741.05848000,14616,21221.88800000,1892000.78961000,0
1778088600000000,89.02000000,89.08000000,88.53000000,88.83000000,55162.14800000,1778090399999999,4900541.90481000,13062,21165.47300000,1880374.51642000,0
1778090400000000,88.83000000,88.96000000,88.50000000,88.86000000,33185.96900000,1778092199999999,2946102.34545000,13306,17536.87100000,1556997.32204000,0
1778092200000000,88.85000000,89.15000000,88.60000000,88.99000000,35932.35800000,1778093999999999,3194270.08336000,12248,19890.99400000,1768461.34621000,0
1778094000000000,88.98000000,89.27000000,88.92000000,89.08000000,27646.02000000,1778095799999999,2462794.72444000,11627,15611.93100000,1391048.13242000,0
1778095800000000,89.09000000,89.32000000,88.90000000,89.27000000,29998.00800000,1778097599999999,2673845.01356000,10096,18816.38000000,1677440.73623000,0
1778097600000000,89.27000000,89.62000000,89.22000000,89.41000000,28369.97700000,1778099399999999,2538202.70484000,10574,16595.94500000,1484792.15150000,0
1778099400000000,89.42000000,89.47000000,88.92000000,89.19000000,41949.10900000,1778101199999999,3740425.17935000,10874,21671.39000000,1932738.61408000,0
1778101200000000,89.19000000,89.43000000,89.07000000,89.41000000,49884.60300000,1778102999999999,4455534.02750000,10062,17196.18200000,1535713.22069000,0
1778103000000000,89.42000000,89.60000000,89.30000000,89.47000000,36432.70100000,1778104799999999,3260810.42873000,11058,15963.41300000,1428806.37377000,0
1778104800000000,89.48000000,89.57000000,89.06000000,89.07000000,30414.25500000,1778106599999999,2717308.58980000,10500,16506.16400000,1475154.69863000,0
1778106600000000,89.07000000,89.25000000,89.01000000,89.07000000,19053.74900000,1778108399999999,1698145.50525000,6191,7382.02400000,657956.44561000,0
1778108400000000,89.07000000,89.17000000,88.65000000,89.15000000,36959.28600000,1778110199999999,3286321.73690000,11851,14755.22500000,1312309.99100000,0
1778110200000000,89.15000000,89.18000000,89.00000000,89.16000000,20886.49000000,1778111999999999,1860905.76907000,5696,12166.66700000,1083986.60406000,0
1778112000000000,89.16000000,89.27000000,88.65000000,88.66000000,33203.14100000,1778113799999999,2953841.07750000,11894,16441.04900000,1462892.88282000,0
1778113800000000,88.66000000,88.70000000,88.21000000,88.32000000,71424.77600000,1778115599999999,6317494.53507000,20055,31897.08400000,2821576.96122000,0
1778115600000000,88.32000000,88.42000000,87.90000000,88.39000000,56235.06200000,1778117399999999,4959333.43227000,24473,28894.42600000,2548507.72916000,0
1778117400000000,88.40000000,88.53000000,88.08000000,88.31000000,32678.79000000,1778119199999999,2885959.83109000,13726,17958.77500000,1585851.12359000,0
1778119200000000,88.31000000,88.37000000,87.86000000,87.93000000,34023.74900000,1778120999999999,2995635.41553000,16479,15389.51800000,1354908.98233000,0
1778121000000000,87.93000000,88.20000000,87.80000000,88.15000000,34101.88400000,1778122799999999,3001403.58684000,11186,18960.06800000,1668865.12035000,0
1778122800000000,88.14000000,88.15000000,87.63000000,87.89000000,44791.26600000,1778124599999999,3934928.40126000,12053,19978.16300000,1755092.33030000,0
1778124600000000,87.89000000,88.04000000,87.67000000,87.75000000,28747.70500000,1778126399999999,2526048.06418000,10829,12983.90800000,1140989.89301000,0
1778126400000000,87.75000000,88.21000000,87.69000000,88.11000000,28410.39700000,1778128199999999,2498619.41281000,9717,14739.63000000,1296552.25035000,0
1778128200000000,88.11000000,88.38000000,87.96000000,88.36000000,40235.04700000,1778129999999999,3545484.13138000,8979,23616.64300000,2081230.56592000,0
1778130000000000,88.37000000,88.91000000,88.34000000,88.60000000,58590.74400000,1778131799999999,5191007.15638000,14051,33040.34500000,2927306.00438000,0
1778131800000000,88.60000000,88.68000000,88.32000000,88.65000000,63313.71700000,1778133599999999,5605014.52590000,11255,24616.22300000,2179567.27254000,0
1778133600000000,88.66000000,88.69000000,88.22000000,88.49000000,62031.34400000,1778135399999999,5486817.68686000,12900,32698.42000000,2892342.35587000,0
1778135400000000,88.50000000,89.28000000,88.49000000,89.27000000,68669.34800000,1778137199999999,6113169.13020000,16711,40237.33000000,3581961.00750000,0
1778137200000000,89.28000000,89.64000000,89.14000000,89.62000000,84678.80000000,1778138999999999,7569910.33050000,19076,48515.57500000,4338020.07281000,0
1778139000000000,89.62000000,90.44000000,89.61000000,90.16000000,172715.02300000,1778140799999999,15569736.47643000,33849,111804.02200000,10077950.80892000,0
1778140800000000,90.17000000,90.27000000,89.65000000,89.85000000,77452.79900000,1778142599999999,6968098.79242000,21663,39195.28300000,3527779.23593000,0
1778142600000000,89.84000000,89.98000000,89.48000000,89.58000000,64172.12700000,1778144399999999,5754335.27378000,18621,33011.88500000,2959941.03649000,0
1778144400000000,89.59000000,89.59000000,89.20000000,89.28000000,39462.56600000,1778146199999999,3528571.06693000,12832,15056.04600000,1346524.41902000,0
1778146200000000,89.28000000,89.60000000,89.24000000,89.46000000,63015.75600000,1778147999999999,5633501.67331000,16680,32171.49600000,2876187.31873000,0
1778148000000000,89.46000000,89.53000000,88.76000000,88.78000000,63219.39900000,1778149799999999,5638171.30705000,16767,26223.92600000,2340551.23576000,0
1778149800000000,88.78000000,89.23000000,88.77000000,89.17000000,50387.33700000,1778151599999999,4483733.17085000,11990,24706.68800000,2198764.96950000,0
1778151600000000,89.17000000,89.69000000,89.17000000,89.43000000,52618.32100000,1778153399999999,4708697.37397000,14217,37645.53300000,3369179.00443000,0
1778153400000000,89.44000000,89.64000000,89.28000000,89.57000000,53215.33300000,1778155199999999,4763745.06988000,13209,29348.84700000,2627382.86993000,0
1778155200000000,89.56000000,90.10000000,89.52000000,89.93000000,88196.25300000,1778156999999999,7925094.66972000,19238,51878.89900000,4662132.63322000,0
1778157000000000,89.93000000,90.00000000,89.65000000,89.77000000,67292.80300000,1778158799999999,6044615.08602000,15568,36381.84400000,3267807.44890000,0
1778158800000000,89.76000000,89.76000000,89.04000000,89.25000000,84023.63400000,1778160599999999,7509653.30721000,21102,49842.91400000,4455250.89114000,0
1778160600000000,89.25000000,89.25000000,88.38000000,88.68000000,192147.53400000,1778162399999999,17069761.47434000,52499,98184.72200000,8723295.63621000,0
1778162400000000,88.67000000,88.91000000,88.44000000,88.50000000,69137.32700000,1778164199999999,6126870.10906000,25085,38586.36500000,3420018.75342000,0
1778164200000000,88.50000000,88.55000000,87.83000000,88.15000000,157381.96200000,1778165999999999,13863456.74623000,36473,69947.90100000,6161734.03603000,0
1778166000000000,88.15000000,88.51000000,87.79000000,88.06000000,80372.09400000,1778167799999999,7082802.44422000,30317,32130.48200000,2832504.33114000,0
1778167800000000,88.07000000,88.58000000,88.02000000,88.32000000,49327.88300000,1778169599999999,4361109.30512000,16110,27179.89900000,2403741.62425000,0
1778169600000000,88.32000000,88.75000000,88.08000000,88.70000000,91088.39900000,1778171399999999,8045349.77996000,24215,36819.42500000,3254830.48420000,0
1778171400000000,88.69000000,88.79000000,88.30000000,88.43000000,57678.53500000,1778173199999999,5108375.82098000,16010,25186.52800000,2230461.84342000,0
1778173200000000,88.44000000,88.62000000,87.96000000,88.17000000,47712.16100000,1778174999999999,4215908.84211000,21508,19518.92000000,1725026.43488000,0
1778175000000000,88.17000000,88.86000000,88.13000000,88.80000000,36084.48000000,1778176799999999,3194078.95229000,18453,20393.88000000,1805320.75950000,0
1778176800000000,88.80000000,88.97000000,88.69000000,88.86000000,30088.22000000,1778178599999999,2674136.96776000,13617,16707.91300000,1485140.54187000,0
1778178600000000,88.86000000,89.05000000,88.24000000,88.58000000,66565.86600000,1778180399999999,5899053.54054000,20538,37977.86400000,3365047.64422000,0
1778180400000000,88.58000000,88.61000000,88.22000000,88.29000000,24187.73100000,1778182199999999,2138185.60076000,16193,9073.68100000,802092.97773000,0
1778182200000000,88.30000000,88.74000000,88.29000000,88.45000000,35357.24300000,1778183999999999,3128793.16256000,17069,17356.80700000,1535858.69617000,0
1778184000000000,88.45000000,88.88000000,88.37000000,88.56000000,31354.11500000,1778185799999999,2778003.43178000,12817,17319.10400000,1534391.95094000,0
1778185800000000,88.56000000,88.57000000,88.04000000,88.07000000,35892.62800000,1778187599999999,3167190.13440000,11321,15884.24800000,1401833.61111000,0
1778187600000000,88.07000000,88.17000000,87.67000000,88.14000000,63424.43400000,1778189399999999,5577145.72099000,14573,20597.54600000,1810560.77597000,0
1778189400000000,88.14000000,88.23000000,87.95000000,87.97000000,33212.74000000,1778191199999999,2925644.42385000,12356,12533.93500000,1104155.55351000,0
1778191200000000,87.97000000,88.22000000,87.68000000,88.02000000,107935.65400000,1778192999999999,9484789.49474000,18079,50436.69700000,4432956.13633000,0
1778193000000000,88.03000000,88.17000000,87.80000000,88.10000000,34287.69800000,1778194799999999,3016853.97772000,9038,13239.20000000,1164709.90009000,0
1778194800000000,88.09000000,88.36000000,88.06000000,88.24000000,18312.24400000,1778196599999999,1615392.65143000,7643,8756.51700000,772514.07328000,0
1778196600000000,88.25000000,88.48000000,88.18000000,88.42000000,13724.43200000,1778198399999999,1212763.12735000,6516,6681.47700000,590357.67242000,0
1778198400000000,88.43000000,88.65000000,88.38000000,88.41000000,25061.81200000,1778200199999999,2218353.74009000,8897,13946.84600000,1234328.35572000,0
1778200200000000,88.42000000,88.45000000,88.10000000,88.27000000,33832.38000000,1778201999999999,2985259.97689000,8105,9700.41400000,856092.73732000,0
1778202000000000,88.27000000,88.37000000,87.92000000,88.20000000,24006.07500000,1778203799999999,2114998.19066000,8351,12231.24800000,1077690.35484000,0
1778203800000000,88.21000000,88.30000000,88.12000000,88.13000000,17575.96400000,1778205599999999,1550202.49767000,7237,8813.57100000,777331.57105000,0
1778205600000000,88.14000000,88.16000000,87.60000000,87.90000000,54364.09300000,1778207399999999,4773872.60763000,17730,25666.18300000,2254123.93263000,0
1778207400000000,87.91000000,88.35000000,87.87000000,88.06000000,40215.28600000,1778209199999999,3544101.64667000,16138,24929.57400000,2196913.33220000,0
1778209200000000,88.06000000,88.28000000,87.63000000,88.21000000,50869.55300000,1778210999999999,4475282.55830000,17075,30445.98700000,2679644.98906000,0
1778211000000000,88.21000000,88.37000000,88.19000000,88.22000000,28183.85200000,1778212799999999,2488033.12748000,9683,15983.62700000,1410969.00170000,0
1778212800000000,88.23000000,88.37000000,88.21000000,88.32000000,21678.67000000,1778214599999999,1914137.17730000,9233,14001.41900000,1236258.81147000,0
1778214600000000,88.33000000,88.33000000,88.01000000,88.18000000,29360.98000000,1778216399999999,2588866.91482000,9669,17407.12800000,1534680.76644000,0
1778216400000000,88.17000000,88.36000000,88.07000000,88.28000000,30967.77600000,1778218199999999,2731271.66397000,8023,16787.95300000,1480515.70657000,0
1778218200000000,88.28000000,88.42000000,88.05000000,88.05000000,19186.89100000,1778219999999999,1693977.53575000,7792,8507.07800000,751295.46627000,0
1778220000000000,88.05000000,88.29000000,87.84000000,88.05000000,59494.56800000,1778221799999999,5239029.89543000,15647,26761.96500000,2357566.55925000,0
1778221800000000,88.05000000,88.13000000,87.83000000,88.05000000,24783.44700000,1778223599999999,2180827.76814000,8898,12244.65200000,1077508.62677000,0
1778223600000000,88.05000000,88.05000000,87.65000000,87.81000000,60368.92500000,1778225399999999,5300473.43017000,13190,22724.35700000,1995281.87088000,0
1778225400000000,87.81000000,88.23000000,87.80000000,88.22000000,94565.63200000,1778227199999999,8326469.76987000,19926,28373.14500000,2498920.29824000,0
1778227200000000,88.23000000,88.36000000,88.01000000,88.20000000,99770.93100000,1778228999999999,8800480.94001000,13010,58598.44700000,5168313.24816000,0
1778229000000000,88.21000000,88.63000000,88.19000000,88.38000000,74241.31800000,1778230799999999,6565752.10769000,12740,35976.87600000,3181288.04885000,0
1778230800000000,88.38000000,88.72000000,88.23000000,88.56000000,46134.42800000,1778232599999999,4084348.80773000,9916,23552.88500000,2085474.80058000,0
1778232600000000,88.57000000,88.62000000,88.32000000,88.44000000,28380.55000000,1778234399999999,2511173.72316000,9043,13873.92400000,1227690.37180000,0
1778234400000000,88.44000000,88.61000000,88.28000000,88.46000000,26526.99200000,1778236199999999,2346470.83206000,9685,14138.48300000,1250937.58799000,0
1778236200000000,88.46000000,89.10000000,88.45000000,88.63000000,69044.52200000,1778237999999999,6127272.44967000,12968,45915.77800000,4076207.70817000,0
1778238000000000,88.64000000,88.74000000,88.47000000,88.66000000,41659.06100000,1778239799999999,3691585.39849000,11624,18407.57600000,1631396.52235000,0
1778239800000000,88.66000000,88.70000000,88.50000000,88.64000000,21732.75500000,1778241599999999,1926228.39079000,7172,12223.18000000,1083447.02640000,0
1778241600000000,88.64000000,88.76000000,88.51000000,88.71000000,21354.48000000,1778243399999999,1892653.84268000,8037,9671.45100000,857101.68784000,0
1778243400000000,88.72000000,88.87000000,88.37000000,88.46000000,52128.60600000,1778245199999999,4619437.09073000,15340,17806.75200000,1577852.85676000,0
1778245200000000,88.47000000,88.56000000,88.17000000,88.29000000,53679.18400000,1778246999999999,4743886.85587000,15941,27499.58400000,2430200.59806000,0
1778247000000000,88.30000000,88.53000000,88.01000000,88.34000000,35725.59400000,1778248799999999,3154166.73632000,18466,20119.47100000,1776485.36672000,0
1778248800000000,88.34000000,89.38000000,88.34000000,89.05000000,71593.18800000,1778250599999999,6374417.56161000,28358,47029.19600000,4187282.07904000,0
1778250600000000,89.05000000,89.24000000,88.64000000,89.15000000,67444.52200000,1778252399999999,6005891.91559000,24353,30438.67700000,2710439.07320000,0
1778252400000000,89.16000000,89.29000000,88.43000000,88.59000000,51687.43500000,1778254199999999,4590373.53412000,24053,22832.51200000,2028078.14259000,0
1778254200000000,88.60000000,89.60000000,88.46000000,89.59000000,47256.85700000,1778255999999999,4216541.46451000,22418,31109.25100000,2775916.81106000,0
1778256000000000,89.60000000,89.79000000,89.34000000,89.60000000,59118.34400000,1778257799999999,5292806.85972000,19729,28030.55600000,2510123.14032000,0
1778257800000000,89.60000000,89.76000000,89.44000000,89.59000000,36849.88600000,1778259599999999,3302398.14454000,17088,19572.55800000,1754213.59876000,0
1778259600000000,89.60000000,90.34000000,89.56000000,90.32000000,118923.75100000,1778261399999999,10699605.88315000,23432,83561.60600000,7518151.89314000,0
1778261400000000,90.32000000,91.95000000,90.32000000,91.65000000,278562.11800000,1778263199999999,25468183.85804000,82354,169547.68900000,15491658.40752000,0
1778263200000000,91.66000000,92.42000000,91.65000000,92.30000000,142387.74300000,1778264999999999,13099203.59099000,40974,88765.89000000,8166494.22851000,0
1778265000000000,92.29000000,92.56000000,92.26000000,92.32000000,81995.74100000,1778266799999999,7577917.46622000,26477,45225.85800000,4179642.74398000,0
1778266800000000,92.32000000,92.77000000,92.04000000,92.75000000,104014.86500000,1778268599999999,9612110.06178000,27507,65502.23100000,6054392.65320000,0
1778268600000000,92.75000000,92.80000000,92.42000000,92.60000000,65379.91300000,1778270399999999,6053000.70426000,18107,34863.15700000,3227568.29867000,0
1778270400000000,92.61000000,92.67000000,92.21000000,92.48000000,65529.55800000,1778272199999999,6054245.46057000,16045,38930.89000000,3596652.30640000,0
1778272200000000,92.49000000,92.51000000,92.01000000,92.11000000,44681.92800000,1778273999999999,4121585.42806000,11563,17157.59200000,1583462.97653000,0
1778274000000000,92.12000000,92.24000000,91.75000000,91.93000000,50278.08000000,1778275799999999,4623563.64332000,13665,24687.55400000,2270552.37036000,0
1778275800000000,91.94000000,92.39000000,91.94000000,92.30000000,33447.30900000,1778277599999999,3082879.39185000,14446,16607.10000000,1530957.74411000,0
1778277600000000,92.31000000,92.71000000,92.28000000,92.42000000,40184.92000000,1778279399999999,3717981.30200000,12115,19418.82100000,1796746.19367000,0
1778279400000000,92.42000000,92.48000000,92.25000000,92.30000000,30386.69600000,1778281199999999,2807022.38391000,8000,15995.19600000,1477819.19572000,0
1778281200000000,92.30000000,92.30000000,91.92000000,91.95000000,34522.17800000,1778282999999999,3178302.18025000,10260,12591.50300000,1159116.12206000,0
1778283000000000,91.95000000,92.06000000,91.73000000,92.01000000,35295.50200000,1778284799999999,3243563.71772000,9639,20947.31800000,1925495.20132000,0
1778284800000000,92.02000000,92.41000000,91.85000000,92.37000000,34713.88200000,1778286599999999,3198109.16574000,10423,21718.41500000,2001282.08538000,0
1778286600000000,92.38000000,92.62000000,92.33000000,92.48000000,35258.12700000,1778288399999999,3260501.09994000,11675,19008.47500000,1757700.22787000,0
1778288400000000,92.48000000,92.72000000,92.42000000,92.49000000,40124.78500000,1778290199999999,3714415.60921000,9306,15500.11900000,1434829.60148000,0
1778290200000000,92.48000000,93.91000000,92.48000000,93.51000000,277114.60400000,1778291999999999,25883233.66427000,40833,153836.09300000,14353042.25814000,0
1778292000000000,93.52000000,93.80000000,93.30000000,93.45000000,66117.05400000,1778293799999999,6183760.70098000,25232,40393.92000000,3778071.63571000,0
1778293800000000,93.45000000,93.65000000,93.30000000,93.51000000,47556.51200000,1778295599999999,4445829.46520000,15366,29172.72000000,2727620.23142000,0
1778295600000000,93.51000000,93.77000000,93.41000000,93.67000000,36490.63100000,1778297399999999,3416671.33775000,18289,21100.32500000,1975850.95751000,0
1778297400000000,93.68000000,93.73000000,93.41000000,93.64000000,39052.13700000,1778299199999999,3655218.14903000,15732,21420.50500000,2005386.06058000,0
1778299200000000,93.65000000,94.17000000,93.53000000,93.65000000,78715.55100000,1778300999999999,7390538.49319000,23337,52261.06700000,4908398.78511000,0
1778301000000000,93.65000000,93.73000000,93.12000000,93.24000000,71887.77600000,1778302799999999,6722051.09491000,21523,33252.74300000,3109671.50410000,0
1778302800000000,93.24000000,93.53000000,92.84000000,93.50000000,81825.70500000,1778304599999999,7622576.88425000,22894,40579.94200000,3781930.18339000,0
1778304600000000,93.51000000,93.78000000,93.44000000,93.75000000,33713.41000000,1778306399999999,3157766.19855000,12526,23970.51700000,2245329.36912000,0
1778306400000000,93.75000000,94.13000000,93.51000000,93.55000000,65778.57200000,1778308199999999,6173416.23236000,16495,32858.43100000,3084710.50720000,0
1778308200000000,93.55000000,93.64000000,93.21000000,93.54000000,55568.22700000,1778309999999999,5191178.48236000,14540,32031.31600000,2991552.08784000,0
1778310000000000,93.54000000,93.81000000,93.34000000,93.68000000,37775.82500000,1778311799999999,3535797.99446000,12116,22050.71700000,2064285.89875000,0
1778311800000000,93.68000000,94.00000000,93.63000000,93.76000000,70833.29600000,1778313599999999,6645969.26763000,15495,30036.87900000,2817706.99673000,0
1778313600000000,93.76000000,93.92000000,93.66000000,93.87000000,41525.42100000,1778315399999999,3894802.38100000,11197,22763.09100000,2135063.52973000,0
1778315400000000,93.87000000,93.95000000,93.69000000,93.72000000,19204.48900000,1778317199999999,1800974.80665000,8007,9843.21000000,923108.80668000,0
1778317200000000,93.71000000,93.71000000,93.05000000,93.44000000,52049.25300000,1778318999999999,4859644.67950000,15694,23891.83100000,2230402.31374000,0
1778319000000000,93.44000000,93.46000000,93.18000000,93.29000000,48898.04400000,1778320799999999,4563304.50048000,14498,24329.79400000,2270450.99361000,0
1778320800000000,93.29000000,93.52000000,93.09000000,93.36000000,40303.00500000,1778322599999999,3760876.35372000,12709,19029.49600000,1775346.37597000,0
1778322600000000,93.36000000,93.60000000,93.34000000,93.38000000,22671.34900000,1778324399999999,2118601.97802000,7585,12851.75900000,1201081.43268000,0
1778324400000000,93.38000000,93.69000000,93.33000000,93.67000000,18537.89600000,1778326199999999,1734085.08157000,7707,13157.17800000,1230811.82495000,0
1778326200000000,93.68000000,93.69000000,93.54000000,93.62000000,23985.96800000,1778327999999999,2245124.87488000,5928,11485.38700000,1075049.77483000,0
1778328000000000,93.61000000,93.74000000,93.37000000,93.61000000,26236.06800000,1778329799999999,2455307.84168000,10097,14088.73100000,1318552.69132000,0
1778329800000000,93.62000000,93.62000000,93.27000000,93.45000000,16140.95100000,1778331599999999,1507446.49247000,6970,8434.49400000,787688.02687000,0
1778331600000000,93.45000000,93.46000000,93.10000000,93.23000000,23994.92400000,1778333399999999,2238677.69942000,9408,10165.99800000,948489.44972000,0
1778333400000000,93.23000000,93.47000000,93.01000000,93.47000000,30393.20400000,1778335199999999,2833665.39510000,9576,15499.05400000,1445048.34457000,0
1778335200000000,93.46000000,93.47000000,92.91000000,93.02000000,40905.98000000,1778336999999999,3809865.82039000,14355,17351.97100000,1616368.25057000,0
1778337000000000,93.01000000,93.11000000,92.77000000,92.88000000,44638.63300000,1778338799999999,4149067.19414000,12039,17328.57500000,1611001.82297000,0
1778338800000000,92.88000000,92.97000000,92.39000000,92.84000000,64816.61800000,1778340599999999,6003923.54604000,20770,29976.87800000,2776906.21991000,0
1778340600000000,92.84000000,93.01000000,92.70000000,93.01000000,41395.12800000,1778342399999999,3845145.85024000,12898,21749.98000000,2020455.41582000,0
1778342400000000,93.01000000,93.31000000,92.82000000,92.94000000,66812.41300000,1778344199999999,6216939.53311000,20318,37059.50100000,3449202.62966000,0
1778344200000000,92.95000000,92.96000000,92.69000000,92.76000000,41584.15800000,1778345999999999,3859924.25892000,13749,19777.59500000,1836264.12054000,0
1778346000000000,92.77000000,93.23000000,92.76000000,93.23000000,26685.87100000,1778347799999999,2482825.28591000,11597,17735.26600000,1650276.62086000,0
1778347800000000,93.23000000,93.48000000,93.11000000,93.21000000,24838.42500000,1778349599999999,2318218.22562000,10924,12818.69800000,1196253.30923000,0
1778349600000000,93.21000000,93.65000000,93.15000000,93.56000000,27163.59700000,1778351399999999,2538551.66054000,9120,20613.92400000,1926752.71725000,0
1778351400000000,93.56000000,93.61000000,93.28000000,93.37000000,19957.41600000,1778353199999999,1864032.26408000,7125,7677.49700000,717163.48594000,0
1778353200000000,93.37000000,93.42000000,93.22000000,93.34000000,12370.41400000,1778354999999999,1154535.55278000,5610,4368.02400000,407613.07315000,0
1778355000000000,93.34000000,93.58000000,93.30000000,93.51000000,15196.51700000,1778356799999999,1419779.97445000,6304,9036.35700000,844283.84299000,0
1778356800000000,93.51000000,93.51000000,93.22000000,93.28000000,13980.30300000,1778358599999999,1304960.53519000,5531,7484.28600000,698703.34197000,0
1778358600000000,93.29000000,93.34000000,93.15000000,93.26000000,13604.13200000,1778360399999999,1268858.82924000,4601,9570.93500000,892799.38418000,0
1778360400000000,93.25000000,93.44000000,93.25000000,93.38000000,11187.31600000,1778362199999999,1044298.29913000,5274,6468.91300000,603854.96173000,0
1778362200000000,93.38000000,93.56000000,93.29000000,93.49000000,18063.00500000,1778363999999999,1687644.92170000,6138,13552.24900000,1266149.87354000,0
1778364000000000,93.50000000,93.53000000,93.30000000,93.39000000,20287.02900000,1778365799999999,1894996.54708000,5835,12107.40000000,1131137.91497000,0
1778365800000000,93.38000000,93.49000000,93.22000000,93.33000000,8666.06700000,1778367599999999,808939.06681000,4938,5417.85300000,505722.42798000,0
1778367600000000,93.33000000,93.49000000,93.15000000,93.15000000,13702.06000000,1778369399999999,1278295.50719000,4902,5825.01300000,543419.49161000,0
1778369400000000,93.15000000,93.20000000,93.05000000,93.13000000,11950.94800000,1778371199999999,1112986.09253000,4369,7069.87400000,658388.24494000,0
1778371200000000,93.12000000,93.34000000,92.92000000,93.19000000,30166.88300000,1778372999999999,2809219.01567000,8940,16733.28900000,1558942.97614000,0
1778373000000000,93.18000000,93.18000000,92.94000000,93.03000000,26453.35700000,1778374799999999,2461116.80197000,8447,15270.28300000,1420552.06734000,0
1778374800000000,93.03000000,93.03000000,92.60000000,92.65000000,28336.17100000,1778376599999999,2629817.65796000,9601,9717.93800000,901707.55318000,0
1778376600000000,92.64000000,92.99000000,92.64000000,92.97000000,21761.59300000,1778378399999999,2019439.44483000,6812,15138.20700000,1404817.35135000,0
1778378400000000,92.96000000,93.11000000,92.81000000,93.07000000,27033.83400000,1778380199999999,2512780.15885000,8195,11969.38100000,1112415.41230000,0
1778380200000000,93.07000000,93.10000000,92.82000000,93.04000000,64175.64900000,1778381999999999,5966236.67036000,11161,32809.74000000,3049778.88315000,0
1778382000000000,93.05000000,93.26000000,92.98000000,93.15000000,39585.34600000,1778383799999999,3687972.10097000,8359,22995.54600000,2142837.87179000,0
1778383800000000,93.16000000,93.51000000,93.06000000,93.42000000,74490.91800000,1778385599999999,6958511.80301000,13339,31790.90100000,2969012.56978000,0
1778385600000000,93.41000000,93.46000000,93.24000000,93.34000000,20297.82000000,1778387399999999,1894534.37888000,6981,9984.03500000,931946.03326000,0
1778387400000000,93.34000000,93.50000000,93.31000000,93.35000000,27109.57700000,1778389199999999,2533233.22941000,6132,17103.83300000,1598160.69431000,0
1778389200000000,93.36000000,93.50000000,93.24000000,93.45000000,11247.96100000,1778390999999999,1050043.72227000,5191,6620.31100000,617995.52794000,0
1778391000000000,93.45000000,93.50000000,93.31000000,93.34000000,17881.29500000,1778392799999999,1669907.68264000,4980,10240.22400000,956428.73201000,0
1778392800000000,93.34000000,93.43000000,93.25000000,93.28000000,9509.93500000,1778394599999999,887658.25738000,4250,5032.88600000,469801.05401000,0
1778394600000000,93.28000000,93.46000000,93.27000000,93.41000000,18970.52400000,1778396399999999,1771463.74738000,4254,12253.47800000,1144145.62586000,0
1778396400000000,93.41000000,93.63000000,93.37000000,93.54000000,26806.74600000,1778398199999999,2507227.51153000,6515,17183.96200000,1607180.41708000,0
1778398200000000,93.54000000,93.62000000,93.45000000,93.46000000,16312.36900000,1778399999999999,1525830.93231000,5591,7685.77800000,718944.00272000,0
1778400000000000,93.46000000,94.09000000,93.42000000,93.90000000,85780.95000000,1778401799999999,8053012.68059000,14776,60015.76600000,5634967.98095000,0
1778401800000000,93.89000000,94.07000000,93.84000000,94.06000000,26750.14300000,1778403599999999,2513807.08228000,6431,13881.30700000,1304490.91864000,0
1778403600000000,94.06000000,94.80000000,94.06000000,94.52000000,106885.18200000,1778405399999999,10101696.30084000,24800,60152.60300000,5685316.63805000,0
1778405400000000,94.52000000,94.64000000,94.21000000,94.30000000,44286.86000000,1778407199999999,4179551.45817000,11169,19911.49200000,1879206.28752000,0
1778407200000000,94.31000000,94.37000000,93.59000000,93.82000000,65792.94200000,1778408999999999,6179102.04770000,15239,27988.73900000,2628913.48450000,0
1778409000000000,93.83000000,93.95000000,93.66000000,93.87000000,45325.15800000,1778410799999999,4251559.56655000,8777,26217.72200000,2459535.04361000,0
1778410800000000,93.86000000,94.02000000,92.91000000,93.32000000,87220.85300000,1778412599999999,8142851.30806000,22170,38341.47600000,3580281.82320000,0
1778412600000000,93.31000000,93.62000000,93.23000000,93.55000000,49661.28600000,1778414399999999,4637772.47262000,9693,29211.05200000,2728434.55246000,0
1778414400000000,93.56000000,93.62000000,93.31000000,93.38000000,20741.30300000,1778416199999999,1938070.57920000,7346,8900.38100000,831641.39471000,0
1778416200000000,93.39000000,93.50000000,93.20000000,93.32000000,29011.88400000,1778417999999999,2708976.06412000,7451,15386.89100000,1437072.66544000,0
1778418000000000,93.31000000,93.78000000,93.24000000,93.67000000,54568.93800000,1778419799999999,5102785.66183000,12164,31538.96300000,2949274.83793000,0
1778419800000000,93.68000000,93.94000000,93.60000000,93.77000000,28390.83200000,1778421599999999,2661807.86087000,8481,15250.71300000,1429942.22396000,0
1778421600000000,93.76000000,93.98000000,93.70000000,93.74000000,22375.59700000,1778423399999999,2099439.02001000,8586,12415.60700000,1164926.58844000,0
1778423400000000,93.75000000,94.13000000,93.68000000,93.89000000,46531.53000000,1778425199999999,4371068.81853000,13152,27488.91900000,2582579.29828000,0
1778425200000000,93.89000000,94.41000000,93.89000000,94.36000000,48629.67500000,1778426999999999,4580458.66764000,14935,28651.94700000,2698265.64733000,0
1778427000000000,94.35000000,94.73000000,94.35000000,94.53000000,70600.77200000,1778428799999999,6674379.98494000,22373,37946.07400000,3587356.71625000,0
1778428800000000,94.53000000,94.65000000,94.18000000,94.36000000,62305.88300000,1778430599999999,5880543.44999000,16731,25389.98000000,2396208.91904000,0
1778430600000000,94.37000000,94.98000000,94.34000000,94.84000000,62598.34900000,1778432399999999,5929365.56156000,19703,39470.98000000,3738353.10320000,0
1778432400000000,94.84000000,95.99000000,94.84000000,95.93000000,162846.07300000,1778434199999999,15529315.11298000,37900,102940.95000000,9816493.44613000,0
1778434200000000,95.93000000,96.50000000,95.65000000,96.49000000,104565.90000000,1778435999999999,10041174.42634000,29600,62704.13800000,6022031.46918000,0
1778436000000000,96.49000000,97.00000000,96.12000000,96.61000000,102518.74400000,1778437799999999,9900567.32918000,27142,65456.90900000,6325033.65650000,0
1778437800000000,96.61000000,96.90000000,96.40000000,96.44000000,52179.29200000,1778439599999999,5043009.64280000,16032,21199.85700000,2049042.16838000,0
1778439600000000,96.43000000,96.88000000,95.75000000,96.81000000,65944.60500000,1778441399999999,6347772.50958000,24942,36514.59600000,3516287.93603000,0
1778441400000000,96.80000000,96.88000000,96.25000000,96.47000000,42374.88300000,1778443199999999,4090520.26019000,17140,28068.29400000,2709066.30495000,0
1778443200000000,96.47000000,96.60000000,95.52000000,95.82000000,59089.92300000,1778444999999999,5669087.84750000,24707,26797.18000000,2571111.15948000,0
1778445000000000,95.82000000,95.82000000,93.43000000,94.52000000,187204.33700000,1778446799999999,17704059.39238000,67543,63636.08400000,6010721.43283000,0
1778446800000000,94.51000000,95.34000000,94.47000000,95.33000000,64266.03300000,1778448599999999,6101365.89319000,35594,34618.66000000,3286200.86837000,0
1778448600000000,95.33000000,95.60000000,95.04000000,95.08000000,41240.03700000,1778450399999999,3931190.31152000,22126,19667.49900000,1874984.86980000,0
1778450400000000,95.07000000,96.08000000,94.89000000,95.75000000,72184.91400000,1778452199999999,6896544.37697000,42328,43043.28000000,4113590.42587000,0
1778452200000000,95.76000000,96.36000000,95.56000000,96.23000000,45263.22400000,1778453999999999,4347699.96245000,33463,27721.78900000,2663036.97149000,0
1778454000000000,96.24000000,96.71000000,95.99000000,96.34000000,77944.55700000,1778455799999999,7513078.10416000,31875,45795.76400000,4415332.39101000,0
1778455800000000,96.34000000,96.86000000,96.27000000,96.47000000,63948.35800000,1778457599999999,6173946.21493000,22003,40954.72400000,3954155.29101000,0
1778457600000000,96.46000000,96.64000000,95.90000000,96.11000000,98901.33000000,1778459399999999,9514668.85350000,33166,44715.66300000,4303913.99897000,0
1778459400000000,96.11000000,96.67000000,95.33000000,95.79000000,107842.39100000,1778461199999999,10343132.93749000,36073,47310.96200000,4539019.27896000,0
1778461200000000,95.79000000,96.40000000,95.32000000,96.12000000,85247.93800000,1778462999999999,8174738.81805000,30721,39495.08400000,3787916.14613000,0
1778463000000000,96.11000000,96.30000000,95.79000000,96.05000000,66698.86800000,1778464799999999,6405161.16919000,22018,32174.36500000,3089788.69210000,0
1778464800000000,96.05000000,96.14000000,95.41000000,95.58000000,64292.97100000,1778466599999999,6157629.83643000,21680,33800.64500000,3238120.71741000,0
1778466600000000,95.57000000,95.62000000,95.19000000,95.30000000,80488.92800000,1778468399999999,7673237.13025000,20870,38100.64700000,3632189.00022000,0
1778468400000000,95.30000000,95.34000000,94.68000000,94.74000000,95663.68800000,1778470199999999,9085341.97850000,27011,34802.00500000,3305269.82974000,0
1778470200000000,94.74000000,94.95000000,94.46000000,94.76000000,68290.41200000,1778471999999999,6467485.75055000,17443,40417.57100000,3828013.65664000,0
1778472000000000,94.76000000,94.88000000,94.43000000,94.83000000,41006.73900000,1778473799999999,3880247.42006000,11888,21500.53400000,2034792.86700000,0
1778473800000000,94.83000000,95.21000000,94.82000000,94.97000000,25731.46100000,1778475599999999,2445772.01085000,9693,13468.30900000,1280102.59119000,0
1778475600000000,94.97000000,95.60000000,94.94000000,95.60000000,51623.98400000,1778477399999999,4917312.14990000,12232,31454.12300000,2996018.26389000,0
1778477400000000,95.59000000,95.88000000,95.48000000,95.71000000,39548.63100000,1778479199999999,3783715.81734000,12329,21521.74000000,2059302.57170000,0
1778479200000000,95.71000000,96.16000000,95.65000000,95.98000000,40035.27200000,1778480999999999,3841214.45694000,13991,23255.71200000,2231474.31034000,0
1778481000000000,95.97000000,96.02000000,95.42000000,95.49000000,41987.14200000,1778482799999999,4017582.72309000,12903,20081.16200000,1922498.06165000,0
1778482800000000,95.50000000,95.58000000,95.25000000,95.31000000,29693.80200000,1778484599999999,2832490.28208000,12957,13547.49200000,1292176.35741000,0
1778484600000000,95.31000000,95.54000000,95.17000000,95.33000000,47624.37700000,1778486399999999,4541510.51268000,13780,24117.59900000,2300031.37649000,0
1778486400000000,95.34000000,95.37000000,94.62000000,94.62000000,103855.37600000,1778488199999999,9867977.07711000,19193,28423.66400000,2700663.91933000,0
1778488200000000,94.61000000,95.00000000,94.58000000,94.79000000,55899.23300000,1778489999999999,5301628.41534000,11636,21140.75200000,2004798.02381000,0
1778490000000000,94.78000000,95.29000000,94.76000000,95.25000000,45902.53900000,1778491799999999,4365969.22482000,12303,24843.23900000,2362665.25353000,0
1778491800000000,95.25000000,95.35000000,95.07000000,95.30000000,21617.10400000,1778493599999999,2058562.40133000,9346,12031.78200000,1145914.98012000,0
1778493600000000,95.30000000,95.57000000,95.17000000,95.50000000,46476.92400000,1778495399999999,4435762.39947000,13083,26647.00300000,2543660.22353000,0
1778495400000000,95.51000000,95.57000000,95.05000000,95.07000000,33059.10200000,1778497199999999,3149530.28436000,11312,15838.70100000,1509268.23231000,0
1778497200000000,95.06000000,95.30000000,94.89000000,95.20000000,52887.10700000,1778498999999999,5029801.28272000,10141,32112.32800000,3054152.95194000,0
1778499000000000,95.19000000,95.49000000,95.03000000,95.25000000,29723.55600000,1778500799999999,2832639.12764000,9584,15466.06100000,1474304.22268000,0
1778500800000000,95.26000000,95.39000000,94.67000000,95.20000000,56299.51000000,1778502599999999,5350860.76621000,17478,29879.62600000,2839633.22791000,0
1778502600000000,95.20000000,95.29000000,94.70000000,94.81000000,49523.78700000,1778504399999999,4705282.30367000,17544,26834.67800000,2549804.05384000,0
1778504400000000,94.80000000,95.39000000,94.78000000,95.14000000,41690.17800000,1778506199999999,3968020.19228000,16146,24247.92100000,2307466.14904000,0
1778506200000000,95.15000000,95.48000000,94.56000000,95.23000000,120408.38400000,1778507999999999,11451678.20705000,39736,57582.73400000,5477489.55161000,0
1778508000000000,95.22000000,95.87000000,94.76000000,94.76000000,85256.97800000,1778509799999999,8134319.36066000,29511,36122.69200000,3449738.69093000,0
1778509800000000,94.76000000,95.21000000,94.30000000,95.17000000,152034.43600000,1778511599999999,14408789.25623000,48131,80465.39700000,7627837.62284000,0
1778511600000000,95.18000000,96.48000000,94.90000000,96.22000000,140353.89700000,1778513399999999,13418830.13519000,41087,80736.63100000,7724908.85684000,0
1778513400000000,96.22000000,96.80000000,95.86000000,96.80000000,104084.24100000,1778515199999999,10024866.02367000,34361,60424.73000000,5819738.54305000,0
1778515200000000,96.79000000,98.00000000,96.50000000,97.44000000,235949.36400000,1778516999999999,22986470.51261000,63161,133345.62000000,12989214.80446000,0
1778517000000000,97.44000000,97.85000000,97.01000000,97.35000000,86934.38900000,1778518799999999,8479872.67696000,38406,49655.01100000,4844593.81486000,0
1778518800000000,97.34000000,97.50000000,96.90000000,97.23000000,69395.05400000,1778520599999999,6748514.35999000,32888,41283.93900000,4015555.11741000,0
1778520600000000,97.23000000,97.97000000,96.99000000,97.77000000,56151.51400000,1778522399999999,5482991.13314000,29707,33701.22400000,3291386.21490000,0
1778522400000000,97.77000000,98.10000000,97.29000000,97.58000000,63733.28400000,1778524199999999,6228222.32331000,26342,36755.68200000,3592960.04267000,0
1778524200000000,97.57000000,97.78000000,97.26000000,97.29000000,65492.66100000,1778525999999999,6389334.64376000,22873,33365.63500000,3255302.09404000,0
1778526000000000,97.29000000,97.88000000,97.01000000,97.71000000,49687.03600000,1778527799999999,4844874.75490000,19860,31673.36100000,3088959.40295000,0
1778527800000000,97.71000000,98.39000000,97.71000000,98.19000000,66781.50900000,1778529599999999,6550474.10630000,22580,43909.51500000,4306805.25217000,0
1778529600000000,98.19000000,98.41000000,97.78000000,97.81000000,59505.66100000,1778531399999999,5834612.78180000,23105,30397.22900000,2980864.11782000,0
1778531400000000,97.81000000,98.02000000,97.61000000,97.63000000,29732.81700000,1778533199999999,2906713.36209000,11214,19011.99000000,1858387.42459000,0
1778533200000000,97.64000000,97.79000000,97.42000000,97.56000000,24399.12600000,1778534999999999,2380407.75358000,11262,11302.20700000,1102703.30434000,0
1778535000000000,97.56000000,97.81000000,97.33000000,97.41000000,26377.18700000,1778536799999999,2573307.83440000,13178,11017.27200000,1074962.72027000,0
1778536800000000,97.41000000,97.80000000,97.36000000,97.47000000,21733.43300000,1778538599999999,2120315.59795000,13461,11361.53900000,1108511.58846000,0
1778538600000000,97.47000000,97.84000000,97.43000000,97.65000000,17203.60100000,1778540399999999,1679157.20367000,8479,8078.78000000,788690.29785000,0
1778540400000000,97.65000000,97.65000000,97.10000000,97.16000000,57273.95000000,1778542199999999,5576841.57349000,11932,18627.96200000,1814063.13684000,0
1778542200000000,97.17000000,97.51000000,97.14000000,97.37000000,23949.09300000,1778543999999999,2331513.20368000,7383,12811.05300000,1247134.64866000,0
1778544000000000,97.37000000,97.48000000,97.18000000,97.45000000,48701.34000000,1778545799999999,4740201.05386000,12651,23765.13400000,2313341.74470000,0
1778545800000000,97.45000000,97.68000000,97.37000000,97.54000000,39882.35300000,1778547599999999,3889412.93254000,11439,20501.42500000,1999530.86879000,0
1778547600000000,97.54000000,97.67000000,96.60000000,96.83000000,82953.29600000,1778549399999999,8042968.44384000,22133,38206.01900000,3703909.97314000,0
1778549400000000,96.82000000,96.82000000,95.54000000,96.28000000,164742.80800000,1778551199999999,15849180.55580000,37945,72314.66700000,6957838.46612000,0
1778551200000000,96.29000000,96.72000000,96.14000000,96.58000000,57645.01800000,1778552999999999,5561020.24114000,16790,32751.74000000,3159971.93000000,0
1778553000000000,96.58000000,96.66000000,96.28000000,96.55000000,72006.43300000,1778554799999999,6945425.45273000,13691,48173.67500000,4646510.26222000,0
1778554800000000,96.55000000,96.64000000,96.10000000,96.23000000,37964.18800000,1778556599999999,3657400.39200000,9478,18813.10100000,1812408.74739000,0
1778556600000000,96.23000000,96.38000000,96.05000000,96.14000000,27129.85500000,1778558399999999,2610509.15603000,8803,11462.90000000,1102940.22714000,0
1778558400000000,96.14000000,96.38000000,96.07000000,96.28000000,25103.60100000,1778560199999999,2415262.42015000,8590,12216.94200000,1175808.07288000,0
1778560200000000,96.28000000,96.50000000,96.28000000,96.36000000,21839.95400000,1778561999999999,2104916.48655000,6067,11054.97600000,1065525.29954000,0
1778562000000000,96.37000000,96.72000000,96.23000000,96.63000000,26630.48200000,1778563799999999,2568973.66444000,7575,14710.47100000,1419266.20299000,0
1778563800000000,96.64000000,96.77000000,96.50000000,96.58000000,29441.58400000,1778565599999999,2846065.11575000,8484,12938.49100000,1250764.12807000,0
1778565600000000,96.58000000,97.00000000,96.48000000,96.75000000,31201.65600000,1778567399999999,3018734.46793000,10790,14778.32900000,1429919.53193000,0
1778567400000000,96.75000000,96.78000000,96.16000000,96.21000000,33862.17200000,1778569199999999,3264507.38599000,13618,12039.99800000,1160503.35866000,0
1778569200000000,96.20000000,96.31000000,95.82000000,96.06000000,55448.62600000,1778570999999999,5326081.27499000,15252,22971.04600000,2206765.53686000,0
1778571000000000,96.07000000,96.30000000,95.85000000,96.05000000,34699.28000000,1778572799999999,3334366.19726000,12042,15308.36400000,1471254.94171000,0
1778572800000000,96.05000000,96.15000000,95.40000000,95.64000000,115168.90200000,1778574599999999,11022401.49215000,23264,35174.78100000,3366082.21041000,0
1778574600000000,95.64000000,95.90000000,95.56000000,95.65000000,41720.66500000,1778576399999999,3993177.22156000,12364,20348.70300000,1947637.15509000,0
1778576400000000,95.65000000,95.72000000,95.29000000,95.51000000,169204.01200000,1778578199999999,16146335.73501000,19650,122368.48900000,11674416.84399000,0
1778578200000000,95.51000000,96.06000000,95.51000000,95.78000000,56865.35900000,1778579999999999,5449612.92327000,16698,28902.98400000,2769482.41487000,0
1778580000000000,95.78000000,95.97000000,95.19000000,95.42000000,63455.84600000,1778581799999999,6068929.91989000,17494,32283.47900000,3088802.32010000,0
1778581800000000,95.43000000,95.48000000,94.94000000,95.00000000,69268.38800000,1778583599999999,6588208.47523000,16518,21860.71400000,2079473.04585000,0
1778583600000000,95.00000000,95.05000000,94.60000000,94.75000000,65412.27800000,1778585399999999,6199725.53739000,20528,28403.91100000,2692010.83290000,0
1778585400000000,94.74000000,95.00000000,94.73000000,94.98000000,36328.18800000,1778587199999999,3445727.95286000,8492,17939.88600000,1701448.53687000,0
1778587200000000,94.97000000,95.21000000,94.76000000,94.89000000,72154.45900000,1778588999999999,6854644.24922000,17006,32183.42400000,3057674.98405000,0
1778589000000000,94.89000000,95.56000000,94.39000000,95.22000000,134980.57700000,1778590799999999,12841583.02915000,35452,63266.62300000,6020376.72549000,0
1778590800000000,95.22000000,95.40000000,94.81000000,95.00000000,46691.67700000,1778592599999999,4442855.53732000,16625,24752.71200000,2355796.78493000,0
1778592600000000,94.99000000,95.38000000,94.55000000,94.70000000,98674.76000000,1778594399999999,9366150.80915000,37452,48622.09600000,4615325.90157000,0
1778594400000000,94.71000000,95.24000000,94.59000000,94.80000000,78739.33500000,1778596199999999,7476615.82010000,29470,43290.20600000,4111401.85143000,0
1778596200000000,94.80000000,95.14000000,94.38000000,94.54000000,95938.18500000,1778597999999999,9082994.55642000,35995,37064.31400000,3509912.03054000,0
1778598000000000,94.55000000,94.78000000,93.55000000,93.83000000,165548.48800000,1778599799999999,15567924.16774000,39477,50966.30500000,4795195.18126000,0
1778599800000000,93.84000000,94.24000000,93.78000000,93.85000000,95431.78000000,1778601599999999,8973534.89505000,26837,44723.49800000,4205612.53999000,0
1778601600000000,93.85000000,94.32000000,93.63000000,94.16000000,85326.33900000,1778603399999999,8024077.86803000,18941,50589.49900000,4757391.95027000,0
1778603400000000,94.17000000,94.21000000,93.60000000,93.83000000,86862.36100000,1778605199999999,8151827.21728000,24693,36327.65200000,3408985.19224000,0
1778605200000000,93.84000000,94.57000000,93.82000000,94.45000000,59269.33500000,1778606999999999,5590130.27402000,20752,40106.61900000,3782897.55470000,0
1778607000000000,94.45000000,94.68000000,94.45000000,94.52000000,40957.38100000,1778608799999999,3872935.03809000,12807,18600.63400000,1758865.66754000,0
1778608800000000,94.51000000,94.60000000,94.35000000,94.43000000,30029.93900000,1778610599999999,2837121.37133000,9625,15351.22000000,1450242.30406000,0
1778610600000000,94.42000000,95.01000000,94.41000000,94.56000000,77030.71300000,1778612399999999,7297555.42145000,12148,43216.33600000,4093219.24425000,0
1778612400000000,94.56000000,95.00000000,94.56000000,94.59000000,38596.10600000,1778614199999999,3659933.28309000,8639,20957.42100000,1987719.35851000,0
1778614200000000,94.59000000,94.97000000,94.57000000,94.92000000,34904.71000000,1778615999999999,3307754.03824000,9129,23395.52700000,2217314.18611000,0
1778616000000000,94.92000000,94.98000000,94.81000000,94.95000000,26906.32900000,1778617799999999,2553673.25094000,6870,15589.74600000,1479652.07855000,0
1778617800000000,94.95000000,94.95000000,94.62000000,94.74000000,24151.55400000,1778619599999999,2288416.95269000,5710,11203.07500000,1061404.73708000,0
1778619600000000,94.75000000,94.86000000,94.70000000,94.75000000,14217.11400000,1778621399999999,1347481.54270000,4702,7572.48300000,717758.90086000,0
1778621400000000,94.75000000,94.79000000,94.54000000,94.67000000,15219.13900000,1778623199999999,1440436.97497000,5669,9168.47400000,867712.78833000,0
1778623200000000,94.68000000,95.05000000,94.68000000,94.75000000,19410.96500000,1778624999999999,1841070.97387000,8226,11292.79400000,1071092.68969000,0
1778625000000000,94.74000000,94.82000000,94.64000000,94.67000000,9873.01000000,1778626799999999,935242.75939000,4042,5101.63600000,483292.32398000,0
1778626800000000,94.67000000,94.75000000,94.47000000,94.67000000,16989.77000000,1778628599999999,1607798.69945000,6053,8220.98600000,777958.27690000,0
1778628600000000,94.67000000,94.68000000,94.23000000,94.28000000,35457.04900000,1778630399999999,3346588.10795000,8918,11140.51800000,1051403.63182000,0
1778630400000000,94.28000000,94.56000000,94.05000000,94.36000000,66801.66300000,1778632199999999,6297934.15263000,19296,38121.99100000,3594094.76752000,0
1778632200000000,94.37000000,94.64000000,94.33000000,94.48000000,29096.81200000,1778633999999999,2749463.52530000,11716,15304.00300000,1446173.81120000,0
1778634000000000,94.48000000,95.38000000,94.48000000,95.28000000,83232.17000000,1778635799999999,7909305.94181000,22932,56366.74300000,5354686.50960000,0
1778635800000000,95.28000000,95.44000000,95.10000000,95.20000000,43389.17800000,1778637599999999,4134275.64568000,14088,18842.24100000,1795486.21596000,0
1778637600000000,95.20000000,95.57000000,95.02000000,95.35000000,38946.21700000,1778639399999999,3710841.73224000,11898,24542.73900000,2338879.19147000,0
1778639400000000,95.35000000,95.37000000,95.16000000,95.25000000,21429.09900000,1778641199999999,2041224.17305000,7049,10074.72400000,959855.82000000,0
1778641200000000,95.24000000,95.30000000,95.08000000,95.27000000,28996.38300000,1778642999999999,2759774.56279000,7838,13216.27500000,1257969.13095000,0
1778643000000000,95.27000000,95.59000000,95.24000000,95.56000000,35603.76400000,1778644799999999,3398432.92584000,8737,23010.00300000,2196506.88822000,0
1778644800000000,95.56000000,95.84000000,95.49000000,95.73000000,54210.37000000,1778646599999999,5186225.94751000,11698,35588.56800000,3405458.04407000,0
1778646600000000,95.73000000,95.99000000,95.43000000,95.50000000,54984.14200000,1778648399999999,5263417.19254000,10963,19882.40300000,1903201.38896000,0
1778648400000000,95.49000000,95.51000000,95.10000000,95.45000000,50307.75400000,1778650199999999,4796138.68580000,9709,21629.53800000,2061907.33803000,0
1778650200000000,95.44000000,95.45000000,95.13000000,95.26000000,25876.71400000,1778651999999999,2465484.03180000,6010,8799.37900000,838543.01294000,0
1778652000000000,95.26000000,95.70000000,95.16000000,95.29000000,52539.34800000,1778653799999999,5014845.70503000,9383,30744.34700000,2935161.99986000,0
1778653800000000,95.29000000,95.32000000,95.12000000,95.14000000,19048.52500000,1778655599999999,1813642.75959000,5822,9261.27500000,881848.15538000,0
1778655600000000,95.14000000,95.31000000,94.90000000,94.97000000,25737.24900000,1778657399999999,2446873.13284000,7714,10054.13400000,956123.86206000,0
1778657400000000,94.98000000,95.23000000,94.88000000,95.14000000,24661.61400000,1778659199999999,2344950.92954000,7379,14071.94900000,1338017.84171000,0
1778659200000000,95.14000000,95.30000000,95.10000000,95.17000000,26991.84600000,1778660999999999,2569802.00332000,7138,18068.77100000,1720359.66398000,0
1778661000000000,95.17000000,95.77000000,95.02000000,95.57000000,35210.97200000,1778662799999999,3363101.70274000,10707,19939.01100000,1904466.96114000,0
1778662800000000,95.57000000,95.88000000,95.57000000,95.74000000,75277.91500000,1778664599999999,7207440.23104000,14964,44612.73200000,4271717.31480000,0
1778664600000000,95.74000000,95.89000000,95.67000000,95.73000000,51670.07400000,1778666399999999,4949106.43093000,11514,24237.95600000,2321726.49237000,0
1778666400000000,95.73000000,95.78000000,95.13000000,95.14000000,41049.45100000,1778668199999999,3917972.87264000,11748,14573.14500000,1391037.02530000,0
1778668200000000,95.14000000,95.20000000,94.74000000,94.79000000,56108.53900000,1778669999999999,5327933.26204000,14056,28661.33700000,2721307.99364000,0
1778670000000000,94.80000000,94.83000000,94.25000000,94.38000000,116212.52500000,1778671799999999,10974691.79841000,29828,59367.96800000,5606728.22905000,0
1778671800000000,94.39000000,94.66000000,94.25000000,94.33000000,40426.14100000,1778673599999999,3818633.68829000,11841,21584.77400000,2039375.50952000,0
1778673600000000,94.33000000,94.64000000,94.00000000,94.18000000,73804.77100000,1778675399999999,6963655.67444000,20979,34590.46500000,3264919.29298000,0
1778675400000000,94.18000000,94.19000000,92.24000000,93.16000000,358290.24100000,1778677199999999,33320936.83767000,85236,178037.61400000,16544769.92011000,0
1778677200000000,93.17000000,93.44000000,93.17000000,93.26000000,54735.32600000,1778678999999999,5109121.90689000,19168,28925.01900000,2700219.60922000,0
1778679000000000,93.26000000,93.36000000,91.95000000,92.28000000,205150.93100000,1778680799999999,18978515.23398000,59007,84247.74600000,7794209.77349000,0
1778680800000000,92.29000000,92.33000000,91.38000000,92.23000000,190902.57800000,1778682599999999,17534595.97674000,57701,93430.04700000,8583489.79974000,0
1778682600000000,92.22000000,92.29000000,91.68000000,91.78000000,69200.24500000,1778684399999999,6360843.89292000,23859,28576.93800000,2626489.17671000,0
1778684400000000,91.77000000,91.94000000,90.74000000,90.87000000,165863.32200000,1778686199999999,15125162.94997000,42705,70050.62600000,6389776.86275000,0
1778686200000000,90.86000000,91.04000000,90.27000000,90.43000000,117737.35800000,1778687999999999,10682886.10716000,31924,56485.62900000,5126769.40200000,0
1778688000000000,90.43000000,91.02000000,90.41000000,90.94000000,118880.04800000,1778689799999999,10787935.41304000,30466,65778.42600000,5969330.51410000,0
1778689800000000,90.94000000,91.26000000,90.83000000,90.87000000,86222.89400000,1778691599999999,7847568.30299000,22157,41379.29900000,3766508.69513000,0
1778691600000000,90.87000000,91.16000000,90.74000000,90.98000000,125382.19300000,1778693399999999,11408275.11199000,23686,59764.24400000,5437853.72902000,0
1778693400000000,90.98000000,91.03000000,90.71000000,90.89000000,65279.77000000,1778695199999999,5931910.39344000,13460,29367.27500000,2668615.45358000,0
1778695200000000,90.90000000,91.38000000,90.86000000,91.32000000,68272.84200000,1778696999999999,6221962.54663000,15621,39981.39400000,3643810.15145000,0
1778697000000000,91.32000000,91.41000000,90.77000000,90.93000000,41367.95100000,1778698799999999,3768914.75025000,12922,18899.56900000,1722483.52277000,0
1778698800000000,90.93000000,90.96000000,90.49000000,90.67000000,51935.61400000,1778700599999999,4708713.13715000,15617,21671.71100000,1964842.29786000,0
1778700600000000,90.67000000,91.02000000,90.67000000,90.96000000,29725.85500000,1778702399999999,2701968.74119000,11058,17040.27000000,1548916.65724000,0
1778702400000000,90.95000000,91.32000000,90.93000000,91.14000000,35658.18900000,1778704199999999,3249091.15409000,9486,23205.01900000,2114691.97919000,0
1778704200000000,91.15000000,91.35000000,91.08000000,91.24000000,37359.29100000,1778705999999999,3407483.48197000,8847,16362.82200000,1492523.27747000,0
1778706000000000,91.25000000,91.27000000,90.73000000,90.90000000,42953.34700000,1778707799999999,3907937.90481000,12319,15938.39000000,1450095.41618000,0
1778707800000000,90.91000000,91.02000000,90.78000000,90.89000000,29855.42200000,1778709599999999,2714330.64904000,11201,13586.08200000,1235200.07200000,0
1778709600000000,90.90000000,91.14000000,90.64000000,91.13000000,40626.47000000,1778711399999999,3690810.43666000,11265,18788.01500000,1707487.88769000,0
1778711400000000,91.12000000,91.25000000,91.00000000,91.18000000,23890.10600000,1778713199999999,2177301.87074000,7539,10344.55800000,942755.63393000,0
1778713200000000,91.17000000,91.33000000,91.08000000,91.22000000,32051.69700000,1778714999999999,2923688.84218000,9226,14235.18600000,1298604.80034000,0
1778715000000000,91.23000000,91.28000000,91.06000000,91.17000000,29616.87600000,1778716799999999,2699018.55291000,6839,10586.79100000,964845.48608000,0
1778716800000000,91.17000000,91.42000000,91.07000000,91.16000000,63399.76100000,1778718599999999,5785452.45182000,14165,27364.96000000,2497331.30633000,0
1778718600000000,91.17000000,91.32000000,91.14000000,91.21000000,26974.10600000,1778720399999999,2461076.10893000,8101,11188.09800000,1020914.27273000,0
1778720400000000,91.21000000,91.37000000,91.00000000,91.09000000,30221.35700000,1778722199999999,2755968.91799000,10454,13031.10400000,1188460.70013000,0
1778722200000000,91.10000000,91.26000000,91.00000000,91.16000000,28358.48900000,1778723999999999,2584090.84654000,10498,13709.74400000,1249271.22551000,0
1778724000000000,91.16000000,91.26000000,91.03000000,91.18000000,19768.59700000,1778725799999999,1801941.02309000,7424,9560.73500000,871509.21987000,0
1778725800000000,91.19000000,91.19000000,90.46000000,90.58000000,43170.05900000,1778727599999999,3918686.59027000,12988,13909.56200000,1262579.15924000,0
1778727600000000,90.58000000,90.78000000,89.96000000,90.55000000,113442.63700000,1778729399999999,10242441.69632000,29611,47473.50300000,4286994.15237000,0
1778729400000000,90.55000000,90.58000000,89.82000000,89.93000000,96673.89700000,1778731199999999,8706848.95994000,23024,40320.50800000,3630090.16891000,0
1778731200000000,89.93000000,90.38000000,89.86000000,90.32000000,37401.43500000,1778732999999999,3372633.12950000,13789,19682.12500000,1775001.71004000,0
1778733000000000,90.32000000,90.62000000,90.26000000,90.48000000,30973.16300000,1778734799999999,2801431.76181000,10184,16760.61800000,1516023.07251000,0
1778734800000000,90.48000000,90.89000000,90.40000000,90.87000000,35429.71900000,1778736599999999,3211284.01002000,10784,20579.02700000,1865140.96440000,0
1778736600000000,90.88000000,91.47000000,90.87000000,91.29000000,49458.24200000,1778738399999999,4510177.35535000,14779,28844.50800000,2630758.77022000,0
1778738400000000,91.29000000,91.47000000,91.19000000,91.34000000,35368.60000000,1778740199999999,3230822.66532000,10989,17235.78500000,1574533.94809000,0
1778740200000000,91.34000000,91.42000000,91.16000000,91.41000000,37295.74500000,1778741999999999,3404640.40771000,8335,16648.70100000,1519814.85079000,0
1778742000000000,91.42000000,92.02000000,90.75000000,90.85000000,146417.58500000,1778743799999999,13383523.03510000,18756,64485.62900000,5897137.50864000,0
1778743800000000,90.85000000,91.16000000,90.69000000,90.88000000,65083.37400000,1778745599999999,5918555.45861000,12542,33539.23800000,3049977.12770000,0
1778745600000000,90.88000000,91.12000000,90.67000000,90.98000000,57472.47500000,1778747399999999,5226434.44857000,9805,20940.97800000,1904211.22797000,0
1778747400000000,90.98000000,91.30000000,90.98000000,91.06000000,39209.28200000,1778749199999999,3573736.32076000,7745,19242.86200000,1753648.53228000,0
1778749200000000,91.07000000,91.15000000,90.83000000,90.88000000,18516.30500000,1778750999999999,1685245.06639000,6984,8041.79200000,732067.33944000,0
1778751000000000,90.87000000,90.91000000,90.59000000,90.86000000,28994.50600000,1778752799999999,2630456.67649000,8479,12089.27000000,1096992.24919000,0
1778752800000000,90.86000000,91.13000000,90.73000000,91.01000000,21844.46600000,1778754599999999,1986864.64575000,8927,10383.13400000,944618.57491000,0
1778754600000000,91.01000000,91.14000000,90.66000000,91.05000000,27573.66700000,1778756399999999,2506287.27559000,8012,10068.75400000,915555.91114000,0
1778756400000000,91.05000000,91.10000000,90.70000000,90.76000000,23079.87600000,1778758199999999,2098380.81120000,8228,7800.98000000,709352.19952000,0
1778758200000000,90.75000000,90.79000000,90.62000000,90.64000000,24999.40400000,1778759999999999,2267688.26865000,8182,12275.90700000,1113556.98548000,0
1778760000000000,90.64000000,91.04000000,90.54000000,90.92000000,29172.61500000,1778761799999999,2649522.35890000,9930,16835.43000000,1529146.88939000,0
1778761800000000,90.91000000,91.29000000,90.89000000,91.22000000,44038.85500000,1778763599999999,4014128.84635000,12046,25549.87700000,2328733.48855000,0
1778763600000000,91.22000000,91.50000000,91.11000000,91.25000000,59682.48400000,1778765399999999,5449080.80283000,17144,29300.02700000,2675305.37157000,0
1778765400000000,91.26000000,91.34000000,90.74000000,90.78000000,82159.47100000,1778767199999999,7486049.40777000,27030,34130.14000000,3109607.64833000,0
1778767200000000,90.78000000,91.66000000,90.63000000,91.50000000,97278.57300000,1778768999999999,8877994.01023000,27892,45632.85800000,4164048.46777000,0
1778769000000000,91.50000000,92.35000000,91.27000000,92.28000000,145426.69600000,1778770799999999,13375586.51993000,36254,77051.55800000,7085778.52296000,0
1778770800000000,92.29000000,92.69000000,91.96000000,92.50000000,128700.21000000,1778772599999999,11883592.34683000,29582,69839.13300000,6450129.27864000,0
1778772600000000,92.49000000,93.25000000,92.21000000,93.16000000,116182.35400000,1778774399999999,10776397.57356000,29767,65964.60800000,6119293.22864000,0
1778774400000000,93.16000000,93.68000000,93.05000000,93.30000000,121940.40600000,1778776199999999,11377701.93016000,33578,67876.56600000,6334911.36770000,0
1778776200000000,93.31000000,93.40000000,92.34000000,93.33000000,115070.58700000,1778777999999999,10696620.35549000,36263,53806.73800000,5004459.92488000,0
1778778000000000,93.32000000,93.59000000,92.30000000,92.42000000,139087.89500000,1778779799999999,12935844.81109000,44670,58545.59500000,5449085.54562000,0
1778779800000000,92.41000000,93.31000000,92.29000000,93.02000000,90193.48100000,1778781599999999,8376909.01779000,26733,54627.28300000,5073419.11681000,0
1778781600000000,93.01000000,93.64000000,92.70000000,93.57000000,75049.01600000,1778783399999999,6998585.64733000,23493,43568.59900000,4063107.34827000,0
1778783400000000,93.57000000,93.59000000,93.12000000,93.43000000,43030.54000000,1778785199999999,4016905.49845000,15901,19958.68700000,1862976.32334000,0
1778785200000000,93.44000000,93.64000000,92.93000000,92.96000000,37060.16200000,1778786999999999,3460201.15404000,14646,15435.73300000,1441289.09525000,0
1778787000000000,92.96000000,93.23000000,92.80000000,92.90000000,61259.80300000,1778788799999999,5696348.22780000,15224,34611.72900000,3218584.60228000,0
1778788800000000,92.91000000,93.00000000,92.43000000,92.54000000,46257.33500000,1778790599999999,4288269.18406000,12424,18800.77300000,1743753.69343000,0
1778790600000000,92.54000000,92.80000000,92.37000000,92.73000000,21451.51600000,1778792399999999,1985351.77521000,7217,10570.30700000,978363.27218000,0
1778792400000000,92.73000000,92.87000000,92.54000000,92.77000000,24244.60300000,1778794199999999,2247848.42416000,8237,11443.84800000,1061100.55713000,0
1778794200000000,92.77000000,92.95000000,92.64000000,92.70000000,16727.60700000,1778795999999999,1552293.49022000,5965,7985.58900000,741072.85982000,0
1778796000000000,92.71000000,92.86000000,92.62000000,92.77000000,19712.40400000,1778797799999999,1828208.13295000,7487,10803.05200000,1001976.10706000,0
1778797800000000,92.77000000,92.92000000,92.57000000,92.66000000,27399.57500000,1778799599999999,2541999.85983000,6082,12985.56600000,1204992.13949000,0
1778799600000000,92.65000000,92.67000000,92.30000000,92.57000000,39285.94500000,1778801399999999,3633003.42321000,8497,16376.79800000,1514375.87371000,0
1778801400000000,92.56000000,92.58000000,92.11000000,92.15000000,27586.92800000,1778803199999999,2546343.67349000,8547,9309.87600000,859372.43295000,0
1778803200000000,92.16000000,92.52000000,92.10000000,92.48000000,39691.49200000,1778804999999999,3665016.08844000,10504,21620.68600000,1996591.87100000,0
1778805000000000,92.48000000,92.66000000,92.10000000,92.43000000,45561.85100000,1778806799999999,4210351.20897000,13140,21528.31600000,1989530.88899000,0
1778806800000000,92.43000000,92.55000000,92.19000000,92.19000000,32914.92400000,1778808599999999,3041275.22136000,11771,15073.13200000,1392797.77094000,0
1778808600000000,92.18000000,92.30000000,91.69000000,91.74000000,53997.99500000,1778810399999999,4965540.69476000,17818,23879.79700000,2195864.36189000,0
1778810400000000,91.75000000,92.08000000,91.47000000,91.73000000,161007.86500000,1778812199999999,14784167.49637000,23800,57148.93100000,5247970.14035000,0
1778812200000000,91.73000000,92.44000000,91.47000000,92.36000000,59216.98800000,1778813999999999,5443017.81035000,17194,37554.98700000,3453662.62523000,0
1778814000000000,92.36000000,92.47000000,92.12000000,92.28000000,25921.16200000,1778815799999999,2391535.72652000,8270,15269.37400000,1408947.94032000,0
1778815800000000,92.29000000,92.29000000,91.88000000,92.06000000,28085.16100000,1778817599999999,2584571.49092000,8151,13042.62300000,1200354.84046000,0
1778817600000000,92.05000000,92.05000000,91.67000000,91.71000000,19872.83600000,1778819399999999,1825556.30715000,7906,7664.90200000,704199.23641000,0
1778819400000000,91.72000000,91.86000000,91.27000000,91.28000000,38712.03800000,1778821199999999,3544491.30831000,9946,17707.97800000,1621524.09624000,0
1778821200000000,91.29000000,91.54000000,91.20000000,91.36000000,51194.43000000,1778822999999999,4678713.05327000,11973,19966.81500000,1824781.04807000,0
1778823000000000,91.36000000,91.37000000,90.26000000,90.60000000,181195.21800000,1778824799999999,16414148.38481000,31240,82886.22700000,7499378.37617000,0
1778824800000000,90.60000000,91.03000000,90.47000000,90.81000000,68367.94100000,1778826599999999,6202353.01379000,15605,24644.75200000,2235965.90724000,0
1778826600000000,90.81000000,91.08000000,90.79000000,91.02000000,23357.49000000,1778828399999999,2124800.51225000,8757,12141.80100000,1104398.06399000,0
1778828400000000,91.02000000,91.71000000,90.94000000,91.57000000,73047.34200000,1778830199999999,6675712.19905000,14243,48894.32000000,4469207.53355000,0
1778830200000000,91.56000000,91.72000000,91.24000000,91.60000000,63861.22500000,1778831999999999,5840758.08806000,11706,31167.10500000,2850471.40550000,0
1778832000000000,91.61000000,91.62000000,91.11000000,91.14000000,44666.59900000,1778833799999999,4079411.48184000,12561,19040.83100000,1739325.18338000,0
1778833800000000,91.13000000,91.65000000,90.94000000,91.27000000,86184.18900000,1778835599999999,7872813.96961000,14753,39645.24200000,3623990.74058000,0
1778835600000000,91.27000000,91.29000000,90.94000000,91.21000000,59649.44700000,1778837399999999,5433878.17310000,11411,34175.56700000,3113532.65795000,0
1778837400000000,91.22000000,91.33000000,90.92000000,91.17000000,57274.18900000,1778839199999999,5217575.66687000,11276,27413.48300000,2497508.90821000,0
1778839200000000,91.17000000,91.28000000,91.01000000,91.08000000,25358.04100000,1778840999999999,2311016.34324000,8893,12518.36500000,1140881.31733000,0
1778841000000000,91.08000000,91.57000000,91.02000000,91.47000000,34920.81600000,1778842799999999,3189094.70550000,11580,21306.15400000,1946107.01111000,0
1778842800000000,91.47000000,91.54000000,91.26000000,91.35000000,28010.65400000,1778844599999999,2560204.32604000,6651,12743.68700000,1165160.51396000,0
1778844600000000,91.34000000,91.40000000,91.18000000,91.27000000,20076.58200000,1778846399999999,1833309.48366000,5461,7362.06300000,672246.54668000,0
1778846400000000,91.26000000,91.27000000,90.71000000,90.85000000,52669.23800000,1778848199999999,4790325.62251000,12855,20098.84300000,1828070.05241000,0
1778848200000000,90.85000000,90.90000000,90.57000000,90.66000000,31852.98400000,1778849999999999,2889013.95053000,9905,15533.21600000,1409028.97817000,0
1778850000000000,90.66000000,90.66000000,90.21000000,90.48000000,60170.22700000,1778851799999999,5437999.20514000,16179,27881.02400000,2519286.58044000,0
1778851800000000,90.48000000,90.49000000,88.69000000,88.90000000,268618.79700000,1778853599999999,24026854.86761000,84062,100754.92100000,9008318.71705000,0
1778853600000000,88.91000000,89.55000000,88.55000000,89.11000000,147013.25000000,1778855399999999,13099523.43002000,46857,84648.46600000,7544355.28078000,0
1778855400000000,89.12000000,89.31000000,88.78000000,89.06000000,99315.62400000,1778857199999999,8843895.27516000,28023,49828.17600000,4437499.79339000,0
1778857200000000,89.05000000,89.28000000,88.85000000,89.02000000,64691.67200000,1778858999999999,5762072.48925000,18534,37643.40300000,3353012.63765000,0
1778859000000000,89.02000000,89.18000000,88.70000000,89.04000000,66818.47700000,1778860799999999,5943787.18642000,19816,34036.88000000,3028356.37850000,0
1778860800000000,89.04000000,89.56000000,88.81000000,89.45000000,83680.02300000,1778862599999999,7454198.84032000,19218,56419.80900000,5027082.71307000,0
1778862600000000,89.45000000,89.70000000,89.25000000,89.50000000,52811.78300000,1778864399999999,4727623.59199000,16013,31330.21300000,2804631.45106000,0
1778864400000000,89.51000000,89.90000000,89.49000000,89.75000000,49866.86400000,1778866199999999,4474474.53581000,13261,33676.16400000,3021903.28080000,0
1778866200000000,89.75000000,89.85000000,89.62000000,89.82000000,37284.03100000,1778867999999999,3346135.07163000,10185,20755.86900000,1862728.33232000,0
1778868000000000,89.81000000,90.09000000,89.64000000,89.76000000,41200.92700000,1778869799999999,3703258.86351000,13258,23297.40200000,2094065.74572000,0
1778869800000000,89.77000000,89.93000000,89.47000000,89.80000000,39503.87000000,1778871599999999,3545382.35997000,11640,23532.98500000,2112405.45746000,0
1778871600000000,89.79000000,89.80000000,89.41000000,89.56000000,29971.68900000,1778873399999999,2684550.65153000,9018,14346.83200000,1285037.17864000,0
1778873400000000,89.56000000,89.65000000,89.35000000,89.42000000,48017.89300000,1778875199999999,4296497.04285000,10561,18134.27600000,1622533.44239000,0
1778875200000000,89.41000000,89.50000000,89.10000000,89.40000000,28746.59700000,1778876999999999,2566493.42861000,10033,13860.82700000,1237454.99387000,0
1778877000000000,89.41000000,89.43000000,89.08000000,89.28000000,26236.16100000,1778878799999999,2341489.69757000,6612,12065.69100000,1076594.02484000,0
1778878800000000,89.28000000,89.43000000,89.17000000,89.27000000,30049.32800000,1778880599999999,2684080.42312000,6254,13349.69600000,1192338.16627000,0
1778880600000000,89.27000000,89.31000000,89.00000000,89.05000000,20485.25200000,1778882399999999,1826611.89896000,6166,9431.40100000,840990.12654000,0
1778882400000000,89.06000000,89.28000000,89.05000000,89.21000000,19637.31800000,1778884199999999,1751475.53164000,4907,10062.01300000,897384.24348000,0
1778884200000000,89.20000000,89.36000000,89.14000000,89.33000000,15545.19200000,1778885999999999,1387450.47563000,3549,10475.98800000,934978.95341000,0
1778886000000000,89.33000000,89.39000000,89.25000000,89.30000000,18942.23200000,1778887799999999,1691745.84782000,5330,9525.94500000,850769.13940000,0
1778887800000000,89.29000000,89.34000000,89.21000000,89.24000000,20567.72700000,1778889599999999,1836182.46384000,5191,11771.89700000,1050928.52444000,0
1778889600000000,89.23000000,89.44000000,89.14000000,89.34000000,26155.90500000,1778891399999999,2336480.12723000,6534,16070.97300000,1435728.47343000,0
1778891400000000,89.35000000,89.40000000,89.16000000,89.22000000,22216.00200000,1778893199999999,1983856.02572000,4513,10913.67000000,974724.86409000,0
1778893200000000,89.22000000,89.29000000,89.02000000,89.03000000,32588.42000000,1778894999999999,2906270.48854000,6430,12260.75200000,1093538.99154000,0
1778895000000000,89.02000000,89.35000000,88.95000000,89.30000000,38130.67400000,1778896799999999,3397720.99905000,7274,24551.55300000,2188079.46974000,0
1778896800000000,89.30000000,89.39000000,89.08000000,89.08000000,48022.42600000,1778898599999999,4285363.72327000,6130,30777.57200000,2746436.58349000,0
1778898600000000,89.08000000,89.21000000,88.97000000,89.20000000,20093.85800000,1778900399999999,1789980.61074000,4442,6888.59200000,613724.90647000,0
1778900400000000,89.20000000,89.27000000,89.16000000,89.23000000,19903.75800000,1778902199999999,1775840.34821000,4134,12980.07000000,1158135.75306000,0
1778902200000000,89.23000000,89.23000000,89.00000000,89.05000000,12160.96100000,1778903999999999,1083506.83156000,3866,3873.88800000,345156.04170000,0
1778904000000000,89.05000000,89.09000000,88.75000000,88.80000000,22962.87000000,1778905799999999,2042852.49764000,6613,8130.22300000,723434.76604000,0
1778905800000000,88.81000000,88.86000000,88.19000000,88.86000000,84403.30000000,1778907599999999,7468910.37233000,17604,29816.39700000,2639454.11264000,0
1778907600000000,88.86000000,88.93000000,88.42000000,88.59000000,50656.29000000,1778909399999999,4492934.87883000,8206,22021.89700000,1953026.66679000,0
1778909400000000,88.59000000,88.70000000,88.28000000,88.57000000,49365.57700000,1778911199999999,4369528.29391000,9361,28398.50700000,2513795.95091000,0
1778911200000000,88.58000000,88.66000000,88.10000000,88.31000000,38597.54300000,1778912999999999,3409257.41927000,10050,16422.68600000,1450856.34469000,0
1778913000000000,88.30000000,88.45000000,87.81000000,88.01000000,107913.69100000,1778914799999999,9503985.32413000,18325,29995.03500000,2643146.02317000,0
1778914800000000,88.01000000,88.01000000,86.72000000,87.37000000,229182.80300000,1778916599999999,19994771.41926000,47189,110354.37700000,9626574.72433000,0
1778916600000000,87.36000000,87.73000000,87.15000000,87.47000000,49741.78800000,1778918399999999,4351514.05304000,14225,26413.29800000,2310703.38535000,0
1778918400000000,87.46000000,87.62000000,87.33000000,87.48000000,38303.43300000,1778920199999999,3350559.05388000,8450,15723.70900000,1375906.74789000,0
1778920200000000,87.49000000,87.62000000,87.43000000,87.48000000,25998.35500000,1778921999999999,2275213.01795000,7296,13721.00300000,1200897.86194000,0
1778922000000000,87.48000000,87.51000000,85.78000000,85.98000000,222966.21000000,1778923799999999,19238695.11673000,56789,87877.64600000,7577404.98313000,0
1778923800000000,85.97000000,86.30000000,85.92000000,86.05000000,61785.05800000,1778925599999999,5321924.60215000,19381,31273.12800000,2694052.10802000,0
1778925600000000,86.04000000,86.15000000,85.52000000,85.70000000,99855.57900000,1778927399999999,8566653.57730000,30515,40411.94200000,3467061.92880000,0
1778927400000000,85.71000000,86.05000000,85.70000000,86.01000000,50963.81900000,1778929199999999,4377492.13212000,12934,26529.66500000,2278480.11737000,0
1778929200000000,86.02000000,86.28000000,86.02000000,86.19000000,42799.53300000,1778930999999999,3687543.09455000,10964,25847.08400000,2226942.78360000,0
1778931000000000,86.19000000,86.33000000,86.11000000,86.11000000,26987.12500000,1778932799999999,2326624.38559000,7684,14594.99600000,1258264.42959000,0
1778932800000000,86.12000000,86.24000000,86.01000000,86.16000000,35952.02700000,1778934599999999,3096534.71774000,9081,14893.62700000,1282804.25563000,0
1778934600000000,86.17000000,86.44000000,86.17000000,86.26000000,22617.70600000,1778936399999999,1951957.31408000,5853,13111.24800000,1131544.57227000,0
1778936400000000,86.26000000,86.35000000,86.11000000,86.31000000,23829.98800000,1778938199999999,2054386.80899000,8034,12149.46200000,1047444.32704000,0
1778938200000000,86.31000000,86.35000000,86.11000000,86.26000000,22614.66100000,1778939999999999,1950485.14586000,7458,12690.49200000,1094601.55397000,0
1778940000000000,86.26000000,86.31000000,86.07000000,86.19000000,31542.76600000,1778941799999999,2717797.35995000,7949,17547.96400000,1512056.87551000,0
1778941800000000,86.20000000,86.71000000,86.19000000,86.40000000,41230.24700000,1778943599999999,3561889.08102000,11348,22588.45800000,1951587.00466000,0
1778943600000000,86.39000000,86.60000000,86.27000000,86.35000000,29555.55100000,1778945399999999,2554067.53205000,8486,14702.37300000,1270457.25465000,0
1778945400000000,86.34000000,86.67000000,86.34000000,86.50000000,31136.72200000,1778947199999999,2694440.58724000,8165,18425.86300000,1594367.07705000,0
1778947200000000,86.49000000,86.74000000,86.37000000,86.63000000,40728.17000000,1778948999999999,3525331.30828000,10632,24456.84600000,2116994.05859000,0
1778949000000000,86.63000000,86.78000000,86.49000000,86.63000000,27512.77500000,1778950799999999,2383963.23280000,8965,13588.93700000,1177567.92738000,0
1778950800000000,86.64000000,86.85000000,86.63000000,86.81000000,18766.80900000,1778952599999999,1627706.88602000,5556,11866.81500000,1029303.12434000,0
1778952600000000,86.81000000,86.96000000,86.75000000,86.81000000,17149.87700000,1778954399999999,1489598.24997000,5611,9173.92200000,796843.97355000,0
1778954400000000,86.81000000,86.89000000,86.60000000,86.75000000,16488.90300000,1778956199999999,1430276.13165000,5394,6896.55200000,598174.61293000,0
1778956200000000,86.75000000,86.97000000,86.70000000,86.81000000,17389.13000000,1778957999999999,1509973.79724000,4921,8187.74200000,710980.46436000,0
1778958000000000,86.81000000,86.85000000,86.70000000,86.81000000,15789.61400000,1778959799999999,1370317.83983000,5060,8409.13900000,729832.72841000,0
1778959800000000,86.81000000,86.85000000,86.65000000,86.69000000,30714.66000000,1778961599999999,2664322.94029000,5189,13864.88700000,1202886.72848000,0
1778961600000000,86.69000000,86.88000000,86.68000000,86.80000000,21454.33300000,1778963399999999,1862120.95235000,5462,14257.49500000,1237380.34229000,0
1778963400000000,86.79000000,86.80000000,86.66000000,86.68000000,13585.68500000,1778965199999999,1178117.85190000,3636,3836.76400000,332724.36099000,0
1778965200000000,86.67000000,86.77000000,86.62000000,86.66000000,16087.15500000,1778966999999999,1394435.13580000,4217,7509.93300000,650997.86849000,0
1778967000000000,86.66000000,86.69000000,86.49000000,86.59000000,18674.38100000,1778968799999999,1616907.77900000,4803,8913.11400000,771719.97326000,0
1778968800000000,86.59000000,86.69000000,86.45000000,86.65000000,10193.53700000,1778970599999999,882441.67083000,3696,4632.43500000,401108.19615000,0
1778970600000000,86.64000000,86.67000000,86.52000000,86.54000000,8875.23600000,1778972399999999,768498.34154000,3635,4989.70200000,432070.12230000,0
1778972400000000,86.53000000,86.70000000,86.49000000,86.61000000,16656.73100000,1778974199999999,1442351.18924000,3307,9172.02500000,794141.69246000,0
1778974200000000,86.61000000,86.66000000,86.53000000,86.54000000,12719.95200000,1778975999999999,1101555.17831000,2842,7203.41800000,623880.20028000,0
1778976000000000,86.53000000,86.72000000,86.44000000,86.51000000,28161.26300000,1778977799999999,2438006.21984000,6032,15416.29600000,1334550.88258000,0
1778977800000000,86.51000000,86.56000000,85.97000000,86.13000000,42303.15400000,1778979599999999,3648982.51675000,8195,13107.91900000,1130912.53230000,0
1778979600000000,86.12000000,86.34000000,85.81000000,85.88000000,31108.90100000,1778981399999999,2677550.61288000,9803,14061.30100000,1210488.83817000,0
1778981400000000,85.88000000,86.03000000,85.59000000,85.75000000,56586.67100000,1778983199999999,4855124.11038000,17444,24799.42800000,2127762.27617000,0
1778983200000000,85.76000000,86.17000000,85.76000000,86.15000000,33943.59100000,1778984999999999,2919436.09026000,9067,22987.84700000,1977458.01205000,0
1778985000000000,86.15000000,86.27000000,85.81000000,86.00000000,74020.30500000,1778986799999999,6368279.44792000,12927,35887.69500000,3088191.63278000,0
1778986800000000,86.01000000,86.34000000,85.99000000,86.22000000,23861.94900000,1778988599999999,2056944.48608000,8159,13175.21600000,1135602.50847000,0
1778988600000000,86.23000000,86.63000000,86.20000000,86.53000000,34104.73400000,1778990399999999,2949526.76701000,9757,18511.46300000,1600908.94629000,0
1778990400000000,86.52000000,86.89000000,86.47000000,86.80000000,28804.89700000,1778992199999999,2497317.41667000,9128,16762.64700000,1453463.79001000,0
1778992200000000,86.81000000,86.98000000,86.73000000,86.86000000,26960.11800000,1778993999999999,2341693.05325000,8195,14080.65900000,1223021.97066000,0
1778994000000000,86.87000000,87.29000000,86.85000000,86.95000000,38664.05500000,1778995799999999,3365208.77038000,9798,23842.57300000,2075123.15945000,0
1778995800000000,86.96000000,87.05000000,86.89000000,86.91000000,25672.95400000,1778997599999999,2232654.97865000,4746,11094.37400000,964681.18570000,0
1778997600000000,86.90000000,87.01000000,86.80000000,86.88000000,17419.41100000,1778999399999999,1513728.16988000,5090,8517.47600000,740197.65219000,0
1778999400000000,86.88000000,86.95000000,86.71000000,86.85000000,14630.53500000,1779001199999999,1270300.63024000,4510,5576.28800000,484199.87070000,0
1779001200000000,86.85000000,86.97000000,86.78000000,86.90000000,12488.00200000,1779002999999999,1084574.54351000,3982,7362.92900000,639524.47099000,0
1779003000000000,86.91000000,87.10000000,86.86000000,86.97000000,24558.31200000,1779004799999999,2135869.44390000,5966,14360.00200000,1248943.27575000,0
1779004800000000,86.98000000,87.03000000,86.60000000,86.66000000,30714.93200000,1779006599999999,2665829.69157000,7191,14433.58400000,1252951.30134000,0
1779006600000000,86.66000000,86.83000000,86.63000000,86.83000000,15612.53100000,1779008399999999,1353924.51754000,4705,8614.68200000,747124.38092000,0
1779008400000000,86.82000000,87.02000000,86.72000000,86.87000000,44635.46500000,1779010199999999,3877303.95603000,6898,27324.07700000,2373694.51265000,0
1779010200000000,86.86000000,86.94000000,86.72000000,86.89000000,25951.59700000,1779011999999999,2253290.98746000,5274,11742.24300000,1019444.45213000,0
1779012000000000,86.90000000,87.26000000,86.86000000,87.13000000,56491.01400000,1779013799999999,4919961.80987000,12434,34434.69800000,2998698.86303000,0
1779013800000000,87.12000000,87.13000000,86.81000000,87.00000000,71903.78600000,1779015599999999,6254154.45711000,12216,33285.36600000,2894732.19949000,0
1779015600000000,86.99000000,87.02000000,86.80000000,86.83000000,27333.72800000,1779017399999999,2375204.39519000,7507,15405.52900000,1338771.96352000,0
1779017400000000,86.83000000,87.00000000,86.78000000,86.89000000,20811.66800000,1779019199999999,1808542.70124000,8828,14346.88700000,1246734.00968000,0
1779019200000000,86.89000000,86.99000000,86.86000000,86.93000000,14717.80500000,1779020999999999,1279407.79151000,5198,7610.94400000,661597.48293000,0
1779021000000000,86.93000000,87.02000000,86.72000000,86.76000000,22779.96700000,1779022799999999,1979653.97536000,6222,12484.24600000,1085141.48373000,0
1779022800000000,86.76000000,86.78000000,86.30000000,86.48000000,43388.79100000,1779024599999999,3753671.00362000,11228,13423.98600000,1161237.37256000,0
1779024600000000,86.49000000,86.61000000,86.37000000,86.41000000,27947.08500000,1779026399999999,2417525.94033000,8977,15998.07200000,1384017.71798000,0
1779026400000000,86.41000000,86.46000000,85.95000000,86.34000000,58402.71700000,1779028199999999,5035014.08620000,16434,28205.11700000,2432253.56046000,0
1779028200000000,86.34000000,86.41000000,86.17000000,86.31000000,15410.56000000,1779029999999999,1329907.38938000,5952,8111.12500000,699997.56971000,0
1779030000000000,86.31000000,86.47000000,86.17000000,86.31000000,15954.77300000,1779031799999999,1377088.48820000,6780,7856.30900000,678259.34849000,0
1779031800000000,86.31000000,86.49000000,86.30000000,86.46000000,14621.10400000,1779033599999999,1263606.52465000,4358,7043.85000000,608779.59243000,0
1779033600000000,86.46000000,86.62000000,86.45000000,86.62000000,19113.71900000,1779035399999999,1653909.87486000,5785,10830.98200000,937178.64012000,0
1779035400000000,86.62000000,86.69000000,86.11000000,86.30000000,27997.32600000,1779037199999999,2418413.16070000,7037,9390.76500000,811283.20642000,0
1779037200000000,86.31000000,86.36000000,86.01000000,86.19000000,26001.52100000,1779038999999999,2241573.46461000,7497,13900.52300000,1198444.08044000,0
1779039000000000,86.20000000,86.30000000,86.00000000,86.24000000,24713.32400000,1779040799999999,2129720.13567000,6216,12442.69600000,1072329.64419000,0
1779040800000000,86.24000000,86.43000000,86.02000000,86.26000000,36446.03100000,1779042599999999,3141204.57494000,7587,21932.85000000,1889971.26157000,0
1779042600000000,86.26000000,86.44000000,86.19000000,86.43000000,18132.91200000,1779044399999999,1564706.47140000,5007,12869.81600000,1110625.31546000,0
1779044400000000,86.43000000,86.58000000,86.43000000,86.47000000,11899.84600000,1779046199999999,1029307.77206000,4482,6977.26600000,603495.11195000,0
1779046200000000,86.47000000,86.94000000,86.47000000,86.79000000,33268.08100000,1779047999999999,2887783.36068000,6999,22158.40400000,1923444.85194000,0
1779048000000000,86.80000000,86.85000000,86.57000000,86.67000000,20488.72300000,1779049799999999,1777452.41429000,4988,10955.01300000,950500.87894000,0
1779049800000000,86.67000000,86.77000000,86.59000000,86.68000000,15682.59200000,1779051599999999,1359129.00355000,4238,4989.45900000,432446.43802000,0
1779051600000000,86.68000000,86.92000000,86.60000000,86.92000000,13106.32500000,1779053399999999,1137311.00079000,4238,7620.69400000,661395.05568000,0
1779053400000000,86.92000000,86.97000000,86.83000000,86.94000000,15276.51000000,1779055199999999,1327507.26600000,5020,7922.20300000,688459.43357000,0
1779055200000000,86.93000000,86.93000000,86.02000000,86.14000000,64837.79800000,1779056999999999,5599922.34384000,19084,25467.08600000,2199237.66700000,0
1779057000000000,86.13000000,86.44000000,86.00000000,86.23000000,35957.32400000,1779058799999999,3099411.59482000,11917,14567.20600000,1255830.61220000,0
1779058800000000,86.24000000,86.25000000,85.71000000,85.81000000,80194.16500000,1779060599999999,6892573.94201000,18936,33026.46800000,2839289.97434000,0
1779060600000000,85.80000000,85.87000000,83.50000000,85.24000000,451082.67200000,1779062399999999,38154577.04843000,98066,191398.93000000,16190680.27344000,0
1779062400000000,85.23000000,85.29000000,84.40000000,85.12000000,136485.69400000,1779064199999999,11586685.82757000,36008,74070.62100000,6289270.59338000,0
1779064200000000,85.11000000,85.36000000,84.88000000,85.36000000,104237.47300000,1779065999999999,8865832.61082000,24759,51330.09100000,4366509.26480000,0
1779066000000000,85.35000000,85.47000000,84.70000000,84.89000000,68804.18000000,1779067799999999,5855280.03457000,22053,33188.86400000,2825780.55555000,0
1779067800000000,84.89000000,85.14000000,84.54000000,84.98000000,69506.85600000,1779069599999999,5892715.68393000,20188,34768.69000000,2947692.86100000,0
1779069600000000,84.98000000,85.35000000,84.89000000,85.06000000,44058.50800000,1779071399999999,3750686.69457000,12715,21213.96000000,1806072.07769000,0
1779071400000000,85.06000000,85.18000000,84.72000000,84.89000000,34533.48200000,1779073199999999,2932581.97902000,9341,17013.34400000,1444806.54745000,0
1779073200000000,84.88000000,85.25000000,84.81000000,84.98000000,28675.81900000,1779074999999999,2437881.60037000,8995,14631.37900000,1244054.53361000,0
1779075000000000,84.97000000,85.02000000,84.69000000,84.85000000,75772.41400000,1779076799999999,6429544.04501000,12185,38043.14600000,3229944.30505000,0
1779076800000000,84.85000000,85.14000000,84.58000000,84.74000000,31378.89800000,1779078599999999,2664495.79648000,8508,10759.77500000,913521.27668000,0
1779078600000000,84.73000000,85.30000000,84.68000000,85.26000000,35683.21500000,1779080399999999,3034788.56028000,9697,23336.15900000,1985037.11782000,0
1779080400000000,85.26000000,85.36000000,85.15000000,85.24000000,39084.23500000,1779082199999999,3331811.33722000,9313,17290.20300000,1474275.39047000,0
1779082200000000,85.25000000,85.31000000,84.64000000,84.86000000,91075.80900000,1779083999999999,7734343.66353000,14485,42297.94300000,3590503.37881000,0
1779084000000000,84.86000000,84.98000000,84.27000000,84.48000000,99478.11000000,1779085799999999,8411103.42975000,22792,40351.41600000,3411901.81321000,0
1779085800000000,84.49000000,84.89000000,84.37000000,84.74000000,61852.27800000,1779087599999999,5237156.93637000,11754,30315.81900000,2567190.76003000,0
1779087600000000,84.74000000,85.01000000,84.41000000,84.94000000,36731.80600000,1779089399999999,3112180.52660000,11764,21694.44700000,1838414.85050000,0
1779089400000000,84.94000000,84.98000000,84.53000000,84.76000000,29137.92300000,1779091199999999,2469436.02030000,10658,14126.02900000,1197189.94683000,0
1779091200000000,84.76000000,85.01000000,84.73000000,84.83000000,49229.69700000,1779092999999999,4178358.85506000,9864,28197.13100000,2393385.42950000,0
1779093000000000,84.84000000,84.92000000,84.60000000,84.91000000,25962.26900000,1779094799999999,2200244.90088000,6303,13528.46100000,1146677.81959000,0
1779094800000000,84.90000000,84.93000000,84.59000000,84.67000000,25450.74700000,1779096599999999,2155693.62432000,7378,12816.71200000,1085597.05957000,0
1779096600000000,84.68000000,84.74000000,84.46000000,84.49000000,29602.11300000,1779098399999999,2504660.81843000,6526,11841.48500000,1002134.52769000,0
1779098400000000,84.49000000,84.51000000,84.21000000,84.37000000,49691.64000000,1779100199999999,4191036.43131000,11763,21261.17900000,1793193.73471000,0
1779100200000000,84.37000000,84.49000000,84.23000000,84.26000000,41519.91600000,1779101999999999,3502523.15881000,7495,20842.10500000,1758263.62897000,0
1779102000000000,84.27000000,84.45000000,84.08000000,84.32000000,34305.52300000,1779103799999999,2890246.18835000,8163,15392.88500000,1296708.03513000,0
1779103800000000,84.32000000,85.32000000,84.22000000,84.96000000,99475.80600000,1779105599999999,8445666.95553000,24856,62032.52300000,5268264.46813000,0
1779105600000000,84.97000000,85.49000000,84.97000000,85.18000000,80881.29900000,1779107399999999,6895937.38584000,19631,42694.23500000,3640323.37139000,0
1779107400000000,85.18000000,85.80000000,85.09000000,85.57000000,82460.92200000,1779109199999999,7052644.59551000,21781,38706.39900000,3310708.23888000,0
1779109200000000,85.57000000,85.57000000,85.14000000,85.16000000,47523.65100000,1779110999999999,4054091.02728000,12711,16430.12000000,1401372.37689000,0
1779111000000000,85.15000000,85.15000000,84.33000000,84.69000000,144870.03400000,1779112799999999,12274881.47423000,48728,61126.40000000,5179952.10615000,0
1779112800000000,84.69000000,84.69000000,84.02000000,84.23000000,99909.06000000,1779114599999999,8429619.80735000,34308,41648.77800000,3514839.54808000,0
1779114600000000,84.23000000,84.32000000,83.72000000,83.98000000,99113.35500000,1779116399999999,8325229.26736000,37021,40337.38900000,3389074.89338000,0
1779116400000000,83.98000000,84.06000000,83.62000000,83.74000000,87426.80800000,1779118199999999,7328765.93587000,33615,39317.44800000,3296693.59541000,0
1779118200000000,83.73000000,84.40000000,83.64000000,84.20000000,54393.35700000,1779119999999999,4573011.03531000,18137,34484.44600000,2899298.89324000,0
1779120000000000,84.21000000,84.55000000,84.01000000,84.08000000,60688.96300000,1779121799999999,5115797.85020000,17428,34458.78100000,2906181.43970000,0
1779121800000000,84.07000000,84.50000000,83.99000000,84.33000000,49631.22800000,1779123599999999,4184132.90554000,16672,24877.88500000,2097246.03903000,0
1779123600000000,84.33000000,84.70000000,84.25000000,84.45000000,33053.65900000,1779125399999999,2792669.89429000,12626,18509.75600000,1563953.55618000,0
1779125400000000,84.45000000,84.47000000,84.27000000,84.41000000,18952.60400000,1779127199999999,1599129.12476000,8557,10426.23500000,879741.18623000,0
1779127200000000,84.41000000,84.43000000,83.50000000,83.83000000,61403.14700000,1779128999999999,5146965.23062000,21626,21081.85600000,1768037.64424000,0
1779129000000000,83.82000000,83.99000000,83.51000000,83.53000000,51536.23000000,1779130799999999,4319579.54190000,17368,20212.28500000,1693911.90258000,0
1779130800000000,83.53000000,84.95000000,83.51000000,84.45000000,108793.21800000,1779132599999999,9195082.51361000,39453,66284.53200000,5602096.87611000,0
1779132600000000,84.45000000,85.23000000,84.43000000,84.99000000,75267.77900000,1779134399999999,6389604.50679000,19897,49315.90700000,4186602.22440000,0
1779134400000000,85.00000000,85.38000000,85.00000000,85.34000000,50488.41200000,1779136199999999,4302318.69747000,14625,23939.63800000,2040236.05882000,0
1779136200000000,85.35000000,85.41000000,84.85000000,84.93000000,36399.80800000,1779137999999999,3097908.73133000,10176,16222.39000000,1381457.36374000,0
1779138000000000,84.93000000,85.36000000,84.79000000,85.30000000,39291.21000000,1779139799999999,3341909.00654000,10232,23351.92800000,1986649.71470000,0
1779139800000000,85.31000000,85.67000000,85.31000000,85.57000000,48550.03400000,1779141599999999,4151535.35937000,12763,28094.27100000,2402587.17234000,0
1779141600000000,85.58000000,85.77000000,85.46000000,85.56000000,43147.08000000,1779143399999999,3693919.87800000,9905,23774.88800000,2035895.27070000,0
1779143400000000,85.56000000,85.60000000,85.27000000,85.46000000,23045.60200000,1779145199999999,1969221.15572000,6497,10344.88300000,884350.03722000,0
1779145200000000,85.45000000,85.64000000,85.38000000,85.46000000,16758.81500000,1779146999999999,1432805.48726000,4783,7333.37700000,627015.52509000,0
1779147000000000,85.46000000,85.55000000,85.26000000,85.38000000,16540.65800000,1779148799999999,1413004.02820000,5263,7486.11000000,639589.73863000,0
1779148800000000,85.38000000,85.97000000,85.32000000,85.80000000,41653.69100000,1779150599999999,3567632.20329000,12317,25612.08500000,2193379.05253000,0
1779150600000000,85.81000000,85.86000000,85.57000000,85.58000000,47169.94500000,1779152399999999,4041632.31549000,10153,20118.94400000,1723359.91060000,0
1779152400000000,85.58000000,85.60000000,85.05000000,85.08000000,38027.51000000,1779154199999999,3245738.61463000,13528,20734.26500000,1770252.72873000,0
1779154200000000,85.08000000,85.35000000,84.90000000,84.90000000,33279.81600000,1779155999999999,2832375.67823000,12099,19117.21600000,1627258.14846000,0
1779156000000000,84.90000000,85.30000000,84.62000000,85.09000000,38460.47000000,1779157799999999,3265632.86818000,12668,21187.78900000,1799649.51503000,0
1779157800000000,85.09000000,85.10000000,84.80000000,84.86000000,21071.04300000,1779159599999999,1789605.03099000,8401,10359.56800000,879828.96412000,0
1779159600000000,84.85000000,85.16000000,84.73000000,85.01000000,21552.75500000,1779161399999999,1830835.22032000,7100,13213.44100000,1122424.68333000,0
1779161400000000,85.02000000,85.23000000,85.02000000,85.07000000,12976.00500000,1779163199999999,1104758.45079000,4951,6823.65700000,581013.01426000,0
1779163200000000,85.08000000,85.31000000,84.79000000,84.82000000,24387.85200000,1779164999999999,2074069.42052000,8120,8675.19400000,738175.58159000,0
1779165000000000,84.83000000,85.25000000,84.80000000,85.15000000,23748.82400000,1779166799999999,2020684.92492000,6616,14398.49000000,1224984.65340000,0
1779166800000000,85.15000000,85.18000000,84.47000000,84.84000000,61635.95300000,1779168599999999,5220910.50552000,12298,26397.43500000,2235871.21918000,0
1779168600000000,84.83000000,85.28000000,84.79000000,85.19000000,26591.64400000,1779170399999999,2263072.63814000,8972,17065.95700000,1452182.69154000,0
1779170400000000,85.18000000,85.35000000,85.12000000,85.31000000,18814.93700000,1779172199999999,1603787.15794000,6115,11089.97200000,945332.70832000,0
1779172200000000,85.30000000,85.62000000,85.24000000,85.26000000,56117.56400000,1779173999999999,4794274.45047000,9469,27684.99800000,2366079.93472000,0
1779174000000000,85.27000000,85.49000000,85.13000000,85.34000000,24409.31400000,1779175799999999,2083150.11839000,7014,13843.82500000,1181521.09205000,0
1779175800000000,85.35000000,85.64000000,85.33000000,85.51000000,22499.43200000,1779177599999999,1923877.44042000,8244,13888.27600000,1187490.37910000,0
1779177600000000,85.51000000,85.51000000,85.04000000,85.22000000,63015.07700000,1779179399999999,5370129.10454000,12352,26612.93200000,2267843.27987000,0
1779179400000000,85.22000000,85.59000000,85.17000000,85.25000000,22259.73400000,1779181199999999,1900009.36683000,7282,10054.48600000,858223.98536000,0
1779181200000000,85.24000000,85.31000000,84.58000000,84.60000000,60730.67900000,1779182999999999,5155545.37013000,11975,20864.37700000,1771172.20113000,0
1779183000000000,84.60000000,84.84000000,84.50000000,84.77000000,52055.12300000,1779184799999999,4408285.12582000,10176,29322.33200000,2483260.53987000,0
1779184800000000,84.76000000,84.79000000,84.57000000,84.67000000,17800.45100000,1779186599999999,1507145.92336000,6763,9477.67900000,802452.21587000,0
1779186600000000,84.68000000,84.88000000,84.31000000,84.70000000,43640.47700000,1779188399999999,3692056.31080000,15005,21558.96000000,1824378.69020000,0
1779188400000000,84.71000000,84.83000000,84.48000000,84.60000000,36970.60800000,1779190199999999,3130603.29960000,9174,21879.36500000,1852926.11221000,0
1779190200000000,84.60000000,84.62000000,84.27000000,84.39000000,26720.64700000,1779191999999999,2256421.71127000,8431,12628.88700000,1066534.07338000,0
1779192000000000,84.39000000,84.67000000,84.30000000,84.62000000,29388.12200000,1779193799999999,2484439.16149000,6512,10107.49300000,854388.62011000,0
1779193800000000,84.61000000,84.79000000,84.61000000,84.78000000,24500.54800000,1779195599999999,2076157.23027000,5669,12342.04200000,1045847.37966000,0
1779195600000000,84.78000000,84.90000000,84.39000000,84.41000000,37808.77700000,1779197399999999,3200001.80329000,13429,13808.68100000,1168729.06011000,0
1779197400000000,84.41000000,85.10000000,84.41000000,84.80000000,63941.57400000,1779199199999999,5423443.12319000,24423,35879.14100000,3042899.81788000,0
1779199200000000,84.80000000,84.94000000,84.08000000,84.28000000,97085.25100000,1779200999999999,8196665.84023000,30540,47304.01900000,3996095.10371000,0
1779201000000000,84.28000000,84.45000000,83.70000000,84.11000000,77327.04600000,1779202799999999,6503018.06919000,28105,34512.89200000,2902486.30136000,0
1779202800000000,84.12000000,84.47000000,84.03000000,84.23000000,43886.68200000,1779204599999999,3696891.49765000,15380,22162.60200000,1867128.31852000,0
1779204600000000,84.22000000,84.58000000,84.21000000,84.37000000,30622.94800000,1779206399999999,2584664.50312000,12385,15365.31500000,1297007.22490000,0
1779206400000000,84.38000000,84.44000000,84.15000000,84.39000000,24761.87200000,1779208199999999,2087512.14145000,10104,13751.75800000,1159356.45647000,0
1779208200000000,84.38000000,84.91000000,84.38000000,84.85000000,31186.76300000,1779209999999999,2641454.08870000,11433,19329.14200000,1636915.48968000,0
1779210000000000,84.85000000,85.04000000,84.69000000,84.72000000,37779.73300000,1779211799999999,3205898.20029000,10423,19671.41900000,1669637.17294000,0
1779211800000000,84.73000000,84.82000000,84.47000000,84.68000000,21354.86200000,1779213599999999,1807467.10554000,8837,10133.31800000,857633.21710000,0
1779213600000000,84.68000000,84.80000000,84.41000000,84.42000000,20402.65200000,1779215399999999,1726792.33034000,7933,7420.91200000,628103.00612000,0
1779215400000000,84.42000000,84.52000000,84.25000000,84.37000000,25720.95700000,1779217199999999,2170818.70198000,8704,8914.62600000,752424.70925000,0
1779217200000000,84.37000000,84.74000000,84.24000000,84.31000000,19617.65200000,1779218999999999,1657651.73584000,8521,9884.61400000,835503.59028000,0
1779219000000000,84.30000000,84.51000000,84.22000000,84.35000000,36049.70300000,1779220799999999,3043218.38265000,8372,14001.58700000,1181634.11959000,0
1779220800000000,84.36000000,84.51000000,84.30000000,84.40000000,24898.12600000,1779222599999999,2101857.46728000,4900,14648.57400000,1236657.53960000,0
1779222600000000,84.40000000,84.58000000,84.32000000,84.51000000,61469.46200000,1779224399999999,5190782.88194000,7271,33861.67300000,2859048.00442000,0
1779224400000000,84.52000000,84.66000000,84.39000000,84.55000000,27748.29900000,1779226199999999,2345437.22066000,5670,16574.54400000,1400993.61446000,0
1779226200000000,84.55000000,84.63000000,84.43000000,84.44000000,15082.26300000,1779227999999999,1275435.76728000,4904,7388.32600000,624830.35996000,0
1779228000000000,84.43000000,84.43000000,84.05000000,84.10000000,34232.15200000,1779229799999999,2882979.25291000,10468,13647.22000000,1149238.74616000,0
1779229800000000,84.10000000,84.24000000,84.00000000,84.10000000,15572.28300000,1779231599999999,1310386.61469000,5977,8865.96800000,746076.57276000,0
1779231600000000,84.10000000,84.47000000,84.03000000,84.47000000,12204.86800000,1779233399999999,1028162.96755000,4487,8542.76900000,719828.41726000,0
1779233400000000,84.46000000,84.59000000,84.24000000,84.29000000,14754.07000000,1779235199999999,1245604.66558000,5284,8165.83600000,689444.82008000,0
1779235200000000,84.30000000,84.39000000,83.92000000,84.17000000,46727.43200000,1779236999999999,3930611.57845000,11628,23093.18400000,1943288.48549000,0
1779237000000000,84.17000000,84.41000000,84.08000000,84.23000000,23369.48800000,1779238799999999,1967811.64805000,10326,12359.17600000,1040740.42429000,0
1779238800000000,84.23000000,84.47000000,83.86000000,83.89000000,28056.31500000,1779240599999999,2362727.69623000,11756,13154.64100000,1108269.50794000,0
1779240600000000,83.88000000,84.54000000,83.85000000,84.36000000,34754.49600000,1779242399999999,2924876.36625000,14751,17661.42000000,1486773.48862000,0
1779242400000000,84.36000000,84.49000000,84.19000000,84.28000000,22445.74900000,1779244199999999,1893035.82587000,7424,11857.15200000,999988.93744000,0
1779244200000000,84.27000000,84.28000000,83.93000000,83.99000000,26819.74900000,1779245999999999,2254627.62989000,9997,10391.25800000,873591.13772000,0
1779246000000000,83.99000000,84.28000000,83.86000000,84.24000000,12977.99500000,1779247799999999,1090772.41785000,6370,7242.48500000,608803.17211000,0
1779247800000000,84.25000000,84.26000000,84.02000000,84.10000000,11857.07900000,1779249599999999,997851.42178000,4597,5046.12500000,424669.78678000,0
1779249600000000,84.10000000,84.23000000,84.03000000,84.08000000,13937.79500000,1779251399999999,1172716.53273000,5014,5755.68800000,484340.16364000,0
1779251400000000,84.08000000,84.23000000,83.88000000,84.23000000,16911.77300000,1779253199999999,1421594.88868000,4673,10233.78100000,860435.57992000,0
1779253200000000,84.23000000,84.80000000,84.22000000,84.71000000,50931.98500000,1779254999999999,4307422.43765000,12388,29659.55200000,2508274.47918000,0
1779255000000000,84.71000000,84.95000000,84.71000000,84.78000000,41022.71800000,1779256799999999,3480255.86489000,14372,14722.10300000,1248960.69905000,0
1779256800000000,84.77000000,84.99000000,84.77000000,84.86000000,30728.59500000,1779258599999999,2607984.20382000,8230,18493.45400000,1569721.60594000,0
1779258600000000,84.87000000,85.02000000,84.72000000,84.99000000,36671.26400000,1779260399999999,3113440.58783000,6926,18723.39100000,1589753.14852000,0
1779260400000000,84.99000000,85.13000000,84.83000000,85.02000000,32482.45400000,1779262199999999,2759932.30888000,7643,14624.22300000,1242771.57833000,0
1779262200000000,85.02000000,85.03000000,84.70000000,84.77000000,20442.13800000,1779263999999999,1734863.62411000,6536,7439.56500000,631247.92592000,0
1779264000000000,84.76000000,84.92000000,84.72000000,84.86000000,22868.41400000,1779265799999999,1939612.53436000,6388,13735.56500000,1164995.16892000,0
1779265800000000,84.87000000,85.19000000,84.87000000,84.98000000,32492.89800000,1779267599999999,2763198.13390000,8565,19359.22100000,1646480.81434000,0
1779267600000000,84.99000000,85.10000000,84.88000000,85.04000000,33911.77400000,1779269399999999,2882583.18490000,6125,18298.18000000,1555238.36704000,0
1779269400000000,85.04000000,85.09000000,84.85000000,84.90000000,19500.48700000,1779271199999999,1656770.76349000,5363,10915.43800000,927353.88585000,0
1779271200000000,84.89000000,85.05000000,84.88000000,85.04000000,23541.66800000,1779272999999999,2000887.57261000,5018,13875.14000000,1179218.36999000,0
1779273000000000,85.04000000,85.21000000,84.96000000,84.98000000,25829.07200000,1779274799999999,2197289.44092000,6115,17257.45200000,1468255.58928000,0
1779274800000000,84.98000000,85.06000000,84.82000000,84.83000000,30720.53900000,1779276599999999,2609671.41732000,5616,17501.35100000,1486774.58059000,0
1779276600000000,84.84000000,84.92000000,84.58000000,84.70000000,31202.30700000,1779278399999999,2644366.82072000,10414,18014.47800000,1526709.41839000,0
1779278400000000,84.70000000,84.88000000,84.62000000,84.86000000,20779.48600000,1779280199999999,1761363.34251000,8821,13626.54200000,1155019.20253000,0
1779280200000000,84.86000000,85.33000000,84.86000000,85.10000000,40420.31700000,1779281999999999,3437846.18428000,8556,26842.10100000,2282884.66915000,0
1779282000000000,85.10000000,85.15000000,84.70000000,84.76000000,25041.30800000,1779283799999999,2127479.18932000,9834,8970.42200000,762218.22067000,0
1779283800000000,84.76000000,84.83000000,84.19000000,84.69000000,72092.52000000,1779285599999999,6093370.04292000,25832,29715.43400000,2511404.32864000,0
1779285600000000,84.69000000,85.32000000,84.33000000,85.12000000,82418.77700000,1779287399999999,6996089.81593000,31519,42790.49600000,3632623.54117000,0
1779287400000000,85.13000000,86.16000000,85.13000000,85.86000000,189652.00200000,1779289199999999,16248832.45660000,36272,103382.58000000,8856065.46034000,0
1779289200000000,85.85000000,86.27000000,85.43000000,85.99000000,119165.96100000,1779290999999999,10238495.34329000,36330,65322.17700000,5613020.37240000,0
1779291000000000,86.00000000,86.06000000,85.68000000,85.92000000,66908.89800000,1779292799999999,5749463.74387000,15479,31882.49700000,2740106.38965000,0
1779292800000000,85.92000000,86.46000000,85.54000000,85.67000000,116004.56000000,1779294599999999,9985840.49821000,29166,66883.56800000,5758067.89961000,0
1779294600000000,85.66000000,86.85000000,85.61000000,86.49000000,241896.18200000,1779296399999999,20928361.61691000,37125,164447.90200000,14229212.35560000,0
1779296400000000,86.49000000,86.89000000,86.32000000,86.79000000,83522.96100000,1779298199999999,7233153.52435000,19821,48269.11200000,4180061.74939000,0
1779298200000000,86.79000000,87.09000000,86.50000000,86.52000000,66523.14000000,1779299999999999,5775345.04340000,16608,41125.47700000,3571235.09910000,0
1779300000000000,86.52000000,86.58000000,86.04000000,86.07000000,85738.81900000,1779301799999999,7396599.71780000,16118,25457.50300000,2197414.30535000,0
1779301800000000,86.06000000,86.17000000,85.53000000,85.83000000,107765.88700000,1779303599999999,9252285.21708000,13800,27513.17000000,2361729.65973000,0
1779303600000000,85.83000000,86.21000000,85.61000000,86.20000000,31942.80500000,1779305399999999,2743569.60429000,10651,14451.74900000,1241323.63078000,0
1779305400000000,86.20000000,86.29000000,86.06000000,86.16000000,33429.66600000,1779307199999999,2881230.48843000,11679,17874.80100000,1540480.78907000,0
1779307200000000,86.16000000,86.24000000,85.55000000,85.97000000,50905.43700000,1779308999999999,4373724.40961000,12126,19832.49000000,1703520.92682000,0
1779309000000000,85.96000000,86.23000000,85.81000000,86.18000000,27249.39700000,1779310799999999,2344298.04036000,7156,18380.72300000,1581423.42295000,0
1779310800000000,86.17000000,86.33000000,86.00000000,86.00000000,20133.20200000,1779312599999999,1735106.71351000,5341,9229.68000000,795499.98353000,0
1779312600000000,86.00000000,86.21000000,85.95000000,85.99000000,34699.25100000,1779314399999999,2987929.97553000,5407,12848.00000000,1106019.18551000,0
1779314400000000,85.98000000,86.12000000,85.64000000,86.12000000,101344.44700000,1779316199999999,8695424.65790000,15011,27823.95500000,2388742.73966000,0
1779316200000000,86.12000000,86.24000000,85.92000000,86.04000000,28759.74500000,1779317999999999,2475213.98252000,5968,13146.78000000,1131491.20925000,0
1779318000000000,86.03000000,86.06000000,85.88000000,85.96000000,28174.36900000,1779319799999999,2422406.99229000,5248,9426.96200000,810422.87301000,0
1779319800000000,85.96000000,86.18000000,85.90000000,86.17000000,20379.11700000,1779321599999999,1753739.57762000,4688,12999.94000000,1118694.03937000,0
1779321600000000,86.17000000,86.45000000,86.11000000,86.37000000,36338.71600000,1779323399999999,3135013.59147000,8325,20298.71000000,1751348.87447000,0
1779323400000000,86.38000000,86.83000000,86.32000000,86.64000000,50081.87900000,1779325199999999,4338249.45286000,10722,35401.08700000,3066767.56206000,0
1779325200000000,86.64000000,87.06000000,86.47000000,86.53000000,53701.37900000,1779326999999999,4657065.91301000,13546,34226.83300000,2968928.93100000,0
1779327000000000,86.52000000,86.71000000,86.39000000,86.54000000,37675.68900000,1779328799999999,3260239.69212000,7163,15359.04200000,1329280.16322000,0
1779328800000000,86.54000000,86.88000000,86.44000000,86.73000000,24992.09100000,1779330599999999,2166077.42334000,6299,15821.96600000,1371477.15015000,0
1779330600000000,86.73000000,86.83000000,86.60000000,86.61000000,26909.29000000,1779332399999999,2333566.55276000,5548,15044.00000000,1304662.54752000,0
1779332400000000,86.61000000,86.82000000,86.54000000,86.78000000,32731.08000000,1779334199999999,2836890.86981000,6248,22077.11000000,1913582.12518000,0
1779334200000000,86.79000000,86.91000000,86.70000000,86.85000000,41686.61700000,1779335999999999,3617577.84639000,7398,23811.09600000,2066405.66815000,0
1779336000000000,86.85000000,87.22000000,86.84000000,86.94000000,58340.75900000,1779337799999999,5076538.21925000,10685,30899.79800000,2688725.06107000,0
1779337800000000,86.95000000,87.19000000,86.76000000,86.98000000,89458.79900000,1779339599999999,7784265.28267000,11163,42550.75000000,3701821.11741000,0
1779339600000000,86.98000000,87.11000000,86.63000000,86.64000000,29400.65800000,1779341399999999,2554955.37899000,6826,13583.61100000,1180780.55060000,0
1779341400000000,86.64000000,86.69000000,86.36000000,86.51000000,40067.10200000,1779343199999999,3466369.28242000,8183,17947.56500000,1552910.43609000,0
1779343200000000,86.51000000,86.62000000,86.27000000,86.48000000,30719.07000000,1779344999999999,2655226.00486000,7127,16305.32700000,1409306.39411000,0
1779345000000000,86.48000000,86.59000000,86.20000000,86.31000000,34386.61600000,1779346799999999,2969758.35632000,6666,15295.42200000,1321013.13920000,0
1779346800000000,86.31000000,86.53000000,86.26000000,86.48000000,32401.07700000,1779348599999999,2799744.32941000,7297,18036.60300000,1558507.28090000,0
1779348600000000,86.48000000,86.73000000,86.47000000,86.64000000,16153.00800000,1779350399999999,1399303.17626000,4310,10012.83800000,867408.02654000,0
1779350400000000,86.64000000,87.27000000,86.63000000,87.05000000,63415.78600000,1779352199999999,5516662.87134000,13793,47373.23000000,4121131.86260000,0
1779352200000000,87.05000000,87.05000000,86.71000000,86.86000000,38777.13600000,1779353999999999,3367740.02414000,7527,23142.02700000,2009795.22612000,0
1779354000000000,86.86000000,87.06000000,86.80000000,86.87000000,44362.13600000,1779355799999999,3854982.98279000,7202,23022.56400000,2000818.44167000,0
1779355800000000,86.86000000,86.91000000,86.46000000,86.50000000,24128.59900000,1779357599999999,2089259.55890000,6116,11055.92900000,957178.55448000,0
1779357600000000,86.49000000,86.68000000,85.74000000,85.99000000,59180.33500000,1779359399999999,5105289.43722000,14896,28606.95800000,2468786.03270000,0
1779359400000000,85.98000000,86.11000000,85.71000000,85.74000000,99917.27300000,1779361199999999,8585686.89530000,17694,65043.09800000,5589879.46227000,0
1779361200000000,85.75000000,85.94000000,85.62000000,85.84000000,48315.53900000,1779362999999999,4145916.22122000,12481,28756.06300000,2467830.29333000,0
1779363000000000,85.83000000,85.92000000,85.57000000,85.58000000,46780.95900000,1779364799999999,4009802.12851000,9391,18158.78900000,1556537.37824000,0
1779364800000000,85.58000000,85.72000000,85.50000000,85.53000000,45965.06200000,1779366599999999,3934622.98292000,9954,19203.44700000,1643962.01265000,0
1779366600000000,85.53000000,85.85000000,85.42000000,85.75000000,42275.73700000,1779368399999999,3622776.02012000,10928,24624.28700000,2110369.08738000,0
1779368400000000,85.75000000,86.09000000,85.70000000,86.07000000,45490.91100000,1779370199999999,3909890.42781000,9028,23019.95100000,1978862.91987000,0
1779370200000000,86.08000000,86.13000000,85.32000000,86.07000000,116775.76200000,1779371999999999,10008832.61597000,30336,62437.77400000,5353198.56217000,0
1779372000000000,86.07000000,86.45000000,85.62000000,85.99000000,102915.27500000,1779373799999999,8858111.23788000,25167,52624.12200000,4531853.12608000,0
1779373800000000,86.00000000,86.47000000,85.80000000,86.01000000,97963.62700000,1779375599999999,8440629.10402000,22285,61953.65100000,5338775.92958000,0
1779375600000000,86.01000000,86.90000000,85.90000000,86.81000000,104145.15700000,1779377399999999,9002242.63082000,23060,65666.49600000,5675954.72707000,0
1779377400000000,86.82000000,86.87000000,86.32000000,86.46000000,86521.23200000,1779379199999999,7488163.50800000,19434,37794.51300000,3270426.11089000,0
1779379200000000,86.46000000,86.59000000,86.13000000,86.31000000,54123.20600000,1779380999999999,4675281.70917000,12579,25311.63600000,2186468.44088000,0
1779381000000000,86.30000000,86.52000000,86.04000000,86.26000000,30101.69000000,1779382799999999,2595825.76053000,9436,13068.79600000,1127001.47150000,0
1779382800000000,86.27000000,88.00000000,86.18000000,87.82000000,242781.64500000,1779384599999999,21205526.16487000,45915,151283.18800000,13215066.66675000,0
1779384600000000,87.81000000,88.00000000,87.36000000,87.59000000,170114.87900000,1779386399999999,14912915.94334000,29657,91118.78200000,7990033.05154000,0
1779386400000000,87.59000000,87.79000000,87.34000000,87.56000000,73328.00600000,1779388199999999,6419463.34676000,16442,26924.23100000,2357328.43058000,0
1779388200000000,87.56000000,87.69000000,86.78000000,87.07000000,70039.11500000,1779389999999999,6108597.91136000,19031,25753.06500000,2246550.13397000,0
1779390000000000,87.07000000,87.58000000,87.07000000,87.43000000,44496.95800000,1779391799999999,3888328.30984000,12209,22903.77800000,2001367.47075000,0
1779391800000000,87.44000000,87.88000000,87.43000000,87.83000000,56919.69100000,1779393599999999,4991772.79145000,10545,35776.10000000,3137677.34949000,0
1779393600000000,87.83000000,87.92000000,87.66000000,87.69000000,34753.78900000,1779395399999999,3051302.32647000,6548,16433.62800000,1442893.67585000,0
1779395400000000,87.68000000,87.81000000,87.49000000,87.55000000,24127.67000000,1779397199999999,2114640.77945000,5108,8667.78700000,759762.93072000,0
1779397200000000,87.56000000,87.71000000,87.46000000,87.49000000,24327.53900000,1779398999999999,2130447.89730000,4908,14016.73500000,1227534.89270000,0
1779399000000000,87.49000000,87.55000000,87.31000000,87.35000000,47345.08800000,1779400799999999,4139224.90487000,7035,18603.56400000,1626466.32008000,0
1779400800000000,87.35000000,87.50000000,87.24000000,87.38000000,25058.54400000,1779402599999999,2189283.55620000,5539,11949.81600000,1043933.19009000,0
1779402600000000,87.38000000,87.42000000,87.13000000,87.19000000,14766.96100000,1779404399999999,1288491.70285000,4056,5417.44600000,472763.21173000,0
1779404400000000,87.19000000,87.32000000,87.02000000,87.15000000,14671.31400000,1779406199999999,1278714.52215000,4357,6365.36400000,554925.99925000,0
1779406200000000,87.15000000,87.38000000,87.11000000,87.36000000,25391.44900000,1779407999999999,2216459.87141000,5086,15922.42400000,1389879.26845000,0
1779408000000000,87.35000000,87.36000000,87.01000000,87.01000000,20841.05700000,1779409799999999,1816719.86453000,7660,7825.82200000,682156.13703000,0
1779409800000000,87.02000000,87.19000000,86.81000000,86.85000000,20917.61000000,1779411599999999,1819103.40535000,7203,8929.47800000,776772.43536000,0
1779411600000000,86.84000000,86.98000000,86.71000000,86.81000000,44483.94400000,1779413399999999,3861968.95164000,7639,30954.35200000,2687181.39313000,0
1779413400000000,86.81000000,87.10000000,86.59000000,87.08000000,29477.91000000,1779415199999999,2560034.28864000,9215,13371.71500000,1160959.72726000,0
1779415200000000,87.08000000,87.23000000,86.99000000,87.07000000,30167.72000000,1779416999999999,2628169.23779000,6400,13733.51600000,1196408.04855000,0
1779417000000000,87.07000000,87.26000000,86.99000000,87.17000000,28178.96400000,1779418799999999,2454720.22967000,5387,15354.03400000,1337633.12434000,0
1779418800000000,87.17000000,87.31000000,86.92000000,87.03000000,19924.11000000,1779420599999999,1735419.36059000,5157,6356.78500000,553709.17546000,0
1779420600000000,87.04000000,87.11000000,86.95000000,87.03000000,16505.21800000,1779422399999999,1436174.23750000,3884,5433.32500000,472788.16621000,0
1779422400000000,87.04000000,87.38000000,87.04000000,87.22000000,19783.72900000,1779424199999999,1725420.94967000,5214,12060.27400000,1051702.63873000,0
1779424200000000,87.23000000,87.24000000,86.93000000,86.98000000,18281.43500000,1779425999999999,1591281.70771000,6033,4633.18100000,403278.55646000,0
1779426000000000,86.98000000,87.15000000,86.85000000,86.95000000,15670.34100000,1779427799999999,1363170.77953000,4280,7055.36100000,613763.78912000,0
1779427800000000,86.96000000,87.12000000,86.73000000,86.81000000,19135.16800000,1779429599999999,1662857.16972000,5812,6387.14400000,555175.81282000,0
1779429600000000,86.81000000,86.84000000,86.52000000,86.59000000,27906.35200000,1779431399999999,2419002.08863000,7856,10089.44600000,874633.37478000,0
1779431400000000,86.60000000,86.85000000,86.52000000,86.71000000,44076.23300000,1779433199999999,3822183.08080000,8732,22379.19000000,1940304.53569000,0
1779433200000000,86.72000000,87.04000000,86.53000000,87.00000000,65528.94600000,1779434999999999,5688824.42407000,10046,32728.35000000,2841067.78389000,0
1779435000000000,87.01000000,87.15000000,86.96000000,86.97000000,30399.86800000,1779436799999999,2646375.78212000,6863,15477.09000000,1347346.31906000,0
1779436800000000,86.98000000,87.49000000,86.94000000,87.48000000,40151.02300000,1779438599999999,3502001.43330000,11413,22551.16100000,1966708.81845000,0
1779438600000000,87.48000000,87.53000000,86.87000000,87.14000000,60395.88700000,1779440399999999,5263534.39256000,16040,28159.54000000,2454124.48594000,0
1779440400000000,87.15000000,87.30000000,87.05000000,87.20000000,40368.23300000,1779442199999999,3519524.62659000,10638,14993.79600000,1307235.88615000,0
1779442200000000,87.20000000,87.40000000,87.07000000,87.27000000,31892.63500000,1779443999999999,2782412.50480000,10378,11910.50300000,1039115.74164000,0
1779444000000000,87.26000000,87.28000000,86.89000000,87.03000000,24700.15700000,1779445799999999,2150351.71478000,8323,11020.70600000,959477.54357000,0
1779445800000000,87.03000000,87.12000000,86.95000000,86.99000000,17000.63700000,1779447599999999,1479717.56964000,5759,8864.11500000,771581.29186000,0
1779447600000000,87.00000000,87.09000000,86.72000000,86.87000000,26983.15900000,1779449399999999,2345831.16909000,10209,13314.92000000,1157513.46372000,0
1779449400000000,86.87000000,87.33000000,86.86000000,87.32000000,29894.92000000,1779451199999999,2603150.81357000,9741,19450.97300000,1693745.63201000,0
1779451200000000,87.33000000,87.70000000,87.25000000,87.39000000,63904.25700000,1779452999999999,5592485.74543000,13726,37278.12100000,3262669.50456000,0
1779453000000000,87.38000000,87.77000000,87.34000000,87.76000000,44436.11400000,1779454799999999,3892886.70751000,8033,21513.19500000,1884394.64766000,0
1779454800000000,87.76000000,87.85000000,87.41000000,87.42000000,38905.98800000,1779456599999999,3411304.06703000,10570,17991.06100000,1577914.97095000,0
1779456600000000,87.41000000,87.55000000,87.10000000,87.40000000,74285.60300000,1779458399999999,6486090.63510000,20280,35506.01600000,3100261.48739000,0
1779458400000000,87.39000000,87.39000000,86.37000000,86.63000000,105048.16400000,1779460199999999,9119505.24946000,25108,43070.47600000,3737976.19189000,0
1779460200000000,86.64000000,86.83000000,86.52000000,86.62000000,56663.95900000,1779461999999999,4910428.09549000,15004,34927.54600000,3026741.96289000,0
1779462000000000,86.61000000,86.90000000,86.27000000,86.74000000,65069.54200000,1779463799999999,5636826.79082000,14957,32781.33100000,2841229.06313000,0
1779463800000000,86.74000000,86.98000000,86.58000000,86.77000000,43339.60200000,1779465599999999,3761937.11669000,11456,22692.14700000,1969848.80926000,0
1779465600000000,86.76000000,86.93000000,86.66000000,86.80000000,29096.93500000,1779467399999999,2524632.58158000,8657,14025.79500000,1217084.43644000,0
1779467400000000,86.79000000,87.00000000,86.73000000,86.92000000,30545.54400000,1779469199999999,2654279.12102000,7523,17681.14500000,1536774.19619000,0
1779469200000000,86.92000000,87.02000000,86.50000000,87.02000000,50390.78500000,1779470999999999,4376422.58962000,12284,24351.93600000,2115567.60846000,0
1779471000000000,87.02000000,87.19000000,86.62000000,86.63000000,36248.82500000,1779472799999999,3150054.08003000,10748,17452.47000000,1517108.33706000,0
1779472800000000,86.63000000,86.69000000,86.39000000,86.51000000,37182.99700000,1779474599999999,3217394.42813000,10005,14862.40200000,1285811.30993000,0
1779474600000000,86.52000000,86.53000000,84.62000000,85.46000000,191698.80300000,1779476399999999,16389447.28085000,43278,70133.54900000,5990032.14461000,0
1779476400000000,85.46000000,85.63000000,84.85000000,84.99000000,95236.15100000,1779478199999999,8116557.50209000,21817,49926.77100000,4255685.41458000,0
1779478200000000,84.99000000,85.02000000,84.00000000,84.55000000,187496.65600000,1779479999999999,15836615.31577000,45086,91523.66900000,7734699.47304000,0
1779480000000000,84.55000000,85.02000000,84.55000000,84.86000000,50418.09700000,1779481799999999,4277679.88377000,12979,24282.73500000,2060020.12212000,0
1779481800000000,84.86000000,85.07000000,84.57000000,85.00000000,51636.96600000,1779483599999999,4380147.15730000,11794,31546.19900000,2676372.32947000,0
1779483600000000,84.99000000,85.21000000,84.93000000,85.17000000,36200.21700000,1779485399999999,3079610.12744000,6703,16752.66900000,1425316.12186000,0
1779485400000000,85.17000000,85.28000000,85.09000000,85.17000000,18497.27000000,1779487199999999,1575821.83959000,5743,10212.38700000,869998.76687000,0
1779487200000000,85.17000000,85.22000000,84.95000000,84.99000000,20646.12200000,1779488999999999,1756639.52778000,6171,9237.38300000,786084.78201000,0
1779489000000000,84.99000000,85.10000000,84.78000000,84.96000000,35511.31500000,1779490799999999,3015425.16173000,6198,13936.92600000,1183673.85213000,0
1779490800000000,84.95000000,85.15000000,84.70000000,84.70000000,21860.80900000,1779492599999999,1857967.25347000,5009,11601.74700000,986439.60362000,0
1779492600000000,84.71000000,84.90000000,84.00000000,84.40000000,101498.68600000,1779494399999999,8567289.20418000,17808,36881.75400000,3112561.67887000,0
1779494400000000,84.40000000,84.55000000,84.16000000,84.39000000,100287.19500000,1779496199999999,8461005.96728000,16091,50060.47200000,4224207.14776000,0
1779496200000000,84.38000000,84.48000000,84.07000000,84.44000000,52395.74600000,1779497999999999,4415549.83124000,11241,25307.13800000,2132795.64196000,0
1779498000000000,84.44000000,84.64000000,84.32000000,84.58000000,26300.42500000,1779499799999999,2221791.10238000,5787,14191.11900000,1198862.63815000,0
1779499800000000,84.57000000,84.65000000,84.44000000,84.53000000,26166.06600000,1779501599999999,2212399.82457000,5771,8712.07800000,736713.25535000,0
1779501600000000,84.53000000,84.59000000,84.21000000,84.33000000,25626.04000000,1779503399999999,2162467.63247000,6795,9899.12400000,835482.16041000,0
1779503400000000,84.33000000,84.86000000,84.30000000,84.54000000,45806.04000000,1779505199999999,3873131.88236000,7120,36470.14500000,3084533.00083000,0
1779505200000000,84.53000000,84.64000000,84.49000000,84.62000000,16338.91300000,1779506999999999,1381842.39288000,3895,8810.98700000,745189.74714000,0
1779507000000000,84.62000000,84.75000000,84.61000000,84.68000000,16548.28000000,1779508799999999,1401509.22780000,3432,9614.05700000,814254.01812000,0
1779508800000000,84.69000000,84.72000000,84.48000000,84.54000000,17900.41400000,1779510599999999,1514546.20539000,3869,8371.16900000,708231.43405000,0
1779510600000000,84.54000000,84.66000000,84.35000000,84.42000000,24283.94300000,1779512399999999,2050832.25188000,5069,14275.13000000,1205497.24822000,0
1779512400000000,84.41000000,84.47000000,84.18000000,84.23000000,28197.00000000,1779514199999999,2377458.75605000,6246,13706.86300000,1155792.31694000,0
1779514200000000,84.22000000,84.47000000,84.19000000,84.46000000,14976.82400000,1779515999999999,1263449.54039000,3901,7856.31200000,662715.34260000,0
1779516000000000,84.45000000,84.49000000,84.34000000,84.39000000,12215.41500000,1779517799999999,1031250.26602000,3691,5606.92300000,473342.64600000,0
1779517800000000,84.39000000,84.49000000,84.18000000,84.27000000,31480.77700000,1779519599999999,2654072.85133000,5523,11928.82200000,1005716.19730000,0
1779519600000000,84.27000000,84.33000000,84.03000000,84.12000000,29459.34100000,1779521399999999,2479280.26499000,6396,12877.46100000,1083828.81515000,0
1779521400000000,84.13000000,84.13000000,81.50000000,82.25000000,521662.94300000,1779523199999999,43047317.06846000,85257,240016.92100000,19777608.77143000,0
1779523200000000,82.25000000,82.36000000,81.90000000,82.07000000,147888.77400000,1779524999999999,12144170.20962000,38880,58280.84300000,4786524.45270000,0
1779525000000000,82.07000000,82.13000000,81.63000000,82.13000000,91275.19000000,1779526799999999,7477909.40827000,16159,34493.32200000,2826065.22763000,0
1779526800000000,82.13000000,82.25000000,82.01000000,82.09000000,40252.22000000,1779528599999999,3304498.32452000,6997,21330.28000000,1751129.51401000,0
1779528600000000,82.10000000,82.15000000,81.99000000,82.01000000,33612.74100000,1779530399999999,2758220.24874000,7552,18219.34500000,1495222.19999000,0
1779530400000000,82.01000000,82.32000000,82.01000000,82.32000000,27806.00000000,1779532199999999,2284995.40069000,5204,12326.21900000,1013059.21395000,0
1779532200000000,82.32000000,82.39000000,82.23000000,82.26000000,26136.83400000,1779533999999999,2151007.01165000,5248,12716.28800000,1046655.14635000,0
1779534000000000,82.27000000,82.49000000,82.23000000,82.45000000,24433.87800000,1779535799999999,2012185.79207000,5782,13317.36800000,1096707.92754000,0
1779535800000000,82.44000000,82.47000000,82.30000000,82.31000000,16668.30000000,1779537599999999,1373018.07761000,3887,7440.11900000,612924.94833000,0
1779537600000000,82.30000000,82.35000000,82.15000000,82.31000000,24284.26900000,1779539399999999,1997994.87982000,6421,12991.15300000,1068938.97971000,0
1779539400000000,82.30000000,82.56000000,82.30000000,82.49000000,21482.40200000,1779541199999999,1770466.08333000,5051,14842.19000000,1223367.92004000,0
1779541200000000,82.50000000,83.28000000,82.49000000,83.24000000,103211.64500000,1779542999999999,8554198.87282000,18304,55490.13100000,4600585.38680000,0
1779543000000000,83.23000000,83.49000000,83.01000000,83.22000000,40911.93600000,1779544799999999,3405339.82046000,11283,24027.71000000,2000224.60825000,0
1779544800000000,83.23000000,83.58000000,83.10000000,83.57000000,33374.87500000,1779546599999999,2781983.81036000,8546,20654.72100000,1721808.95639000,0
1779546600000000,83.56000000,84.47000000,83.49000000,84.13000000,86703.61500000,1779548399999999,7280396.16279000,19678,52057.63500000,4370918.78633000,0
1779548400000000,84.14000000,84.54000000,83.91000000,83.93000000,77281.24500000,1779550199999999,6507994.15447000,14435,36560.71800000,3079609.01840000,0
1779550200000000,83.93000000,84.11000000,83.63000000,84.10000000,60074.06500000,1779551999999999,5038314.69109000,11338,35852.96000000,3006344.63644000,0
1779552000000000,84.09000000,84.25000000,83.93000000,84.05000000,52270.51000000,1779553799999999,4396610.73302000,9776,21654.79900000,1821151.86673000,0
1779553800000000,84.06000000,84.31000000,84.04000000,84.11000000,20228.43300000,1779555599999999,1702246.24402000,5698,9529.45400000,802031.39141000,0
1779555600000000,84.11000000,84.35000000,84.10000000,84.23000000,23963.03400000,1779557399999999,2018223.55283000,6323,12612.50300000,1062249.35008000,0
1779557400000000,84.23000000,84.29000000,83.99000000,84.21000000,25878.71800000,1779559199999999,2178005.43012000,7059,11906.22700000,1001886.03598000,0
1779559200000000,84.22000000,85.03000000,84.17000000,84.85000000,91807.15600000,1779560999999999,7779334.29984000,19996,54505.95300000,4618323.45721000,0
1779561000000000,84.86000000,85.14000000,84.67000000,84.71000000,29423.01000000,1779562799999999,2497213.89486000,9291,13808.15400000,1172205.69605000,0
1779562800000000,84.72000000,85.07000000,84.62000000,85.05000000,46802.73000000,1779564599999999,3972120.42007000,8551,29455.60500000,2499840.90644000,0
1779564600000000,85.06000000,85.11000000,84.75000000,84.96000000,34113.71000000,1779566399999999,2896496.79884000,7199,19921.23200000,1691492.86809000,0
1779566400000000,84.97000000,85.14000000,84.81000000,84.86000000,49810.00500000,1779568199999999,4232273.58766000,9084,31006.17700000,2634620.19212000,0
1779568200000000,84.87000000,87.09000000,84.80000000,87.08000000,392438.40100000,1779569999999999,33930465.96687000,62531,226118.15700000,19538544.68822000,0
1779570000000000,87.08000000,87.50000000,86.32000000,86.34000000,135865.04700000,1779571799999999,11806922.59803000,33748,65666.24600000,5712420.15469000,0
1779571800000000,86.33000000,86.58000000,86.00000000,86.28000000,70380.60100000,1779573599999999,6068373.06757000,21161,31999.07500000,2759196.99018000,0
1779573600000000,86.28000000,86.61000000,86.07000000,86.08000000,30667.34900000,1779575399999999,2647024.05933000,9344,14524.31300000,1254341.74567000,0
1779575400000000,86.08000000,86.14000000,85.52000000,85.81000000,61912.45500000,1779577199999999,5313063.86165000,13727,24562.15200000,2108188.52722000,0
1779577200000000,85.81000000,85.94000000,85.67000000,85.72000000,44976.90100000,1779578999999999,3858194.46463000,7863,21157.14600000,1814684.06468000,0
1779579000000000,85.71000000,85.87000000,85.67000000,85.75000000,17520.30000000,1779580799999999,1502488.94439000,5978,8819.41800000,756328.65592000,0
1779580800000000,85.76000000,85.84000000,85.62000000,85.78000000,19081.12800000,1779582599999999,1635470.07310000,6770,9628.55800000,825316.74862000,0
1779582600000000,85.78000000,86.03000000,85.76000000,85.89000000,25645.53800000,1779584399999999,2202866.27713000,6890,15676.22000000,1346704.16539000,0
1779584400000000,85.89000000,86.14000000,85.87000000,86.13000000,21717.50300000,1779586199999999,1867979.79616000,7100,14181.79500000,1219890.73942000,0
1779586200000000,86.12000000,86.23000000,85.96000000,86.01000000,27443.56900000,1779587999999999,2362393.64562000,7450,12834.66500000,1104983.49007000,0
1779588000000000,86.02000000,86.11000000,85.70000000,85.77000000,24966.89200000,1779589799999999,2144642.68568000,6408,11390.59700000,978598.60098000,0
1779589800000000,85.78000000,86.03000000,85.75000000,85.98000000,12814.06500000,1779591599999999,1100556.93477000,4663,7530.38600000,646741.76942000,0
1779591600000000,85.99000000,86.13000000,85.82000000,85.86000000,15120.74800000,1779593399999999,1299836.43546000,4792,8502.85100000,731009.58930000,0
1779593400000000,85.87000000,85.87000000,85.63000000,85.81000000,22375.12700000,1779595199999999,1919241.79020000,5737,10128.42600000,868758.39352000,0
1779595200000000,85.81000000,86.12000000,85.78000000,86.00000000,32874.22400000,1779596999999999,2826579.17454000,6161,19195.61300000,1650342.73233000,0
1779597000000000,85.99000000,86.05000000,85.88000000,85.93000000,9702.39500000,1779598799999999,834051.65506000,3025,3841.13100000,330226.31626000,0
1779598800000000,85.94000000,85.95000000,85.64000000,85.72000000,11240.44800000,1779600599999999,964489.97429000,4224,4966.35700000,426178.46609000,0
1779600600000000,85.71000000,86.18000000,85.58000000,86.16000000,47054.52200000,1779602399999999,4043495.01912000,7807,20826.97100000,1789613.63351000,0
1779602400000000,86.16000000,86.21000000,85.95000000,85.96000000,14667.89000000,1779604199999999,1262789.29791000,4291,9210.14900000,792986.20075000,0
1779604200000000,85.96000000,86.49000000,85.93000000,86.45000000,23744.90400000,1779605999999999,2047734.88082000,7123,16714.36100000,1441311.16845000,0
1779606000000000,86.46000000,86.70000000,86.19000000,86.23000000,29424.12900000,1779607799999999,2543603.49852000,9266,14510.40400000,1254420.23617000,0
1779607800000000,86.22000000,86.30000000,86.00000000,86.07000000,34549.73300000,1779609599999999,2976612.40089000,7859,18018.96200000,1552720.87995000,0
1779609600000000,86.07000000,86.34000000,86.01000000,86.28000000,25733.94100000,1779611399999999,2216346.11699000,4656,13210.84300000,1137927.45050000,0
1779611400000000,86.28000000,86.54000000,86.27000000,86.51000000,28777.53800000,1779613199999999,2486849.76095000,5695,17983.67500000,1554240.75586000,0
1779613200000000,86.51000000,87.00000000,86.37000000,86.66000000,90424.43200000,1779614999999999,7839449.22449000,14704,53555.87200000,4644466.63169000,0
1779615000000000,86.65000000,86.77000000,86.53000000,86.55000000,22660.48000000,1779616799999999,1963264.51361000,5892,11255.01900000,975129.26905000,0
1779616800000000,86.55000000,86.73000000,86.24000000,86.43000000,53740.31400000,1779618599999999,4644649.52534000,12230,28600.38500000,2472155.16146000,0
1779618600000000,86.43000000,86.52000000,86.26000000,86.50000000,48490.64700000,1779620399999999,4188685.49317000,9027,25882.69500000,2236090.61294000,0
1779620400000000,86.50000000,86.92000000,86.49000000,86.63000000,79303.52900000,1779622199999999,6879180.68360000,10746,42719.88300000,3706634.01828000,0
1779622200000000,86.62000000,86.74000000,86.41000000,86.66000000,47844.97500000,1779623999999999,4141011.13246000,7744,26619.93400000,2304131.69527000,0
1779624000000000,86.67000000,86.69000000,86.20000000,86.24000000,21133.24900000,1779625799999999,1826116.21253000,5707,6445.37400000,557049.45720000,0
1779625800000000,86.25000000,86.38000000,86.18000000,86.35000000,36303.14900000,1779627599999999,3132145.43719000,5074,21968.86000000,1895463.26850000,0
1779627600000000,86.36000000,86.46000000,86.15000000,86.17000000,49077.13200000,1779629399999999,4235412.11455000,5915,31689.26800000,2734023.87700000,0
1779629400000000,86.17000000,86.34000000,85.73000000,85.90000000,44324.62500000,1779631199999999,3815717.40450000,12112,19880.20800000,1712215.99057000,0
1779631200000000,85.90000000,86.01000000,84.48000000,85.08000000,163957.21800000,1779632999999999,13963610.55180000,35413,68690.76700000,5851144.41537000,0
1779633000000000,85.07000000,85.35000000,85.05000000,85.25000000,36744.99600000,1779634799999999,3131935.65448000,10016,19476.05800000,1660016.31722000,0
1779634800000000,85.25000000,85.38000000,85.14000000,85.32000000,28219.41700000,1779636599999999,2406469.83417000,7679,15493.05900000,1321348.54540000,0
1779636600000000,85.31000000,85.46000000,85.25000000,85.31000000,20020.60200000,1779638399999999,1708541.73508000,7922,12133.58500000,1035513.05971000,0
1779638400000000,85.30000000,85.88000000,85.11000000,85.53000000,91319.23400000,1779640199999999,7804108.34972000,16780,37660.78500000,3221863.79832000,0
1779640200000000,85.53000000,85.71000000,85.27000000,85.64000000,25005.24100000,1779641999999999,2136890.11611000,7018,12929.79600000,1105444.41168000,0
1779642000000000,85.65000000,85.76000000,85.49000000,85.54000000,18547.28600000,1779643799999999,1588338.81662000,6062,8253.73600000,706897.84581000,0
1779643800000000,85.54000000,85.79000000,85.50000000,85.65000000,22918.62700000,1779645599999999,1964016.33558000,5107,15356.08700000,1315879.32217000,0
1779645600000000,85.64000000,85.68000000,85.29000000,85.37000000,31818.88600000,1779647399999999,2720045.23675000,6740,12402.74200000,1060484.71248000,0
1779647400000000,85.37000000,85.49000000,85.27000000,85.40000000,14613.47700000,1779649199999999,1247498.83341000,5190,6331.87300000,540554.69875000,0
1779649200000000,85.41000000,85.51000000,85.24000000,85.29000000,28286.60800000,1779650999999999,2414085.53653000,6125,13248.23900000,1130587.03736000,0
1779651000000000,85.29000000,85.42000000,85.23000000,85.37000000,14798.70800000,1779652799999999,1262767.93198000,5410,9319.10500000,795220.96590000,0
1779652800000000,85.38000000,85.43000000,84.91000000,85.05000000,35571.46100000,1779654599999999,3027630.34930000,8823,13912.71100000,1183996.09598000,0
1779654600000000,85.05000000,85.13000000,84.49000000,84.76000000,204354.11600000,1779656399999999,17313753.06831000,16425,136673.08400000,11575706.50117000,0
1779656400000000,84.76000000,84.96000000,84.50000000,84.56000000,46206.91100000,1779658199999999,3920170.38651000,8364,19647.73000000,1667364.25562000,0
1779658200000000,84.56000000,84.66000000,83.70000000,83.97000000,130140.59000000,1779659999999999,10949096.34116000,31062,45933.46000000,3864024.54396000,0
1779660000000000,83.96000000,85.33000000,83.94000000,85.07000000,117376.54500000,1779661799999999,9961403.02543000,27274,63302.17900000,5367278.00829000,0
1779661800000000,85.07000000,85.26000000,84.78000000,84.99000000,65460.02400000,1779663599999999,5566358.07873000,13108,21619.79500000,1838875.24229000,0
1779663600000000,85.00000000,85.24000000,85.00000000,85.08000000,30391.14500000,1779665399999999,2586620.95037000,8028,12970.63000000,1103925.57711000,0
1779665400000000,85.08000000,85.52000000,85.08000000,85.27000000,40669.48500000,1779667199999999,3471666.86985000,11083,21332.72800000,1821195.59312000,0
1779667200000000,85.27000000,85.53000000,85.26000000,85.50000000,34855.11100000,1779668999999999,2976051.54119000,9753,16855.32700000,1439370.87793000,0
1779669000000000,85.50000000,85.67000000,85.39000000,85.50000000,36735.30800000,1779670799999999,3140887.11681000,9307,24249.58500000,2073272.95492000,0
1779670800000000,85.50000000,85.59000000,85.33000000,85.45000000,29703.94600000,1779672599999999,2538735.65327000,8573,13612.69800000,1163609.33584000,0
1779672600000000,85.46000000,85.49000000,84.83000000,84.87000000,28146.53800000,1779674399999999,2398784.58266000,8079,8341.67600000,711061.54784000,0
1779674400000000,84.87000000,85.85000000,84.87000000,85.16000000,89159.02300000,1779676199999999,7624258.21941000,16114,57825.90100000,4947047.16800000,0
1779676200000000,85.16000000,85.27000000,85.01000000,85.08000000,32141.41400000,1779677999999999,2736666.19981000,8840,14970.80800000,1274702.82094000,0
1779678000000000,85.08000000,85.18000000,84.86000000,84.91000000,30950.13900000,1779679799999999,2630244.49039000,8752,13496.60300000,1147025.38789000,0
1779679800000000,84.92000000,84.98000000,84.80000000,84.95000000,20849.74100000,1779681599999999,1770228.84948000,5843,11136.35200000,945462.45062000,0
1779681600000000,84.95000000,85.25000000,84.93000000,85.24000000,20929.16700000,1779683399999999,1780677.80150000,5292,13945.42600000,1186848.71015000,0
1779683400000000,85.24000000,85.93000000,85.21000000,85.84000000,44483.44400000,1779685199999999,3809021.67641000,9724,26748.26000000,2290440.54211000,0
1779685200000000,85.85000000,86.18000000,85.76000000,85.99000000,56242.40000000,1779686999999999,4835190.15632000,15927,27881.57500000,2397005.82282000,0
1779687000000000,85.98000000,86.16000000,85.96000000,85.98000000,27884.83000000,1779688799999999,2399374.65962000,8398,13671.33500000,1176426.64780000,0
1779688800000000,85.99000000,86.19000000,85.65000000,85.77000000,36294.26900000,1779690599999999,3117334.36848000,9260,15476.58500000,1330241.56683000,0
1779690600000000,85.77000000,86.05000000,85.77000000,85.99000000,29258.89900000,1779692399999999,2515335.22526000,6923,18213.36900000,1565880.69099000,0
1779692400000000,85.99000000,86.16000000,85.59000000,85.65000000,29130.03100000,1779694199999999,2501342.97128000,8096,11576.17100000,994448.60553000,0
1779694200000000,85.66000000,85.96000000,85.48000000,85.96000000,51835.69700000,1779695999999999,4443446.46289000,7038,17195.97400000,1474938.79296000,0
1779696000000000,85.95000000,85.96000000,85.75000000,85.82000000,28232.98200000,1779697799999999,2424046.26519000,5347,12241.18100000,1051129.50629000,0
1779697800000000,85.83000000,86.08000000,85.83000000,86.02000000,24160.81600000,1779699599999999,2076675.29745000,5535,14085.29900000,1210758.85585000,0
1779699600000000,86.03000000,86.17000000,85.94000000,86.05000000,28456.94500000,1779701399999999,2448501.47578000,6884,13841.85700000,1191178.56719000,0
1779701400000000,86.05000000,86.22000000,85.93000000,85.94000000,26261.85200000,1779703199999999,2259465.17212000,6389,12425.63100000,1069022.98778000,0
1779703200000000,85.94000000,86.11000000,85.90000000,86.02000000,19782.53300000,1779704999999999,1700961.26507000,5077,10004.51100000,860199.38669000,0
1779705000000000,86.01000000,86.11000000,85.95000000,86.08000000,19069.16300000,1779706799999999,1640487.11151000,4411,8479.98400000,729466.56321000,0
1779706800000000,86.07000000,86.07000000,85.90000000,85.92000000,19331.73200000,1779708599999999,1662256.18476000,4949,8594.10600000,739039.50481000,0
1779708600000000,85.92000000,86.14000000,85.70000000,85.76000000,25723.60900000,1779710399999999,2209909.37488000,7043,11887.89500000,1021354.78406000,0
1779710400000000,85.77000000,86.07000000,85.66000000,85.97000000,35287.28800000,1779712199999999,3029413.51148000,9969,23271.03700000,1997667.26997000,0
1779712200000000,85.97000000,86.07000000,85.82000000,85.87000000,34994.90100000,1779713999999999,3007618.74643000,7331,12881.59800000,1107104.48279000,0
1779714000000000,85.87000000,86.03000000,85.83000000,85.85000000,17144.32700000,1779715799999999,1472941.99984000,5547,8667.29100000,744592.00948000,0
1779715800000000,85.85000000,86.03000000,85.77000000,86.01000000,22108.04000000,1779717599999999,1898803.45853000,6621,13010.12000000,1117444.11790000,0
1779717600000000,86.01000000,86.38000000,85.90000000,86.37000000,54239.81100000,1779719399999999,4673279.44407000,11467,29208.46000000,2517381.54323000,0
1779719400000000,86.37000000,86.45000000,86.16000000,86.34000000,31868.00400000,1779721199999999,2750457.80420000,9353,14634.23800000,1263100.88367000,0
1779721200000000,86.34000000,86.52000000,86.07000000,86.11000000,59793.20500000,1779722999999999,5160464.98515000,11294,29408.83300000,2538581.73932000,0
1779723000000000,86.10000000,86.31000000,86.06000000,86.26000000,19624.69100000,1779724799999999,1691860.32199000,4858,11455.76100000,987613.43513000,0
1779724800000000,86.26000000,86.28000000,85.99000000,86.02000000,35285.35600000,1779726599999999,3038469.61395000,6094,14313.25600000,1232220.18296000,0
1779726600000000,86.02000000,86.44000000,85.98000000,86.27000000,34575.63200000,1779728399999999,2980849.60585000,9705,23228.03700000,2002627.16180000,0
1779728400000000,86.26000000,86.38000000,86.08000000,86.30000000,27238.72300000,1779730199999999,2349602.28923000,6452,16093.85000000,1388467.06473000,0
1779730200000000,86.29000000,86.32000000,86.06000000,86.13000000,42966.10500000,1779731999999999,3701855.64013000,6385,18664.16500000,1607919.83891000,0
1779732000000000,86.12000000,86.30000000,86.09000000,86.21000000,15594.51300000,1779733799999999,1344457.27603000,5117,11708.39400000,1009416.28133000,0
1779733800000000,86.20000000,86.21000000,85.88000000,85.91000000,20254.15600000,1779735599999999,1742469.04153000,7339,9304.64500000,800633.11820000,0
1779735600000000,85.91000000,85.92000000,85.73000000,85.92000000,38254.23700000,1779737399999999,3283575.32101000,14323,22479.67600000,1929518.86139000,0
1779737400000000,85.91000000,85.92000000,85.52000000,85.64000000,40381.69600000,1779739199999999,3459252.79270000,14109,22959.56600000,1966500.35402000,0
1779739200000000,85.64000000,85.87000000,85.60000000,85.65000000,23246.77400000,1779740999999999,1993421.28696000,8461,12704.10700000,1089193.61941000,0
1779741000000000,85.66000000,85.72000000,85.30000000,85.41000000,31266.36700000,1779742799999999,2672553.49227000,9586,14761.12500000,1261743.54052000,0
1779742800000000,85.40000000,85.56000000,85.34000000,85.47000000,20336.25000000,1779744599999999,1737675.98419000,5699,12006.11900000,1025935.47096000,0
1779744600000000,85.46000000,85.47000000,85.27000000,85.38000000,17552.37500000,1779746399999999,1498818.65581000,6695,10247.24600000,875070.66983000,0
1779746400000000,85.38000000,85.54000000,85.19000000,85.31000000,25719.12300000,1779748199999999,2195944.22598000,8698,11180.48000000,954672.26304000,0
1779748200000000,85.30000000,85.30000000,84.71000000,84.81000000,71460.35700000,1779749999999999,6067818.61542000,15750,37168.11100000,3154541.36603000,0
1779750000000000,84.80000000,85.15000000,84.73000000,85.10000000,37985.65600000,1779751799999999,3229167.82536000,8613,22525.10900000,1914869.59951000,0
1779751800000000,85.09000000,85.21000000,84.94000000,85.06000000,15438.28900000,1779753599999999,1313384.87526000,4874,8650.68800000,735952.69959000,0
1779753600000000,85.06000000,85.09000000,84.66000000,84.71000000,38378.01700000,1779755399999999,3256117.11177000,8483,20057.33700000,1701789.92212000,0
1779755400000000,84.70000000,84.82000000,83.90000000,84.40000000,94265.97400000,1779757199999999,7945599.37242000,19290,28237.56800000,2380633.73198000,0
1779757200000000,84.40000000,84.57000000,84.14000000,84.32000000,41931.07800000,1779758999999999,3536894.39790000,12321,21201.16500000,1788458.56033000,0
1779759000000000,84.31000000,84.31000000,83.85000000,84.11000000,55030.31900000,1779760799999999,4626823.00676000,16792,17081.82400000,1435907.31622000,0
1779760800000000,84.12000000,84.23000000,83.99000000,84.01000000,27527.83100000,1779762599999999,2315891.15799000,8892,11867.10900000,998435.31015000,0
1779762600000000,84.01000000,84.14000000,83.90000000,84.03000000,27902.12700000,1779764399999999,2345017.18626000,8418,11699.24000000,983324.91350000,0
1779764400000000,84.03000000,84.03000000,83.85000000,84.01000000,26339.07600000,1779766199999999,2210983.81613000,6977,13487.75100000,1132360.35758000,0
1779766200000000,84.02000000,84.27000000,83.96000000,84.22000000,21413.11300000,1779767999999999,1802253.38659000,5194,11648.35200000,980320.00265000,0
1779768000000000,84.23000000,84.50000000,84.01000000,84.46000000,30131.26800000,1779769799999999,2538699.96890000,6423,21044.29900000,1773550.43840000,0
1779769800000000,84.46000000,84.52000000,84.34000000,84.37000000,22903.17700000,1779771599999999,1933736.72046000,4553,14015.38900000,1183409.94048000,0
1779771600000000,84.37000000,84.68000000,84.28000000,84.66000000,45597.33600000,1779773399999999,3854356.33450000,6416,26707.95200000,2256908.36733000,0
1779773400000000,84.65000000,84.97000000,84.52000000,84.67000000,29907.46200000,1779775199999999,2533991.38697000,7854,15957.81300000,1352237.82504000,0
1779775200000000,84.66000000,84.66000000,84.40000000,84.50000000,33034.14600000,1779776999999999,2792701.54944000,8724,16434.46000000,1389456.95186000,0
1779777000000000,84.51000000,84.83000000,84.51000000,84.60000000,23935.95500000,1779778799999999,2026537.54769000,8516,13952.27000000,1181290.22229000,0
1779778800000000,84.61000000,84.63000000,84.12000000,84.28000000,42572.30100000,1779780599999999,3588385.62826000,10815,23531.86000000,1983446.39748000,0
1779780600000000,84.28000000,84.50000000,84.10000000,84.35000000,38181.85300000,1779782399999999,3217817.75479000,8910,20422.88000000,1721119.87071000,0
1779782400000000,84.36000000,84.53000000,84.34000000,84.48000000,28435.84900000,1779784199999999,2401229.59288000,5875,19415.95500000,1639624.39729000,0
1779784200000000,84.47000000,84.57000000,84.34000000,84.44000000,30899.78500000,1779785999999999,2609156.32901000,6205,20483.46800000,1729437.92589000,0
1779786000000000,84.44000000,84.64000000,84.36000000,84.58000000,27480.70700000,1779787799999999,2321969.43259000,6777,15295.76400000,1292440.52593000,0
1779787800000000,84.59000000,84.72000000,84.29000000,84.48000000,30935.25500000,1779789599999999,2613743.03691000,6333,17368.13700000,1467605.15330000,0
1779789600000000,84.47000000,85.57000000,84.36000000,85.55000000,83136.76900000,1779791399999999,7066594.14958000,18830,59569.97800000,5063276.32471000,0
1779791400000000,85.55000000,85.80000000,85.47000000,85.56000000,100561.79700000,1779793199999999,8611877.46286000,23829,47974.19700000,4108566.62458000,0
1779793200000000,85.57000000,85.66000000,85.33000000,85.37000000,49389.28100000,1779794999999999,4223209.28057000,11741,18221.92100000,1558149.35867000,0
1779795000000000,85.37000000,85.52000000,85.21000000,85.21000000,41723.11600000,1779796799999999,3560815.26472000,7517,21849.70400000,1864565.27277000,0
1779796800000000,85.22000000,85.33000000,84.81000000,85.07000000,96676.27300000,1779798599999999,8221311.24558000,13365,58047.10500000,4936757.43550000,0
1779798600000000,85.08000000,85.40000000,84.97000000,85.32000000,63363.40100000,1779800399999999,5396072.80091000,10249,31882.12000000,2714946.62350000,0
1779800400000000,85.32000000,85.37000000,84.94000000,84.96000000,51600.48900000,1779802199999999,4395137.70943000,8402,20886.16400000,1779830.48447000,0
1779802200000000,84.96000000,85.77000000,84.69000000,85.50000000,94697.14000000,1779803999999999,8067879.55166000,25534,46975.64000000,4004104.27185000,0
1779804000000000,85.51000000,86.13000000,85.39000000,86.02000000,101290.01600000,1779805799999999,8685560.02858000,23250,64899.57500000,5564892.58895000,0
1779805800000000,86.01000000,86.08000000,84.77000000,85.24000000,119423.89000000,1779807599999999,10185203.07775000,33614,52179.94800000,4448582.86461000,0
1779807600000000,85.23000000,85.36000000,84.67000000,84.86000000,69664.29000000,1779809399999999,5925167.19913000,20313,30523.19900000,2596028.37406000,0
1779809400000000,84.87000000,84.91000000,84.03000000,84.49000000,125268.58100000,1779811199999999,10581645.46031000,30428,65076.21200000,5496862.38626000,0
1779811200000000,84.49000000,84.57000000,83.95000000,84.32000000,85141.75700000,1779812999999999,7177051.42956000,19327,41374.66400000,3488510.98634000,0
1779813000000000,84.31000000,84.53000000,84.00000000,84.23000000,58356.24100000,1779814799999999,4917872.21133000,12361,29364.06500000,2474746.26703000,0
1779814800000000,84.23000000,84.39000000,83.41000000,83.48000000,104127.58900000,1779816599999999,8729685.73374000,21009,42235.41600000,3544932.45454000,0
1779816600000000,83.48000000,83.85000000,83.15000000,83.59000000,105796.59000000,1779818399999999,8834714.11949000,26996,50531.05400000,4220068.89497000,0
1779818400000000,83.59000000,84.09000000,83.50000000,83.93000000,44322.34500000,1779820199999999,3716700.19410000,14239,21174.35900000,1775679.05020000,0
1779820200000000,83.94000000,83.97000000,83.49000000,83.63000000,38739.72600000,1779821999999999,3245232.31755000,11784,17585.87600000,1473287.75043000,0
1779822000000000,83.63000000,83.70000000,83.36000000,83.60000000,29971.55900000,1779823799999999,2504086.11323000,10505,11980.15900000,1000985.06203000,0
1779823800000000,83.60000000,84.02000000,83.59000000,83.80000000,44776.32100000,1779825599999999,3754105.78458000,11268,20751.36400000,1739709.54365000,0
1779825600000000,83.80000000,83.98000000,83.74000000,83.91000000,25411.39200000,1779827399999999,2131484.63114000,8661,16394.11600000,1375040.41314000,0
1779827400000000,83.91000000,83.95000000,83.74000000,83.94000000,9611.51300000,1779829199999999,806117.19273000,6024,5167.10100000,433406.22290000,0
1779829200000000,83.94000000,83.96000000,83.57000000,83.87000000,19007.15900000,1779830999999999,1591870.49468000,6079,8917.34600000,747224.66520000,0
1779831000000000,83.87000000,83.97000000,83.60000000,83.70000000,17411.63700000,1779832799999999,1459566.73205000,6901,11122.47000000,932431.50376000,0
1779832800000000,83.70000000,83.88000000,83.54000000,83.76000000,15859.76000000,1779834599999999,1327430.60472000,8231,6190.78900000,518215.91012000,0
1779834600000000,83.75000000,83.78000000,83.54000000,83.65000000,9737.18900000,1779836399999999,814464.19526000,5464,3890.83300000,325434.54671000,0
1779836400000000,83.66000000,83.85000000,83.63000000,83.70000000,25491.82600000,1779838199999999,2136087.05250000,5449,19540.58100000,1637567.47511000,0
1779838200000000,83.69000000,83.82000000,83.67000000,83.72000000,11417.15400000,1779839999999999,955997.75231000,3855,5358.23000000,448727.55272000,0
1779840000000000,83.73000000,83.99000000,83.72000000,83.95000000,22269.62300000,1779841799999999,1868387.34283000,6704,10504.69900000,881223.11715000,0
1779841800000000,83.96000000,84.18000000,83.89000000,84.14000000,29602.91800000,1779843599999999,2488385.47467000,9724,19684.92900000,1654904.71067000,0
1779843600000000,84.13000000,84.19000000,83.80000000,83.90000000,22440.49600000,1779845399999999,1885281.54317000,9226,13226.35200000,1111311.73315000,0
1779845400000000,83.90000000,84.06000000,83.80000000,83.86000000,16885.09200000,1779847199999999,1417253.58680000,7572,10247.09900000,860090.31523000,0
1779847200000000,83.85000000,83.90000000,83.55000000,83.74000000,20389.52200000,1779848999999999,1707034.96869000,7939,7769.26100000,650538.30656000,0
1779849000000000,83.73000000,83.96000000,83.62000000,83.96000000,11616.89500000,1779850799999999,973015.04842000,6492,6259.23000000,524351.80785000,0
1779850800000000,83.96000000,84.07000000,83.78000000,83.89000000,19160.90400000,1779852599999999,1607498.08267000,8370,13318.57500000,1117301.94178000,0
1779852600000000,83.89000000,83.95000000,83.48000000,83.63000000,32835.38500000,1779854399999999,2748166.64601000,8977,11649.50200000,974945.99101000,0
1779854400000000,83.62000000,83.68000000,83.32000000,83.41000000,19663.65300000,1779856199999999,1642136.37429000,6823,7537.98000000,629630.08529000,0
1779856200000000,83.42000000,83.68000000,82.86000000,83.64000000,79284.69800000,1779857999999999,6589514.88572000,15834,33023.20800000,2745478.67684000,0
1779858000000000,83.64000000,83.84000000,83.57000000,83.78000000,15489.00700000,1779859799999999,1296381.02129000,6474,7947.85100000,665165.49850000,0
1779859800000000,83.77000000,83.93000000,83.65000000,83.89000000,21638.14300000,1779861599999999,1813709.67484000,6795,8524.52900000,714298.58275000,0
1779861600000000,83.89000000,83.97000000,83.74000000,83.88000000,15539.82900000,1779863399999999,1303205.32939000,6490,8349.90300000,700163.93075000,0
1779863400000000,83.87000000,84.07000000,83.84000000,84.06000000,29335.94900000,1779865199999999,2463375.93893000,7835,19655.52800000,1650452.06483000,0
1779865200000000,84.06000000,84.11000000,83.89000000,84.06000000,25476.30000000,1779866999999999,2140594.08678000,7381,12210.60300000,1026043.53028000,0
1779867000000000,84.07000000,84.21000000,83.99000000,84.21000000,21343.50000000,1779868799999999,1794624.73758000,5752,11713.80700000,985126.85350000,0
1779868800000000,84.20000000,84.42000000,84.07000000,84.31000000,39117.83400000,1779870599999999,3296775.23046000,7887,26892.36200000,2267032.07104000,0
1779870600000000,84.31000000,84.34000000,83.89000000,83.93000000,38541.41400000,1779872399999999,3243696.74702000,5935,22595.32300000,1902524.58286000,0
1779872400000000,83.93000000,83.96000000,83.60000000,83.67000000,48427.02600000,1779874199999999,4055855.81602000,8419,9487.93300000,794644.19225000,0
1779874200000000,83.67000000,83.94000000,83.63000000,83.78000000,21683.91100000,1779875999999999,1817499.36787000,5320,14419.65400000,1208817.51262000,0
1779876000000000,83.78000000,84.09000000,83.67000000,84.02000000,21163.50600000,1779877799999999,1776353.17223000,5925,10658.44200000,894659.49601000,0
1779877800000000,84.02000000,84.06000000,83.79000000,83.95000000,19625.47300000,1779879599999999,1646891.42113000,7877,4921.33100000,413037.82716000,0
1779879600000000,83.95000000,84.23000000,83.92000000,84.09000000,37532.03900000,1779881399999999,3157154.58786000,10954,13143.91100000,1105742.60026000,0
1779881400000000,84.10000000,84.19000000,83.91000000,83.94000000,26575.97400000,1779883199999999,2233764.71788000,11593,8540.16800000,717719.79606000,0
1779883200000000,83.95000000,84.68000000,83.55000000,84.35000000,87477.27000000,1779884999999999,7365288.79141000,21912,54619.41000000,4601906.12708000,0
1779885000000000,84.35000000,84.45000000,83.93000000,83.95000000,46662.70800000,1779886799999999,3929394.18083000,11421,23384.97800000,1969878.38434000,0
1779886800000000,83.94000000,84.06000000,83.51000000,83.60000000,46642.53100000,1779888599999999,3907212.46693000,17481,20467.75000000,1714565.10651000,0
1779888600000000,83.59000000,83.70000000,82.98000000,83.63000000,92468.32200000,1779890399999999,7701117.10126000,43256,48165.12500000,4012400.19216000,0
1779890400000000,83.64000000,84.12000000,83.22000000,83.42000000,85508.25800000,1779892199999999,7165219.87941000,30363,40789.83200000,3418074.25777000,0
1779892200000000,83.42000000,83.95000000,83.36000000,83.91000000,59120.43900000,1779893999999999,4947802.69941000,19393,33468.14500000,2801818.49578000,0
1779894000000000,83.91000000,84.64000000,83.88000000,84.48000000,107232.09200000,1779895799999999,9036934.12503000,22284,76715.19700000,6464467.79608000,0
1779895800000000,84.48000000,84.84000000,84.21000000,84.44000000,111187.29700000,1779897599999999,9405077.87797000,31162,57787.56900000,4889938.57096000,0
1779897600000000,84.44000000,84.75000000,84.04000000,84.15000000,58708.01100000,1779899399999999,4955620.15583000,17212,29270.98500000,2470540.94413000,0
1779899400000000,84.15000000,84.29000000,83.87000000,84.18000000,49828.44300000,1779901199999999,4190911.39597000,15606,29000.93800000,2439169.38084000,0
1779901200000000,84.18000000,84.20000000,83.17000000,83.74000000,90633.87400000,1779902999999999,7580831.92826000,31833,50353.27000000,4212169.98086000,0
1779903000000000,83.74000000,83.75000000,83.16000000,83.41000000,58263.74100000,1779904799999999,4864799.65150000,25903,37668.80900000,3145510.98634000,0
1779904800000000,83.40000000,83.57000000,83.20000000,83.53000000,42560.85200000,1779906599999999,3550093.38382000,19499,19629.14800000,1637526.30238000,0
1779906600000000,83.53000000,83.99000000,83.43000000,83.94000000,18306.76800000,1779908399999999,1533138.43369000,10352,12407.25300000,1039440.74900000,0
1779908400000000,83.94000000,84.14000000,83.89000000,83.95000000,35254.36000000,1779910199999999,2961977.13057000,10824,21794.49500000,1831025.57928000,0
1779910200000000,83.96000000,84.12000000,83.87000000,83.91000000,27059.28800000,1779911999999999,2272457.48569000,8499,12535.61300000,1052580.87193000,0
1779912000000000,83.92000000,84.14000000,83.85000000,83.88000000,38109.50300000,1779913799999999,3201314.34924000,10994,24750.88500000,2079238.44440000,0
1779913800000000,83.88000000,83.93000000,83.76000000,83.82000000,15268.53400000,1779915599999999,1280138.35297000,4951,5865.85300000,491795.39951000,0
1779915600000000,83.82000000,83.82000000,83.45000000,83.45000000,12961.62300000,1779917399999999,1084514.35291000,6569,7113.85600000,595298.88780000,0
1779917400000000,83.45000000,83.45000000,82.10000000,82.49000000,193136.96300000,1779919199999999,16009088.92592000,58414,75456.40700000,6261005.60265000,0
1779919200000000,82.49000000,83.03000000,82.22000000,82.69000000,86152.62100000,1779920999999999,7116449.05053000,35544,38078.82200000,3146159.63118000,0
1779921000000000,82.70000000,82.82000000,82.44000000,82.47000000,29629.95100000,1779922799999999,2448871.52454000,14712,14628.35100000,1209015.83143000,0
1779922800000000,82.46000000,82.70000000,82.22000000,82.31000000,43043.01200000,1779924599999999,3550550.71345000,17416,19195.25000000,1583424.16270000,0
1779924600000000,82.30000000,82.55000000,82.20000000,82.44000000,28600.81100000,1779926399999999,2356329.72808000,13562,11437.19400000,942419.96005000,0
1779926400000000,82.43000000,82.67000000,82.36000000,82.56000000,32514.03600000,1779928199999999,2682980.94079000,14219,12764.87900000,1053229.80435000,0
1779928200000000,82.57000000,82.74000000,82.54000000,82.71000000,29074.38500000,1779929999999999,2402686.75262000,10277,15741.13800000,1300819.36777000,0
1779930000000000,82.72000000,82.76000000,81.93000000,82.16000000,85159.98800000,1779931799999999,7009818.01101000,25502,28323.83700000,2333144.07648000,0
1779931800000000,82.16000000,82.48000000,82.10000000,82.27000000,67509.66300000,1779933599999999,5554176.89940000,21320,23882.28500000,1964438.46593000,0
1779933600000000,82.28000000,82.44000000,82.03000000,82.19000000,33514.02000000,1779935399999999,2756481.40424000,15480,17668.02500000,1453439.02262000,0
1779935400000000,82.19000000,82.26000000,82.00000000,82.10000000,45075.92700000,1779937199999999,3702510.28414000,15852,22034.16700000,1809942.40035000,0
1779937200000000,82.11000000,82.25000000,80.72000000,81.39000000,190053.97000000,1779938999999999,15459620.47536000,59051,72536.96600000,5897196.87857000,0
1779939000000000,81.38000000,81.44000000,80.50000000,80.70000000,116055.90900000,1779940799999999,9396354.52988000,40821,46667.58900000,3779348.73810000,0
1779940800000000,80.70000000,80.91000000,80.00000000,80.34000000,171303.80500000,1779942599999999,13767109.26383000,46883,83703.45500000,6726777.83696000,0
1779942600000000,80.33000000,80.98000000,80.28000000,80.90000000,50805.75200000,1779944399999999,4104139.71830000,16615,30686.87700000,2479321.06815000,0
1779944400000000,80.90000000,81.00000000,80.42000000,80.51000000,58702.43900000,1779946199999999,4734966.81125000,17480,34055.41400000,2746381.18638000,0
1779946200000000,80.51000000,80.91000000,80.51000000,80.70000000,33291.46600000,1779947999999999,2688257.24247000,14407,17839.81700000,1440558.31690000,0
1779948000000000,80.70000000,80.91000000,80.65000000,80.77000000,37136.95400000,1779949799999999,3000580.69183000,11341,18694.08300000,1510317.38194000,0
1779949800000000,80.77000000,81.12000000,80.53000000,80.97000000,43710.19800000,1779951599999999,3535264.36359000,13083,22141.98800000,1790648.83240000,0
1779951600000000,80.97000000,81.18000000,80.86000000,81.05000000,58002.05300000,1779953399999999,4699754.44216000,12154,40873.90300000,3312196.68907000,0
1779953400000000,81.05000000,81.30000000,81.05000000,81.26000000,39338.91400000,1779955199999999,3194084.75946000,9703,25576.89900000,2076809.06148000,0
1779955200000000,81.26000000,81.30000000,80.87000000,80.94000000,30721.89900000,1779956999999999,2491226.03522000,10497,14423.23700000,1169610.24183000,0
1779957000000000,80.94000000,81.11000000,80.83000000,80.99000000,20222.19600000,1779958799999999,1638078.46329000,8415,9470.52800000,767209.87974000,0
1779958800000000,80.99000000,81.20000000,80.83000000,81.17000000,24757.42100000,1779960599999999,2005716.09361000,8404,10479.73700000,849131.05703000,0
1779960600000000,81.17000000,81.32000000,81.06000000,81.22000000,59242.13200000,1779962399999999,4812405.30157000,9966,19639.14300000,1595073.78986000,0
1779962400000000,81.23000000,81.32000000,80.91000000,81.04000000,36119.67700000,1779964199999999,2931589.54694000,9973,13113.35000000,1064219.19850000,0
1779964200000000,81.04000000,81.11000000,80.72000000,80.75000000,27897.09700000,1779965999999999,2257532.03441000,8767,13608.28000000,1101544.38476000,0
1779966000000000,80.75000000,80.89000000,80.60000000,80.76000000,26369.99700000,1779967799999999,2130004.56412000,9649,13798.21700000,1114585.70953000,0
1779967800000000,80.75000000,80.93000000,80.65000000,80.88000000,13980.23000000,1779969599999999,1129524.67848000,6902,6849.69500000,553518.16722000,0
1779969600000000,80.88000000,80.97000000,80.59000000,80.75000000,25152.45700000,1779971399999999,2031342.98995000,10059,11634.52600000,939544.83286000,0
1779971400000000,80.75000000,81.25000000,80.73000000,81.13000000,29424.06600000,1779973199999999,2385760.04625000,13733,15129.30300000,1226497.98740000,0
1779973200000000,81.14000000,81.36000000,80.73000000,81.05000000,35310.20500000,1779974999999999,2860505.84919000,15388,15349.48900000,1244137.27937000,0
1779975000000000,81.05000000,81.06000000,80.53000000,80.79000000,64887.94800000,1779976799999999,5239595.67859000,25099,36458.68600000,2944474.16030000,0
1779976800000000,80.79000000,81.66000000,80.02000000,81.10000000,164942.62400000,1779978599999999,13324233.07126000,67678,94755.60900000,7654836.20737000,0
1779978600000000,81.10000000,81.27000000,80.70000000,81.19000000,53825.69900000,1779980399999999,4359117.94083000,33938,30356.85900000,2459006.30390000,0
1779980400000000,81.20000000,81.31000000,80.56000000,81.01000000,33770.17700000,1779982199999999,2734925.52367000,23249,14740.09400000,1194126.67997000,0
1779982200000000,81.01000000,81.38000000,80.81000000,81.14000000,43844.65100000,1779983999999999,3559086.86252000,18967,26010.89600000,2112050.63465000,0
1779984000000000,81.15000000,81.79000000,80.91000000,81.53000000,72773.21000000,1779985799999999,5925729.49003000,28174,35918.62900000,2926256.43812000,0
1779985800000000,81.53000000,82.18000000,81.48000000,82.07000000,46991.47800000,1779987599999999,3848795.34874000,22811,26265.28000000,2151452.36172000,0
1779987600000000,82.08000000,82.31000000,81.84000000,82.16000000,33736.12800000,1779989399999999,2769891.88845000,18402,18958.92700000,1556833.39813000,0
1779989400000000,82.17000000,82.64000000,82.15000000,82.30000000,31388.91100000,1779991199999999,2585829.98159000,18795,20447.98700000,1684673.20544000,0
1779991200000000,82.30000000,82.98000000,82.25000000,82.63000000,74688.22700000,1779992999999999,6180947.46474000,21661,52888.23700000,4377131.48006000,0
1779993000000000,82.63000000,83.01000000,82.59000000,82.90000000,42733.27900000,1779994799999999,3538866.30078000,17802,20978.95000000,1737455.71847000,0
1779994800000000,82.89000000,82.89000000,82.41000000,82.70000000,20197.32800000,1779996599999999,1668414.34240000,13004,7187.45800000,593533.15333000,0
1779996600000000,82.71000000,82.76000000,82.17000000,82.19000000,30095.69200000,1779998399999999,2479283.64199000,11605,10596.24200000,872815.85842000,0
1779998400000000,82.18000000,82.46000000,81.78000000,82.43000000,28884.74400000,1780000199999999,2371847.69464000,15642,13470.33900000,1106313.39657000,0
1780000200000000,82.42000000,82.60000000,82.29000000,82.30000000,14147.24000000,1780001999999999,1166536.30015000,8146,7561.74400000,623582.82972000,0
1780002000000000,82.30000000,82.70000000,82.22000000,82.54000000,22172.35200000,1780003799999999,1829825.98369000,10837,11466.57500000,946289.16071000,0
1780003800000000,82.53000000,82.68000000,82.44000000,82.44000000,31215.97700000,1780005599999999,2576956.63481000,8725,17665.68100000,1458390.59996000,0
1780005600000000,82.44000000,82.63000000,82.07000000,82.09000000,27947.35400000,1780007399999999,2299010.58591000,10873,13136.68700000,1080840.89154000,0
1780007400000000,82.09000000,82.15000000,81.91000000,82.04000000,15656.78700000,1780009199999999,1284419.06962000,7089,5207.31600000,427054.22246000,0
1780009200000000,82.03000000,82.28000000,82.02000000,82.25000000,13994.69200000,1780010999999999,1149385.90510000,6702,5508.21600000,452492.49296000,0
1780011000000000,82.25000000,82.25000000,82.00000000,82.11000000,18574.12600000,1780012799999999,1525063.74908000,8045,7972.80800000,654666.26675000,0
1780012800000000,82.12000000,82.46000000,82.12000000,82.36000000,23783.77800000,1780014599999999,1957343.62123000,11526,15660.99300000,1288767.59565000,0
1780014600000000,82.37000000,82.48000000,82.23000000,82.33000000,20443.38500000,1780016399999999,1684069.76176000,6948,12742.92400000,1049783.62361000,0
1780016400000000,82.33000000,82.48000000,82.08000000,82.13000000,24274.74300000,1780018199999999,1997774.75331000,9486,13769.97800000,1133267.77674000,0
1780018200000000,82.12000000,82.32000000,82.06000000,82.21000000,20496.89700000,1780019999999999,1684260.77203000,8363,11496.99800000,944687.08545000,0
1780020000000000,82.21000000,82.32000000,81.81000000,81.83000000,31438.69000000,1780021799999999,2580437.35038000,10678,14596.27500000,1198311.90524000,0
1780021800000000,81.83000000,81.95000000,81.47000000,81.57000000,53963.09700000,1780023599999999,4411323.28072000,11603,16591.32600000,1356036.22722000,0
1780023600000000,81.57000000,81.96000000,81.57000000,81.71000000,21741.21300000,1780025399999999,1778232.45588000,8068,12005.51300000,981913.94660000,0
1780025400000000,81.70000000,81.82000000,81.52000000,81.61000000,18388.58600000,1780027199999999,1501185.89069000,6444,9858.29900000,804742.57489000,0
1780027200000000,81.62000000,81.72000000,81.36000000,81.71000000,26404.92100000,1780028999999999,2152928.21501000,8844,11253.58800000,917764.37021000,0
1780029000000000,81.72000000,81.94000000,81.67000000,81.93000000,32244.62100000,1780030799999999,2637227.63273000,11363,18971.04700000,1551631.20244000,0
1780030800000000,81.93000000,82.20000000,81.91000000,81.99000000,30189.15900000,1780032599999999,2476901.53338000,10776,19597.97900000,1608170.86149000,0
1780032600000000,81.99000000,82.14000000,81.82000000,82.07000000,28712.25000000,1780034399999999,2353798.76041000,8014,17640.68200000,1446160.46728000,0
1780034400000000,82.06000000,82.49000000,82.02000000,82.24000000,29899.25500000,1780036199999999,2458126.34809000,9607,18404.00300000,1513130.13129000,0
1780036200000000,82.23000000,82.38000000,82.04000000,82.31000000,17893.49200000,1780037999999999,1470686.46476000,6328,11396.81000000,936755.17655000,0
1780038000000000,82.31000000,82.46000000,82.21000000,82.36000000,34947.52300000,1780039799999999,2877992.75000000,7085,19848.98100000,1634912.21973000,0
1780039800000000,82.37000000,82.37000000,81.92000000,82.24000000,87680.44900000,1780041599999999,7198992.41208000,17256,63612.41000000,5222776.51093000,0
1780041600000000,82.25000000,82.49000000,82.22000000,82.39000000,35778.15300000,1780043399999999,2947164.51039000,9639,21556.98000000,1775596.81467000,0
1780043400000000,82.38000000,82.45000000,82.18000000,82.22000000,21287.46200000,1780045199999999,1752462.21006000,5698,9665.77000000,795703.45736000,0
1780045200000000,82.23000000,82.65000000,82.21000000,82.58000000,27700.79600000,1780046999999999,2284044.47573000,7690,15729.24600000,1296765.94650000,0
1780047000000000,82.57000000,82.60000000,82.40000000,82.44000000,34376.24100000,1780048799999999,2834978.57196000,5173,21588.60300000,1780399.02437000,0
1780048800000000,82.44000000,82.45000000,82.22000000,82.25000000,31518.92600000,1780050599999999,2594606.49238000,6172,11647.30500000,958509.13640000,0
1780050600000000,82.24000000,82.26000000,82.09000000,82.15000000,24443.50600000,1780052399999999,2008286.06550000,9305,17132.35500000,1407555.41560000,0
1780052400000000,82.15000000,82.21000000,81.97000000,82.04000000,36489.81500000,1780054199999999,2995642.87311000,11373,22950.58500000,1884143.45702000,0
1780054200000000,82.05000000,82.07000000,81.52000000,81.77000000,45984.37100000,1780055999999999,3760854.41913000,14578,21615.14700000,1768001.30765000,0
1780056000000000,81.76000000,81.79000000,81.58000000,81.67000000,43351.64100000,1780057799999999,3540648.97443000,13350,25204.41300000,2058448.13475000,0
1780057800000000,81.67000000,81.75000000,81.31000000,81.48000000,46155.88600000,1780059599999999,3762356.15440000,14765,21153.86400000,1724220.35231000,0
1780059600000000,81.48000000,81.48000000,81.20000000,81.37000000,32805.37200000,1780061399999999,2667995.38538000,12144,17150.39700000,1394837.18623000,0
1780061400000000,81.36000000,81.78000000,81.10000000,81.44000000,54598.11400000,1780063199999999,4444793.47093000,24823,25857.89400000,2105469.66237000,0
1780063200000000,81.44000000,81.56000000,80.35000000,80.89000000,80515.33700000,1780064999999999,6519950.07476000,33800,41320.73100000,3347110.24024000,0
1780065000000000,80.88000000,81.58000000,80.47000000,81.33000000,132987.69900000,1780066799999999,10767903.87518000,44151,79320.78100000,6423467.12118000,0
1780066800000000,81.33000000,82.69000000,81.20000000,82.63000000,152073.33200000,1780068599999999,12480765.32267000,43183,84997.54000000,6975378.18455000,0
1780068600000000,82.64000000,83.24000000,82.30000000,82.59000000,166903.40100000,1780070399999999,13816190.52352000,51634,88201.97200000,7304332.08822000,0
1780070400000000,82.58000000,82.92000000,82.20000000,82.34000000,53039.37800000,1780072199999999,4380784.05016000,24598,23477.49200000,1939361.20620000,0
1780072200000000,82.33000000,83.13000000,82.33000000,82.93000000,58440.69100000,1780073999999999,4842249.60611000,26378,32246.59400000,2671857.21175000,0
1780074000000000,82.93000000,83.18000000,82.71000000,83.09000000,78429.25000000,1780075799999999,6512886.77469000,22106,51152.56000000,4248629.10421000,0
1780075800000000,83.09000000,83.22000000,82.67000000,82.79000000,34289.84000000,1780077599999999,2845275.07787000,16198,15950.62100000,1324207.42297000,0
1780077600000000,82.80000000,83.00000000,82.56000000,82.64000000,34944.91700000,1780079399999999,2892584.32649000,15180,10667.19000000,883301.94603000,0
1780079400000000,82.65000000,82.80000000,81.82000000,82.07000000,55952.74800000,1780081199999999,4601488.69145000,23189,14743.78000000,1212186.56547000,0
1780081200000000,82.06000000,82.21000000,81.60000000,81.91000000,23538.97000000,1780082999999999,1928577.50287000,13598,12171.72800000,997571.10715000,0
1780083000000000,81.91000000,82.41000000,81.91000000,82.06000000,33675.51200000,1780084799999999,2768462.40032000,13618,18582.97800000,1527729.57470000,0
1780084800000000,82.06000000,82.34000000,82.01000000,82.26000000,16827.24800000,1780086599999999,1382781.60550000,9429,9540.35100000,784091.34210000,0
1780086600000000,82.25000000,82.39000000,82.05000000,82.22000000,24736.26100000,1780088399999999,2034601.72953000,8955,14792.30600000,1216932.10289000,0
1780088400000000,82.23000000,82.40000000,81.93000000,81.95000000,34736.66000000,1780090199999999,2855806.73969000,8649,13199.73600000,1085420.68866000,0
1780090200000000,81.94000000,82.10000000,81.70000000,81.71000000,21968.50100000,1780091999999999,1799458.70622000,7985,8956.97100000,733765.24902000,0
1780092000000000,81.71000000,82.02000000,81.62000000,81.89000000,31122.89300000,1780093799999999,2544256.85960000,7858,14883.08700000,1217179.11771000,0
1780093800000000,81.90000000,82.01000000,81.81000000,81.99000000,40543.48300000,1780095599999999,3322013.44209000,6260,29721.27100000,2435575.85720000,0
1780095600000000,81.98000000,82.09000000,81.86000000,81.94000000,22588.67700000,1780097399999999,1851603.42948000,6089,16154.38000000,1324136.94359000,0
1780097400000000,81.94000000,82.11000000,81.76000000,82.04000000,29970.50600000,1780099199999999,2456439.36922000,5034,16705.41700000,1369576.31258000,0
1780099200000000,82.04000000,82.23000000,81.94000000,82.12000000,16431.78100000,1780100999999999,1349232.15660000,5616,11448.22600000,939988.25384000,0
1780101000000000,82.13000000,82.35000000,82.07000000,82.29000000,27985.49600000,1780102799999999,2302185.11970000,7117,14749.67500000,1213409.95052000,0
1780102800000000,82.30000000,82.68000000,82.22000000,82.63000000,23090.01400000,1780104599999999,1904685.70992000,7250,14736.94400000,1215646.93398000,0
1780104600000000,82.62000000,83.00000000,82.58000000,82.82000000,36557.88200000,1780106399999999,3026514.47232000,7632,21358.98400000,1768410.19871000,0
1780106400000000,82.82000000,83.03000000,82.77000000,82.81000000,22907.53500000,1780108199999999,1899386.22662000,5661,12969.45600000,1075492.39019000,0
1780108200000000,82.80000000,83.01000000,82.80000000,82.98000000,17639.84500000,1780109999999999,1462878.01010000,4407,10765.48700000,892837.36128000,0
1780110000000000,82.97000000,83.10000000,82.85000000,82.87000000,18261.99000000,1780111799999999,1515432.01940000,5163,10056.51200000,834459.09411000,0
1780111800000000,82.87000000,82.87000000,82.62000000,82.67000000,16134.49200000,1780113599999999,1335164.55738000,4775,6085.10200000,503632.29298000,0
1780113600000000,82.67000000,82.80000000,82.16000000,82.21000000,39890.74400000,1780115399999999,3290754.97329000,8630,11741.23900000,969050.57970000,0
1780115400000000,82.20000000,82.33000000,81.86000000,82.33000000,38994.97000000,1780117199999999,3202111.43926000,11779,17055.92700000,1401248.16579000,0
1780117200000000,82.32000000,82.77000000,82.20000000,82.46000000,65270.55900000,1780118999999999,5379679.82946000,11419,32863.79400000,2709963.37654000,0
1780119000000000,82.47000000,82.68000000,82.44000000,82.60000000,12019.38400000,1780120799999999,992309.02260000,3268,7148.57400000,590263.21162000,0
1780120800000000,82.59000000,82.70000000,82.39000000,82.69000000,16357.29100000,1780122599999999,1350126.87168000,3965,8779.67600000,724978.83616000,0
1780122600000000,82.70000000,82.74000000,82.43000000,82.47000000,13117.09100000,1780124399999999,1083397.41626000,5168,6954.50800000,574450.77663000,0
1780124400000000,82.48000000,82.49000000,82.27000000,82.46000000,19509.99100000,1780126199999999,1606831.76975000,4395,8009.49500000,659667.43985000,0
1780126200000000,82.46000000,82.52000000,82.26000000,82.37000000,13244.46900000,1780127999999999,1090721.73713000,3784,4755.61300000,391568.95559000,0
1780128000000000,82.37000000,82.41000000,82.27000000,82.36000000,8144.50000000,1780129799999999,670714.22373000,3609,4439.45000000,365587.70884000,0
1780129800000000,82.35000000,82.39000000,82.19000000,82.23000000,12623.42900000,1780131599999999,1038448.75412000,4166,5426.64200000,446483.27203000,0
1780131600000000,82.23000000,82.31000000,82.20000000,82.31000000,15508.10900000,1780133399999999,1275735.98041000,3565,6059.98100000,498456.01923000,0
1780133400000000,82.31000000,82.39000000,82.27000000,82.34000000,14752.82800000,1780135199999999,1214554.87858000,3867,8865.49300000,729823.66418000,0
1780135200000000,82.34000000,82.51000000,82.30000000,82.41000000,12239.58900000,1780136999999999,1008841.49911000,3818,7393.71300000,609462.88960000,0
1780137000000000,82.42000000,82.49000000,82.35000000,82.38000000,13088.80900000,1780138799999999,1078761.43659000,2496,4743.33000000,391037.77638000,0
1780138800000000,82.39000000,82.40000000,82.22000000,82.33000000,10966.40300000,1780140599999999,902512.86848000,3590,6562.40200000,540012.72974000,0
1780140600000000,82.33000000,82.55000000,82.31000000,82.33000000,8581.83000000,1780142399999999,707258.48882000,4164,4616.46200000,380409.36304000,0
1780142400000000,82.33000000,82.41000000,82.25000000,82.34000000,22852.99900000,1780144199999999,1880931.56367000,6562,17015.21800000,1400426.82544000,0
1780144200000000,82.34000000,82.44000000,82.28000000,82.43000000,20199.05300000,1780145999999999,1662911.40769000,6111,15911.96100000,1309919.08358000,0
1780146000000000,82.43000000,82.57000000,82.42000000,82.47000000,19838.48000000,1780147799999999,1636537.30299000,4167,12704.59700000,1048030.16405000,0
1780147800000000,82.48000000,82.51000000,82.25000000,82.48000000,15651.00600000,1780149599999999,1289266.86918000,3959,6311.60600000,519943.32440000,0
1780149600000000,82.48000000,82.70000000,82.43000000,82.67000000,28320.34100000,1780151399999999,2338050.99282000,8954,18924.47100000,1562428.38537000,0
1780151400000000,82.68000000,82.79000000,82.57000000,82.63000000,38745.59600000,1780153199999999,3203499.32237000,7989,22767.81800000,1882699.22400000,0
1780153200000000,82.63000000,82.92000000,82.57000000,82.69000000,30661.67900000,1780154999999999,2536257.39002000,9005,20143.74200000,1666497.89842000,0
1780155000000000,82.70000000,82.74000000,82.48000000,82.69000000,50390.25800000,1780156799999999,4161721.68214000,8098,14996.52400000,1238736.37447000,0
1780156800000000,82.68000000,82.89000000,82.63000000,82.77000000,21394.54200000,1780158599999999,1770118.39224000,5888,11533.39700000,954214.45222000,0
1780158600000000,82.77000000,82.92000000,82.75000000,82.89000000,15102.60300000,1780160399999999,1251384.96666000,4523,8551.86400000,708633.79575000,0
1780160400000000,82.88000000,83.05000000,82.80000000,82.90000000,24151.35600000,1780162199999999,2002753.82716000,8075,13984.89700000,1159895.30497000,0
1780162200000000,82.89000000,83.06000000,82.63000000,83.05000000,22907.78900000,1780163999999999,1897957.27484000,8599,9360.94900000,775650.68600000,0
1780164000000000,83.05000000,83.12000000,82.88000000,82.91000000,24126.36100000,1780165799999999,2003317.19222000,4854,16946.75300000,1407363.23899000,0
1780165800000000,82.90000000,83.14000000,82.87000000,83.03000000,16784.62200000,1780167599999999,1393174.68379000,4763,9535.21900000,791561.83854000,0
1780167600000000,83.02000000,83.05000000,82.83000000,82.86000000,18388.13400000,1780169399999999,1525253.26523000,5145,10758.19300000,892402.77321000,0
1780169400000000,82.85000000,83.03000000,82.78000000,82.99000000,20201.02900000,1780171199999999,1675442.06178000,5022,9042.19600000,749923.11956000,0
1780171200000000,82.99000000,83.08000000,82.92000000,82.93000000,12861.70700000,1780172999999999,1067498.16197000,3504,4774.82500000,396330.86614000,0
1780173000000000,82.92000000,83.01000000,82.86000000,82.96000000,11903.17700000,1780174799999999,987213.40267000,3201,6833.10700000,566702.44884000,0
1780174800000000,82.96000000,83.10000000,82.91000000,83.04000000,19934.95400000,1780176599999999,1654879.49405000,3789,12907.78500000,1071501.33674000,0
1780176600000000,83.04000000,83.17000000,83.00000000,83.02000000,21531.43000000,1780178399999999,1788879.17509000,4444,11114.16300000,923530.85584000,0
1780178400000000,83.02000000,83.02000000,82.57000000,82.73000000,29541.92700000,1780180199999999,2444626.43000000,8220,13551.32700000,1121484.27028000,0
1780180200000000,82.73000000,82.76000000,82.45000000,82.65000000,15099.55000000,1780181999999999,1247359.04119000,4951,4490.57100000,370937.57257000,0
1780182000000000,82.64000000,82.89000000,82.52000000,82.65000000,15138.92100000,1780183799999999,1252108.50768000,5583,7884.06500000,652322.04240000,0
1780183800000000,82.65000000,82.74000000,82.53000000,82.73000000,9443.69900000,1780185599999999,780274.82678000,3921,4330.56700000,357904.16245000,0
1780185600000000,82.74000000,82.94000000,82.62000000,82.84000000,11620.29400000,1780187399999999,962182.46522000,5819,5687.25500000,470942.98652000,0
1780187400000000,82.85000000,82.96000000,82.77000000,82.93000000,13117.34600000,1780189199999999,1086991.58772000,4500,8162.66700000,676395.07646000,0
1780189200000000,82.93000000,83.17000000,82.92000000,83.03000000,19824.86200000,1780190999999999,1646649.58503000,8152,10206.13100000,847801.15086000,0
1780191000000000,83.02000000,83.25000000,83.00000000,83.02000000,31243.26200000,1780192799999999,2596358.83956000,7700,16585.60300000,1378343.98240000,0
1780192800000000,83.03000000,83.42000000,82.93000000,82.93000000,32178.02300000,1780194599999999,2678320.78124000,9459,20328.22300000,1692507.39281000,0
1780194600000000,82.93000000,83.19000000,82.88000000,83.15000000,25260.15700000,1780196399999999,2097632.79407000,8318,11976.81100000,994663.86658000,0
1780196400000000,83.16000000,83.35000000,83.10000000,83.28000000,24755.06100000,1780198199999999,2059724.80251000,6327,13447.46700000,1118857.84670000,0
1780198200000000,83.29000000,83.32000000,83.13000000,83.25000000,5778.35300000,1780199999999999,480949.64019000,3316,2554.52800000,212624.47508000,0
1780200000000000,83.24000000,83.29000000,83.09000000,83.22000000,14782.66600000,1780201799999999,1230055.90990000,4057,5834.13700000,485419.74674000,0
1780201800000000,83.23000000,83.30000000,83.16000000,83.22000000,7267.82400000,1780203599999999,604944.43870000,3227,4047.90700000,336925.57259000,0
1780203600000000,83.21000000,83.21000000,83.02000000,83.12000000,14714.81000000,1780205399999999,1222705.95537000,5162,8378.46000000,696281.45463000,0
1780205400000000,83.12000000,83.22000000,83.00000000,83.03000000,12871.62600000,1780207199999999,1069406.27177000,5808,6180.40700000,513436.29512000,0
1780207200000000,83.03000000,83.03000000,82.84000000,82.90000000,22680.33400000,1780208999999999,1880623.00080000,7296,12360.45000000,1024829.82538000,0
1780209000000000,82.90000000,83.03000000,82.87000000,82.95000000,14819.28600000,1780210799999999,1229411.71562000,5675,9294.09300000,771035.14506000,0
1780210800000000,82.96000000,82.96000000,82.62000000,82.68000000,20812.64500000,1780212599999999,1722872.73368000,6997,9255.26400000,766308.52014000,0
1780212600000000,82.67000000,82.70000000,82.52000000,82.66000000,19648.76100000,1780214399999999,1623151.98578000,6771,6871.69600000,567768.94902000,0
1780214400000000,82.67000000,82.86000000,82.66000000,82.83000000,19745.58800000,1780216199999999,1634633.30781000,4791,10130.05200000,838419.08560000,0
1780216200000000,82.83000000,82.84000000,82.59000000,82.81000000,10876.07900000,1780217999999999,899705.35046000,3595,6539.81800000,540993.66633000,0
1780218000000000,82.80000000,82.88000000,82.66000000,82.83000000,13341.41400000,1780219799999999,1104050.06623000,4007,7369.99200000,609948.61091000,0
1780219800000000,82.83000000,83.05000000,82.64000000,82.75000000,18981.40700000,1780221599999999,1573315.32431000,5795,12358.76300000,1024605.06627000,0
1780221600000000,82.75000000,82.75000000,82.49000000,82.63000000,27254.74800000,1780223399999999,2251493.51914000,6083,8389.12700000,693306.53897000,0
1780223400000000,82.64000000,82.72000000,82.52000000,82.71000000,10828.34500000,1780225199999999,894637.36181000,3651,6535.82400000,540019.95230000,0
1780225200000000,82.71000000,82.85000000,82.67000000,82.84000000,7171.07200000,1780226999999999,593612.39675000,3383,4084.50700000,338101.04911000,0
1780227000000000,82.84000000,82.85000000,82.67000000,82.76000000,12080.57500000,1780228799999999,999841.26797000,3530,8320.37000000,688644.40334000,0
1780228800000000,82.76000000,82.86000000,82.57000000,82.79000000,15454.17700000,1780230599999999,1278222.94359000,4858,7780.09600000,643516.19660000,0
1780230600000000,82.78000000,82.94000000,82.72000000,82.82000000,12645.15100000,1780232399999999,1047551.47646000,3782,8338.70900000,690809.43826000,0
1780232400000000,82.82000000,83.12000000,82.75000000,82.99000000,16260.46000000,1780234199999999,1349013.96554000,5153,11575.63800000,960451.06289000,0
1780234200000000,83.00000000,83.03000000,82.66000000,82.77000000,13554.34600000,1780235999999999,1122596.97026000,4521,6936.24300000,574587.91671000,0
1780236000000000,82.76000000,82.77000000,81.79000000,82.00000000,101798.65800000,1780237799999999,8364566.52617000,26334,39060.89600000,3208274.81688000,0
1780237800000000,82.00000000,82.19000000,81.89000000,81.96000000,46213.39200000,1780239599999999,3790985.49895000,13302,26820.07700000,2200074.37882000,0
1780239600000000,81.96000000,82.27000000,81.91000000,82.22000000,23046.37200000,1780241399999999,1891229.48588000,6911,12857.32400000,1054986.81922000,0
1780241400000000,82.23000000,82.23000000,81.81000000,81.88000000,20938.87900000,1780243199999999,1717359.70932000,5668,6455.17300000,529512.50801000,0
1780243200000000,81.88000000,82.04000000,81.61000000,81.75000000,30051.92500000,1780244999999999,2458469.74997000,9993,11201.37300000,916321.91761000,0
1780245000000000,81.74000000,81.75000000,81.42000000,81.59000000,48344.73100000,1780246799999999,3942342.72360000,11990,18579.66100000,1515278.00945000,0
1780246800000000,81.58000000,81.75000000,81.46000000,81.73000000,26848.04200000,1780248599999999,2190423.72998000,5698,10153.97800000,828383.62473000,0
1780248600000000,81.74000000,81.90000000,81.73000000,81.87000000,12548.15000000,1780250399999999,1026981.57520000,5116,8353.97800000,683677.03565000,0
1780250400000000,81.87000000,81.87000000,81.61000000,81.73000000,11586.85700000,1780252199999999,946926.79073000,4700,5381.46900000,439772.90191000,0
1780252200000000,81.72000000,81.85000000,81.66000000,81.76000000,9360.51900000,1780253999999999,765242.05355000,4014,4506.44600000,368416.98136000,0
1780254000000000,81.75000000,81.80000000,81.43000000,81.53000000,17714.65800000,1780255799999999,1445549.26636000,5160,5649.19100000,460885.39190000,0
1780255800000000,81.53000000,81.66000000,81.33000000,81.58000000,9888.88900000,1780257599999999,805936.73820000,4050,3623.83100000,295356.79706000,0
1780257600000000,81.59000000,81.89000000,81.59000000,81.79000000,15328.67700000,1780259399999999,1252968.31277000,4517,10311.62500000,842831.37807000,0
1780259400000000,81.80000000,82.01000000,81.74000000,81.97000000,9478.85900000,1780261199999999,775861.49916000,3029,6427.73800000,526145.13821000,0
1780261200000000,81.97000000,82.07000000,81.88000000,81.93000000,8383.57700000,1780262999999999,686998.70052000,3387,4931.21600000,404124.03389000,0
1780263000000000,81.92000000,82.37000000,81.91000000,82.30000000,19783.39500000,1780264799999999,1625388.59979000,7201,11456.57800000,941361.12933000,0
1780264800000000,82.31000000,82.66000000,82.04000000,82.42000000,33451.75300000,1780266599999999,2756196.42419000,13080,19731.70900000,1626037.12784000,0
1780266600000000,82.42000000,82.69000000,82.39000000,82.53000000,22469.32500000,1780268399999999,1854552.42252000,8929,13676.46200000,1128733.59023000,0
1780268400000000,82.52000000,82.92000000,82.36000000,82.46000000,36641.87200000,1780270199999999,3028182.25460000,13221,21012.26600000,1736934.51360000,0
1780270200000000,82.46000000,82.46000000,81.95000000,82.44000000,20433.46400000,1780271999999999,1678941.73791000,9348,8347.19700000,685963.90808000,0
