1769904000000000,105.58000000,106.43000000,105.32000000,106.01000000,68222.71500000,1769905799999999,7222887.72323000,42844,37011.93200000,3920097.17311000,0
1769905800000000,106.01000000,106.25000000,105.34000000,105.67000000,57818.67900000,1769907599999999,6114165.01587000,30601,30036.16000000,3175803.03873000,0
1769907600000000,105.67000000,105.81000000,104.47000000,104.96000000,69377.45600000,1769909399999999,7281720.83164000,35512,29518.69200000,3098547.80480000,0
1769909400000000,104.97000000,105.19000000,104.23000000,104.99000000,64991.31300000,1769911199999999,6805576.93426000,29605,35577.03700000,3725992.84854000,0
1769911200000000,104.99000000,105.90000000,104.77000000,105.10000000,45853.75400000,1769912999999999,4828221.56740000,32141,23857.06300000,2511594.25874000,0
1769913000000000,105.11000000,105.99000000,105.04000000,105.56000000,40614.64100000,1769914799999999,4284914.24456000,29946,21700.61200000,2289844.93643000,0
1769914800000000,105.56000000,105.68000000,104.89000000,104.95000000,32725.52000000,1769916599999999,3444463.53986000,24935,11864.39700000,1248402.48508000,0
1769916600000000,104.95000000,105.08000000,104.53000000,104.97000000,41836.48800000,1769918399999999,4387135.12984000,22099,18305.04100000,1919421.50319000,0
1769918400000000,104.97000000,105.51000000,104.80000000,105.06000000,34946.86300000,1769920199999999,3674169.13877000,19659,19881.91400000,2090214.31352000,0
1769920200000000,105.06000000,105.49000000,105.03000000,105.20000000,35889.47800000,1769921999999999,3778381.16653000,18038,18960.37400000,1995627.38388000,0
1769922000000000,105.21000000,105.71000000,104.84000000,105.59000000,71527.15400000,1769923799999999,7534282.79652000,24446,49814.07800000,5249821.73800000,0
1769923800000000,105.59000000,105.62000000,104.50000000,104.69000000,36135.38400000,1769925599999999,3792016.87735000,19116,17186.31600000,1803833.56906000,0
1769925600000000,104.69000000,105.36000000,104.69000000,105.12000000,21348.02800000,1769927399999999,2242771.36940000,13654,12782.11900000,1342580.05690000,0
1769927400000000,105.12000000,105.44000000,104.53000000,105.07000000,46083.91500000,1769929199999999,4840939.57468000,25167,21331.66600000,2240964.86293000,0
1769929200000000,105.08000000,105.24000000,103.96000000,104.32000000,74641.04600000,1769930999999999,7801366.77347000,34990,34339.12700000,3589809.07668000,0
1769931000000000,104.32000000,106.02000000,104.20000000,105.20000000,76290.17800000,1769932799999999,8040814.77479000,35722,44595.59400000,4701103.71367000,0
1769932800000000,105.20000000,105.45000000,104.81000000,105.23000000,51631.19800000,1769934599999999,5428592.78312000,31387,26061.70400000,2740317.56379000,0
1769934600000000,105.24000000,106.06000000,105.20000000,105.52000000,53314.88900000,1769936399999999,5634485.89759000,29568,26621.43100000,2812709.89246000,0
1769936400000000,105.52000000,105.78000000,104.96000000,105.06000000,41604.50900000,1769938199999999,4381493.36854000,24717,21076.54000000,2220646.74164000,0
1769938200000000,105.05000000,105.94000000,104.97000000,105.79000000,28874.96700000,1769939999999999,3046261.28580000,20162,17572.73200000,1853836.81915000,0
1769940000000000,105.80000000,105.85000000,105.43000000,105.60000000,52398.75300000,1769941799999999,5534336.59915000,27167,24394.22600000,2576495.08534000,0
1769941800000000,105.61000000,105.72000000,103.59000000,103.75000000,120200.44700000,1769943599999999,12557108.72391000,50077,40117.31100000,4192836.20959000,0
1769943600000000,103.76000000,104.25000000,103.73000000,104.02000000,53498.95800000,1769945399999999,5563849.72137000,30187,26081.03300000,2712310.55399000,0
1769945400000000,104.03000000,105.40000000,104.03000000,105.05000000,60599.16200000,1769947199999999,6358335.68288000,32028,29507.30100000,3094707.20891000,0
1769947200000000,105.06000000,105.07000000,104.13000000,104.44000000,57129.22300000,1769948999999999,5972022.85537000,23614,21910.62400000,2290100.75984000,0
1769949000000000,104.45000000,105.19000000,104.44000000,105.05000000,54988.18600000,1769950799999999,5764427.80392000,22981,27987.86100000,2934134.17641000,0
1769950800000000,105.04000000,106.69000000,104.99000000,105.50000000,168023.60200000,1769952599999999,17800267.56084000,56656,92773.97600000,9827639.20172000,0
1769952600000000,105.51000000,105.53000000,104.08000000,104.45000000,71773.83500000,1769954399999999,7521371.14703000,38323,32369.60700000,3392213.76540000,0
1769954400000000,104.45000000,104.81000000,103.07000000,103.20000000,119239.20400000,1769956199999999,12394046.90066000,58314,46967.53300000,4884015.28298000,0
1769956200000000,103.20000000,103.60000000,101.75000000,102.95000000,277352.97500000,1769957999999999,28431419.31002000,125011,121671.57700000,12474466.81563000,0
1769958000000000,102.96000000,102.96000000,100.64000000,100.76000000,146403.62400000,1769959799999999,14894886.43868000,90001,50119.81100000,5096546.24489000,0
1769959800000000,100.75000000,102.40000000,100.21000000,101.69000000,139033.32900000,1769961599999999,14070136.32366000,93213,70114.78600000,7098854.80114000,0
1769961600000000,101.70000000,102.89000000,100.93000000,102.33000000,111047.24900000,1769963399999999,11315386.87240000,82817,52165.33800000,5317894.67483000,0
1769963400000000,102.33000000,102.59000000,101.32000000,101.73000000,82001.23600000,1769965199999999,8360051.32729000,55638,40415.74600000,4121807.84446000,0
1769965200000000,101.73000000,102.20000000,101.13000000,101.70000000,59638.69700000,1769966999999999,6074957.14977000,45544,26403.32900000,2689066.40492000,0
1769967000000000,101.70000000,102.50000000,101.18000000,102.44000000,79328.22700000,1769968799999999,8066594.50897000,39406,48142.35600000,4897738.60793000,0
1769968800000000,102.44000000,104.27000000,102.43000000,103.91000000,153584.24500000,1769970599999999,15897152.04021000,88411,90811.80000000,9399637.48246000,0
1769970600000000,103.90000000,103.90000000,102.99000000,103.45000000,67528.59900000,1769972399999999,6984058.99857000,34431,33789.78700000,3496047.23406000,0
1769972400000000,103.44000000,103.77000000,102.51000000,102.82000000,46836.64500000,1769974199999999,4824357.16641000,23579,24993.66500000,2574859.81180000,0
1769974200000000,102.82000000,103.04000000,101.56000000,101.94000000,74455.88500000,1769975999999999,7602245.13996000,39198,32967.67300000,3366266.42902000,0
1769976000000000,101.94000000,101.99000000,100.19000000,100.27000000,127427.50600000,1769977799999999,12905947.89247000,52176,59400.37000000,6015846.02456000,0
1769977800000000,100.28000000,102.87000000,100.28000000,101.59000000,116435.22900000,1769979599999999,11842647.79651000,57775,58438.59700000,5940895.38465000,0
1769979600000000,101.59000000,101.62000000,100.13000000,100.81000000,88614.67500000,1769981399999999,8925238.13397000,57642,44259.49100000,4457332.43479000,0
1769981400000000,100.81000000,101.71000000,100.39000000,100.85000000,84657.95900000,1769983199999999,8552705.75871000,56472,38634.99100000,3903663.39463000,0
1769983200000000,100.85000000,102.88000000,100.82000000,101.86000000,98742.61900000,1769984999999999,10057120.93738000,58678,53096.47000000,5408148.16583000,0
1769985000000000,101.85000000,102.47000000,101.65000000,101.80000000,50193.71700000,1769986799999999,5120234.64944000,31661,26067.95400000,2659127.28619000,0
1769986800000000,101.79000000,101.87000000,98.02000000,100.54000000,499914.88800000,1769988599999999,49767601.58092000,218598,252204.89800000,25098873.74045000,0
1769988600000000,100.55000000,102.05000000,100.21000000,100.79000000,149479.20200000,1769990399999999,15116392.44076000,68306,68372.49600000,6912920.87536000,0
1769990400000000,100.78000000,102.56000000,99.65000000,102.18000000,234116.05800000,1769992199999999,23795863.71656000,100254,116277.16600000,11814149.93323000,0
1769992200000000,102.19000000,102.90000000,101.62000000,102.28000000,154053.95600000,1769993999999999,15771363.83788000,73984,72724.21700000,7444347.62611000,0
1769994000000000,102.28000000,103.14000000,100.41000000,102.87000000,141402.46700000,1769995799999999,14389241.84406000,88438,66169.09100000,6740443.67379000,0
1769995800000000,102.88000000,102.91000000,101.63000000,102.09000000,59078.32200000,1769997599999999,6047862.37247000,49165,28719.16100000,2939644.54545000,0
1769997600000000,102.10000000,102.74000000,101.57000000,102.15000000,91837.24800000,1769999399999999,9379840.04337000,45037,46527.34800000,4751924.47340000,0
1769999400000000,102.15000000,102.27000000,100.57000000,100.75000000,79384.14800000,1770001199999999,8042398.25534000,54789,36972.64600000,3744723.13328000,0
1770001200000000,100.75000000,100.88000000,96.80000000,97.02000000,398967.27600000,1770002999999999,39143669.68341000,155576,163644.13700000,16069529.56649000,0
1770003000000000,97.02000000,100.46000000,95.95000000,100.07000000,352104.02900000,1770004799999999,34465431.26417000,192611,165825.45400000,16246459.49663000,0
1770004800000000,100.08000000,101.34000000,98.66000000,101.29000000,147047.83400000,1770006599999999,14706377.36520000,83086,75069.86200000,7505073.47429000,0
1770006600000000,101.29000000,101.79000000,100.16000000,100.31000000,109921.59900000,1770008399999999,11102043.03209000,51025,48953.91900000,4944921.81196000,0
1770008400000000,100.30000000,100.46000000,98.11000000,98.53000000,158030.49600000,1770010199999999,15679577.16481000,77860,63830.41700000,6334221.90588000,0
1770010200000000,98.54000000,98.95000000,97.67000000,98.30000000,162579.02400000,1770011999999999,15978326.37686000,89547,77726.64700000,7638499.06157000,0
1770012000000000,98.30000000,100.01000000,97.07000000,99.15000000,217482.94600000,1770013799999999,21448541.63531000,111738,97043.85700000,9571828.15892000,0
1770013800000000,99.14000000,101.40000000,97.52000000,100.72000000,445866.36400000,1770015599999999,44508842.49584000,178060,227864.22000000,22766997.06663000,0
1770015600000000,100.72000000,101.60000000,100.46000000,101.27000000,178338.88800000,1770017399999999,18012612.90035000,77506,69136.08600000,6985978.40021000,0
1770017400000000,101.28000000,102.43000000,101.21000000,101.43000000,156547.06400000,1770019199999999,15928579.39540000,68655,84843.87600000,8634075.80942000,0
1770019200000000,101.42000000,102.49000000,101.36000000,101.59000000,183517.30400000,1770020999999999,18701906.15952000,73343,90135.78800000,9185822.76886000,0
1770021000000000,101.60000000,102.29000000,101.60000000,101.70000000,82121.26100000,1770022799999999,8368050.80354000,41671,33597.82100000,3423353.49751000,0
1770022800000000,101.71000000,102.65000000,101.42000000,102.60000000,96071.96400000,1770024599999999,9805121.33104000,40731,53684.70700000,5481397.08162000,0
1770024600000000,102.60000000,103.19000000,102.26000000,102.79000000,175668.88600000,1770026399999999,18040785.27682000,67841,91945.51000000,9440478.57183000,0
1770026400000000,102.79000000,103.45000000,102.74000000,103.13000000,77020.79800000,1770028199999999,7939816.90647000,37327,40029.43400000,4127346.98383000,0
1770028200000000,103.13000000,103.36000000,102.62000000,102.88000000,51276.63000000,1770029999999999,5274256.39377000,28708,24028.06500000,2471900.86955000,0
1770030000000000,102.89000000,103.24000000,102.74000000,103.21000000,47184.67500000,1770031799999999,4861846.55290000,28575,21333.56200000,2198211.90660000,0
1770031800000000,103.20000000,103.44000000,102.65000000,102.78000000,78465.09600000,1770033599999999,8087478.97836000,36035,38612.52200000,3981119.02761000,0
1770033600000000,102.78000000,103.78000000,102.78000000,103.31000000,66708.04700000,1770035399999999,6888500.27758000,39496,41532.84900000,4288848.70806000,0
1770035400000000,103.30000000,103.48000000,102.96000000,103.30000000,37289.04500000,1770037199999999,3848694.83276000,29393,20634.18800000,2129809.64430000,0
1770037200000000,103.29000000,103.38000000,102.83000000,103.07000000,44866.33700000,1770038999999999,4624394.44449000,31083,21207.87100000,2186255.80859000,0
1770039000000000,103.07000000,103.70000000,103.00000000,103.33000000,49617.23200000,1770040799999999,5126575.57464000,36726,23380.87900000,2416233.61963000,0
1770040800000000,103.33000000,103.63000000,102.39000000,103.41000000,91824.68800000,1770042599999999,9460036.74380000,42662,44730.22900000,4610132.99480000,0
1770042600000000,103.41000000,105.14000000,103.35000000,103.97000000,234501.54400000,1770044399999999,24462124.78415000,153462,111815.87200000,11667402.03663000,0
1770044400000000,103.97000000,105.87000000,103.56000000,105.16000000,154923.74000000,1770046199999999,16249088.33909000,104209,82251.61700000,8631780.26352000,0
1770046200000000,105.16000000,106.12000000,104.38000000,104.70000000,206608.11300000,1770047999999999,21764580.27832000,81474,99559.03200000,10491413.68502000,0
1770048000000000,104.69000000,105.50000000,104.28000000,105.35000000,84899.60500000,1770049799999999,8913501.90714000,59115,38135.72800000,4003465.15992000,0
1770049800000000,105.34000000,105.78000000,104.78000000,105.00000000,83483.07100000,1770051599999999,8784201.22433000,48186,33584.15900000,3535094.30872000,0
1770051600000000,105.00000000,105.58000000,104.90000000,105.15000000,76919.90900000,1770053399999999,8101583.86200000,41311,42099.10600000,4433743.66092000,0
1770053400000000,105.14000000,105.44000000,104.45000000,104.81000000,62694.93800000,1770055199999999,6574321.01884000,36293,25552.26900000,2679776.83014000,0
1770055200000000,104.81000000,104.86000000,103.88000000,104.06000000,63101.20100000,1770056999999999,6580768.17659000,35979,24430.34600000,2548187.88666000,0
1770057000000000,104.05000000,105.04000000,104.04000000,104.72000000,47297.00100000,1770058799999999,4948520.43354000,32073,22661.46200000,2370694.53231000,0
1770058800000000,104.72000000,104.84000000,104.00000000,104.19000000,50827.42500000,1770060599999999,5306212.01052000,29579,23270.29800000,2428694.00895000,0
1770060600000000,104.18000000,104.26000000,103.51000000,103.89000000,46490.81500000,1770062399999999,4829433.46108000,29305,19625.10700000,2038653.26593000,0
1770062400000000,103.88000000,104.26000000,103.57000000,103.69000000,51253.30400000,1770064199999999,5324906.50346000,33829,26150.99900000,2716973.68929000,0
1770064200000000,103.68000000,104.13000000,103.32000000,103.84000000,66048.04500000,1770065999999999,6847099.91080000,33418,30650.33600000,3177593.03113000,0
1770066000000000,103.85000000,104.76000000,103.80000000,104.53000000,39358.43500000,1770067799999999,4110850.11746000,25866,23832.36900000,2488801.87784000,0
1770067800000000,104.53000000,104.99000000,104.50000000,104.84000000,32372.68400000,1770069599999999,3393107.25062000,17338,18230.76200000,1910814.77194000,0
1770069600000000,104.84000000,105.20000000,104.55000000,104.91000000,26938.21000000,1770071399999999,2826220.90818000,15284,13710.72900000,1438995.89196000,0
1770071400000000,104.90000000,105.12000000,104.81000000,105.02000000,23407.43600000,1770073199999999,2456966.08840000,15440,11804.14300000,1239013.40656000,0
1770073200000000,105.02000000,105.07000000,104.42000000,104.49000000,26770.05100000,1770074999999999,2804209.78401000,19946,13110.12700000,1373512.13931000,0
1770075000000000,104.49000000,104.83000000,104.41000000,104.55000000,27747.47200000,1770076799999999,2903310.21714000,13950,16367.91200000,1712825.53630000,0
1770076800000000,104.54000000,104.67000000,103.70000000,104.32000000,54057.65000000,1770078599999999,5625080.90806000,31330,28039.08200000,2917018.96035000,0
1770078600000000,104.32000000,104.32000000,103.70000000,104.18000000,50343.68400000,1770080399999999,5234261.23503000,26847,27937.54800000,2904220.40410000,0
1770080400000000,104.17000000,104.30000000,103.56000000,103.91000000,40399.05000000,1770082199999999,4199024.51949000,26861,15424.32800000,1603339.22539000,0
1770082200000000,103.92000000,104.40000000,103.57000000,104.39000000,34103.96400000,1770083999999999,3545550.38959000,24633,18484.79000000,1922396.34102000,0
1770084000000000,104.40000000,104.40000000,103.18000000,103.48000000,35266.49700000,1770085799999999,3654869.51186000,27140,14665.10700000,1519811.64112000,0
1770085800000000,103.47000000,103.50000000,102.35000000,102.44000000,58968.76000000,1770087599999999,6071040.00566000,38689,21960.28500000,2260882.66677000,0
1770087600000000,102.44000000,103.05000000,102.18000000,103.04000000,86718.32000000,1770089399999999,8891523.43544000,38117,42206.73900000,4327738.81144000,0
1770089400000000,103.03000000,104.42000000,102.94000000,104.16000000,53117.56100000,1770091199999999,5512513.72234000,32696,32634.03100000,3387069.40615000,0
1770091200000000,104.17000000,104.50000000,103.86000000,104.05000000,31422.21700000,1770092999999999,3273926.88680000,18736,15290.71600000,1593633.59888000,0
1770093000000000,104.05000000,105.10000000,104.03000000,104.68000000,33591.59400000,1770094799999999,3515389.52346000,20844,18717.06300000,1959285.81933000,0
1770094800000000,104.68000000,104.73000000,103.67000000,104.01000000,32094.37900000,1770096599999999,3341234.64100000,19473,12968.41000000,1349849.93173000,0
1770096600000000,104.01000000,104.20000000,103.65000000,103.72000000,27635.38400000,1770098399999999,2873776.20402000,18213,13449.30100000,1398684.61262000,0
1770098400000000,103.72000000,104.06000000,102.96000000,103.86000000,66436.08600000,1770100199999999,6871432.00144000,26045,33041.82400000,3418453.04492000,0
1770100200000000,103.86000000,104.08000000,103.70000000,103.98000000,27099.44700000,1770101999999999,2815969.28105000,17604,14627.34200000,1519966.05344000,0
1770102000000000,103.98000000,104.53000000,103.75000000,104.22000000,43565.47700000,1770103799999999,4538806.76750000,22498,24222.22200000,2523636.02575000,0
1770103800000000,104.22000000,104.91000000,104.15000000,104.70000000,40703.00000000,1770105599999999,4260102.54349000,23097,22754.96100000,2381718.95340000,0
1770105600000000,104.70000000,105.04000000,104.14000000,104.87000000,50211.51500000,1770107399999999,5254344.76660000,27350,24346.97600000,2548716.16256000,0
1770107400000000,104.86000000,104.93000000,104.07000000,104.11000000,40859.65400000,1770109199999999,4272935.19048000,20370,16809.90800000,1758351.37073000,0
1770109200000000,104.11000000,104.21000000,102.54000000,102.66000000,116455.46400000,1770110999999999,12031937.34117000,49721,54655.83400000,5649433.31873000,0
1770111000000000,102.67000000,103.46000000,102.58000000,103.15000000,52959.98800000,1770112799999999,5461670.55483000,29303,27479.58900000,2834542.60388000,0
1770112800000000,103.14000000,103.35000000,102.64000000,103.08000000,59141.44900000,1770114599999999,6092310.19083000,25515,27028.73600000,2784650.66558000,0
1770114600000000,103.08000000,103.08000000,102.50000000,102.90000000,35644.75500000,1770116399999999,3664115.73938000,20269,18532.41500000,1905135.34224000,0
1770116400000000,102.91000000,103.27000000,102.83000000,103.05000000,33079.59600000,1770118199999999,3410183.24390000,20111,14640.05900000,1509217.00621000,0
1770118200000000,103.06000000,103.42000000,102.93000000,103.01000000,37201.71700000,1770119999999999,3840849.96477000,20568,18086.14900000,1867412.45046000,0
1770120000000000,103.01000000,103.28000000,102.53000000,103.19000000,67283.58500000,1770121799999999,6921016.47575000,27192,34162.37200000,3515059.78206000,0
1770121800000000,103.18000000,103.38000000,102.91000000,103.13000000,52869.93300000,1770123599999999,5454989.72042000,23336,24526.83500000,2530920.60861000,0
1770123600000000,103.13000000,103.45000000,102.74000000,103.16000000,44230.95000000,1770125399999999,4557531.46719000,21387,26446.93100000,2725355.19493000,0
1770125400000000,103.16000000,103.59000000,102.95000000,103.42000000,47770.82900000,1770127199999999,4928887.68619000,24282,15555.73900000,1605767.24253000,0
1770127200000000,103.41000000,103.65000000,102.65000000,103.20000000,67040.79500000,1770128999999999,6910900.21147000,27018,24574.05700000,2535177.95812000,0
1770129000000000,103.20000000,103.27000000,100.75000000,100.86000000,173435.36900000,1770130799999999,17683699.04054000,94768,80615.07600000,8224376.29131000,0
1770130800000000,100.85000000,102.79000000,100.41000000,102.05000000,212437.76100000,1770132599999999,21549514.38746000,108304,114086.25300000,11578967.79634000,0
1770132600000000,102.05000000,102.74000000,101.24000000,102.56000000,151154.67400000,1770134399999999,15417512.91458000,94018,85446.31900000,8714551.36057000,0
1770134400000000,102.56000000,102.56000000,100.31000000,100.36000000,125560.09800000,1770136199999999,12696167.94880000,57019,54690.86900000,5532562.76594000,0
1770136200000000,100.35000000,101.30000000,99.96000000,100.73000000,167412.38800000,1770137999999999,16840930.87136000,73380,65165.14600000,6560678.81825000,0
1770138000000000,100.72000000,100.97000000,99.83000000,100.33000000,114596.05200000,1770139799999999,11499435.56720000,71743,48127.26200000,4828702.91785000,0
1770139800000000,100.32000000,100.42000000,99.03000000,99.11000000,146713.93300000,1770141599999999,14585177.39019000,63503,67156.80500000,6678328.08713000,0
1770141600000000,99.11000000,99.43000000,97.71000000,97.90000000,239354.51500000,1770143399999999,23579713.88478000,99161,97470.71300000,9600867.87892000,0
1770143400000000,97.90000000,98.21000000,96.64000000,96.84000000,252661.61000000,1770145199999999,24602713.65706000,97811,101993.20300000,9930364.14258000,0
1770145200000000,96.83000000,99.94000000,96.70000000,99.42000000,275646.57500000,1770146999999999,27144387.14428000,123979,154961.41300000,15266230.96550000,0
1770147000000000,99.42000000,100.10000000,98.45000000,99.02000000,147270.88100000,1770148799999999,14616000.89789000,62353,88382.33200000,8776094.17804000,0
1770148800000000,99.01000000,100.35000000,98.31000000,100.13000000,135837.48600000,1770150599999999,13487295.39859000,58044,87652.99900000,8705343.97097000,0
1770150600000000,100.13000000,102.07000000,100.08000000,101.14000000,328026.60900000,1770152399999999,33145004.45932000,113314,184407.13500000,18632609.23467000,0
1770152400000000,101.14000000,101.85000000,100.89000000,101.09000000,139329.47700000,1770154199999999,14123198.04358000,52277,76798.70400000,7786274.06084000,0
1770154200000000,101.08000000,101.27000000,100.00000000,100.20000000,78496.72200000,1770155999999999,7903853.28410000,31826,39298.02600000,3959681.26388000,0
1770156000000000,100.21000000,100.29000000,99.16000000,99.53000000,99261.48300000,1770157799999999,9887410.50874000,42466,46835.10900000,4664776.85170000,0
1770157800000000,99.53000000,99.72000000,98.15000000,98.48000000,74959.04800000,1770159599999999,7413629.00209000,38315,38495.61700000,3807367.97929000,0
1770159600000000,98.48000000,98.60000000,97.34000000,97.90000000,130576.75300000,1770161399999999,12781797.52497000,59466,67066.02900000,6567151.50170000,0
1770161400000000,97.90000000,98.40000000,97.21000000,97.89000000,101013.38100000,1770163199999999,9881552.17180000,44645,45694.96600000,4472171.10286000,0
1770163200000000,97.89000000,98.30000000,97.17000000,98.17000000,83287.30000000,1770164999999999,8139538.19457000,45824,36661.56000000,3582831.98553000,0
1770165000000000,98.17000000,98.80000000,97.87000000,97.99000000,76674.34500000,1770166799999999,7545401.63516000,38033,42445.08600000,4177280.27614000,0
1770166800000000,97.99000000,99.55000000,97.99000000,99.43000000,88864.64900000,1770168599999999,8809910.61200000,46479,53359.58500000,5289951.32892000,0
1770168600000000,99.43000000,99.67000000,98.67000000,99.12000000,129748.93600000,1770170399999999,12875450.64948000,35607,52666.64300000,5228228.59091000,0
1770170400000000,99.12000000,99.20000000,98.26000000,98.35000000,51927.31700000,1770172199999999,5130281.16381000,32238,22987.24900000,2271276.87166000,0
1770172200000000,98.34000000,98.39000000,97.41000000,97.93000000,62478.35600000,1770173999999999,6120235.90719000,38333,25637.93000000,2511815.92913000,0
1770174000000000,97.94000000,99.41000000,97.92000000,98.69000000,85434.10800000,1770175799999999,8443889.11198000,37560,55654.57900000,5499736.34284000,0
1770175800000000,98.70000000,99.64000000,98.68000000,99.13000000,66838.03600000,1770177599999999,6629402.98488000,27778,38811.76500000,3850111.50100000,0
1770177600000000,99.12000000,99.35000000,98.73000000,98.86000000,47954.33100000,1770179399999999,4751458.56657000,20522,21052.51800000,2086272.61937000,0
1770179400000000,98.87000000,99.05000000,98.04000000,98.09000000,45011.19700000,1770181199999999,4430376.17439000,21638,15254.91200000,1502345.77343000,0
1770181200000000,98.10000000,98.46000000,97.79000000,98.15000000,47413.46000000,1770182999999999,4651608.87661000,26954,23459.48600000,2301396.00708000,0
1770183000000000,98.15000000,98.18000000,96.46000000,97.02000000,132117.53500000,1770184799999999,12840749.01587000,43837,52172.24000000,5070787.16236000,0
1770184800000000,97.02000000,97.79000000,96.78000000,97.49000000,75609.21400000,1770186599999999,7358760.61949000,32617,42759.83900000,4160959.83630000,0
1770186600000000,97.49000000,98.80000000,97.33000000,98.25000000,76595.74500000,1770188399999999,7527478.96509000,33111,43396.06100000,4265810.88103000,0
1770188400000000,98.25000000,98.25000000,97.41000000,97.84000000,71483.84700000,1770190199999999,6988611.34648000,33120,35189.41700000,3440180.23342000,0
1770190200000000,97.84000000,98.25000000,97.75000000,97.90000000,65771.12300000,1770191999999999,6445446.76675000,32505,28754.94100000,2817687.16605000,0
1770192000000000,97.91000000,97.96000000,96.86000000,96.89000000,65880.78300000,1770193799999999,6412256.86799000,33089,24944.07700000,2429794.00247000,0
1770193800000000,96.89000000,97.80000000,96.77000000,97.73000000,63765.57700000,1770195599999999,6210182.00238000,29937,27580.42500000,2686209.12611000,0
1770195600000000,97.72000000,97.79000000,96.81000000,97.06000000,135984.52800000,1770197399999999,13236633.59250000,33416,69471.24000000,6767205.17106000,0
1770197400000000,97.06000000,97.50000000,96.76000000,97.14000000,82430.38600000,1770199199999999,8003420.36354000,31850,37165.86500000,3608619.44525000,0
1770199200000000,97.14000000,97.29000000,96.92000000,97.04000000,71000.76200000,1770200999999999,6894036.89485000,27055,27520.46500000,2672385.31317000,0
1770201000000000,97.03000000,97.21000000,96.76000000,97.03000000,66720.58600000,1770202799999999,6472144.46998000,23466,24536.04600000,2379937.09465000,0
1770202800000000,97.03000000,97.07000000,94.71000000,96.28000000,448367.32600000,1770204599999999,42875403.25355000,112458,182364.32800000,17438558.47359000,0
1770204600000000,96.29000000,96.95000000,95.93000000,96.11000000,89655.89800000,1770206399999999,8635430.33162000,42668,44391.15500000,4276613.38258000,0
1770206400000000,96.12000000,96.73000000,95.86000000,95.94000000,77803.66000000,1770208199999999,7485011.30332000,38851,40469.73200000,3894958.75739000,0
1770208200000000,95.94000000,96.56000000,95.91000000,96.47000000,37802.52800000,1770209999999999,3641356.73904000,20117,20984.54100000,2021520.89147000,0
1770210000000000,96.47000000,96.48000000,95.61000000,95.78000000,55295.24800000,1770211799999999,5310183.36105000,30457,19961.45900000,1917808.94251000,0
1770211800000000,95.78000000,95.98000000,94.17000000,94.39000000,184368.43600000,1770213599999999,17492470.16579000,79075,77579.71800000,7362456.66748000,0
1770213600000000,94.38000000,94.85000000,93.84000000,94.35000000,146942.98200000,1770215399999999,13863155.71433000,67904,73086.01600000,6896999.11307000,0
1770215400000000,94.34000000,95.04000000,92.95000000,93.13000000,277192.46100000,1770217199999999,26047039.26975000,167066,133437.76200000,12549923.43012000,0
1770217200000000,93.12000000,94.20000000,92.21000000,93.46000000,247777.68400000,1770218999999999,23106376.34845000,172340,119180.28100000,11120563.42922000,0
1770219000000000,93.46000000,93.59000000,91.31000000,92.79000000,280555.61000000,1770220799999999,25919060.65585000,146263,140369.19400000,12973822.49606000,0
1770220800000000,92.80000000,93.13000000,91.64000000,92.81000000,242240.18900000,1770222599999999,22370696.04183000,111538,124794.32700000,11533255.10953000,0
1770222600000000,92.80000000,92.84000000,90.98000000,91.97000000,190962.87600000,1770224399999999,17495511.60313000,102595,101850.61900000,9335678.69825000,0
1770224400000000,91.97000000,92.63000000,90.54000000,90.59000000,176623.15900000,1770226199999999,16159728.38052000,92173,90470.37300000,8282838.28820000,0
1770226200000000,90.59000000,91.68000000,90.00000000,91.44000000,244540.15500000,1770227999999999,22210904.23443000,111044,129963.91300000,11812446.69888000,0
1770228000000000,91.45000000,92.27000000,90.35000000,91.78000000,208761.81400000,1770229799999999,19014986.37327000,105100,113238.13000000,10317606.89961000,0
1770229800000000,91.78000000,93.24000000,91.41000000,92.30000000,242970.86000000,1770231599999999,22472240.77399000,107820,140042.64500000,12944462.20224000,0
1770231600000000,92.30000000,94.40000000,92.28000000,93.35000000,185824.15000000,1770233399999999,17400481.02252000,93995,99801.48100000,9339784.50159000,0
1770233400000000,93.34000000,94.71000000,93.31000000,94.38000000,129444.67500000,1770235199999999,12197724.30367000,73018,82154.61500000,7741718.03977000,0
1770235200000000,94.38000000,94.50000000,93.28000000,93.34000000,93477.03800000,1770236999999999,8771741.45011000,46068,47241.91900000,4434249.70658000,0
1770237000000000,93.34000000,93.50000000,93.00000000,93.24000000,72482.29500000,1770238799999999,6759575.19818000,38778,43722.63100000,4077737.74730000,0
1770238800000000,93.24000000,93.39000000,91.59000000,92.02000000,194408.23600000,1770240599999999,17970190.99723000,75983,102314.86100000,9454666.02655000,0
1770240600000000,92.02000000,92.49000000,90.73000000,91.32000000,134592.22500000,1770242399999999,12316065.36801000,67928,71475.73900000,6540681.75110000,0
1770242400000000,91.33000000,92.90000000,89.30000000,92.70000000,246170.13300000,1770244199999999,22309913.98359000,113638,115811.59700000,10503938.34527000,0
1770244200000000,92.69000000,92.87000000,90.64000000,90.82000000,102625.57600000,1770245999999999,9418753.23049000,73139,47797.89600000,4384379.42071000,0
1770246000000000,90.82000000,92.33000000,90.26000000,92.13000000,157019.27500000,1770247799999999,14330673.53997000,75238,88635.88700000,8090995.97419000,0
1770247800000000,92.13000000,92.94000000,92.02000000,92.12000000,90562.76100000,1770249599999999,8371891.47708000,49786,43316.46800000,4005053.83460000,0
1770249600000000,92.11000000,92.76000000,91.84000000,92.62000000,86363.35400000,1770251399999999,7965150.21260000,48002,41973.76200000,3871431.93401000,0
1770251400000000,92.61000000,92.61000000,91.37000000,91.74000000,49593.62400000,1770253199999999,4555242.37780000,34896,20650.27200000,1897014.83314000,0
1770253200000000,91.75000000,92.77000000,90.52000000,92.52000000,120774.08100000,1770254999999999,11084075.26138000,81758,57851.29300000,5315384.26914000,0
1770255000000000,92.51000000,92.89000000,91.66000000,91.94000000,108541.87200000,1770256799999999,10006733.69255000,78342,50572.94700000,4662210.18635000,0
1770256800000000,91.94000000,92.20000000,90.70000000,91.77000000,110391.81100000,1770258599999999,10095126.76233000,78523,52139.47800000,4765744.63643000,0
1770258600000000,91.78000000,92.72000000,90.75000000,90.93000000,141331.52600000,1770260399999999,12976244.03712000,80223,59648.34800000,5480682.18845000,0
1770260400000000,90.92000000,91.69000000,90.24000000,90.99000000,124024.31000000,1770262199999999,11282645.70290000,86757,61677.64600000,5613239.85321000,0
1770262200000000,90.98000000,91.35000000,90.68000000,91.15000000,109830.73200000,1770263999999999,9992890.81742000,54980,38320.60900000,3486262.18010000,0
1770264000000000,91.14000000,91.65000000,90.32000000,91.06000000,191236.72100000,1770265799999999,17391236.66022000,94254,97173.76300000,8834251.26895000,0
1770265800000000,91.06000000,91.92000000,90.60000000,91.13000000,117804.40500000,1770267599999999,10751658.76419000,59101,59171.01000000,5400518.80892000,0
1770267600000000,91.13000000,91.77000000,89.94000000,90.29000000,165969.63500000,1770269399999999,15063135.80242000,67909,72685.65900000,6600184.98693000,0
1770269400000000,90.30000000,92.11000000,89.92000000,91.17000000,172221.14900000,1770271199999999,15717041.33599000,75682,94621.06800000,8635936.12267000,0
1770271200000000,91.17000000,91.24000000,89.73000000,89.92000000,190191.02900000,1770272999999999,17166455.95884000,73727,98237.30500000,8863468.11056000,0
1770273000000000,89.91000000,90.50000000,89.68000000,90.21000000,99916.63900000,1770274799999999,9008553.18932000,42746,55662.53200000,5019510.24903000,0
1770274800000000,90.22000000,91.66000000,90.16000000,91.46000000,143573.49700000,1770276599999999,13083516.67324000,69380,80817.46800000,7362310.75269000,0
1770276600000000,91.46000000,91.50000000,90.37000000,90.54000000,62747.80300000,1770278399999999,5710540.97676000,28524,32057.61900000,2916770.24335000,0
1770278400000000,90.55000000,91.97000000,90.55000000,91.72000000,85435.18900000,1770280199999999,7798199.07985000,38521,56629.07100000,5168332.58745000,0
1770280200000000,91.71000000,92.46000000,91.69000000,91.77000000,101701.32600000,1770281999999999,9359134.67460000,42255,56434.48200000,5192748.69027000,0
1770282000000000,91.77000000,93.43000000,91.74000000,92.79000000,158804.10300000,1770283799999999,14723329.52035000,62026,90405.87400000,8381165.57355000,0
1770283800000000,92.79000000,92.87000000,92.25000000,92.50000000,62204.89900000,1770285599999999,5755437.19752000,21980,34065.27500000,3152611.37488000,0
1770285600000000,92.51000000,92.66000000,91.72000000,92.45000000,76448.82900000,1770287399999999,7042406.70917000,28034,35997.41900000,3320139.98402000,0
1770287400000000,92.44000000,92.47000000,89.80000000,90.31000000,180064.74200000,1770289199999999,16392525.25236000,54116,61070.16400000,5551223.22297000,0
1770289200000000,90.31000000,90.81000000,88.66000000,88.92000000,191172.39700000,1770290999999999,17131631.95211000,72515,77004.18900000,6910548.60609000,0
1770291000000000,88.93000000,90.82000000,88.84000000,89.98000000,205714.74900000,1770292799999999,18474214.37342000,77761,89386.19200000,8034926.45706000,0
1770292800000000,89.98000000,90.76000000,88.68000000,89.67000000,183986.30200000,1770294599999999,16480427.79300000,93585,88644.45800000,7941274.06694000,0
1770294600000000,89.67000000,89.99000000,88.80000000,89.53000000,151970.64300000,1770296399999999,13589693.21847000,93536,75380.25300000,6741586.70289000,0
1770296400000000,89.52000000,90.06000000,88.33000000,88.45000000,125603.91500000,1770298199999999,11195386.13650000,56036,60704.91100000,5413655.23076000,0
1770298200000000,88.45000000,89.02000000,88.20000000,88.48000000,110022.40600000,1770299999999999,9745448.98428000,60093,64028.38700000,5671769.43995000,0
1770300000000000,88.48000000,90.13000000,88.47000000,90.00000000,148751.76900000,1770301799999999,13314621.55626000,87939,82728.72000000,7407920.76900000,0
1770301800000000,89.99000000,91.43000000,88.31000000,88.60000000,253424.36500000,1770303599999999,22834980.60970000,169629,122130.48100000,11013482.31768000,0
1770303600000000,88.60000000,88.99000000,84.09000000,84.21000000,701430.27900000,1770305399999999,60365669.54345000,262564,292000.17100000,25134664.27682000,0
1770305400000000,84.22000000,85.93000000,83.44000000,84.61000000,542581.84500000,1770307199999999,45979347.57680000,246864,260661.65100000,22101471.12650000,0
1770307200000000,84.61000000,85.96000000,83.69000000,85.56000000,371989.51500000,1770308999999999,31496883.58761000,177203,161180.34700000,13661086.63520000,0
1770309000000000,85.57000000,86.20000000,83.99000000,85.55000000,248026.42400000,1770310799999999,21137053.01605000,124988,129237.64900000,11016115.11161000,0
1770310800000000,85.55000000,85.73000000,82.44000000,84.25000000,343566.62600000,1770312599999999,28793566.43257000,183272,144315.41500000,12100561.78254000,0
1770312600000000,84.25000000,84.50000000,82.60000000,82.70000000,222567.25100000,1770314399999999,18543794.85649000,140824,113260.79600000,9436479.46741000,0
1770314400000000,82.70000000,83.34000000,81.61000000,82.01000000,297049.80600000,1770316199999999,24451551.42684000,141094,135370.95100000,11153679.18731000,0
1770316200000000,82.02000000,83.25000000,81.21000000,82.96000000,222676.48100000,1770317999999999,18237417.34799000,146192,116007.16200000,9505844.47389000,0
1770318000000000,82.96000000,83.31000000,81.71000000,82.18000000,130287.66200000,1770319799999999,10754421.33683000,87675,68387.84700000,5646673.40796000,0
1770319800000000,82.17000000,82.77000000,81.41000000,81.68000000,127302.29200000,1770321599999999,10442639.76419000,81665,61856.25700000,5076442.34768000,0
1770321600000000,81.68000000,82.30000000,77.80000000,78.71000000,936141.22600000,1770323399999999,74670712.07609000,246960,333131.21000000,26543619.09724000,0
1770323400000000,78.71000000,80.04000000,77.68000000,78.84000000,475111.92500000,1770325199999999,37420699.34861000,259550,236810.32100000,18656458.31568000,0
1770325200000000,78.84000000,81.20000000,78.62000000,80.25000000,369328.74200000,1770326999999999,29471924.41125000,199350,195333.35600000,15588608.55190000,0
1770327000000000,80.25000000,80.85000000,78.38000000,79.00000000,247753.47300000,1770328799999999,19689917.93739000,127198,116705.64300000,9296091.65866000,0
1770328800000000,79.01000000,80.24000000,77.60000000,79.89000000,341870.42800000,1770330599999999,26953818.15223000,162324,179798.28600000,14173739.84342000,0
1770330600000000,79.89000000,80.68000000,79.20000000,79.81000000,199087.47400000,1770332399999999,15905677.54580000,91771,106158.91000000,8483978.33266000,0
1770332400000000,79.81000000,81.63000000,79.43000000,79.99000000,200230.85900000,1770334199999999,16126629.24355000,94912,114885.61000000,9250173.68940000,0
1770334200000000,79.98000000,80.40000000,78.08000000,78.35000000,236535.35000000,1770335999999999,18659574.62486000,84335,103766.68400000,8185357.27331000,0
1770336000000000,78.34000000,78.80000000,67.50000000,71.26000000,2386410.42300000,1770337799999999,172988381.79555000,529123,1083672.79200000,78491907.61741000,0
1770337800000000,71.26000000,76.85000000,71.04000000,75.51000000,703079.02000000,1770339599999999,52437503.31128000,327737,381407.98800000,28462968.79523000,0
1770339600000000,75.51000000,77.56000000,75.48000000,77.22000000,404828.21800000,1770341399999999,31064676.78992000,197448,215207.60800000,16517110.08626000,0
1770341400000000,77.22000000,79.79000000,76.98000000,79.60000000,295999.24900000,1770343199999999,23293957.15693000,134637,167462.98300000,13182079.81166000,0
1770343200000000,79.60000000,80.30000000,76.88000000,77.31000000,357857.96800000,1770344999999999,28061880.02700000,132190,170894.64600000,13407452.38806000,0
1770345000000000,77.31000000,78.20000000,76.40000000,76.95000000,253341.92500000,1770346799999999,19594222.61085000,86870,116372.95000000,9009794.50619000,0
1770346800000000,76.95000000,77.40000000,76.09000000,76.69000000,263288.57700000,1770348599999999,20211297.11852000,89524,131883.45400000,10130782.44866000,0
1770348600000000,76.69000000,77.36000000,75.73000000,76.71000000,193032.78600000,1770350399999999,14756999.47011000,67275,81638.02000000,6253814.27599000,0
1770350400000000,76.71000000,77.88000000,76.22000000,77.47000000,122700.88700000,1770352199999999,9437050.52688000,54913,61943.09000000,4764749.09412000,0
1770352200000000,77.48000000,78.03000000,76.90000000,77.76000000,131184.70000000,1770353999999999,10165873.79691000,48936,65243.61600000,5058394.88334000,0
1770354000000000,77.75000000,79.22000000,77.59000000,78.91000000,172213.34300000,1770355799999999,13551480.23314000,57804,103533.25400000,8147739.87685000,0
1770355800000000,78.91000000,81.65000000,78.88000000,81.15000000,223458.77100000,1770357599999999,17964813.99062000,72858,122569.46800000,9851741.52251000,0
1770357600000000,81.15000000,81.60000000,79.97000000,80.35000000,184570.09500000,1770359399999999,14939243.28348000,63428,89776.21000000,7266687.69906000,0
1770359400000000,80.35000000,80.57000000,79.39000000,79.50000000,161230.20200000,1770361199999999,12880939.93808000,56437,72746.80800000,5813295.65227000,0
1770361200000000,79.51000000,79.55000000,78.76000000,79.51000000,153278.72800000,1770362999999999,12134245.84793000,48417,58190.38800000,4606730.82135000,0
1770363000000000,79.51000000,80.61000000,79.28000000,79.59000000,169617.40400000,1770364799999999,13546738.36900000,46996,79410.71700000,6344990.31759000,0
1770364800000000,79.60000000,80.23000000,78.97000000,79.27000000,155762.82700000,1770366599999999,12392834.47567000,52210,55266.19600000,4398240.51174000,0
1770366600000000,79.28000000,79.52000000,78.67000000,79.07000000,142487.48600000,1770368399999999,11265232.57973000,44827,44790.74300000,3541508.69702000,0
1770368400000000,79.07000000,80.19000000,78.95000000,80.15000000,144781.86600000,1770370199999999,11516541.69246000,46226,76158.19600000,6062037.15348000,0
1770370200000000,80.14000000,81.69000000,80.08000000,81.34000000,130827.30900000,1770371999999999,10591498.83833000,43274,71140.36900000,5758049.70957000,0
1770372000000000,81.34000000,82.04000000,80.76000000,81.55000000,131270.66400000,1770373799999999,10683251.58889000,40319,63934.41000000,5206372.20583000,0
1770373800000000,81.54000000,81.84000000,80.74000000,80.81000000,155777.28000000,1770375599999999,12646924.51805000,43883,76805.54100000,6238126.85336000,0
1770375600000000,80.81000000,81.25000000,80.46000000,81.08000000,94454.48900000,1770377399999999,7643032.51044000,31278,51386.08200000,4158689.02357000,0
1770377400000000,81.07000000,81.75000000,80.95000000,81.36000000,98934.85500000,1770379199999999,8042585.21614000,41945,52676.28400000,4281921.39938000,0
1770379200000000,81.36000000,81.96000000,80.85000000,81.69000000,90387.74900000,1770380999999999,7351818.13563000,36316,40438.98300000,3288940.90221000,0
1770381000000000,81.68000000,81.96000000,81.20000000,81.89000000,104459.82000000,1770382799999999,8521066.75433000,32293,43592.04600000,3556314.10836000,0
1770382800000000,81.90000000,83.40000000,81.70000000,82.78000000,264982.53300000,1770384599999999,21884013.72759000,72534,125764.48300000,10390387.82191000,0
1770384600000000,82.79000000,83.85000000,82.44000000,83.11000000,213374.86400000,1770386399999999,17774865.65254000,64864,116947.49200000,9744688.28802000,0
1770386400000000,83.11000000,83.22000000,81.90000000,82.54000000,173788.38300000,1770388199999999,14343965.96918000,61912,88069.94800000,7270259.57818000,0
1770388200000000,82.54000000,85.19000000,82.47000000,84.18000000,383765.91900000,1770389999999999,32220314.67649000,179764,205782.56300000,17275133.83152000,0
1770390000000000,84.18000000,84.81000000,83.40000000,84.00000000,267486.43700000,1770391799999999,22477121.10467000,131266,132650.55400000,11150405.08632000,0
1770391800000000,84.00000000,85.06000000,83.89000000,84.49000000,206814.54600000,1770393599999999,17478779.07281000,82691,119468.15100000,10098559.29508000,0
1770393600000000,84.48000000,86.49000000,83.66000000,86.09000000,285234.32100000,1770395399999999,24293330.84670000,107395,145376.66000000,12384328.40722000,0
1770395400000000,86.09000000,87.23000000,85.87000000,86.74000000,271583.51700000,1770397199999999,23521274.93082000,104687,134275.05000000,11631724.81549000,0
1770397200000000,86.74000000,88.12000000,86.16000000,88.04000000,266656.29400000,1770398999999999,23236262.16041000,87708,129574.05500000,11299211.24456000,0
1770399000000000,88.04000000,88.72000000,86.50000000,86.73000000,261803.48500000,1770400799999999,22895656.48916000,94179,110781.09800000,9693609.57744000,0
1770400800000000,86.73000000,86.87000000,85.23000000,85.68000000,209687.97600000,1770402599999999,18003480.40321000,80686,94355.42600000,8100162.62565000,0
1770402600000000,85.69000000,86.83000000,85.61000000,86.17000000,117543.80400000,1770404399999999,10146791.43992000,53130,64460.26000000,5564573.55573000,0
1770404400000000,86.17000000,86.63000000,85.56000000,86.37000000,146471.48200000,1770406199999999,12622004.82893000,47496,71220.78500000,6140020.40658000,0
1770406200000000,86.38000000,87.45000000,86.22000000,87.09000000,174568.37200000,1770407999999999,15172922.95500000,49259,99864.99700000,8678815.98564000,0
1770408000000000,87.09000000,87.35000000,86.63000000,87.21000000,82907.44700000,1770409799999999,7214121.33897000,35249,39743.52900000,3458976.69696000,0
1770409800000000,87.21000000,87.96000000,86.83000000,86.92000000,178891.31300000,1770411599999999,15626075.36593000,54515,91141.16800000,7966906.83858000,0
1770411600000000,86.91000000,88.07000000,86.60000000,87.92000000,150450.82600000,1770413399999999,13150047.39969000,44645,71697.34000000,6271120.97570000,0
1770413400000000,87.91000000,88.20000000,87.46000000,88.06000000,71699.51900000,1770415199999999,6298706.00168000,25000,42180.24800000,3706006.23449000,0
1770415200000000,88.07000000,89.08000000,87.95000000,88.83000000,130603.35800000,1770416999999999,11566100.82375000,37181,85090.90900000,7536975.33197000,0
1770417000000000,88.83000000,89.84000000,88.75000000,89.17000000,145847.74000000,1770418799999999,13029904.30540000,45703,93851.97500000,8385169.03615000,0
1770418800000000,89.17000000,89.60000000,87.36000000,87.71000000,249791.86400000,1770420599999999,22080312.46021000,55442,87858.98600000,7762135.85076000,0
1770420600000000,87.72000000,88.48000000,87.39000000,87.46000000,131905.12500000,1770422399999999,11587982.79309000,38134,44856.26600000,3941799.41017000,0
1770422400000000,87.45000000,87.47000000,86.10000000,86.30000000,253084.65900000,1770424199999999,21950030.25183000,96786,86626.17400000,7513141.39796000,0
1770424200000000,86.31000000,87.03000000,86.17000000,86.57000000,141114.93600000,1770425999999999,12202288.90694000,55733,60478.57400000,5231598.56447000,0
1770426000000000,86.56000000,86.70000000,85.91000000,86.39000000,91483.72200000,1770427799999999,7893798.62398000,34652,42434.90700000,3662085.39021000,0
1770427800000000,86.39000000,87.49000000,86.28000000,87.13000000,79728.53400000,1770429599999999,6935631.47662000,29428,47077.50600000,4095882.49522000,0
1770429600000000,87.12000000,87.55000000,86.82000000,87.40000000,52515.62800000,1770431399999999,4574791.35274000,26259,27845.38100000,2426298.39957000,0
1770431400000000,87.40000000,87.61000000,86.81000000,87.35000000,44563.56700000,1770433199999999,3885801.05680000,22948,24908.48800000,2172307.72518000,0
1770433200000000,87.35000000,88.39000000,87.24000000,88.26000000,88675.71400000,1770434999999999,7796423.97801000,32336,51399.73900000,4518216.68118000,0
1770435000000000,88.25000000,88.34000000,87.78000000,88.10000000,67493.64700000,1770436799999999,5944096.81537000,24074,44520.64000000,3920307.12803000,0
1770436800000000,88.09000000,89.04000000,87.91000000,88.26000000,118246.82700000,1770438599999999,10463867.51656000,46412,73476.66600000,6502175.39443000,0
1770438600000000,88.25000000,88.67000000,87.29000000,87.73000000,88209.99900000,1770440399999999,7745712.46209000,30589,52078.97600000,4571934.44937000,0
1770440400000000,87.74000000,88.64000000,87.68000000,87.97000000,87458.41800000,1770442199999999,7710883.28261000,30838,46550.36500000,4102989.04272000,0
1770442200000000,87.97000000,88.30000000,87.55000000,87.81000000,53966.43600000,1770443999999999,4743586.04931000,24371,21196.25700000,1863538.63480000,0
1770444000000000,87.80000000,88.25000000,87.54000000,87.85000000,50777.79300000,1770445799999999,4461028.34356000,22412,20585.10800000,1808595.36644000,0
1770445800000000,87.84000000,88.04000000,86.22000000,86.25000000,107937.79700000,1770447599999999,9412322.62041000,35625,38166.11400000,3331724.87277000,0
1770447600000000,86.25000000,86.65000000,84.16000000,85.30000000,323881.42000000,1770449399999999,27589789.00702000,118160,139313.04100000,11871440.74830000,0
1770449400000000,85.30000000,86.40000000,84.67000000,85.29000000,145132.34100000,1770451199999999,12405451.38587000,68032,73564.19800000,6288102.11389000,0
1770451200000000,85.29000000,85.58000000,84.75000000,84.99000000,87866.98300000,1770452999999999,7480527.40710000,41331,44720.12900000,3808198.38837000,0
1770453000000000,84.99000000,85.74000000,84.95000000,85.36000000,71209.00500000,1770454799999999,6074021.81357000,27454,45985.93200000,3923672.67592000,0
1770454800000000,85.36000000,85.73000000,85.24000000,85.31000000,45057.74000000,1770456599999999,3852381.46655000,21749,26081.42200000,2230373.11176000,0
1770456600000000,85.32000000,85.37000000,84.81000000,85.24000000,60830.95400000,1770458399999999,5172162.68908000,25067,25622.52300000,2178608.85118000,0
1770458400000000,85.23000000,85.48000000,85.00000000,85.18000000,36600.12200000,1770460199999999,3118295.87961000,19335,19949.62100000,1700112.95836000,0
1770460200000000,85.19000000,85.33000000,84.51000000,85.00000000,66950.66100000,1770461999999999,5685342.18820000,24856,28135.53600000,2389446.33396000,0
1770462000000000,85.00000000,85.15000000,84.58000000,84.68000000,34437.01500000,1770463799999999,2920740.66902000,17808,19774.77200000,1677350.25533000,0
1770463800000000,84.67000000,85.20000000,84.64000000,84.91000000,45743.80900000,1770465599999999,3883226.81660000,19934,22127.17000000,1878663.47292000,0
1770465600000000,84.90000000,87.20000000,84.85000000,86.24000000,134525.34600000,1770467399999999,11565603.41094000,67619,78822.46100000,6772707.68539000,0
1770467400000000,86.23000000,86.87000000,85.99000000,86.22000000,91554.57000000,1770469199999999,7910515.67762000,39077,47248.62500000,4085242.53844000,0
1770469200000000,86.23000000,86.65000000,86.04000000,86.25000000,49403.09200000,1770470999999999,4262871.70858000,23615,27191.00100000,2346662.70663000,0
1770471000000000,86.26000000,86.31000000,85.57000000,86.13000000,58875.82200000,1770472799999999,5058028.17766000,24222,27350.35700000,2349939.49937000,0
1770472800000000,86.13000000,86.61000000,85.98000000,86.23000000,38749.98600000,1770474599999999,3343460.40250000,20304,18052.40000000,1557662.65960000,0
1770474600000000,86.22000000,86.28000000,85.51000000,85.77000000,63086.22500000,1770476399999999,5415129.32392000,28405,22872.11700000,1963001.06840000,0
1770476400000000,85.77000000,86.86000000,85.65000000,86.58000000,66101.94200000,1770478199999999,5706630.58525000,33851,41659.64500000,3596626.34417000,0
1770478200000000,86.58000000,86.97000000,86.10000000,86.57000000,67232.99300000,1770479999999999,5817644.72340000,28323,32058.23700000,2773971.74449000,0
1770480000000000,86.56000000,88.12000000,86.17000000,86.85000000,981303.57300000,1770481799999999,85577157.58473000,248503,490902.02700000,42824205.35346000,0
1770481800000000,86.86000000,87.23000000,86.73000000,87.05000000,36298.63500000,1770483599999999,3157241.94081000,25560,19432.76300000,1690330.74660000,0
1770483600000000,87.06000000,87.38000000,86.48000000,87.31000000,53657.30700000,1770485399999999,4661695.40379000,29723,26969.66400000,2343510.71931000,0
1770485400000000,87.32000000,87.74000000,87.06000000,87.65000000,41565.50600000,1770487199999999,3635775.89383000,23620,24712.81900000,2161852.41787000,0
1770487200000000,87.64000000,88.42000000,87.45000000,88.31000000,44118.21600000,1770488999999999,3878990.87439000,27389,22887.29000000,2012402.04833000,0
1770489000000000,88.32000000,89.19000000,88.20000000,88.71000000,83205.73400000,1770490799999999,7383346.38918000,33916,41591.72000000,3691027.06309000,0
1770490800000000,88.72000000,88.79000000,88.18000000,88.53000000,52100.09400000,1770492599999999,4610911.23083000,22154,21840.08700000,1933086.21197000,0
1770492600000000,88.53000000,88.64000000,88.03000000,88.30000000,39721.78000000,1770494399999999,3508571.84432000,19644,15256.13800000,1347620.55119000,0
1770494400000000,88.30000000,88.60000000,88.01000000,88.53000000,30518.49200000,1770496199999999,2694870.86869000,17008,12564.48200000,1109631.45964000,0
1770496200000000,88.54000000,89.20000000,88.40000000,88.91000000,59910.21800000,1770497999999999,5323865.36824000,23790,26206.15900000,2329360.33880000,0
1770498000000000,88.92000000,89.20000000,88.62000000,88.76000000,34392.13600000,1770499799999999,3055902.11603000,17717,15049.73600000,1337397.64072000,0
1770499800000000,88.75000000,88.95000000,88.12000000,88.21000000,28705.82100000,1770501599999999,2540251.90685000,16063,11455.95900000,1014008.61965000,0
1770501600000000,88.22000000,88.77000000,88.16000000,88.45000000,34109.40100000,1770503399999999,3016976.61044000,15237,14577.82500000,1289679.92300000,0
1770503400000000,88.45000000,88.55000000,88.20000000,88.27000000,25097.57500000,1770505199999999,2218263.21357000,12613,11845.61700000,1046844.27302000,0
1770505200000000,88.28000000,88.34000000,86.86000000,87.39000000,89756.55600000,1770506999999999,7852088.67996000,33303,37871.43500000,3312582.06829000,0
1770507000000000,87.40000000,87.84000000,87.34000000,87.59000000,39690.73300000,1770508799999999,3477200.26760000,18196,17139.24800000,1501511.68750000,0
1770508800000000,87.59000000,87.68000000,87.10000000,87.19000000,36510.20200000,1770510599999999,3191146.71708000,18471,17498.41700000,1529752.57901000,0
1770510600000000,87.19000000,87.57000000,87.10000000,87.35000000,37393.40000000,1770512399999999,3263261.92026000,17464,18832.00900000,1643359.52220000,0
1770512400000000,87.34000000,87.96000000,87.31000000,87.61000000,24398.20800000,1770514199999999,2138589.20663000,12075,13564.17200000,1189062.03967000,0
1770514200000000,87.61000000,88.00000000,87.55000000,87.89000000,19961.57300000,1770515999999999,1753194.14093000,11840,10595.08200000,930472.61865000,0
1770516000000000,87.89000000,88.22000000,87.60000000,87.70000000,29021.17500000,1770517799999999,2550823.33389000,13921,16285.09200000,1431492.56744000,0
1770517800000000,87.71000000,87.86000000,86.94000000,87.27000000,29465.44500000,1770519599999999,2572252.22872000,15522,14748.30700000,1288051.83681000,0
1770519600000000,87.27000000,87.52000000,87.10000000,87.39000000,21402.71000000,1770521399999999,1868210.29136000,12933,10609.56000000,926035.30635000,0
1770521400000000,87.39000000,87.54000000,86.70000000,86.82000000,24487.13300000,1770523199999999,2131714.74361000,11541,7123.41100000,620531.68176000,0
1770523200000000,86.82000000,87.31000000,86.63000000,87.21000000,34873.89100000,1770524999999999,3032844.29689000,14783,14022.50200000,1219430.07219000,0
1770525000000000,87.22000000,87.42000000,86.94000000,87.41000000,31907.84200000,1770526799999999,2782154.05232000,11533,13524.82400000,1179395.53950000,0
1770526800000000,87.40000000,87.56000000,87.22000000,87.29000000,28684.72000000,1770528599999999,2505481.35134000,10807,14203.19300000,1240520.84565000,0
1770528600000000,87.29000000,87.30000000,87.05000000,87.29000000,26762.73200000,1770530399999999,2333160.18481000,8393,13229.70200000,1153290.26938000,0
1770530400000000,87.29000000,87.51000000,86.94000000,87.42000000,28379.05300000,1770532199999999,2476700.59919000,13500,14729.04300000,1285695.66578000,0
1770532200000000,87.43000000,87.43000000,87.08000000,87.17000000,16023.49800000,1770533999999999,1398121.72073000,7224,7997.64600000,697755.92948000,0
1770534000000000,87.17000000,87.27000000,86.69000000,86.92000000,35868.09800000,1770535799999999,3120069.16391000,14271,18751.42200000,1631607.31191000,0
1770535800000000,86.91000000,87.42000000,86.77000000,87.42000000,24116.38500000,1770537599999999,2099876.42274000,12023,15273.81200000,1329996.16581000,0
1770537600000000,87.41000000,88.16000000,86.94000000,87.91000000,54174.20400000,1770539399999999,4743265.55318000,24094,32875.55300000,2878637.73554000,0
1770539400000000,87.90000000,88.83000000,87.66000000,88.65000000,100627.01600000,1770541199999999,8897271.61636000,43340,56228.02500000,4972838.80482000,0
1770541200000000,88.64000000,88.99000000,88.28000000,88.42000000,58100.49100000,1770542999999999,5145661.00748000,25546,32094.48800000,2843284.05805000,0
1770543000000000,88.42000000,88.66000000,87.54000000,87.61000000,62613.30900000,1770544799999999,5502228.93128000,24917,36392.05300000,3197433.08267000,0
1770544800000000,87.60000000,88.13000000,86.44000000,86.62000000,93170.44800000,1770546599999999,8132565.43739000,30403,48546.74500000,4241111.92183000,0
1770546600000000,86.62000000,87.12000000,86.50000000,86.88000000,82528.52400000,1770548399999999,7166364.89466000,21407,45451.17000000,3946669.59949000,0
1770548400000000,86.88000000,87.86000000,86.75000000,87.55000000,45223.76500000,1770550199999999,3948950.02795000,21739,26502.56000000,2312785.53282000,0
1770550200000000,87.55000000,88.32000000,87.51000000,88.25000000,73540.62900000,1770551999999999,6475684.02748000,30951,43291.88000000,3812578.22559000,0
1770552000000000,88.25000000,88.33000000,87.72000000,88.16000000,35636.57300000,1770553799999999,3134841.35644000,16953,19990.37000000,1758474.83812000,0
1770553800000000,88.16000000,88.37000000,87.70000000,88.17000000,59833.34700000,1770555599999999,5268407.92756000,21807,33856.93700000,2981537.11415000,0
1770555600000000,88.16000000,88.89000000,87.78000000,88.66000000,116513.93000000,1770557399999999,10292674.97118000,26159,83650.16400000,7390399.30991000,0
1770557400000000,88.65000000,88.71000000,88.21000000,88.58000000,57776.19700000,1770559199999999,5108966.95442000,17368,26829.17000000,2372599.37402000,0
1770559200000000,88.57000000,88.75000000,88.02000000,88.28000000,68522.43000000,1770560999999999,6060380.20832000,20198,33256.66100000,2940383.09276000,0
1770561000000000,88.28000000,88.50000000,88.21000000,88.43000000,38572.92500000,1770562799999999,3408618.92551000,13381,19333.50000000,1708419.31694000,0
1770562800000000,88.43000000,88.76000000,87.35000000,87.55000000,72292.00800000,1770564599999999,6381579.62830000,26931,35228.19300000,3111400.15309000,0
1770564600000000,87.54000000,87.95000000,87.39000000,87.77000000,68792.41200000,1770566399999999,6032235.49230000,24013,31576.46800000,2768941.65012000,0
1770566400000000,87.78000000,87.91000000,87.38000000,87.60000000,54585.14600000,1770568199999999,4783201.84961000,19417,25396.52000000,2225708.95677000,0
1770568200000000,87.60000000,87.60000000,85.77000000,86.22000000,141848.41500000,1770569999999999,12276483.77422000,43419,56248.38100000,4867435.80529000,0
1770570000000000,86.22000000,87.12000000,86.19000000,86.64000000,58853.13600000,1770571799999999,5102804.63615000,22311,28540.85900000,2474194.30702000,0
1770571800000000,86.65000000,87.09000000,86.64000000,86.96000000,33223.42800000,1770573599999999,2887462.47806000,13530,17771.67300000,1544580.68612000,0
1770573600000000,86.96000000,87.61000000,86.94000000,87.46000000,30597.34500000,1770575399999999,2673018.06157000,15614,16238.34200000,1418618.56433000,0
1770575400000000,87.46000000,88.61000000,87.46000000,87.85000000,68153.87300000,1770577199999999,6007567.01056000,27007,40619.14300000,3580637.54929000,0
1770577200000000,87.84000000,88.26000000,87.81000000,87.96000000,35760.95800000,1770578999999999,3149050.58609000,15272,16525.88900000,1455256.32757000,0
1770579000000000,87.97000000,88.59000000,87.97000000,88.41000000,59626.52200000,1770580799999999,5267264.53265000,17075,34141.89400000,3016323.71721000,0
1770580800000000,88.41000000,88.42000000,87.24000000,87.37000000,41767.47100000,1770582599999999,3660725.97088000,19296,18935.48000000,1659420.59018000,0
1770582600000000,87.37000000,87.57000000,86.76000000,86.90000000,28649.68500000,1770584399999999,2496677.38918000,13343,13640.85500000,1188608.32083000,0
1770584400000000,86.89000000,87.34000000,86.74000000,87.13000000,32743.36600000,1770586199999999,2853460.71142000,12488,17438.70500000,1519571.65757000,0
1770586200000000,87.13000000,87.18000000,86.24000000,86.60000000,43585.15800000,1770587999999999,3774175.13709000,17942,18767.97700000,1624683.17761000,0
1770588000000000,86.61000000,87.12000000,86.58000000,86.73000000,29735.73500000,1770589799999999,2582467.03343000,16551,16348.05000000,1419809.00233000,0
1770589800000000,86.73000000,87.27000000,86.46000000,87.13000000,21525.66200000,1770591599999999,1870588.64476000,16144,10041.02300000,872627.94980000,0
1770591600000000,87.12000000,89.08000000,86.50000000,86.65000000,228005.59600000,1770593399999999,20068795.77826000,112527,113574.98400000,10002360.72447000,0
1770593400000000,86.65000000,87.57000000,86.06000000,86.99000000,89162.91400000,1770595199999999,7736615.17863000,63406,41990.68700000,3645394.08038000,0
1770595200000000,86.99000000,87.45000000,86.53000000,86.92000000,59384.43500000,1770596999999999,5165599.21767000,46737,29292.20700000,2548037.39509000,0
1770597000000000,86.92000000,87.15000000,86.39000000,87.07000000,43583.31000000,1770598799999999,3782342.06734000,33287,19181.56400000,1664861.73346000,0
1770598800000000,87.06000000,87.98000000,86.66000000,87.44000000,52163.88700000,1770600599999999,4554700.57693000,40074,23119.41200000,2019124.21991000,0
1770600600000000,87.44000000,87.48000000,85.75000000,86.42000000,143162.00300000,1770602399999999,12360522.38262000,53789,60206.60200000,5197945.12862000,0
1770602400000000,86.42000000,86.85000000,86.18000000,86.68000000,39817.94200000,1770604199999999,3444276.42594000,26683,17343.99400000,1500226.34522000,0
1770604200000000,86.68000000,87.85000000,86.58000000,87.01000000,88753.74400000,1770605999999999,7754969.36691000,38373,42527.31200000,3715539.07227000,0
1770606000000000,87.02000000,87.31000000,86.84000000,87.13000000,40344.18800000,1770607799999999,3513075.66445000,25905,20332.88200000,1770527.93240000,0
1770607800000000,87.14000000,87.91000000,87.14000000,87.67000000,60095.90900000,1770609599999999,5264172.59653000,36256,31418.76100000,2752771.65108000,0
1770609600000000,87.67000000,87.72000000,87.20000000,87.56000000,53758.56400000,1770611399999999,4701347.57867000,21915,27712.36100000,2423961.73640000,0
1770611400000000,87.56000000,87.56000000,86.97000000,87.12000000,30513.62700000,1770613199999999,2659339.87002000,18031,13040.43800000,1136362.74417000,0
1770613200000000,87.12000000,87.23000000,86.88000000,87.10000000,28360.54000000,1770614999999999,2468754.95930000,17220,14324.00000000,1246991.71913000,0
1770615000000000,87.10000000,87.44000000,87.02000000,87.26000000,30350.83000000,1770616799999999,2646642.41327000,14443,16711.70800000,1457248.88279000,0
1770616800000000,87.26000000,87.26000000,85.96000000,86.10000000,93399.54400000,1770618599999999,8072878.21373000,32610,37846.58100000,3271386.05796000,0
1770618600000000,86.09000000,86.58000000,86.05000000,86.45000000,52734.21500000,1770620399999999,4553097.99179000,21431,29639.88900000,2559189.18913000,0
1770620400000000,86.45000000,86.61000000,86.02000000,86.37000000,72016.31300000,1770622199999999,6221225.80970000,25582,41838.51700000,3614449.24070000,0
1770622200000000,86.37000000,86.44000000,85.19000000,85.50000000,131965.72600000,1770623999999999,11309748.93776000,38030,56563.39300000,4845537.66231000,0
1770624000000000,85.50000000,85.64000000,84.68000000,84.77000000,113845.23900000,1770625799999999,9689920.36094000,40328,53796.51000000,4577957.22867000,0
1770625800000000,84.77000000,84.82000000,83.86000000,84.59000000,157892.77200000,1770627599999999,13315162.47562000,47921,86427.92300000,7288433.61172000,0
1770627600000000,84.58000000,84.93000000,84.33000000,84.59000000,66510.26600000,1770629399999999,5628424.73316000,23949,30205.31100000,2556445.02910000,0
1770629400000000,84.60000000,84.65000000,83.94000000,84.33000000,68145.63300000,1770631199999999,5735487.04644000,22990,25501.95500000,2147026.47144000,0
1770631200000000,84.32000000,84.48000000,83.58000000,83.73000000,111409.10200000,1770632999999999,9353092.09481000,34130,51249.74400000,4302329.31534000,0
1770633000000000,83.73000000,83.78000000,82.86000000,83.23000000,146249.48800000,1770634799999999,12172366.78973000,42285,75066.83200000,6247346.87615000,0
1770634800000000,83.23000000,83.70000000,83.22000000,83.49000000,65099.32700000,1770636599999999,5433846.55469000,25059,36835.17400000,3074718.02753000,0
1770636600000000,83.49000000,83.67000000,83.25000000,83.47000000,45214.94200000,1770638399999999,3773313.14197000,17292,22053.11600000,1840591.84628000,0
1770638400000000,83.48000000,84.01000000,83.45000000,83.82000000,56066.19200000,1770640199999999,4697553.50286000,20512,33901.92700000,2840607.61436000,0
1770640200000000,83.83000000,84.37000000,83.76000000,84.06000000,46522.69900000,1770641999999999,3913390.68306000,15780,25741.83600000,2165481.56448000,0
1770642000000000,84.05000000,84.62000000,83.92000000,84.47000000,55962.61700000,1770643799999999,4719818.98167000,19867,26835.24000000,2263587.66946000,0
1770643800000000,84.47000000,84.47000000,83.75000000,83.77000000,54601.70600000,1770645599999999,4590181.00904000,20566,25033.19200000,2104905.59464000,0
1770645600000000,83.77000000,84.18000000,83.55000000,83.93000000,87042.86400000,1770647399999999,7294368.95918000,34499,45200.93600000,3789274.67529000,0
1770647400000000,83.93000000,85.24000000,83.61000000,84.96000000,158467.97300000,1770649199999999,13396820.65736000,100308,83652.38600000,7072164.65123000,0
1770649200000000,84.95000000,85.80000000,84.32000000,84.45000000,101441.34700000,1770650999999999,8631890.31479000,50136,49724.42800000,4234756.08817000,0
1770651000000000,84.46000000,85.76000000,84.39000000,85.28000000,77188.32400000,1770652799999999,6582410.90421000,49595,37204.78600000,3173136.92950000,0
1770652800000000,85.28000000,85.56000000,84.81000000,85.48000000,45317.86100000,1770654599999999,3858923.71809000,31643,23092.24800000,1966609.77545000,0
1770654600000000,85.48000000,86.86000000,85.14000000,86.11000000,108921.44100000,1770656399999999,9385920.43345000,63248,64648.38700000,5569861.07153000,0
1770656400000000,86.11000000,86.56000000,85.66000000,86.55000000,93692.84800000,1770658199999999,8068647.82530000,39382,47694.96200000,4107962.31764000,0
1770658200000000,86.55000000,88.10000000,86.47000000,87.79000000,179542.42300000,1770659999999999,15725888.84474000,77222,90111.72300000,7892806.07298000,0
1770660000000000,87.78000000,88.69000000,87.07000000,87.37000000,178892.99500000,1770661799999999,15732939.44609000,75245,82004.04700000,7210722.92590000,0
1770661800000000,87.37000000,87.98000000,87.19000000,87.51000000,84022.56100000,1770663599999999,7360180.78809000,45241,35573.18900000,3116559.44973000,0
1770663600000000,87.51000000,87.74000000,87.15000000,87.54000000,75783.48900000,1770665399999999,6625592.03361000,34232,26048.85700000,2277229.98722000,0
1770665400000000,87.54000000,88.24000000,87.49000000,87.97000000,86902.57100000,1770667199999999,7643637.28309000,37379,26476.94400000,2328949.61196000,0
1770667200000000,87.96000000,88.31000000,87.21000000,87.32000000,86672.50100000,1770668999999999,7604208.28757000,35952,24454.13500000,2145576.04666000,0
1770669000000000,87.32000000,87.97000000,87.22000000,87.76000000,54029.81600000,1770670799999999,4735580.27522000,26526,16979.50200000,1488358.59002000,0
1770670800000000,87.76000000,87.89000000,87.23000000,87.31000000,35646.34200000,1770672599999999,3118980.93195000,19761,15153.92900000,1325756.87654000,0
1770672600000000,87.31000000,87.67000000,86.53000000,87.34000000,85968.65000000,1770674399999999,7477082.41981000,30341,38168.59800000,3321913.14111000,0
1770674400000000,87.34000000,87.59000000,87.09000000,87.18000000,42866.74400000,1770676199999999,3743736.91346000,22354,16945.96000000,1480054.88534000,0
1770676200000000,87.19000000,87.30000000,86.97000000,87.12000000,24828.58800000,1770677999999999,2163025.34667000,15238,11736.34600000,1022445.52303000,0
1770678000000000,87.12000000,87.40000000,86.86000000,86.95000000,24592.25700000,1770679799999999,2141945.51347000,18684,11359.80100000,989458.18605000,0
1770679800000000,86.95000000,87.19000000,86.64000000,86.77000000,27906.06100000,1770681599999999,2424831.24060000,13222,10510.53600000,913648.49383000,0
1770681600000000,86.77000000,86.93000000,86.28000000,86.55000000,90712.32100000,1770683399999999,7854012.00841000,18422,32972.22700000,2855034.95702000,0
1770683400000000,86.56000000,86.73000000,86.30000000,86.40000000,27311.80500000,1770685199999999,2361954.99386000,13629,10562.92500000,913491.98911000,0
1770685200000000,86.40000000,87.49000000,86.37000000,87.34000000,34817.93400000,1770686999999999,3030049.08638000,18599,20595.78600000,1792652.10492000,0
1770687000000000,87.33000000,87.48000000,87.04000000,87.29000000,33973.64400000,1770688799999999,2964897.43413000,17698,17938.46000000,1565602.69998000,0
1770688800000000,87.28000000,87.32000000,86.73000000,86.74000000,38090.25300000,1770690599999999,3316045.59590000,16237,15481.73700000,1347915.70825000,0
1770690600000000,86.75000000,86.79000000,86.42000000,86.66000000,34416.80000000,1770692399999999,2981021.51945000,15501,17390.61600000,1506563.85865000,0
1770692400000000,86.67000000,86.85000000,85.74000000,85.85000000,73307.07600000,1770694199999999,6311568.72256000,27167,25671.23600000,2211558.15260000,0
1770694200000000,85.84000000,85.94000000,85.26000000,85.87000000,69463.70100000,1770695999999999,5945204.10816000,28020,31234.84300000,2673834.33455000,0
1770696000000000,85.86000000,86.51000000,85.79000000,86.43000000,50783.99000000,1770697799999999,4379365.75479000,17947,27946.05500000,2410333.82767000,0
1770697800000000,86.43000000,86.67000000,86.23000000,86.55000000,32458.59000000,1770699599999999,2804325.78050000,11518,13594.30000000,1174745.08774000,0
1770699600000000,86.55000000,86.57000000,86.07000000,86.11000000,32438.35400000,1770701399999999,2800809.81214000,12501,14209.58900000,1226890.78620000,0
1770701400000000,86.10000000,86.57000000,85.61000000,85.95000000,57382.42100000,1770703199999999,4936312.71511000,21086,28419.41800000,2444751.30941000,0
1770703200000000,85.95000000,86.04000000,85.28000000,85.44000000,59251.17400000,1770704999999999,5073117.19423000,19470,22350.41400000,1913713.30685000,0
1770705000000000,85.43000000,85.60000000,84.30000000,84.60000000,142855.28300000,1770706799999999,12124180.97534000,35734,63794.66800000,5413411.67753000,0
1770706800000000,84.60000000,85.14000000,84.49000000,84.76000000,82213.76900000,1770708599999999,6964045.64726000,18494,44809.97900000,3794181.51180000,0
1770708600000000,84.77000000,84.90000000,84.43000000,84.63000000,40301.95100000,1770710399999999,3410874.52569000,10565,20191.71000000,1708847.48936000,0
1770710400000000,84.64000000,84.87000000,84.17000000,84.47000000,56312.45500000,1770712199999999,4761634.01627000,22605,27550.79800000,2330000.64688000,0
1770712200000000,84.48000000,84.75000000,84.28000000,84.66000000,58730.57900000,1770713999999999,4965700.41985000,14981,28405.53200000,2401826.32901000,0
1770714000000000,84.65000000,85.09000000,84.60000000,84.81000000,51050.54400000,1770715799999999,4333868.83623000,15220,28365.59400000,2407804.82651000,0
1770715800000000,84.82000000,84.83000000,84.29000000,84.56000000,79843.77900000,1770717599999999,6754966.79967000,22783,25299.08500000,2140726.29915000,0
1770717600000000,84.57000000,84.75000000,84.31000000,84.55000000,46244.94600000,1770719399999999,3907811.54390000,14424,26928.30600000,2275371.03435000,0
1770719400000000,84.55000000,84.55000000,84.20000000,84.22000000,31312.82400000,1770721199999999,2639591.71821000,10931,18226.22000000,1536351.36850000,0
1770721200000000,84.23000000,84.45000000,84.08000000,84.38000000,48661.98500000,1770722999999999,4100068.60027000,17086,26987.00000000,2273927.59811000,0
1770723000000000,84.38000000,84.61000000,83.77000000,83.85000000,82938.59100000,1770724799999999,6970971.36188000,23097,37414.25400000,3146530.64476000,0
1770724800000000,83.85000000,84.26000000,83.84000000,84.19000000,58400.05900000,1770726599999999,4911458.36423000,18193,30900.64100000,2599124.44132000,0
1770726600000000,84.19000000,84.36000000,83.69000000,83.96000000,49570.33700000,1770728399999999,4164282.49588000,18882,20513.51700000,1723338.46638000,0
1770728400000000,83.95000000,84.32000000,83.68000000,84.24000000,66730.68800000,1770730199999999,5605157.36737000,22612,36270.60400000,3047047.62089000,0
1770730200000000,84.23000000,84.78000000,84.07000000,84.66000000,76578.51600000,1770731999999999,6478260.47808000,24128,48052.89100000,4065410.86333000,0
1770732000000000,84.66000000,85.24000000,84.10000000,84.23000000,88992.23800000,1770733799999999,7539238.85343000,28831,53764.28300000,4556821.64851000,0
1770733800000000,84.24000000,84.78000000,83.20000000,83.72000000,226999.50800000,1770735599999999,19019070.42539000,88156,95944.54700000,8039319.30688000,0
1770735600000000,83.72000000,84.49000000,83.43000000,84.16000000,145735.82800000,1770737399999999,12236024.39401000,55842,56457.54400000,4744529.78590000,0
1770737400000000,84.16000000,84.54000000,83.97000000,84.30000000,85238.46400000,1770739199999999,7183771.34918000,47055,31035.74000000,2616053.71452000,0
1770739200000000,84.30000000,84.94000000,83.77000000,84.36000000,70514.19000000,1770740999999999,5951034.22288000,39379,31785.23500000,2685051.39963000,0
1770741000000000,84.35000000,84.84000000,84.16000000,84.46000000,46356.56000000,1770742799999999,3917616.83065000,26946,19477.16700000,1646236.72514000,0
1770742800000000,84.45000000,84.77000000,84.20000000,84.55000000,39144.13800000,1770744599999999,3307330.63697000,22708,19208.94400000,1623143.01177000,0
1770744600000000,84.56000000,85.14000000,84.50000000,84.90000000,37907.65300000,1770746399999999,3217646.34221000,23250,21139.08100000,1794469.65694000,0
1770746400000000,84.91000000,84.98000000,83.39000000,83.43000000,72263.45700000,1770748199999999,6083638.72893000,32011,30990.07800000,2611086.00941000,0
1770748200000000,83.43000000,83.68000000,82.71000000,82.94000000,106872.29700000,1770749999999999,8882923.91342000,36098,46079.37000000,3831834.43539000,0
1770750000000000,82.93000000,83.07000000,82.44000000,82.79000000,70799.30800000,1770751799999999,5859493.46426000,28226,39610.76800000,3279077.88891000,0
1770751800000000,82.79000000,83.51000000,82.79000000,83.08000000,43077.78900000,1770753599999999,3585665.00190000,24739,25062.82400000,2086836.06496000,0
1770753600000000,83.08000000,83.23000000,82.62000000,82.70000000,57040.67100000,1770755399999999,4726846.11902000,20269,27943.79100000,2314865.29572000,0
1770755400000000,82.69000000,83.03000000,82.30000000,82.63000000,63641.06800000,1770757199999999,5258650.96171000,27546,30665.59400000,2534149.23989000,0
1770757200000000,82.63000000,82.94000000,82.40000000,82.40000000,32462.07200000,1770758999999999,2684787.04036000,14086,18266.16700000,1510820.94176000,0
1770759000000000,82.40000000,82.53000000,81.91000000,82.46000000,67167.69600000,1770760799999999,5519870.62518000,23671,36100.63200000,2966475.85093000,0
1770760800000000,82.46000000,82.68000000,82.36000000,82.65000000,36163.79500000,1770762599999999,2984073.83379000,16003,19729.36300000,1627911.64823000,0
1770762600000000,82.65000000,82.98000000,82.55000000,82.60000000,33329.76100000,1770764399999999,2757873.13389000,12492,10822.08200000,895597.55113000,0
1770764400000000,82.59000000,82.73000000,82.36000000,82.69000000,24275.07100000,1770766199999999,2004142.47069000,12982,11046.29500000,911970.72334000,0
1770766200000000,82.69000000,83.00000000,82.64000000,82.99000000,21076.17200000,1770767999999999,1746707.56601000,10182,11541.46200000,956457.54050000,0
1770768000000000,82.99000000,83.53000000,82.93000000,83.47000000,31447.61000000,1770769799999999,2617374.71110000,14222,19251.02000000,1602511.62423000,0
1770769800000000,83.47000000,83.72000000,83.26000000,83.47000000,47924.28400000,1770771599999999,3999227.43064000,12906,24890.30200000,2077983.68414000,0
1770771600000000,83.46000000,83.65000000,83.20000000,83.31000000,28356.36500000,1770773399999999,2365606.24060000,11384,9592.02900000,800232.60422000,0
1770773400000000,83.30000000,83.79000000,83.30000000,83.77000000,26999.04100000,1770775199999999,2257069.42964000,13056,12987.93900000,1085803.89974000,0
1770775200000000,83.77000000,84.39000000,83.71000000,84.25000000,45119.17900000,1770776999999999,3792392.42917000,19717,22587.49100000,1898052.48741000,0
1770777000000000,84.24000000,84.35000000,83.53000000,83.54000000,41347.11400000,1770778799999999,3470678.37308000,18251,14296.61900000,1199799.11890000,0
1770778800000000,83.55000000,83.68000000,82.59000000,83.07000000,64768.86000000,1770780599999999,5385990.82998000,28421,29278.06100000,2434532.41459000,0
1770780600000000,83.07000000,83.86000000,83.03000000,83.34000000,31195.34300000,1770782399999999,2605689.84006000,18263,12047.94200000,1006488.59974000,0
1770782400000000,83.34000000,83.54000000,82.32000000,82.58000000,52831.55600000,1770784199999999,4377471.80191000,24965,18997.27900000,1574397.90189000,0
1770784200000000,82.58000000,82.65000000,81.71000000,81.98000000,87084.58100000,1770785999999999,7155392.70603000,38797,37538.72600000,3084862.46096000,0
1770786000000000,81.98000000,82.41000000,81.97000000,82.08000000,37622.77600000,1770787799999999,3092547.82811000,17515,19153.65200000,1574248.49586000,0
1770787800000000,82.08000000,82.18000000,81.73000000,81.89000000,37404.45200000,1770789599999999,3065844.73031000,17007,16272.30500000,1333902.75177000,0
1770789600000000,81.90000000,81.99000000,80.58000000,81.53000000,138726.37000000,1770791399999999,11252858.80359000,44377,56527.79300000,4585383.85668000,0
1770791400000000,81.52000000,81.65000000,80.71000000,80.87000000,79569.30000000,1770793199999999,6457576.29826000,24657,32438.99000000,2633946.64067000,0
1770793200000000,80.87000000,81.16000000,80.28000000,80.80000000,60167.50700000,1770794999999999,4854902.44586000,26015,29263.26300000,2361526.53267000,0
1770795000000000,80.80000000,81.36000000,80.68000000,81.00000000,56479.91200000,1770796799999999,4577813.47350000,20361,36969.52000000,2996463.91668000,0
1770796800000000,81.00000000,81.13000000,80.55000000,80.88000000,49464.21100000,1770798599999999,4001349.38732000,20857,22880.29100000,1850818.63592000,0
1770798600000000,80.88000000,81.20000000,80.77000000,81.09000000,31223.32600000,1770800399999999,2530239.22585000,14899,14434.74900000,1169989.01973000,0
1770800400000000,81.09000000,81.29000000,80.82000000,81.10000000,36218.62100000,1770802199999999,2934110.84459000,15979,17332.16800000,1404354.67097000,0
1770802200000000,81.09000000,81.28000000,80.67000000,80.80000000,36042.89100000,1770803999999999,2917506.87052000,15118,16363.95700000,1324430.48698000,0
1770804000000000,80.80000000,81.00000000,80.58000000,80.91000000,37930.09500000,1770805799999999,3063568.19971000,17606,16733.04400000,1351428.43873000,0
1770805800000000,80.91000000,80.92000000,80.38000000,80.69000000,67749.59700000,1770807599999999,5460079.89744000,21129,37416.31100000,3015529.94818000,0
1770807600000000,80.69000000,81.47000000,80.65000000,81.34000000,59582.06400000,1770809399999999,4832647.29682000,23768,36390.14900000,2951896.58998000,0
1770809400000000,81.35000000,81.44000000,81.06000000,81.26000000,51478.32200000,1770811199999999,4182950.28625000,13314,31888.77600000,2591361.10791000,0
1770811200000000,81.25000000,81.46000000,80.95000000,81.29000000,54102.19700000,1770812999999999,4393730.97076000,20501,27583.69300000,2240384.70737000,0
1770813000000000,81.28000000,81.47000000,81.08000000,81.18000000,37769.72200000,1770814799999999,3069797.57989000,12881,24829.05800000,2018075.26350000,0
1770814800000000,81.18000000,81.32000000,80.69000000,80.91000000,49877.72200000,1770816599999999,4038672.37426000,16316,22204.77500000,1798334.88462000,0
1770816600000000,80.90000000,81.84000000,80.64000000,81.64000000,181388.55100000,1770818399999999,14753539.11633000,48544,88682.56300000,7212718.17552000,0
1770818400000000,81.65000000,83.17000000,81.61000000,81.92000000,265417.24200000,1770820199999999,21870132.77797000,75152,154136.25700000,12700766.81573000,0
1770820200000000,81.93000000,82.31000000,79.77000000,79.95000000,313568.23800000,1770821999999999,25384136.55379000,121879,139781.48900000,11318956.78854000,0
1770822000000000,79.95000000,80.34000000,78.56000000,79.38000000,264165.33800000,1770823799999999,20968072.49156000,123424,141072.60500000,11200291.34324000,0
1770823800000000,79.39000000,80.27000000,79.31000000,79.72000000,114820.02600000,1770825599999999,9158542.15408000,58755,65815.91300000,5249457.17822000,0
1770825600000000,79.72000000,80.94000000,79.56000000,80.03000000,102649.52500000,1770827399999999,8241406.40673000,57108,61959.56500000,4974694.85096000,0
1770827400000000,80.03000000,80.19000000,78.72000000,78.74000000,131316.19600000,1770829199999999,10419673.15877000,48061,65899.90200000,5228556.21800000,0
1770829200000000,78.73000000,79.85000000,78.04000000,79.83000000,161037.00500000,1770830999999999,12697491.77204000,62607,76726.08300000,6049101.37539000,0
1770831000000000,79.82000000,80.04000000,79.01000000,79.01000000,69201.07200000,1770832799999999,5504061.43022000,37293,30691.78600000,2440514.16586000,0
1770832800000000,79.01000000,79.92000000,78.53000000,79.66000000,73816.60800000,1770834599999999,5850462.94708000,40279,35338.25800000,2798933.41145000,0
1770834600000000,79.66000000,79.99000000,79.40000000,79.81000000,57347.60700000,1770836399999999,4571224.47303000,31715,28678.12300000,2286924.12870000,0
1770836400000000,79.81000000,80.34000000,79.59000000,79.60000000,72960.78400000,1770838199999999,5835202.97953000,37164,37709.27000000,3017223.54473000,0
1770838200000000,79.60000000,80.08000000,79.32000000,79.72000000,43224.32100000,1770839999999999,3447858.80805000,25745,23218.88200000,1851832.10583000,0
1770840000000000,79.72000000,80.01000000,79.04000000,79.06000000,63506.78700000,1770841799999999,5050135.28137000,25958,31815.07700000,2529304.24856000,0
1770841800000000,79.06000000,79.91000000,78.98000000,79.64000000,50073.11500000,1770843599999999,3981339.84572000,23428,24736.37300000,1966648.68741000,0
1770843600000000,79.65000000,80.92000000,79.65000000,80.65000000,124858.58200000,1770845399999999,10028173.00416000,40232,76874.43100000,6176913.89710000,0
1770845400000000,80.65000000,81.11000000,80.16000000,80.16000000,84351.90000000,1770847199999999,6799479.56018000,28030,44776.81600000,3610569.52044000,0
1770847200000000,80.17000000,80.24000000,79.70000000,79.84000000,51074.04300000,1770848999999999,4084258.85423000,21355,22676.20900000,1813144.78168000,0
1770849000000000,79.84000000,80.17000000,79.45000000,79.50000000,51656.66700000,1770850799999999,4124064.11359000,22199,23242.14600000,1855573.67487000,0
1770850800000000,79.51000000,79.73000000,78.80000000,79.12000000,107453.02800000,1770852599999999,8513385.09823000,28160,48266.84700000,3825772.68296000,0
1770852600000000,79.12000000,79.65000000,79.08000000,79.30000000,52543.66700000,1770854399999999,4169680.13274000,20591,27612.89800000,2191618.66899000,0
1770854400000000,79.31000000,79.92000000,79.26000000,79.81000000,50004.24700000,1770856199999999,3982932.76930000,22604,29472.03800000,2346794.12719000,0
1770856200000000,79.81000000,80.23000000,79.76000000,79.97000000,36832.75400000,1770857999999999,2947061.42345000,19084,19040.05500000,1523423.31248000,0
1770858000000000,79.98000000,80.54000000,79.98000000,80.43000000,35871.18700000,1770859799999999,2879253.70174000,21053,19084.75100000,1531801.53825000,0
1770859800000000,80.43000000,80.79000000,80.30000000,80.41000000,47947.37200000,1770861599999999,3862290.84497000,18664,25836.13800000,2081360.71003000,0
1770861600000000,80.42000000,80.56000000,79.94000000,80.24000000,37728.89600000,1770863399999999,3026012.82436000,17864,14933.72500000,1198688.43744000,0
1770863400000000,80.24000000,80.73000000,80.21000000,80.33000000,32203.89700000,1770865199999999,2591088.05601000,16645,13347.47700000,1073855.08484000,0
1770865200000000,80.33000000,80.49000000,80.08000000,80.22000000,20726.23700000,1770866999999999,1663751.98138000,13491,9347.35700000,750477.95333000,0
1770867000000000,80.21000000,80.67000000,80.19000000,80.62000000,24689.09300000,1770868799999999,1986606.08539000,11514,13053.19400000,1050290.76169000,0
1770868800000000,80.63000000,80.97000000,80.43000000,80.50000000,50016.29900000,1770870599999999,4036206.16159000,20826,24757.31100000,1998115.06135000,0
1770870600000000,80.49000000,80.83000000,80.30000000,80.31000000,21022.92200000,1770872399999999,1694018.15545000,11094,10793.38900000,869901.62710000,0
1770872400000000,80.31000000,80.41000000,79.50000000,80.21000000,58857.51100000,1770874199999999,4705605.85106000,22011,29030.24500000,2321502.24826000,0
1770874200000000,80.21000000,80.60000000,80.16000000,80.57000000,35094.39100000,1770875999999999,2823579.11418000,15414,21607.76100000,1738332.66411000,0
1770876000000000,80.58000000,80.99000000,80.36000000,80.88000000,38091.93900000,1770877799999999,3073925.39869000,15828,23189.78400000,1871788.54783000,0
1770877800000000,80.88000000,80.95000000,80.50000000,80.57000000,24944.17900000,1770879599999999,2013334.32940000,12086,14071.09700000,1136025.71664000,0
1770879600000000,80.57000000,80.88000000,80.29000000,80.83000000,28356.59500000,1770881399999999,2283850.09584000,12558,16981.22200000,1367525.34335000,0
1770881400000000,80.82000000,80.93000000,80.65000000,80.77000000,22090.31800000,1770883199999999,1784928.59439000,10050,11649.96400000,941332.96686000,0
1770883200000000,80.77000000,80.93000000,80.32000000,80.41000000,24564.64300000,1770884999999999,1981087.68540000,11017,13854.76800000,1117708.83884000,0
1770885000000000,80.41000000,80.78000000,80.33000000,80.77000000,30744.69100000,1770886799999999,2477788.03073000,10355,12672.68600000,1021293.46230000,0
1770886800000000,80.77000000,81.76000000,80.57000000,81.71000000,97969.23200000,1770888599999999,7957199.22878000,23870,51984.94200000,4222773.48650000,0
1770888600000000,81.70000000,81.90000000,81.45000000,81.79000000,66620.96000000,1770890399999999,5440088.26344000,21688,28816.58500000,2353600.69192000,0
1770890400000000,81.78000000,81.99000000,81.35000000,81.69000000,42062.89600000,1770892199999999,3433315.63763000,17361,19888.35900000,1623948.32238000,0
1770892200000000,81.69000000,82.24000000,81.54000000,82.19000000,53236.19600000,1770893999999999,4360478.19939000,19564,30686.89700000,2514168.41560000,0
1770894000000000,82.19000000,82.23000000,81.71000000,82.15000000,70444.84200000,1770895799999999,5774254.20266000,21710,28559.29600000,2341064.82639000,0
1770895800000000,82.15000000,82.25000000,81.79000000,81.87000000,41227.61500000,1770897599999999,3378693.95941000,16973,17819.49000000,1460347.92746000,0
1770897600000000,81.87000000,81.96000000,81.39000000,81.50000000,60410.46500000,1770899399999999,4930477.89211000,17207,23551.76300000,1922690.39911000,0
1770899400000000,81.50000000,81.50000000,80.85000000,81.10000000,53126.96600000,1770901199999999,4311370.92931000,18390,20890.62500000,1695151.60459000,0
1770901200000000,81.10000000,81.24000000,80.71000000,80.96000000,79162.50900000,1770902999999999,6416294.41934000,22669,47300.22600000,3834393.34618000,0
1770903000000000,80.95000000,82.13000000,80.91000000,81.96000000,73867.11300000,1770904799999999,6023607.67955000,29704,42294.81700000,3449323.97616000,0
1770904800000000,81.96000000,81.98000000,81.20000000,81.44000000,54840.32100000,1770906599999999,4468040.04818000,22212,29319.78600000,2388240.43243000,0
1770906600000000,81.44000000,81.76000000,81.00000000,81.14000000,128516.33500000,1770908399999999,10447748.69751000,59173,60158.27400000,4890988.60468000,0
1770908400000000,81.15000000,81.52000000,80.12000000,81.37000000,118105.25900000,1770910199999999,9545775.41309000,61706,57253.02600000,4630849.12565000,0
1770910200000000,81.37000000,81.52000000,80.10000000,80.12000000,87715.36100000,1770911999999999,7071656.45183000,45055,44187.80500000,3563059.52406000,0
1770912000000000,80.13000000,80.22000000,78.24000000,78.37000000,168377.80900000,1770913799999999,13342801.40816000,84154,80899.93800000,6411583.24656000,0
1770913800000000,78.37000000,79.54000000,78.18000000,78.30000000,146390.91300000,1770915599999999,11530010.05665000,84270,81981.46300000,6458389.33498000,0
1770915600000000,78.30000000,78.68000000,77.51000000,78.20000000,165618.65600000,1770917399999999,12934016.03550000,63497,87730.96700000,6853113.79554000,0
1770917400000000,78.20000000,78.64000000,77.79000000,77.90000000,90056.33000000,1770919199999999,7033474.38661000,40598,47341.26300000,3698577.56473000,0
1770919200000000,77.90000000,78.47000000,77.21000000,77.35000000,112720.87300000,1770920999999999,8768910.40521000,43709,57209.94400000,4450708.64960000,0
1770921000000000,77.36000000,77.91000000,77.19000000,77.61000000,73401.96100000,1770922799999999,5697465.70834000,43190,41857.33600000,3250083.07163000,0
1770922800000000,77.61000000,78.44000000,77.03000000,78.12000000,91256.29400000,1770924599999999,7087813.72028000,40735,50026.75400000,3887772.61890000,0
1770924600000000,78.11000000,78.63000000,77.40000000,77.62000000,79382.70400000,1770926399999999,6191534.20869000,35606,41427.87400000,3232253.90762000,0
1770926400000000,77.62000000,77.93000000,77.05000000,77.13000000,78463.49300000,1770928199999999,6072193.26735000,35433,40839.71300000,3160740.73090000,0
1770928200000000,77.12000000,77.41000000,76.60000000,76.92000000,129765.66900000,1770929999999999,9983649.91059000,42892,51620.41000000,3972537.93040000,0
1770930000000000,76.92000000,77.40000000,76.92000000,77.17000000,68456.51600000,1770931799999999,5280337.61589000,24893,26904.78300000,2075555.68751000,0
1770931800000000,77.18000000,77.56000000,77.12000000,77.34000000,54767.21000000,1770933599999999,4238716.07503000,16133,19091.78200000,1477551.73131000,0
1770933600000000,77.33000000,77.45000000,76.97000000,77.39000000,50639.22800000,1770935399999999,3912199.80105000,15014,28248.84400000,2182628.54921000,0
1770935400000000,77.40000000,78.12000000,77.12000000,78.10000000,95134.46100000,1770937199999999,7380612.43092000,22695,60917.47500000,4724584.45254000,0
1770937200000000,78.10000000,78.50000000,77.82000000,78.33000000,81491.70400000,1770938999999999,6369566.61325000,30392,47416.96600000,3706488.45640000,0
1770939000000000,78.33000000,78.52000000,78.12000000,78.40000000,63213.05500000,1770940799999999,4950096.00777000,21785,33319.58300000,2609274.25405000,0
1770940800000000,78.39000000,78.74000000,77.87000000,77.90000000,53889.11100000,1770942599999999,4216748.06014000,22622,25971.00600000,2033615.86671000,0
1770942600000000,77.91000000,78.23000000,77.53000000,78.02000000,56411.93200000,1770944399999999,4395462.68631000,24053,27607.87800000,2151336.50311000,0
1770944400000000,78.03000000,78.74000000,78.01000000,78.40000000,43576.77600000,1770946199999999,3416584.72976000,19443,23880.94100000,1872241.84453000,0
1770946200000000,78.41000000,78.84000000,78.29000000,78.60000000,48152.61500000,1770947999999999,3784301.65950000,20544,25976.85800000,2041329.17730000,0
1770948000000000,78.60000000,78.87000000,78.46000000,78.75000000,31641.10100000,1770949799999999,2490368.13521000,16094,18145.62100000,1428155.19450000,0
1770949800000000,78.75000000,79.33000000,78.45000000,79.13000000,63851.75900000,1770951599999999,5041251.70411000,21895,41228.08400000,3255462.26751000,0
1770951600000000,79.13000000,79.24000000,78.81000000,79.18000000,31396.61700000,1770953399999999,2481301.62418000,16174,14255.19100000,1126706.17026000,0
1770953400000000,79.17000000,79.48000000,78.91000000,79.05000000,41684.15000000,1770955199999999,3302014.99784000,17914,21118.46500000,1673153.97416000,0
1770955200000000,79.05000000,79.27000000,78.89000000,78.93000000,35338.97000000,1770956999999999,2793399.42988000,16767,14573.03200000,1152054.94552000,0
1770957000000000,78.92000000,78.92000000,78.47000000,78.52000000,45317.99900000,1770958799999999,3564930.49057000,14339,19380.58300000,1524760.07114000,0
1770958800000000,78.52000000,78.65000000,78.16000000,78.36000000,35673.91400000,1770960599999999,2796743.63403000,15996,14159.43600000,1110172.44226000,0
1770960600000000,78.36000000,78.76000000,78.27000000,78.29000000,36002.89900000,1770962399999999,2827333.19373000,13805,12543.46400000,985063.91329000,0
1770962400000000,78.29000000,78.50000000,77.88000000,78.01000000,56470.09500000,1770964199999999,4415036.20016000,16229,22192.58000000,1736336.25909000,0
1770964200000000,78.01000000,78.66000000,77.85000000,78.62000000,36072.89300000,1770965999999999,2819224.07203000,13646,20042.41300000,1566743.96770000,0
1770966000000000,78.62000000,79.24000000,78.59000000,78.98000000,51322.84600000,1770967799999999,4052680.21493000,18266,21796.80800000,1720998.77629000,0
1770967800000000,78.97000000,79.11000000,78.54000000,78.99000000,47678.82100000,1770969599999999,3757721.99056000,12502,26527.84200000,2090564.81211000,0
1770969600000000,78.99000000,79.44000000,78.86000000,79.32000000,46216.19900000,1770971399999999,3658093.75162000,17326,23042.78100000,1823851.50044000,0
1770971400000000,79.32000000,79.90000000,79.24000000,79.73000000,60393.85000000,1770973199999999,4806518.32804000,20677,32718.94800000,2604403.81258000,0
1770973200000000,79.73000000,79.79000000,79.42000000,79.75000000,47458.60500000,1770974999999999,3779462.09709000,14817,22779.63100000,1814218.82256000,0
1770975000000000,79.75000000,79.97000000,79.50000000,79.88000000,50579.80200000,1770976799999999,4034428.61577000,15775,28955.07600000,2310000.02539000,0
1770976800000000,79.89000000,80.42000000,79.77000000,80.14000000,90744.44600000,1770978599999999,7264526.35817000,24104,51078.85400000,4089978.37304000,0
1770978600000000,80.14000000,80.62000000,80.02000000,80.36000000,63483.71400000,1770980399999999,5100970.04730000,21339,32145.89200000,2582887.80011000,0
1770980400000000,80.37000000,80.39000000,79.96000000,80.09000000,44283.18500000,1770982199999999,3548130.41422000,17616,17788.66300000,1425216.06589000,0
1770982200000000,80.08000000,80.40000000,79.78000000,80.31000000,49939.63900000,1770983999999999,4002044.66134000,18144,20233.50700000,1621812.63471000,0
1770984000000000,80.31000000,80.32000000,79.86000000,80.12000000,39038.02500000,1770985799999999,3123959.81113000,13326,13358.31400000,1068860.75435000,0
1770985800000000,80.12000000,80.17000000,79.91000000,79.97000000,25424.78300000,1770987599999999,2034992.69371000,10823,8169.36400000,653841.46029000,0
1770987600000000,79.97000000,80.54000000,79.73000000,80.33000000,56704.17600000,1770989399999999,4543147.12736000,17804,24707.88100000,1980902.44675000,0
1770989400000000,80.33000000,80.89000000,79.94000000,80.29000000,104006.23000000,1770991199999999,8366047.42781000,37208,51985.69500000,4181915.15744000,0
1770991200000000,80.28000000,80.78000000,79.86000000,80.59000000,63962.43000000,1770992999999999,5136232.53988000,20348,30925.37900000,2484564.72218000,0
1770993000000000,80.60000000,81.95000000,80.41000000,81.33000000,245121.23300000,1770994799999999,19918975.83173000,105126,110843.39800000,9008067.15993000,0
1770994800000000,81.34000000,83.66000000,81.09000000,83.64000000,240828.53500000,1770996599999999,19844316.28546000,94670,126674.52600000,10440329.66573000,0
1770996600000000,83.65000000,84.34000000,82.88000000,83.20000000,219391.36000000,1770998399999999,18318721.45054000,80381,109672.50700000,9163153.34918000,0
1770998400000000,83.20000000,84.13000000,82.92000000,84.10000000,162756.09700000,1771000199999999,13624691.07484000,56067,86711.69400000,7259786.98550000,0
1771000200000000,84.10000000,85.00000000,83.96000000,84.22000000,153341.10700000,1771001999999999,12957728.68934000,48037,76007.60100000,6424021.91937000,0
1771002000000000,84.22000000,84.52000000,83.55000000,84.37000000,112594.70500000,1771003799999999,9466573.25742000,40691,51743.07300000,4350426.87198000,0
1771003800000000,84.38000000,84.71000000,84.15000000,84.34000000,58964.50600000,1771005599999999,4980320.50192000,29244,29306.98200000,2475693.26737000,0
1771005600000000,84.35000000,84.89000000,84.12000000,84.65000000,94154.20300000,1771007399999999,7967405.68134000,38691,46367.39900000,3924324.95795000,0
1771007400000000,84.65000000,85.59000000,84.59000000,85.40000000,123035.54500000,1771009199999999,10487402.74898000,42049,61476.69200000,5239138.19401000,0
1771009200000000,85.40000000,85.63000000,84.76000000,84.79000000,71840.76300000,1771010999999999,6125879.81236000,26893,27093.60700000,2310583.12013000,0
1771011000000000,84.79000000,84.95000000,84.54000000,84.66000000,57421.03000000,1771012799999999,4865467.13798000,22360,22624.54600000,1917399.12793000,0
1771012800000000,84.65000000,84.72000000,84.17000000,84.54000000,82684.47600000,1771014599999999,6984034.29777000,26023,38788.42800000,3276164.57417000,0
1771014600000000,84.54000000,85.06000000,84.41000000,84.77000000,69781.79800000,1771016399999999,5911399.37377000,25947,44682.49100000,3785908.36223000,0
1771016400000000,84.78000000,85.19000000,84.67000000,84.84000000,66044.65900000,1771018199999999,5611989.56431000,21485,36650.05300000,3114170.92789000,0
1771018200000000,84.85000000,84.90000000,84.56000000,84.86000000,30524.38000000,1771019999999999,2587079.26210000,11543,17814.05600000,1509982.91056000,0
1771020000000000,84.85000000,84.93000000,84.46000000,84.70000000,36259.57800000,1771021799999999,3071384.16463000,12752,17015.39800000,1441665.72798000,0
1771021800000000,84.71000000,84.75000000,84.48000000,84.66000000,23307.90300000,1771023599999999,1972164.97456000,11156,11601.06100000,981545.71862000,0
1771023600000000,84.66000000,84.66000000,84.24000000,84.30000000,38452.36000000,1771025399999999,3245310.72118000,13273,17934.71000000,1513539.16228000,0
1771025400000000,84.30000000,84.45000000,84.12000000,84.33000000,27168.45200000,1771027199999999,2289939.92571000,9560,11561.30400000,974500.64929000,0
1771027200000000,84.34000000,84.51000000,84.21000000,84.47000000,24369.35000000,1771028999999999,2055624.77190000,9686,14107.69700000,1190081.14725000,0
1771029000000000,84.48000000,85.10000000,84.44000000,84.97000000,102124.36200000,1771030799999999,8668587.63394000,18999,64408.35000000,5466534.66098000,0
1771030800000000,84.96000000,85.21000000,84.80000000,84.94000000,33818.33100000,1771032599999999,2873077.52100000,11599,18691.00800000,1588270.69058000,0
1771032600000000,84.93000000,85.08000000,84.81000000,84.99000000,42489.52300000,1771034399999999,3610362.62283000,8550,25077.93600000,2131119.29307000,0
1771034400000000,84.99000000,85.01000000,84.67000000,84.71000000,24427.13400000,1771036199999999,2072478.46678000,9506,8938.25900000,758476.24435000,0
1771036200000000,84.71000000,84.93000000,84.60000000,84.89000000,16447.99900000,1771037999999999,1395619.12703000,6739,6491.17900000,550781.49924000,0
1771038000000000,84.90000000,85.05000000,84.82000000,84.98000000,21679.77600000,1771039799999999,1841829.14224000,8147,12565.23700000,1067563.90995000,0
1771039800000000,84.97000000,85.30000000,84.97000000,85.06000000,24071.92200000,1771041599999999,2049292.53623000,8357,13913.55500000,1184669.26249000,0
1771041600000000,85.07000000,85.07000000,84.82000000,85.01000000,17841.48400000,1771043399999999,1515818.40374000,6806,8984.70000000,763445.02331000,0
1771043400000000,85.02000000,85.10000000,84.80000000,84.83000000,15940.52200000,1771045199999999,1353687.05345000,6100,6164.91500000,523492.84937000,0
1771045200000000,84.82000000,85.03000000,84.71000000,84.94000000,15382.17600000,1771046999999999,1305632.50962000,6083,6115.66000000,519231.00606000,0
1771047000000000,84.95000000,85.01000000,84.61000000,84.63000000,15126.85100000,1771048799999999,1282833.31218000,6095,6501.20200000,551324.53672000,0
1771048800000000,84.63000000,84.77000000,84.35000000,84.74000000,20183.22000000,1771050599999999,1706789.50645000,7948,10252.39300000,867126.22483000,0
1771050600000000,84.73000000,84.93000000,84.68000000,84.86000000,13915.15600000,1771052399999999,1180105.29907000,5183,5887.95000000,499324.31917000,0
1771052400000000,84.86000000,84.95000000,84.77000000,84.93000000,18505.55100000,1771054199999999,1570528.33637000,6904,9122.83900000,774230.13205000,0
1771054200000000,84.94000000,85.27000000,84.85000000,85.19000000,39140.46500000,1771055999999999,3329598.91197000,9833,19784.37400000,1682920.47880000,0
1771056000000000,85.19000000,86.07000000,85.16000000,85.48000000,105382.16200000,1771057799999999,9028863.97742000,26064,65343.43500000,5597820.94748000,0
1771057800000000,85.48000000,86.41000000,85.46000000,86.22000000,100735.76900000,1771059599999999,8671031.62904000,30308,59585.62300000,5129078.37959000,0
1771059600000000,86.22000000,86.38000000,85.86000000,85.89000000,98544.06200000,1771061399999999,8491435.50676000,24564,39591.39000000,3411435.28760000,0
1771061400000000,85.90000000,86.12000000,85.86000000,86.02000000,37233.22800000,1771063199999999,3202137.21822000,11411,20900.25300000,1797369.97227000,0
1771063200000000,86.02000000,86.02000000,85.74000000,85.85000000,28897.84400000,1771064999999999,2481590.98712000,9747,12386.94900000,1063716.28700000,0
1771065000000000,85.84000000,86.01000000,85.74000000,85.83000000,25646.12800000,1771066799999999,2202006.23861000,8125,13675.86000000,1174341.31632000,0
1771066800000000,85.83000000,87.16000000,85.82000000,86.79000000,102522.00800000,1771068599999999,8885448.09063000,36232,63627.61700000,5512549.92047000,0
1771068600000000,86.80000000,87.33000000,86.56000000,87.29000000,82779.47900000,1771070399999999,7195560.77554000,27076,49239.48200000,4280653.22450000,0
1771070400000000,87.29000000,87.32000000,86.93000000,87.06000000,74556.63000000,1771072199999999,6494165.22967000,19566,34205.89100000,2978750.09391000,0
1771072200000000,87.07000000,87.07000000,86.26000000,86.42000000,96720.47500000,1771073999999999,8375373.92286000,27618,41169.25500000,3564877.35803000,0
1771074000000000,86.42000000,86.90000000,86.03000000,86.07000000,71205.30800000,1771075799999999,6160723.95535000,24942,32674.26100000,2827864.96255000,0
1771075800000000,86.07000000,86.68000000,86.00000000,86.44000000,55260.76600000,1771077599999999,4770784.96275000,17693,27502.66200000,2374770.95109000,0
1771077600000000,86.44000000,87.02000000,86.37000000,86.79000000,51978.21100000,1771079399999999,4508927.62643000,17985,32582.67200000,2826957.57615000,0
1771079400000000,86.79000000,87.52000000,86.78000000,87.24000000,81189.36100000,1771081199999999,7075185.95237000,22624,47624.35800000,4151380.83057000,0
1771081200000000,87.24000000,87.69000000,87.10000000,87.42000000,97968.88700000,1771082999999999,8563223.54442000,21480,62892.06600000,5498171.85884000,0
1771083000000000,87.42000000,87.53000000,87.16000000,87.44000000,41943.30500000,1771084799999999,3664608.99475000,16246,21098.83600000,1843582.23351000,0
1771084800000000,87.44000000,87.54000000,86.99000000,87.38000000,154821.86100000,1771086599999999,13521522.82544000,24730,60670.70700000,5297934.94593000,0
1771086600000000,87.37000000,88.26000000,87.14000000,88.12000000,258859.37800000,1771088399999999,22721872.72463000,38631,115470.08000000,10138175.13477000,0
1771088400000000,88.12000000,88.47000000,87.83000000,88.28000000,69922.99500000,1771090199999999,6162872.09121000,21421,37126.12700000,3272344.80989000,0
1771090200000000,88.29000000,88.39000000,87.86000000,88.05000000,47957.87400000,1771091999999999,4223134.04900000,17286,22971.58000000,2023154.58238000,0
1771092000000000,88.05000000,88.22000000,87.79000000,87.93000000,35558.70800000,1771093799999999,3130171.27354000,15712,16068.18200000,1414584.09286000,0
1771093800000000,87.93000000,88.29000000,87.87000000,88.01000000,36691.60000000,1771095599999999,3232928.13133000,14751,18643.73900000,1642909.51490000,0
1771095600000000,88.01000000,88.06000000,87.56000000,87.96000000,38833.76900000,1771097399999999,3411716.50957000,15259,15587.87700000,1369535.24286000,0
1771097400000000,87.96000000,88.33000000,87.95000000,88.20000000,23340.42200000,1771099199999999,2057764.95596000,10720,14481.75000000,1276803.95680000,0
1771099200000000,88.21000000,88.44000000,87.69000000,87.86000000,69135.13700000,1771100999999999,6085411.40319000,17194,28256.56200000,2489734.12026000,0
1771101000000000,87.85000000,88.18000000,87.69000000,88.17000000,27079.63300000,1771102799999999,2382518.32784000,10422,14554.80900000,1280645.10459000,0
1771102800000000,88.16000000,88.44000000,87.77000000,87.80000000,81815.64700000,1771104599999999,7215487.42515000,20654,39097.12000000,3449442.67711000,0
1771104600000000,87.80000000,88.08000000,87.29000000,88.07000000,59346.94600000,1771106399999999,5202479.22582000,16045,27681.20600000,2427874.47805000,0
1771106400000000,88.07000000,88.30000000,87.90000000,88.10000000,30846.74500000,1771108199999999,2717797.87267000,13983,15527.57500000,1368197.37278000,0
1771108200000000,88.09000000,88.89000000,88.09000000,88.50000000,79574.44300000,1771109999999999,7046224.90494000,22428,49972.03900000,4423916.49840000,0
1771110000000000,88.50000000,88.90000000,88.21000000,88.41000000,57559.20500000,1771111799999999,5095450.44524000,20457,29378.04500000,2601069.93222000,0
1771111800000000,88.42000000,88.59000000,88.03000000,88.06000000,29235.40700000,1771113599999999,2580257.17681000,13961,12016.81700000,1060804.60452000,0
1771113600000000,88.06000000,88.42000000,87.80000000,88.12000000,43009.89500000,1771115399999999,3786666.48646000,18106,15576.13000000,1371950.84714000,0
1771115400000000,88.11000000,88.33000000,87.81000000,88.19000000,27886.49200000,1771117199999999,2453633.44376000,12618,11201.78400000,985969.96540000,0
1771117200000000,88.19000000,88.72000000,87.65000000,87.79000000,72355.14900000,1771118999999999,6385401.72848000,22218,35721.52600000,3154462.24519000,0
1771119000000000,87.79000000,88.33000000,87.60000000,88.29000000,46526.60600000,1771120799999999,4088819.30684000,19520,22278.08400000,1958239.81298000,0
1771120800000000,88.28000000,88.50000000,87.78000000,87.90000000,54496.25200000,1771122599999999,4805376.84375000,20443,24721.68800000,2181129.03068000,0
1771122600000000,87.89000000,88.24000000,87.52000000,88.00000000,53785.25200000,1771124399999999,4731025.89889000,18471,24631.08600000,2167104.19809000,0
1771124400000000,88.01000000,88.27000000,87.92000000,87.92000000,26672.55700000,1771126199999999,2349866.12702000,14131,16204.43700000,1427695.96358000,0
1771126200000000,87.91000000,88.78000000,87.31000000,88.61000000,152761.19900000,1771127999999999,13430734.05262000,37906,78176.54800000,6879476.28779000,0
1771128000000000,88.60000000,89.82000000,88.37000000,88.41000000,288842.85500000,1771129799999999,25700822.60941000,54881,156246.68600000,13914647.86978000,0
1771129800000000,88.41000000,89.17000000,88.35000000,88.79000000,82766.70600000,1771131599999999,7349587.58727000,24443,35025.80200000,3109437.12230000,0
1771131600000000,88.80000000,89.44000000,88.75000000,89.39000000,51996.97200000,1771133399999999,4635855.57874000,22469,29401.16900000,2621432.45142000,0
1771133400000000,89.38000000,90.06000000,89.26000000,89.68000000,95558.95400000,1771135199999999,8572916.81578000,28636,62605.49600000,5617542.35034000,0
1771135200000000,89.68000000,90.04000000,89.45000000,89.72000000,46868.24600000,1771136999999999,4205679.71916000,23026,25555.44200000,2293383.45171000,0
1771137000000000,89.73000000,90.16000000,89.34000000,89.60000000,46047.55900000,1771138799999999,4134169.32318000,20848,27915.24100000,2507048.49735000,0
1771138800000000,89.60000000,90.14000000,89.40000000,89.83000000,49226.86800000,1771140599999999,4423168.21440000,23597,31680.48500000,2846917.91326000,0
1771140600000000,89.83000000,90.98000000,89.70000000,90.74000000,144924.88800000,1771142399999999,13131932.22186000,38134,71404.45500000,6467675.76472000,0
1771142400000000,90.74000000,91.26000000,90.00000000,90.00000000,219126.07100000,1771144199999999,19893205.05654000,39464,107892.16900000,9792579.94523000,0
1771144200000000,90.00000000,90.06000000,89.22000000,89.67000000,184892.60400000,1771145999999999,16545494.76077000,40416,91781.24100000,8210626.77225000,0
1771146000000000,89.66000000,90.53000000,89.46000000,90.32000000,72213.65900000,1771147799999999,6514071.75424000,28262,34573.65100000,3118193.94979000,0
1771147800000000,90.32000000,90.45000000,89.79000000,90.00000000,26019.53800000,1771149599999999,2344111.16641000,15854,14166.07900000,1276475.70396000,0
1771149600000000,90.00000000,90.13000000,89.05000000,89.43000000,126918.70200000,1771151399999999,11347475.65419000,26739,59679.54300000,5337104.05665000,0
1771151400000000,89.42000000,89.71000000,89.13000000,89.53000000,37601.86400000,1771153199999999,3364249.63323000,15829,17201.11800000,1539718.07870000,0
1771153200000000,89.53000000,89.83000000,89.25000000,89.36000000,19016.57100000,1771154999999999,1701571.45143000,12850,8548.82600000,765081.62136000,0
1771155000000000,89.37000000,89.38000000,89.01000000,89.17000000,27728.74500000,1771156799999999,2473467.00322000,12293,7518.26900000,670614.06973000,0
1771156800000000,89.18000000,89.63000000,88.93000000,89.44000000,107339.39100000,1771158599999999,9572003.25536000,21344,43777.45400000,3904111.05522000,0
1771158600000000,89.43000000,89.55000000,87.30000000,87.31000000,158361.39000000,1771160399999999,13993975.49707000,44873,64325.53900000,5681968.26735000,0
1771160400000000,87.32000000,88.37000000,87.32000000,87.59000000,118332.89100000,1771162199999999,10403544.72022000,41544,55275.23700000,4859478.55383000,0
1771162200000000,87.60000000,87.73000000,86.82000000,86.96000000,137240.34600000,1771163999999999,11979668.70613000,48521,58097.02900000,5073242.03885000,0
1771164000000000,86.96000000,87.48000000,86.66000000,87.30000000,88804.15800000,1771165799999999,7731874.99338000,34282,47472.50900000,4135816.10213000,0
1771165800000000,87.29000000,87.61000000,87.05000000,87.35000000,79631.15500000,1771167599999999,6954325.46608000,22269,51557.64200000,4502333.30065000,0
1771167600000000,87.35000000,87.66000000,86.99000000,87.00000000,42140.90400000,1771169399999999,3682575.87116000,20766,21855.58800000,1910537.71272000,0
1771169400000000,87.01000000,87.50000000,86.93000000,87.42000000,34286.29300000,1771171199999999,2989532.35323000,16405,16955.82900000,1478639.55694000,0
1771171200000000,87.41000000,87.58000000,86.72000000,87.53000000,88147.10200000,1771172999999999,7687946.87305000,28354,43085.34000000,3759082.60591000,0
1771173000000000,87.53000000,87.66000000,87.22000000,87.57000000,60988.38300000,1771174799999999,5338272.68070000,14920,24122.53100000,2110826.01638000,0
1771174800000000,87.57000000,87.88000000,87.17000000,87.33000000,47708.57100000,1771176599999999,4178063.45380000,16753,24071.15000000,2108215.49484000,0
1771176600000000,87.33000000,87.47000000,85.71000000,86.42000000,195764.17100000,1771178399999999,16943655.88192000,57467,66162.39900000,5722847.52261000,0
1771178400000000,86.43000000,86.86000000,86.01000000,86.41000000,64569.26700000,1771180199999999,5580455.17325000,25804,27439.70300000,2371629.98853000,0
1771180200000000,86.42000000,86.58000000,86.02000000,86.21000000,72054.41300000,1771181999999999,6214966.82803000,28842,33685.49100000,2905086.91378000,0
1771182000000000,86.21000000,86.35000000,85.53000000,86.03000000,127215.99000000,1771183799999999,10926893.59329000,35672,43995.24500000,3778345.20447000,0
1771183800000000,86.02000000,86.04000000,85.20000000,85.34000000,58473.10500000,1771185599999999,4996856.15584000,19323,25118.07900000,2145957.59289000,0
1771185600000000,85.35000000,85.71000000,84.89000000,85.70000000,75827.80800000,1771187399999999,6465691.38177000,26427,37813.35400000,3225404.32289000,0
1771187400000000,85.70000000,85.99000000,85.55000000,85.88000000,30342.99000000,1771189199999999,2603106.98675000,13017,17651.31600000,1514250.30197000,0
1771189200000000,85.88000000,86.30000000,85.88000000,86.22000000,106332.92700000,1771190999999999,9156318.28689000,17628,59284.39100000,5103973.94796000,0
1771191000000000,86.21000000,86.42000000,85.94000000,86.18000000,47281.65100000,1771192799999999,4075033.12111000,13912,21134.86900000,1821481.88779000,0
1771192800000000,86.18000000,86.65000000,86.05000000,86.55000000,31315.29500000,1771194599999999,2705156.32222000,14336,16395.19400000,1416792.47625000,0
1771194600000000,86.56000000,86.70000000,86.34000000,86.36000000,32551.36800000,1771196399999999,2816496.20655000,12848,18622.37600000,1611606.62120000,0
1771196400000000,86.36000000,86.37000000,85.10000000,85.67000000,90230.68400000,1771198199999999,7713794.22041000,28440,35533.59400000,3036816.66008000,0
1771198200000000,85.67000000,86.17000000,85.66000000,86.16000000,36900.94300000,1771199999999999,3171191.31425000,15219,17616.76000000,1513915.52272000,0
1771200000000000,86.15000000,86.50000000,85.58000000,85.91000000,105859.35500000,1771201799999999,9093342.23616000,21510,58274.46600000,5003529.26195000,0
1771201800000000,85.91000000,86.37000000,85.79000000,86.18000000,27963.77800000,1771203599999999,2407149.48962000,13466,14864.41100000,1279616.81302000,0
1771203600000000,86.18000000,86.63000000,85.79000000,85.98000000,69620.15400000,1771205399999999,5991992.67032000,15873,43943.51200000,3780638.14206000,0
1771205400000000,85.99000000,86.17000000,85.37000000,85.77000000,117443.09600000,1771207199999999,10051828.81422000,21185,64452.67900000,5513506.37376000,0
1771207200000000,85.76000000,86.23000000,85.64000000,85.72000000,146803.58600000,1771208999999999,12629153.23141000,21197,43012.43500000,3697645.31833000,0
1771209000000000,85.72000000,85.93000000,85.23000000,85.39000000,93924.71900000,1771210799999999,8024253.62149000,18903,64485.37300000,5507552.80763000,0
1771210800000000,85.40000000,85.56000000,84.79000000,84.90000000,73947.62800000,1771212599999999,6290523.40370000,15895,31529.67600000,2679267.81346000,0
1771212600000000,84.91000000,85.22000000,84.84000000,85.14000000,32386.99200000,1771214399999999,2753885.93568000,13612,16143.25400000,1372793.28381000,0
1771214400000000,85.15000000,85.60000000,85.09000000,85.47000000,26007.75000000,1771216199999999,2220832.14239000,12719,13754.08800000,1174766.03402000,0
1771216200000000,85.47000000,85.84000000,85.24000000,85.79000000,23198.86000000,1771217999999999,1983983.91891000,10021,12122.88700000,1037606.09047000,0
1771218000000000,85.79000000,85.91000000,84.80000000,84.97000000,52564.66600000,1771219799999999,4478853.18462000,13399,23682.71500000,2018083.41694000,0
1771219800000000,84.97000000,85.03000000,84.47000000,84.70000000,78998.77400000,1771221599999999,6687824.27527000,15493,41287.32900000,3494135.83869000,0
1771221600000000,84.69000000,84.89000000,84.51000000,84.84000000,32365.35300000,1771223399999999,2742555.30265000,13141,9604.15200000,814094.59202000,0
1771223400000000,84.83000000,85.20000000,84.78000000,85.06000000,33904.71600000,1771225199999999,2883175.92416000,10009,16434.81400000,1397527.11552000,0
1771225200000000,85.06000000,85.51000000,84.80000000,85.37000000,67660.16500000,1771226999999999,5763757.59567000,14093,32186.13600000,2739980.13293000,0
1771227000000000,85.37000000,85.43000000,84.95000000,85.06000000,32188.62800000,1771228799999999,2741598.81498000,12707,11903.15500000,1014082.64498000,0
1771228800000000,85.07000000,85.50000000,85.04000000,85.44000000,25586.23600000,1771230599999999,2181722.33385000,11053,16964.63600000,1446661.11841000,0
1771230600000000,85.45000000,85.49000000,85.23000000,85.39000000,87665.89900000,1771232399999999,7485257.13716000,13639,22488.27500000,1919821.97263000,0
1771232400000000,85.39000000,86.09000000,85.39000000,86.06000000,82643.98000000,1771234199999999,7093830.49634000,18353,43149.03900000,3701681.95887000,0
1771234200000000,86.06000000,86.26000000,85.80000000,86.01000000,79478.12400000,1771235999999999,6836449.75872000,21267,29110.65500000,2504721.85325000,0
1771236000000000,86.00000000,86.04000000,85.63000000,85.70000000,23868.35500000,1771237799999999,2049713.86777000,12716,13721.02100000,1178192.88980000,0
1771237800000000,85.70000000,85.93000000,85.66000000,85.75000000,22387.18400000,1771239599999999,1920498.32571000,12277,10199.35900000,874890.44677000,0
1771239600000000,85.75000000,85.98000000,84.49000000,85.30000000,76976.81400000,1771241399999999,6551331.23711000,28071,35339.84300000,3007567.38294000,0
1771241400000000,85.30000000,85.84000000,85.15000000,85.52000000,32763.14800000,1771243199999999,2798739.80890000,16471,18108.09200000,1546701.13948000,0
1771243200000000,85.52000000,86.39000000,85.27000000,86.30000000,54931.46000000,1771244999999999,4715120.49019000,26789,29246.59000000,2509783.03355000,0
1771245000000000,86.30000000,86.42000000,85.89000000,86.20000000,118692.27000000,1771246799999999,10224999.10685000,40904,60083.96300000,5177118.98001000,0
1771246800000000,86.20000000,86.93000000,84.73000000,85.00000000,274240.17400000,1771248599999999,23465674.56324000,55789,175549.72100000,15005701.27827000,0
1771248600000000,84.99000000,85.20000000,83.85000000,84.17000000,241501.84800000,1771250399999999,20398751.28173000,74725,112813.21000000,9529848.77982000,0
1771250400000000,84.16000000,84.47000000,83.48000000,83.68000000,118928.71100000,1771252199999999,9997661.82124000,51341,63768.09000000,5360760.85982000,0
1771252200000000,83.68000000,84.67000000,83.63000000,84.05000000,143995.46700000,1771253999999999,12120893.23199000,41689,79782.69400000,6714909.39702000,0
1771254000000000,84.05000000,84.57000000,83.64000000,83.81000000,83551.12600000,1771255799999999,7027376.30926000,37140,41233.06200000,3468460.23663000,0
1771255800000000,83.80000000,83.81000000,82.55000000,83.21000000,166330.22300000,1771257599999999,13808229.45154000,74348,78228.89300000,6493732.77588000,0
1771257600000000,83.21000000,83.98000000,83.10000000,83.80000000,104538.46400000,1771259399999999,8741500.57483000,38866,59444.84200000,4970697.37899000,0
1771259400000000,83.80000000,84.11000000,83.33000000,84.00000000,252988.00700000,1771261199999999,21213705.65119000,35045,91083.11600000,7635370.16580000,0
1771261200000000,83.99000000,84.79000000,83.90000000,84.68000000,86258.66300000,1771262999999999,7281268.19852000,29182,64412.68800000,5439457.27349000,0
1771263000000000,84.68000000,84.81000000,84.31000000,84.53000000,44447.17200000,1771264799999999,3756306.81076000,20209,23835.12800000,2014703.77745000,0
1771264800000000,84.52000000,85.16000000,84.51000000,84.83000000,45322.21700000,1771266599999999,3843554.11392000,17423,29953.49800000,2540125.56511000,0
1771266600000000,84.83000000,84.88000000,84.48000000,84.52000000,32467.83800000,1771268399999999,2748542.31117000,14437,14699.77200000,1244586.63877000,0
1771268400000000,84.53000000,84.91000000,84.24000000,84.69000000,29450.86600000,1771270199999999,2491720.63818000,14567,15780.23500000,1335042.83455000,0
1771270200000000,84.69000000,85.10000000,84.61000000,84.61000000,35743.66000000,1771271999999999,3033923.37390000,11126,21987.28700000,1866804.96624000,0
1771272000000000,84.62000000,85.17000000,84.50000000,85.04000000,28862.10300000,1771273799999999,2446747.23812000,12519,16393.05400000,1389152.66904000,0
1771273800000000,85.04000000,85.49000000,84.93000000,85.37000000,44695.67300000,1771275599999999,3808553.29628000,16038,28288.87000000,2410404.12164000,0
1771275600000000,85.37000000,85.84000000,85.08000000,85.56000000,35259.84800000,1771277399999999,3013850.72479000,18242,21960.62300000,1878088.00000000,0
1771277400000000,85.56000000,86.11000000,85.46000000,86.02000000,26589.90200000,1771279199999999,2279958.19222000,17236,15782.95800000,1353351.49367000,0
1771279200000000,86.02000000,86.24000000,85.69000000,85.82000000,29458.43000000,1771280999999999,2532577.27046000,17184,14080.24100000,1210747.47423000,0
1771281000000000,85.82000000,86.16000000,85.60000000,85.72000000,25429.52400000,1771282799999999,2185070.79871000,15586,11988.74600000,1029982.51532000,0
1771282800000000,85.71000000,86.43000000,85.66000000,86.23000000,47519.45400000,1771284599999999,4091242.41345000,21703,27391.38600000,2358371.91544000,0
1771284600000000,86.23000000,86.66000000,86.08000000,86.45000000,42340.75100000,1771286399999999,3657146.15476000,18590,22817.74400000,1970829.08282000,0
1771286400000000,86.45000000,86.72000000,86.29000000,86.59000000,36229.58600000,1771288199999999,3133061.30586000,19568,17690.82200000,1529930.67598000,0
1771288200000000,86.58000000,87.16000000,86.40000000,86.61000000,49010.26400000,1771289999999999,4250513.61147000,21007,30888.31700000,2679447.75695000,0
1771290000000000,86.62000000,87.07000000,86.52000000,86.76000000,33802.87000000,1771291799999999,2934221.39874000,16700,18798.86600000,1631685.17349000,0
1771291800000000,86.76000000,86.99000000,86.13000000,86.19000000,31630.10700000,1771293599999999,2738686.57816000,16843,14061.97200000,1218337.86443000,0
1771293600000000,86.18000000,87.41000000,85.76000000,87.20000000,52963.51200000,1771295399999999,4591572.26033000,28889,28763.89800000,2495972.28485000,0
1771295400000000,87.20000000,87.69000000,87.07000000,87.31000000,30188.73300000,1771297199999999,2638707.77364000,15971,18190.11200000,1590173.65543000,0
1771297200000000,87.31000000,87.37000000,86.64000000,86.87000000,34813.52200000,1771298999999999,3030395.70842000,17791,19830.08100000,1725978.43416000,0
1771299000000000,86.86000000,86.86000000,86.32000000,86.37000000,31112.45600000,1771300799999999,2692664.46407000,13443,13840.35000000,1197982.68936000,0
1771300800000000,86.37000000,86.67000000,86.02000000,86.54000000,35651.43800000,1771302599999999,3079659.74857000,15394,19254.06000000,1663811.59471000,0
1771302600000000,86.53000000,86.55000000,85.92000000,86.37000000,44592.38900000,1771304399999999,3846402.22688000,14836,19661.26400000,1696706.77203000,0
1771304400000000,86.37000000,86.49000000,85.79000000,85.95000000,31096.72300000,1771306199999999,2677324.65191000,15058,12136.64800000,1045304.18293000,0
1771306200000000,85.96000000,86.33000000,85.45000000,86.22000000,42304.87800000,1771307999999999,3634216.78330000,17831,22695.65700000,1950645.84587000,0
1771308000000000,86.23000000,86.80000000,86.22000000,86.65000000,27323.87900000,1771309799999999,2362223.48474000,10300,18026.85800000,1558348.24001000,0
1771309800000000,86.64000000,86.78000000,86.48000000,86.50000000,49758.43000000,1771311599999999,4309523.77922000,8596,16229.92900000,1405787.76192000,0
1771311600000000,86.51000000,86.51000000,85.96000000,86.02000000,17253.42600000,1771313399999999,1487083.04920000,10186,8897.94100000,767045.55768000,0
1771313400000000,86.02000000,86.55000000,85.94000000,86.49000000,23840.16700000,1771315199999999,2058838.51408000,11585,10841.65900000,936513.39040000,0
1771315200000000,86.48000000,86.77000000,86.32000000,86.32000000,29989.46300000,1771316999999999,2596504.94956000,14093,15755.04000000,1364006.86950000,0
1771317000000000,86.33000000,86.48000000,85.92000000,85.97000000,40850.11000000,1771318799999999,3520669.41610000,16166,16837.34100000,1450669.08600000,0
1771318800000000,85.97000000,86.19000000,85.72000000,85.90000000,28511.83100000,1771320599999999,2449254.94611000,14102,10392.60900000,892972.93888000,0
1771320600000000,85.90000000,86.06000000,85.66000000,85.95000000,18310.05100000,1771322399999999,1571923.48261000,8388,7519.96400000,645510.64553000,0
1771322400000000,85.94000000,86.05000000,85.10000000,85.10000000,37743.73000000,1771324199999999,3223954.14789000,15308,14955.07500000,1277393.41045000,0
1771324200000000,85.10000000,85.26000000,84.87000000,85.05000000,46325.48600000,1771325999999999,3940206.50560000,17384,15992.02500000,1360325.20709000,0
1771326000000000,85.05000000,85.32000000,84.75000000,85.12000000,55764.74600000,1771327799999999,4741135.59738000,21004,27699.64700000,2355573.40541000,0
1771327800000000,85.12000000,85.17000000,84.88000000,85.10000000,29196.61900000,1771329599999999,2482730.97875000,12477,12058.03600000,1025424.68932000,0
1771329600000000,85.11000000,85.47000000,85.05000000,85.33000000,31318.59600000,1771331399999999,2670504.97032000,12746,15181.12600000,1294629.87438000,0
1771331400000000,85.34000000,85.58000000,84.54000000,84.63000000,46074.02800000,1771333199999999,3918491.25329000,18337,20280.78400000,1725688.69952000,0
1771333200000000,84.64000000,85.38000000,84.39000000,84.98000000,74549.95500000,1771334999999999,6326386.39898000,24778,46089.51800000,3911252.80281000,0
1771335000000000,84.99000000,85.52000000,84.74000000,85.00000000,52819.77900000,1771336799999999,4498298.12660000,21200,27900.29900000,2376238.25710000,0
1771336800000000,84.99000000,85.45000000,84.70000000,84.99000000,41549.11900000,1771338599999999,3536772.13089000,16960,22904.40100000,1949522.30582000,0
1771338600000000,85.00000000,85.36000000,83.00000000,83.26000000,321786.51000000,1771340399999999,26949780.84808000,92743,171166.91800000,14334325.43144000,0
1771340400000000,83.26000000,83.90000000,83.13000000,83.44000000,173147.20300000,1771342199999999,14462107.24445000,63444,85282.42400000,7124564.18272000,0
1771342200000000,83.44000000,83.84000000,82.92000000,83.81000000,176829.63000000,1771343999999999,14736374.16229000,46061,94846.21300000,7907070.60672000,0
1771344000000000,83.80000000,85.00000000,83.71000000,84.14000000,166309.17600000,1771345799999999,14057138.81515000,55192,91941.16500000,7765250.62672000,0
1771345800000000,84.14000000,85.46000000,84.08000000,84.19000000,148404.63100000,1771347599999999,12549105.26810000,44196,88447.91300000,7477577.57842000,0
1771347600000000,84.18000000,84.32000000,83.27000000,84.02000000,70889.95300000,1771349399999999,5943588.28181000,35290,28818.31400000,2416820.65088000,0
1771349400000000,84.02000000,84.03000000,83.13000000,83.71000000,49274.01600000,1771351199999999,4118017.06870000,27251,22340.99900000,1867686.27241000,0
1771351200000000,83.71000000,84.98000000,83.57000000,84.92000000,58283.67700000,1771352999999999,4911415.45627000,29331,32613.60700000,2749380.58661000,0
1771353000000000,84.93000000,85.43000000,84.73000000,85.11000000,56061.71000000,1771354799999999,4773107.53686000,29262,21768.47600000,1853842.10515000,0
1771354800000000,85.11000000,85.76000000,84.74000000,84.90000000,96297.20800000,1771356599999999,8208527.69535000,31543,58906.57700000,5021722.18337000,0
1771356600000000,84.90000000,85.13000000,84.63000000,84.87000000,27186.43000000,1771358399999999,2307436.17243000,20726,12427.40300000,1054824.50334000,0
1771358400000000,84.86000000,85.11000000,84.66000000,84.93000000,40162.54700000,1771360199999999,3409242.49786000,23054,17340.68200000,1472087.12686000,0
1771360200000000,84.93000000,85.27000000,84.53000000,85.00000000,45763.72400000,1771361999999999,3888618.32050000,22202,26567.41600000,2256968.22093000,0
1771362000000000,84.99000000,85.44000000,84.96000000,85.02000000,21995.57400000,1771363799999999,1873624.58120000,14451,12565.32400000,1070307.09678000,0
1771363800000000,85.02000000,85.26000000,84.84000000,85.22000000,9713.10000000,1771365599999999,826031.93203000,8646,4390.33300000,373236.72182000,0
1771365600000000,85.23000000,85.42000000,85.13000000,85.23000000,25516.55100000,1771367399999999,2175701.23232000,12442,10716.16000000,913620.50861000,0
1771367400000000,85.22000000,85.44000000,84.97000000,85.05000000,29503.59700000,1771369199999999,2514831.02035000,15113,11921.90200000,1016090.04555000,0
1771369200000000,85.05000000,85.34000000,84.91000000,85.05000000,23051.14600000,1771370999999999,1961501.19875000,13672,13283.22100000,1130217.29219000,0
1771371000000000,85.05000000,85.28000000,84.93000000,85.08000000,129903.58900000,1771372799999999,11065416.82811000,12779,36837.81900000,3137222.84735000,0
1771372800000000,85.09000000,85.43000000,85.01000000,85.20000000,66468.03600000,1771374599999999,5665128.20529000,18066,36841.14600000,3139512.11628000,0
1771374600000000,85.20000000,85.49000000,84.81000000,84.87000000,40687.98800000,1771376399999999,3465473.58349000,14675,11812.11900000,1006368.76235000,0
1771376400000000,84.87000000,84.99000000,84.14000000,84.17000000,117958.60500000,1771378199999999,9956905.57070000,16760,55933.24800000,4720611.99209000,0
1771378200000000,84.18000000,84.29000000,83.92000000,84.25000000,67187.39100000,1771379999999999,5650868.20431000,18052,31241.92900000,2627559.15777000,0
1771380000000000,84.25000000,85.00000000,84.23000000,84.65000000,28866.07600000,1771381799999999,2443601.15251000,12223,13935.56100000,1179815.81236000,0
1771381800000000,84.65000000,84.98000000,84.57000000,84.66000000,21167.38700000,1771383599999999,1794479.51839000,9061,8923.56300000,756522.24877000,0
1771383600000000,84.66000000,85.00000000,84.54000000,85.00000000,33681.63700000,1771385399999999,2853345.00257000,10296,22868.54000000,1937368.72108000,0
1771385400000000,85.00000000,85.47000000,84.93000000,85.33000000,93749.92300000,1771387199999999,7990648.39460000,18670,32773.02400000,2792044.30998000,0
1771387200000000,85.34000000,85.54000000,85.18000000,85.33000000,48501.07800000,1771388999999999,4139296.19502000,18193,16567.37700000,1413775.39150000,0
1771389000000000,85.34000000,85.40000000,84.97000000,85.14000000,26907.08400000,1771390799999999,2292231.40985000,10661,14947.86600000,1273089.08774000,0
1771390800000000,85.15000000,85.25000000,84.97000000,84.99000000,19048.83600000,1771392599999999,1621438.17449000,8279,12344.64500000,1051023.05679000,0
1771392600000000,84.99000000,85.01000000,84.76000000,84.90000000,24366.88400000,1771394399999999,2067803.55340000,8210,8672.61400000,736116.98153000,0
1771394400000000,84.90000000,85.20000000,84.80000000,85.16000000,14092.94000000,1771396199999999,1198494.02873000,8279,7740.76600000,658379.73057000,0
1771396200000000,85.16000000,85.31000000,84.90000000,84.92000000,18082.51900000,1771397999999999,1538754.21081000,7172,10391.68500000,884365.82983000,0
1771398000000000,84.92000000,84.98000000,84.68000000,84.84000000,14119.63100000,1771399799999999,1197614.73725000,5932,7607.01100000,645391.05867000,0
1771399800000000,84.84000000,85.43000000,84.76000000,85.28000000,26706.67700000,1771401599999999,2275156.59469000,12425,17419.36200000,1483822.31687000,0
1771401600000000,85.28000000,86.09000000,85.23000000,85.70000000,78981.39700000,1771403399999999,6760739.09834000,23442,37616.82700000,3220779.24193000,0
1771403400000000,85.71000000,85.75000000,85.38000000,85.47000000,55819.47000000,1771405199999999,4776716.16373000,14481,23108.61400000,1977357.51835000,0
1771405200000000,85.48000000,85.75000000,85.33000000,85.58000000,55761.05000000,1771406999999999,4769247.68108000,12948,21717.52000000,1857974.43712000,0
1771407000000000,85.58000000,85.68000000,85.31000000,85.32000000,26200.42200000,1771408799999999,2240057.23846000,8871,13641.19500000,1166361.52105000,0
1771408800000000,85.31000000,85.40000000,84.93000000,85.08000000,33981.24400000,1771410599999999,2891761.97317000,12347,12830.58300000,1091857.67606000,0
1771410600000000,85.08000000,85.08000000,84.18000000,84.26000000,145209.15100000,1771412399999999,12258248.33505000,21364,89941.08500000,7588841.10605000,0
1771412400000000,84.26000000,84.26000000,83.24000000,83.58000000,135712.15100000,1771414199999999,11352852.50115000,36261,80246.56900000,6712454.12235000,0
1771414200000000,83.59000000,83.72000000,82.83000000,82.86000000,176251.30300000,1771415999999999,14689363.65309000,32238,84186.52500000,7020908.45502000,0
1771416000000000,82.87000000,83.34000000,82.78000000,83.20000000,94168.70200000,1771417799999999,7824785.59957000,28617,47587.31400000,3954204.73007000,0
1771417800000000,83.19000000,83.21000000,82.34000000,82.99000000,117228.17400000,1771419599999999,9705084.11219000,31722,58845.18000000,4870600.85773000,0
1771419600000000,83.00000000,83.29000000,82.92000000,83.12000000,67093.34800000,1771421399999999,5578493.77592000,20129,39141.12700000,3254488.04531000,0
1771421400000000,83.13000000,83.17000000,82.30000000,82.63000000,110678.95900000,1771423199999999,9153448.44632000,32067,51385.78200000,4249903.25703000,0
1771423200000000,82.62000000,82.88000000,82.21000000,82.25000000,91859.76300000,1771424999999999,7585959.91388000,25281,39733.64700000,3281980.97207000,0
1771425000000000,82.24000000,82.74000000,81.72000000,82.56000000,174690.30800000,1771426799999999,14378287.62706000,80813,84578.97600000,6966122.30887000,0
1771426800000000,82.56000000,83.10000000,82.52000000,82.81000000,89989.21300000,1771428599999999,7453801.31447000,45618,54100.20900000,4481084.44103000,0
1771428600000000,82.80000000,84.01000000,82.76000000,83.01000000,148121.29200000,1771430399999999,12346630.41925000,46729,80640.05000000,6724383.17699000,0
1771430400000000,83.00000000,83.09000000,82.04000000,82.49000000,116932.65700000,1771432199999999,9640829.77820000,44193,56204.28200000,4636067.20703000,0
1771432200000000,82.50000000,82.52000000,82.08000000,82.30000000,40960.35700000,1771433999999999,3369630.71225000,22247,21051.82500000,1731907.06501000,0
1771434000000000,82.30000000,83.00000000,82.27000000,82.36000000,69529.63600000,1771435799999999,5745735.13662000,22701,38011.71800000,3140729.83663000,0
1771435800000000,82.36000000,82.53000000,82.10000000,82.19000000,26975.98400000,1771437599999999,2220388.15637000,15105,15154.70600000,1247341.67992000,0
1771437600000000,82.20000000,82.37000000,81.28000000,81.74000000,85678.34000000,1771439399999999,7009919.46482000,33064,36037.76700000,2949084.47337000,0
1771439400000000,81.74000000,81.94000000,80.95000000,81.28000000,118455.03100000,1771441199999999,9635726.71643000,39766,46035.06400000,3744173.57297000,0
1771441200000000,81.29000000,81.60000000,80.77000000,81.09000000,66273.27500000,1771442999999999,5380924.53921000,36640,31391.05600000,2550449.12876000,0
1771443000000000,81.09000000,81.21000000,80.48000000,80.93000000,90621.27300000,1771444799999999,7325987.33290000,34908,39028.42700000,3154893.18027000,0
1771444800000000,80.93000000,81.28000000,80.85000000,81.09000000,42751.30000000,1771446599999999,3465881.49825000,21476,26016.45100000,2109496.08429000,0
1771446600000000,81.08000000,81.59000000,81.06000000,81.32000000,53076.31500000,1771448399999999,4319935.52046000,20895,29074.70800000,2366253.68675000,0
1771448400000000,81.32000000,81.52000000,81.02000000,81.48000000,36742.30100000,1771450199999999,2984619.09694000,14952,17762.48800000,1443250.67510000,0
1771450200000000,81.47000000,81.64000000,81.12000000,81.28000000,37922.07000000,1771451999999999,3084892.64091000,11551,15630.59600000,1272146.61941000,0
1771452000000000,81.28000000,81.41000000,81.05000000,81.20000000,22904.60300000,1771453799999999,1860096.10966000,10731,12574.24600000,1021128.23853000,0
1771453800000000,81.21000000,81.54000000,81.21000000,81.46000000,30124.08800000,1771455599999999,2452501.56648000,10102,16199.84300000,1318863.11665000,0
1771455600000000,81.46000000,81.52000000,81.24000000,81.30000000,18288.43500000,1771457399999999,1487850.86534000,10435,8402.43700000,683585.52615000,0
1771457400000000,81.29000000,81.64000000,81.29000000,81.61000000,17029.66600000,1771459199999999,1388196.16213000,8251,11936.79800000,973119.29609000,0
1771459200000000,81.61000000,81.73000000,81.25000000,81.41000000,19074.96800000,1771460999999999,1554716.26549000,9828,9947.96600000,810883.69083000,0
1771461000000000,81.41000000,81.71000000,81.35000000,81.50000000,24619.24000000,1771462799999999,2008689.78236000,10246,17680.77200000,1442852.78578000,0
1771462800000000,81.50000000,82.06000000,81.50000000,81.69000000,30483.46600000,1771464599999999,2493082.89943000,13532,18720.75400000,1531392.72910000,0
1771464600000000,81.70000000,81.91000000,81.54000000,81.89000000,18223.41200000,1771466399999999,1490141.30397000,10867,10355.41500000,846706.14931000,0
1771466400000000,81.89000000,82.07000000,81.73000000,81.91000000,22271.91200000,1771468199999999,1823642.16349000,10396,12633.71300000,1034500.43350000,0
1771468200000000,81.92000000,81.94000000,81.33000000,81.67000000,21225.14800000,1771469999999999,1731172.97070000,11848,11412.67000000,931048.55344000,0
1771470000000000,81.66000000,81.90000000,81.43000000,81.90000000,14297.37900000,1771471799999999,1167234.26235000,7922,6800.04400000,555413.10833000,0
1771471800000000,81.91000000,81.93000000,81.59000000,81.77000000,14791.58700000,1771473599999999,1208700.79885000,8331,8038.77500000,656883.94901000,0
1771473600000000,81.77000000,82.01000000,81.64000000,81.71000000,15841.16600000,1771475399999999,1296420.93383000,9137,9891.86400000,809502.56338000,0
1771475400000000,81.72000000,81.99000000,81.40000000,81.49000000,123072.94500000,1771477199999999,10044880.78042000,13900,60408.78400000,4931556.50566000,0
1771477200000000,81.49000000,81.98000000,81.38000000,81.60000000,223738.89800000,1771478999999999,18270148.28682000,18613,50289.59600000,4106041.61577000,0
1771479000000000,81.60000000,81.93000000,81.45000000,81.90000000,57464.52100000,1771480799999999,4693027.12645000,11167,17821.54500000,1456837.20169000,0
1771480800000000,81.90000000,82.47000000,81.83000000,82.42000000,68970.01000000,1771482599999999,5662020.69936000,14194,38930.99000000,3197795.17808000,0
1771482600000000,82.42000000,82.50000000,82.21000000,82.36000000,20645.71200000,1771484399999999,1700626.71967000,10027,13307.61200000,1096204.40615000,0
1771484400000000,82.37000000,82.67000000,82.22000000,82.42000000,28213.37400000,1771486199999999,2326727.56674000,10994,17626.49000000,1453457.99745000,0
1771486200000000,82.42000000,82.52000000,82.10000000,82.41000000,40483.23500000,1771487999999999,3330887.20375000,10355,21638.59100000,1780826.58534000,0
1771488000000000,82.40000000,82.42000000,81.93000000,82.03000000,58896.47000000,1771489799999999,4838726.28612000,16010,16802.95700000,1380854.76836000,0
1771489800000000,82.03000000,82.03000000,81.57000000,81.73000000,32000.34900000,1771491599999999,2615600.35158000,13602,14224.83700000,1162641.42823000,0
1771491600000000,81.74000000,82.02000000,81.38000000,81.86000000,34120.57500000,1771493399999999,2787752.75311000,13465,16313.26500000,1333571.88373000,0
1771493400000000,81.85000000,81.90000000,81.12000000,81.21000000,34406.73500000,1771495199999999,2803094.67498000,14525,15945.29100000,1299327.81920000,0
1771495200000000,81.20000000,81.82000000,80.91000000,81.65000000,61692.89400000,1771496999999999,5018217.55501000,22136,31530.45300000,2565651.91256000,0
1771497000000000,81.64000000,81.81000000,81.43000000,81.53000000,35500.70600000,1771498799999999,2896649.48086000,13432,18331.21400000,1495735.93171000,0
1771498800000000,81.52000000,81.89000000,81.49000000,81.71000000,20927.91600000,1771500599999999,1710409.38677000,9599,9504.79200000,776634.63188000,0
1771500600000000,81.72000000,81.72000000,81.11000000,81.24000000,34482.44000000,1771502399999999,2804671.32694000,14372,18368.59400000,1493781.29653000,0
1771502400000000,81.24000000,81.31000000,80.93000000,81.17000000,46138.37200000,1771504199999999,3743504.85048000,18306,24037.88700000,1950606.88533000,0
1771504200000000,81.17000000,81.26000000,80.68000000,80.79000000,49534.80200000,1771505999999999,4011483.64019000,15323,24486.05500000,1983393.68032000,0
1771506000000000,80.80000000,80.92000000,80.18000000,80.26000000,103354.05400000,1771507799999999,8315610.84615000,28233,52007.44300000,4184023.09096000,0
1771507800000000,80.27000000,80.53000000,79.61000000,80.00000000,325262.56000000,1771509599999999,25999576.83523000,47806,201539.99900000,16106312.52568000,0
1771509600000000,80.00000000,80.45000000,79.95000000,80.38000000,84202.59700000,1771511399999999,6753393.38552000,28339,49231.03600000,3948747.15718000,0
1771511400000000,80.37000000,81.32000000,79.96000000,80.78000000,141429.07300000,1771513199999999,11405444.12752000,69202,74215.28100000,5987175.63043000,0
1771513200000000,80.77000000,81.29000000,80.02000000,80.17000000,70374.89500000,1771514999999999,5671403.85478000,43029,37124.25000000,2992559.50248000,0
1771515000000000,80.16000000,80.86000000,79.98000000,80.64000000,50786.96200000,1771516799999999,4086529.48942000,27018,23721.67700000,1909046.26092000,0
1771516800000000,80.63000000,80.96000000,79.92000000,80.18000000,130970.72400000,1771518599999999,10536176.25597000,35261,67996.73200000,5474958.61613000,0
1771518600000000,80.18000000,80.89000000,80.18000000,80.79000000,45870.11200000,1771520399999999,3697187.84597000,29266,23612.93400000,1903261.61768000,0
1771520400000000,80.79000000,81.93000000,80.51000000,81.02000000,117656.38800000,1771522199999999,9562725.94854000,40470,47885.01400000,3889499.03423000,0
1771522200000000,81.02000000,81.09000000,80.22000000,80.48000000,42926.17400000,1771523999999999,3465385.27014000,30112,19129.77900000,1544668.31956000,0
1771524000000000,80.47000000,81.69000000,80.39000000,81.51000000,55397.62000000,1771525799999999,4495666.42337000,25792,32009.17800000,2598400.73847000,0
1771525800000000,81.50000000,82.05000000,81.27000000,81.98000000,58478.26600000,1771527599999999,4780851.69250000,28015,37885.12600000,3097793.47679000,0
1771527600000000,81.98000000,82.20000000,81.42000000,81.54000000,62202.51700000,1771529399999999,5089336.41934000,27423,35947.93600000,2941621.37462000,0
1771529400000000,81.53000000,82.05000000,81.06000000,81.95000000,55668.03100000,1771531199999999,4538060.13836000,26922,33673.33600000,2745963.36540000,0
1771531200000000,81.94000000,82.19000000,81.68000000,82.07000000,75545.55900000,1771532999999999,6193206.83061000,22736,37283.43500000,3056681.92484000,0
1771533000000000,82.06000000,82.37000000,81.83000000,82.10000000,64855.97200000,1771534799999999,5324932.02109000,22266,34221.23400000,2809675.69625000,0
1771534800000000,82.09000000,82.17000000,81.81000000,81.89000000,26103.91600000,1771536599999999,2140934.33767000,13457,12840.37400000,1053153.81896000,0
1771536600000000,81.89000000,82.19000000,81.82000000,82.07000000,22754.15200000,1771538399999999,1867196.78008000,9491,13275.59800000,1089384.47573000,0
1771538400000000,82.07000000,82.53000000,81.93000000,82.08000000,64129.07500000,1771540199999999,5270346.58786000,17625,32873.54200000,2702022.51055000,0
1771540200000000,82.07000000,82.41000000,81.91000000,82.34000000,41143.09100000,1771541999999999,3379293.45503000,14796,23271.92200000,1911536.85507000,0
1771542000000000,82.34000000,82.48000000,82.12000000,82.38000000,30803.53100000,1771543799999999,2536110.71242000,15589,17239.41900000,1419356.61216000,0
1771543800000000,82.37000000,82.57000000,82.24000000,82.50000000,27243.98900000,1771545599999999,2244179.64898000,11130,19011.29000000,1566018.78100000,0
1771545600000000,82.50000000,83.54000000,82.33000000,83.44000000,84393.09800000,1771547399999999,7011094.66944000,31006,46147.02700000,3830086.72898000,0
1771547400000000,83.44000000,83.46000000,82.86000000,82.90000000,35829.02200000,1771549199999999,2978655.85667000,15889,18779.19500000,1561479.02673000,0
1771549200000000,82.90000000,83.16000000,82.70000000,82.83000000,74361.69600000,1771550999999999,6166502.50648000,15234,44329.79000000,3676494.97748000,0
1771551000000000,82.83000000,83.15000000,82.77000000,83.03000000,89962.78500000,1771552799999999,7469385.80052000,15165,34577.41200000,2869235.36360000,0
1771552800000000,83.04000000,83.35000000,82.83000000,82.84000000,47556.35100000,1771554599999999,3952872.98797000,14881,19719.47200000,1638309.71811000,0
1771554600000000,82.84000000,83.19000000,82.82000000,82.92000000,30987.77900000,1771556399999999,2572965.41188000,12664,16164.66900000,1342259.09490000,0
1771556400000000,82.92000000,83.37000000,82.84000000,83.21000000,93800.83000000,1771558199999999,7795434.05865000,11249,36983.55900000,3071354.44246000,0
1771558200000000,83.22000000,83.31000000,82.99000000,83.04000000,27684.18000000,1771559999999999,2300962.76705000,11143,13124.74200000,1090939.03816000,0
1771560000000000,83.05000000,83.11000000,82.38000000,82.61000000,38096.23500000,1771561799999999,3151328.56253000,16094,14455.78300000,1195576.13856000,0
1771561800000000,82.60000000,82.99000000,82.54000000,82.69000000,21034.40400000,1771563599999999,1741328.36108000,10697,8009.43500000,662999.67903000,0
1771563600000000,82.69000000,82.96000000,82.50000000,82.87000000,47550.88000000,1771565399999999,3929460.38215000,9724,21033.84600000,1737934.55694000,0
1771565400000000,82.86000000,83.75000000,82.86000000,83.27000000,58654.86900000,1771567199999999,4890979.07814000,23159,32725.48100000,2728431.65341000,0
1771567200000000,83.27000000,83.48000000,83.14000000,83.24000000,23234.20600000,1771568999999999,1935859.02743000,9909,12383.69500000,1031810.88756000,0
1771569000000000,83.24000000,83.74000000,83.16000000,83.71000000,101954.15800000,1771570799999999,8517047.05008000,13184,41008.16800000,3425426.92902000,0
1771570800000000,83.72000000,83.93000000,83.55000000,83.79000000,35374.56200000,1771572599999999,2962069.43126000,10590,21081.18100000,1765469.92663000,0
1771572600000000,83.78000000,83.83000000,83.41000000,83.46000000,26416.05700000,1771574399999999,2208778.33501000,12091,13086.65400000,1094296.37346000,0
1771574400000000,83.45000000,83.69000000,83.45000000,83.64000000,23719.53400000,1771576199999999,1982184.47488000,11593,11256.79300000,940665.42091000,0
1771576200000000,83.64000000,83.81000000,83.30000000,83.66000000,34022.13900000,1771577999999999,2841483.47589000,12210,11237.17200000,938852.38877000,0
1771578000000000,83.65000000,84.50000000,83.65000000,84.29000000,163889.26600000,1771579799999999,13812305.38286000,31099,79468.34700000,6694037.64916000,0
1771579800000000,84.29000000,84.39000000,84.17000000,84.19000000,54678.52800000,1771581599999999,4607554.38752000,15501,23183.14600000,1953566.85779000,0
1771581600000000,84.19000000,84.84000000,84.13000000,84.60000000,87849.31600000,1771583399999999,7424091.05952000,22754,39241.03900000,3315595.28430000,0
1771583400000000,84.61000000,84.76000000,84.04000000,84.09000000,73336.83800000,1771585199999999,6181163.45651000,17159,32789.31400000,2764385.87444000,0
1771585200000000,84.10000000,84.22000000,83.71000000,84.11000000,121678.35500000,1771586999999999,10207043.83599000,19505,53248.66100000,4465860.08706000,0
1771587000000000,84.10000000,84.26000000,83.34000000,83.58000000,108785.15600000,1771588799999999,9102919.58666000,26747,34657.58000000,2900622.57816000,0
1771588800000000,83.58000000,84.03000000,83.37000000,83.64000000,43586.12700000,1771590599999999,3647472.75621000,16579,15015.58500000,1256764.68005000,0
1771590600000000,83.64000000,83.92000000,83.29000000,83.72000000,132186.72900000,1771592399999999,11055341.57268000,14127,51258.34000000,4285446.98651000,0
1771592400000000,83.71000000,83.72000000,82.80000000,83.10000000,72095.83000000,1771594199999999,5996880.62359000,21078,26066.57000000,2167341.23890000,0
1771594200000000,83.11000000,83.15000000,81.77000000,82.19000000,273480.30200000,1771595999999999,22499978.18441000,55283,137871.66600000,11350873.28941000,0
1771596000000000,82.19000000,82.83000000,82.12000000,82.68000000,54099.38900000,1771597799999999,4460416.02953000,25108,25659.73700000,2116059.26725000,0
1771597800000000,82.68000000,83.39000000,82.51000000,83.07000000,163921.48200000,1771599599999999,13609983.19119000,48832,88657.76700000,7359707.77063000,0
1771599600000000,83.07000000,84.78000000,82.67000000,84.05000000,245242.12200000,1771601399999999,20586966.04974000,100096,131078.86700000,11002668.60964000,0
1771601400000000,84.06000000,84.50000000,83.14000000,84.38000000,128511.11300000,1771603199999999,10780315.43318000,57595,70582.17200000,5922045.36722000,0
1771603200000000,84.38000000,84.96000000,83.99000000,84.00000000,155649.34700000,1771604999999999,13165457.41301000,54698,77367.52800000,6543090.93961000,0
1771605000000000,84.00000000,84.70000000,83.75000000,84.51000000,62762.20300000,1771606799999999,5283556.39100000,34303,34855.81300000,2935547.66973000,0
1771606800000000,84.50000000,84.54000000,82.82000000,83.26000000,114754.36300000,1771608599999999,9576560.02789000,46107,52633.46800000,4393560.96324000,0
1771608600000000,83.26000000,84.60000000,83.03000000,84.49000000,125592.55800000,1771610399999999,10551508.15157000,53001,63453.40200000,5329146.53478000,0
1771610400000000,84.48000000,84.74000000,83.97000000,84.56000000,98452.10300000,1771612199999999,8310221.93515000,38081,51076.40300000,4312105.90529000,0
1771612200000000,84.56000000,85.49000000,84.31000000,85.24000000,158092.13600000,1771613999999999,13437614.17982000,60506,78503.50100000,6672066.85115000,0
1771614000000000,85.23000000,85.37000000,84.37000000,84.48000000,62206.16200000,1771615799999999,5276467.86624000,27246,23441.05800000,1988172.12141000,0
1771615800000000,84.49000000,84.95000000,84.44000000,84.75000000,62247.33200000,1771617599999999,5273440.61468000,24732,32992.73800000,2794857.42134000,0
1771617600000000,84.75000000,85.23000000,84.55000000,84.62000000,36738.31100000,1771619399999999,3120309.76975000,19169,18915.82600000,1606763.49530000,0
1771619400000000,84.62000000,84.87000000,84.42000000,84.62000000,30953.48100000,1771621199999999,2619872.31397000,17033,15051.10000000,1273930.69734000,0
1771621200000000,84.62000000,84.77000000,84.36000000,84.44000000,35347.39900000,1771622999999999,2986945.45799000,14428,16409.94700000,1386680.43979000,0
1771623000000000,84.44000000,84.66000000,84.29000000,84.55000000,47898.46700000,1771624799999999,4045908.58258000,14111,24657.08500000,2082949.13079000,0
1771624800000000,84.55000000,84.63000000,84.12000000,84.55000000,42404.34900000,1771626599999999,3577568.84333000,16833,21465.63800000,1811338.21659000,0
1771626600000000,84.55000000,84.77000000,84.35000000,84.59000000,37606.20800000,1771628399999999,3179140.57581000,14300,20118.58600000,1700793.63979000,0
1771628400000000,84.58000000,84.71000000,84.29000000,84.48000000,41918.49900000,1771630199999999,3541660.05730000,13807,24781.11100000,2093735.06377000,0
1771630200000000,84.48000000,84.71000000,84.36000000,84.67000000,23960.50300000,1771631999999999,2024672.50961000,8587,12139.40400000,1025764.75243000,0
1771632000000000,84.68000000,84.76000000,84.54000000,84.57000000,19058.41800000,1771633799999999,1613292.87711000,7444,6722.11300000,569087.88382000,0
1771633800000000,84.57000000,84.62000000,84.34000000,84.43000000,35166.04900000,1771635599999999,2970001.67019000,9093,11566.16400000,976676.66573000,0
1771635600000000,84.44000000,84.65000000,84.44000000,84.51000000,18993.05700000,1771637399999999,1605739.00159000,6082,9792.10000000,827888.53409000,0
1771637400000000,84.52000000,84.85000000,84.51000000,84.68000000,24088.33000000,1771639199999999,2040833.84236000,7419,9715.33900000,822989.69244000,0
1771639200000000,84.68000000,84.95000000,84.54000000,84.91000000,16254.12200000,1771640999999999,1377259.38668000,7186,9304.12800000,788561.68301000,0
1771641000000000,84.90000000,85.03000000,84.82000000,84.82000000,24462.92900000,1771642799999999,2077345.68310000,6845,14501.54000000,1231435.92668000,0
1771642800000000,84.83000000,84.85000000,84.24000000,84.52000000,69557.75500000,1771644599999999,5871087.14738000,12683,41192.65800000,3476096.31714000,0
1771644600000000,84.53000000,84.71000000,84.25000000,84.35000000,37253.88700000,1771646399999999,3147027.63979000,10495,18926.88300000,1598116.30570000,0
1771646400000000,84.35000000,84.42000000,84.14000000,84.35000000,36238.14100000,1771648199999999,3053957.01573000,9445,13018.33600000,1097326.97380000,0
1771648200000000,84.35000000,84.50000000,84.23000000,84.40000000,22331.30200000,1771649999999999,1883886.39187000,6557,9105.22300000,768170.72584000,0
1771650000000000,84.40000000,84.59000000,84.39000000,84.47000000,15558.41800000,1771651799999999,1314481.45936000,5080,5238.40300000,442567.26071000,0
1771651800000000,84.47000000,84.55000000,84.40000000,84.48000000,11266.05200000,1771653599999999,951597.74475000,4471,4181.76700000,353205.45386000,0
1771653600000000,84.48000000,84.78000000,84.33000000,84.33000000,24010.95400000,1771655399999999,2029970.44667000,7297,9605.98500000,812102.50979000,0
1771655400000000,84.34000000,84.36000000,84.04000000,84.12000000,36710.51700000,1771657199999999,3089500.04153000,8571,17723.62300000,1491772.85589000,0
1771657200000000,84.13000000,84.19000000,83.97000000,84.18000000,24664.62500000,1771658999999999,2074121.26182000,7916,10168.17300000,855060.53916000,0
1771659000000000,84.18000000,84.33000000,84.11000000,84.24000000,20424.98300000,1771660799999999,1720118.41055000,7002,6556.09300000,552066.08720000,0
1771660800000000,84.24000000,84.45000000,84.19000000,84.40000000,14467.51700000,1771662599999999,1220161.66272000,5436,5243.03200000,442227.66654000,0
1771662600000000,84.40000000,84.74000000,84.30000000,84.73000000,36726.04000000,1771664399999999,3106052.59788000,7808,17555.42500000,1484855.25828000,0
1771664400000000,84.73000000,85.20000000,84.67000000,85.09000000,34712.23900000,1771666199999999,2947932.42027000,11253,15681.07800000,1332219.43090000,0
1771666200000000,85.09000000,85.16000000,84.89000000,84.91000000,39938.89500000,1771667999999999,3396277.86463000,12467,14636.48900000,1244796.07193000,0
1771668000000000,84.91000000,85.13000000,84.90000000,85.09000000,29100.56100000,1771669799999999,2473317.04764000,7723,11735.36000000,997421.80071000,0
1771669800000000,85.09000000,85.27000000,85.02000000,85.15000000,36225.20500000,1771671599999999,3082837.72195000,8508,16279.42700000,1385511.43535000,0
1771671600000000,85.16000000,85.70000000,85.14000000,85.39000000,40130.97300000,1771673399999999,3429451.35274000,14371,24470.88000000,2090950.99051000,0
1771673400000000,85.39000000,85.52000000,85.25000000,85.40000000,22588.69500000,1771675199999999,1928084.27593000,8748,10984.49900000,937702.89775000,0
1771675200000000,85.40000000,85.54000000,85.12000000,85.17000000,41505.19600000,1771676999999999,3538641.93468000,10646,27980.74200000,2385362.90713000,0
1771677000000000,85.17000000,85.37000000,85.00000000,85.32000000,34114.78300000,1771678799999999,2905363.27202000,10795,17808.83600000,1516871.89859000,0
1771678800000000,85.32000000,85.54000000,85.18000000,85.42000000,41508.29400000,1771680599999999,3544530.94955000,9751,20552.83300000,1755211.07863000,0
1771680600000000,85.43000000,85.96000000,85.30000000,85.85000000,56073.35100000,1771682399999999,4797209.69562000,11346,26551.39800000,2272199.68044000,0
1771682400000000,85.85000000,86.66000000,85.62000000,86.25000000,178290.52800000,1771684199999999,15359982.28078000,32867,97399.21900000,8393186.37168000,0
1771684200000000,86.26000000,86.60000000,86.22000000,86.30000000,80470.28000000,1771685999999999,6951180.81675000,19892,42798.35200000,3697334.74658000,0
1771686000000000,86.30000000,86.72000000,86.22000000,86.30000000,73943.12900000,1771687799999999,6399008.07302000,16051,41353.89800000,3578521.33538000,0
1771687800000000,86.29000000,86.71000000,86.15000000,86.58000000,54225.74400000,1771689599999999,4694011.39486000,13065,22564.85700000,1952250.59753000,0
1771689600000000,86.59000000,86.68000000,85.88000000,86.12000000,79894.51700000,1771691399999999,6882137.02056000,22075,31383.24500000,2702609.00634000,0
1771691400000000,86.11000000,86.28000000,85.88000000,86.13000000,27720.37900000,1771693199999999,2386376.73523000,9529,11368.38000000,978506.30549000,0
1771693200000000,86.13000000,86.26000000,85.82000000,86.09000000,42240.15600000,1771694999999999,3634413.13180000,14278,18350.46900000,1579185.74354000,0
1771695000000000,86.09000000,86.46000000,86.07000000,86.25000000,20359.32700000,1771696799999999,1756488.83766000,8681,11417.39700000,985193.71872000,0
1771696800000000,86.24000000,86.41000000,86.18000000,86.22000000,27882.52500000,1771698599999999,2406203.23954000,9417,13580.36700000,1171895.05921000,0
1771698600000000,86.23000000,86.72000000,86.19000000,86.56000000,37138.97000000,1771700399999999,3211902.44714000,10656,21719.44600000,1878385.13979000,0
1771700400000000,86.56000000,86.69000000,86.42000000,86.49000000,20334.19300000,1771702199999999,1760104.45294000,8671,10800.31600000,934851.33041000,0
1771702200000000,86.50000000,86.55000000,86.18000000,86.22000000,17595.22900000,1771703999999999,1519407.18713000,6900,6594.56600000,569744.04214000,0
1771704000000000,86.21000000,86.21000000,85.92000000,86.09000000,20307.74800000,1771705799999999,1748166.43363000,8472,9838.16600000,846828.87506000,0
1771705800000000,86.08000000,86.12000000,85.27000000,85.48000000,82735.96700000,1771707599999999,7080708.05490000,19958,31949.14100000,2733000.75691000,0
1771707600000000,85.47000000,85.71000000,85.41000000,85.66000000,29369.65200000,1771709399999999,2513472.94762000,10413,14892.07700000,1274652.91009000,0
1771709400000000,85.66000000,85.85000000,85.64000000,85.84000000,18383.19700000,1771711199999999,1576337.08348000,6394,10082.49700000,864576.71185000,0
1771711200000000,85.83000000,85.90000000,85.52000000,85.62000000,29529.37100000,1771712999999999,2530322.35045000,9370,13751.85200000,1178505.58523000,0
1771713000000000,85.62000000,85.68000000,85.38000000,85.46000000,25314.99900000,1771714799999999,2164893.19730000,12750,12656.25700000,1082448.71416000,0
1771714800000000,85.45000000,85.57000000,85.12000000,85.40000000,32442.78900000,1771716599999999,2767782.75803000,12806,15421.16000000,1315801.05123000,0
1771716600000000,85.40000000,85.41000000,85.17000000,85.17000000,19438.87400000,1771718399999999,1657742.74323000,6517,8901.71200000,759117.02501000,0
1771718400000000,85.17000000,85.22000000,84.83000000,84.90000000,39140.85900000,1771720199999999,3328302.23618000,12242,15805.47000000,1344334.63308000,0
1771720200000000,84.90000000,85.08000000,84.76000000,85.08000000,34880.46100000,1771721999999999,2960756.30214000,9361,16412.90800000,1393514.62840000,0
1771722000000000,85.08000000,85.35000000,85.05000000,85.31000000,23775.28600000,1771723799999999,2025514.61664000,7620,10996.95600000,936912.56491000,0
1771723800000000,85.31000000,85.43000000,85.18000000,85.32000000,27078.73200000,1771725599999999,2309478.76401000,8988,16070.66800000,1370715.01869000,0
1771725600000000,85.32000000,85.60000000,85.04000000,85.04000000,68338.38700000,1771727399999999,5825001.23619000,10851,27795.03200000,2369313.16092000,0
1771727400000000,85.04000000,85.14000000,84.86000000,84.96000000,58622.16000000,1771729199999999,4981219.22200000,8273,27560.46100000,2341232.65831000,0
1771729200000000,84.96000000,85.19000000,84.73000000,84.88000000,103705.95500000,1771730999999999,8820503.81002000,16296,70120.68500000,5966115.13768000,0
1771731000000000,84.87000000,85.13000000,84.81000000,85.08000000,18045.40500000,1771732799999999,1533782.93857000,7377,7452.24100000,633380.96671000,0
1771732800000000,85.08000000,85.35000000,84.97000000,85.02000000,13623.89800000,1771734599999999,1160166.89695000,6778,7121.95500000,606583.92322000,0
1771734600000000,85.03000000,85.21000000,85.02000000,85.17000000,13797.31400000,1771736399999999,1174761.68724000,5107,7819.49300000,665807.24077000,0
1771736400000000,85.16000000,85.22000000,84.89000000,85.00000000,15813.58200000,1771738199999999,1344606.64899000,6187,6510.00200000,553753.75703000,0
1771738200000000,85.00000000,85.03000000,84.81000000,84.98000000,21109.09100000,1771739999999999,1792983.31920000,5874,11547.84700000,980852.73038000,0
1771740000000000,84.99000000,85.26000000,84.95000000,85.18000000,21680.47800000,1771741799999999,1845487.99411000,6453,13751.36300000,1170605.46108000,0
1771741800000000,85.18000000,85.34000000,85.13000000,85.31000000,21567.66400000,1771743599999999,1838751.59166000,5774,13226.98800000,1127651.86523000,0
1771743600000000,85.31000000,85.36000000,85.14000000,85.31000000,14543.13100000,1771745399999999,1239927.25085000,5084,9232.15000000,787142.75266000,0
1771745400000000,85.31000000,85.58000000,85.24000000,85.24000000,34701.06100000,1771747199999999,2965197.29589000,7264,12716.66300000,1086371.62097000,0
1771747200000000,85.25000000,85.26000000,84.87000000,84.97000000,21032.04600000,1771748999999999,1789525.54706000,6645,9243.26400000,786626.70720000,0
1771749000000000,84.96000000,85.07000000,84.89000000,84.97000000,15467.18900000,1771750799999999,1314399.02724000,4897,9727.42200000,826627.86703000,0
1771750800000000,84.98000000,85.19000000,84.95000000,85.07000000,20264.04500000,1771752599999999,1723855.55910000,5687,11243.86900000,956446.92712000,0
1771752600000000,85.07000000,85.18000000,84.96000000,85.04000000,29892.93000000,1771754399999999,2543341.12454000,6366,10670.12100000,907987.15397000,0
1771754400000000,85.04000000,85.30000000,85.00000000,85.23000000,18189.16500000,1771756199999999,1549383.05034000,5966,7165.34200000,610323.89525000,0
1771756200000000,85.22000000,85.32000000,85.16000000,85.21000000,28265.00300000,1771757999999999,2409225.12740000,7098,11101.22400000,946289.28194000,0
1771758000000000,85.21000000,85.47000000,85.21000000,85.34000000,28671.44200000,1771759799999999,2448166.76640000,8875,9710.02800000,829015.07066000,0
1771759800000000,85.34000000,85.46000000,85.18000000,85.27000000,28038.43300000,1771761599999999,2391764.07574000,7114,6505.26400000,554986.26471000,0
1771761600000000,85.28000000,85.33000000,84.70000000,84.95000000,58750.82400000,1771763399999999,4993674.17390000,16235,22894.47000000,1945382.48164000,0
1771763400000000,84.95000000,84.95000000,84.34000000,84.47000000,50581.66500000,1771765199999999,4276769.14233000,16014,24575.87000000,2077438.59295000,0
1771765200000000,84.47000000,84.63000000,84.20000000,84.24000000,24136.73800000,1771766999999999,2037129.31059000,10608,10778.01700000,909964.47685000,0
1771767000000000,84.24000000,84.38000000,83.71000000,83.98000000,113316.49100000,1771768799999999,9509674.87752000,23569,33676.45300000,2828150.86886000,0
1771768800000000,83.99000000,84.05000000,83.62000000,83.85000000,38931.88800000,1771770599999999,3261524.48995000,14892,20011.18000000,1676323.35557000,0
1771770600000000,83.85000000,84.07000000,83.39000000,83.66000000,45311.71900000,1771772399999999,3793391.63137000,15150,22373.47100000,1873367.61765000,0
1771772400000000,83.66000000,83.68000000,82.98000000,83.50000000,229373.99900000,1771774199999999,19094803.58790000,22184,141725.63400000,11798060.10081000,0
1771774200000000,83.49000000,83.72000000,83.41000000,83.50000000,45183.20200000,1771775999999999,3775404.24892000,12725,17769.93500000,1484990.56346000,0
1771776000000000,83.49000000,83.55000000,83.20000000,83.23000000,17710.90300000,1771777799999999,1476244.50116000,8196,6755.60800000,562954.29354000,0
1771777800000000,83.23000000,83.63000000,83.23000000,83.58000000,22400.79600000,1771779599999999,1868473.33676000,8491,11035.64500000,920701.27548000,0
1771779600000000,83.58000000,83.60000000,83.25000000,83.33000000,35624.92300000,1771781399999999,2970362.51418000,9936,17361.43300000,1447136.07549000,0
1771781400000000,83.33000000,83.37000000,82.82000000,83.06000000,72753.99800000,1771783199999999,6038392.16531000,17492,33593.70700000,2787851.51989000,0
1771783200000000,83.06000000,83.29000000,82.96000000,83.13000000,24053.05400000,1771784999999999,1999608.15433000,8845,12579.39000000,1045682.41253000,0
1771785000000000,83.13000000,83.28000000,83.01000000,83.22000000,11262.04400000,1771786799999999,936226.74008000,5467,5876.74600000,488508.77097000,0
1771786800000000,83.22000000,83.31000000,83.03000000,83.18000000,9261.79300000,1771788599999999,770519.11984000,5268,5675.80800000,472219.33145000,0
1771788600000000,83.18000000,83.42000000,83.13000000,83.30000000,13038.07900000,1771790399999999,1086208.79090000,4956,8539.27000000,711480.25058000,0
1771790400000000,83.30000000,83.38000000,83.08000000,83.25000000,11829.08800000,1771792199999999,984621.26438000,5745,5946.91400000,495117.11632000,0
1771792200000000,83.25000000,83.30000000,82.94000000,83.03000000,28196.04200000,1771793999999999,2342740.60348000,6884,9680.92700000,804693.41526000,0
1771794000000000,83.03000000,83.23000000,83.03000000,83.08000000,13364.49400000,1771795799999999,1111534.90139000,5866,9257.26700000,769935.45311000,0
1771795800000000,83.09000000,83.58000000,83.05000000,83.50000000,28064.77700000,1771797599999999,2339154.90061000,8280,21036.92100000,1753241.32196000,0
1771797600000000,83.50000000,83.71000000,83.24000000,83.28000000,26122.54600000,1771799399999999,2180283.93968000,8973,13228.95400000,1104179.26801000,0
1771799400000000,83.29000000,83.66000000,83.09000000,83.57000000,27378.09700000,1771801199999999,2282958.88299000,14864,14419.98800000,1202761.53558000,0
1771801200000000,83.58000000,83.66000000,82.59000000,82.73000000,92652.08800000,1771802999999999,7696787.28990000,28813,43117.93200000,3580095.46467000,0
1771803000000000,82.74000000,82.96000000,82.48000000,82.79000000,39309.63100000,1771804799999999,3250343.28383000,16387,22941.67300000,1896926.27923000,0
1771804800000000,82.80000000,82.85000000,82.16000000,82.24000000,45050.27400000,1771806599999999,3718252.29223000,16054,23349.06600000,1927554.49408000,0
1771806600000000,82.25000000,82.26000000,81.32000000,81.37000000,73807.32700000,1771808399999999,6045990.60414000,23482,33852.74600000,2773429.98501000,0
1771808400000000,81.37000000,81.38000000,78.02000000,78.51000000,515218.53100000,1771810199999999,40852139.33841000,179086,228259.26200000,18080507.68845000,0
1771810200000000,78.50000000,78.90000000,77.49000000,77.98000000,361863.02700000,1771811999999999,28295491.26945000,109255,168800.70700000,13206658.28446000,0
1771812000000000,77.97000000,78.44000000,77.61000000,77.96000000,148379.93000000,1771813799999999,11585455.27420000,52901,84620.36000000,6606965.58250000,0
1771813800000000,77.97000000,78.19000000,77.55000000,77.87000000,126902.99600000,1771815599999999,9884398.37234000,39840,71711.09900000,5585942.90715000,0
1771815600000000,77.87000000,78.32000000,77.28000000,77.48000000,162701.52500000,1771817399999999,12658240.55508000,40110,75174.82000000,5849504.66884000,0
1771817400000000,77.49000000,77.98000000,77.48000000,77.66000000,98518.39000000,1771819199999999,7656596.98794000,26109,49197.12600000,3823526.19943000,0
1771819200000000,77.66000000,77.74000000,77.32000000,77.54000000,88436.05800000,1771820999999999,6857661.05748000,24424,41870.58500000,3247058.07661000,0
1771821000000000,77.53000000,77.63000000,77.15000000,77.39000000,77259.40200000,1771822799999999,5977922.00842000,18559,35406.96800000,2739750.91802000,0
1771822800000000,77.39000000,77.96000000,77.34000000,77.85000000,85355.71300000,1771824599999999,6630360.75085000,20058,42741.11300000,3319298.97070000,0
1771824600000000,77.85000000,78.08000000,77.46000000,77.85000000,71266.90200000,1771826399999999,5544914.34569000,17665,42587.29600000,3313818.46531000,0
1771826400000000,77.84000000,78.71000000,77.70000000,78.52000000,135416.53000000,1771828199999999,10619958.78909000,24329,58230.65300000,4565395.01499000,0
1771828200000000,78.53000000,79.18000000,78.44000000,79.09000000,172640.56400000,1771829999999999,13610114.71819000,34525,109489.57200000,8630335.47030000,0
1771830000000000,79.09000000,79.37000000,79.00000000,79.11000000,88274.95700000,1771831799999999,6989608.12244000,23588,52886.26600000,4188219.15069000,0
1771831800000000,79.10000000,79.69000000,78.92000000,79.40000000,63604.36100000,1771833599999999,5049687.14510000,21901,32120.69200000,2551073.24449000,0
1771833600000000,79.40000000,79.40000000,78.70000000,78.81000000,70888.77500000,1771835399999999,5603340.37752000,18366,27483.19000000,2171555.66522000,0
1771835400000000,78.80000000,78.90000000,78.53000000,78.78000000,87362.42100000,1771837199999999,6877702.11410000,13684,61562.10900000,4846942.24915000,0
1771837200000000,78.79000000,79.18000000,78.79000000,79.13000000,47874.57500000,1771838999999999,3778290.67889000,12685,29166.36800000,2301882.32357000,0
1771839000000000,79.12000000,80.54000000,79.07000000,80.46000000,156636.85800000,1771840799999999,12538013.96799000,38305,99554.45300000,7966711.40066000,0
1771840800000000,80.47000000,80.69000000,80.11000000,80.40000000,69420.90300000,1771842599999999,5580307.24010000,20962,31777.14800000,2554378.56278000,0
1771842600000000,80.40000000,80.50000000,80.09000000,80.27000000,38729.29500000,1771844399999999,3110521.20395000,13343,18637.09700000,1496764.21521000,0
1771844400000000,80.26000000,80.55000000,80.17000000,80.37000000,44739.81500000,1771846199999999,3595878.88953000,11265,19912.07000000,1600507.68344000,0
1771846200000000,80.38000000,80.39000000,79.97000000,80.05000000,49715.58900000,1771847999999999,3983807.11087000,13177,15396.28900000,1234041.97956000,0
1771848000000000,80.06000000,80.22000000,79.93000000,80.14000000,41620.23300000,1771849799999999,3333412.77810000,13020,20677.46500000,1656111.90400000,0
1771849800000000,80.14000000,80.96000000,79.86000000,80.71000000,144859.01300000,1771851599999999,11669945.10190000,31068,70593.10200000,5685387.58903000,0
1771851600000000,80.72000000,80.76000000,80.43000000,80.67000000,96018.51200000,1771853399999999,7744236.67858000,19472,37706.77100000,3040386.21859000,0
1771853400000000,80.67000000,81.13000000,80.46000000,80.54000000,167651.70000000,1771855199999999,13548318.61125000,33814,65834.99900000,5320225.38713000,0
1771855200000000,80.55000000,80.81000000,80.18000000,80.25000000,43523.43700000,1771856999999999,3502838.14789000,18943,20949.30000000,1686977.84320000,0
1771857000000000,80.25000000,80.75000000,79.43000000,80.14000000,114052.69800000,1771858799999999,9136467.81551000,78112,44302.76600000,3550423.76371000,0
1771858800000000,80.14000000,80.34000000,79.64000000,79.68000000,80932.16200000,1771860599999999,6469628.73113000,42135,41098.18200000,3286105.31917000,0
1771860600000000,79.69000000,79.93000000,79.20000000,79.40000000,101014.42700000,1771862399999999,8044939.21110000,35181,55021.94500000,4382338.22638000,0
1771862400000000,79.39000000,79.79000000,78.60000000,79.68000000,236204.48000000,1771864199999999,18680361.08066000,47874,82301.44300000,6512985.67794000,0
1771864200000000,79.67000000,79.80000000,78.83000000,78.97000000,181352.24500000,1771865999999999,14366545.59827000,33214,90348.99100000,7156517.30245000,0
1771866000000000,78.97000000,79.15000000,78.25000000,78.25000000,93419.04600000,1771867799999999,7354321.67563000,35369,47521.29700000,3743113.92818000,0
1771867800000000,78.25000000,78.32000000,77.27000000,78.31000000,149871.37600000,1771869599999999,11671828.88450000,54886,87877.79400000,6845232.56317000,0
1771869600000000,78.32000000,78.57000000,78.04000000,78.53000000,102201.87600000,1771871399999999,8004619.37953000,33369,68426.60400000,5359752.79767000,0
1771871400000000,78.54000000,79.30000000,78.43000000,78.62000000,93981.06000000,1771873199999999,7421533.11122000,25507,52048.51900000,4111581.67863000,0
1771873200000000,78.63000000,78.92000000,78.31000000,78.33000000,90347.38900000,1771874999999999,7099735.77055000,23796,48522.70700000,3812325.07797000,0
1771875000000000,78.33000000,78.51000000,77.98000000,78.29000000,82414.67300000,1771876799999999,6447951.75965000,28333,33220.58000000,2599456.51919000,0
1771876800000000,78.28000000,78.46000000,77.85000000,77.98000000,66560.86800000,1771878599999999,5199713.78920000,23814,25786.00400000,2014671.77413000,0
1771878600000000,77.98000000,78.54000000,77.97000000,78.31000000,78652.23200000,1771880399999999,6161994.64249000,25222,48359.19300000,3788522.68563000,0
1771880400000000,78.30000000,78.64000000,78.18000000,78.46000000,56009.84200000,1771882199999999,4391564.20138000,15940,32347.34200000,2536005.74201000,0
1771882200000000,78.46000000,78.73000000,78.24000000,78.38000000,57092.49600000,1771883999999999,4476571.43741000,15974,28021.58200000,2196688.25964000,0
1771884000000000,78.38000000,78.92000000,78.36000000,78.87000000,60848.61800000,1771885799999999,4793620.71102000,17218,33947.25000000,2674213.67550000,0
1771885800000000,78.86000000,78.90000000,78.25000000,78.26000000,38166.70400000,1771887599999999,3001542.74886000,16432,15524.41100000,1220605.40522000,0
1771887600000000,78.26000000,78.54000000,78.14000000,78.20000000,47189.66700000,1771889399999999,3696498.01013000,12685,27308.04600000,2138796.58901000,0
1771889400000000,78.20000000,78.25000000,77.63000000,77.90000000,59323.91100000,1771891199999999,4621492.61475000,13384,35004.30600000,2727040.68047000,0
1771891200000000,77.91000000,78.40000000,77.90000000,78.24000000,30602.94300000,1771892999999999,2393128.18268000,12987,19410.18500000,1517923.32576000,0
1771893000000000,78.23000000,78.53000000,78.14000000,78.46000000,44946.53700000,1771894799999999,3522856.04150000,12641,31056.64700000,2434567.00521000,0
1771894800000000,78.45000000,78.46000000,75.74000000,77.88000000,309720.92400000,1771896599999999,23851334.45835000,94834,140053.85100000,10793161.49851000,0
1771896600000000,77.87000000,78.31000000,77.36000000,77.67000000,92991.14100000,1771898399999999,7232687.05512000,34871,43074.82500000,3354516.46619000,0
1771898400000000,77.67000000,78.17000000,77.52000000,78.07000000,84539.03400000,1771900199999999,6589192.34473000,28597,41208.54700000,3210669.96383000,0
1771900200000000,78.07000000,78.43000000,77.52000000,77.64000000,50156.38000000,1771901999999999,3904951.21655000,20703,22764.42900000,1772749.97324000,0
1771902000000000,77.63000000,77.63000000,76.80000000,76.95000000,109323.23400000,1771903799999999,8437555.43106000,35258,44571.26300000,3439344.24527000,0
1771903800000000,76.95000000,77.06000000,76.47000000,76.87000000,81400.10800000,1771905599999999,6248955.39371000,30947,36796.05300000,2825308.14650000,0
1771905600000000,76.88000000,77.07000000,76.11000000,76.80000000,104981.51200000,1771907399999999,8039608.31079000,37493,52111.83000000,3990595.02216000,0
1771907400000000,76.79000000,76.87000000,76.34000000,76.86000000,47928.70600000,1771909199999999,3677478.97125000,17870,27695.18600000,2125436.19669000,0
1771909200000000,76.86000000,77.36000000,76.22000000,76.53000000,121066.31200000,1771910999999999,9296488.27711000,29566,62706.81000000,4818749.48719000,0
1771911000000000,76.52000000,76.77000000,76.33000000,76.64000000,62121.52000000,1771912799999999,4755965.71580000,20903,31706.97500000,2427584.00314000,0
1771912800000000,76.63000000,76.93000000,76.38000000,76.80000000,47680.44000000,1771914599999999,3656505.47612000,19644,25786.68200000,1977363.27231000,0
1771914600000000,76.79000000,76.94000000,76.44000000,76.58000000,79354.55100000,1771916399999999,6083222.28143000,18536,44379.04200000,3401641.59525000,0
1771916400000000,76.59000000,77.22000000,76.50000000,77.17000000,103385.85100000,1771918199999999,7960406.39701000,25160,43308.19000000,3333578.89414000,0
1771918200000000,77.17000000,77.20000000,76.61000000,76.84000000,73296.32800000,1771919999999999,5631751.73751000,15674,37276.49000000,2863944.79310000,0
1771920000000000,76.85000000,77.01000000,76.50000000,76.94000000,50088.19500000,1771921799999999,3843538.17321000,20065,23454.37300000,1800036.36359000,0
1771921800000000,76.94000000,77.20000000,76.90000000,77.03000000,52340.88300000,1771923599999999,4034360.88523000,15448,36684.41000000,2827800.53828000,0
1771923600000000,77.04000000,77.14000000,76.46000000,76.57000000,44933.41300000,1771925399999999,3450862.34851000,17124,20177.63300000,1549585.35463000,0
1771925400000000,76.56000000,76.73000000,76.00000000,76.65000000,71525.05400000,1771927199999999,5464573.56632000,23805,31553.99100000,2411442.38072000,0
1771927200000000,76.65000000,76.82000000,76.46000000,76.63000000,30527.43200000,1771928999999999,2340227.61604000,14807,13467.55800000,1032515.43580000,0
1771929000000000,76.64000000,76.83000000,76.41000000,76.74000000,32229.66900000,1771930799999999,2469304.84054000,15651,14260.67900000,1092889.93720000,0
1771930800000000,76.75000000,76.92000000,76.64000000,76.69000000,35655.10600000,1771932599999999,2736854.05429000,12420,21035.87500000,1614697.08766000,0
1771932600000000,76.69000000,76.80000000,76.49000000,76.77000000,32766.58500000,1771934399999999,2512016.14927000,11904,15843.20800000,1214583.12814000,0
1771934400000000,76.78000000,77.05000000,76.58000000,77.02000000,39695.61200000,1771936199999999,3049935.02015000,14510,20929.80700000,1608264.13900000,0
1771936200000000,77.01000000,77.04000000,76.51000000,76.59000000,32932.88400000,1771937999999999,2526340.03009000,13688,12302.03500000,943815.88888000,0
1771938000000000,76.60000000,76.80000000,76.42000000,76.45000000,43781.13600000,1771939799999999,3353903.73877000,18381,16945.08500000,1298393.22207000,0
1771939800000000,76.46000000,76.80000000,76.02000000,76.55000000,74017.47200000,1771941599999999,5659409.58766000,31356,32456.65100000,2482118.14291000,0
1771941600000000,76.56000000,76.65000000,76.16000000,76.32000000,68026.31900000,1771943399999999,5194806.18848000,22279,25224.78900000,1926375.83563000,0
1771943400000000,76.32000000,77.42000000,75.63000000,76.86000000,276999.98700000,1771945199999999,21223900.70911000,99938,151099.74700000,11593250.90132000,0
1771945200000000,76.87000000,77.49000000,76.59000000,77.39000000,140065.90000000,1771946999999999,10781309.64200000,63090,80181.09000000,6170212.52494000,0
1771947000000000,77.39000000,77.42000000,76.93000000,77.30000000,63292.71900000,1771948799999999,4886823.72514000,33021,34703.82900000,2679592.14829000,0
1771948800000000,77.30000000,78.25000000,77.23000000,77.83000000,148321.69000000,1771950599999999,11558468.33503000,47096,77942.22500000,6074381.73548000,0
1771950600000000,77.83000000,78.21000000,77.37000000,78.13000000,59938.54800000,1771952399999999,4659584.01716000,32854,32835.24500000,2553390.19827000,0
1771952400000000,78.13000000,78.50000000,78.03000000,78.13000000,99429.90300000,1771954199999999,7784991.80270000,34621,56800.68200000,4447790.33059000,0
1771954200000000,78.12000000,78.21000000,77.80000000,77.98000000,47167.95300000,1771955999999999,3679382.47197000,18976,22836.42100000,1781125.43285000,0
1771956000000000,77.97000000,78.34000000,77.56000000,78.01000000,63818.47900000,1771957799999999,4973375.60096000,19274,28248.25600000,2199932.02233000,0
1771957800000000,78.00000000,78.33000000,77.94000000,78.20000000,32317.42100000,1771959599999999,2526773.24907000,14406,13474.23300000,1053488.84439000,0
1771959600000000,78.20000000,78.51000000,77.89000000,78.22000000,71044.95300000,1771961399999999,5558817.18008000,21992,34434.72300000,2694440.22489000,0
1771961400000000,78.22000000,78.42000000,78.14000000,78.38000000,33401.10600000,1771963199999999,2615835.23611000,15007,18573.16900000,1454515.68874000,0
1771963200000000,78.38000000,78.84000000,78.32000000,78.76000000,70400.04800000,1771964999999999,5532941.96447000,24718,37973.81400000,2984661.79377000,0
1771965000000000,78.77000000,78.90000000,78.58000000,78.67000000,35486.45100000,1771966799999999,2793506.14863000,19127,16168.49300000,1272837.23359000,0
1771966800000000,78.66000000,78.67000000,78.12000000,78.28000000,64098.05200000,1771968599999999,5022745.16188000,19020,22950.05800000,1798082.70366000,0
1771968600000000,78.28000000,78.73000000,78.20000000,78.55000000,31895.74200000,1771970399999999,2499922.96895000,12439,15703.83700000,1230742.40909000,0
1771970400000000,78.54000000,79.37000000,78.44000000,79.04000000,59592.54100000,1771972199999999,4708790.32145000,20147,32972.28800000,2605575.04192000,0
1771972200000000,79.04000000,79.09000000,78.77000000,79.08000000,22292.98300000,1771973999999999,1759968.42822000,11174,10398.90900000,820876.99648000,0
1771974000000000,79.08000000,79.44000000,78.66000000,79.44000000,141498.08300000,1771975799999999,11185589.21692000,21405,77633.63600000,6137723.04402000,0
1771975800000000,79.44000000,79.62000000,78.91000000,78.99000000,79750.53600000,1771977599999999,6332045.28247000,16708,38831.77000000,3082470.50840000,0
1771977600000000,78.99000000,79.04000000,78.73000000,78.77000000,52309.29700000,1771979399999999,4129702.77604000,15284,23396.24100000,1846817.64668000,0
1771979400000000,78.78000000,79.44000000,78.76000000,79.21000000,29516.65100000,1771981199999999,2336788.73453000,16594,15860.86500000,1255192.64352000,0
1771981200000000,79.20000000,82.57000000,79.11000000,81.99000000,375475.95900000,1771982999999999,30510191.50558000,138718,182867.16300000,14832703.73469000,0
1771983000000000,82.00000000,82.37000000,81.60000000,82.00000000,132646.88700000,1771984799999999,10883108.71397000,50243,66213.10000000,5434649.38009000,0
1771984800000000,81.99000000,82.99000000,81.98000000,82.39000000,132191.56500000,1771986599999999,10908054.21353000,57939,70098.17900000,5784441.94290000,0
1771986600000000,82.40000000,82.71000000,82.02000000,82.45000000,141767.64200000,1771988399999999,11690649.48184000,33436,92786.42300000,7657116.43370000,0
1771988400000000,82.46000000,82.58000000,81.72000000,81.81000000,69357.82600000,1771990199999999,5690791.53439000,31077,28913.56100000,2373538.05051000,0
1771990200000000,81.81000000,82.07000000,81.61000000,81.75000000,73988.14000000,1771991999999999,6053584.96590000,29628,31460.57100000,2574394.96893000,0
1771992000000000,81.75000000,82.23000000,81.28000000,82.22000000,95466.71900000,1771993799999999,7806295.63482000,30186,56819.90700000,4647542.56803000,0
1771993800000000,82.22000000,82.43000000,81.92000000,81.96000000,45417.96600000,1771995599999999,3732424.45366000,17597,21735.30000000,1785936.56172000,0
1771995600000000,81.96000000,82.17000000,81.45000000,81.50000000,83828.80600000,1771997399999999,6861590.35871000,20472,37339.34200000,3055166.06378000,0
1771997400000000,81.50000000,81.60000000,80.98000000,81.30000000,89122.30600000,1771999199999999,7241279.19463000,29325,44863.50100000,3645560.19702000,0
1771999200000000,81.31000000,81.90000000,81.16000000,81.69000000,49596.61200000,1772000999999999,4042294.69994000,16533,28008.86800000,2284262.96807000,0
1772001000000000,81.69000000,81.84000000,81.43000000,81.57000000,24553.26400000,1772002799999999,2004692.66695000,14704,10126.72900000,826984.73544000,0
1772002800000000,81.58000000,82.41000000,81.49000000,82.16000000,80051.28900000,1772004599999999,6567639.89211000,25057,42322.38000000,3473582.46411000,0
1772004600000000,82.17000000,82.41000000,81.97000000,82.19000000,54268.86200000,1772006399999999,4463103.29318000,16609,27042.59100000,2224922.45199000,0
1772006400000000,82.19000000,82.50000000,81.93000000,82.38000000,46959.89300000,1772008199999999,3862546.91129000,20694,23205.33600000,1909374.04366000,0
1772008200000000,82.39000000,82.57000000,82.23000000,82.48000000,49751.54600000,1772009999999999,4098363.14930000,20289,27857.82300000,2295003.76063000,0
1772010000000000,82.48000000,82.70000000,82.36000000,82.43000000,67309.16100000,1772011799999999,5554403.49587000,22032,33651.98600000,2777353.17684000,0
1772011800000000,82.43000000,82.64000000,82.22000000,82.54000000,41202.16000000,1772013599999999,3395655.10720000,16258,18935.35200000,1560658.25262000,0
1772013600000000,82.55000000,82.95000000,82.50000000,82.61000000,64626.85600000,1772015399999999,5343638.35525000,25043,34191.66100000,2827244.40868000,0
1772015400000000,82.62000000,82.87000000,82.45000000,82.55000000,28755.60900000,1772017199999999,2377417.30385000,14293,14553.61400000,1203530.07345000,0
1772017200000000,82.55000000,82.92000000,82.32000000,82.86000000,37474.99800000,1772018999999999,3096241.44743000,18441,17060.59600000,1409868.53443000,0
1772019000000000,82.87000000,83.42000000,82.82000000,83.39000000,94714.72700000,1772020799999999,7869934.31446000,24167,61604.33500000,5118957.25684000,0
1772020800000000,83.38000000,83.49000000,82.89000000,83.33000000,92633.17500000,1772022599999999,7710491.95881000,31826,54672.32000000,4550572.13028000,0
1772022600000000,83.32000000,84.09000000,83.24000000,83.68000000,162158.18300000,1772024399999999,13561015.51963000,40749,71926.96200000,6019705.43022000,0
1772024400000000,83.68000000,83.93000000,83.40000000,83.82000000,99126.39800000,1772026199999999,8295750.89508000,34561,58634.57400000,4907560.00391000,0
1772026200000000,83.82000000,84.44000000,83.73000000,83.82000000,100462.96900000,1772027999999999,8444757.57403000,35032,59231.82400000,4979324.09134000,0
1772028000000000,83.83000000,84.68000000,83.80000000,84.38000000,129383.50200000,1772029799999999,10904565.12372000,38990,77952.96000000,6568950.38429000,0
1772029800000000,84.38000000,85.80000000,83.98000000,85.64000000,258740.00100000,1772031599999999,21954074.59631000,104231,136722.65900000,11603216.99597000,0
1772031600000000,85.63000000,86.07000000,85.02000000,85.42000000,215172.34900000,1772033399999999,18397883.44405000,83060,107097.66300000,9160439.33531000,0
1772033400000000,85.42000000,86.46000000,85.24000000,85.98000000,193838.10200000,1772035199999999,16669092.00543000,75505,106598.18000000,9168008.81469000,0
1772035200000000,85.98000000,87.65000000,85.97000000,87.19000000,230446.18200000,1772036999999999,19993452.22351000,76527,118907.14100000,10316071.35048000,0
1772037000000000,87.19000000,87.69000000,86.92000000,87.55000000,134870.35600000,1772038799999999,11780919.72084000,55516,70838.57600000,6189185.45612000,0
1772038800000000,87.54000000,88.60000000,87.39000000,88.31000000,213885.07100000,1772040599999999,18832865.68864000,73384,121694.78500000,10715693.24151000,0
1772040600000000,88.32000000,88.94000000,88.02000000,88.56000000,142291.25400000,1772042399999999,12598613.49195000,58245,79608.65500000,7049473.82046000,0
1772042400000000,88.55000000,88.97000000,88.00000000,88.81000000,119132.14900000,1772044199999999,10528906.30700000,52483,59504.55500000,5261718.46171000,0
1772044200000000,88.81000000,89.18000000,88.55000000,88.94000000,104678.12300000,1772045999999999,9307498.31844000,44943,56525.19900000,5026342.51787000,0
1772046000000000,88.94000000,89.40000000,88.35000000,89.02000000,142047.28000000,1772047799999999,12615244.01546000,52395,75089.55800000,6669423.76434000,0
1772047800000000,89.02000000,89.65000000,88.79000000,89.43000000,74013.93300000,1772049599999999,6607367.69542000,33895,40983.78800000,3659703.25304000,0
1772049600000000,89.43000000,89.62000000,88.99000000,89.03000000,90942.43000000,1772051399999999,8113172.04473000,33949,38602.33200000,3444155.12679000,0
1772051400000000,89.03000000,90.13000000,88.97000000,89.39000000,151013.84600000,1772053199999999,13534452.63077000,52794,89659.91300000,8035714.87371000,0
1772053200000000,89.38000000,89.94000000,89.37000000,89.65000000,62734.94000000,1772054999999999,5625996.37275000,31398,32317.65100000,2897756.13627000,0
1772055000000000,89.65000000,92.10000000,89.60000000,89.85000000,352214.29900000,1772056799999999,31945405.58726000,122322,187547.49100000,17014706.16974000,0
1772056800000000,89.85000000,90.53000000,89.66000000,89.76000000,108845.20900000,1772058599999999,9813727.15751000,45262,67976.25900000,6129708.38939000,0
1772058600000000,89.75000000,90.11000000,88.38000000,89.10000000,190353.07600000,1772060399999999,16963242.52392000,70667,84257.43800000,7511974.14698000,0
1772060400000000,89.09000000,89.34000000,88.42000000,88.45000000,95449.64200000,1772062199999999,8481595.17336000,47182,42928.04800000,3814845.78216000,0
1772062200000000,88.45000000,88.50000000,87.07000000,88.06000000,207962.20500000,1772063999999999,18232786.93124000,76678,108148.27700000,9476709.95719000,0
1772064000000000,88.05000000,89.27000000,87.84000000,88.96000000,135391.95700000,1772065799999999,11982550.64936000,66661,88244.13900000,7806431.88841000,0
1772065800000000,88.96000000,89.24000000,88.18000000,88.58000000,273934.33600000,1772067599999999,24262429.58779000,43657,161243.82300000,14275715.59260000,0
1772067600000000,88.59000000,89.15000000,88.39000000,88.72000000,63670.78500000,1772069399999999,5658413.03216000,33041,32827.78800000,2917595.62323000,0
1772069400000000,88.72000000,88.96000000,88.21000000,88.42000000,70940.79700000,1772071199999999,6277624.67551000,28646,34119.06700000,3019553.60289000,0
1772071200000000,88.42000000,88.49000000,87.53000000,87.66000000,116913.11900000,1772072999999999,10270832.57857000,39837,59066.26600000,5190775.98443000,0
1772073000000000,87.65000000,88.38000000,87.65000000,88.20000000,70698.08800000,1772074799999999,6227638.07785000,28823,42399.64600000,3734171.02313000,0
1772074800000000,88.20000000,88.37000000,87.78000000,87.88000000,41457.81400000,1772076599999999,3648553.28976000,18828,19839.84400000,1746061.44970000,0
1772076600000000,87.89000000,88.26000000,87.80000000,87.95000000,36189.77000000,1772078399999999,3185005.27159000,16982,15861.72200000,1396080.60260000,0
1772078400000000,87.95000000,88.58000000,87.84000000,88.38000000,43238.14600000,1772080199999999,3817868.78926000,23805,18439.52100000,1627683.42672000,0
1772080200000000,88.37000000,89.05000000,88.35000000,88.74000000,40200.05000000,1772081999999999,3569497.38466000,22341,21704.49400000,1927332.96454000,0
1772082000000000,88.74000000,88.74000000,87.22000000,87.52000000,100401.89100000,1772083799999999,8804337.23125000,39707,37595.99700000,3294966.71195000,0
1772083800000000,87.52000000,87.93000000,87.35000000,87.76000000,35947.04900000,1772085599999999,3152070.48348000,18562,19160.04400000,1679640.50669000,0
1772085600000000,87.76000000,88.01000000,87.48000000,87.61000000,50495.09200000,1772087399999999,4432265.96995000,19987,20545.46600000,1803487.94340000,0
1772087400000000,87.61000000,87.76000000,87.32000000,87.65000000,72970.42000000,1772089199999999,6388644.30999000,18644,25165.15600000,2204118.05740000,0
1772089200000000,87.65000000,87.89000000,87.58000000,87.74000000,47270.53600000,1772090999999999,4147367.53221000,13539,19343.29800000,1697138.83434000,0
1772091000000000,87.74000000,87.78000000,87.23000000,87.24000000,70339.76600000,1772092799999999,6150174.58381000,19815,18920.90300000,1654419.50791000,0
1772092800000000,87.24000000,87.90000000,87.24000000,87.57000000,62821.99900000,1772094599999999,5498299.45612000,23096,31140.67500000,2725758.47319000,0
1772094600000000,87.57000000,87.73000000,87.28000000,87.31000000,41583.50400000,1772096399999999,3639995.55256000,15965,20427.05700000,1788136.41235000,0
1772096400000000,87.30000000,88.71000000,87.22000000,87.97000000,85563.55000000,1772098199999999,7533492.20925000,24889,48423.97200000,4261927.03045000,0
1772098200000000,87.96000000,88.43000000,87.88000000,88.32000000,45193.94900000,1772099999999999,3989080.25908000,18493,26861.28000000,2371214.47567000,0
1772100000000000,88.32000000,88.58000000,87.66000000,87.66000000,50529.92900000,1772101799999999,4451038.05056000,20046,21650.34200000,1907450.82818000,0
1772101800000000,87.66000000,87.75000000,87.29000000,87.48000000,46251.71800000,1772103599999999,4048800.06047000,17732,21952.92600000,1921874.86040000,0
1772103600000000,87.48000000,87.63000000,86.67000000,86.88000000,85760.21900000,1772105399999999,7463003.98347000,26899,33800.29100000,2941191.19876000,0
1772105400000000,86.88000000,87.02000000,86.60000000,86.82000000,48673.57200000,1772107199999999,4223902.39900000,16688,23114.06200000,2005572.44048000,0
1772107200000000,86.82000000,87.48000000,86.72000000,87.34000000,35554.78800000,1772108999999999,3098025.18550000,17669,21480.30000000,1871521.56564000,0
1772109000000000,87.35000000,87.78000000,87.27000000,87.70000000,31736.26600000,1772110799999999,2778251.13944000,15780,17605.97100000,1540945.41860000,0
1772110800000000,87.70000000,87.84000000,87.51000000,87.81000000,27674.24200000,1772112599999999,2426584.28566000,16148,12583.99800000,1103542.45889000,0
1772112600000000,87.80000000,88.08000000,87.49000000,87.62000000,52751.41200000,1772114399999999,4628441.95504000,17873,21203.85200000,1860981.86372000,0
1772114400000000,87.63000000,88.05000000,87.27000000,87.80000000,51829.94300000,1772116199999999,4543852.96967000,25046,25883.73600000,2270276.67480000,0
1772116200000000,87.79000000,88.26000000,86.27000000,87.02000000,140040.64100000,1772117999999999,12200405.98091000,94416,70803.26400000,6167672.74887000,0
1772118000000000,87.01000000,87.10000000,85.55000000,85.79000000,159853.13700000,1772119799999999,13760636.58069000,81892,65316.94400000,5617803.46537000,0
1772119800000000,85.79000000,86.87000000,85.27000000,86.56000000,122518.31300000,1772121599999999,10550284.50199000,71708,66803.04800000,5753537.95734000,0
1772121600000000,86.57000000,86.75000000,86.00000000,86.55000000,70334.40300000,1772123399999999,6075578.62137000,45020,34672.51900000,2994429.03430000,0
1772123400000000,86.55000000,86.60000000,84.34000000,84.58000000,236478.67200000,1772125199999999,20101808.49588000,73978,105725.72800000,8989514.30371000,0
1772125200000000,84.58000000,85.35000000,84.51000000,85.10000000,96125.55600000,1772126999999999,8175031.33106000,46740,45992.64800000,3912218.66679000,0
1772127000000000,85.10000000,85.30000000,84.80000000,84.90000000,48506.55400000,1772128799999999,4126431.24666000,25576,20315.00000000,1728324.50489000,0
1772128800000000,84.91000000,85.12000000,84.47000000,84.79000000,62239.44800000,1772130599999999,5277390.95479000,33874,35102.47200000,2976490.11365000,0
1772130600000000,84.78000000,85.70000000,84.76000000,85.38000000,74650.71500000,1772132399999999,6370458.69021000,29374,49137.20000000,4192653.10689000,0
1772132400000000,85.38000000,86.46000000,85.34000000,86.07000000,94052.95400000,1772134199999999,8095465.14746000,32626,53321.41800000,4587115.61792000,0
1772134200000000,86.06000000,86.68000000,85.79000000,86.47000000,54931.58800000,1772135999999999,4738782.74226000,21483,32572.67200000,2811002.46155000,0
1772136000000000,86.47000000,86.87000000,86.36000000,86.38000000,44525.97600000,1772137799999999,3857549.32940000,19894,22414.43000000,1942273.37588000,0
1772137800000000,86.39000000,86.42000000,85.85000000,86.03000000,43441.33900000,1772139599999999,3739805.38362000,17758,17196.44500000,1480390.68550000,0
1772139600000000,86.02000000,86.26000000,85.73000000,86.24000000,35930.21500000,1772141399999999,3090814.12910000,16728,18820.62500000,1619064.15008000,0
1772141400000000,86.25000000,86.29000000,85.90000000,85.94000000,29914.45500000,1772143199999999,2575399.20265000,13050,14235.76600000,1225648.99144000,0
1772143200000000,85.94000000,86.19000000,85.80000000,85.94000000,16816.42900000,1772144999999999,1446066.31564000,8528,8082.49500000,695235.52387000,0
1772145000000000,85.94000000,86.39000000,85.90000000,86.15000000,42571.73600000,1772146799999999,3668224.38006000,12876,30763.75800000,2651208.43748000,0
1772146800000000,86.14000000,86.15000000,85.80000000,86.01000000,21285.43600000,1772148599999999,1829951.00699000,14620,10628.39700000,913662.50108000,0
1772148600000000,86.00000000,86.07000000,85.77000000,85.91000000,26688.70500000,1772150399999999,2293233.94873000,11701,10434.40600000,896495.08448000,0
1772150400000000,85.91000000,86.04000000,85.51000000,85.71000000,25698.33200000,1772152199999999,2204770.08511000,16584,12394.45800000,1063522.96236000,0
1772152200000000,85.71000000,85.86000000,85.19000000,85.83000000,40201.59500000,1772153999999999,3437954.41948000,19182,18437.69800000,1576775.60097000,0
1772154000000000,85.83000000,85.87000000,85.30000000,85.60000000,42694.39300000,1772155799999999,3651110.57081000,19867,17685.48700000,1512829.27926000,0
1772155800000000,85.61000000,86.15000000,85.52000000,86.15000000,62262.19100000,1772157599999999,5344254.10159000,27115,32872.68600000,2821759.00820000,0
1772157600000000,86.14000000,86.44000000,85.94000000,86.29000000,30608.93600000,1772159399999999,2638562.29290000,15710,19361.35800000,1668919.61304000,0
1772159400000000,86.30000000,86.79000000,86.29000000,86.58000000,37636.22000000,1772161199999999,3260638.59654000,17579,23841.29400000,2065431.60374000,0
1772161200000000,86.58000000,86.67000000,86.36000000,86.39000000,18534.03200000,1772162999999999,1603261.10617000,11385,10241.16600000,885842.99567000,0
1772163000000000,86.39000000,87.82000000,86.35000000,87.63000000,73920.32000000,1772164799999999,6453012.24033000,26008,41009.63800000,3576208.54506000,0
1772164800000000,87.63000000,88.29000000,87.48000000,87.98000000,84703.25700000,1772166599999999,7443853.09637000,34870,51005.02000000,4482507.80324000,0
1772166600000000,87.98000000,87.99000000,87.48000000,87.56000000,52296.24700000,1772168399999999,4587279.59559000,20331,19282.77800000,1691188.22821000,0
1772168400000000,87.55000000,87.85000000,87.40000000,87.54000000,28179.37500000,1772170199999999,2469527.42473000,15409,12400.94500000,1086815.72031000,0
1772170200000000,87.53000000,87.86000000,87.40000000,87.54000000,21823.35000000,1772171999999999,1911740.78371000,10643,13194.40200000,1155899.38674000,0
1772172000000000,87.54000000,87.62000000,86.85000000,87.09000000,38292.16700000,1772173799999999,3338025.48293000,18359,17085.45700000,1489489.85779000,0
1772173800000000,87.09000000,87.52000000,87.04000000,87.34000000,37769.88700000,1772175599999999,3298299.82761000,14320,18824.53300000,1643804.09907000,0
1772175600000000,87.34000000,87.43000000,87.01000000,87.05000000,24977.43300000,1772177399999999,2177597.69967000,11663,9628.08800000,839532.58855000,0
1772177400000000,87.06000000,87.43000000,86.81000000,87.31000000,83613.14700000,1772179199999999,7284334.28205000,20311,28090.59100000,2447578.58454000,0
1772179200000000,87.31000000,87.93000000,87.29000000,87.67000000,58455.63900000,1772180999999999,5122462.89323000,19260,34610.49100000,3033197.90898000,0
1772181000000000,87.67000000,87.88000000,87.22000000,87.57000000,42114.64300000,1772182799999999,3685866.60596000,14195,26246.25700000,2297041.44380000,0
1772182800000000,87.58000000,87.82000000,87.35000000,87.43000000,43921.16300000,1772184599999999,3847058.75580000,16293,20131.02200000,1763510.46206000,0
1772184600000000,87.42000000,87.50000000,86.23000000,86.33000000,84065.18500000,1772186399999999,7289150.26607000,28556,30446.57800000,2641027.06946000,0
1772186400000000,86.33000000,86.49000000,85.12000000,85.22000000,114319.61500000,1772188199999999,9787044.11967000,43356,49977.93900000,4277343.40861000,0
1772188200000000,85.22000000,85.54000000,84.57000000,84.71000000,75991.04700000,1772189999999999,6462509.55143000,26818,34952.63700000,2972502.91449000,0
1772190000000000,84.71000000,84.96000000,84.19000000,84.48000000,83582.10800000,1772191799999999,7067203.55384000,32602,35694.95100000,3018254.15370000,0
1772191800000000,84.47000000,84.50000000,83.35000000,83.59000000,129377.31300000,1772193599999999,10837247.67702000,45666,52569.40700000,4401996.23946000,0
1772193600000000,83.59000000,83.76000000,83.14000000,83.29000000,84268.08300000,1772195399999999,7031503.63407000,34663,48385.24100000,4037556.74445000,0
1772195400000000,83.30000000,83.37000000,82.66000000,83.12000000,98458.36700000,1772197199999999,8169915.46098000,33301,51889.43900000,4306452.79646000,0
1772197200000000,83.12000000,83.57000000,82.75000000,82.94000000,73847.46100000,1772198999999999,6138157.86873000,27434,36144.41300000,3004919.63058000,0
1772199000000000,82.93000000,83.29000000,81.95000000,83.08000000,188679.92800000,1772200799999999,15582615.82336000,58167,93022.54200000,7686372.12504000,0
1772200800000000,83.07000000,83.15000000,82.40000000,82.68000000,87620.43700000,1772202599999999,7257010.34642000,35119,45796.10200000,3793114.17196000,0
1772202600000000,82.67000000,83.36000000,82.09000000,82.39000000,145581.44400000,1772204399999999,12027085.66531000,74301,79482.64600000,6567553.76977000,0
1772204400000000,82.38000000,83.07000000,82.31000000,82.86000000,161199.93000000,1772206199999999,13346906.11554000,61612,69952.99400000,5790679.43725000,0
1772206200000000,82.87000000,83.04000000,82.44000000,82.70000000,77890.70100000,1772207999999999,6443932.44197000,39762,36823.09400000,3046385.68521000,0
1772208000000000,82.70000000,82.70000000,82.01000000,82.24000000,84152.17500000,1772209799999999,6920362.41588000,35377,35450.13000000,2915480.07253000,0
1772209800000000,82.23000000,82.30000000,81.32000000,81.37000000,98068.24200000,1772211599999999,8009315.83241000,39028,47314.76400000,3863659.98155000,0
1772211600000000,81.37000000,81.79000000,81.26000000,81.33000000,94313.00000000,1772213399999999,7686979.12161000,36248,43925.37000000,3580158.08132000,0
1772213400000000,81.34000000,81.90000000,81.11000000,81.84000000,136583.95300000,1772215199999999,11125306.85549000,52100,75007.51800000,6111642.18035000,0
1772215200000000,81.84000000,81.98000000,81.39000000,81.78000000,109982.82200000,1772216999999999,8977814.71073000,40808,34146.89200000,2787534.37374000,0
1772217000000000,81.79000000,82.03000000,81.41000000,81.48000000,71420.63100000,1772218799999999,5838300.70331000,25463,24412.44100000,1995512.65118000,0
1772218800000000,81.48000000,81.72000000,81.13000000,81.56000000,36747.80700000,1772220599999999,2992522.69100000,17586,22085.85200000,1798741.97688000,0
1772220600000000,81.55000000,81.62000000,81.28000000,81.57000000,24300.06000000,1772222399999999,1980780.60090000,12632,13346.77200000,1088003.54148000,0
1772222400000000,81.57000000,81.87000000,81.54000000,81.67000000,34595.18200000,1772224199999999,2827285.09635000,14370,19467.34400000,1590918.20634000,0
1772224200000000,81.67000000,81.75000000,81.22000000,81.45000000,71515.30400000,1772225999999999,5827089.65716000,17344,37086.87000000,3023167.24809000,0
1772226000000000,81.45000000,81.82000000,81.38000000,81.56000000,40089.65100000,1772227799999999,3271184.51436000,15761,26269.74000000,2143745.97811000,0
1772227800000000,81.56000000,81.58000000,80.84000000,81.20000000,63490.66400000,1772229599999999,5155862.27704000,14055,24146.42100000,1961410.83063000,0
1772229600000000,81.20000000,81.39000000,81.03000000,81.14000000,31781.83700000,1772231399999999,2581629.24765000,11188,14132.32900000,1147806.59396000,0
1772231400000000,81.13000000,81.60000000,80.32000000,81.43000000,128626.30100000,1772233199999999,10436499.67653000,36696,45206.20200000,3665910.74006000,0
1772233200000000,81.43000000,81.76000000,81.35000000,81.69000000,44602.56000000,1772234999999999,3639802.49420000,14623,25137.75200000,2051139.24408000,0
1772235000000000,81.68000000,82.11000000,81.62000000,81.85000000,47645.22400000,1772236799999999,3901771.03544000,17116,29471.78800000,2413501.36879000,0
1772236800000000,81.84000000,82.12000000,81.59000000,81.68000000,40351.20100000,1772238599999999,3304744.43493000,17195,22652.90000000,1855513.64364000,0
1772238600000000,81.68000000,82.16000000,81.62000000,82.12000000,27797.47600000,1772240399999999,2277965.94548000,9823,12218.05100000,1001398.03313000,0
1772240400000000,82.12000000,82.27000000,81.93000000,81.98000000,36169.55100000,1772242199999999,2970238.09551000,16178,19619.36500000,1611282.79348000,0
1772242200000000,81.97000000,82.01000000,81.73000000,81.78000000,16464.83300000,1772243999999999,1348090.50891000,10887,7812.95500000,639634.26193000,0
1772244000000000,81.78000000,82.20000000,81.71000000,82.07000000,19432.36500000,1772245799999999,1593005.21693000,10240,9714.43800000,796429.21131000,0
1772245800000000,82.07000000,82.20000000,82.03000000,82.15000000,16670.52800000,1772247599999999,1368910.61346000,8146,6707.71700000,550847.27005000,0
1772247600000000,82.15000000,82.15000000,81.92000000,81.95000000,15318.79500000,1772249399999999,1256205.19264000,8295,7341.26100000,601969.67674000,0
1772249400000000,81.96000000,81.98000000,81.55000000,81.74000000,23314.70200000,1772251199999999,1905254.99356000,9913,11566.60200000,945008.48440000,0
1772251200000000,81.75000000,81.90000000,81.56000000,81.57000000,20285.93100000,1772252999999999,1658534.10847000,8925,8971.70400000,733644.29619000,0
1772253000000000,81.58000000,81.78000000,81.21000000,81.65000000,19858.09500000,1772254799999999,1618940.98556000,10962,7309.24300000,596167.46391000,0
1772254800000000,81.65000000,81.82000000,81.60000000,81.61000000,7056.84200000,1772256599999999,576603.50900000,5338,3489.13800000,285124.82828000,0
1772256600000000,81.61000000,81.61000000,81.29000000,81.56000000,23504.77200000,1772258399999999,1914030.67995000,9637,11795.25900000,960558.72998000,0
1772258400000000,81.56000000,81.56000000,79.13000000,79.70000000,259145.47100000,1772260199999999,20768561.12010000,80661,108882.83700000,8709181.71209000,0
1772260200000000,79.70000000,79.73000000,77.12000000,77.56000000,367607.43400000,1772261999999999,28802846.24055000,167301,165087.94900000,12930403.03076000,0
1772262000000000,77.56000000,78.78000000,77.14000000,78.01000000,269232.92700000,1772263799999999,21035085.39581000,99222,150663.40300000,11767927.63927000,0
1772263800000000,78.01000000,79.62000000,77.90000000,78.71000000,192273.56200000,1772265599999999,15178817.63068000,63744,105254.56600000,8307973.02260000,0
1772265600000000,78.70000000,78.72000000,77.96000000,78.30000000,108554.78700000,1772267399999999,8509529.99377000,42439,46347.86000000,3634417.16581000,0
1772267400000000,78.30000000,78.52000000,77.85000000,78.02000000,67334.44400000,1772269199999999,5264100.05457000,29285,26653.49700000,2084495.52805000,0
1772269200000000,78.01000000,78.73000000,77.74000000,78.60000000,219997.92000000,1772270999999999,17247059.16874000,39781,100524.78900000,7878307.96212000,0
1772271000000000,78.60000000,78.61000000,78.16000000,78.42000000,70913.91600000,1772272799999999,5560679.90978000,26754,35470.29200000,2781546.05293000,0
1772272800000000,78.41000000,78.60000000,77.96000000,78.47000000,180834.13300000,1772274599999999,14134300.76645000,28881,85997.48400000,6720364.03433000,0
1772274600000000,78.48000000,79.18000000,78.46000000,79.12000000,193774.20700000,1772276399999999,15311358.48813000,30365,87419.82700000,6904264.78966000,0
1772276400000000,79.11000000,79.51000000,79.07000000,79.41000000,122551.94600000,1772278199999999,9719651.16012000,27683,52229.32500000,4141971.67272000,0
1772278200000000,79.41000000,79.60000000,78.67000000,78.78000000,112256.34700000,1772279999999999,8894810.69808000,24574,43631.50500000,3452617.89319000,0
1772280000000000,78.78000000,79.22000000,78.71000000,79.03000000,51258.72800000,1772281799999999,4049635.04007000,18287,29673.58500000,2344450.67032000,0
1772281800000000,79.03000000,79.12000000,78.59000000,78.94000000,79775.03400000,1772283599999999,6283975.01012000,13025,37044.66000000,2918520.71513000,0
1772283600000000,78.94000000,79.43000000,78.80000000,78.90000000,84249.14500000,1772285399999999,6661434.68203000,17119,31645.46100000,2501768.27812000,0
1772285400000000,78.89000000,80.98000000,78.69000000,80.81000000,241506.33600000,1772287199999999,19383394.98579000,81024,135271.20000000,10853061.70289000,0
1772287200000000,80.82000000,81.51000000,80.26000000,80.63000000,166150.89100000,1772288999999999,13427690.67872000,73563,83566.68600000,6756800.26783000,0
1772289000000000,80.63000000,81.38000000,80.05000000,80.25000000,177324.93400000,1772290799999999,14321774.19550000,58204,83641.77500000,6760087.34987000,0
1772290800000000,80.25000000,81.11000000,79.62000000,80.78000000,111774.84500000,1772292599999999,8980638.33192000,41902,66884.69500000,5377277.06575000,0
1772292600000000,80.78000000,81.05000000,80.55000000,80.92000000,59996.75000000,1772294399999999,4847048.86446000,24708,27979.07900000,2261267.84809000,0
1772294400000000,80.91000000,81.03000000,80.50000000,80.94000000,45692.94400000,1772296199999999,3693885.51180000,22369,25631.41200000,2072089.27882000,0
1772296200000000,80.95000000,81.33000000,80.65000000,81.07000000,49339.24700000,1772297999999999,3994426.19114000,22926,25717.55900000,2082655.24148000,0
1772298000000000,81.08000000,81.17000000,80.88000000,81.15000000,39526.08500000,1772299799999999,3202040.81703000,16068,19779.38300000,1602483.37764000,0
1772299800000000,81.15000000,81.53000000,80.58000000,81.38000000,79498.30000000,1772301599999999,6441796.57170000,21614,34712.53800000,2813936.72298000,0
1772301600000000,81.38000000,81.50000000,81.10000000,81.16000000,49334.22800000,1772303399999999,4009875.97838000,16043,25879.23600000,2103335.28605000,0
1772303400000000,81.16000000,82.91000000,81.16000000,82.36000000,163475.51500000,1772305199999999,13436359.18110000,50926,103103.64200000,8473403.94457000,0
1772305200000000,82.35000000,82.40000000,81.45000000,81.53000000,74146.51800000,1772306999999999,6073161.20963000,29098,34325.04000000,2810469.36081000,0
1772307000000000,81.53000000,82.80000000,81.52000000,82.21000000,111159.49800000,1772308799999999,9147333.63050000,45504,56267.91700000,4630713.85118000,0
1772308800000000,82.22000000,83.75000000,81.97000000,83.41000000,131275.55900000,1772310599999999,10896650.75989000,50050,74300.70400000,6168156.42171000,0
1772310600000000,83.41000000,85.05000000,83.13000000,84.88000000,161420.99200000,1772312399999999,13602691.74696000,65458,83940.68400000,7074179.70840000,0
1772312400000000,84.89000000,85.02000000,83.58000000,84.17000000,101119.71100000,1772314199999999,8501713.15094000,44075,45024.97100000,3784523.25851000,0
1772314200000000,84.17000000,85.05000000,84.08000000,84.49000000,77781.01800000,1772315999999999,6575948.17160000,37120,37255.05200000,3150802.24524000,0
1772316000000000,84.49000000,84.97000000,84.47000000,84.69000000,50960.67900000,1772317799999999,4315296.45706000,29570,24937.87900000,2111657.12396000,0
1772317800000000,84.69000000,85.65000000,84.25000000,84.29000000,113317.79100000,1772319599999999,9624258.93576000,50309,56552.80500000,4805260.21857000,0
1772319600000000,84.29000000,84.74000000,84.14000000,84.17000000,43716.08900000,1772321399999999,3689715.46350000,19557,19000.71700000,1603782.88428000,0
1772321400000000,84.17000000,84.47000000,83.92000000,84.35000000,43196.85700000,1772323199999999,3638032.83510000,17675,17445.02200000,1469539.36738000,0
