time,open,high,low,close,volume
1782864000000,73.63,73.71,73.52,73.69,35316.5
1782864900000,73.69,73.79,73.32,73.48,62885.8
1782865800000,73.48,73.84,73.48,73.59,44777.0
1782866700000,73.59,73.81,73.54,73.61,27224.0
1782867600000,73.61,73.65,72.21,72.84,296818.4
1782868500000,72.84,73.47,72.7,73.23,213919.9
1782869400000,73.23,74.33,73.2,74.17,307132.0
1782870300000,74.17,74.26,73.76,73.93,97301.0
1782871200000,73.93,74.26,73.77,74.12,76944.4
1782872100000,74.12,74.58,74.06,74.47,116213.1
1782873000000,74.47,75.0,74.42,74.98,310019.8
1782873900000,74.98,75.01,74.66,74.76,103094.1
1782874800000,74.76,74.88,74.54,74.63,102605.8
1782875700000,74.63,74.63,74.33,74.52,71075.4
1782876600000,74.52,75.22,74.39,74.78,128375.7
1782877500000,74.78,75.68,74.78,75.45,341616.5
1782878400000,75.45,75.63,75.31,75.36,106203.0
1782879300000,75.36,75.45,75.22,75.4,52317.0
1782880200000,75.4,75.8,75.33,75.57,130445.5
1782881100000,75.57,75.86,75.51,75.55,74656.1
1782882000000,75.55,75.76,75.38,75.47,63304.3
1782882900000,75.47,75.63,75.13,75.15,95713.2
1782883800000,75.15,75.33,75.12,75.33,59015.0
1782884700000,75.33,75.38,75.12,75.21,127160.4
1782885600000,75.21,75.27,74.9,74.99,111912.9
1782886500000,74.99,75.04,74.55,74.73,126384.2
1782887400000,74.73,74.77,73.92,74.24,482419.2
1782888300000,74.24,74.33,73.98,74.28,102334.8
1782889200000,74.28,74.41,74.05,74.4,97636.4
1782890100000,74.4,74.78,74.21,74.55,119094.8
1782891000000,74.55,74.86,74.38,74.68,101361.3
1782891900000,74.68,74.94,74.6,74.85,56027.1
1782892800000,74.85,75.06,74.61,74.81,161008.3
1782893700000,74.81,74.9,74.49,74.63,86319.5
1782894600000,74.63,74.85,74.43,74.84,88867.1
1782895500000,74.84,75.49,74.64,75.41,137813.5
1782896400000,75.41,75.42,75.09,75.12,168603.9
1782897300000,75.12,75.36,75.04,75.15,80752.3
1782898200000,75.15,75.32,75.06,75.16,65079.9
1782899100000,75.16,75.55,74.99,75.41,275948.6
1782900000000,75.41,75.53,75.23,75.28,89625.4
1782900900000,75.28,75.49,75.11,75.31,70542.4
1782901800000,75.31,75.36,74.97,75.02,67539.6
1782902700000,75.02,75.19,74.93,74.95,38164.5
1782903600000,74.95,75.12,74.63,75.1,218228.6
1782904500000,75.1,75.28,74.97,74.99,57540.5
1782905400000,74.99,75.06,74.78,74.91,55398.2
1782906300000,74.91,74.98,74.59,74.78,93693.2
1782907200000,74.78,74.93,74.32,74.43,213786.0
1782908100000,74.43,74.64,74.42,74.56,66300.7
1782909000000,74.56,74.69,74.3,74.45,110765.1
1782909900000,74.45,74.55,74.21,74.54,162559.5
1782910800000,74.54,75.02,74.53,74.9,212048.4
1782911700000,74.9,75.36,74.81,75.3,232438.4
1782912600000,75.3,75.64,74.58,75.46,388314.0
1782913500000,75.46,76.16,75.29,76.0,553645.6
1782914400000,76.0,76.29,75.62,76.28,294002.8
1782915300000,76.28,77.26,76.2,76.66,969916.1
1782916200000,76.66,76.98,76.33,76.85,255990.3
1782917100000,76.85,77.15,76.39,76.95,180610.0
1782918000000,76.95,77.46,76.83,76.98,167462.9
1782918900000,76.98,77.8,76.81,77.53,326723.6
1782919800000,77.53,77.63,77.19,77.41,162924.7
1782920700000,77.41,77.48,77.07,77.4,88781.9
1782921600000,77.4,77.47,77.15,77.26,98692.0
1782922500000,77.26,78.22,77.24,77.75,437282.3
1782923400000,77.75,77.8,77.45,77.65,119993.1
1782924300000,77.65,77.65,76.87,77.14,174920.0
1782925200000,77.14,77.22,76.81,77.21,83918.2
1782926100000,77.21,77.91,77.15,77.7,198371.5
1782927000000,77.7,77.89,77.54,77.62,96585.2
1782927900000,77.62,77.86,77.62,77.72,46099.5
1782928800000,77.72,77.9,77.47,77.72,110711.0
1782929700000,77.72,77.83,77.5,77.58,43038.0
1782930600000,77.58,77.75,77.29,77.71,120816.8
1782931500000,77.71,77.72,77.25,77.38,97199.4
1782932400000,77.38,77.64,77.36,77.5,56046.3
1782933300000,77.5,77.58,77.13,77.2,86292.7
1782934200000,77.2,77.4,77.16,77.3,104484.7
1782935100000,77.3,77.3,76.73,76.96,359308.9
1782936000000,76.96,77.0,76.65,76.81,90797.4
1782936900000,76.81,76.88,76.55,76.83,81768.4
1782937800000,76.83,77.28,76.78,77.18,126499.2
1782938700000,77.18,77.47,77.18,77.39,192291.3
1782939600000,77.39,78.18,77.38,77.84,321247.7
1782940500000,77.84,77.91,77.64,77.79,50119.2
1782941400000,77.79,78.66,77.78,78.18,185482.5
1782942300000,78.18,78.68,78.11,78.37,128801.9
1782943200000,78.37,78.37,78.16,78.25,57588.4
1782944100000,78.25,78.94,78.17,78.19,333099.2
1782945000000,78.19,78.38,77.99,78.02,88170.5
1782945900000,78.02,78.03,77.74,77.83,102672.1
1782946800000,77.83,77.85,77.47,77.51,104240.3
1782947700000,77.51,77.7,77.35,77.66,95517.0
1782948600000,77.66,77.76,77.42,77.49,90362.7
1782949500000,77.49,77.59,77.22,77.41,106732.8
1782950400000,77.41,77.43,77.1,77.29,134839.8
1782951300000,77.29,77.34,77.0,77.15,91805.4
1782952200000,77.15,77.16,76.85,76.95,64372.3
1782953100000,76.95,77.31,76.94,77.22,79443.6
1782954000000,77.22,77.63,77.17,77.58,103114.4
1782954900000,77.58,77.94,77.5,77.92,83098.1
1782955800000,77.92,78.69,77.92,78.27,159355.5
1782956700000,78.27,78.37,77.97,78.16,76319.9
1782957600000,78.16,78.16,77.76,78.01,45741.7
1782958500000,78.01,78.23,78.0,78.15,34342.5
1782959400000,78.15,78.51,78.06,78.48,52015.5
1782960300000,78.48,78.58,78.27,78.39,51563.4
1782961200000,78.39,78.52,78.32,78.42,40665.6
1782962100000,78.42,78.68,77.91,78.42,194784.4
1782963000000,78.42,78.58,78.22,78.49,90012.1
1782963900000,78.49,78.98,78.34,78.68,153033.7
1782964800000,78.68,78.69,78.32,78.47,78349.6
1782965700000,78.47,78.48,78.21,78.26,52558.7
1782966600000,78.26,78.26,78.02,78.16,63203.9
1782967500000,78.16,78.38,78.11,78.24,38154.7
1782968400000,78.24,78.35,78.04,78.25,42741.5
1782969300000,78.25,78.28,78.0,78.01,26709.1
1782970200000,78.01,78.1,77.73,77.81,68393.0
1782971100000,77.81,78.09,77.77,78.06,32581.1
1782972000000,78.06,78.15,77.89,78.03,78095.4
1782972900000,78.03,78.36,77.98,78.19,70064.5
1782973800000,78.19,78.61,78.05,78.09,84617.8
1782974700000,78.09,78.12,77.71,77.85,92960.7
1782975600000,77.85,77.95,77.62,77.76,78567.9
1782976500000,77.76,77.92,77.54,77.69,59750.5
1782977400000,77.69,77.97,77.6,77.95,79121.7
1782978300000,77.95,78.17,77.88,77.96,56224.2
1782979200000,77.96,78.21,77.91,78.1,70193.3
1782980100000,78.1,78.25,78.1,78.15,41619.7
1782981000000,78.15,78.45,78.06,78.36,63530.6
1782981900000,78.36,78.47,78.3,78.42,30617.4
1782982800000,78.42,78.58,78.24,78.39,95742.7
1782983700000,78.39,78.83,78.3,78.78,109056.0
1782984600000,78.78,79.77,78.72,79.44,498691.7
1782985500000,79.44,79.67,79.2,79.44,182639.1
1782986400000,79.44,79.84,79.38,79.65,136624.7
1782987300000,79.65,80.59,79.41,80.2,434620.2
1782988200000,80.2,81.32,80.14,81.02,577369.4
1782989100000,81.02,82.19,80.85,82.06,656484.7
1782990000000,82.06,82.64,81.48,82.26,493654.8
1782990900000,82.26,82.74,81.91,82.51,276767.3
1782991800000,82.51,82.69,82.14,82.4,173084.5
1782992700000,82.4,82.53,81.95,82.35,216767.1
1782993600000,82.35,82.41,82.1,82.24,137064.9
1782994500000,82.24,82.36,81.61,82.01,288351.2
1782995400000,82.01,82.43,81.06,81.18,461739.3
1782996300000,81.18,81.47,81.18,81.36,146221.7
1782997200000,81.36,81.65,81.19,81.42,127406.0
1782998100000,81.42,81.65,80.66,80.91,243912.3
1782999000000,80.91,81.83,80.73,81.75,281775.3
1782999900000,81.75,82.03,81.31,81.48,160710.4
1783000800000,81.48,81.49,81.02,81.25,217542.8
1783001700000,81.25,81.43,80.36,80.53,436564.8
1783002600000,80.53,80.87,80.35,80.49,157222.1
1783003500000,80.49,80.82,80.06,80.49,291137.8
1783004400000,80.49,80.63,80.03,80.32,94660.9
1783005300000,80.32,80.75,80.21,80.63,102489.3
1783006200000,80.63,80.81,80.49,80.71,79964.5
1783007100000,80.71,80.87,80.52,80.81,57584.2
1783008000000,80.81,81.08,80.59,80.96,123444.2
1783008900000,80.96,80.97,80.3,80.47,167878.1
1783009800000,80.47,80.68,80.11,80.21,134586.6
1783010700000,80.21,80.73,80.19,80.51,131978.0
1783011600000,80.51,80.95,80.46,80.89,148470.9
1783012500000,80.89,81.21,80.84,81.07,95010.2
1783013400000,81.07,81.07,80.62,80.83,71804.8
1783014300000,80.83,80.9,80.5,80.58,77659.3
1783015200000,80.58,81.09,80.58,81.05,83008.5
1783016100000,81.05,81.05,80.81,80.91,66265.5
1783017000000,80.91,81.06,80.82,81.02,55264.2
1783017900000,81.02,81.21,80.87,80.97,97985.7
1783018800000,80.97,81.09,80.86,81.06,70540.5
1783019700000,81.06,81.06,80.75,80.82,61444.8
1783020600000,80.82,81.04,80.8,81.04,44444.1
1783021500000,81.04,81.28,80.77,80.77,93898.3
1783022400000,80.77,80.83,80.54,80.75,84263.8
1783023300000,80.75,80.84,80.55,80.6,33742.8
1783024200000,80.6,80.77,80.55,80.74,26044.5
1783025100000,80.74,81.06,80.74,80.98,47010.2
1783026000000,80.98,81.13,80.88,81.03,32616.2
1783026900000,81.03,81.07,80.88,80.88,17413.0
1783027800000,80.88,80.95,80.65,80.69,43250.9
1783028700000,80.69,80.75,80.44,80.74,44303.3
1783029600000,80.74,80.82,80.4,80.43,42858.0
1783030500000,80.43,80.62,80.35,80.61,68672.2
1783031400000,80.61,80.72,80.48,80.49,23084.9
1783032300000,80.49,80.86,80.44,80.61,36739.0
1783033200000,80.61,80.64,80.46,80.5,42290.6
1783034100000,80.5,80.72,80.45,80.65,22264.7
1783035000000,80.65,80.73,80.48,80.6,30855.1
1783035900000,80.6,80.73,80.59,80.68,27843.5
1783036800000,80.68,80.8,80.54,80.69,79867.1
1783037700000,80.69,80.82,80.58,80.6,53864.5
1783038600000,80.6,80.86,80.46,80.8,82254.3
1783039500000,80.8,80.89,80.66,80.71,83999.4
1783040400000,80.71,81.32,80.66,81.2,105669.0
1783041300000,81.2,81.23,80.96,81.13,59700.6
1783042200000,81.13,81.58,81.05,81.43,119954.9
1783043100000,81.43,81.64,81.34,81.44,122097.1
1783044000000,81.44,81.64,81.24,81.24,66453.1
1783044900000,81.24,81.49,81.1,81.1,47716.8
1783045800000,81.1,81.12,80.72,80.78,113951.6
1783046700000,80.78,80.83,80.63,80.76,32643.2
1783047600000,80.76,80.76,80.28,80.38,91839.4
1783048500000,80.38,80.97,80.37,80.87,86206.7
1783049400000,80.87,80.93,80.56,80.63,18720.5
1783050300000,80.63,80.77,80.56,80.68,46840.9
1783051200000,80.68,80.74,80.43,80.63,34395.2
1783052100000,80.63,80.63,80.44,80.6,16156.8
1783053000000,80.6,80.77,80.54,80.74,23259.5
1783053900000,80.74,80.77,80.43,80.47,39886.5
1783054800000,80.47,80.7,80.43,80.67,24304.6
1783055700000,80.67,80.87,80.57,80.8,39127.7
1783056600000,80.8,81.17,80.76,81.05,73785.2
1783057500000,81.05,81.22,80.97,81.12,35262.3
1783058400000,81.12,81.34,81.06,81.11,50733.9
1783059300000,81.11,81.19,80.89,80.97,60601.5
1783060200000,80.97,81.1,80.69,80.8,60301.9
1783061100000,80.8,81.04,80.8,80.91,26664.1
1783062000000,80.91,80.99,80.77,80.87,38839.0
1783062900000,80.87,81.08,80.86,81.06,32260.5
1783063800000,81.06,81.29,80.99,81.26,60941.6
1783064700000,81.26,81.49,81.16,81.19,83122.3
1783065600000,81.19,81.3,81.07,81.16,33308.4
1783066500000,81.16,81.24,80.96,81.01,51536.2
1783067400000,81.01,81.55,80.87,81.34,112305.3
1783068300000,81.34,81.35,80.79,80.88,86851.3
1783069200000,80.88,81.05,80.74,81.04,49450.1
1783070100000,81.04,81.07,80.82,80.91,19662.3
1783071000000,80.91,80.91,80.61,80.81,48863.6
1783071900000,80.81,81.27,80.8,80.98,62647.4
1783072800000,80.98,81.24,80.97,81.05,52719.1
1783073700000,81.05,81.2,80.83,81.12,33653.1
1783074600000,81.12,81.54,81.02,81.42,82932.6
1783075500000,81.42,81.84,81.2,81.51,198950.1
1783076400000,81.51,81.65,81.35,81.48,78597.8
1783077300000,81.48,81.62,81.3,81.34,131695.1
1783078200000,81.34,81.4,81.2,81.28,42504.9
1783079100000,81.28,81.64,81.28,81.51,114750.0
1783080000000,81.51,81.73,81.41,81.47,69927.7
1783080900000,81.47,81.47,81.17,81.28,70860.5
1783081800000,81.28,81.37,81.2,81.31,24834.3
1783082700000,81.31,81.51,81.31,81.49,19796.4
1783083600000,81.49,81.66,81.47,81.58,37664.2
1783084500000,81.58,81.66,81.38,81.62,65727.9
1783085400000,81.62,81.7,81.4,81.6,68801.4
1783086300000,81.6,81.82,81.43,81.56,52326.8
1783087200000,81.56,81.57,80.89,80.98,175148.5
1783088100000,80.98,81.24,80.86,81.23,103752.7
1783089000000,81.23,81.55,81.12,81.52,136330.0
1783089900000,81.52,81.78,81.4,81.64,74867.8
1783090800000,81.64,82.09,81.55,81.57,174653.8
1783091700000,81.57,81.61,81.17,81.23,87311.8
1783092600000,81.23,81.33,81.08,81.2,67575.3
1783093500000,81.2,81.3,81.09,81.16,52876.0
1783094400000,81.16,81.33,81.01,81.16,50548.5
1783095300000,81.16,81.38,81.13,81.29,34165.0
1783096200000,81.29,81.42,81.11,81.41,35567.6
1783097100000,81.41,81.53,81.26,81.49,52879.3
1783098000000,81.49,81.71,81.41,81.61,46850.8
1783098900000,81.61,81.95,81.58,81.76,80540.1
1783099800000,81.76,81.83,81.54,81.65,46983.4
1783100700000,81.65,81.78,81.59,81.74,35828.3
1783101600000,81.74,81.78,81.59,81.68,24288.1
1783102500000,81.68,81.89,81.68,81.74,39143.4
1783103400000,81.74,81.93,81.71,81.92,36085.2
1783104300000,81.92,82.37,81.8,82.08,157182.2
1783105200000,82.08,82.28,82.03,82.06,43192.1
1783106100000,82.06,82.38,82.06,82.29,74582.7
1783107000000,82.29,83.25,82.16,82.74,435590.2
1783107900000,82.74,82.75,82.39,82.45,80915.0
1783108800000,82.45,82.7,82.19,82.41,116263.3
1783109700000,82.41,82.68,82.24,82.52,100505.3
1783110600000,82.52,82.98,82.33,82.73,118517.2
1783111500000,82.73,82.95,82.61,82.68,66158.8
1783112400000,82.68,83.01,82.58,82.59,110752.6
1783113300000,82.59,82.67,82.28,82.34,44983.0
1783114200000,82.34,82.4,82.09,82.34,53232.4
1783115100000,82.34,82.82,82.33,82.61,125487.1
1783116000000,82.61,82.65,82.33,82.33,26549.6
1783116900000,82.33,82.54,82.32,82.38,35586.8
1783117800000,82.38,82.41,82.22,82.41,44370.0
1783118700000,82.41,82.41,82.21,82.31,26916.1
1783119600000,82.31,82.36,82.12,82.2,35937.4
1783120500000,82.2,82.33,82.14,82.21,18276.9
1783121400000,82.21,82.45,82.21,82.38,29300.6
1783122300000,82.38,82.41,82.27,82.31,22422.5
1783123200000,82.31,82.7,82.22,82.55,89021.2
1783124100000,82.55,82.7,82.37,82.55,35116.8
1783125000000,82.55,82.62,82.36,82.45,31419.3
1783125900000,82.45,82.56,82.35,82.36,33449.6
1783126800000,82.36,82.36,81.86,81.96,135487.2
1783127700000,81.96,82.19,81.87,81.99,37189.6
1783128600000,81.99,82.04,81.83,81.89,28370.3
1783129500000,81.89,81.94,81.75,81.91,40164.2
1783130400000,81.91,82.08,81.86,82.0,36359.0
1783131300000,82.0,82.05,81.9,82.04,28185.0
1783132200000,82.04,82.16,81.89,82.14,47516.2
1783133100000,82.14,82.38,82.1,82.15,42259.1
1783134000000,82.15,82.4,82.01,82.23,73468.5
1783134900000,82.23,82.38,82.21,82.38,36442.9
1783135800000,82.38,82.84,82.29,82.71,87928.1
1783136700000,82.71,82.76,82.56,82.68,56335.4
1783137600000,82.68,83.06,82.62,82.91,71763.9
1783138500000,82.91,83.09,82.73,82.96,52086.4
1783139400000,82.96,83.94,82.94,83.68,307627.6
1783140300000,83.68,83.95,83.38,83.45,103083.0
1783141200000,83.45,83.45,83.09,83.2,81959.2
1783142100000,83.2,83.37,82.85,83.06,67957.3
1783143000000,83.06,83.34,83.01,83.28,45652.5
1783143900000,83.28,83.45,83.17,83.34,81766.9
1783144800000,83.34,83.57,83.24,83.26,56268.5
1783145700000,83.26,83.31,82.46,82.62,181605.2
1783146600000,82.62,82.8,82.59,82.66,46037.3
1783147500000,82.66,82.7,82.45,82.52,38610.0
1783148400000,82.52,82.56,82.23,82.42,93227.9
1783149300000,82.42,82.53,82.29,82.37,37803.6
1783150200000,82.37,82.53,82.35,82.45,35088.5
1783151100000,82.45,82.8,82.41,82.67,55406.3
1783152000000,82.67,82.74,82.51,82.63,62111.0
1783152900000,82.63,82.65,82.35,82.43,55969.7
1783153800000,82.43,82.66,82.4,82.43,27847.7
1783154700000,82.43,82.57,82.21,82.28,61701.4
1783155600000,82.28,82.29,81.81,82.06,158500.1
1783156500000,82.06,82.13,81.9,81.99,59105.8
1783157400000,81.99,81.99,81.55,81.65,177612.5
1783158300000,81.65,81.8,81.6,81.71,48878.6
1783159200000,81.71,81.8,81.64,81.78,35557.5
1783160100000,81.78,81.9,81.64,81.71,52779.1
1783161000000,81.71,81.71,81.37,81.56,91122.7
1783161900000,81.56,81.72,81.51,81.6,56146.3
1783162800000,81.6,81.73,81.5,81.66,35493.7
1783163700000,81.66,81.79,81.62,81.7,45158.0
1783164600000,81.7,81.89,81.67,81.83,51072.9
1783165500000,81.83,81.87,81.71,81.78,34932.9
1783166400000,81.78,81.96,81.73,81.79,57003.2
1783167300000,81.79,81.81,81.51,81.62,88315.1
1783168200000,81.62,81.66,81.25,81.47,94765.4
1783169100000,81.47,81.62,81.34,81.55,35937.9
1783170000000,81.55,81.64,81.43,81.49,22001.0
1783170900000,81.49,81.87,81.49,81.6,73501.3
1783171800000,81.6,81.62,81.35,81.48,56107.3
1783172700000,81.48,81.64,81.38,81.61,42537.2
1783173600000,81.61,81.83,81.6,81.75,34378.4
1783174500000,81.75,81.84,81.51,81.67,35414.1
1783175400000,81.67,81.81,81.56,81.77,22442.3
1783176300000,81.77,81.81,81.6,81.77,38324.9
1783177200000,81.77,82.36,81.68,82.0,201465.1
1783178100000,82.0,82.24,81.91,82.19,98744.7
1783179000000,82.19,82.34,82.04,82.16,72896.7
1783179900000,82.16,82.37,82.04,82.18,52669.2
1783180800000,82.18,82.26,81.93,81.99,66648.9
1783181700000,81.99,82.25,81.99,82.18,42964.0
1783182600000,82.18,82.36,82.13,82.16,58458.1
1783183500000,82.16,82.28,82.12,82.18,29712.3
1783184400000,82.18,82.18,81.84,82.01,80490.9
1783185300000,82.01,82.28,81.96,82.24,46004.0
1783186200000,82.24,82.61,82.18,82.43,171719.4
1783187100000,82.43,82.79,82.37,82.49,101111.8
1783188000000,82.49,82.59,82.35,82.53,47606.5
1783188900000,82.53,82.55,82.06,82.25,82537.9
1783189800000,82.25,82.26,82.1,82.11,28874.4
1783190700000,82.11,82.31,82.1,82.24,16987.6
1783191600000,82.24,82.3,81.65,81.74,99846.2
1783192500000,81.74,81.93,81.73,81.86,38811.8
1783193400000,81.86,81.99,81.74,81.97,38234.8
1783194300000,81.97,81.99,81.69,81.82,33415.4
1783195200000,81.82,81.94,81.73,81.88,21009.6
1783196100000,81.88,82.0,81.52,81.68,78914.0
1783197000000,81.68,82.04,81.68,82.03,30296.7
1783197900000,82.03,82.14,81.88,81.92,31652.2
1783198800000,81.92,81.98,81.79,81.95,21826.3
1783199700000,81.95,82.09,81.94,82.07,16404.2
1783200600000,82.07,82.19,81.91,81.97,34185.8
1783201500000,81.97,82.0,81.86,81.95,11164.6
1783202400000,81.95,82.0,81.77,81.87,20044.3
1783203300000,81.87,81.95,81.75,81.79,13942.1
1783204200000,81.79,81.87,81.76,81.81,12949.7
1783205100000,81.81,81.89,81.75,81.89,13052.0
1783206000000,81.89,81.89,81.48,81.5,50066.9
1783206900000,81.5,81.71,81.4,81.65,45719.5
1783207800000,81.65,81.79,81.65,81.76,14325.9
1783208700000,81.76,81.82,81.59,81.74,44156.5
1783209600000,81.74,81.77,81.44,81.56,48050.5
1783210500000,81.56,81.57,81.25,81.39,64699.6
1783211400000,81.39,81.42,81.08,81.35,99873.6
1783212300000,81.35,81.39,81.08,81.27,49630.7
1783213200000,81.27,81.43,81.14,81.16,50184.3
1783214100000,81.16,81.17,80.56,81.0,228908.1
1783215000000,81.0,81.0,80.48,80.81,152857.2
1783215900000,80.81,80.91,80.69,80.8,41871.3
1783216800000,80.8,80.85,80.41,80.47,83196.4
1783217700000,80.47,80.65,80.37,80.51,60358.4
1783218600000,80.51,80.62,80.15,80.21,183805.0
1783219500000,80.21,80.36,80.14,80.33,68513.6
1783220400000,80.33,80.54,80.32,80.53,36604.3
1783221300000,80.53,80.56,80.3,80.33,41407.5
1783222200000,80.33,80.5,80.32,80.4,23851.0
1783223100000,80.4,80.53,80.39,80.51,30402.4
1783224000000,80.51,80.55,80.35,80.49,31112.4
1783224900000,80.49,80.67,80.48,80.63,65353.6
1783225800000,80.63,80.82,80.63,80.78,50512.6
1783226700000,80.78,80.8,80.53,80.54,51705.9
1783227600000,80.54,80.54,80.37,80.45,29467.5
1783228500000,80.45,80.52,80.36,80.44,16377.4
1783229400000,80.44,80.52,80.18,80.22,65351.3
1783230300000,80.22,80.46,80.21,80.41,41114.2
1783231200000,80.41,80.44,80.28,80.38,28636.6
1783232100000,80.38,80.49,80.33,80.47,42674.8
1783233000000,80.47,80.6,80.43,80.47,29930.5
1783233900000,80.47,80.58,80.43,80.55,43461.8
1783234800000,80.55,80.59,80.38,80.4,32978.0
1783235700000,80.4,80.47,80.33,80.36,34191.6
1783236600000,80.36,80.6,80.36,80.54,47071.1
1783237500000,80.54,80.71,80.5,80.66,51709.9
1783238400000,80.66,80.82,80.46,80.58,70907.9
1783239300000,80.58,80.66,80.4,80.43,16100.1
1783240200000,80.43,80.57,80.43,80.52,22246.5
1783241100000,80.52,80.56,80.4,80.44,20379.3
1783242000000,80.44,80.5,80.36,80.36,16455.4
1783242900000,80.36,80.4,80.04,80.15,139115.1
1783243800000,80.15,80.21,79.64,79.77,430673.5
1783244700000,79.77,79.91,79.65,79.87,87273.8
1783245600000,79.87,80.08,79.7,79.97,76190.3
1783246500000,79.97,80.2,79.95,80.16,50130.0
1783247400000,80.16,80.3,80.15,80.21,36847.6
1783248300000,80.21,80.42,80.21,80.4,46942.1
1783249200000,80.4,80.57,80.32,80.47,57818.6
1783250100000,80.47,80.52,80.33,80.39,34104.1
1783251000000,80.39,80.6,80.35,80.53,68154.9
1783251900000,80.53,80.59,80.49,80.51,30329.6
1783252800000,80.51,80.53,80.31,80.47,49247.0
1783253700000,80.47,81.02,80.47,81.01,250088.5
1783254600000,81.01,81.24,80.74,80.74,262103.1
1783255500000,80.74,80.87,80.69,80.7,43892.1
1783256400000,80.7,80.96,80.62,80.84,47069.0
1783257300000,80.84,80.86,80.63,80.74,59532.3
1783258200000,80.74,81.11,80.69,81.08,80803.7
1783259100000,81.08,81.18,81.01,81.18,82695.6
1783260000000,81.18,81.29,81.07,81.14,98478.8
1783260900000,81.14,81.19,80.97,81.04,57609.3
1783261800000,81.04,81.55,80.99,81.35,121354.1
1783262700000,81.35,81.42,81.2,81.4,58549.2
1783263600000,81.4,81.73,81.25,81.25,121954.1
1783264500000,81.25,81.33,81.12,81.19,60568.5
1783265400000,81.19,81.5,81.06,81.12,54610.2
1783266300000,81.12,81.4,81.06,81.31,37779.6
1783267200000,81.31,81.47,81.19,81.21,70212.8
1783268100000,81.21,81.24,81.0,81.0,64110.2
1783269000000,81.0,81.16,80.88,80.94,67892.3
1783269900000,80.94,81.14,80.85,81.04,44025.3
1783270800000,81.04,81.22,80.99,81.09,48989.1
1783271700000,81.09,81.32,81.02,81.02,57918.7
1783272600000,81.02,81.16,80.96,80.97,20141.4
1783273500000,80.97,81.14,80.96,81.08,17204.3
1783274400000,81.08,81.17,81.04,81.12,14875.0
1783275300000,81.12,81.22,81.1,81.11,13089.4
1783276200000,81.11,81.17,81.03,81.14,10515.8
1783277100000,81.14,81.21,80.94,80.95,26210.1
1783278000000,80.95,81.06,80.89,81.0,29848.6
1783278900000,81.0,81.05,80.77,80.9,65399.5
1783279800000,80.9,81.04,80.84,80.99,33193.2
1783280700000,80.99,81.08,80.91,80.99,24366.0
1783281600000,80.99,81.13,80.94,81.03,18110.2
1783282500000,81.03,81.05,80.91,80.96,17112.5
1783283400000,80.96,81.0,80.9,80.98,13650.6
1783284300000,80.98,81.05,80.93,81.03,8580.1
1783285200000,81.03,81.05,80.73,80.9,95824.4
1783286100000,80.9,81.53,80.89,81.46,91118.1
1783287000000,81.46,82.25,81.43,81.62,399786.4
1783287900000,81.62,82.03,81.45,81.74,142008.3
1783288800000,81.74,82.1,81.6,82.0,114804.0
1783289700000,82.0,82.4,81.87,82.12,207746.7
1783290600000,82.12,82.35,81.62,81.65,144870.6
1783291500000,81.65,81.84,81.61,81.8,29430.9
1783292400000,81.8,81.94,81.69,81.94,48732.6
1783293300000,81.94,82.07,81.53,81.61,59256.0
1783294200000,81.61,81.75,81.5,81.64,30196.6
1783295100000,81.64,81.67,81.41,81.56,38519.7
1783296000000,81.56,81.57,81.28,81.54,49537.5
1783296900000,81.54,81.71,81.15,81.21,62816.7
1783297800000,81.21,81.9,81.08,81.84,94539.6
1783298700000,81.84,82.23,81.81,82.19,83130.2
1783299600000,82.19,82.32,81.94,81.98,82750.7
1783300500000,81.98,82.06,81.63,81.8,71590.0
1783301400000,81.8,82.1,81.74,81.94,41536.2
1783302300000,81.94,81.94,81.43,81.5,55372.5
1783303200000,81.5,81.61,81.14,81.22,78809.9
1783304100000,81.22,81.66,81.18,81.35,77680.5
1783305000000,81.35,81.43,81.12,81.14,56815.4
1783305900000,81.14,81.24,80.73,80.97,173482.9
1783306800000,80.97,81.02,80.8,80.88,55419.7
1783307700000,80.88,80.96,80.41,80.64,135347.9
1783308600000,80.64,80.79,80.44,80.54,43968.5
1783309500000,80.54,80.76,80.51,80.76,24566.2
1783310400000,80.76,80.89,80.67,80.88,41087.3
1783311300000,80.88,80.95,80.67,80.72,32584.4
1783312200000,80.72,80.96,80.67,80.84,36995.2
1783313100000,80.84,80.93,80.76,80.77,14806.0
1783314000000,80.77,80.78,80.52,80.54,37383.3
1783314900000,80.54,80.6,80.16,80.23,117792.9
1783315800000,80.23,80.5,80.09,80.41,88656.0
1783316700000,80.41,80.52,80.35,80.37,24645.1
1783317600000,80.37,80.48,80.27,80.44,26366.3
1783318500000,80.44,80.48,80.23,80.33,33248.2
1783319400000,80.33,80.4,80.21,80.4,30725.5
1783320300000,80.4,80.41,80.23,80.3,22478.7
1783321200000,80.3,80.53,80.22,80.35,63771.2
1783322100000,80.35,80.71,80.34,80.63,114673.9
1783323000000,80.63,80.92,80.56,80.88,70711.9
1783323900000,80.88,80.99,80.76,80.77,42796.2
1783324800000,80.77,81.05,80.72,80.75,65285.2
1783325700000,80.75,80.8,80.58,80.68,31506.6
1783326600000,80.68,80.68,80.25,80.35,71072.6
1783327500000,80.35,80.45,80.28,80.44,24196.0
1783328400000,80.44,80.45,80.34,80.34,16156.3
1783329300000,80.34,80.42,80.27,80.38,36827.4
1783330200000,80.38,80.38,80.12,80.22,71041.4
1783331100000,80.22,80.22,80.01,80.05,74795.9
1783332000000,80.05,80.24,80.02,80.21,79443.4
1783332900000,80.21,80.41,80.21,80.38,74049.0
1783333800000,80.38,80.71,80.35,80.55,78261.2
1783334700000,80.55,80.63,80.51,80.63,34541.3
1783335600000,80.63,80.77,80.61,80.61,66341.0
1783336500000,80.61,80.91,80.6,80.74,48825.9
1783337400000,80.74,80.96,80.72,80.9,38160.8
1783338300000,80.9,80.96,80.32,80.34,118168.4
1783339200000,80.34,80.51,79.24,80.17,882264.3
1783340100000,80.17,80.6,80.15,80.21,167525.0
1783341000000,80.21,80.48,79.82,79.93,213540.8
1783341900000,79.93,79.97,79.41,79.42,255908.7
1783342800000,79.42,79.65,79.19,79.41,280464.2
1783343700000,79.41,79.55,79.2,79.41,139787.3
1783344600000,79.41,80.39,79.31,80.36,439246.5
1783345500000,80.36,80.89,80.13,80.14,488698.9
1783346400000,80.14,80.28,79.98,80.11,185086.1
1783347300000,80.11,80.76,79.81,80.31,285266.2
1783348200000,80.31,80.48,80.1,80.31,94473.8
1783349100000,80.31,80.34,80.04,80.26,46047.3
1783350000000,80.26,80.83,80.25,80.67,156598.6
1783350900000,80.67,80.78,80.34,80.78,81226.7
1783351800000,80.78,81.38,80.42,81.34,220030.7
1783352700000,81.34,81.52,81.03,81.45,242083.7
1783353600000,81.45,82.18,81.22,81.93,306501.3
1783354500000,81.93,82.39,81.66,81.8,263091.5
1783355400000,81.8,82.16,81.75,82.02,96724.0
1783356300000,82.02,82.12,81.86,82.06,44443.6
1783357200000,82.06,82.15,81.76,81.93,108094.4
1783358100000,81.93,82.15,81.85,81.98,51786.5
1783359000000,81.98,82.03,81.5,81.51,145951.2
1783359900000,81.51,81.82,81.4,81.61,78018.0
1783360800000,81.61,81.78,81.3,81.34,82736.5
1783361700000,81.34,81.69,81.27,81.53,63259.7
1783362600000,81.53,81.96,81.49,81.82,81084.7
1783363500000,81.82,82.27,81.77,81.94,139471.8
1783364400000,81.94,81.98,81.75,81.88,61921.6
1783365300000,81.88,82.07,81.85,82.04,21682.6
1783366200000,82.04,82.15,81.9,82.06,32331.9
1783367100000,82.06,82.07,81.83,82.02,51283.9
1783368000000,82.02,82.03,81.62,81.74,68439.5
1783368900000,81.74,81.95,81.73,81.92,16911.4
1783369800000,81.92,82.13,81.91,81.98,21081.2
1783370700000,81.98,82.21,81.87,82.05,59640.5
1783371600000,82.05,83.77,82.01,82.94,1101281.2
1783372500000,82.94,83.07,82.55,82.63,110082.6
1783373400000,82.63,82.82,82.42,82.58,97080.8
1783374300000,82.58,82.9,82.43,82.8,105680.1
1783375200000,82.8,82.85,82.58,82.65,96889.2
1783376100000,82.65,82.68,82.34,82.35,38331.0
1783377000000,82.35,82.55,82.32,82.38,40825.7
1783377900000,82.38,82.46,82.22,82.3,42791.5
1783378800000,82.3,82.4,82.21,82.28,26868.5
1783379700000,82.28,82.28,81.96,82.11,68549.0
1783380600000,82.11,82.13,81.95,82.01,40731.0
1783381500000,82.01,82.02,81.88,81.93,58952.0
1783382400000,81.93,81.99,81.8,81.86,31672.5
1783383300000,81.86,82.39,81.8,82.3,121727.3
1783384200000,82.3,82.47,82.14,82.29,107957.1
1783385100000,82.29,82.45,82.2,82.34,51685.9
1783386000000,82.34,82.34,81.78,82.11,101158.0
1783386900000,82.11,82.18,81.86,81.89,25039.2
1783387800000,81.89,82.02,81.78,81.98,49914.7
1783388700000,81.98,82.15,81.83,81.88,34789.5
1783389600000,81.88,81.96,81.74,81.81,26646.8
1783390500000,81.81,81.9,81.51,81.56,97333.0
1783391400000,81.56,81.58,81.36,81.56,81360.1
1783392300000,81.56,81.64,81.25,81.32,44623.7
1783393200000,81.32,81.44,81.22,81.27,69877.9
1783394100000,81.27,81.32,81.11,81.14,51438.6
1783395000000,81.14,81.24,81.04,81.13,52842.6
1783395900000,81.13,81.13,80.93,81.02,67975.4
1783396800000,81.02,81.06,80.86,80.89,61221.0
1783397700000,80.89,81.0,80.76,80.95,52437.4
1783398600000,80.95,81.0,80.74,80.75,71095.3
1783399500000,80.75,80.9,80.58,80.88,126806.2
1783400400000,80.88,80.89,80.43,80.48,104326.9
1783401300000,80.48,80.63,80.42,80.57,38142.0
1783402200000,80.57,81.02,80.57,80.95,96225.9
1783403100000,80.95,81.18,80.92,81.05,74496.1
1783404000000,81.05,81.19,80.76,80.9,69902.9
1783404900000,80.9,81.06,80.88,81.03,28023.5
1783405800000,81.03,81.38,80.97,81.32,87593.5
1783406700000,81.32,81.62,81.29,81.49,115117.7
1783407600000,81.49,81.69,81.41,81.67,58760.7
1783408500000,81.67,81.7,81.52,81.55,32042.3
1783409400000,81.55,81.65,81.3,81.59,85508.4
1783410300000,81.59,81.66,81.44,81.46,34720.7
1783411200000,81.46,81.54,81.15,81.38,74165.6
1783412100000,81.38,81.52,81.32,81.45,44199.1
1783413000000,81.45,81.52,81.25,81.52,45353.8
1783413900000,81.52,81.55,81.18,81.22,87801.5
1783414800000,81.22,81.44,81.11,81.42,48030.2
1783415700000,81.42,81.44,81.13,81.14,20832.0
1783416600000,81.14,81.34,81.09,81.33,39950.2
1783417500000,81.33,81.4,81.17,81.27,35363.3
1783418400000,81.27,81.54,81.23,81.29,96315.8
1783419300000,81.29,81.46,81.05,81.08,38871.3
1783420200000,81.08,81.14,80.88,81.08,66277.2
1783421100000,81.08,81.11,80.88,80.95,54697.9
1783422000000,80.95,80.96,80.72,80.83,60524.2
1783422900000,80.83,81.07,80.81,80.96,27842.1
1783423800000,80.96,81.12,80.81,81.12,51322.5
1783424700000,81.12,81.37,81.11,81.28,69064.4
1783425600000,81.28,81.9,81.26,81.79,150242.6
1783426500000,81.79,82.0,81.67,81.84,84020.8
1783427400000,81.84,81.87,81.53,81.64,67656.7
1783428300000,81.64,81.64,81.38,81.39,44101.1
1783429200000,81.39,81.57,81.11,81.23,78325.3
1783430100000,81.23,81.31,80.84,80.9,85615.2
1783431000000,80.9,81.12,80.61,80.94,135320.2
1783431900000,80.94,81.36,80.66,80.81,154023.8
1783432800000,80.81,81.17,80.54,80.81,99080.5
1783433700000,80.81,81.14,80.69,81.13,60835.2
1783434600000,81.13,81.33,80.46,80.85,136336.4
1783435500000,80.85,81.88,80.85,81.77,194611.6
1783436400000,81.77,81.87,81.44,81.51,115421.9
1783437300000,81.51,82.09,81.49,81.94,92391.7
1783438200000,81.94,82.3,81.82,81.95,126445.2
1783439100000,81.95,82.33,81.95,82.07,86209.5
1783440000000,82.07,82.1,81.77,81.91,68199.6
1783440900000,81.91,82.44,81.79,82.21,105094.0
1783441800000,82.21,82.29,82.03,82.22,23568.5
1783442700000,82.22,82.54,82.12,82.17,82326.0
1783443600000,82.17,82.43,82.02,82.33,44842.9
1783444500000,82.33,82.65,82.08,82.53,116881.5
1783445400000,82.53,82.75,82.37,82.74,91530.0
1783446300000,82.74,82.75,82.48,82.67,25692.3
1783447200000,82.67,82.67,82.24,82.25,74190.1
1783448100000,82.25,82.34,81.95,82.0,56870.2
1783449000000,82.0,82.19,81.91,82.19,58534.9
1783449900000,82.19,82.27,81.19,81.25,221106.2
1783450800000,81.25,81.37,80.85,81.04,174205.3
1783451700000,81.04,81.16,80.71,81.07,154163.9
1783452600000,81.07,81.45,81.07,81.39,73070.1
1783453500000,81.39,81.53,81.23,81.32,49774.3
1783454400000,81.32,81.45,81.12,81.41,48102.5
1783455300000,81.41,81.43,81.17,81.29,41229.9
1783456200000,81.29,81.31,81.08,81.1,31099.5
1783457100000,81.1,81.12,80.96,81.11,27526.9
1783458000000,81.11,81.38,81.11,81.25,40250.2
1783458900000,81.25,81.26,80.62,80.85,112724.6
1783459800000,80.85,80.85,80.49,80.61,77222.4
1783460700000,80.61,80.86,80.56,80.78,50967.7
1783461600000,80.78,80.8,80.26,80.78,132412.3
1783462500000,80.78,80.97,80.67,80.75,64528.2
1783463400000,80.75,81.03,80.71,80.97,39401.3
1783464300000,80.97,80.97,80.76,80.81,43695.9
1783465200000,80.81,81.0,80.79,80.93,36827.2
1783466100000,80.93,81.09,80.92,81.05,31232.5
1783467000000,81.05,81.07,80.61,80.61,46884.3
1783467900000,80.61,80.77,80.46,80.53,33566.7
1783468800000,80.53,80.73,80.48,80.62,49024.0
1783469700000,80.62,80.73,80.42,80.61,74293.9
1783470600000,80.61,80.67,80.35,80.52,53788.7
1783471500000,80.52,80.55,80.31,80.34,40693.9
1783472400000,80.34,80.38,80.15,80.34,89411.3
1783473300000,80.34,80.34,80.03,80.03,53972.2
1783474200000,80.03,80.05,78.77,79.27,640648.9
1783475100000,79.27,79.41,78.91,79.05,116708.0
1783476000000,79.05,79.13,78.7,78.89,109907.1
1783476900000,78.89,78.95,78.68,78.86,86731.8
1783477800000,78.86,78.92,78.16,78.91,288466.7
1783478700000,78.91,79.13,78.88,79.02,91552.2
1783479600000,79.02,79.29,79.0,79.22,71019.8
1783480500000,79.22,79.26,79.12,79.19,41012.1
1783481400000,79.19,79.2,78.88,78.99,40249.4
1783482300000,78.99,79.0,78.56,78.68,106527.0
1783483200000,78.68,78.75,78.53,78.67,61296.9
1783484100000,78.67,78.88,78.65,78.83,56661.5
1783485000000,78.83,78.89,78.61,78.63,33319.3
1783485900000,78.63,78.66,78.35,78.6,82275.9
1783486800000,78.6,78.77,78.46,78.67,51310.1
1783487700000,78.67,78.79,78.52,78.59,56563.8
1783488600000,78.59,78.62,78.38,78.38,49931.6
1783489500000,78.38,78.48,78.3,78.39,81200.0
1783490400000,78.39,78.42,78.2,78.33,99958.8
1783491300000,78.33,78.36,78.08,78.24,112687.1
1783492200000,78.24,78.3,77.89,78.02,135452.1
1783493100000,78.02,78.33,77.96,78.16,94555.4
1783494000000,78.16,78.2,77.76,78.11,125635.6
1783494900000,78.11,78.2,77.93,78.09,85272.2
1783495800000,78.09,78.2,78.01,78.14,46926.0
1783496700000,78.14,78.31,78.07,78.26,61225.3
1783497600000,78.26,78.38,78.21,78.31,71958.6
1783498500000,78.31,78.34,77.13,77.16,496133.3
1783499400000,77.16,77.38,76.85,77.1,327118.5
1783500300000,77.1,77.69,77.09,77.23,201893.0
1783501200000,77.23,77.33,77.13,77.21,78058.1
1783502100000,77.21,77.25,76.97,77.2,76879.6
1783503000000,77.2,77.46,77.17,77.31,69028.4
1783503900000,77.31,77.33,77.11,77.14,73430.2
1783504800000,77.14,77.26,76.9,77.05,89573.9
1783505700000,77.05,77.36,76.97,77.34,85151.8
1783506600000,77.34,77.45,77.27,77.33,57009.1
1783507500000,77.33,77.35,77.2,77.28,25893.1
1783508400000,77.28,77.34,77.14,77.17,98399.0
1783509300000,77.17,77.21,77.03,77.11,68119.3
1783510200000,77.11,77.66,77.02,77.52,142490.9
1783511100000,77.52,77.62,77.4,77.51,117875.0
1783512000000,77.51,77.61,77.35,77.46,65723.9
1783512900000,77.46,77.54,77.38,77.45,29917.8
1783513800000,77.45,77.48,77.25,77.27,39004.5
1783514700000,77.27,77.38,76.97,76.99,122897.5
1783515600000,76.99,77.05,76.7,76.88,200038.2
1783516500000,76.88,76.92,76.58,76.81,97487.4
1783517400000,76.81,77.43,76.81,77.27,240220.0
1783518300000,77.27,77.44,76.87,77.27,318851.8
1783519200000,77.27,77.39,77.04,77.2,136369.4
1783520100000,77.2,77.37,76.83,77.05,172654.8
1783521000000,77.05,77.1,76.85,76.93,82161.4
1783521900000,76.93,77.2,76.61,77.06,169236.5
1783522800000,77.06,77.11,76.66,76.68,74128.4
1783523700000,76.68,76.8,76.24,76.36,267517.2
1783524600000,76.36,76.63,76.29,76.47,69714.0
1783525500000,76.47,76.75,76.42,76.7,43369.9
1783526400000,76.7,76.98,76.7,76.93,81554.9
1783527300000,76.93,77.18,76.84,76.99,130782.3
1783528200000,76.99,77.29,76.79,77.24,101397.0
1783529100000,77.24,77.32,77.15,77.24,66258.0
1783530000000,77.24,77.27,77.06,77.06,74635.7
1783530900000,77.06,77.58,77.06,77.56,97836.7
1783531800000,77.56,77.63,77.33,77.37,65738.0
1783532700000,77.37,77.37,77.0,77.09,78076.1
1783533600000,77.09,77.33,77.04,77.27,50066.3
1783534500000,77.27,77.27,77.04,77.09,37503.8
1783535400000,77.09,77.09,76.77,76.95,74974.1
1783536300000,76.95,77.29,76.91,77.11,34709.2
1783537200000,77.11,77.24,76.96,76.97,32485.6
1783538100000,76.97,77.13,76.91,77.09,33172.4
1783539000000,77.09,77.31,77.08,77.31,22880.8
1783539900000,77.31,77.46,77.11,77.37,39954.8
1783540800000,77.37,77.53,77.27,77.4,60168.1
1783541700000,77.4,77.4,77.26,77.34,19950.5
1783542600000,77.34,77.36,77.03,77.11,29129.3
1783543500000,77.11,77.18,77.01,77.13,47891.9
1783544400000,77.13,77.14,76.9,76.94,53931.7
1783545300000,76.94,77.09,76.87,77.08,30662.7
1783546200000,77.08,77.22,76.99,77.15,23551.0
1783547100000,77.15,77.29,77.13,77.2,28053.1
1783548000000,77.2,77.44,77.15,77.23,31296.1
1783548900000,77.23,77.37,77.13,77.36,35087.8
1783549800000,77.36,77.43,77.26,77.43,26605.9
1783550700000,77.43,77.54,77.39,77.5,21327.1
1783551600000,77.5,77.63,77.43,77.58,35145.8
1783552500000,77.58,77.59,77.41,77.52,43675.1
1783553400000,77.52,77.6,77.39,77.57,52778.2
1783554300000,77.57,77.91,77.51,77.79,113969.0
1783555200000,77.79,77.86,77.58,77.71,71760.7
1783556100000,77.71,77.77,77.49,77.64,44965.8
1783557000000,77.64,77.77,77.5,77.6,40031.0
1783557900000,77.6,77.72,77.47,77.67,48521.1
1783558800000,77.67,78.76,77.61,78.33,254133.9
1783559700000,78.33,78.45,78.08,78.14,49037.4
1783560600000,78.14,78.17,77.55,77.61,124173.7
1783561500000,77.61,77.74,77.22,77.3,144418.7
1783562400000,77.3,77.8,77.17,77.78,67796.2
1783563300000,77.78,77.8,77.55,77.62,22572.0
1783564200000,77.62,77.63,77.24,77.26,28352.7
1783565100000,77.26,77.3,76.92,77.02,119826.6
1783566000000,77.02,77.07,76.82,76.94,53585.6
1783566900000,76.94,77.13,76.67,77.01,91533.2
1783567800000,77.01,77.35,77.0,77.19,52669.0
1783568700000,77.19,77.38,77.12,77.34,55179.0
1783569600000,77.34,77.4,77.22,77.22,32866.6
1783570500000,77.22,77.36,77.18,77.33,12357.6
1783571400000,77.33,77.79,77.32,77.78,111628.9
1783572300000,77.78,78.0,77.67,77.95,73417.0
1783573200000,77.95,78.28,77.75,78.11,112962.7
1783574100000,78.11,78.15,77.7,77.85,100517.1
1783575000000,77.85,78.06,77.69,77.96,52250.2
1783575900000,77.96,78.38,77.94,78.35,57724.2
1783576800000,78.35,78.44,78.06,78.16,58984.0
1783577700000,78.16,78.59,78.1,78.41,87618.6
1783578600000,78.41,78.48,78.28,78.41,37264.0
1783579500000,78.41,78.47,78.33,78.45,28336.1
1783580400000,78.45,78.83,78.26,78.39,120647.3
1783581300000,78.39,78.44,78.16,78.27,57327.6
1783582200000,78.27,78.29,78.1,78.29,65660.3
1783583100000,78.29,78.57,78.11,78.17,67273.0
1783584000000,78.17,78.2,78.03,78.11,49647.1
1783584900000,78.11,78.34,77.91,78.34,102401.1
1783585800000,78.34,78.37,78.19,78.26,23898.8
1783586700000,78.26,78.26,78.01,78.06,25818.5
1783587600000,78.06,78.15,77.93,77.96,27111.1
1783588500000,77.96,78.03,77.86,77.98,38968.1
1783589400000,77.98,78.07,77.82,77.85,29417.8
1783590300000,77.85,78.13,77.82,78.1,39416.5
1783591200000,78.1,78.17,78.01,78.08,20527.9
1783592100000,78.08,78.1,77.91,77.99,31069.8
1783593000000,77.99,78.06,77.94,77.99,34119.4
1783593900000,77.99,77.99,77.47,77.65,115397.3
1783594800000,77.65,77.74,77.53,77.69,21461.1
1783595700000,77.69,77.69,77.33,77.38,57785.8
1783596600000,77.38,77.42,77.28,77.36,42414.4
1783597500000,77.36,77.65,77.32,77.58,61110.1
1783598400000,77.58,77.75,77.4,77.57,71887.8
1783599300000,77.57,77.74,77.51,77.66,198830.1
1783600200000,77.66,78.21,77.64,77.75,236760.2
1783601100000,77.75,77.76,77.36,77.59,171458.9
1783602000000,77.59,78.07,77.59,77.98,59550.5
1783602900000,77.98,77.99,77.63,77.68,77449.3
1783603800000,77.68,78.06,77.29,78.06,182758.0
1783604700000,78.06,78.47,77.75,78.18,173537.9
1783605600000,78.18,78.32,77.91,78.03,68985.7
1783606500000,78.03,78.03,77.62,77.86,81162.9
1783607400000,77.86,77.87,77.53,77.69,63141.7
1783608300000,77.69,77.95,77.58,77.84,71754.2
1783609200000,77.84,78.04,77.62,77.97,78906.4
1783610100000,77.97,78.16,77.71,77.75,73975.9
1783611000000,77.75,77.87,77.58,77.61,77342.7
1783611900000,77.61,77.7,77.46,77.56,47903.2
1783612800000,77.56,77.76,77.48,77.55,37755.5
1783613700000,77.55,77.57,77.2,77.42,93721.7
1783614600000,77.42,77.69,77.42,77.62,44952.7
1783615500000,77.62,77.68,77.44,77.64,38199.3
1783616400000,77.64,77.84,77.62,77.64,70501.7
1783617300000,77.64,77.98,77.64,77.74,63542.5
1783618200000,77.74,78.12,77.58,78.08,134059.2
1783619100000,78.08,78.09,77.9,78.01,37811.2
1783620000000,78.01,78.42,77.97,78.24,108474.6
1783620900000,78.24,78.38,78.06,78.23,51033.2
1783621800000,78.23,78.24,78.03,78.12,49378.4
1783622700000,78.12,78.22,77.98,78.16,29637.8
1783623600000,78.16,78.16,77.96,77.97,32570.3
1783624500000,77.97,78.13,77.85,78.09,32460.0
1783625400000,78.09,78.28,78.04,78.28,25599.7
1783626300000,78.28,78.28,78.0,78.1,68212.7
1783627200000,78.1,78.15,77.95,77.99,32998.8
1783628100000,77.99,78.17,77.93,78.12,20884.5
1783629000000,78.12,78.27,78.09,78.23,22645.4
1783629900000,78.23,78.23,78.02,78.11,14981.5
1783630800000,78.11,78.24,78.02,78.08,27872.6
1783631700000,78.08,78.14,77.95,77.98,16260.9
1783632600000,77.98,78.07,77.83,77.86,29166.3
1783633500000,77.86,78.04,77.86,78.0,13531.5
1783634400000,78.0,78.12,77.95,78.03,18480.1
1783635300000,78.03,78.17,78.03,78.14,13991.3
1783636200000,78.14,78.23,78.01,78.2,15067.3
1783637100000,78.2,78.25,78.06,78.07,20994.0
1783638000000,78.07,78.16,77.97,77.97,17822.8
1783638900000,77.97,78.08,77.72,78.0,42068.8
1783639800000,78.0,78.04,77.88,78.0,16436.2
1783640700000,78.0,78.11,77.97,77.99,16572.9
1783641600000,77.99,78.01,77.75,77.95,18286.2
1783642500000,77.95,78.11,77.85,77.94,41947.2
1783643400000,77.94,78.09,77.75,77.93,37708.9
1783644300000,77.93,78.08,77.81,78.08,22343.1
1783645200000,78.08,78.18,77.89,78.17,24788.8
1783646100000,78.17,78.65,78.15,78.44,205347.8
1783647000000,78.44,78.48,78.26,78.35,41713.1
1783647900000,78.35,79.44,78.35,79.02,412422.4
1783648800000,79.02,79.13,78.79,78.95,87173.0
1783649700000,78.95,78.97,78.79,78.85,39510.9
1783650600000,78.85,78.99,78.8,78.9,39378.0
1783651500000,78.9,79.12,78.87,79.0,35934.4
1783652400000,79.0,79.01,78.69,78.78,43474.0
1783653300000,78.78,78.92,78.69,78.79,38046.6
1783654200000,78.79,78.99,78.7,78.95,27360.2
1783655100000,78.95,79.09,78.88,79.02,48744.4
1783656000000,79.02,79.06,78.94,79.01,28280.7
1783656900000,79.01,79.07,78.83,78.83,37773.0
1783657800000,78.83,79.05,78.79,78.95,33586.4
1783658700000,78.95,79.04,78.9,78.93,53236.2
1783659600000,78.93,79.01,78.83,78.89,52580.2
1783660500000,78.89,79.06,78.88,79.05,40034.0
1783661400000,79.05,79.34,78.99,79.19,84843.5
1783662300000,79.19,79.21,79.08,79.15,28363.6
1783663200000,79.15,79.2,79.06,79.07,24034.5
1783664100000,79.07,79.08,78.83,78.91,48739.5
1783665000000,78.91,79.0,78.88,78.92,23636.2
1783665900000,78.92,78.98,78.83,78.88,17336.8
1783666800000,78.88,79.05,78.8,79.04,33173.0
1783667700000,79.04,79.05,78.94,78.96,35721.3
1783668600000,78.96,78.96,78.76,78.76,28022.5
1783669500000,78.76,78.85,78.71,78.84,40659.4
1783670400000,78.84,78.97,78.76,78.96,32515.4
1783671300000,78.96,79.38,78.96,79.32,179026.4
1783672200000,79.32,79.41,79.23,79.34,75702.2
1783673100000,79.34,79.38,79.17,79.18,52350.9
1783674000000,79.18,79.2,78.91,78.98,73623.7
1783674900000,78.98,79.21,78.96,79.17,51807.5
1783675800000,79.17,79.32,79.12,79.32,57670.3
1783676700000,79.32,79.35,79.17,79.19,32564.5
1783677600000,79.19,79.25,79.1,79.15,43896.3
1783678500000,79.15,79.63,79.15,79.58,204992.4
1783679400000,79.58,79.6,79.38,79.51,51932.7
1783680300000,79.51,79.54,79.34,79.34,37938.7
1783681200000,79.34,79.48,79.27,79.41,63342.6
1783682100000,79.41,79.48,79.26,79.33,41420.6
1783683000000,79.33,79.33,79.14,79.28,53025.3
1783683900000,79.28,79.4,79.22,79.33,29790.2
1783684800000,79.33,79.52,79.13,79.39,106501.5
1783685700000,79.39,79.41,79.2,79.3,26798.7
1783686600000,79.3,79.3,78.97,78.98,57668.8
1783687500000,78.98,79.01,78.87,78.89,45532.2
1783688400000,78.89,78.97,78.81,78.87,37451.0
1783689300000,78.87,78.94,78.8,78.84,43732.2
1783690200000,78.84,79.06,78.73,78.93,95623.0
1783691100000,78.93,79.36,78.89,78.95,110542.3
1783692000000,78.95,78.96,78.19,78.23,318904.2
1783692900000,78.23,78.3,77.55,77.71,378124.5
1783693800000,77.71,77.92,77.03,77.72,481391.3
1783694700000,77.72,78.28,77.59,77.87,414161.8
1783695600000,77.87,78.16,77.72,77.9,81748.2
1783696500000,77.9,78.33,77.89,78.29,97218.7
1783697400000,78.29,78.34,77.95,78.12,60911.2
1783698300000,78.12,78.19,77.95,78.1,39015.2
1783699200000,78.1,78.15,77.85,78.11,59041.8
1783700100000,78.11,78.23,77.86,77.91,42488.1
1783701000000,77.91,77.96,77.6,77.82,67186.4
1783701900000,77.82,78.18,77.76,78.11,75589.4
1783702800000,78.11,78.14,77.75,77.76,49537.7
1783703700000,77.76,77.85,77.65,77.79,45284.1
1783704600000,77.79,77.79,77.62,77.68,36085.3
1783705500000,77.68,77.77,77.52,77.55,46186.5
1783706400000,77.55,77.86,77.51,77.61,56812.0
1783707300000,77.61,77.74,77.54,77.64,39830.4
1783708200000,77.64,77.7,77.41,77.44,37449.7
1783709100000,77.44,77.49,77.28,77.48,76681.2
1783710000000,77.48,77.68,77.41,77.64,31095.2
1783710900000,77.64,77.8,77.55,77.77,48258.3
1783711800000,77.77,78.03,77.73,77.92,59072.5
1783712700000,77.92,77.99,77.84,77.85,47759.9
1783713600000,77.85,77.9,77.74,77.89,31471.6
1783714500000,77.89,77.96,77.67,77.77,42549.2
1783715400000,77.77,77.93,77.74,77.85,23940.5
1783716300000,77.85,77.87,77.71,77.72,9531.1
1783717200000,77.72,77.92,77.69,77.87,37920.0
1783718100000,77.87,77.95,77.81,77.93,27407.3
1783719000000,77.93,78.07,77.93,77.98,33435.2
1783719900000,77.98,78.03,77.86,77.95,26601.2
1783720800000,77.95,78.2,77.91,78.02,41923.2
1783721700000,78.02,78.07,77.93,78.02,16859.2
1783722600000,78.02,78.09,77.98,78.0,25952.1
1783723500000,78.0,78.19,78.0,78.11,24880.0
1783724400000,78.11,78.15,77.87,78.0,43438.8
1783725300000,78.0,78.1,77.95,78.05,19498.9
1783726200000,78.05,78.1,77.99,78.07,23848.0
1783727100000,78.07,78.12,78.02,78.09,34235.3
1783728000000,78.09,78.09,77.86,77.9,22729.3
1783728900000,77.9,77.98,77.76,77.91,32799.0
1783729800000,77.91,77.94,77.76,77.9,16735.1
1783730700000,77.9,77.91,77.74,77.81,12928.1
1783731600000,77.81,77.84,77.63,77.75,38500.7
1783732500000,77.75,78.02,77.74,77.96,33543.6
1783733400000,77.96,78.02,77.42,77.49,74955.8
1783734300000,77.49,77.66,77.47,77.51,27037.1
1783735200000,77.51,77.63,77.45,77.53,16259.2
1783736100000,77.53,77.67,77.53,77.61,25656.6
1783737000000,77.61,77.75,77.58,77.74,21224.4
1783737900000,77.74,77.78,77.7,77.74,22412.0
1783738800000,77.74,77.76,77.62,77.73,12141.3
1783739700000,77.73,77.78,77.56,77.67,24512.6
1783740600000,77.67,77.83,77.63,77.8,12677.6
1783741500000,77.8,77.83,77.73,77.74,10022.2
1783742400000,77.74,77.8,77.6,77.69,20345.8
1783743300000,77.69,77.74,77.6,77.65,11787.7
1783744200000,77.65,77.82,77.64,77.73,19009.2
1783745100000,77.73,77.76,77.62,77.69,14090.5
1783746000000,77.69,77.77,77.55,77.71,32143.6
1783746900000,77.71,77.85,77.67,77.81,23414.8
1783747800000,77.81,77.94,77.78,77.83,19256.1
1783748700000,77.83,77.87,77.76,77.86,12564.6
1783749600000,77.86,77.86,77.74,77.78,24918.3
1783750500000,77.78,78.0,77.77,77.93,37523.4
1783751400000,77.93,78.08,77.92,78.03,26842.5
1783752300000,78.03,78.07,77.93,78.0,19193.5
1783753200000,78.0,78.05,77.89,77.94,51313.4
1783754100000,77.94,78.08,77.93,77.99,17973.5
1783755000000,77.99,78.06,77.95,77.96,18807.1
1783755900000,77.96,77.98,77.93,77.94,14181.8
1783756800000,77.94,78.04,77.91,77.99,18377.7
1783757700000,77.99,78.05,77.97,77.98,8657.5
1783758600000,77.98,78.13,77.97,78.03,13384.5
1783759500000,78.03,78.14,77.98,78.13,42678.9
1783760400000,78.13,78.31,78.09,78.1,55791.0
1783761300000,78.1,78.18,78.0,78.04,25240.6
1783762200000,78.04,78.06,77.86,77.94,22697.8
1783763100000,77.94,77.94,77.78,77.8,87280.9
1783764000000,77.8,77.88,77.69,77.88,46274.1
1783764900000,77.88,77.9,77.75,77.9,27121.2
1783765800000,77.9,77.98,77.8,77.9,30339.1
1783766700000,77.9,78.05,77.9,78.0,38831.9
1783767600000,78.0,78.05,77.93,78.01,15729.4
1783768500000,78.01,78.03,77.94,77.99,17662.1
1783769400000,77.99,78.07,77.95,78.02,22543.5
1783770300000,78.02,78.09,78.0,78.06,16774.0
1783771200000,78.06,78.17,77.94,78.04,30078.8
1783772100000,78.04,78.09,77.97,78.03,10565.1
1783773000000,78.03,78.06,77.88,77.93,20975.7
1783773900000,77.93,78.07,77.92,78.04,13808.6
1783774800000,78.04,78.06,77.98,78.06,20444.3
1783775700000,78.06,78.23,78.03,78.18,31446.3
1783776600000,78.18,78.44,78.1,78.13,66414.8
1783777500000,78.13,78.23,78.11,78.13,22315.2
1783778400000,78.13,78.28,78.12,78.22,22640.0
1783779300000,78.22,78.47,78.21,78.34,46800.2
1783780200000,78.34,78.73,78.34,78.54,112090.7
1783781100000,78.54,78.56,78.41,78.45,22583.1
1783782000000,78.45,78.72,78.45,78.58,51456.8
1783782900000,78.58,78.85,78.49,78.71,90520.7
1783783800000,78.71,78.71,78.06,78.17,184371.5
1783784700000,78.17,78.38,77.91,78.35,114147.5
1783785600000,78.35,78.38,78.09,78.27,41663.0
1783786500000,78.27,78.28,78.01,78.13,91742.0
1783787400000,78.13,78.24,77.74,77.78,151066.7
1783788300000,77.78,77.93,77.62,77.91,55949.6
1783789200000,77.91,77.94,77.79,77.89,23285.7
1783790100000,77.89,78.01,77.79,78.0,39439.9
1783791000000,78.0,78.18,77.97,78.11,51825.1
1783791900000,78.11,78.16,77.99,78.06,14613.0
1783792800000,78.06,78.09,77.97,78.04,18590.5
1783793700000,78.04,78.28,78.04,78.18,33294.5
1783794600000,78.18,78.21,78.08,78.13,19466.9
1783795500000,78.13,78.13,78.01,78.06,18294.5
1783796400000,78.06,78.09,78.0,78.03,8971.8
1783797300000,78.03,78.07,77.84,77.86,18063.7
1783798200000,77.86,78.03,77.84,77.98,38612.4
1783799100000,77.98,78.11,77.92,78.11,26933.3
1783800000000,78.11,78.17,78.07,78.12,16254.5
1783800900000,78.12,78.2,78.12,78.19,10582.8
1783801800000,78.19,78.24,78.13,78.19,9639.0
1783802700000,78.19,78.22,78.11,78.13,10562.5
1783803600000,78.13,78.27,78.12,78.25,30324.0
1783804500000,78.25,78.29,78.16,78.21,18571.7
1783805400000,78.21,78.24,78.08,78.15,17198.3
1783806300000,78.15,78.26,78.13,78.18,12960.3
1783807200000,78.18,78.23,78.04,78.17,16884.8
1783808100000,78.17,78.17,77.69,77.89,85081.4
1783809000000,77.89,78.01,77.81,77.92,15660.5
1783809900000,77.92,77.93,77.73,77.84,56419.5
1783810800000,77.84,77.88,77.4,77.55,133963.9
1783811700000,77.55,77.56,76.8,76.94,290169.2
1783812600000,76.94,77.02,76.73,76.96,155568.8
1783813500000,76.96,77.09,76.72,76.73,41399.5
1783814400000,76.73,76.84,76.35,76.37,193308.0
1783815300000,76.37,76.53,76.3,76.31,69366.7
1783816200000,76.31,76.31,75.59,75.99,573410.0
1783817100000,75.99,76.12,75.86,76.06,85906.9
1783818000000,76.06,76.32,75.99,76.14,55433.6
1783818900000,76.14,76.65,76.09,76.59,140656.4
1783819800000,76.59,76.83,76.55,76.79,89860.8
1783820700000,76.79,76.84,76.69,76.8,43039.0
1783821600000,76.8,76.81,76.59,76.67,25315.6
1783822500000,76.67,76.87,76.64,76.83,45343.2
1783823400000,76.83,76.85,76.66,76.72,22574.6
1783824300000,76.72,76.88,76.7,76.8,20975.5
1783825200000,76.8,76.93,76.7,76.85,47697.0
1783826100000,76.85,76.98,76.78,76.95,79225.6
1783827000000,76.95,77.04,76.85,76.91,46697.6
1783827900000,76.91,77.01,76.87,77.01,21387.4
1783828800000,77.01,77.05,76.83,76.86,36561.0
1783829700000,76.86,77.02,76.79,76.83,34478.3
1783830600000,76.83,76.87,76.59,76.75,42807.6
1783831500000,76.75,76.76,76.56,76.67,22562.9
1783832400000,76.67,76.78,76.61,76.66,42599.0
1783833300000,76.66,76.67,76.34,76.4,47804.2
1783834200000,76.4,76.49,76.34,76.48,34383.5
1783835100000,76.48,76.48,76.38,76.38,16385.7
1783836000000,76.38,76.39,75.95,75.97,104067.3
1783836900000,75.97,76.09,75.8,75.87,62642.5
1783837800000,75.87,76.19,75.84,76.18,73926.9
1783838700000,76.18,76.34,76.15,76.3,41068.6
1783839600000,76.3,76.52,76.26,76.52,46139.9
1783840500000,76.52,76.66,76.47,76.5,42062.7
1783841400000,76.5,76.52,76.43,76.47,34600.4
1783842300000,76.47,76.5,76.38,76.47,24944.5
1783843200000,76.47,76.79,76.42,76.66,64767.7
1783844100000,76.66,76.74,76.56,76.59,27955.7
1783845000000,76.59,76.65,76.55,76.65,11382.4
1783845900000,76.65,76.68,76.55,76.66,14672.5
1783846800000,76.66,76.71,76.52,76.53,33650.7
1783847700000,76.53,76.54,76.34,76.49,33357.8
1783848600000,76.49,76.85,76.48,76.81,42617.5
1783849500000,76.81,76.87,76.69,76.72,35517.2
1783850400000,76.72,76.73,76.62,76.69,13576.1
1783851300000,76.69,76.81,76.63,76.74,22128.6
1783852200000,76.74,76.79,76.66,76.71,16950.4
1783853100000,76.71,76.75,76.66,76.67,9179.6
1783854000000,76.67,76.73,76.49,76.62,29122.2
1783854900000,76.62,76.82,76.62,76.81,22095.2
1783855800000,76.81,76.96,76.81,76.93,30670.3
1783856700000,76.93,77.24,76.9,76.9,97919.1
1783857600000,76.9,77.02,76.73,77.01,47932.6
1783858500000,77.01,77.1,76.96,77.07,26303.3
1783859400000,77.07,77.15,77.02,77.12,22881.4
1783860300000,77.12,77.19,77.02,77.15,31486.5
1783861200000,77.15,77.47,77.08,77.28,124650.1
1783862100000,77.28,77.32,77.17,77.24,29067.6
1783863000000,77.24,77.35,77.14,77.22,59207.7
1783863900000,77.22,77.27,77.09,77.11,17407.6
1783864800000,77.11,77.13,76.95,76.95,72035.7
1783865700000,76.95,77.02,76.93,77.0,31274.5
1783866600000,77.0,77.19,77.0,77.15,15838.6
1783867500000,77.15,77.69,77.13,77.51,171544.6
1783868400000,77.51,77.6,77.35,77.49,44488.0
1783869300000,77.49,77.57,77.36,77.52,45380.6
1783870200000,77.52,77.55,77.25,77.3,30141.7
1783871100000,77.3,77.52,77.3,77.44,37223.3
1783872000000,77.44,77.63,77.36,77.37,61475.8
1783872900000,77.37,77.57,77.35,77.53,31810.3
1783873800000,77.53,77.55,77.35,77.47,20974.4
1783874700000,77.47,77.62,77.47,77.5,28971.6
1783875600000,77.5,77.55,77.43,77.47,9383.2
1783876500000,77.47,77.47,77.37,77.39,11672.8
1783877400000,77.39,77.58,77.37,77.52,11093.0
1783878300000,77.52,77.52,77.2,77.31,44888.7
1783879200000,77.31,77.45,77.26,77.31,24521.0
1783880100000,77.31,77.37,77.19,77.33,20801.2
1783881000000,77.33,77.57,77.3,77.5,67363.1
1783881900000,77.5,77.61,77.49,77.53,33083.3
1783882800000,77.53,77.61,77.45,77.48,12875.3
1783883700000,77.48,77.59,77.48,77.53,12184.0
1783884600000,77.53,77.53,77.38,77.44,30891.7
1783885500000,77.44,77.77,77.43,77.63,39808.3
1783886400000,77.63,77.69,77.52,77.54,15056.3
1783887300000,77.54,77.54,77.45,77.48,15454.5
1783888200000,77.48,77.56,77.4,77.55,16637.0
1783889100000,77.55,77.57,77.38,77.42,14579.6
1783890000000,77.42,77.65,77.41,77.51,26509.4
1783890900000,77.51,77.52,77.18,77.23,34461.3
1783891800000,77.23,77.23,77.02,77.18,39705.8
1783892700000,77.18,77.23,76.94,77.06,64684.0
1783893600000,77.06,77.06,76.51,76.66,179572.5
1783894500000,76.66,76.73,76.42,76.68,70720.2
1783895400000,76.68,76.78,76.54,76.56,39389.1
1783896300000,76.56,76.78,76.45,76.73,36044.6
1783897200000,76.73,76.79,76.61,76.73,17508.1
1783898100000,76.73,76.78,76.67,76.76,9306.3
1783899000000,76.76,76.83,76.63,76.77,31262.9
1783899900000,76.77,76.92,76.64,76.88,39588.7
1783900800000,76.88,78.19,76.78,78.01,297281.5
1783901700000,78.01,78.18,77.66,77.67,112693.7
1783902600000,77.67,77.74,76.87,77.14,235246.4
1783903500000,77.14,77.58,77.12,77.46,116659.1
1783904400000,77.46,77.63,76.93,77.26,120646.2
1783905300000,77.26,77.48,76.95,77.0,97155.0
1783906200000,77.0,77.07,76.74,76.97,87784.9
1783907100000,76.97,76.98,76.24,76.27,129625.5
1783908000000,76.27,76.47,76.08,76.39,143817.3
1783908900000,76.39,76.6,76.3,76.55,89800.8
1783909800000,76.55,76.63,76.36,76.54,33503.1
1783910700000,76.54,76.61,76.39,76.44,25026.6
1783911600000,76.44,76.46,75.7,75.9,226039.7
1783912500000,75.9,76.09,75.58,76.03,119023.0
1783913400000,76.03,76.06,75.38,75.7,213619.7
1783914300000,75.7,75.88,75.66,75.82,47534.3
1783915200000,75.82,75.95,75.67,75.9,93502.5
1783916100000,75.9,76.11,75.9,76.06,37061.4
1783917000000,76.06,76.07,75.82,75.93,30662.7
1783917900000,75.93,76.08,75.85,75.88,31684.9
1783918800000,75.88,76.39,75.69,76.26,127679.8
1783919700000,76.26,76.4,76.03,76.09,40489.8
1783920600000,76.09,76.46,75.89,76.35,98965.1
1783921500000,76.35,76.39,76.26,76.37,21434.3
1783922400000,76.37,76.56,76.25,76.28,30639.6
1783923300000,76.28,76.46,76.24,76.46,29524.4
1783924200000,76.46,76.54,76.27,76.48,30818.7
1783925100000,76.48,76.51,76.25,76.29,35273.6
1783926000000,76.29,76.5,76.18,76.4,33429.4
1783926900000,76.4,76.63,76.28,76.57,33227.8
1783927800000,76.57,76.65,76.42,76.43,30666.6
1783928700000,76.43,76.45,76.34,76.41,20137.6
1783929600000,76.41,76.51,76.34,76.47,25679.7
1783930500000,76.47,76.52,76.35,76.45,18902.0
1783931400000,76.45,76.64,76.32,76.63,41563.4
1783932300000,76.63,76.85,76.58,76.67,149083.8
1783933200000,76.67,76.7,76.6,76.67,28379.1
1783934100000,76.67,76.68,76.56,76.62,21666.5
1783935000000,76.62,76.68,76.58,76.67,17834.7
1783935900000,76.67,76.67,76.56,76.58,21514.7
1783936800000,76.58,76.59,76.19,76.21,85439.7
1783937700000,76.21,76.41,76.15,76.29,80141.4
1783938600000,76.29,76.37,76.11,76.13,58032.3
1783939500000,76.13,76.29,76.05,76.24,43943.5
1783940400000,76.24,76.56,76.24,76.4,51525.4
1783941300000,76.4,76.47,76.27,76.39,23432.7
1783942200000,76.39,76.45,76.27,76.36,70687.5
1783943100000,76.36,76.49,76.29,76.3,18179.5
1783944000000,76.3,76.37,75.96,76.05,83763.9
1783944900000,76.05,76.24,75.92,75.93,97417.8
1783945800000,75.93,76.0,75.69,75.79,110718.0
1783946700000,75.79,75.89,75.76,75.82,71160.7
1783947600000,75.82,75.91,75.65,75.65,53128.8
1783948500000,75.65,75.68,75.46,75.57,138277.7
1783949400000,75.57,75.83,75.14,75.33,238304.7
1783950300000,75.33,75.43,75.05,75.37,189854.7
1783951200000,75.37,75.8,75.35,75.78,139409.2
1783952100000,75.78,76.12,75.3,75.82,270503.2
1783953000000,75.82,76.05,75.63,75.96,88812.6
1783953900000,75.96,76.16,75.93,76.11,91935.0
1783954800000,76.11,76.23,75.93,75.96,64559.4
1783955700000,75.96,76.3,75.96,76.13,105143.3
1783956600000,76.13,76.17,75.69,75.8,93149.0
1783957500000,75.8,75.92,75.71,75.78,80004.8
1783958400000,75.78,76.0,75.7,75.85,61791.6
1783959300000,75.85,75.85,75.42,75.45,130530.2
1783960200000,75.45,75.45,75.2,75.39,153541.7
1783961100000,75.39,75.48,75.14,75.25,77112.8
1783962000000,75.25,75.42,75.16,75.36,36757.5
1783962900000,75.36,75.39,75.25,75.28,35671.1
1783963800000,75.28,75.32,74.42,75.07,616908.8
1783964700000,75.07,75.1,74.46,74.54,166031.6
1783965600000,74.54,74.84,74.53,74.7,118553.3
1783966500000,74.7,74.92,74.52,74.87,81473.4
1783967400000,74.87,74.88,74.7,74.85,58289.5
1783968300000,74.85,75.0,74.8,74.81,42323.7
1783969200000,74.81,74.86,74.75,74.83,20765.4
1783970100000,74.83,74.9,74.7,74.73,95725.0
1783971000000,74.73,74.99,74.73,74.99,42578.6
1783971900000,74.99,75.18,74.86,75.15,59779.5
1783972800000,75.15,75.3,75.02,75.05,51650.9
1783973700000,75.05,75.05,74.74,74.91,119389.0
1783974600000,74.91,74.96,74.67,74.7,43360.2
1783975500000,74.7,74.75,74.53,74.75,40283.1
1783976400000,74.75,74.76,74.37,74.56,130363.5
1783977300000,74.56,74.56,74.39,74.45,47386.0
1783978200000,74.45,74.49,74.04,74.26,169876.5
1783979100000,74.26,74.42,74.19,74.36,51976.4
1783980000000,74.36,74.63,74.34,74.56,60557.7
1783980900000,74.56,74.69,74.55,74.59,21279.9
1783981800000,74.59,74.66,74.45,74.59,39559.6
1783982700000,74.59,74.63,74.4,74.48,31470.3
1783983600000,74.48,74.53,74.37,74.51,16526.7
1783984500000,74.51,74.82,74.5,74.69,29817.6
1783985400000,74.69,74.78,74.6,74.64,17204.9
1783986300000,74.64,74.96,74.61,74.95,49281.7
1783987200000,74.95,75.17,74.78,75.1,81172.9
1783988100000,75.1,75.16,74.98,75.11,37411.0
1783989000000,75.11,75.22,74.96,75.0,31856.7
1783989900000,75.0,75.45,75.0,75.4,75228.3
1783990800000,75.4,75.41,75.27,75.29,51350.8
1783991700000,75.29,75.52,75.25,75.28,50713.4
1783992600000,75.28,75.3,75.16,75.2,21878.7
1783993500000,75.2,75.35,75.2,75.24,28340.5
1783994400000,75.24,75.29,75.1,75.1,13785.8
1783995300000,75.1,75.14,74.82,74.88,60164.6
1783996200000,74.88,75.2,74.84,75.16,32634.1
1783997100000,75.16,75.24,74.99,75.02,42169.8
1783998000000,75.02,75.08,74.58,74.69,71347.0
1783998900000,74.69,74.78,74.5,74.78,44831.2
1783999800000,74.78,75.01,74.75,74.92,56284.2
1784000700000,74.92,75.12,74.91,75.1,25017.5
1784001600000,75.1,75.29,75.03,75.07,25970.2
1784002500000,75.07,75.19,74.98,75.12,26630.6
1784003400000,75.12,75.28,75.08,75.11,50473.0
1784004300000,75.11,75.19,75.03,75.1,26369.0
1784005200000,75.1,75.39,75.06,75.34,30003.4
1784006100000,75.34,75.43,75.23,75.37,17156.2
1784007000000,75.37,75.45,75.22,75.34,33006.7
1784007900000,75.34,75.38,75.29,75.36,12804.2
1784008800000,75.36,75.38,75.14,75.21,58795.5
1784009700000,75.21,75.28,75.15,75.18,18027.7
1784010600000,75.18,75.28,75.09,75.24,33674.2
1784011500000,75.24,75.24,75.05,75.11,27327.8
1784012400000,75.11,75.13,74.95,75.0,31860.6
1784013300000,75.0,75.2,74.96,75.18,32405.0
1784014200000,75.18,75.19,74.97,75.0,32219.3
1784015100000,75.0,75.0,74.86,74.91,33554.5
1784016000000,74.91,75.02,74.81,75.0,30086.2
1784016900000,75.0,75.33,75.0,75.27,33094.7
1784017800000,75.27,75.35,75.2,75.28,29774.7
1784018700000,75.28,75.29,75.1,75.13,19692.1
1784019600000,75.13,75.24,75.12,75.2,13553.3
1784020500000,75.2,75.27,75.07,75.07,20601.5
1784021400000,75.07,75.12,74.83,74.96,35224.0
1784022300000,74.96,75.1,74.92,75.03,23369.8
1784023200000,75.03,75.26,75.02,75.2,25347.8
1784024100000,75.2,75.23,75.02,75.06,18596.6
1784025000000,75.06,75.27,74.93,75.23,30413.6
1784025900000,75.23,75.57,75.21,75.41,73731.6
1784026800000,75.41,75.44,75.29,75.44,23592.9
1784027700000,75.44,75.55,75.35,75.51,31881.8
1784028600000,75.51,75.57,75.36,75.37,32306.1
1784029500000,75.37,75.45,75.31,75.35,25640.0
1784030400000,75.35,75.38,75.14,75.18,34696.2
1784031300000,75.18,75.6,75.16,75.38,82072.0
1784032200000,75.38,76.34,75.34,76.02,765744.4
1784033100000,76.02,76.94,76.02,76.83,376586.1
1784034000000,76.83,76.88,76.44,76.53,186690.1
1784034900000,76.53,77.78,76.53,77.42,830485.5
1784035800000,77.42,77.49,77.03,77.08,156514.3
1784036700000,77.08,77.25,76.8,76.93,119686.3
1784037600000,76.93,77.09,76.66,77.0,176487.9
1784038500000,77.0,77.08,76.7,76.85,89477.7
1784039400000,76.85,77.25,76.77,77.04,142279.6
1784040300000,77.04,77.47,76.91,77.34,122867.1
1784041200000,77.34,77.46,77.17,77.28,136813.9
1784042100000,77.28,77.5,77.14,77.44,70791.4
1784043000000,77.44,77.73,77.29,77.45,173520.4
1784043900000,77.45,77.93,77.26,77.34,271969.4
1784044800000,77.34,77.48,77.08,77.3,103639.0
1784045700000,77.3,77.58,77.19,77.5,102784.5
1784046600000,77.5,77.63,77.41,77.43,48592.9
1784047500000,77.43,77.48,77.23,77.26,66925.1
1784048400000,77.26,77.27,76.77,77.03,204277.0
1784049300000,77.03,77.1,76.83,77.05,100330.2
1784050200000,77.05,77.09,76.91,77.07,27795.9
1784051100000,77.07,77.24,76.96,77.16,38954.2
1784052000000,77.16,77.32,76.97,76.98,48858.9
1784052900000,76.98,77.12,76.95,77.03,18790.0
1784053800000,77.03,77.31,76.96,77.17,107050.9
1784054700000,77.17,77.31,77.16,77.26,15260.3
1784055600000,77.26,77.41,77.22,77.37,43351.8
1784056500000,77.37,77.5,77.24,77.25,68463.9
1784057400000,77.25,77.25,77.01,77.17,247051.3
1784058300000,77.17,77.24,77.08,77.13,58485.2
1784059200000,77.13,77.17,76.89,76.9,62356.8
1784060100000,76.9,76.99,76.89,76.91,16735.2
1784061000000,76.91,76.98,76.9,76.98,14209.8
1784061900000,76.98,77.15,76.97,77.14,17951.4
1784062800000,77.14,77.3,77.09,77.27,79917.9
1784063700000,77.27,77.31,77.17,77.24,15432.2
1784064600000,77.24,77.36,77.18,77.25,30936.4
1784065500000,77.25,77.26,77.12,77.17,13329.3
1784066400000,77.17,77.26,77.07,77.12,22103.5
1784067300000,77.12,77.61,77.09,77.54,112079.0
1784068200000,77.54,77.94,77.53,77.75,117053.0
1784069100000,77.75,77.88,77.56,77.57,35590.4
1784070000000,77.57,77.89,77.51,77.87,53271.6
1784070900000,77.87,77.87,77.57,77.64,68698.0
1784071800000,77.64,77.73,77.58,77.67,15822.8
1784072700000,77.67,77.82,77.67,77.82,41999.8
1784073600000,77.82,77.88,77.64,77.64,43201.3
1784074500000,77.64,77.71,77.54,77.56,38939.0
1784075400000,77.56,77.57,77.43,77.47,32119.8
1784076300000,77.47,77.66,77.47,77.62,19127.4
1784077200000,77.62,77.67,77.43,77.54,38521.0
1784078100000,77.54,77.78,77.51,77.74,22015.9
1784079000000,77.74,77.77,77.44,77.51,42112.0
1784079900000,77.51,77.53,77.25,77.39,86032.3
1784080800000,77.39,77.55,77.28,77.35,22305.8
1784081700000,77.35,77.38,77.1,77.11,57911.5
1784082600000,77.11,77.19,76.98,77.19,61365.9
1784083500000,77.19,77.26,77.09,77.25,44011.5
1784084400000,77.25,77.49,77.18,77.44,24473.4
1784085300000,77.44,77.49,77.4,77.47,12951.6
1784086200000,77.47,77.76,77.47,77.65,30855.9
1784087100000,77.65,77.85,77.61,77.74,28583.2
1784088000000,77.74,77.82,77.66,77.67,34457.7
1784088900000,77.67,77.77,77.56,77.57,28122.3
1784089800000,77.57,77.92,77.49,77.88,45840.0
1784090700000,77.88,78.13,77.88,77.97,102556.0
1784091600000,77.97,78.07,77.71,77.73,84309.5
1784092500000,77.73,77.85,77.62,77.62,18924.6
1784093400000,77.62,77.99,77.61,77.83,48944.3
1784094300000,77.83,78.29,77.79,78.22,98793.9
1784095200000,78.22,78.42,78.07,78.4,169160.2
1784096100000,78.4,78.44,78.21,78.27,107154.6
1784097000000,78.27,78.66,78.22,78.26,132086.6
1784097900000,78.26,78.33,77.88,77.89,90627.4
1784098800000,77.89,77.96,77.77,77.92,56614.1
1784099700000,77.92,77.94,77.42,77.49,103229.1
1784100600000,77.49,77.6,77.44,77.54,41590.7
1784101500000,77.54,77.55,77.36,77.38,36100.5
1784102400000,77.38,77.5,77.29,77.4,89522.7
1784103300000,77.4,77.48,77.18,77.37,61476.6
1784104200000,77.37,77.49,77.3,77.49,33044.6
1784105100000,77.49,77.58,77.44,77.54,49532.9
1784106000000,77.54,77.78,77.53,77.72,39024.0
1784106900000,77.72,77.87,77.7,77.75,49515.1
1784107800000,77.75,77.78,77.5,77.52,54794.1
1784108700000,77.52,77.57,77.38,77.42,33163.9
1784109600000,77.42,77.69,77.39,77.59,27835.6
1784110500000,77.59,77.64,77.26,77.27,35148.4
1784111400000,77.27,77.34,77.17,77.32,78554.8
1784112300000,77.32,77.37,77.28,77.33,16329.0
1784113200000,77.33,77.43,77.29,77.43,12649.4
1784114100000,77.43,77.45,77.3,77.34,22064.4
1784115000000,77.34,77.44,77.33,77.39,23774.3
1784115900000,77.39,77.49,77.36,77.49,31999.2
1784116800000,77.49,77.51,77.21,77.42,63979.7
1784117700000,77.42,77.48,77.22,77.4,37083.0
1784118600000,77.4,77.83,77.36,77.61,171308.4
1784119500000,77.61,78.34,77.58,78.25,276585.7
1784120400000,78.25,78.99,78.2,78.8,426405.8
1784121300000,78.8,79.01,78.45,78.65,151033.7
1784122200000,78.65,78.96,78.39,78.45,141714.0
1784123100000,78.45,78.45,77.65,78.07,339743.4
1784124000000,78.07,78.34,78.05,78.07,118059.7
1784124900000,78.07,78.34,77.72,78.09,171013.2
1784125800000,78.09,78.18,77.84,77.92,128472.1
1784126700000,77.92,78.19,77.78,78.17,55294.0
1784127600000,78.17,78.21,77.86,77.91,76465.2
1784128500000,77.91,78.15,77.7,78.02,126173.0
1784129400000,78.02,78.18,77.87,78.09,66462.8
1784130300000,78.09,78.17,77.88,78.02,73824.3
1784131200000,78.02,78.07,77.44,77.49,139737.2
1784132100000,77.49,77.7,77.33,77.69,111465.2
1784133000000,77.69,77.69,76.99,77.36,210516.8
1784133900000,77.36,77.65,77.3,77.59,124212.4
1784134800000,77.59,77.75,77.51,77.54,55290.6
1784135700000,77.54,77.72,77.45,77.68,57112.9
1784136600000,77.68,77.81,77.59,77.75,45172.3
1784137500000,77.75,78.01,77.63,77.78,104484.6
1784138400000,77.78,78.05,77.69,78.03,99122.6
1784139300000,78.03,78.04,77.86,77.93,26279.3
1784140200000,77.93,78.04,77.8,77.81,23856.0
1784141100000,77.81,77.87,77.46,77.54,84691.0
1784142000000,77.54,77.65,77.42,77.52,69617.9
1784142900000,77.52,77.52,77.06,77.16,158586.1
1784143800000,77.16,77.31,77.11,77.26,87009.8
1784144700000,77.26,77.26,76.88,77.12,179861.8
1784145600000,77.12,77.28,77.04,77.16,79649.4
1784146500000,77.16,77.44,77.15,77.38,38927.2
1784147400000,77.38,77.5,77.35,77.41,31964.4
1784148300000,77.41,77.43,77.33,77.34,15744.9
1784149200000,77.34,77.48,77.22,77.38,55758.8
1784150100000,77.38,77.43,77.29,77.32,17391.0
1784151000000,77.32,77.34,77.2,77.29,29764.7
1784151900000,77.29,77.39,77.28,77.39,9749.3
1784152800000,77.39,77.55,77.26,77.44,37253.9
1784153700000,77.44,77.64,77.4,77.64,26845.6
1784154600000,77.64,77.74,77.46,77.47,43841.9
1784155500000,77.47,77.67,77.4,77.46,61795.0
1784156400000,77.46,77.57,77.43,77.52,12163.1
1784157300000,77.52,77.54,77.36,77.39,54578.4
1784158200000,77.39,77.49,77.21,77.25,55906.7
1784159100000,77.25,77.32,77.15,77.23,48800.0
1784160000000,77.23,77.44,77.19,77.4,35012.6
1784160900000,77.4,77.42,76.92,76.99,68104.0
1784161800000,76.99,77.06,76.64,76.7,103130.6
1784162700000,76.7,76.96,76.64,76.89,50951.8
1784163600000,76.89,77.05,76.84,76.88,32366.2
1784164500000,76.88,76.9,76.64,76.79,48910.3
1784165400000,76.79,77.1,76.75,76.76,35957.2
1784166300000,76.76,77.12,76.75,77.05,63725.2
1784167200000,77.05,77.05,76.9,76.92,10062.1
1784168100000,76.92,77.04,76.81,76.99,16605.8
1784169000000,76.99,77.05,76.88,76.99,23790.2
1784169900000,76.99,77.11,76.99,77.09,11736.3
1784170800000,77.09,77.23,77.02,77.16,34050.8
1784171700000,77.16,77.16,76.9,76.99,21732.8
1784172600000,76.99,77.04,76.91,76.92,9106.3
1784173500000,76.92,76.93,76.75,76.89,51627.9
1784174400000,76.89,76.95,76.72,76.93,38271.5
1784175300000,76.93,76.93,76.67,76.81,31696.9
1784176200000,76.81,76.91,76.76,76.87,27090.5
1784177100000,76.87,76.87,76.53,76.76,91366.8
1784178000000,76.76,76.89,76.69,76.89,33617.5
1784178900000,76.89,77.31,76.89,77.22,170537.8
1784179800000,77.22,77.48,77.12,77.32,104801.3
1784180700000,77.32,77.47,77.29,77.45,76076.6
1784181600000,77.45,77.6,77.35,77.4,91269.3
1784182500000,77.4,77.42,77.27,77.34,88679.4
1784183400000,77.34,77.36,77.06,77.22,38209.4
1784184300000,77.22,77.38,77.19,77.31,15098.0
1784185200000,77.31,77.31,77.21,77.21,40685.6
1784186100000,77.21,77.23,76.92,76.98,63492.6
1784187000000,76.98,76.99,76.16,76.28,488317.4
1784187900000,76.28,76.41,76.15,76.4,162179.9
1784188800000,76.4,76.46,75.69,75.75,355684.8
1784189700000,75.75,76.25,75.57,76.23,287991.2
1784190600000,76.23,76.42,76.12,76.14,91271.5
1784191500000,76.14,76.29,75.99,76.11,65155.3
1784192400000,76.11,76.23,76.04,76.1,26382.4
1784193300000,76.1,76.16,76.0,76.03,29289.9
1784194200000,76.03,76.14,75.99,76.09,19851.0
1784195100000,76.09,76.1,75.95,75.99,56205.9
1784196000000,75.99,76.19,75.96,76.12,39768.8
1784196900000,76.12,76.26,76.1,76.24,20746.3
1784197800000,76.24,76.3,76.14,76.16,22903.9
1784198700000,76.16,76.17,76.09,76.16,16643.5
1784199600000,76.16,76.19,76.0,76.14,29691.5
1784200500000,76.14,76.2,76.0,76.04,18952.7
1784201400000,76.04,76.22,76.0,76.19,26679.2
1784202300000,76.19,76.24,76.0,76.22,65274.9
1784203200000,76.22,76.23,76.05,76.09,51120.0
1784204100000,76.09,76.2,75.91,76.2,82279.9
1784205000000,76.2,76.25,75.63,75.74,116021.0
1784205900000,75.74,75.99,75.69,75.87,67045.9
1784206800000,75.87,76.12,75.87,76.08,37060.1
1784207700000,76.08,76.39,76.08,76.38,63287.4
1784208600000,76.38,76.59,76.22,76.22,145245.1
1784209500000,76.22,76.4,76.08,76.32,74079.4
1784210400000,76.32,76.75,76.29,76.62,94889.8
1784211300000,76.62,76.75,76.41,76.6,55623.0
1784212200000,76.6,76.71,76.5,76.63,32670.7
1784213100000,76.63,76.65,76.13,76.46,163985.7
1784214000000,76.46,76.48,75.93,76.01,93868.2
1784214900000,76.01,76.86,75.96,76.69,155036.0
1784215800000,76.69,76.79,76.43,76.53,117481.2
1784216700000,76.53,76.83,76.47,76.58,91445.6
1784217600000,76.58,76.59,76.17,76.27,139428.5
1784218500000,76.27,76.38,76.14,76.33,35073.0
1784219400000,76.33,76.49,76.09,76.12,39576.2
1784220300000,76.12,76.3,76.05,76.23,26940.2
1784221200000,76.23,76.23,75.74,75.76,76179.9
1784222100000,75.76,75.95,75.67,75.82,75878.1
1784223000000,75.82,76.02,75.76,75.81,38730.5
1784223900000,75.81,75.88,75.34,75.57,236418.9
1784224800000,75.57,75.84,75.47,75.68,147635.7
1784225700000,75.68,75.88,75.63,75.78,36160.6
1784226600000,75.78,75.78,75.36,75.48,44597.3
1784227500000,75.48,75.74,75.47,75.67,29140.7
1784228400000,75.67,75.8,75.6,75.62,21757.4
1784229300000,75.62,75.77,75.56,75.76,13034.5
1784230200000,75.76,75.9,75.74,75.76,42714.3
1784231100000,75.76,75.89,75.69,75.76,83187.3
1784232000000,75.76,75.81,75.69,75.72,26234.6
1784232900000,75.72,75.85,75.66,75.79,16981.1
1784233800000,75.79,75.85,75.69,75.75,13992.4
1784234700000,75.75,75.84,75.7,75.76,16278.7
1784235600000,75.76,75.96,75.74,75.93,64014.4
1784236500000,75.93,75.97,75.84,75.86,17403.2
1784237400000,75.86,76.03,75.8,75.94,26057.2
1784238300000,75.94,75.97,75.84,75.9,12313.4
1784239200000,75.9,75.99,75.87,75.92,18149.2
1784240100000,75.92,75.92,75.51,75.55,47715.4
1784241000000,75.55,75.74,75.46,75.58,50518.0
1784241900000,75.58,75.61,75.13,75.29,228118.1
1784242800000,75.29,75.37,75.17,75.31,44626.6
1784243700000,75.31,75.35,74.96,75.11,119919.7
1784244600000,75.11,75.25,75.05,75.24,79518.9
1784245500000,75.24,75.35,75.16,75.26,24463.1
1784246400000,75.26,75.34,75.16,75.2,48040.6
1784247300000,75.2,75.4,75.19,75.27,26751.3
1784248200000,75.27,75.29,74.86,75.29,96352.7
1784249100000,75.29,75.52,75.28,75.52,53271.7
1784250000000,75.52,75.7,75.45,75.65,58120.9
1784250900000,75.65,75.68,75.4,75.64,57088.4
1784251800000,75.64,75.66,75.21,75.23,97699.6
1784252700000,75.23,75.23,74.94,75.06,103709.2
1784253600000,75.06,75.19,74.88,75.16,70188.2
1784254500000,75.16,75.24,75.02,75.08,39917.6
1784255400000,75.08,75.1,74.66,74.84,123431.7
1784256300000,74.84,74.98,74.79,74.95,31559.5
1784257200000,74.95,75.24,74.95,75.2,43482.6
1784258100000,75.2,75.41,75.17,75.35,61065.0
1784259000000,75.35,75.37,75.21,75.27,28777.3
1784259900000,75.27,75.27,75.12,75.18,19263.8
1784260800000,75.18,75.19,75.03,75.06,18827.3
1784261700000,75.06,75.11,74.71,74.9,94993.3
1784262600000,74.9,75.14,74.84,75.09,41462.3
1784263500000,75.09,75.31,75.08,75.2,37509.4
1784264400000,75.2,75.2,75.01,75.15,22454.2
1784265300000,75.15,75.16,74.77,74.78,44814.6
1784266200000,74.78,74.88,74.58,74.68,132689.9
1784267100000,74.68,74.68,74.24,74.36,282397.8
1784268000000,74.36,74.6,74.26,74.51,64469.7
1784268900000,74.51,74.72,74.41,74.66,59020.5
1784269800000,74.66,74.69,74.55,74.57,32867.1
1784270700000,74.57,74.57,74.44,74.55,23966.9
1784271600000,74.55,74.58,74.46,74.49,22007.8
1784272500000,74.49,74.53,74.36,74.53,38099.5
1784273400000,74.53,74.67,74.42,74.62,40277.4
1784274300000,74.62,74.71,74.55,74.56,29737.0
1784275200000,74.56,74.65,74.47,74.6,24277.3
1784276100000,74.6,74.6,74.29,74.46,50683.9
1784277000000,74.46,74.46,74.15,74.43,83243.6
1784277900000,74.43,74.59,74.42,74.48,22155.7
1784278800000,74.48,74.6,74.43,74.6,16373.5
1784279700000,74.6,74.67,74.46,74.63,18917.8
1784280600000,74.63,74.78,74.59,74.74,58957.0
1784281500000,74.74,74.75,74.58,74.61,28997.2
1784282400000,74.61,74.79,74.58,74.77,40328.5
1784283300000,74.77,74.8,74.67,74.7,16757.6
1784284200000,74.7,74.79,74.67,74.78,21273.6
1784285100000,74.78,74.86,74.73,74.74,41390.3
1784286000000,74.74,74.8,74.64,74.64,33885.1
1784286900000,74.64,74.8,74.6,74.76,27379.1
1784287800000,74.76,74.97,74.71,74.88,60614.0
1784288700000,74.88,74.92,74.78,74.82,21003.3
1784289600000,74.82,74.83,74.64,74.66,23029.0
1784290500000,74.66,74.76,74.58,74.63,30670.3
1784291400000,74.63,74.63,74.33,74.41,74950.4
1784292300000,74.41,74.46,74.33,74.36,20488.8
1784293200000,74.36,74.36,73.52,73.69,481112.5
1784294100000,73.69,73.86,73.59,73.79,92758.2
1784295000000,73.79,73.94,73.3,73.47,265214.2
1784295900000,73.47,74.32,73.34,74.29,201077.5
1784296800000,74.29,74.8,74.27,74.57,181616.3
1784297700000,74.57,74.68,74.36,74.44,68784.1
1784298600000,74.44,74.57,74.06,74.38,147430.3
1784299500000,74.38,74.4,74.16,74.28,77098.4
1784300400000,74.28,74.28,73.86,73.94,109568.5
1784301300000,73.94,74.25,73.8,74.23,145706.6
1784302200000,74.23,74.49,74.06,74.4,115691.3
1784303100000,74.4,74.78,74.31,74.74,114113.0
1784304000000,74.74,74.92,74.6,74.78,134012.1
1784304900000,74.78,74.9,74.57,74.78,122842.7
1784305800000,74.78,75.06,74.73,75.02,58590.0
1784306700000,75.02,75.1,74.87,74.91,62838.1
1784307600000,74.91,75.58,74.9,75.29,134013.4
1784308500000,75.29,75.38,75.15,75.23,55831.0
1784309400000,75.23,75.29,75.12,75.16,20542.9
1784310300000,75.16,75.34,75.13,75.2,27049.6
1784311200000,75.2,75.27,75.1,75.21,20790.0
1784312100000,75.21,75.21,74.97,75.08,31179.3
1784313000000,75.08,75.15,74.94,75.06,43234.6
1784313900000,75.06,75.38,75.05,75.29,44806.1
1784314800000,75.29,75.34,74.99,75.0,29793.7
1784315700000,75.0,75.04,74.82,75.0,39947.6
1784316600000,75.0,75.15,74.98,75.14,32861.3
1784317500000,75.14,75.21,75.06,75.17,31340.8
1784318400000,75.17,75.17,74.89,74.97,69903.2
1784319300000,74.97,75.05,74.94,75.03,11041.9
1784320200000,75.03,75.04,74.84,75.02,22472.5
1784321100000,75.02,75.12,74.91,75.05,29612.6
1784322000000,75.05,75.19,75.04,75.1,37436.1
1784322900000,75.1,75.16,75.04,75.1,25547.9
1784323800000,75.1,75.1,74.9,74.95,31715.9
1784324700000,74.95,75.02,74.92,74.97,8941.3
1784325600000,74.97,75.09,74.89,74.9,51294.1
1784326500000,74.9,74.93,74.79,74.86,19218.2
1784327400000,74.86,74.91,74.83,74.89,13560.7
1784328300000,74.89,74.98,74.89,74.97,17577.2
1784329200000,74.97,74.98,74.8,74.87,25930.3
1784330100000,74.87,75.0,74.86,74.99,8722.5
1784331000000,74.99,75.1,74.97,75.01,10808.7
1784331900000,75.01,75.05,74.97,74.99,16197.6
1784332800000,74.99,75.17,74.94,75.16,11679.4
1784333700000,75.16,75.24,75.08,75.17,14698.8
1784334600000,75.17,75.17,75.04,75.07,17203.1
1784335500000,75.07,75.12,75.0,75.06,21222.8
1784336400000,75.06,75.12,75.01,75.03,17979.9
1784337300000,75.03,75.18,75.01,75.15,8558.9
1784338200000,75.15,75.16,75.04,75.1,8488.9
1784339100000,75.1,75.19,75.1,75.18,7011.5
1784340000000,75.18,75.23,75.09,75.22,21730.3
1784340900000,75.22,75.32,75.21,75.27,19604.4
1784341800000,75.27,75.42,75.25,75.25,40779.9
1784342700000,75.25,75.27,75.16,75.16,16065.4
1784343600000,75.16,75.27,75.16,75.2,9573.6
1784344500000,75.2,75.23,75.11,75.11,15481.5
1784345400000,75.11,75.24,75.11,75.18,12045.1
1784346300000,75.18,75.33,75.17,75.33,12801.9
1784347200000,75.33,75.33,75.2,75.2,6254.0
1784348100000,75.2,75.21,75.12,75.18,15315.6
1784349000000,75.18,75.2,75.01,75.03,20463.0
1784349900000,75.03,75.12,75.03,75.05,5295.7
1784350800000,75.05,75.07,74.92,74.92,18234.1
1784351700000,74.92,75.03,74.9,74.98,38501.2
1784352600000,74.98,74.99,74.87,74.9,31012.7
1784353500000,74.9,74.96,74.82,74.89,27206.4
1784354400000,74.89,74.95,74.87,74.94,22387.6
1784355300000,74.94,75.05,74.92,75.0,25476.0
1784356200000,75.0,75.01,74.92,74.99,10223.9
1784357100000,74.99,75.04,74.93,74.93,9216.5
1784358000000,74.93,75.01,74.84,74.88,24290.1
1784358900000,74.88,74.94,74.86,74.9,21011.9
1784359800000,74.9,74.99,74.86,74.99,12351.7
1784360700000,74.99,75.0,74.87,74.92,6390.9
1784361600000,74.92,74.93,74.73,74.86,39228.5
1784362500000,74.86,74.95,74.86,74.95,9659.7
1784363400000,74.95,74.99,74.88,74.89,27849.3
1784364300000,74.89,74.96,74.89,74.92,9007.0
1784365200000,74.92,74.97,74.8,74.84,16899.5
1784366100000,74.84,74.85,74.62,74.65,70125.1
1784367000000,74.65,74.73,74.62,74.71,19752.7
1784367900000,74.71,74.81,74.7,74.81,13542.0
1784368800000,74.81,74.87,74.79,74.79,11162.6
1784369700000,74.79,74.88,74.76,74.88,13078.6
1784370600000,74.88,74.91,74.8,74.82,12173.8
1784371500000,74.82,74.86,74.82,74.86,5604.9
1784372400000,74.86,74.93,74.86,74.91,8757.8
1784373300000,74.91,74.97,74.89,74.96,12470.1
1784374200000,74.96,74.97,74.85,74.89,12208.7
1784375100000,74.89,74.98,74.87,74.92,9357.5
1784376000000,74.92,75.15,74.91,74.98,45834.4
1784376900000,74.98,74.98,74.67,74.7,42291.2
1784377800000,74.7,74.92,74.67,74.91,28979.0
1784378700000,74.91,75.06,74.91,74.96,27042.4
1784379600000,74.96,74.96,74.61,74.62,34462.4
1784380500000,74.62,74.71,74.46,74.64,85423.6
1784381400000,74.64,74.73,74.62,74.68,23084.5
1784382300000,74.68,74.7,74.62,74.69,9151.0
1784383200000,74.69,74.78,74.6,74.77,21489.9
1784384100000,74.77,74.87,74.69,74.87,16085.5
1784385000000,74.87,74.92,74.77,74.91,28539.1
1784385900000,74.91,74.98,74.86,74.96,25717.7
1784386800000,74.96,74.96,74.82,74.88,12048.1
1784387700000,74.88,74.98,74.81,74.83,12141.7
1784388600000,74.83,74.94,74.81,74.82,11899.5
1784389500000,74.82,75.02,74.76,74.93,31477.7
1784390400000,74.93,75.02,74.8,75.02,14671.0
1784391300000,75.02,75.06,74.9,74.98,18014.1
1784392200000,74.98,75.12,74.97,75.02,22585.5
1784393100000,75.02,75.25,75.01,75.13,108083.9
1784394000000,75.13,75.16,75.01,75.12,28476.2
1784394900000,75.12,75.34,75.04,75.08,43392.3
1784395800000,75.08,75.34,75.08,75.28,26913.0
1784396700000,75.28,75.37,75.22,75.31,32554.5
1784397600000,75.31,75.56,75.22,75.26,146977.7
1784398500000,75.26,75.6,75.21,75.41,83971.5
1784399400000,75.41,75.43,75.15,75.15,29733.9
1784400300000,75.15,75.26,75.15,75.24,17667.3
1784401200000,75.24,75.29,75.18,75.23,13405.4
1784402100000,75.23,75.41,75.19,75.21,30054.1
1784403000000,75.21,75.32,75.2,75.31,11011.6
1784403900000,75.31,75.41,75.3,75.4,11383.4
1784404800000,75.4,75.45,75.33,75.45,23265.7
1784405700000,75.45,75.54,75.37,75.37,22019.2
1784406600000,75.37,75.38,75.29,75.32,17755.0
1784407500000,75.32,75.44,75.28,75.43,8420.4
1784408400000,75.43,75.54,75.39,75.54,22822.3
1784409300000,75.54,75.6,75.41,75.47,33286.2
1784410200000,75.47,75.47,75.32,75.34,20296.7
1784411100000,75.34,75.49,75.29,75.43,26263.8
1784412000000,75.43,75.58,75.4,75.5,24247.6
1784412900000,75.5,75.54,75.41,75.42,20894.1
1784413800000,75.42,75.47,75.35,75.45,11368.9
1784414700000,75.45,75.55,75.42,75.53,25670.9
1784415600000,75.53,75.53,75.36,75.4,19677.4
1784416500000,75.4,75.54,75.39,75.53,12062.3
1784417400000,75.53,75.54,75.43,75.44,8750.5
1784418300000,75.44,75.49,75.41,75.46,7280.7
1784419200000,75.46,75.5,75.43,75.45,15015.4
1784420100000,75.45,75.55,75.4,75.44,17098.3
1784421000000,75.44,75.5,75.44,75.49,6681.2
1784421900000,75.49,75.64,75.47,75.58,23652.0
1784422800000,75.58,75.62,75.53,75.58,25187.0
1784423700000,75.58,75.62,75.53,75.55,16052.8
1784424600000,75.55,75.57,75.47,75.55,13432.1
1784425500000,75.55,75.71,75.55,75.64,46739.1
1784426400000,75.64,76.26,75.64,76.07,223218.2
1784427300000,76.07,76.2,75.91,76.01,65256.5
1784428200000,76.01,76.57,76.01,76.24,156077.3
1784429100000,76.24,76.32,76.15,76.15,37404.0
1784430000000,76.15,76.41,75.97,75.98,46778.8
1784430900000,75.98,75.99,75.75,75.84,41734.7
1784431800000,75.84,75.93,75.82,75.88,17467.4
1784432700000,75.88,75.92,75.82,75.91,9970.4
1784433600000,75.91,75.92,75.66,75.75,72722.0
1784434500000,75.75,75.86,75.74,75.86,15279.8
1784435400000,75.86,76.04,75.84,75.95,16226.2
1784436300000,75.95,76.01,75.88,75.94,9295.9
1784437200000,75.94,76.06,75.94,76.06,10136.4
1784438100000,76.06,76.06,75.93,75.95,18709.7
1784439000000,75.95,75.96,75.84,75.92,11793.3
1784439900000,75.92,76.02,75.92,75.93,13842.0
1784440800000,75.93,76.0,75.9,75.98,8408.1
1784441700000,75.98,76.06,75.93,75.97,20441.8
1784442600000,75.97,76.05,75.93,76.02,17480.0
1784443500000,76.02,76.12,75.96,76.06,28436.0
1784444400000,76.06,76.09,75.96,76.01,11309.9
1784445300000,76.01,76.19,75.99,76.14,21823.6
1784446200000,76.14,76.3,76.12,76.22,41390.8
1784447100000,76.22,76.23,76.03,76.1,45390.9
1784448000000,76.1,76.27,76.03,76.21,33223.4
1784448900000,76.21,76.21,76.1,76.16,16173.0
1784449800000,76.16,76.28,76.1,76.22,26453.7
1784450700000,76.22,76.34,76.17,76.24,18730.1
1784451600000,76.24,76.27,76.09,76.09,41344.0
1784452500000,76.09,76.09,75.89,75.99,50024.4
1784453400000,75.99,76.07,75.88,75.92,30226.7
1784454300000,75.92,76.0,75.91,75.95,22125.3
1784455200000,75.95,76.03,75.84,75.96,36933.6
1784456100000,75.96,76.04,75.93,76.03,18731.7
1784457000000,76.03,76.17,76.0,76.16,17803.5
1784457900000,76.16,76.49,76.15,76.23,174098.8
1784458800000,76.23,76.36,76.12,76.26,31282.1
1784459700000,76.26,76.38,76.2,76.24,31130.5
1784460600000,76.24,76.26,76.12,76.17,8709.2
1784461500000,76.17,76.18,76.01,76.04,23880.9
1784462400000,76.04,76.04,75.74,75.74,70925.4
1784463300000,75.74,76.16,75.71,75.94,67424.0
1784464200000,75.94,76.14,75.94,76.02,23124.0
1784465100000,76.02,76.02,75.87,75.98,24337.4
1784466000000,75.98,76.02,75.88,75.88,30669.6
1784466900000,75.88,76.0,75.84,75.98,40912.6
1784467800000,75.98,76.08,75.94,75.97,19552.5
1784468700000,75.97,76.12,75.95,76.07,16746.2
1784469600000,76.07,76.26,76.07,76.22,33311.9
1784470500000,76.22,76.26,76.02,76.22,25071.1
1784471400000,76.22,76.51,76.21,76.36,101579.3
1784472300000,76.36,76.66,76.34,76.4,103814.2
1784473200000,76.4,76.45,76.18,76.28,48606.3
1784474100000,76.28,76.32,76.07,76.07,23944.3
1784475000000,76.07,76.25,76.05,76.16,21466.3
1784475900000,76.16,76.26,76.13,76.18,16234.9
1784476800000,76.18,76.25,75.97,76.08,32291.3
1784477700000,76.08,76.16,76.02,76.06,10444.7
1784478600000,76.06,76.06,75.88,75.91,81057.6
1784479500000,75.91,75.96,75.82,75.87,36988.3
1784480400000,75.87,76.18,75.5,76.12,195529.2
1784481300000,76.12,76.21,75.97,76.07,45431.3
1784482200000,76.07,76.19,75.94,75.96,39442.1
1784483100000,75.96,76.02,75.91,75.92,14110.8
1784484000000,75.92,75.94,75.31,75.64,258862.4
1784484900000,75.64,75.66,75.51,75.53,28453.0
1784485800000,75.53,75.71,75.46,75.65,21211.3
1784486700000,75.65,75.72,75.56,75.72,14198.5
1784487600000,75.72,75.82,75.58,75.8,14321.3
1784488500000,75.8,75.82,75.75,75.8,9181.7
1784489400000,75.8,75.85,75.72,75.74,11153.1
1784490300000,75.74,75.85,75.69,75.85,9308.5
1784491200000,75.85,75.99,75.85,75.91,24472.2
1784492100000,75.91,75.95,75.82,75.93,7289.1
1784493000000,75.93,76.05,75.9,76.01,12923.0
1784493900000,76.01,76.13,75.95,76.12,49452.0
1784494800000,76.12,76.22,76.08,76.16,79782.6
1784495700000,76.16,76.17,75.93,76.02,15203.8
1784496600000,76.02,76.02,75.68,75.78,81162.0
1784497500000,75.78,75.85,75.67,75.74,36476.9
1784498400000,75.74,76.17,75.57,76.1,107086.0
1784499300000,76.1,76.4,76.08,76.1,81355.4
1784500200000,76.1,76.23,75.99,76.21,23824.3
1784501100000,76.21,76.21,76.04,76.05,19574.2
1784502000000,76.05,76.12,75.83,76.1,38549.0
1784502900000,76.1,76.34,76.02,76.23,30996.7
1784503800000,76.23,76.53,76.22,76.52,89327.7
1784504700000,76.52,76.54,76.26,76.33,29347.2
1784505600000,76.33,76.9,76.09,76.82,182088.1
1784506500000,76.82,77.09,76.55,76.69,111591.6
1784507400000,76.69,77.05,76.58,76.92,67010.7
1784508300000,76.92,76.99,76.26,76.52,164738.6
1784509200000,76.52,77.39,76.52,76.97,199453.1
1784510100000,76.97,77.2,76.69,76.89,96617.0
1784511000000,76.89,76.94,76.46,76.63,76231.4
1784511900000,76.63,76.69,76.23,76.35,95767.4
1784512800000,76.35,76.96,76.31,76.78,71072.2
1784513700000,76.78,76.82,76.39,76.46,51941.2
1784514600000,76.46,76.94,76.41,76.79,53568.9
1784515500000,76.79,77.17,76.78,76.93,104606.0
1784516400000,76.93,77.05,76.79,76.93,51734.0
1784517300000,76.93,77.0,76.5,76.54,43772.8
1784518200000,76.54,76.81,76.49,76.79,20910.0
1784519100000,76.79,76.83,76.6,76.71,19978.3
1784520000000,76.71,76.73,76.33,76.4,40422.9
1784520900000,76.4,76.58,76.25,76.52,40192.6
1784521800000,76.52,76.91,76.52,76.75,54339.7
1784522700000,76.75,76.82,76.41,76.42,34226.5
1784523600000,76.42,76.45,75.72,76.04,120192.0
1784524500000,76.04,76.24,75.88,76.03,56635.4
1784525400000,76.03,76.11,75.9,75.94,48685.3
1784526300000,75.94,75.95,75.76,75.88,65801.2
1784527200000,75.88,76.01,75.82,75.97,37457.2
1784528100000,75.97,76.01,75.8,75.96,19900.7
1784529000000,75.96,75.99,75.46,75.74,140018.4
1784529900000,75.74,75.79,75.54,75.61,41594.1
1784530800000,75.61,75.75,75.61,75.7,22108.3
1784531700000,75.7,75.95,75.49,75.92,49714.3
1784532600000,75.92,76.05,75.84,76.05,39064.2
1784533500000,76.05,76.21,75.98,76.19,46919.6
1784534400000,76.19,76.33,76.07,76.25,50238.5
1784535300000,76.25,76.42,76.18,76.26,52997.7
1784536200000,76.26,76.31,75.85,75.85,129311.9
1784537100000,75.85,76.21,75.85,76.11,52053.4
1784538000000,76.11,76.2,76.03,76.19,17172.7
1784538900000,76.19,76.55,76.18,76.54,56928.1
1784539800000,76.54,76.71,76.5,76.58,90745.9
1784540700000,76.58,76.68,76.42,76.43,47994.8
1784541600000,76.43,76.45,76.33,76.44,25810.6
1784542500000,76.44,76.66,76.38,76.51,28932.4
1784543400000,76.51,76.52,76.38,76.49,24582.2
1784544300000,76.49,76.49,76.29,76.32,23920.3
1784545200000,76.32,76.59,76.28,76.53,71661.0
1784546100000,76.53,76.58,76.32,76.38,36034.2
1784547000000,76.38,77.17,76.36,76.96,245244.7
1784547900000,76.96,77.22,76.96,77.11,142009.4
1784548800000,77.11,77.13,76.68,76.84,127247.2
1784549700000,76.84,76.93,76.73,76.81,92183.4
1784550600000,76.81,76.9,76.61,76.63,45672.5
1784551500000,76.63,76.87,76.63,76.71,26037.7
1784552400000,76.71,76.78,76.66,76.66,20950.0
1784553300000,76.66,76.79,76.54,76.72,55763.7
1784554200000,76.72,77.1,76.63,76.89,100499.9
1784555100000,76.89,76.92,76.08,76.24,276604.8
1784556000000,76.24,76.4,75.96,76.08,118533.8
1784556900000,76.08,76.33,75.73,76.32,112392.3
1784557800000,76.32,76.36,76.12,76.21,47336.8
1784558700000,76.21,76.43,75.97,76.11,39180.1
1784559600000,76.11,77.07,76.06,77.02,172240.4
1784560500000,77.02,77.12,76.88,77.0,134259.3
1784561400000,77.0,77.33,76.82,77.26,110016.3
1784562300000,77.26,77.91,77.26,77.75,442966.1
1784563200000,77.75,77.84,77.55,77.77,130901.8
1784564100000,77.77,77.87,77.48,77.58,74035.9
1784565000000,77.58,77.72,77.44,77.56,104373.3
1784565900000,77.56,77.79,77.55,77.65,100730.4
1784566800000,77.65,77.72,77.58,77.58,56988.7
1784567700000,77.58,77.65,77.51,77.56,23421.1
1784568600000,77.56,77.57,77.32,77.38,46764.2
1784569500000,77.38,77.89,77.38,77.73,129310.4
1784570400000,77.73,78.36,77.73,78.18,249689.1
1784571300000,78.18,78.34,77.94,78.04,70812.3
1784572200000,78.04,78.04,77.71,77.72,58750.3
1784573100000,77.72,77.8,77.57,77.64,132074.5
1784574000000,77.64,77.69,77.35,77.35,109754.8
1784574900000,77.35,77.61,77.24,77.51,116481.3
1784575800000,77.51,77.56,77.32,77.52,42797.2
1784576700000,77.52,77.66,77.43,77.6,49695.5
1784577600000,77.6,77.7,77.5,77.68,33216.3
1784578500000,77.68,77.84,77.61,77.81,17539.0
1784579400000,77.81,78.03,77.78,77.85,37752.2
1784580300000,77.85,77.92,77.8,77.86,14356.3
1784581200000,77.86,78.01,77.81,77.89,66820.6
1784582100000,77.89,78.03,77.87,77.92,19656.8
1784583000000,77.92,78.0,77.85,77.89,18556.2
1784583900000,77.89,77.94,77.71,77.73,21085.5
1784584800000,77.73,77.83,77.59,77.72,39969.4
1784585700000,77.72,77.72,77.57,77.64,17444.6
1784586600000,77.64,77.69,77.43,77.45,44406.6
1784587500000,77.45,77.51,77.41,77.42,14305.2
1784588400000,77.42,77.61,77.4,77.52,18540.7
1784589300000,77.52,77.73,77.52,77.69,12358.8
1784590200000,77.69,77.79,77.62,77.73,13690.7
1784591100000,77.73,77.86,77.65,77.81,20345.3
1784592000000,77.81,77.92,77.72,77.8,30748.6
1784592900000,77.8,78.05,77.74,77.95,39545.1
1784593800000,77.95,78.22,77.94,78.18,47265.5
1784594700000,78.18,78.25,78.09,78.09,18997.7
1784595600000,78.09,78.2,77.97,78.1,28813.8
1784596500000,78.1,78.1,77.89,77.94,28738.9
1784597400000,77.94,78.07,77.87,77.93,23196.2
1784598300000,77.93,78.01,77.8,77.81,28498.0
1784599200000,77.81,78.02,77.76,77.81,17631.0
1784600100000,77.81,77.84,77.63,77.72,17709.5
1784601000000,77.72,77.98,77.72,77.96,13403.6
1784601900000,77.96,78.22,77.89,77.99,18628.3
1784602800000,77.99,78.56,77.99,78.27,97519.5
1784603700000,78.27,78.33,78.13,78.27,26082.2
1784604600000,78.27,78.35,78.16,78.22,19376.2
1784605500000,78.22,78.26,78.12,78.17,16207.3
1784606400000,78.17,78.38,78.09,78.09,51666.1
1784607300000,78.09,78.25,77.98,78.01,40623.8
1784608200000,78.01,78.23,77.99,78.11,32465.3
1784609100000,78.11,78.14,78.04,78.09,9045.8
1784610000000,78.09,78.26,78.08,78.23,24730.5
1784610900000,78.23,78.38,78.11,78.35,20875.5
1784611800000,78.35,78.43,78.3,78.4,29272.3
1784612700000,78.4,78.65,78.35,78.42,84876.6
1784613600000,78.42,78.59,78.26,78.36,43124.8
1784614500000,78.36,78.46,78.27,78.42,19018.3
1784615400000,78.42,78.86,78.4,78.67,129699.2
1784616300000,78.67,78.69,78.52,78.62,29811.5
1784617200000,78.62,78.72,78.54,78.63,21413.1
1784618100000,78.63,78.67,78.43,78.52,28742.5
1784619000000,78.52,78.63,78.46,78.47,31480.2
1784619900000,78.47,78.64,78.45,78.53,60807.4
1784620800000,78.53,78.58,78.34,78.55,48293.5
1784621700000,78.55,78.71,78.33,78.35,70597.0
1784622600000,78.35,78.45,78.32,78.39,37170.8
1784623500000,78.39,78.44,78.3,78.32,27914.2
1784624400000,78.32,78.32,78.12,78.22,50702.7
1784625300000,78.22,78.27,78.15,78.24,28118.8
1784626200000,78.24,78.41,78.22,78.39,32821.0
1784627100000,78.39,78.46,78.33,78.38,19265.1
1784628000000,78.38,78.45,78.32,78.37,31274.1
1784628900000,78.37,78.42,78.27,78.34,32859.1
1784629800000,78.34,78.39,78.24,78.24,26167.7
1784630700000,78.24,78.3,78.03,78.16,65522.4
1784631600000,78.16,78.19,78.06,78.11,41031.5
1784632500000,78.11,78.2,78.07,78.2,34982.5
1784633400000,78.2,78.33,78.19,78.29,22339.0
1784634300000,78.29,78.38,78.29,78.31,16282.9
1784635200000,78.31,78.47,78.25,78.34,38047.0
1784636100000,78.34,78.52,78.23,78.26,121847.6
1784637000000,78.26,78.5,78.23,78.38,53132.9
1784637900000,78.38,78.5,78.37,78.49,35951.5
1784638800000,78.49,78.6,78.39,78.51,36873.8
1784639700000,78.51,78.54,78.28,78.38,38201.5
1784640600000,78.38,78.45,78.16,78.23,63155.3
1784641500000,78.23,78.61,78.21,78.56,53414.0
1784642400000,78.56,78.61,78.33,78.45,93822.8
1784643300000,78.45,78.48,77.99,78.09,193910.5
1784644200000,78.09,78.25,77.87,78.1,87275.7
1784645100000,78.1,78.2,77.91,77.97,73349.2
1784646000000,77.97,78.01,77.75,77.87,161425.0
1784646900000,77.87,78.09,77.84,77.93,77554.0
1784647800000,77.93,78.1,77.79,77.92,42741.3
1784648700000,77.92,78.14,77.88,78.11,23905.2
1784649600000,78.11,78.22,77.96,78.05,28104.7
1784650500000,78.05,78.07,77.95,77.96,22870.8
1784651400000,77.96,78.15,77.94,78.04,33237.7
1784652300000,78.04,78.2,77.98,78.16,26720.3
1784653200000,78.16,78.21,77.94,77.97,24786.6
1784654100000,77.97,77.99,77.79,77.85,25340.4
1784655000000,77.85,77.93,77.81,77.88,32172.6
1784655900000,77.88,77.9,77.34,77.7,225552.1
1784656800000,77.7,77.87,77.56,77.82,66439.1
1784657700000,77.82,77.97,77.78,77.85,32088.1
1784658600000,77.85,77.97,77.68,77.93,36222.4
1784659500000,77.93,77.96,77.78,77.83,20100.4
1784660400000,77.83,77.88,77.72,77.72,26143.0
1784661300000,77.72,77.94,77.67,77.87,23496.3
1784662200000,77.87,77.96,77.85,77.86,16159.3
1784663100000,77.86,77.88,77.68,77.83,53291.6
1784664000000,77.83,78.01,77.78,77.87,81651.7
1784664900000,77.87,77.89,77.8,77.86,15005.6
1784665800000,77.86,78.09,77.86,77.98,54629.4
1784666700000,77.98,78.01,77.84,77.87,38595.8
1784667600000,77.87,78.05,77.76,77.98,49612.0
1784668500000,77.98,78.04,77.95,77.95,16182.6
1784669400000,77.95,78.13,77.93,78.08,34118.6
1784670300000,78.08,78.1,77.97,78.01,16897.7
1784671200000,78.01,78.03,77.88,77.95,28523.1
1784672100000,77.95,77.99,77.85,77.94,15548.1
1784673000000,77.94,78.03,77.9,77.92,16793.7
1784673900000,77.92,77.96,77.81,77.95,16946.4
1784674800000,77.95,77.95,77.77,77.78,17251.2
1784675700000,77.78,77.92,77.77,77.92,8744.4
1784676600000,77.92,78.05,77.88,78.01,15533.2
1784677500000,78.01,78.17,78.01,78.09,28774.2
1784678400000,78.09,78.47,78.07,78.47,75379.7
1784679300000,78.47,78.55,78.33,78.39,95080.6
1784680200000,78.39,78.52,78.28,78.48,44987.9
1784681100000,78.48,78.55,78.37,78.41,26206.7
1784682000000,78.41,78.48,78.29,78.29,53224.2
1784682900000,78.29,78.34,78.11,78.23,69236.2
1784683800000,78.23,78.36,78.16,78.27,15066.0
1784684700000,78.27,78.48,78.25,78.31,21186.8
1784685600000,78.31,78.37,78.15,78.33,23170.0
1784686500000,78.33,78.46,78.3,78.38,17996.0
1784687400000,78.38,78.38,78.13,78.21,14727.7
1784688300000,78.21,78.25,78.04,78.08,18446.3
1784689200000,78.08,78.2,77.9,77.91,29810.1
1784690100000,77.91,78.13,77.91,78.1,12948.6
1784691000000,78.1,78.13,77.92,78.0,17643.4
1784691900000,78.0,78.11,77.74,77.83,38613.9
1784692800000,77.83,78.09,77.78,78.06,28972.4
1784693700000,78.06,78.18,78.05,78.13,28016.0
1784694600000,78.13,78.19,78.03,78.19,39796.3
1784695500000,78.19,78.21,78.0,78.03,30769.2
1784696400000,78.03,78.04,77.8,77.86,24110.1
1784697300000,77.86,77.87,77.47,77.5,89098.8
1784698200000,77.5,77.65,77.43,77.5,102376.6
1784699100000,77.5,77.6,77.35,77.38,96352.4
1784700000000,77.38,77.46,77.15,77.25,168813.5
1784700900000,77.25,77.25,76.95,77.08,114197.6
1784701800000,77.08,77.28,76.96,77.21,115747.5
1784702700000,77.21,77.29,77.08,77.26,51155.6
1784703600000,77.26,77.29,77.14,77.19,39513.5
1784704500000,77.19,77.28,77.1,77.26,34107.6
1784705400000,77.26,77.27,76.93,77.09,78273.3
1784706300000,77.09,77.13,76.99,77.07,40931.6
1784707200000,77.07,77.27,77.02,77.17,54420.3
1784708100000,77.17,77.51,77.15,77.36,156400.5
1784709000000,77.36,77.42,77.27,77.28,41587.9
1784709900000,77.28,77.43,77.28,77.4,19873.8
1784710800000,77.4,77.54,77.34,77.36,27545.4
1784711700000,77.36,77.46,77.32,77.4,12138.9
1784712600000,77.4,77.43,77.25,77.39,37166.1
1784713500000,77.39,77.56,77.34,77.52,30467.2
1784714400000,77.52,77.58,77.42,77.47,17861.3
1784715300000,77.47,77.6,77.4,77.56,18441.2
1784716200000,77.56,77.62,77.51,77.58,15326.4
1784717100000,77.58,77.71,77.56,77.63,46222.4
1784718000000,77.63,77.7,77.59,77.63,22301.8
1784718900000,77.63,77.81,77.55,77.64,59474.8
1784719800000,77.64,77.71,77.42,77.49,58224.7
1784720700000,77.49,77.63,77.47,77.53,11227.8
1784721600000,77.53,77.54,77.29,77.4,50300.9
1784722500000,77.4,77.44,77.13,77.15,131887.9
1784723400000,77.15,77.25,77.1,77.17,74807.2
1784724300000,77.17,77.29,77.0,77.2,104605.5
1784725200000,77.2,77.31,77.06,77.29,73149.8
1784726100000,77.29,77.3,77.18,77.25,15320.1
1784727000000,77.25,77.79,77.18,77.77,310580.5
1784727900000,77.77,77.95,77.7,77.85,116950.7
1784728800000,77.85,78.4,77.79,78.04,207442.2
1784729700000,78.04,78.04,77.37,77.42,251969.8
1784730600000,77.42,77.9,77.36,77.65,105591.2
1784731500000,77.65,77.86,77.61,77.86,23474.7
1784732400000,77.86,78.43,77.86,78.37,285996.8
1784733300000,78.37,78.85,78.21,78.65,207970.9
1784734200000,78.65,78.75,78.39,78.5,75216.3
1784735100000,78.5,78.6,78.36,78.44,42713.0
1784736000000,78.44,78.54,78.31,78.38,46580.3
1784736900000,78.38,78.39,78.06,78.17,60187.5
1784737800000,78.17,78.78,78.14,78.64,155179.3
1784738700000,78.64,78.67,78.41,78.54,80058.7
1784739600000,78.54,78.61,78.45,78.5,22689.7
1784740500000,78.5,78.5,78.11,78.24,51402.9
1784741400000,78.24,78.49,78.2,78.43,30776.1
1784742300000,78.43,78.48,78.13,78.17,32772.3
1784743200000,78.17,78.25,77.96,78.04,84083.9
1784744100000,78.04,78.1,77.76,77.77,54375.9
1784745000000,77.77,77.77,77.41,77.47,103011.4
1784745900000,77.47,77.74,77.43,77.71,52047.0
1784746800000,77.71,77.77,77.26,77.4,94129.2
1784747700000,77.4,77.72,77.38,77.61,37974.7
1784748600000,77.61,77.7,77.47,77.5,54489.8
1784749500000,77.5,77.67,77.46,77.62,44667.3
1784750400000,77.62,77.85,77.52,77.83,104366.0
1784751300000,77.83,77.89,77.76,77.86,19803.9
1784752200000,77.86,77.91,77.74,77.85,34891.1
1784753100000,77.85,77.85,77.69,77.76,33577.6
1784754000000,77.76,77.83,77.7,77.7,12955.9
1784754900000,77.7,77.77,77.63,77.66,23477.3
1784755800000,77.66,78.01,77.65,77.96,38238.2
1784756700000,77.96,78.03,77.88,77.98,24213.9
1784757600000,77.98,78.09,77.81,78.03,49042.3
1784758500000,78.03,78.04,77.9,78.03,11369.5
1784759400000,78.03,78.03,77.6,77.72,156210.1
1784760300000,77.72,78.02,77.72,77.97,25442.0
1784761200000,77.97,77.99,77.49,77.51,62329.8
1784762100000,77.51,77.71,77.43,77.69,31167.2
1784763000000,77.69,77.78,77.65,77.76,7489.6
1784763900000,77.76,77.97,77.74,77.93,22989.0
1784764800000,77.93,78.36,77.93,78.26,77630.1
1784765700000,78.26,78.5,78.22,78.38,86814.1
1784766600000,78.38,78.43,78.25,78.28,39983.0
1784767500000,78.28,78.4,78.18,78.22,26276.9
1784768400000,78.22,78.37,78.12,78.17,26695.2
1784769300000,78.17,78.2,78.0,78.03,25318.0
1784770200000,78.03,78.05,77.82,77.85,31208.0
1784771100000,77.85,77.94,77.83,77.85,21459.4
1784772000000,77.85,77.85,77.59,77.59,34723.9
1784772900000,77.59,77.63,77.32,77.44,85191.2
1784773800000,77.44,77.64,77.42,77.58,52824.8
1784774700000,77.58,77.74,77.55,77.7,28361.8
1784775600000,77.7,77.74,77.45,77.52,37728.0
1784776500000,77.52,77.63,77.42,77.54,27518.6
1784777400000,77.54,77.66,77.51,77.61,6229.8
1784778300000,77.61,77.62,77.47,77.55,38607.7
1784779200000,77.55,77.65,77.48,77.65,13825.4
1784780100000,77.65,77.77,77.55,77.74,21233.3
1784781000000,77.74,77.77,77.52,77.56,41441.6
1784781900000,77.56,77.66,77.39,77.49,27070.0
1784782800000,77.49,77.52,77.33,77.46,86064.8
1784783700000,77.46,77.61,77.32,77.61,66686.4
1784784600000,77.61,77.68,77.53,77.58,20922.7
1784785500000,77.58,77.61,77.42,77.48,23000.7
1784786400000,77.48,77.53,77.34,77.44,20835.4
1784787300000,77.44,77.51,77.29,77.47,25454.7
1784788200000,77.47,77.53,77.41,77.47,14845.9
1784789100000,77.47,77.54,77.46,77.53,20198.3
1784790000000,77.53,77.53,76.97,77.17,134976.6
1784790900000,77.17,77.17,77.04,77.13,34134.9
1784791800000,77.13,77.15,77.05,77.05,57156.6
1784792700000,77.05,77.18,77.0,77.11,30210.4
1784793600000,77.11,77.29,77.05,77.27,37583.4
1784794500000,77.27,77.34,77.2,77.29,34443.4
1784795400000,77.29,77.42,77.29,77.4,23572.9
1784796300000,77.4,77.45,77.33,77.43,20886.3
1784797200000,77.43,77.57,77.35,77.5,57233.1
1784798100000,77.5,77.6,77.49,77.54,21914.0
1784799000000,77.54,77.57,77.49,77.55,13991.6
1784799900000,77.55,77.57,77.43,77.46,16078.4
1784800800000,77.46,77.54,77.38,77.54,16542.8
1784801700000,77.54,77.72,77.49,77.72,44513.7
1784802600000,77.72,77.77,77.68,77.71,34081.0
1784803500000,77.71,77.71,77.63,77.69,22646.1
1784804400000,77.69,77.83,77.65,77.8,26172.2
1784805300000,77.8,77.82,77.66,77.68,18010.8
1784806200000,77.68,77.71,77.6,77.62,25736.7
1784807100000,77.62,77.69,77.55,77.61,58464.5
1784808000000,77.61,77.67,77.54,77.62,23607.1
1784808900000,77.62,77.7,77.46,77.48,58558.0
1784809800000,77.48,77.49,76.75,76.84,182982.5
1784810700000,76.84,76.95,76.4,76.88,306587.8
1784811600000,76.88,76.98,76.65,76.71,90692.3
1784812500000,76.71,76.78,76.51,76.64,57816.1
1784813400000,76.64,76.98,76.59,76.93,103520.0
1784814300000,76.93,76.99,76.65,76.65,81358.2
1784815200000,76.65,76.83,76.56,76.78,57761.6
1784816100000,76.78,76.8,76.54,76.71,65698.0
1784817000000,76.71,76.81,76.59,76.63,40985.5
1784817900000,76.63,76.64,76.29,76.4,170177.2
1784818800000,76.4,76.4,75.81,75.9,289956.0
1784819700000,75.9,76.36,75.81,76.24,298993.6
1784820600000,76.24,76.38,76.11,76.29,51583.9
1784821500000,76.29,76.41,76.16,76.35,46857.0
1784822400000,76.35,76.36,75.93,76.05,115546.8
1784823300000,76.05,76.14,75.79,76.11,91340.8
1784824200000,76.11,76.14,75.94,76.02,40425.9
1784825100000,76.02,76.09,75.96,75.98,24350.8
1784826000000,75.98,76.03,75.84,75.96,42460.0
1784826900000,75.96,76.15,75.9,76.07,45677.1
1784827800000,76.07,76.1,75.9,75.96,33399.5
1784828700000,75.96,75.98,75.42,75.61,364805.7
1784829600000,75.61,75.73,75.52,75.71,104696.3
1784830500000,75.71,75.78,75.58,75.76,24729.6
1784831400000,75.76,75.8,75.56,75.67,39222.3
1784832300000,75.67,75.82,75.67,75.78,55026.2
1784833200000,75.78,75.82,75.46,75.54,77055.7
1784834100000,75.54,75.74,75.51,75.72,30173.6
1784835000000,75.72,75.79,75.55,75.59,16568.7
1784835900000,75.59,75.74,75.36,75.69,83189.2
1784836800000,75.69,76.01,75.65,76.0,50295.0
1784837700000,76.0,76.14,75.96,76.1,35886.0
1784838600000,76.1,76.12,76.01,76.02,19151.8
1784839500000,76.02,76.13,76.02,76.09,13003.9
1784840400000,76.09,76.23,75.89,75.95,98109.0
1784841300000,75.95,76.05,75.87,75.99,25062.6
1784842200000,75.99,76.07,75.96,76.01,16851.7
1784843100000,76.01,76.03,75.93,76.01,5990.2
1784844000000,76.01,76.06,75.87,75.92,27230.2
1784844900000,75.92,76.15,75.79,76.07,35161.6
1784845800000,76.07,76.2,76.06,76.17,33400.8
1784846700000,76.17,76.18,76.08,76.14,11496.9
1784847600000,76.14,76.2,76.1,76.13,14028.2
1784848500000,76.13,76.2,76.11,76.15,15016.3
1784849400000,76.15,76.17,76.03,76.06,19465.6
1784850300000,76.06,76.07,75.82,75.82,69557.7
1784851200000,75.82,75.85,75.58,75.69,51619.9
1784852100000,75.69,75.85,75.67,75.71,19943.2
1784853000000,75.71,75.74,75.48,75.61,112184.5
1784853900000,75.61,75.8,75.61,75.78,34334.0
1784854800000,75.78,75.98,75.74,75.86,61228.8
1784855700000,75.86,76.08,75.8,75.9,100220.7
1784856600000,75.9,76.0,75.84,75.86,26842.0
1784857500000,75.86,75.87,75.63,75.66,30752.7
1784858400000,75.66,75.88,75.65,75.86,20880.5
1784859300000,75.86,75.88,75.69,75.76,18956.8
1784860200000,75.76,75.76,75.4,75.54,46243.6
1784861100000,75.54,75.54,75.25,75.5,88212.1
1784862000000,75.5,75.8,75.43,75.76,24174.0
1784862900000,75.76,75.93,75.76,75.85,49941.3
1784863800000,75.85,75.9,75.71,75.85,15827.7
1784864700000,75.85,75.87,75.77,75.8,11263.0
1784865600000,75.8,75.82,75.64,75.65,28262.8
1784866500000,75.65,75.78,75.59,75.76,26761.2
1784867400000,75.76,75.79,75.61,75.69,8893.6
1784868300000,75.69,75.7,75.56,75.62,11477.8
1784869200000,75.62,75.81,75.55,75.75,31133.8
1784870100000,75.75,75.87,75.73,75.82,29435.1
1784871000000,75.82,75.83,75.65,75.81,16789.9
1784871900000,75.81,75.82,75.68,75.75,22003.9
1784872800000,75.75,75.84,75.7,75.84,11979.6
1784873700000,75.84,75.98,75.8,75.82,25854.9
1784874600000,75.82,75.93,75.75,75.78,36767.5
1784875500000,75.78,75.83,75.75,75.81,10571.5
1784876400000,75.81,76.41,75.81,76.36,110512.6
1784877300000,76.36,76.36,76.06,76.1,60641.7
1784878200000,76.1,76.19,75.72,75.8,75473.5
1784879100000,75.8,76.04,75.79,76.01,29862.7
1784880000000,76.01,76.03,75.9,75.96,23982.5
1784880900000,75.96,75.97,75.64,75.78,69349.6
1784881800000,75.78,75.88,75.77,75.87,19111.9
1784882700000,75.87,75.87,75.71,75.73,19737.9
1784883600000,75.73,75.8,75.41,75.44,79653.1
1784884500000,75.44,75.53,75.28,75.51,112623.8
1784885400000,75.51,75.56,75.38,75.54,62549.7
1784886300000,75.54,75.62,75.51,75.57,18770.1
1784887200000,75.57,75.61,75.39,75.43,16273.3
1784888100000,75.43,75.53,75.35,75.49,25846.0
1784889000000,75.49,75.56,75.44,75.45,12104.3
1784889900000,75.45,75.53,75.32,75.42,22531.5
1784890800000,75.42,75.44,75.27,75.32,32602.4
1784891700000,75.32,75.48,75.15,75.26,183455.5
1784892600000,75.26,75.28,75.07,75.11,104056.7
1784893500000,75.11,75.19,74.87,75.15,138302.6
1784894400000,75.15,75.2,75.04,75.14,31490.4
1784895300000,75.14,75.26,75.12,75.12,33294.8
1784896200000,75.12,75.22,74.92,74.95,29824.2
1784897100000,74.95,75.0,74.76,74.81,94942.6
1784898000000,74.81,74.88,74.19,74.47,312064.2
1784898900000,74.47,74.69,74.4,74.5,94748.0
1784899800000,74.5,74.54,74.26,74.45,92296.2
1784900700000,74.45,74.53,73.93,74.16,336086.7
1784901600000,74.16,74.23,73.92,73.92,121586.2
1784902500000,73.92,74.0,73.59,73.92,221219.2
1784903400000,73.92,73.93,73.65,73.69,68667.0
1784904300000,73.69,74.0,73.55,74.0,117740.3
1784905200000,74.0,74.1,73.63,74.09,86853.0
1784906100000,74.09,74.16,73.88,74.1,94896.6
1784907000000,74.1,74.25,74.05,74.08,126637.1
1784907900000,74.08,74.14,73.94,73.99,50002.5
1784908800000,73.99,74.18,73.93,74.04,39001.1
1784909700000,74.04,74.14,73.97,73.99,47326.6
1784910600000,73.99,73.99,73.77,73.78,55085.5
1784911500000,73.78,73.93,73.66,73.86,50757.4
1784912400000,73.86,73.94,73.81,73.91,52106.2
1784913300000,73.91,74.09,73.89,74.06,21704.4
1784914200000,74.06,74.09,74.0,74.03,24664.4
1784915100000,74.03,74.05,73.87,74.0,106035.1
1784916000000,74.0,74.03,73.92,74.03,13542.2
1784916900000,74.03,74.03,73.91,73.95,17025.6
1784917800000,73.95,73.99,73.85,73.91,27887.0
1784918700000,73.91,74.01,73.89,73.93,14284.2
1784919600000,73.93,73.95,73.73,73.78,36669.7
1784920500000,73.78,73.92,73.77,73.92,11142.0
1784921400000,73.92,74.01,73.84,73.95,30078.2
1784922300000,73.95,74.0,73.86,73.91,22532.2
1784923200000,73.91,73.98,73.81,73.9,8044.1
1784924100000,73.9,73.95,73.84,73.85,17539.4
1784925000000,73.85,73.85,73.69,73.76,25965.8
1784925900000,73.76,73.8,73.66,73.73,17377.8
1784926800000,73.73,73.78,73.41,73.53,143097.8
1784927700000,73.53,73.66,73.39,73.66,39560.6
1784928600000,73.66,73.75,73.64,73.68,39530.8
1784929500000,73.68,73.76,73.57,73.59,25662.0
1784930400000,73.59,73.79,73.58,73.78,49186.4
1784931300000,73.78,73.84,73.75,73.81,43893.8
1784932200000,73.81,73.93,73.81,73.89,31534.1
1784933100000,73.89,73.93,73.87,73.9,16385.3
1784934000000,73.9,73.99,73.84,73.87,20130.0
1784934900000,73.87,73.88,73.81,73.87,11672.6
1784935800000,73.87,73.93,73.82,73.89,11901.9
1784936700000,73.89,73.92,73.87,73.92,7494.4
1784937600000,73.92,73.98,73.9,73.97,11350.4
1784938500000,73.97,74.02,73.91,74.01,19001.0
1784939400000,74.01,74.11,73.95,74.0,59334.5
1784940300000,74.0,74.08,73.89,74.08,43626.3
1784941200000,74.08,74.19,74.0,74.03,21947.1
1784942100000,74.03,74.06,73.96,74.0,37161.7
1784943000000,74.0,74.18,73.97,74.18,20447.8
1784943900000,74.18,74.21,74.06,74.08,20060.0
1784944800000,74.08,74.16,74.06,74.08,11851.4
1784945700000,74.08,74.15,74.01,74.13,12294.6
1784946600000,74.13,74.17,74.06,74.09,6161.6
1784947500000,74.09,74.09,74.01,74.07,22378.9
1784948400000,74.07,74.16,74.0,74.11,13935.3
1784949300000,74.11,74.28,74.07,74.18,15705.8
1784950200000,74.18,74.21,74.12,74.16,7753.9
1784951100000,74.16,74.16,74.05,74.09,10149.9
1784952000000,74.09,74.25,74.08,74.25,17546.7
1784952900000,74.25,74.31,74.22,74.25,30023.0
1784953800000,74.25,74.29,74.18,74.24,20107.4
1784954700000,74.24,74.29,74.21,74.28,21206.8
1784955600000,74.28,74.32,74.15,74.17,17243.0
1784956500000,74.17,74.21,74.14,74.16,11263.6
1784957400000,74.16,74.17,73.99,74.0,20335.5
1784958300000,74.0,74.0,73.86,73.93,26866.5
1784959200000,73.93,73.98,73.89,73.96,16072.7
1784960100000,73.96,73.96,73.78,73.83,63273.1
1784961000000,73.83,73.87,73.72,73.84,37814.6
1784961900000,73.84,74.0,73.79,74.0,33869.0
1784962800000,74.0,74.02,73.91,73.92,27933.9
1784963700000,73.92,73.93,73.81,73.83,17885.3
1784964600000,73.83,73.88,73.79,73.84,20999.2
1784965500000,73.84,73.87,73.74,73.75,22560.3
1784966400000,73.75,73.75,73.51,73.71,82961.9
1784967300000,73.71,73.83,73.7,73.83,18436.9
1784968200000,73.83,73.84,73.73,73.77,11486.2
1784969100000,73.77,73.79,73.7,73.76,24247.9
1784970000000,73.76,73.86,73.72,73.83,12384.8
1784970900000,73.83,73.97,73.83,73.96,47806.3
1784971800000,73.96,74.0,73.9,73.93,30911.6
1784972700000,73.93,74.02,73.92,73.95,28899.3
1784973600000,73.95,73.98,73.93,73.97,8098.5
1784974500000,73.97,74.0,73.87,73.94,15484.6
1784975400000,73.94,73.95,73.88,73.9,7321.4
1784976300000,73.9,73.95,73.86,73.95,7691.9
1784977200000,73.95,74.01,73.92,73.97,11776.2
1784978100000,73.97,73.98,73.87,73.88,21156.0
1784979000000,73.88,73.94,73.81,73.85,35559.9
1784979900000,73.85,73.9,73.85,73.87,13014.1
1784980800000,73.87,73.88,73.82,73.87,22348.6
1784981700000,73.87,73.95,73.84,73.89,13791.7
1784982600000,73.89,73.9,73.82,73.89,18246.4
1784983500000,73.89,73.93,73.85,73.93,8702.1
1784984400000,73.93,73.97,73.9,73.92,16325.4
1784985300000,73.92,74.03,73.91,73.96,22865.3
1784986200000,73.96,74.12,73.92,74.08,30648.5
1784987100000,74.08,74.15,73.92,73.93,27939.8
1784988000000,73.93,73.94,73.73,73.84,49086.1
1784988900000,73.84,73.85,73.75,73.8,21329.9
1784989800000,73.8,73.95,73.8,73.92,25625.3
1784990700000,73.92,74.03,73.87,74.01,19118.3
1784991600000,74.01,74.18,73.96,74.15,27639.5
1784992500000,74.15,74.28,74.12,74.15,29729.9
1784993400000,74.15,74.22,74.1,74.18,23154.3
1784994300000,74.18,74.2,74.12,74.12,8418.2
1784995200000,74.12,74.26,74.08,74.25,30637.3
1784996100000,74.25,74.25,74.04,74.12,27108.3
1784997000000,74.12,74.3,74.12,74.28,24090.4
1784997900000,74.28,74.39,74.21,74.27,35210.3
1784998800000,74.27,74.34,74.26,74.29,10285.5
1784999700000,74.29,74.54,74.29,74.43,72640.4
1785000600000,74.43,74.58,74.4,74.57,30753.4
1785001500000,74.57,74.62,74.41,74.43,23550.8
1785002400000,74.43,74.63,74.43,74.48,28069.9
1785003300000,74.48,74.53,74.43,74.52,9767.5
1785004200000,74.52,74.59,74.48,74.5,38789.5
1785005100000,74.5,74.67,74.5,74.62,34508.2
1785006000000,74.62,74.69,74.57,74.64,31255.8
1785006900000,74.64,74.65,74.55,74.56,13955.9
1785007800000,74.56,74.57,74.48,74.53,38675.4
1785008700000,74.53,74.58,74.49,74.52,15335.2
1785009600000,74.52,74.54,74.39,74.46,53790.6
1785010500000,74.46,74.49,74.36,74.44,33923.0
1785011400000,74.44,74.46,74.37,74.41,13287.5
1785012300000,74.41,74.42,74.35,74.4,15756.7
1785013200000,74.4,74.4,74.22,74.3,24245.0
1785014100000,74.3,74.39,74.25,74.38,12783.0
1785015000000,74.38,74.5,74.34,74.46,26304.3
1785015900000,74.46,74.56,74.39,74.42,37757.1
1785016800000,74.42,74.45,74.37,74.42,8819.1
1785017700000,74.42,74.42,74.34,74.34,8813.1
1785018600000,74.34,74.41,74.25,74.39,27170.3
1785019500000,74.39,74.5,74.36,74.46,32771.9
1785020400000,74.46,74.48,74.4,74.45,30231.9
1785021300000,74.45,74.45,74.37,74.42,12572.3
1785022200000,74.42,74.5,74.41,74.41,7676.5
1785023100000,74.41,74.49,74.39,74.49,11765.9
1785024000000,74.49,74.65,74.43,74.6,55701.6
1785024900000,74.6,74.93,74.6,74.85,83240.1
1785025800000,74.85,74.86,74.63,74.66,37204.1
1785026700000,74.66,74.77,74.6,74.74,18807.4
1785027600000,74.74,74.78,74.66,74.73,10094.5
1785028500000,74.73,74.74,74.63,74.65,12003.2
1785029400000,74.65,74.75,74.64,74.75,11014.0
1785030300000,74.75,74.85,74.71,74.79,13860.6
1785031200000,74.79,74.83,74.67,74.74,19781.2
1785032100000,74.74,74.8,74.69,74.77,7860.2
1785033000000,74.77,74.8,74.67,74.75,28783.6
1785033900000,74.75,74.9,74.75,74.86,50403.2
1785034800000,74.86,75.05,74.79,74.97,60548.0
1785035700000,74.97,74.97,74.87,74.88,10188.0
1785036600000,74.88,74.97,74.86,74.92,14213.0
1785037500000,74.92,74.99,74.91,74.99,10432.1
1785038400000,74.99,75.1,74.92,74.95,28842.1
1785039300000,74.95,75.1,74.91,75.09,18322.3
1785040200000,75.09,75.17,75.04,75.15,35109.9
1785041100000,75.15,75.19,74.99,75.04,18193.3
1785042000000,75.04,75.14,74.96,75.12,12210.2
1785042900000,75.12,75.12,74.99,74.99,9918.1
1785043800000,74.99,75.08,74.91,75.08,20531.3
1785044700000,75.08,75.08,74.97,74.99,22047.5
1785045600000,74.99,75.03,74.8,74.83,34312.3
1785046500000,74.83,74.86,74.7,74.74,47821.1
1785047400000,74.74,74.91,74.72,74.9,25114.6
1785048300000,74.9,75.1,74.89,75.09,16307.2
1785049200000,75.09,75.13,74.95,74.99,30999.9
1785050100000,74.99,75.01,74.9,74.91,14413.1
1785051000000,74.91,74.96,74.86,74.86,18665.8
1785051900000,74.86,74.91,74.81,74.83,12951.5
1785052800000,74.83,74.91,74.8,74.89,15468.0
1785053700000,74.89,74.91,74.81,74.87,15976.4
1785054600000,74.87,74.91,74.83,74.89,6431.3
1785055500000,74.89,75.01,74.88,74.94,14718.4
1785056400000,74.94,75.08,74.94,74.98,10101.2
1785057300000,74.98,75.07,74.97,75.03,18949.8
1785058200000,75.03,75.27,74.98,75.12,82475.0
1785059100000,75.12,75.16,75.03,75.03,34488.2
1785060000000,75.03,75.14,74.97,75.09,12382.9
1785060900000,75.09,75.16,75.07,75.1,11437.5
1785061800000,75.1,75.2,75.09,75.19,22780.8
1785062700000,75.19,75.23,75.07,75.08,24086.9
1785063600000,75.08,75.14,75.01,75.06,21248.3
1785064500000,75.06,75.07,75.01,75.02,9741.9
1785065400000,75.02,75.06,74.86,74.88,40970.8
1785066300000,74.88,74.92,74.85,74.91,23738.8
1785067200000,74.91,75.1,74.9,74.99,35106.4
1785068100000,74.99,75.04,74.83,74.94,27415.6
1785069000000,74.94,74.96,74.79,74.83,25172.5
1785069900000,74.83,74.85,74.76,74.81,20122.9
1785070800000,74.81,74.85,74.71,74.75,29696.9
1785071700000,74.75,74.92,74.75,74.82,25236.7
1785072600000,74.82,74.91,74.74,74.9,30520.7
1785073500000,74.9,74.94,74.82,74.89,17978.8
1785074400000,74.89,75.19,74.88,75.09,91118.4
1785075300000,75.09,75.09,74.87,74.89,22855.9
1785076200000,74.89,74.99,74.85,74.93,28129.1
1785077100000,74.93,75.04,74.92,75.01,43797.5
1785078000000,75.01,75.12,74.92,74.95,47558.5
1785078900000,74.95,75.36,74.94,75.17,65844.0
1785079800000,75.17,75.4,75.12,75.33,80749.2
1785080700000,75.33,75.46,75.28,75.45,59817.5
1785081600000,75.45,75.49,75.26,75.38,33024.6
1785082500000,75.38,75.67,75.38,75.63,83737.8
1785083400000,75.63,75.94,75.57,75.61,103501.3
1785084300000,75.61,75.69,75.49,75.49,52021.6
1785085200000,75.49,75.54,75.36,75.53,23417.6
1785086100000,75.53,75.56,75.24,75.3,34450.6
1785087000000,75.3,75.39,75.26,75.34,17113.0
1785087900000,75.34,75.39,75.3,75.33,14738.9
1785088800000,75.33,75.37,75.24,75.27,14352.4
1785089700000,75.27,75.39,75.26,75.3,10408.1
1785090600000,75.3,75.36,75.25,75.33,16426.9
1785091500000,75.33,75.4,75.3,75.35,6549.6
1785092400000,75.35,75.43,75.21,75.22,38559.0
1785093300000,75.22,75.29,75.21,75.24,4363.8
1785094200000,75.24,75.29,75.21,75.23,10656.4
1785095100000,75.23,75.3,75.21,75.29,6925.5
1785096000000,75.29,75.36,75.29,75.31,18277.7
1785096900000,75.31,75.34,75.28,75.32,10301.7
1785097800000,75.32,75.35,75.29,75.31,5720.0
1785098700000,75.31,75.33,75.27,75.3,10855.0
1785099600000,75.3,75.45,75.28,75.37,29074.1
1785100500000,75.37,75.67,75.36,75.58,64664.3
1785101400000,75.58,75.63,75.48,75.52,42884.5
1785102300000,75.52,75.72,75.5,75.61,31052.2
1785103200000,75.61,76.17,75.61,76.07,205096.9
1785104100000,76.07,76.39,76.06,76.34,156977.7
1785105000000,76.34,76.78,76.3,76.62,201354.8
1785105900000,76.62,76.71,76.51,76.68,47976.9
1785106800000,76.68,77.08,76.58,76.78,146394.8
1785107700000,76.78,76.99,76.64,76.66,62641.7
1785108600000,76.66,76.7,76.49,76.67,49014.3
1785109500000,76.67,76.75,76.57,76.74,27844.5
1785110400000,76.74,76.77,76.46,76.58,78333.6
1785111300000,76.58,76.58,76.33,76.46,56049.6
1785112200000,76.46,76.51,76.36,76.38,19397.5
1785113100000,76.38,76.5,76.16,76.3,50037.8
1785114000000,76.3,76.43,76.22,76.23,32098.0
1785114900000,76.23,76.28,76.12,76.19,56960.5
1785115800000,76.19,76.32,75.95,76.22,81721.8
1785116700000,76.22,76.52,76.19,76.49,63164.3
1785117600000,76.49,76.58,76.39,76.47,40810.5
1785118500000,76.47,76.6,76.42,76.55,15708.0
1785119400000,76.55,76.64,76.4,76.55,32099.6
1785120300000,76.55,76.6,76.33,76.4,22447.1
1785121200000,76.4,76.52,76.32,76.41,11969.0
1785122100000,76.41,76.5,76.37,76.42,9845.6
1785123000000,76.42,76.47,76.32,76.46,9393.7
1785123900000,76.46,76.46,76.3,76.38,16419.4
1785124800000,76.38,76.49,76.3,76.39,18929.3
1785125700000,76.39,76.6,76.3,76.36,29235.7
1785126600000,76.36,76.41,76.24,76.4,28692.2
1785127500000,76.4,76.41,76.28,76.28,19857.3
1785128400000,76.28,76.45,76.23,76.43,18161.9
1785129300000,76.43,76.47,76.29,76.4,84129.2
1785130200000,76.4,76.43,76.31,76.34,18871.1
1785131100000,76.34,76.62,76.27,76.53,30497.1
1785132000000,76.53,76.95,76.5,76.85,115571.0
1785132900000,76.85,76.91,76.62,76.65,47723.2
1785133800000,76.65,76.9,76.6,76.82,17924.1
1785134700000,76.82,76.83,76.61,76.69,27294.0
1785135600000,76.69,76.72,76.53,76.66,43829.9
1785136500000,76.66,76.67,76.52,76.52,12479.1
1785137400000,76.52,76.53,76.34,76.48,34815.9
1785138300000,76.48,76.58,76.42,76.42,28367.9
1785139200000,76.42,76.46,76.25,76.34,31822.0
1785140100000,76.34,76.4,76.24,76.36,22340.7
1785141000000,76.36,76.36,76.24,76.26,19488.7
1785141900000,76.26,76.35,76.18,76.26,27738.5
1785142800000,76.26,76.26,76.07,76.14,58391.0
1785143700000,76.14,76.32,76.13,76.32,46686.0
1785144600000,76.32,76.49,76.26,76.42,25223.6
1785145500000,76.42,76.53,76.39,76.45,26190.8
1785146400000,76.45,76.48,76.37,76.44,18637.6
1785147300000,76.44,76.62,76.44,76.56,46721.7
1785148200000,76.56,76.63,76.51,76.61,19844.7
1785149100000,76.61,76.64,76.54,76.59,13269.3
1785150000000,76.59,76.59,76.45,76.54,21964.8
1785150900000,76.54,76.63,76.46,76.46,23272.5
1785151800000,76.46,76.65,76.46,76.59,21727.2
1785152700000,76.59,76.6,76.46,76.49,32504.2
1785153600000,76.49,76.75,76.46,76.52,44850.1
1785154500000,76.52,76.61,76.34,76.35,41805.8
1785155400000,76.35,76.86,76.21,76.84,198241.2
1785156300000,76.84,77.05,76.77,76.83,173604.4
1785157200000,76.83,76.94,76.58,76.59,71798.1
1785158100000,76.59,76.65,76.43,76.47,65292.4
1785159000000,76.47,77.49,76.43,77.35,358153.8
1785159900000,77.35,77.44,76.73,76.87,197911.7
1785160800000,76.87,76.96,76.66,76.89,85601.4
1785161700000,76.89,76.95,75.75,75.77,268759.4
1785162600000,75.77,75.78,75.0,75.06,406329.0
1785163500000,75.06,75.6,74.98,75.44,146471.7
1785164400000,75.44,75.57,75.28,75.5,61088.9
1785165300000,75.5,75.57,75.22,75.33,59477.5
1785166200000,75.33,75.44,75.04,75.39,62181.6
1785167100000,75.39,75.44,75.24,75.24,23231.2
1785168000000,75.24,75.35,75.14,75.25,56055.2
1785168900000,75.25,75.73,75.11,75.66,126487.2
1785169800000,75.66,75.87,75.66,75.8,65119.3
1785170700000,75.8,75.95,75.72,75.91,39725.3
1785171600000,75.91,75.99,75.78,75.92,51747.5
1785172500000,75.92,76.23,75.88,75.97,73447.7
1785173400000,75.97,76.13,75.92,75.93,52612.8
1785174300000,75.93,75.93,75.8,75.86,24865.3
1785175200000,75.86,75.97,75.73,75.75,22463.2
1785176100000,75.75,75.75,75.5,75.57,89099.0
1785177000000,75.57,75.59,75.22,75.38,106639.7
1785177900000,75.38,75.57,75.25,75.57,42669.7
1785178800000,75.57,75.99,75.46,75.86,83457.4
1785179700000,75.86,75.92,75.7,75.81,36099.8
1785180600000,75.81,75.95,75.73,75.78,23594.4
1785181500000,75.78,76.03,75.71,75.94,40901.1
1785182400000,75.94,76.07,75.81,75.86,29085.6
1785183300000,75.86,76.12,75.77,76.07,35563.6
1785184200000,76.07,76.07,75.82,75.84,22193.3
1785185100000,75.84,75.95,75.76,75.93,37922.9
1785186000000,75.93,75.95,75.8,75.89,22565.9
1785186900000,75.89,75.89,75.52,75.53,41857.6
1785187800000,75.53,75.63,75.49,75.55,34192.8
1785188700000,75.55,75.62,75.46,75.56,24109.3
1785189600000,75.56,75.57,75.25,75.36,65282.4
1785190500000,75.36,75.4,75.1,75.19,70827.8
1785191400000,75.19,75.33,74.61,74.69,172260.7
1785192300000,74.69,74.7,73.95,74.01,328467.4
1785193200000,74.01,74.07,73.69,74.02,214524.5
1785194100000,74.02,74.38,73.92,74.25,64464.6
1785195000000,74.25,74.33,73.92,73.97,41090.8
1785195900000,73.97,74.2,73.94,74.17,25833.8
1785196800000,74.17,74.26,73.89,74.01,68860.8
1785197700000,74.01,74.12,73.71,73.95,38413.0
1785198600000,73.95,74.04,73.79,73.91,23481.1
1785199500000,73.91,73.95,73.61,73.68,52627.2
1785200400000,73.68,73.71,72.77,73.25,260079.8
1785201300000,73.25,73.39,72.94,73.32,108637.3
1785202200000,73.32,73.44,73.11,73.27,51599.8
1785203100000,73.27,73.39,73.12,73.15,33070.1
1785204000000,73.15,73.28,73.01,73.28,36406.5
1785204900000,73.28,73.4,73.19,73.34,20825.5
1785205800000,73.34,73.37,73.2,73.22,21206.4
1785206700000,73.22,73.37,73.14,73.33,38939.9
1785207600000,73.33,73.38,73.18,73.29,179997.3
1785208500000,73.29,73.35,73.21,73.23,13113.6
1785209400000,73.23,73.33,73.13,73.32,14778.6
1785210300000,73.32,73.33,73.15,73.24,20186.1
1785211200000,73.24,73.24,73.11,73.14,49559.5
1785212100000,73.14,73.21,73.05,73.07,34370.2
1785213000000,73.07,73.12,72.93,73.1,76332.2
1785213900000,73.1,73.23,73.1,73.16,22289.9
1785214800000,73.16,73.34,73.14,73.29,33918.4
1785215700000,73.29,73.49,73.28,73.37,57018.2
1785216600000,73.37,73.4,73.21,73.4,22887.1
1785217500000,73.4,73.43,73.2,73.21,92631.1
1785218400000,73.21,73.21,73.06,73.14,49227.2
1785219300000,73.14,73.34,73.13,73.3,67905.5
1785220200000,73.3,73.44,73.28,73.43,36506.7
1785221100000,73.43,73.44,73.36,73.38,41125.1
1785222000000,73.38,73.44,73.31,73.4,27268.0
1785222900000,73.4,73.43,73.31,73.38,15329.1
1785223800000,73.38,73.38,73.16,73.17,28878.7
1785224700000,73.17,73.26,73.07,73.24,29535.6
1785225600000,73.24,73.33,73.18,73.22,22977.4
1785226500000,73.22,73.3,73.09,73.24,36181.0
1785227400000,73.24,73.33,73.16,73.32,20071.8
1785228300000,73.32,73.38,73.25,73.31,43170.2
1785229200000,73.31,73.38,73.22,73.38,31925.6
1785230100000,73.38,73.45,73.3,73.38,28517.8
1785231000000,73.38,73.43,73.32,73.33,22727.0
1785231900000,73.33,73.35,73.13,73.21,38262.8
1785232800000,73.21,73.28,73.12,73.13,28281.2
1785233700000,73.13,73.25,73.08,73.17,34088.2
1785234600000,73.17,73.27,73.13,73.23,47028.2
1785235500000,73.23,73.26,73.08,73.11,67405.9
1785236400000,73.11,73.13,72.85,72.87,61924.9
1785237300000,72.87,73.26,72.81,73.02,98011.8
1785238200000,73.02,73.3,73.0,73.07,41919.4
1785239100000,73.07,73.21,73.04,73.15,20176.1
1785240000000,73.15,73.25,73.07,73.19,24635.8
1785240900000,73.19,73.26,73.13,73.19,14952.8
1785241800000,73.19,73.29,73.08,73.28,45017.5
1785242700000,73.28,73.4,73.2,73.33,64889.9
1785243600000,73.33,73.39,73.17,73.23,28172.3
1785244500000,73.23,73.27,72.95,72.96,32794.6
1785245400000,72.96,73.08,72.33,72.62,310199.0
1785246300000,72.62,72.76,72.31,72.67,110717.8
1785247200000,72.67,72.95,72.65,72.71,53824.4
1785248100000,72.71,72.94,72.49,72.9,62695.4
1785249000000,72.9,73.13,72.79,73.05,65128.1
1785249900000,73.05,73.45,73.04,73.38,119596.0
1785250800000,73.38,73.7,73.26,73.64,178024.6
1785251700000,73.64,74.52,73.46,74.23,372224.2
1785252600000,74.23,74.54,74.15,74.46,124399.9
1785253500000,74.46,74.56,74.08,74.31,132108.1
1785254400000,74.31,74.31,74.04,74.12,51200.7
1785255300000,74.12,74.31,74.07,74.18,42768.9
1785256200000,74.18,74.35,74.01,74.28,43016.5
1785257100000,74.28,74.54,74.17,74.39,50407.6
1785258000000,74.39,74.4,73.94,73.94,64860.6
1785258900000,73.94,73.98,73.75,73.8,119340.2
1785259800000,73.8,73.8,73.51,73.61,81925.6
1785260700000,73.61,73.8,73.58,73.78,65028.4
1785261600000,73.78,74.02,73.77,73.81,32268.5
1785262500000,73.81,73.91,73.77,73.8,13764.6
1785263400000,73.8,73.89,73.76,73.86,12191.9
1785264300000,73.86,73.91,73.75,73.84,7054.2
1785265200000,73.84,74.0,73.84,73.89,11545.9
1785266100000,73.89,74.0,73.79,74.0,14675.0
1785267000000,74.0,74.23,73.99,74.14,35529.5
1785267900000,74.14,74.35,74.09,74.28,48611.6
1785268800000,74.28,74.33,74.07,74.15,58574.5
1785269700000,74.15,74.29,74.06,74.07,37598.2
1785270600000,74.07,74.15,74.0,74.04,24249.6
1785271500000,74.04,74.06,73.97,74.0,15278.8
1785272400000,74.0,74.14,73.95,74.06,32595.2
1785273300000,74.06,74.14,74.02,74.14,6828.2
1785274200000,74.14,74.3,74.05,74.29,20467.0
1785275100000,74.29,74.37,74.1,74.11,24071.5
1785276000000,74.11,74.2,73.98,74.07,29852.2
1785276900000,74.07,74.16,73.91,73.93,21670.6
1785277800000,73.93,73.93,73.7,73.73,27899.0
1785278700000,73.73,73.73,73.37,73.4,87577.0
1785279600000,73.4,73.44,73.21,73.39,49723.9
1785280500000,73.39,73.4,73.13,73.29,77950.2
1785281400000,73.29,73.63,73.26,73.59,65158.2
1785282300000,73.59,73.8,73.51,73.77,55332.2
1785283200000,73.77,74.15,73.77,74.01,71050.1
1785284100000,74.01,74.13,73.83,73.92,67314.5
1785285000000,73.92,73.99,73.72,73.89,47673.0
1785285900000,73.89,74.06,73.71,73.73,18901.8
1785286800000,73.73,73.75,73.48,73.51,26293.7
1785287700000,73.51,73.76,73.44,73.66,29859.7
1785288600000,73.66,73.68,73.38,73.41,41291.4
1785289500000,73.41,73.43,73.17,73.23,26565.6
1785290400000,73.23,73.37,73.02,73.31,59108.1
1785291300000,73.31,73.7,73.1,73.7,62463.2
1785292200000,73.7,73.95,73.61,73.82,56969.1
1785293100000,73.82,73.82,73.56,73.65,21065.6
1785294000000,73.65,73.72,73.4,73.53,19810.1
1785294900000,73.53,73.56,73.21,73.22,32657.9
1785295800000,73.22,73.33,73.04,73.16,48929.6
1785296700000,73.16,73.26,72.97,73.04,101396.3
1785297600000,73.04,73.27,72.68,73.01,144494.7
1785298500000,73.01,73.23,72.84,73.15,49857.9
1785299400000,73.15,73.46,73.07,73.2,55707.4
1785300300000,73.2,73.44,73.19,73.42,25965.4
1785301200000,73.42,73.58,73.37,73.53,48221.4
1785302100000,73.53,73.56,73.3,73.49,59212.3
1785303000000,73.49,73.77,73.43,73.69,35167.8
1785303900000,73.69,73.75,73.63,73.64,22003.5
1785304800000,73.64,73.68,73.49,73.64,26005.9
1785305700000,73.64,73.99,73.6,73.97,48248.9
1785306600000,73.97,74.06,73.9,74.06,96551.4
1785307500000,74.06,74.06,73.95,74.05,26139.6
1785308400000,74.05,74.07,73.95,73.99,18033.1
1785309300000,73.99,74.12,73.95,74.12,18333.6
1785310200000,74.12,74.14,73.97,74.01,23135.6
1785311100000,74.01,74.25,73.97,74.22,44428.3
1785312000000,74.22,74.3,73.9,73.93,58993.5
1785312900000,73.93,73.97,73.67,73.73,52440.3
1785313800000,73.73,74.12,73.68,74.09,79990.9
1785314700000,74.09,74.21,73.89,73.9,27207.5
1785315600000,73.9,74.0,73.87,73.99,55558.7
1785316500000,73.99,74.06,73.94,74.03,15155.6
1785317400000,74.03,74.3,74.03,74.12,38711.4
1785318300000,74.12,74.16,74.01,74.09,15310.3
1785319200000,74.09,74.11,73.98,74.0,19148.1
1785320100000,74.0,74.07,73.97,73.97,9558.6
1785321000000,73.97,74.06,73.89,74.03,13600.1
1785321900000,74.03,74.05,73.75,73.87,38736.6
1785322800000,73.87,74.05,73.84,74.03,20686.3
1785323700000,74.03,74.06,73.9,73.91,15122.9
1785324600000,73.91,73.94,73.79,73.82,12460.5
1785325500000,73.82,73.96,73.8,73.92,8795.1
1785326400000,73.92,73.92,73.75,73.75,20350.3
1785327300000,73.75,73.75,73.39,73.5,197005.8
1785328200000,73.5,73.56,73.41,73.51,44548.4
1785329100000,73.51,73.61,73.43,73.49,26060.6
1785330000000,73.49,73.57,73.42,73.52,20453.7
1785330900000,73.52,73.55,73.37,73.53,37177.2
1785331800000,73.53,73.73,73.42,73.66,76530.9
1785332700000,73.66,73.69,73.28,73.68,67014.2
1785333600000,73.68,73.9,73.4,73.45,72964.5
1785334500000,73.45,73.57,73.07,73.28,196569.6
1785335400000,73.28,73.41,73.05,73.14,54621.5
1785336300000,73.14,73.43,73.1,73.24,58376.2
1785337200000,73.24,73.39,73.17,73.3,29507.7
1785338100000,73.3,73.36,73.08,73.28,39229.0
1785339000000,73.28,73.42,73.09,73.11,30901.5
1785339900000,73.11,73.19,72.93,73.09,73772.7
1785340800000,73.09,73.11,72.91,73.08,88155.1
1785341700000,73.08,73.34,73.0,73.19,141666.2
1785342600000,73.19,73.23,72.87,72.95,57187.9
1785343500000,72.95,73.26,72.92,73.24,36928.7
1785344400000,73.24,73.54,73.23,73.51,109860.9
1785345300000,73.51,73.51,73.23,73.25,18758.2
1785346200000,73.25,73.36,73.15,73.35,23689.1
1785347100000,73.35,73.92,73.3,73.91,131857.9
1785348000000,73.91,74.41,73.86,74.07,672565.8
1785348900000,74.07,74.14,73.76,73.88,118245.6
1785349800000,73.88,74.24,73.38,74.19,395763.0
1785350700000,74.19,74.5,74.1,74.21,128443.7
1785351600000,74.21,74.34,73.8,73.91,72270.3
1785352500000,73.91,74.12,73.42,73.51,193837.0
1785353400000,73.51,73.62,73.21,73.29,90949.6
1785354300000,73.29,73.31,72.67,72.7,308176.9
1785355200000,72.7,72.95,72.38,72.91,314268.2
1785356100000,72.91,73.07,72.45,72.71,100882.6
1785357000000,72.71,73.17,72.62,72.98,49106.1
1785357900000,72.98,73.03,72.55,72.59,35768.4
1785358800000,72.59,72.73,72.24,72.72,166008.9
1785359700000,72.72,72.92,72.54,72.91,38740.4
1785360600000,72.91,73.06,72.86,73.0,190904.2
1785361500000,73.0,73.17,72.85,73.15,57940.3
1785362400000,73.15,73.68,73.15,73.59,135999.4
1785363300000,73.59,73.76,73.51,73.66,68189.5
1785364200000,73.66,73.67,73.44,73.61,39632.8
1785365100000,73.61,73.64,73.51,73.6,13446.9
1785366000000,73.6,73.61,73.37,73.41,94782.2
1785366900000,73.41,73.73,73.41,73.57,33838.4
1785367800000,73.57,73.65,73.46,73.62,19963.9
1785368700000,73.62,73.69,73.59,73.64,15495.0
1785369600000,73.64,73.83,73.59,73.73,20053.8
1785370500000,73.73,73.82,73.66,73.77,36626.6
1785371400000,73.77,73.77,73.16,73.19,73609.7
1785372300000,73.19,73.32,73.1,73.26,45922.6
1785373200000,73.26,73.74,73.22,73.39,65446.7
1785374100000,73.39,73.69,73.36,73.62,18529.9
1785375000000,73.62,74.03,73.61,73.91,71698.3
1785375900000,73.91,74.2,73.89,73.98,70546.6
1785376800000,73.98,74.1,73.96,73.97,19049.4
1785377700000,73.97,74.12,73.95,73.99,25717.6
1785378600000,73.99,74.02,73.83,73.99,45685.2
1785379500000,73.99,74.01,73.78,73.8,21845.2
1785380400000,73.8,73.96,73.67,73.79,34088.9
1785381300000,73.79,73.97,73.77,73.87,33163.0
1785382200000,73.87,73.87,73.66,73.68,21449.7
1785383100000,73.68,73.75,73.62,73.67,10847.4
1785384000000,73.67,73.71,73.54,73.56,19148.3
1785384900000,73.56,73.61,73.45,73.54,17329.9
1785385800000,73.54,73.69,73.49,73.55,29332.5
1785386700000,73.55,73.62,73.45,73.48,18625.2
1785387600000,73.48,73.55,73.38,73.5,20974.2
1785388500000,73.5,73.58,73.45,73.54,13355.5
1785389400000,73.54,73.83,73.54,73.75,51920.1
1785390300000,73.75,73.82,73.58,73.67,16716.4
1785391200000,73.67,73.74,73.57,73.62,16014.7
1785392100000,73.62,73.66,73.48,73.66,37634.6
1785393000000,73.66,73.66,73.53,73.61,13669.1
1785393900000,73.61,73.64,73.44,73.49,15371.2
1785394800000,73.49,73.78,73.49,73.7,30560.6
1785395700000,73.7,73.78,73.6,73.62,18667.3
1785396600000,73.62,73.65,73.44,73.53,30454.6
1785397500000,73.53,73.53,73.35,73.39,17789.4
1785398400000,73.39,73.45,73.26,73.4,32975.6
1785399300000,73.4,73.81,73.36,73.71,44609.6
1785400200000,73.71,73.77,73.61,73.75,27297.8
1785401100000,73.75,73.8,73.69,73.79,23023.2
1785402000000,73.79,73.99,73.77,73.97,58926.8
1785402900000,73.97,74.06,73.89,74.01,48191.3
1785403800000,74.01,74.2,74.01,74.05,43032.2
1785404700000,74.05,74.1,73.99,74.02,31774.9
1785405600000,74.02,74.18,74.02,74.04,40045.8
1785406500000,74.04,74.11,74.04,74.05,21982.7
1785407400000,74.05,74.1,74.01,74.08,18655.8
1785408300000,74.08,74.1,73.78,73.88,37263.8
1785409200000,73.88,74.05,73.86,74.0,29968.1
1785410100000,74.0,74.11,73.96,74.05,23307.9
1785411000000,74.05,74.16,73.99,74.1,30073.1
1785411900000,74.1,74.3,74.08,74.2,63779.4
1785412800000,74.2,74.34,74.18,74.27,43091.0
1785413700000,74.27,74.27,74.09,74.15,45062.9
1785414600000,74.15,74.31,74.04,74.21,55826.0
1785415500000,74.21,74.46,74.19,74.37,77183.0
1785416400000,74.37,74.42,74.26,74.35,39523.9
1785417300000,74.35,74.36,74.21,74.22,32787.2
1785418200000,74.22,74.43,74.06,74.4,216168.1
1785419100000,74.4,74.88,74.38,74.64,268007.8
1785420000000,74.64,74.74,74.33,74.39,125908.4
1785420900000,74.39,74.66,74.23,74.58,94786.2
1785421800000,74.58,74.72,74.54,74.67,77695.5
1785422700000,74.67,74.75,74.47,74.6,60916.7
1785423600000,74.6,74.82,74.48,74.6,60809.1
1785424500000,74.6,74.83,74.46,74.48,78740.7
1785425400000,74.48,74.61,74.41,74.56,41793.8
1785426300000,74.56,74.63,74.47,74.61,31087.7
1785427200000,74.61,74.8,74.58,74.67,59256.3
1785428100000,74.67,74.76,74.63,74.68,21206.0
1785429000000,74.68,74.7,74.4,74.42,37350.7
1785429900000,74.42,74.59,74.42,74.54,26875.7
1785430800000,74.54,74.61,74.38,74.45,44518.4
1785431700000,74.45,74.61,74.42,74.54,20804.9
1785432600000,74.54,74.77,74.45,74.74,38245.1
1785433500000,74.74,74.86,74.64,74.71,40814.2
1785434400000,74.71,74.94,74.7,74.72,54878.2
1785435300000,74.72,74.78,74.63,74.69,26472.9
1785436200000,74.69,74.71,74.49,74.56,36443.3
1785437100000,74.56,74.59,74.44,74.48,23275.4
1785438000000,74.48,74.73,74.47,74.7,25187.6
1785438900000,74.7,74.72,74.58,74.65,21008.6
1785439800000,74.65,74.65,74.54,74.62,17193.5
1785440700000,74.62,74.78,74.49,74.73,54555.4
1785441600000,74.73,74.88,74.6,74.6,83915.4
1785442500000,74.6,74.66,74.52,74.52,18434.8
1785443400000,74.52,74.61,74.42,74.53,72673.4
1785444300000,74.53,74.55,74.4,74.46,25464.4
1785445200000,74.46,74.58,74.42,74.51,52174.3
1785446100000,74.51,74.55,74.39,74.42,18575.5
1785447000000,74.42,74.54,74.41,74.47,22803.1
1785447900000,74.47,74.54,74.39,74.46,22520.7
1785448800000,74.46,74.75,74.36,74.68,70573.7
1785449700000,74.68,74.86,74.65,74.82,31503.5
1785450600000,74.82,74.85,74.7,74.81,22828.1
1785451500000,74.81,74.83,74.69,74.71,9277.5
1785452400000,74.71,74.74,74.65,74.72,10984.8
1785453300000,74.72,74.74,74.62,74.65,6159.9
1785454200000,74.65,74.99,74.63,74.69,181625.6
1785455100000,74.69,74.71,74.42,74.47,189226.1
1785456000000,74.47,74.63,74.46,74.57,55640.9
1785456900000,74.57,74.57,74.44,74.53,18324.2
1785457800000,74.53,74.59,74.42,74.51,29355.3
1785458700000,74.51,74.52,74.4,74.46,10985.2
1785459600000,74.46,75.27,74.46,75.17,250973.5
1785460500000,75.17,75.18,74.85,75.08,84737.9
1785461400000,75.08,75.08,74.69,74.72,43918.6
1785462300000,74.72,74.76,74.23,74.36,110797.5
1785463200000,74.36,74.53,74.29,74.3,67382.1
1785464100000,74.3,74.32,74.14,74.16,68982.5
1785465000000,74.16,74.27,74.02,74.05,99297.4
1785465900000,74.05,74.19,74.03,74.11,30313.2
1785466800000,74.11,74.12,73.82,73.97,96070.8
1785467700000,73.97,74.32,73.92,74.17,52675.1
1785468600000,74.17,74.23,74.04,74.14,40544.7
1785469500000,74.14,74.24,74.08,74.11,24936.2
1785470400000,74.11,74.12,73.95,73.98,33449.5
1785471300000,73.98,74.0,73.7,73.81,77269.3
1785472200000,73.81,73.85,73.7,73.75,41108.5
1785473100000,73.75,73.85,73.69,73.8,48478.6
1785474000000,73.8,74.1,73.79,74.09,90239.1
1785474900000,74.09,74.3,74.05,74.16,52336.9
1785475800000,74.16,74.22,74.03,74.06,24730.2
1785476700000,74.06,74.22,74.04,74.22,26079.2
1785477600000,74.22,74.39,74.15,74.32,50684.0
1785478500000,74.32,74.44,74.25,74.43,50855.9
1785479400000,74.43,74.51,74.08,74.1,44489.8
1785480300000,74.1,74.18,73.96,74.07,43554.4
1785481200000,74.07,74.07,73.62,73.75,89788.5
1785482100000,73.75,73.8,73.49,73.49,60661.0
1785483000000,73.49,73.68,73.46,73.61,50283.8
1785483900000,73.61,73.73,73.61,73.63,41090.6
1785484800000,73.63,73.73,73.57,73.7,31703.5
1785485700000,73.7,73.75,73.58,73.7,21101.2
1785486600000,73.7,73.71,73.48,73.59,30469.7
1785487500000,73.59,73.76,73.57,73.62,20338.3
1785488400000,73.62,73.67,73.57,73.62,26821.4
1785489300000,73.62,73.62,73.4,73.44,48403.9
1785490200000,73.44,73.52,73.35,73.47,55752.9
1785491100000,73.47,73.56,73.41,73.45,27767.6
1785492000000,73.45,73.52,73.22,73.5,103438.6
1785492900000,73.5,73.61,73.45,73.59,53094.6
1785493800000,73.59,73.61,73.46,73.55,46347.7
1785494700000,73.55,73.59,73.46,73.51,19611.9
1785495600000,73.51,73.67,73.51,73.52,26490.2
1785496500000,73.52,73.65,73.45,73.54,18060.3
1785497400000,73.54,73.55,73.43,73.45,16581.1
1785498300000,73.45,73.53,73.43,73.52,8483.5
1785499200000,73.52,73.55,73.34,73.43,40762.2
1785500100000,73.43,73.61,73.4,73.56,21898.7
1785501000000,73.56,73.57,73.38,73.43,58208.0
1785501900000,73.43,73.6,73.42,73.58,20112.5
1785502800000,73.58,73.7,73.58,73.67,26905.2
1785503700000,73.67,73.79,73.66,73.77,56595.6
1785504600000,73.77,73.78,73.35,73.36,88279.4
1785505500000,73.36,73.43,73.11,73.25,186214.9
1785506400000,73.25,73.46,72.74,73.45,419810.5
1785507300000,73.45,73.66,73.22,73.28,293720.4
1785508200000,73.28,73.33,72.86,72.95,95811.1
1785509100000,72.95,73.15,72.8,73.0,112884.2
1785510000000,73.0,73.05,72.85,72.96,42035.7
1785510900000,72.96,73.08,72.84,72.94,40043.7
1785511800000,72.94,73.17,72.86,73.04,166427.0
1785512700000,73.04,73.11,72.89,73.05,29507.4
1785513600000,73.05,73.25,73.04,73.11,38963.0
1785514500000,73.11,73.2,72.94,73.18,27966.8
1785515400000,73.18,73.19,73.0,73.09,35331.9
1785516300000,73.09,73.31,73.08,73.26,21124.5
1785517200000,73.26,73.31,73.12,73.27,21188.2
1785518100000,73.27,73.35,73.2,73.29,32432.4
1785519000000,73.29,73.41,73.24,73.28,51464.3
1785519900000,73.28,73.41,73.28,73.32,18896.7
1785520800000,73.32,73.45,73.24,73.26,27665.4
1785521700000,73.26,73.42,73.16,73.16,28374.6
1785522600000,73.16,73.19,72.88,73.03,61399.0
1785523500000,73.03,73.19,73.01,73.07,17418.5
1785524400000,73.07,73.16,73.0,73.06,17072.3
1785525300000,73.06,73.07,72.9,72.98,13834.2
1785526200000,72.98,73.04,72.88,73.04,30421.7
1785527100000,73.04,73.25,73.02,73.04,54794.3
1785528000000,73.04,73.19,73.04,73.07,26714.4
1785528900000,73.07,73.14,73.04,73.07,10903.0
1785529800000,73.07,73.08,72.92,72.97,26438.5
1785530700000,72.97,73.01,72.89,72.91,81047.6
1785531600000,72.91,73.02,72.83,73.02,52896.1
1785532500000,73.02,73.05,72.95,72.97,17979.7
1785533400000,72.97,73.01,72.91,73.01,19715.7
1785534300000,73.01,73.06,72.51,72.7,170071.2
1785535200000,72.7,72.86,72.63,72.79,57737.4
1785536100000,72.79,72.84,72.78,72.83,10869.0
1785537000000,72.83,72.91,72.81,72.9,15454.2
1785537900000,72.9,72.91,72.8,72.8,18552.0
1785538800000,72.8,72.92,72.8,72.87,20893.1
1785539700000,72.87,72.92,72.84,72.87,7290.2
1785540600000,72.87,72.9,72.81,72.85,15743.3
1785541500000,72.85,72.86,72.74,72.83,38473.7
1785542400000,72.83,72.95,72.83,72.92,22693.4
1785543300000,72.92,72.99,72.88,72.97,12929.4
1785544200000,72.97,73.03,72.9,73.02,22459.2
1785545100000,73.02,73.12,72.91,72.98,25155.7
1785546000000,72.98,73.06,72.97,73.05,7074.0
1785546900000,73.05,73.1,73.01,73.04,13747.7
1785547800000,73.04,73.06,73.0,73.02,9977.4
1785548700000,73.02,73.03,72.94,73.01,14390.7
1785549600000,73.01,73.08,72.98,73.02,16495.5
1785550500000,73.02,73.12,73.01,73.1,12935.1
1785551400000,73.1,73.12,72.96,72.98,15808.5
1785552300000,72.98,73.06,72.96,73.03,11705.3
1785553200000,73.03,73.06,72.94,72.94,10605.5
1785554100000,72.94,72.97,72.88,72.89,14555.8
1785555000000,72.89,72.93,72.83,72.9,23481.8
1785555900000,72.9,73.0,72.87,73.0,17086.7
1785556800000,73.0,73.07,73.0,73.06,7134.2
1785557700000,73.06,73.11,73.04,73.07,16004.5
1785558600000,73.07,73.1,73.03,73.1,9624.2
1785559500000,73.1,73.19,73.08,73.13,13669.2
1785560400000,73.13,73.16,73.11,73.16,22967.5
1785561300000,73.16,73.17,73.0,73.01,9720.8
1785562200000,73.01,73.07,72.88,72.9,24424.8
1785563100000,72.9,72.92,72.83,72.91,17963.3
1785564000000,72.91,72.94,72.85,72.94,12667.7
1785564900000,72.94,72.99,72.91,72.96,13295.6
1785565800000,72.96,72.98,72.92,72.94,8525.3
1785566700000,72.94,72.99,72.91,72.95,7634.8
1785567600000,72.95,73.07,72.95,73.04,13980.8
1785568500000,73.04,73.05,72.94,72.95,9701.7
1785569400000,72.95,72.96,72.88,72.93,11342.1
1785570300000,72.93,72.97,72.9,72.93,14200.6
1785571200000,72.93,72.97,72.91,72.95,9318.3
1785572100000,72.95,73.04,72.94,73.01,15241.3
1785573000000,73.01,73.03,72.94,72.95,8987.7
1785573900000,72.95,73.02,72.94,73.0,13642.5
1785574800000,73.0,73.04,72.93,72.94,14730.9
1785575700000,72.94,72.98,72.91,72.92,5548.7
1785576600000,72.92,72.94,72.89,72.94,8132.6
1785577500000,72.94,72.94,72.79,72.79,13143.7
1785578400000,72.79,72.85,72.61,72.76,61799.9
1785579300000,72.76,72.86,72.72,72.79,22474.7
1785580200000,72.79,72.85,72.75,72.85,14571.0
1785581100000,72.85,72.85,72.78,72.8,8619.9
1785582000000,72.8,72.84,72.75,72.83,17139.1
1785582900000,72.83,72.87,72.79,72.83,9463.7
1785583800000,72.83,72.87,72.8,72.85,17455.8
1785584700000,72.85,72.87,72.83,72.85,7307.3
1785585600000,72.85,72.9,72.84,72.84,13232.2
1785586500000,72.84,72.9,72.84,72.9,4328.6
1785587400000,72.9,72.91,72.84,72.84,11356.5
1785588300000,72.84,72.91,72.84,72.9,4240.1
1785589200000,72.9,72.96,72.88,72.95,15380.9
1785590100000,72.95,72.95,72.88,72.89,5825.0
1785591000000,72.89,72.97,72.87,72.94,18927.4
1785591900000,72.94,72.96,72.88,72.94,7031.9
1785592800000,72.94,73.03,72.83,72.83,19347.7
1785593700000,72.83,72.96,72.83,72.95,22403.9
1785594600000,72.95,72.97,72.9,72.95,14447.6
1785595500000,72.95,73.0,72.91,73.0,6967.4
1785596400000,73.0,73.0,72.94,72.97,6596.0
1785597300000,72.97,72.97,72.81,72.81,28106.4
1785598200000,72.81,72.82,72.69,72.78,24974.7
1785599100000,72.78,72.81,72.76,72.76,14739.0
1785600000000,72.76,72.84,72.7,72.78,16500.4
1785600900000,72.78,72.87,72.76,72.85,7530.2
1785601800000,72.85,72.9,72.8,72.81,13870.3
1785602700000,72.81,72.82,72.4,72.66,114584.1
1785603600000,72.66,72.75,72.32,72.48,100680.7
1785604500000,72.48,72.48,72.02,72.13,230685.5
1785605400000,72.13,72.13,71.56,71.88,353928.0
1785606300000,71.88,71.89,71.63,71.88,89617.1
1785607200000,71.88,71.94,71.66,71.81,76904.8
1785608100000,71.81,71.81,71.36,71.51,298472.6
1785609000000,71.51,71.51,70.91,71.14,359427.9
1785609900000,71.14,71.15,70.53,71.04,270236.5
1785610800000,71.04,71.28,71.0,71.22,86225.3
1785611700000,71.22,71.28,71.08,71.22,45886.7
1785612600000,71.22,71.31,71.12,71.18,47655.2
1785613500000,71.18,71.32,71.16,71.21,17606.5
1785614400000,71.21,71.4,71.16,71.33,43812.4
1785615300000,71.33,71.47,71.32,71.39,35030.4
1785616200000,71.39,71.51,71.29,71.42,109886.1
1785617100000,71.42,71.52,71.38,71.52,17949.4
1785618000000,71.52,71.78,71.49,71.67,69321.9
1785618900000,71.67,71.75,71.55,71.65,15067.2
1785619800000,71.65,71.78,71.64,71.74,23696.1
1785620700000,71.74,71.81,71.74,71.8,16925.8
1785621600000,71.8,71.98,71.8,71.89,35870.3
1785622500000,71.89,71.96,71.81,71.95,30037.9
1785623400000,71.95,71.96,71.88,71.92,9827.6
1785624300000,71.92,71.94,71.86,71.89,18573.0
1785625200000,71.89,72.06,71.88,71.96,30264.1
1785626100000,71.96,71.96,71.78,71.78,64103.1
1785627000000,71.78,71.88,71.78,71.88,18900.2
1785627900000,71.88,71.92,71.85,71.9,10041.0
1785628800000,71.9,72.07,71.89,72.06,26394.8
1785629700000,72.06,72.11,71.98,72.01,19549.6
1785630600000,72.01,72.07,71.97,72.02,18007.3
1785631500000,72.02,72.08,71.98,72.08,12530.1
1785632400000,72.08,72.48,72.07,72.48,251262.3
1785633300000,72.48,72.59,72.4,72.5,49807.0
1785634200000,72.5,72.72,72.45,72.62,89218.6
1785635100000,72.62,72.66,72.59,72.62,27059.8
1785636000000,72.62,73.37,72.55,73.19,276783.2
1785636900000,73.19,73.28,73.05,73.06,108576.0
1785637800000,73.06,73.08,72.89,72.98,74617.2
1785638700000,72.98,73.12,72.96,73.1,34479.6
1785639600000,73.1,73.2,73.04,73.11,26163.6
1785640500000,73.11,73.2,73.05,73.06,52718.4
1785641400000,73.06,73.21,73.06,73.19,23847.0
1785642300000,73.19,73.22,73.11,73.17,20067.1
1785643200000,73.17,73.29,73.17,73.21,32768.3
1785644100000,73.21,73.41,73.21,73.35,41321.3
1785645000000,73.35,73.38,73.27,73.28,25928.6
1785645900000,73.28,73.52,73.27,73.5,82136.7
1785646800000,73.5,73.65,73.46,73.48,111324.0
1785647700000,73.48,73.65,73.45,73.52,37748.8
1785648600000,73.52,73.57,73.44,73.51,31820.2
1785649500000,73.51,73.62,73.48,73.59,14216.4
1785650400000,73.59,73.63,73.47,73.48,25226.0
1785651300000,73.48,73.59,73.47,73.55,21009.6
1785652200000,73.55,73.59,73.5,73.54,19398.2
1785653100000,73.54,73.54,73.41,73.43,18600.6
1785654000000,73.43,73.44,73.36,73.41,44138.8
1785654900000,73.41,73.49,73.39,73.46,20355.5
1785655800000,73.46,73.47,73.41,73.46,11950.3
1785656700000,73.46,73.47,73.41,73.44,15090.4
1785657600000,73.44,73.53,73.37,73.4,37813.1
1785658500000,73.4,73.43,73.3,73.3,33508.4
1785659400000,73.3,73.37,73.15,73.24,78758.6
1785660300000,73.24,73.28,73.14,73.16,47620.0
1785661200000,73.16,73.31,72.96,73.3,84542.6
1785662100000,73.3,73.34,73.26,73.27,14116.7
1785663000000,73.27,73.36,73.26,73.28,12177.6
1785663900000,73.28,73.4,73.28,73.35,15169.5
1785664800000,73.35,73.36,73.21,73.21,13569.2
1785665700000,73.21,73.37,73.11,73.17,74325.3
1785666600000,73.17,73.27,73.17,73.23,14182.3
1785667500000,73.23,73.29,73.22,73.24,14202.1
1785668400000,73.24,73.28,73.18,73.22,14199.3
1785669300000,73.22,73.29,73.15,73.16,17215.9
1785670200000,73.16,73.2,73.01,73.06,38781.3
1785671100000,73.06,73.15,72.91,72.96,68817.2
1785672000000,72.96,73.18,72.96,73.18,39195.0
1785672900000,73.18,73.22,73.11,73.13,27486.7
1785673800000,73.13,73.16,72.98,73.03,18555.0
1785674700000,73.03,73.04,72.86,72.87,23487.4
1785675600000,72.87,72.96,72.83,72.95,39883.8
1785676500000,72.95,72.98,72.87,72.88,32839.5
1785677400000,72.88,72.93,72.65,72.84,149924.4
1785678300000,72.84,73.0,72.84,72.95,101437.2
1785679200000,72.95,73.07,72.9,73.05,60698.9
1785680100000,73.05,73.14,73.05,73.14,23821.3
1785681000000,73.14,73.21,73.07,73.2,32791.9
1785681900000,73.2,73.2,73.05,73.08,40610.3
1785682800000,73.08,73.2,73.04,73.19,18396.4
1785683700000,73.19,73.19,73.09,73.09,12994.6
1785684600000,73.09,73.18,73.02,73.05,21308.6
1785685500000,73.05,73.07,72.97,73.0,13022.0
1785686400000,73.0,73.01,72.89,72.9,19884.1
1785687300000,72.9,73.03,72.9,73.01,15003.3
1785688200000,73.01,73.28,73.01,73.19,36240.6
1785689100000,73.19,73.22,73.11,73.12,22216.3
1785690000000,73.12,73.24,73.06,73.24,13406.2
1785690900000,73.24,73.36,73.19,73.21,21075.5
1785691800000,73.21,73.33,73.21,73.33,26135.2
1785692700000,73.33,73.36,73.25,73.28,34590.2
1785693600000,73.28,73.36,73.19,73.28,89627.0
1785694500000,73.28,73.36,73.24,73.34,13573.2
1785695400000,73.34,73.84,73.33,73.66,168967.3
1785696300000,73.66,73.72,73.51,73.52,52748.5
1785697200000,73.52,73.64,73.48,73.53,26691.0
1785698100000,73.53,73.63,73.51,73.56,25103.8
1785699000000,73.56,73.67,73.56,73.64,10645.2
1785699900000,73.64,73.75,73.62,73.68,14777.3
1785700800000,73.68,73.71,73.53,73.62,16548.9
1785701700000,73.62,73.64,73.5,73.53,23208.3
1785702600000,73.53,73.6,73.53,73.59,9095.4
1785703500000,73.59,73.68,73.56,73.63,13237.1
1785704400000,73.63,73.77,73.62,73.69,25865.4
1785705300000,73.69,73.77,73.63,73.74,16218.2
1785706200000,73.74,74.07,73.72,73.98,85418.5
1785707100000,73.98,74.31,73.87,73.96,111767.5
1785708000000,73.96,74.19,73.96,74.04,53055.5
1785708900000,74.04,74.17,73.87,73.92,31814.9
1785709800000,73.92,73.93,73.63,73.8,72358.7
1785710700000,73.8,73.83,73.61,73.62,23031.1
1785711600000,73.62,73.62,73.46,73.51,45756.0
1785712500000,73.51,73.61,73.44,73.54,35134.4
1785713400000,73.54,73.6,73.48,73.52,13968.8
1785714300000,73.52,73.61,73.42,73.6,25275.9
1785715200000,73.6,73.64,73.36,73.43,50513.7
1785716100000,73.43,73.47,73.2,73.24,35793.2
1785717000000,73.24,73.35,73.15,73.2,55920.6
1785717900000,73.2,73.23,73.12,73.18,25462.8
1785718800000,73.18,73.22,72.95,73.06,97279.1
1785719700000,73.06,73.12,72.95,73.0,57008.6
1785720600000,73.0,73.06,72.9,72.98,49237.1
1785721500000,72.98,73.01,72.89,72.96,20973.3
1785722400000,72.96,73.02,72.85,72.95,40728.7
1785723300000,72.95,73.11,72.91,72.94,33714.1
1785724200000,72.94,73.09,72.91,73.04,16811.3
1785725100000,73.04,73.08,72.94,72.98,33157.8
1785726000000,72.98,73.09,72.94,72.97,21474.9
1785726900000,72.97,73.05,72.93,72.98,17531.3
1785727800000,72.98,72.99,72.9,72.91,15137.1
1785728700000,72.91,72.96,72.62,72.85,102842.5
1785729600000,72.85,72.95,72.79,72.88,18146.9
1785730500000,72.88,73.04,72.88,72.89,42874.7
1785731400000,72.89,73.03,72.89,73.03,21165.4
1785732300000,73.03,73.03,72.81,72.81,15079.5
1785733200000,72.81,73.0,72.78,72.98,66981.9
1785734100000,72.98,72.99,72.84,72.86,47722.6
1785735000000,72.86,72.88,72.78,72.79,22600.2
1785735900000,72.79,72.88,72.78,72.87,18161.4
1785736800000,72.87,72.94,72.85,72.89,10912.5
1785737700000,72.89,72.9,72.79,72.81,11783.5
1785738600000,72.81,72.83,72.51,72.51,68488.8
1785739500000,72.51,72.66,72.46,72.56,77163.4
1785740400000,72.56,72.62,72.51,72.52,33829.3
1785741300000,72.52,72.6,72.39,72.58,178570.7
1785742200000,72.58,72.68,72.5,72.51,41192.2
1785743100000,72.51,72.55,72.45,72.5,28015.5
1785744000000,72.5,72.54,72.4,72.49,28598.0
1785744900000,72.49,72.49,71.97,72.02,316518.4
1785745800000,72.02,72.2,71.92,72.2,110454.8
1785746700000,72.2,72.36,72.15,72.32,54527.2
1785747600000,72.32,72.35,72.29,72.32,66675.0
1785748500000,72.32,72.44,72.31,72.44,46105.7
1785749400000,72.44,72.53,72.41,72.51,45473.3
1785750300000,72.51,72.77,72.5,72.71,68682.4
1785751200000,72.71,72.77,72.63,72.65,60870.4
1785752100000,72.65,72.72,72.57,72.57,34482.0
1785753000000,72.57,72.64,72.54,72.63,19089.9
1785753900000,72.63,72.64,72.48,72.57,57737.8
1785754800000,72.57,72.59,72.36,72.42,47877.6
1785755700000,72.42,72.58,72.38,72.44,32304.0
1785756600000,72.44,72.62,72.44,72.53,22536.5
1785757500000,72.53,72.54,72.36,72.41,20043.1
1785758400000,72.41,72.47,72.3,72.47,48760.5
1785759300000,72.47,72.53,72.41,72.43,15697.1
1785760200000,72.43,72.47,72.38,72.47,19880.9
1785761100000,72.47,72.49,72.38,72.38,12084.9
1785762000000,72.38,72.45,72.35,72.41,30662.2
1785762900000,72.41,72.75,72.41,72.48,81605.5
1785763800000,72.48,72.87,72.27,72.78,108049.5
1785764700000,72.78,73.27,72.63,73.24,189411.0
1785765600000,73.24,73.34,73.03,73.13,108008.8
1785766500000,73.13,73.66,72.98,73.61,160362.2
1785767400000,73.61,73.73,73.45,73.57,127421.7
1785768300000,73.57,73.8,73.4,73.76,121333.4
1785769200000,73.76,73.8,73.43,73.53,106722.9
1785770100000,73.53,73.69,73.49,73.59,54805.4
1785771000000,73.59,73.73,73.5,73.57,43852.3
1785771900000,73.57,73.68,73.43,73.58,48226.2
1785772800000,73.58,73.79,73.43,73.55,58795.0
1785773700000,73.55,73.7,73.51,73.54,29234.7
1785774600000,73.54,73.54,73.19,73.28,69578.2
1785775500000,73.28,73.5,73.27,73.39,34511.7
1785776400000,73.39,73.63,73.28,73.59,42816.6
1785777300000,73.59,73.84,73.51,73.59,52553.6
1785778200000,73.59,73.76,73.54,73.7,22713.0
1785779100000,73.7,73.76,73.58,73.66,26407.8
1785780000000,73.66,74.1,73.65,74.05,91328.7
1785780900000,74.05,74.28,73.92,73.94,104009.6
1785781800000,73.94,74.06,73.89,73.94,28759.1
1785782700000,73.94,74.06,73.85,73.94,44270.3
1785783600000,73.94,74.06,73.92,73.98,43919.6
1785784500000,73.98,74.12,73.97,74.06,31572.1
1785785400000,74.06,74.15,73.95,74.02,33344.4
1785786300000,74.02,74.1,73.97,73.98,40530.1
1785787200000,73.98,74.03,73.88,73.96,28563.6
1785788100000,73.96,74.12,73.95,73.98,17233.2
1785789000000,73.98,74.0,73.92,73.94,13055.7
1785789900000,73.94,73.97,73.73,73.81,70271.7
1785790800000,73.81,73.84,73.7,73.74,27900.2
1785791700000,73.74,73.81,73.69,73.76,34916.8
1785792600000,73.76,73.81,73.73,73.77,24892.1
1785793500000,73.77,73.77,73.63,73.68,42483.8
1785794400000,73.68,73.7,73.33,73.51,89880.1
1785795300000,73.51,73.68,73.5,73.53,20639.5
1785796200000,73.53,73.54,73.37,73.41,26662.8
1785797100000,73.41,73.53,73.36,73.51,15166.1
1785798000000,73.51,73.51,73.35,73.39,29257.3
1785798900000,73.39,73.49,73.38,73.47,25965.0
1785799800000,73.47,73.48,73.37,73.46,26774.2
1785800700000,73.46,73.53,73.43,73.53,14224.3
1785801600000,73.53,73.6,73.42,73.5,32588.8
1785802500000,73.5,73.54,73.39,73.44,31321.6
1785803400000,73.44,73.44,73.01,73.18,83760.0
1785804300000,73.18,73.22,73.01,73.04,21992.5
1785805200000,73.04,73.17,73.02,73.09,28184.8
1785806100000,73.09,73.24,73.05,73.15,15789.7
1785807000000,73.15,73.72,73.15,73.66,104712.1
1785807900000,73.66,73.76,73.55,73.73,47271.6
1785808800000,73.73,73.81,73.68,73.74,23262.0
1785809700000,73.74,73.8,73.64,73.73,13611.8
1785810600000,73.73,74.09,73.72,73.94,86900.1
1785811500000,73.94,73.97,73.82,73.85,23323.3
1785812400000,73.85,73.87,73.55,73.55,51531.6
1785813300000,73.55,73.55,73.43,73.52,92136.6
1785814200000,73.52,73.72,73.51,73.7,28181.7
1785815100000,73.7,73.76,73.64,73.64,9833.2
1785816000000,73.64,73.68,73.55,73.62,24850.3
1785816900000,73.62,73.78,73.6,73.68,17073.7
1785817800000,73.68,73.91,73.67,73.89,44538.9
1785818700000,73.89,74.09,73.77,73.78,79576.0
1785819600000,73.78,73.85,73.67,73.68,16443.2
1785820500000,73.68,73.78,73.66,73.7,12337.7
1785821400000,73.7,73.77,73.7,73.76,9123.2
1785822300000,73.76,73.76,73.7,73.71,18640.5
1785823200000,73.71,73.79,73.64,73.77,21806.6
1785824100000,73.77,73.92,73.62,73.66,58058.9
1785825000000,73.66,73.67,73.37,73.39,59625.8
1785825900000,73.39,73.43,73.36,73.39,31548.7
1785826800000,73.39,73.44,73.31,73.34,23188.2
1785827700000,73.34,73.36,73.15,73.36,84332.4
1785828600000,73.36,73.62,73.35,73.51,79748.1
1785829500000,73.51,73.71,73.51,73.64,38620.9
1785830400000,73.64,73.73,73.5,73.52,70593.0
1785831300000,73.52,73.52,73.31,73.4,57794.1
1785832200000,73.4,73.41,73.24,73.41,47954.9
1785833100000,73.41,73.42,73.29,73.32,16342.0
1785834000000,73.32,73.32,73.19,73.19,21403.3
1785834900000,73.19,73.25,73.11,73.22,85146.9
1785835800000,73.22,73.28,73.15,73.23,26390.4
1785836700000,73.23,73.27,73.19,73.27,19366.1
1785837600000,73.27,73.29,73.15,73.17,20793.0
1785838500000,73.17,73.26,73.05,73.08,45355.1
1785839400000,73.08,73.34,73.06,73.33,37879.8
1785840300000,73.33,73.67,73.3,73.59,130450.8
1785841200000,73.59,73.64,73.51,73.57,27489.4
1785842100000,73.57,73.7,73.5,73.69,63486.2
1785843000000,73.69,73.81,73.62,73.78,47698.3
1785843900000,73.78,73.97,73.74,73.91,56189.0
1785844800000,73.91,73.91,73.75,73.77,25648.6
1785845700000,73.77,73.9,73.72,73.88,25190.7
1785846600000,73.88,74.05,73.81,73.93,67093.3
1785847500000,73.93,73.93,73.77,73.77,27942.1
1785848400000,73.77,73.85,73.67,73.8,24023.6
1785849300000,73.8,73.92,73.68,73.82,56729.9
1785850200000,73.82,74.02,73.73,73.91,62417.5
1785851100000,73.91,73.93,73.54,73.59,90247.1
1785852000000,73.59,73.82,73.38,73.59,157872.6
1785852900000,73.59,73.61,73.28,73.5,104287.4
1785853800000,73.5,73.9,73.48,73.84,79545.5
1785854700000,73.84,73.87,73.69,73.8,41572.6
1785855600000,73.8,73.98,73.68,73.83,47905.0
1785856500000,73.83,73.84,73.55,73.59,55419.5
1785857400000,73.59,73.91,73.37,73.9,74799.2
1785858300000,73.9,74.17,73.85,73.94,103998.7
1785859200000,73.94,73.98,73.78,73.86,62554.1
1785860100000,73.86,73.97,73.8,73.81,15332.1
1785861000000,73.81,73.88,73.61,73.7,25331.3
1785861900000,73.7,73.76,73.55,73.69,47358.7
1785862800000,73.69,74.21,73.67,74.01,121989.7
1785863700000,74.01,74.1,73.9,74.08,49977.9
1785864600000,74.08,74.12,74.0,74.03,30674.9
1785865500000,74.03,74.07,73.71,73.74,67930.8
1785866400000,73.74,74.1,73.73,74.1,44765.2
1785867300000,74.1,74.37,74.06,74.29,120044.0
1785868200000,74.29,74.33,74.01,74.13,66224.8
1785869100000,74.13,74.2,74.08,74.12,17784.7
1785870000000,74.12,74.36,74.08,74.34,55442.9
1785870900000,74.34,74.38,74.13,74.13,36343.9
1785871800000,74.13,74.34,74.11,74.23,42047.8
1785872700000,74.23,74.26,74.09,74.16,49283.4
1785873600000,74.16,74.2,74.04,74.2,42109.5
1785874500000,74.2,74.2,73.85,74.05,58768.6
1785875400000,74.05,74.44,74.04,74.38,85247.8
1785876300000,74.38,74.39,74.15,74.24,47136.3
1785877200000,74.24,74.25,73.98,74.0,64398.6
1785878100000,74.0,74.14,73.98,74.02,18976.2
1785879000000,74.02,74.1,73.99,74.05,16180.5
1785879900000,74.05,74.11,74.0,74.1,33810.8
1785880800000,74.1,74.12,73.93,74.08,27481.9
1785881700000,74.08,74.16,74.04,74.12,6968.6
1785882600000,74.12,74.19,74.02,74.03,14271.3
1785883500000,74.03,74.07,73.96,74.06,10862.0
1785884400000,74.06,74.24,73.91,74.2,52809.8
1785885300000,74.2,74.27,73.86,73.86,36910.2
1785886200000,73.86,73.91,73.74,73.82,50170.8
1785887100000,73.82,73.85,73.69,73.72,35623.1
1785888000000,73.72,73.77,73.57,73.62,47885.6
1785888900000,73.62,73.66,73.51,73.61,51870.9
1785889800000,73.61,73.77,73.47,73.54,44018.9
1785890700000,73.54,73.58,73.42,73.47,15423.0
1785891600000,73.47,73.57,73.35,73.53,59031.5
1785892500000,73.53,73.69,73.45,73.68,27783.1
1785893400000,73.68,74.06,73.67,73.86,79793.7
1785894300000,73.86,74.08,73.85,74.08,40362.7
1785895200000,74.08,74.37,74.05,74.2,89381.3
1785896100000,74.2,74.23,74.03,74.17,63812.7
1785897000000,74.17,74.38,74.15,74.38,46988.3
1785897900000,74.38,74.5,74.13,74.17,107694.5
1785898800000,74.17,74.27,74.03,74.04,44718.1
1785899700000,74.04,74.05,73.68,73.71,136161.7
1785900600000,73.71,73.78,73.67,73.76,86831.6
1785901500000,73.76,73.77,73.71,73.73,34068.1
1785902400000,73.73,73.77,73.62,73.64,59090.6
1785903300000,73.64,73.69,73.56,73.65,60144.5
1785904200000,73.65,73.81,73.64,73.73,39867.3
1785905100000,73.73,73.79,73.69,73.75,15540.3
1785906000000,73.75,74.06,73.69,73.93,99264.7
1785906900000,73.93,74.28,73.9,74.14,64497.3
1785907800000,74.14,74.14,74.02,74.13,25153.8
1785908700000,74.13,74.19,74.07,74.12,39162.4
1785909600000,74.12,74.13,74.01,74.06,19483.7
1785910500000,74.06,74.12,74.01,74.1,16505.3
1785911400000,74.1,74.22,74.08,74.09,17003.0
1785912300000,74.09,74.1,73.94,73.98,24364.2
1785913200000,73.98,74.01,73.81,73.87,31638.0
1785914100000,73.87,73.87,73.63,73.69,76423.0
1785915000000,73.69,73.75,73.65,73.66,42494.3
1785915900000,73.66,73.95,73.65,73.95,28586.8
1785916800000,73.95,74.09,73.95,73.99,47917.9
1785917700000,73.99,74.14,73.92,74.12,37702.1
1785918600000,74.12,74.14,73.97,74.01,32422.8
1785919500000,74.01,74.1,73.96,74.05,16326.6
1785920400000,74.05,74.08,73.97,74.07,9721.9
1785921300000,74.07,74.18,74.05,74.12,17819.8
1785922200000,74.12,74.17,74.1,74.1,7572.7
1785923100000,74.1,74.11,73.98,73.98,35529.2
1785924000000,73.98,74.03,73.9,73.97,25761.9
1785924900000,73.97,74.08,73.87,74.03,26906.0
1785925800000,74.03,74.09,73.98,74.0,11561.5
1785926700000,74.0,74.03,73.74,73.81,39118.7
1785927600000,73.81,73.97,73.8,73.89,24092.6
1785928500000,73.89,73.92,73.76,73.77,17896.3
1785929400000,73.77,73.86,73.69,73.75,42924.9
1785930300000,73.75,73.75,73.68,73.73,19946.7
1785931200000,73.73,73.95,73.67,73.85,63534.6
1785932100000,73.85,74.38,73.83,74.26,193453.4
1785933000000,74.26,74.31,74.08,74.13,68908.1
1785933900000,74.13,74.14,73.97,74.03,29049.4
1785934800000,74.03,74.07,73.67,73.83,59970.1
1785935700000,73.83,73.87,73.7,73.72,52344.4
1785936600000,73.72,73.8,73.2,73.65,329006.3
1785937500000,73.65,73.94,73.47,73.94,125970.1
1785938400000,73.94,74.12,73.75,73.99,100784.6
1785939300000,73.99,74.09,73.72,73.77,46366.1
1785940200000,73.77,73.86,73.56,73.76,56837.1
1785941100000,73.76,74.02,73.64,73.92,49364.2
1785942000000,73.92,74.2,73.85,74.02,75276.2
1785942900000,74.02,74.05,73.8,74.0,73713.8
1785943800000,74.0,74.27,73.99,74.15,94640.0
1785944700000,74.15,74.16,73.9,73.91,77075.1
1785945600000,73.91,74.17,73.89,74.17,34624.5
1785946500000,74.17,74.41,74.09,74.38,78578.7
1785947400000,74.38,74.42,74.22,74.31,46992.8
1785948300000,74.31,74.31,74.15,74.23,23878.2
1785949200000,74.23,74.39,74.14,74.18,47538.2
1785950100000,74.18,74.22,74.09,74.15,33336.0
1785951000000,74.15,74.64,74.12,74.51,188513.0
1785951900000,74.51,74.6,74.47,74.52,74793.4
1785952800000,74.52,74.59,74.39,74.55,70981.9
1785953700000,74.55,74.81,74.44,74.48,100155.9
1785954600000,74.48,74.64,74.42,74.63,19819.4
1785955500000,74.63,74.65,74.44,74.48,17388.8
1785956400000,74.48,74.59,74.44,74.51,13412.2
1785957300000,74.51,74.51,74.4,74.43,31362.9
1785958200000,74.43,74.5,74.4,74.44,20472.7
1785959100000,74.44,74.53,74.36,74.43,24531.2
1785960000000,74.43,74.5,74.26,74.49,73922.0
1785960900000,74.49,74.56,74.34,74.38,51357.2
1785961800000,74.38,74.5,74.32,74.5,14259.1
1785962700000,74.5,74.5,74.33,74.34,20161.4
1785963600000,74.34,74.36,74.14,74.29,59780.2
1785964500000,74.29,74.29,74.04,74.07,29834.1
1785965400000,74.07,74.16,74.03,74.11,16794.0
1785966300000,74.11,74.19,74.07,74.09,50827.8
1785967200000,74.09,74.16,73.98,74.06,28463.4
1785968100000,74.06,74.16,73.96,74.01,20325.6
1785969000000,74.01,74.05,73.96,74.01,12716.5
1785969900000,74.01,74.09,73.97,73.97,13176.2
1785970800000,73.97,73.97,73.79,73.91,73839.4
1785971700000,73.91,74.02,73.86,73.99,37246.8
1785972600000,73.99,74.06,73.97,74.01,17249.0
1785973500000,74.01,74.03,73.92,73.99,27527.2
1785974400000,73.99,74.12,73.99,74.05,20329.5
1785975300000,74.05,74.23,74.03,74.15,18835.6
1785976200000,74.15,74.18,74.04,74.05,11902.4
1785977100000,74.05,74.1,74.0,74.03,7594.2
1785978000000,74.03,74.07,73.95,74.02,16035.5
1785978900000,74.02,74.03,73.7,73.73,74954.3
1785979800000,73.73,73.84,73.66,73.73,35891.4
1785980700000,73.73,73.89,73.69,73.69,16606.6
1785981600000,73.69,73.74,73.51,73.55,58827.3
1785982500000,73.55,73.6,73.34,73.38,135739.4
1785983400000,73.38,73.56,73.33,73.55,118629.1
1785984300000,73.55,73.56,73.44,73.49,19216.6
1785985200000,73.49,73.51,73.38,73.5,15942.8
1785986100000,73.5,73.5,73.41,73.5,19185.6
1785987000000,73.5,73.55,73.42,73.42,19971.6
1785987900000,73.42,73.53,73.39,73.45,25652.1
1785988800000,73.45,73.55,73.34,73.54,41845.0
1785989700000,73.54,73.77,73.53,73.75,46200.9
1785990600000,73.75,73.84,73.67,73.7,48211.2
1785991500000,73.7,73.82,73.64,73.82,11987.7
1785992400000,73.82,74.31,73.81,74.18,145172.7
1785993300000,74.18,74.32,74.08,74.1,59675.7
1785994200000,74.1,74.16,74.04,74.14,51427.2
1785995100000,74.14,74.18,74.1,74.18,20700.2
1785996000000,74.18,74.21,73.97,73.98,27173.0
1785996900000,73.98,74.1,73.9,74.04,30942.3
1785997800000,74.04,74.08,73.98,74.08,26999.4
1785998700000,74.08,74.08,73.98,74.02,8269.7
1785999600000,74.02,74.05,73.95,74.05,12098.9
1786000500000,74.05,74.1,73.98,74.03,14707.0
1786001400000,74.03,74.06,73.87,73.9,22009.4
1786002300000,73.9,73.92,73.83,73.85,14191.7
1786003200000,73.85,73.86,73.72,73.74,26192.5
1786004100000,73.74,73.78,73.67,73.78,19594.2
1786005000000,73.78,73.88,73.73,73.83,32327.6
1786005900000,73.83,74.06,73.83,73.95,38550.9
1786006800000,73.95,73.96,73.54,73.58,83366.8
1786007700000,73.58,73.64,73.45,73.48,99614.9
1786008600000,73.48,73.48,73.22,73.3,227116.7
1786009500000,73.3,73.3,73.13,73.26,107905.8
1786010400000,73.26,73.29,73.11,73.16,64077.8
1786011300000,73.16,73.37,73.13,73.36,95987.7
1786012200000,73.36,73.39,73.27,73.28,20487.4
1786013100000,73.28,73.32,73.2,73.27,16596.2
1786014000000,73.27,73.35,73.12,73.32,23628.5
1786014900000,73.32,73.43,73.31,73.35,22736.4
1786015800000,73.35,73.53,73.35,73.49,33326.3
1786016700000,73.49,73.49,73.39,73.42,26053.0
1786017600000,73.42,73.45,73.24,73.24,27795.8
1786018500000,73.24,73.37,73.19,73.36,46809.4
1786019400000,73.36,73.39,73.27,73.3,12331.2
1786020300000,73.3,73.31,73.07,73.11,28854.3
1786021200000,73.11,73.14,72.79,72.94,205743.4
1786022100000,72.94,72.96,72.81,72.92,44952.4
1786023000000,72.92,73.24,72.82,73.21,114484.5
1786023900000,73.21,73.28,73.13,73.2,42481.5
1786024800000,73.2,73.28,73.11,73.19,40319.7
1786025700000,73.19,73.34,73.13,73.14,43249.9
1786026600000,73.14,73.54,73.06,73.48,127036.2
1786027500000,73.48,73.54,73.3,73.43,56612.4
1786028400000,73.43,73.6,73.39,73.47,54687.2
1786029300000,73.47,73.52,73.31,73.5,29195.0
1786030200000,73.5,73.6,73.35,73.35,28084.6
1786031100000,73.35,73.52,73.27,73.27,66378.9
1786032000000,73.27,73.35,73.05,73.11,71520.6
1786032900000,73.11,73.28,73.08,73.27,27971.9
1786033800000,73.27,73.46,73.21,73.37,20313.0
1786034700000,73.37,73.44,73.3,73.41,11826.6
1786035600000,73.41,73.51,73.39,73.39,11152.8
1786036500000,73.39,73.42,73.29,73.29,9066.0
1786037400000,73.29,73.35,73.01,73.11,26754.2
1786038300000,73.11,73.17,73.04,73.15,21020.2
1786039200000,73.15,73.16,72.92,73.03,45013.1
1786040100000,73.03,73.18,73.0,73.08,20812.5
1786041000000,73.08,73.08,72.86,72.86,30353.8
1786041900000,72.86,72.94,72.67,72.78,78809.4
1786042800000,72.78,72.82,72.73,72.73,28259.5
1786043700000,72.73,72.74,72.49,72.58,80114.5
1786044600000,72.58,72.74,72.55,72.74,41600.1
1786045500000,72.74,72.9,72.72,72.76,29002.5
1786046400000,72.76,72.93,72.75,72.91,21173.1
1786047300000,72.91,72.91,72.8,72.86,53035.0
1786048200000,72.86,72.96,72.82,72.89,27183.7
1786049100000,72.89,72.89,72.77,72.81,39049.1
1786050000000,72.81,72.94,72.75,72.92,40705.5
1786050900000,72.92,72.95,72.82,72.93,22956.7
1786051800000,72.93,72.95,72.77,72.91,52998.5
1786052700000,72.91,72.93,72.83,72.83,17284.2
1786053600000,72.83,72.84,72.69,72.79,37320.7
1786054500000,72.79,72.83,72.61,72.67,22828.7
1786055400000,72.67,72.75,72.65,72.67,13017.5
1786056300000,72.67,72.7,72.63,72.66,13088.7
1786057200000,72.66,72.7,72.62,72.63,10874.0
1786058100000,72.63,72.64,72.27,72.35,147321.9
1786059000000,72.35,72.41,72.29,72.4,89322.4
1786059900000,72.4,72.67,72.38,72.64,38332.7
1786060800000,72.64,72.78,72.58,72.59,33936.6
1786061700000,72.59,72.66,72.54,72.62,13217.1
1786062600000,72.62,72.69,72.52,72.63,16394.3
1786063500000,72.63,72.66,72.53,72.63,9821.0
1786064400000,72.63,72.78,72.6,72.64,13683.2
1786065300000,72.64,72.74,72.58,72.71,12556.7
1786066200000,72.71,72.85,72.54,72.64,56846.0
1786067100000,72.64,72.73,72.62,72.7,11612.1
1786068000000,72.7,72.75,72.45,72.74,27826.8
1786068900000,72.74,72.91,72.56,72.58,83942.6
1786069800000,72.58,72.7,72.54,72.66,20493.0
1786070700000,72.66,72.75,72.64,72.67,9051.3
1786071600000,72.67,72.71,72.57,72.58,16720.1
1786072500000,72.58,72.71,72.56,72.64,13400.0
1786073400000,72.64,72.72,72.63,72.67,5504.2
1786074300000,72.67,72.71,72.49,72.58,16579.5
1786075200000,72.58,72.65,72.46,72.58,13069.8
1786076100000,72.58,72.76,72.58,72.7,12398.6
1786077000000,72.7,72.75,72.63,72.67,7468.1
1786077900000,72.67,72.7,72.54,72.63,19146.9
1786078800000,72.63,72.71,72.61,72.66,8690.8
1786079700000,72.66,72.67,72.49,72.51,36042.3
1786080600000,72.51,72.67,72.4,72.66,61569.2
1786081500000,72.66,72.93,72.66,72.83,54287.1
1786082400000,72.83,72.94,72.79,72.93,23223.2
1786083300000,72.93,73.06,72.91,72.99,56640.0
1786084200000,72.99,73.01,72.87,72.9,27112.8
1786085100000,72.9,72.93,72.76,72.8,36397.3
1786086000000,72.8,72.96,72.7,72.93,61048.5
1786086900000,72.93,72.97,72.88,72.92,27464.2
1786087800000,72.92,72.99,72.89,72.9,14431.4
1786088700000,72.9,72.95,72.88,72.88,10867.9
1786089600000,72.88,72.99,72.87,72.97,11982.9
1786090500000,72.97,73.0,72.9,72.94,9583.9
1786091400000,72.94,73.3,72.94,73.22,109220.9
1786092300000,73.22,73.25,73.13,73.16,42633.6
1786093200000,73.16,73.41,73.16,73.36,93359.2
1786094100000,73.36,73.62,73.35,73.51,219341.4
1786095000000,73.51,73.7,73.49,73.64,77071.5
1786095900000,73.64,73.7,73.52,73.59,45654.4
1786096800000,73.59,73.72,73.59,73.6,37302.7
1786097700000,73.6,73.61,73.5,73.59,35434.9
1786098600000,73.59,73.61,73.46,73.47,33739.5
1786099500000,73.47,73.52,73.45,73.49,14322.0
1786100400000,73.49,73.66,73.49,73.52,25139.3
1786101300000,73.52,73.75,73.49,73.56,69651.8
1786102200000,73.56,73.63,73.51,73.6,31590.7
1786103100000,73.6,73.64,73.54,73.59,35482.1
1786104000000,73.59,74.07,73.58,73.9,319205.1
1786104900000,73.9,73.96,73.82,73.95,152052.6
1786105800000,73.95,74.32,73.59,73.75,281387.7
1786106700000,73.75,73.98,73.75,73.85,62104.5
1786107600000,73.85,73.9,73.74,73.77,47587.2
1786108500000,73.77,73.92,73.74,73.81,54468.6
1786109400000,73.81,74.24,73.78,74.18,106124.9
1786110300000,74.18,74.33,74.03,74.08,130409.6
1786111200000,74.08,74.12,73.61,73.65,148206.1
1786112100000,73.65,74.1,73.55,74.1,115317.1
1786113000000,74.1,74.22,73.92,73.92,146132.7
1786113900000,73.92,73.99,73.51,73.67,144742.9
1786114800000,73.67,73.92,73.65,73.81,49059.1
1786115700000,73.81,73.81,73.65,73.73,42959.6
1786116600000,73.73,73.93,73.69,73.89,32576.9
1786117500000,73.89,73.92,73.81,73.84,12468.1
1786118400000,73.84,74.09,73.84,74.04,43119.0
1786119300000,74.04,74.04,73.78,73.81,40611.8
1786120200000,73.81,73.85,73.68,73.75,30795.2
1786121100000,73.75,73.79,73.52,73.53,32622.6
1786122000000,73.53,73.53,73.26,73.27,87622.1
1786122900000,73.27,73.37,73.21,73.23,77904.0
1786123800000,73.23,73.41,73.15,73.33,96397.0
1786124700000,73.33,73.4,73.18,73.39,32612.3
1786125600000,73.39,73.55,73.37,73.48,43222.6
1786126500000,73.48,73.55,73.45,73.46,31182.5
1786127400000,73.46,73.49,73.23,73.24,38124.7
1786128300000,73.24,73.4,73.23,73.38,31129.4
1786129200000,73.38,73.68,73.37,73.62,56699.2
1786130100000,73.62,73.87,73.62,73.8,100543.6
1786131000000,73.8,73.87,73.76,73.8,33127.3
1786131900000,73.8,74.0,73.79,73.98,84357.6
1786132800000,73.98,74.06,73.92,74.04,39207.7
1786133700000,74.04,74.06,73.95,73.95,43664.1
1786134600000,73.95,73.96,73.8,73.81,42224.1
1786135500000,73.81,73.84,73.76,73.79,29951.9
1786136400000,73.79,73.84,73.73,73.77,38215.4
1786137300000,73.77,73.85,73.6,73.69,51110.1
1786138200000,73.69,73.82,73.66,73.72,18023.9
1786139100000,73.72,73.72,73.56,73.62,38501.2
1786140000000,73.62,73.66,73.56,73.65,38310.0
1786140900000,73.65,73.7,73.64,73.65,8487.9
1786141800000,73.65,73.66,73.56,73.58,30246.9
1786142700000,73.58,73.62,73.56,73.62,12944.3
1786143600000,73.62,73.73,73.61,73.73,17070.1
1786144500000,73.73,73.73,73.59,73.59,29320.0
1786145400000,73.59,73.7,73.57,73.7,11174.8
1786146300000,73.7,73.75,73.62,73.63,12796.2
1786147200000,73.63,73.69,73.57,73.61,19667.1
1786148100000,73.61,73.63,73.53,73.62,9494.6
1786149000000,73.62,73.66,73.6,73.65,17338.7
1786149900000,73.65,73.7,73.62,73.68,11952.8
1786150800000,73.68,73.74,73.63,73.71,51162.5
1786151700000,73.71,73.79,73.68,73.79,15192.4
1786152600000,73.79,73.93,73.76,73.93,50709.1
1786153500000,73.93,73.93,73.83,73.83,11794.0
1786154400000,73.83,73.93,73.83,73.92,19278.7
1786155300000,73.92,73.92,73.88,73.91,17224.9
1786156200000,73.91,73.93,73.9,73.91,9340.7
1786157100000,73.91,73.91,73.82,73.82,6026.2
1786158000000,73.82,73.95,73.82,73.94,22138.7
1786158900000,73.94,74.17,73.93,74.12,35509.0
1786159800000,74.12,74.54,74.11,74.43,215441.8
1786160700000,74.43,74.98,74.4,74.81,190515.4
1786161600000,74.81,75.12,74.61,74.65,171023.2
1786162500000,74.65,74.73,74.55,74.56,40155.0
1786163400000,74.56,74.72,74.54,74.62,20404.3
1786164300000,74.62,74.65,74.56,74.6,14811.7
1786165200000,74.6,74.61,74.55,74.55,19252.9
1786166100000,74.55,74.69,74.48,74.65,71431.2
1786167000000,74.65,74.73,74.55,74.56,25334.8
1786167900000,74.56,74.63,74.44,74.63,51162.7
1786168800000,74.63,74.64,74.53,74.61,26715.2
1786169700000,74.61,74.71,74.55,74.7,21322.8
1786170600000,74.7,74.72,74.63,74.69,25533.2
1786171500000,74.69,74.8,74.65,74.68,24132.6
1786172400000,74.68,74.78,74.67,74.68,18304.1
1786173300000,74.68,74.7,74.62,74.67,16194.2
1786174200000,74.67,74.72,74.62,74.66,14422.9
1786175100000,74.66,74.78,74.66,74.78,13271.5
1786176000000,74.78,74.8,74.73,74.77,14150.4
1786176900000,74.77,74.8,74.65,74.8,20737.9
1786177800000,74.8,74.89,74.76,74.77,21128.4
1786178700000,74.77,74.82,74.67,74.77,18910.0
1786179600000,74.77,74.85,74.77,74.8,31854.1
1786180500000,74.8,74.94,74.8,74.91,35037.4
1786181400000,74.91,75.01,74.81,74.82,47580.1
1786182300000,74.82,74.89,74.8,74.83,35830.6
1786183200000,74.83,74.94,74.83,74.88,12979.7
1786184100000,74.88,74.98,74.87,74.95,42733.7
1786185000000,74.95,75.0,74.9,74.99,16166.9
1786185900000,74.99,75.15,74.99,75.05,97830.3
1786186800000,75.05,75.66,75.02,75.41,267266.6
1786187700000,75.41,75.43,75.22,75.23,72168.5
1786188600000,75.23,75.26,75.16,75.2,19764.0
1786189500000,75.2,75.69,75.18,75.56,120252.4
1786190400000,75.56,75.65,75.43,75.56,98400.4
1786191300000,75.56,75.56,75.33,75.35,79496.1
1786192200000,75.35,75.47,75.35,75.46,40536.6
1786193100000,75.46,75.56,75.38,75.4,20126.9
1786194000000,75.4,75.5,75.39,75.4,15270.9
1786194900000,75.4,75.5,75.4,75.5,29473.6
1786195800000,75.5,75.5,75.4,75.45,19499.4
1786196700000,75.45,75.5,75.44,75.49,34386.3
1786197600000,75.49,75.74,75.49,75.61,77600.4
1786198500000,75.61,75.84,75.55,75.77,69985.6
1786199400000,75.77,76.14,75.75,75.92,203704.6
1786200300000,75.92,76.59,75.92,76.47,261570.4
1786201200000,76.47,76.67,76.37,76.64,170058.4
1786202100000,76.64,76.8,76.45,76.48,174306.4
1786203000000,76.48,76.48,76.29,76.31,65398.2
1786203900000,76.31,76.45,76.21,76.36,52518.9
1786204800000,76.36,76.48,76.31,76.33,35158.2
1786205700000,76.33,76.42,76.22,76.27,47366.1
1786206600000,76.27,76.3,76.12,76.22,51217.9
1786207500000,76.22,76.37,76.2,76.35,40513.3
1786208400000,76.35,76.37,76.23,76.32,34107.4
1786209300000,76.32,76.41,76.27,76.41,45065.5
1786210200000,76.41,76.45,76.31,76.37,23331.5
1786211100000,76.37,76.4,76.32,76.34,12378.1
1786212000000,76.34,76.35,76.21,76.23,27736.0
1786212900000,76.23,76.25,76.03,76.04,62858.4
1786213800000,76.04,76.16,76.04,76.09,24921.4
1786214700000,76.09,76.15,76.06,76.08,14227.4
1786215600000,76.08,76.11,76.02,76.05,17914.0
1786216500000,76.05,76.08,75.95,75.96,34961.5
1786217400000,75.96,76.07,75.94,76.07,20836.7
1786218300000,76.07,76.24,76.04,76.12,59819.1
1786219200000,76.12,76.22,76.1,76.22,20185.7
1786220100000,76.22,76.24,76.11,76.15,15215.4
1786221000000,76.15,76.23,76.14,76.22,11879.0
1786221900000,76.22,76.23,76.15,76.22,20305.4
1786222800000,76.22,76.32,76.21,76.26,67602.0
1786223700000,76.26,76.33,76.25,76.28,15172.7
1786224600000,76.28,76.29,76.14,76.2,43125.9
1786225500000,76.2,76.22,76.12,76.17,19577.4
1786226400000,76.17,76.23,76.13,76.14,19780.3
1786227300000,76.14,76.25,76.14,76.2,16201.6
1786228200000,76.2,76.23,76.08,76.09,21378.0
1786229100000,76.09,76.09,75.81,75.86,73651.1
1786230000000,75.86,75.9,75.76,75.81,54830.8
1786230900000,75.81,75.9,75.73,75.86,73820.9
1786231800000,75.86,76.09,75.85,76.06,44741.1
1786232700000,76.06,76.06,75.95,75.98,30660.0
1786233600000,75.98,76.02,75.93,75.96,37042.2
1786234500000,75.96,75.97,75.87,75.89,18040.1
1786235400000,75.89,76.0,75.86,75.92,22567.5
1786236300000,75.92,76.0,75.82,75.99,35166.4
1786237200000,75.99,76.06,75.89,75.92,49075.1
1786238100000,75.92,75.93,75.73,75.73,33295.9
1786239000000,75.73,75.85,75.71,75.84,25813.9
1786239900000,75.84,75.91,75.81,75.84,17747.8
1786240800000,75.84,75.88,75.77,75.86,23752.5
1786241700000,75.86,75.93,75.8,75.91,10843.5
1786242600000,75.91,75.97,75.86,75.86,38110.3
1786243500000,75.86,75.91,75.77,75.84,56222.1
1786244400000,75.84,75.84,75.74,75.76,21447.3
1786245300000,75.76,75.96,75.72,75.95,27578.5
1786246200000,75.95,76.02,75.93,75.94,18202.9
1786247100000,75.94,76.02,75.93,75.95,9896.8
1786248000000,75.95,76.09,75.93,76.07,31532.3
1786248900000,76.07,76.07,75.97,76.04,16947.2
1786249800000,76.04,76.04,75.91,76.0,23338.8
1786250700000,76.0,76.01,75.92,75.95,5986.3
1786251600000,75.95,75.99,75.92,75.93,17500.5
1786252500000,75.93,75.99,75.9,75.9,17904.6
1786253400000,75.9,75.93,75.84,75.91,27730.3
1786254300000,75.91,76.0,75.9,75.99,19538.7
1786255200000,75.99,76.02,75.93,75.99,21964.2
1786256100000,75.99,76.29,75.98,76.22,97376.1
1786257000000,76.22,76.35,76.2,76.29,44812.0
1786257900000,76.29,76.46,76.29,76.39,61144.1
1786258800000,76.39,76.43,76.29,76.41,60639.8
1786259700000,76.41,76.46,76.3,76.34,26002.1
1786260600000,76.34,76.35,76.21,76.24,29526.4
1786261500000,76.24,76.33,76.22,76.33,17605.1
1786262400000,76.33,76.56,76.29,76.4,79296.9
1786263300000,76.4,76.41,76.32,76.35,24812.4
1786264200000,76.35,76.42,76.1,76.1,54332.0
1786265100000,76.1,76.3,76.08,76.29,71667.9
1786266000000,76.29,76.44,76.25,76.42,28575.9
1786266900000,76.42,76.44,76.22,76.22,26775.4
1786267800000,76.22,76.5,76.21,76.43,39764.1
1786268700000,76.43,76.43,76.34,76.4,13879.9
1786269600000,76.4,76.52,76.38,76.52,22322.8
1786270500000,76.52,76.62,76.46,76.49,36457.4
1786271400000,76.49,76.51,76.38,76.4,32345.3
1786272300000,76.4,76.4,76.33,76.34,17745.7
1786273200000,76.34,76.41,76.3,76.39,15170.8
1786274100000,76.39,76.45,76.34,76.42,13717.4
1786275000000,76.42,76.52,76.39,76.44,25898.3
1786275900000,76.44,76.49,76.42,76.45,10576.4
1786276800000,76.45,76.56,76.38,76.48,26423.4
1786277700000,76.48,76.51,76.38,76.38,10452.0
1786278600000,76.38,76.39,76.26,76.29,11554.9
1786279500000,76.29,76.37,76.29,76.32,19568.4
1786280400000,76.32,76.62,76.31,76.55,30778.4
1786281300000,76.55,76.89,76.54,76.68,127324.8
1786282200000,76.68,76.73,76.6,76.66,27764.4
1786283100000,76.66,76.66,76.53,76.53,20256.3
1786284000000,76.53,76.68,76.53,76.64,54662.8
1786284900000,76.64,76.67,76.55,76.66,20147.1
1786285800000,76.66,76.95,76.64,76.73,89246.4
1786286700000,76.73,77.05,76.68,76.98,114153.6
1786287600000,76.98,77.06,76.84,76.9,121990.0
1786288500000,76.9,76.91,76.82,76.89,19465.3
1786289400000,76.89,77.32,76.86,77.23,220976.6
1786290300000,77.23,77.44,77.06,77.38,133766.1
1786291200000,77.38,77.56,77.22,77.26,198367.8
1786292100000,77.26,77.33,77.03,77.04,62405.9
1786293000000,77.04,77.31,77.04,77.24,81428.8
1786293900000,77.24,77.3,77.2,77.29,28722.3
1786294800000,77.29,77.29,77.15,77.24,29428.3
1786295700000,77.24,77.31,77.18,77.22,17700.9
1786296600000,77.22,77.28,77.15,77.28,23779.2
1786297500000,77.28,77.28,77.09,77.14,18154.8
1786298400000,77.14,77.2,77.11,77.11,10282.5
1786299300000,77.11,77.17,77.03,77.15,23983.8
1786300200000,77.15,77.17,77.08,77.11,9248.0
1786301100000,77.11,77.2,77.11,77.16,6557.4
1786302000000,77.16,77.2,77.1,77.1,15162.2
1786302900000,77.1,77.26,77.09,77.23,29696.2
1786303800000,77.23,77.3,77.2,77.26,23544.8
1786304700000,77.26,77.32,77.18,77.18,25801.5
1786305600000,77.18,77.21,77.01,77.02,24491.4
1786306500000,77.02,77.18,77.01,77.16,15652.1
1786307400000,77.16,77.21,77.16,77.2,6660.5
1786308300000,77.2,77.24,77.17,77.22,9778.4
1786309200000,77.22,77.23,77.1,77.19,17475.2
1786310100000,77.19,77.37,77.18,77.35,35531.2
1786311000000,77.35,77.41,77.32,77.36,23811.5
1786311900000,77.36,77.48,77.29,77.31,30146.7
1786312800000,77.31,77.83,77.31,77.67,152251.9
1786313700000,77.67,77.73,77.38,77.4,72537.9
1786314600000,77.4,77.44,76.91,77.02,151876.1
1786315500000,77.02,77.03,76.62,76.77,117419.4
1786316400000,76.77,76.88,76.64,76.64,29210.8
1786317300000,76.64,76.72,76.33,76.37,101047.1
1786318200000,76.37,76.49,76.15,76.31,149761.5
1786319100000,76.31,76.38,76.17,76.24,63669.8
1786320000000,76.24,76.99,76.18,76.73,156826.8
1786320900000,76.73,76.75,76.47,76.53,42012.7
1786321800000,76.53,76.61,76.28,76.31,65672.8
1786322700000,76.31,76.67,76.29,76.51,57265.5
1786323600000,76.51,76.75,76.43,76.66,21226.1
1786324500000,76.66,76.81,76.58,76.58,33167.4
1786325400000,76.58,76.64,76.37,76.57,36774.5
1786326300000,76.57,77.15,76.56,76.88,67920.7
1786327200000,76.88,76.91,76.66,76.74,53805.6
1786328100000,76.74,76.75,76.4,76.5,66464.2
1786329000000,76.5,76.87,76.49,76.87,27444.3
1786329900000,76.87,76.87,76.7,76.79,9964.0
1786330800000,76.79,76.8,76.47,76.47,64236.1
1786331700000,76.47,76.9,76.34,76.67,81709.5
1786332600000,76.67,76.81,76.63,76.7,28177.9
1786333500000,76.7,76.74,76.53,76.59,28185.2
1786334400000,76.59,76.72,76.58,76.68,18557.9
1786335300000,76.68,76.72,76.56,76.6,22697.6
1786336200000,76.6,76.62,76.39,76.52,19213.2
1786337100000,76.52,76.64,76.46,76.52,11953.3
1786338000000,76.52,76.7,76.51,76.56,17919.2
1786338900000,76.56,76.75,76.56,76.75,18834.3
1786339800000,76.75,76.83,76.69,76.79,25747.3
1786340700000,76.79,76.94,76.76,76.86,20431.3
1786341600000,76.86,77.05,76.83,76.91,29142.6
1786342500000,76.91,76.97,76.79,76.86,24705.1
1786343400000,76.86,76.97,76.86,76.96,21110.1
1786344300000,76.96,77.0,76.91,76.96,19995.9
1786345200000,76.96,76.97,76.81,76.81,22341.8
1786346100000,76.81,76.99,76.79,76.95,14519.8
1786347000000,76.95,77.09,76.95,77.01,31668.5
1786347900000,77.01,77.03,76.89,76.95,21868.4
1786348800000,76.95,77.08,76.91,76.92,23308.9
1786349700000,76.92,77.11,76.83,76.93,57668.2
1786350600000,76.93,76.95,76.64,76.79,43930.6
1786351500000,76.79,76.95,76.74,76.9,40235.3
1786352400000,76.9,76.99,76.86,76.96,30323.8
1786353300000,76.96,76.97,76.79,76.79,18656.0
1786354200000,76.79,76.79,76.64,76.69,37885.0
1786355100000,76.69,76.69,76.52,76.53,73223.8
1786356000000,76.53,76.65,76.51,76.54,39399.6
1786356900000,76.54,76.66,76.5,76.61,25767.7
1786357800000,76.61,76.83,76.56,76.76,58445.5
1786358700000,76.76,76.83,76.7,76.79,18404.7
1786359600000,76.79,76.8,76.64,76.69,12832.5
1786360500000,76.69,76.87,76.69,76.84,40871.3
1786361400000,76.84,76.9,76.8,76.82,16138.4
1786362300000,76.82,77.05,76.81,77.04,81232.3
1786363200000,77.04,77.11,76.92,76.96,139188.1
1786364100000,76.96,76.98,76.86,76.86,25381.2
1786365000000,76.86,76.87,76.67,76.85,58103.4
1786365900000,76.85,76.85,76.57,76.61,49563.2
1786366800000,76.61,76.75,76.58,76.71,37580.2
1786367700000,76.71,76.73,76.58,76.66,50665.0
1786368600000,76.66,76.69,76.28,76.34,160293.3
1786369500000,76.34,76.43,76.08,76.28,149378.1
1786370400000,76.28,76.69,76.25,76.64,182740.9
1786371300000,76.64,76.69,76.48,76.63,33288.2
1786372200000,76.63,76.68,76.46,76.58,29746.7
1786373100000,76.58,76.61,76.21,76.24,65347.0
1786374000000,76.24,76.41,76.0,76.07,210005.0
1786374900000,76.07,76.27,75.78,76.0,176783.8
1786375800000,76.0,76.11,75.84,75.94,102634.0
1786376700000,75.94,76.01,75.84,75.92,51793.8
1786377600000,75.92,76.08,75.84,75.94,53070.4
1786378500000,75.94,75.98,75.55,75.73,196207.9
1786379400000,75.73,75.98,75.66,75.72,101849.4
1786380300000,75.72,75.76,75.58,75.7,75534.1
1786381200000,75.7,76.06,75.6,75.97,86816.3
1786382100000,75.97,76.02,75.87,75.93,35590.4
1786383000000,75.93,76.1,75.92,76.0,38679.4
1786383900000,76.0,76.01,75.91,75.96,21590.4
1786384800000,75.96,76.05,75.94,75.97,23472.2
1786385700000,75.97,76.02,75.91,75.95,29592.8
1786386600000,75.95,75.99,75.7,75.84,50305.1
1786387500000,75.84,75.85,75.71,75.8,19438.6
1786388400000,75.8,75.93,75.79,75.93,26236.6
1786389300000,75.93,76.11,75.92,76.09,27959.9
1786390200000,76.09,76.26,76.09,76.22,89657.2
1786391100000,76.22,76.24,76.08,76.18,33122.4
1786392000000,76.18,76.33,76.14,76.25,47935.0
1786392900000,76.25,76.32,76.22,76.31,20940.1
1786393800000,76.31,76.47,76.3,76.42,27406.9
1786394700000,76.42,76.46,76.33,76.4,27205.9
1786395600000,76.4,76.46,76.29,76.33,31027.7
1786396500000,76.33,76.41,76.27,76.41,16576.0
1786397400000,76.41,76.46,76.36,76.37,18123.4
1786398300000,76.37,76.38,76.26,76.27,18553.6
1786399200000,76.27,76.32,76.08,76.27,29283.7
1786400100000,76.27,76.35,76.14,76.17,18992.6
1786401000000,76.17,76.19,76.0,76.14,33879.3
1786401900000,76.14,76.19,76.13,76.19,8631.5
1786402800000,76.19,76.19,76.07,76.15,21999.2
1786403700000,76.15,76.17,76.0,76.08,37555.2
1786404600000,76.08,76.1,76.0,76.1,17440.2
1786405500000,76.1,76.1,75.94,75.96,38311.7
1786406400000,75.96,75.97,75.73,75.94,47473.8
1786407300000,75.94,76.01,75.88,76.01,21312.6
1786408200000,76.01,76.02,75.83,75.89,13825.4
1786409100000,75.89,75.91,75.82,75.86,14755.9
1786410000000,75.86,75.97,75.66,75.92,59680.0
1786410900000,75.92,75.96,75.78,75.93,17731.9
1786411800000,75.93,75.93,75.77,75.87,13905.8
1786412700000,75.87,76.09,75.87,76.09,22269.7
1786413600000,76.09,76.12,76.04,76.07,14773.6
1786414500000,76.07,76.1,75.96,75.98,36062.3
1786415400000,75.98,76.08,75.96,76.08,6218.6
1786416300000,76.08,76.09,75.99,76.01,8476.8
1786417200000,76.01,76.19,76.0,76.11,18876.4
1786418100000,76.11,76.22,76.09,76.16,16592.9
1786419000000,76.16,76.17,76.09,76.1,6717.7
1786419900000,76.1,76.1,76.04,76.05,8503.2
1786420800000,76.05,76.16,76.04,76.15,38358.6
1786421700000,76.15,76.16,76.09,76.11,22522.3
1786422600000,76.11,76.17,76.08,76.17,8266.0
1786423500000,76.17,76.2,76.04,76.04,19068.0
1786424400000,76.04,76.05,75.97,76.01,17654.7
1786425300000,76.01,76.06,75.74,75.78,191385.5
1786426200000,75.78,75.93,75.76,75.92,15082.1
1786427100000,75.92,75.92,75.77,75.77,13154.8
1786428000000,75.77,76.01,75.67,76.0,105132.0
1786428900000,76.0,76.0,75.87,75.94,19623.9
1786429800000,75.94,75.96,75.76,75.77,128635.0
1786430700000,75.77,75.79,75.62,75.78,51046.2
1786431600000,75.78,75.84,75.66,75.66,20934.8
1786432500000,75.66,75.66,75.38,75.41,146073.3
1786433400000,75.41,75.7,75.41,75.69,50812.7
1786434300000,75.69,75.73,75.6,75.67,35905.6
1786435200000,75.67,75.76,75.61,75.61,45775.6
1786436100000,75.61,75.73,75.61,75.71,20380.4
1786437000000,75.71,75.88,75.7,75.87,29015.1
1786437900000,75.87,75.96,75.86,75.92,39061.3
1786438800000,75.92,75.94,75.73,75.75,42701.8
1786439700000,75.75,75.89,75.69,75.76,51852.9
1786440600000,75.76,75.8,75.65,75.75,25388.7
1786441500000,75.75,75.87,75.68,75.86,35087.7
1786442400000,75.86,75.96,75.79,75.79,43391.9
1786443300000,75.79,75.95,75.72,75.94,30577.5
1786444200000,75.94,75.99,75.79,75.81,25738.3
1786445100000,75.81,76.04,75.8,75.92,92269.2
1786446000000,75.92,76.34,75.91,76.2,185862.4
1786446900000,76.2,76.2,76.0,76.11,129890.2
1786447800000,76.11,76.16,76.07,76.11,22313.1
1786448700000,76.11,76.21,76.07,76.17,23937.0
1786449600000,76.17,76.21,76.02,76.09,66906.3
1786450500000,76.09,76.11,75.78,75.83,86603.6
1786451400000,75.83,75.9,75.75,75.84,52315.0
1786452300000,75.84,75.86,75.75,75.83,30858.8
1786453200000,75.83,76.02,75.74,75.94,143252.6
1786454100000,75.94,75.95,75.68,75.85,39727.3
1786455000000,75.85,76.03,75.69,75.93,57615.7
1786455900000,75.93,76.08,75.81,75.98,80845.2
1786456800000,75.98,76.07,75.87,76.0,40141.9
1786457700000,76.0,76.12,75.49,75.59,228278.8
1786458600000,75.59,75.62,75.33,75.44,108397.9
1786459500000,75.44,75.48,75.04,75.16,197599.4
1786460400000,75.16,75.27,75.06,75.1,82580.1
1786461300000,75.1,75.39,75.06,75.32,66543.3
1786462200000,75.32,75.35,74.56,74.8,342574.6
1786463100000,74.8,74.94,74.66,74.9,226207.1
1786464000000,74.9,75.0,74.75,74.98,78842.0
1786464900000,74.98,75.05,74.87,74.94,55285.0
1786465800000,74.94,75.0,74.84,74.88,34283.2
1786466700000,74.88,74.98,74.85,74.88,24305.1
1786467600000,74.88,75.03,74.88,74.96,22827.2
1786468500000,74.96,75.07,74.9,75.04,25400.6
1786469400000,75.04,75.09,74.96,75.02,29569.0
1786470300000,75.02,75.18,74.94,75.13,102748.6
1786471200000,75.13,75.23,75.11,75.21,27571.9
1786472100000,75.21,75.32,75.17,75.18,59511.3
1786473000000,75.18,75.28,75.05,75.22,75347.9
1786473900000,75.22,75.29,75.13,75.24,21842.7
1786474800000,75.24,75.24,75.02,75.04,31237.0
1786475700000,75.04,75.27,75.04,75.25,30574.6
1786476600000,75.25,75.51,75.25,75.5,67284.0
1786477500000,75.5,75.68,75.48,75.62,78104.1
1786478400000,75.62,76.24,75.61,76.1,253650.4
1786479300000,76.1,76.11,75.86,76.05,109413.0
1786480200000,76.05,76.16,75.9,75.91,55904.7
1786481100000,75.91,76.06,75.84,76.02,41070.1
1786482000000,76.02,76.15,76.01,76.13,50564.1
1786482900000,76.13,76.14,75.98,76.02,60652.8
1786483800000,76.02,76.15,75.96,76.12,55574.5
1786484700000,76.12,76.43,76.1,76.42,97574.2
1786485600000,76.42,76.65,76.37,76.37,122887.1
1786486500000,76.37,76.49,76.32,76.39,41768.0
1786487400000,76.39,76.44,76.28,76.34,33516.1
1786488300000,76.34,76.39,76.22,76.38,23629.0
1786489200000,76.38,76.38,76.17,76.2,35705.6
1786490100000,76.2,76.31,76.16,76.25,35755.8
1786491000000,76.25,76.31,76.18,76.29,27664.3
1786491900000,76.29,76.3,76.18,76.25,14311.3
1786492800000,76.25,76.29,76.19,76.26,18228.1
1786493700000,76.26,76.3,76.19,76.22,17278.3
1786494600000,76.22,76.28,76.22,76.24,15456.2
1786495500000,76.24,76.33,76.2,76.33,13000.4
1786496400000,76.33,76.48,76.3,76.47,23713.1
1786497300000,76.47,76.47,76.32,76.32,38033.1
1786498200000,76.32,76.45,76.25,76.43,12413.3
1786499100000,76.43,76.55,76.35,76.4,49499.9
1786500000000,76.4,76.54,76.39,76.48,33785.9
1786500900000,76.48,76.54,76.4,76.53,10798.1
1786501800000,76.53,76.54,76.42,76.46,13781.5
1786502700000,76.46,76.58,76.38,76.4,32728.0
1786503600000,76.4,76.49,76.32,76.34,8879.7
1786504500000,76.34,76.36,76.23,76.27,28386.4
1786505400000,76.27,76.45,76.22,76.4,26490.7
1786506300000,76.4,76.41,76.32,76.39,21684.5
1786507200000,76.39,76.45,76.33,76.38,8414.4
1786508100000,76.38,76.54,76.33,76.33,41535.2
1786509000000,76.33,76.34,76.24,76.3,16466.9
1786509900000,76.3,76.35,76.26,76.26,14773.7
1786510800000,76.26,76.33,76.13,76.31,29909.7
1786511700000,76.31,76.32,76.24,76.24,37302.5
1786512600000,76.24,76.31,76.22,76.27,11144.8
1786513500000,76.27,76.32,76.24,76.29,19968.3
1786514400000,76.29,76.33,76.18,76.18,14396.3
1786515300000,76.18,76.28,76.13,76.14,28481.9
1786516200000,76.14,76.15,76.05,76.06,137560.0
1786517100000,76.06,76.07,75.94,76.03,44141.6
1786518000000,76.03,76.14,76.0,76.07,29016.0
1786518900000,76.07,76.09,76.01,76.01,14248.8
1786519800000,76.01,76.08,75.96,75.98,16918.0
1786520700000,75.98,76.25,75.91,76.24,50374.6
1786521600000,76.24,76.43,76.19,76.26,74565.3
1786522500000,76.26,76.47,76.26,76.4,109140.8
1786523400000,76.4,76.4,76.25,76.26,24693.1
1786524300000,76.26,76.31,76.12,76.16,35312.0
1786525200000,76.16,76.33,76.1,76.29,25249.4
1786526100000,76.29,76.75,76.29,76.74,135371.2
1786527000000,76.74,76.87,76.65,76.71,119775.3
1786527900000,76.71,76.75,76.65,76.7,26343.1
1786528800000,76.7,76.82,76.63,76.76,66383.2
1786529700000,76.76,76.83,76.69,76.7,39066.5
1786530600000,76.7,76.78,76.68,76.73,25703.3
1786531500000,76.73,76.78,76.67,76.72,46512.1
1786532400000,76.72,76.8,76.66,76.67,33615.8
1786533300000,76.67,76.83,76.66,76.8,32687.6
1786534200000,76.8,76.82,76.65,76.7,23539.4
1786535100000,76.7,76.82,76.68,76.8,25397.9
1786536000000,76.8,77.06,76.8,76.95,139626.5
1786536900000,76.95,77.25,76.87,77.15,177155.3
1786537800000,77.15,77.37,76.46,76.47,489496.0
1786538700000,76.47,76.68,76.32,76.61,138634.8
1786539600000,76.61,76.63,76.32,76.42,116757.2
1786540500000,76.42,76.51,76.34,76.41,47538.6
1786541400000,76.41,76.44,76.01,76.25,384440.9
1786542300000,76.25,76.39,76.14,76.19,71124.9
1786543200000,76.19,76.21,75.72,76.02,282226.3
1786544100000,76.02,76.04,75.71,75.73,67212.5
1786545000000,75.73,75.81,75.39,75.55,182089.2
1786545900000,75.55,75.67,75.36,75.44,102065.5
1786546800000,75.44,75.74,75.33,75.72,91909.4
1786547700000,75.72,75.84,75.61,75.7,37407.0
1786548600000,75.7,75.79,75.57,75.76,41531.9
1786549500000,75.76,75.81,75.66,75.7,51990.0
1786550400000,75.7,75.76,75.6,75.71,48514.5
1786551300000,75.71,75.8,75.65,75.72,16574.6
1786552200000,75.72,75.74,75.59,75.59,17694.1
1786553100000,75.59,75.68,75.51,75.65,29532.3
1786554000000,75.65,75.76,75.64,75.72,24295.1
1786554900000,75.72,75.8,75.63,75.79,22857.2
1786555800000,75.79,76.02,75.7,75.92,51030.8
1786556700000,75.92,76.01,75.86,75.87,16247.4
1786557600000,75.87,75.99,75.83,75.98,21627.2
1786558500000,75.98,75.98,75.87,75.94,15977.1
1786559400000,75.94,76.06,75.91,75.98,20474.7
1786560300000,75.98,75.98,75.79,75.83,14061.4
1786561200000,75.83,75.96,75.81,75.82,28577.1
1786562100000,75.82,75.88,75.68,75.82,48336.5
1786563000000,75.82,75.82,75.55,75.59,51636.2
1786563900000,75.59,75.73,75.55,75.72,29334.0
1786564800000,75.72,75.85,75.71,75.79,32159.5
1786565700000,75.79,75.85,75.69,75.85,13823.3
1786566600000,75.85,75.98,75.84,75.94,17032.8
1786567500000,75.94,75.95,75.84,75.9,21304.8
1786568400000,75.9,75.97,75.78,75.79,83187.7
1786569300000,75.79,75.84,75.34,75.49,117083.9
1786570200000,75.49,75.63,75.38,75.61,31134.2
1786571100000,75.61,75.65,75.39,75.42,27762.7
1786572000000,75.42,75.63,75.27,75.55,59860.1
1786572900000,75.55,75.6,75.5,75.54,13715.5
1786573800000,75.54,75.54,75.37,75.45,26205.1
1786574700000,75.45,75.49,75.41,75.48,17043.7
1786575600000,75.48,75.53,75.38,75.43,17148.5
1786576500000,75.43,75.45,75.34,75.45,13493.9
1786577400000,75.45,75.58,75.44,75.53,39089.7
1786578300000,75.53,75.61,75.52,75.59,16064.6
1786579200000,75.59,75.78,75.55,75.73,25981.2
1786580100000,75.73,75.86,75.7,75.75,38148.2
1786581000000,75.75,75.77,75.54,75.56,29206.2
1786581900000,75.56,75.66,75.51,75.58,27313.9
1786582800000,75.58,75.72,75.5,75.71,13679.9
1786583700000,75.71,75.71,75.43,75.5,25496.2
1786584600000,75.5,75.76,75.48,75.59,11289.7
1786585500000,75.59,75.7,75.53,75.6,8057.7
1786586400000,75.6,75.61,75.52,75.58,8303.7
1786587300000,75.58,75.66,75.57,75.64,6424.3
1786588200000,75.64,75.68,75.48,75.68,14615.0
1786589100000,75.68,75.94,75.62,75.93,68032.7
1786590000000,75.93,76.13,75.92,76.12,86896.4
1786590900000,76.12,76.22,76.05,76.19,78288.3
1786591800000,76.19,76.3,76.13,76.18,193883.6
1786592700000,76.18,76.29,76.17,76.24,38603.2
1786593600000,76.24,76.25,76.12,76.16,21273.0
1786594500000,76.16,76.16,76.0,76.06,44080.8
1786595400000,76.06,76.17,76.05,76.12,7846.6
1786596300000,76.12,76.18,76.07,76.11,29143.4
1786597200000,76.11,76.25,76.06,76.25,41126.6
1786598100000,76.25,76.35,76.23,76.34,47538.7
1786599000000,76.34,76.58,76.27,76.54,180710.6
1786599900000,76.54,76.61,76.46,76.49,37883.2
1786600800000,76.49,76.53,76.41,76.45,35134.7
1786601700000,76.45,76.47,76.39,76.4,19657.0
1786602600000,76.4,76.4,76.29,76.29,22309.3
1786603500000,76.29,76.5,76.29,76.5,15609.6
1786604400000,76.5,76.5,76.37,76.4,15562.8
1786605300000,76.4,76.47,76.37,76.47,15645.2
1786606200000,76.47,76.48,76.42,76.42,8858.8
1786607100000,76.42,76.42,76.36,76.41,21353.7
1786608000000,76.41,76.46,76.25,76.26,39720.6
1786608900000,76.26,76.27,76.2,76.22,39074.9
1786609800000,76.22,76.24,76.2,76.21,9622.2
1786610700000,76.21,76.21,76.14,76.19,26668.8
1786611600000,76.19,76.19,75.9,75.93,48866.8
1786612500000,75.93,76.04,75.86,75.99,66953.6
1786613400000,75.99,76.03,75.91,75.95,19563.5
1786614300000,75.95,76.15,75.95,76.14,26897.1
1786615200000,76.14,76.17,75.78,75.81,213609.9
1786616100000,75.81,75.89,75.79,75.8,32020.8
1786617000000,75.8,75.8,75.65,75.71,166659.8
1786617900000,75.71,75.75,75.7,75.71,17562.4
1786618800000,75.71,75.71,75.6,75.62,25281.5
1786619700000,75.62,75.64,75.52,75.55,39099.3
1786620600000,75.55,75.67,75.51,75.61,45747.4
1786621500000,75.61,75.65,75.57,75.62,14202.9
1786622400000,75.62,75.82,75.6,75.82,71387.8
1786623300000,75.82,75.89,75.74,75.84,31888.8
1786624200000,75.84,76.0,75.72,75.93,83573.0
1786625100000,75.93,76.13,75.88,76.1,110212.7
1786626000000,76.1,76.19,76.05,76.12,46879.8
1786626900000,76.12,76.12,76.0,76.02,36750.0
1786627800000,76.02,76.33,76.01,76.26,87237.1
1786628700000,76.26,76.27,76.13,76.14,49817.8
1786629600000,76.14,76.42,76.08,76.32,64981.1
1786630500000,76.32,76.39,76.18,76.24,30950.9
1786631400000,76.24,76.56,76.2,76.52,79099.1
1786632300000,76.52,76.54,76.42,76.43,39880.4
1786633200000,76.43,76.5,76.32,76.33,24693.1
1786634100000,76.33,76.36,75.92,76.01,88936.0
1786635000000,76.01,76.16,75.99,76.05,50796.9
1786635900000,76.05,76.06,75.59,75.59,148156.3
1786636800000,75.59,75.75,75.48,75.69,118288.4
1786637700000,75.69,75.85,75.59,75.61,93506.6
1786638600000,75.61,75.67,75.05,75.32,346848.9
1786639500000,75.32,75.65,75.25,75.55,143531.2
1786640400000,75.55,75.77,75.51,75.7,61130.3
1786641300000,75.7,75.85,75.68,75.79,85992.1
1786642200000,75.79,75.9,75.72,75.83,20848.0
1786643100000,75.83,75.87,75.69,75.73,31582.4
1786644000000,75.73,75.89,75.69,75.82,36630.2
1786644900000,75.82,75.92,75.71,75.72,15912.8
1786645800000,75.72,75.81,75.64,75.79,34259.2
1786646700000,75.79,76.07,75.77,75.98,41797.0
1786647600000,75.98,76.24,75.94,76.09,53740.3
1786648500000,76.09,76.13,76.0,76.07,83317.0
1786649400000,76.07,76.16,76.01,76.09,93766.1
1786650300000,76.09,76.17,76.08,76.16,30754.4
1786651200000,76.16,76.3,76.1,76.14,76689.4
1786652100000,76.14,76.23,76.12,76.22,25672.8
1786653000000,76.22,76.3,76.19,76.23,14385.9
1786653900000,76.23,76.23,76.12,76.17,17491.9
1786654800000,76.17,76.27,76.17,76.21,30742.5
1786655700000,76.21,76.22,76.11,76.13,9481.4
1786656600000,76.13,76.19,76.08,76.14,36804.9
1786657500000,76.14,76.22,76.12,76.17,16543.8
1786658400000,76.17,76.42,76.16,76.36,44488.0
1786659300000,76.36,76.4,76.31,76.38,15014.7
1786660200000,76.38,76.39,76.31,76.33,8565.6
1786661100000,76.33,76.36,76.2,76.22,19353.2
1786662000000,76.22,76.22,76.13,76.16,17141.6
1786662900000,76.16,76.2,76.1,76.19,8305.0
1786663800000,76.19,76.26,76.17,76.26,14008.0
1786664700000,76.26,76.26,76.16,76.23,12310.5
1786665600000,76.23,76.28,76.15,76.16,34228.2
1786666500000,76.16,76.22,76.06,76.06,28892.4
1786667400000,76.06,76.16,75.95,76.12,30728.6
1786668300000,76.12,76.13,76.0,76.05,14323.9
1786669200000,76.05,76.08,75.9,75.9,19828.2
1786670100000,75.9,76.07,75.87,75.97,20568.4
1786671000000,75.97,76.12,75.94,76.12,12135.6
1786671900000,76.12,76.15,76.04,76.07,10526.4
1786672800000,76.07,76.18,76.05,76.1,17537.4
1786673700000,76.1,76.13,75.96,76.01,13279.8
1786674600000,76.01,76.12,75.97,76.06,16239.8
1786675500000,76.06,76.14,75.99,75.99,43053.2
1786676400000,75.99,75.99,75.74,75.88,43118.8
1786677300000,75.88,76.03,75.87,75.96,10601.0
1786678200000,75.96,75.96,75.72,75.8,35612.1
1786679100000,75.8,75.81,75.7,75.72,13924.1
1786680000000,75.72,75.9,75.7,75.89,13936.3
1786680900000,75.89,76.0,75.88,75.91,18493.6
1786681800000,75.91,75.92,75.86,75.88,4502.9
1786682700000,75.88,75.88,75.78,75.81,5820.9
1786683600000,75.81,75.88,75.78,75.79,15561.3
1786684500000,75.79,75.85,75.76,75.84,14688.9
1786685400000,75.84,75.95,75.81,75.91,12703.7
1786686300000,75.91,75.91,75.82,75.89,12872.9
1786687200000,75.89,75.89,75.73,75.75,18704.1
1786688100000,75.75,75.75,75.56,75.58,64392.1
1786689000000,75.58,75.66,75.57,75.61,25289.4
1786689900000,75.61,75.66,75.47,75.51,63160.2
1786690800000,75.51,75.63,75.45,75.63,61205.2
1786691700000,75.63,75.7,75.6,75.67,17119.4
1786692600000,75.67,75.67,75.51,75.57,27609.0
1786693500000,75.57,75.62,75.54,75.55,21754.8
1786694400000,75.55,75.65,75.54,75.61,18028.5
1786695300000,75.61,75.7,75.52,75.64,42772.5
1786696200000,75.64,75.84,75.61,75.7,84717.5
1786697100000,75.7,75.86,75.67,75.84,50908.3
1786698000000,75.84,75.86,75.71,75.78,22309.2
1786698900000,75.78,75.81,75.67,75.67,23577.8
1786699800000,75.67,75.68,75.37,75.43,109115.9
1786700700000,75.43,75.54,75.41,75.45,38661.2
1786701600000,75.45,75.57,75.41,75.54,30568.7
1786702500000,75.54,75.61,75.44,75.49,23863.8
1786703400000,75.49,75.54,75.46,75.47,18496.4
1786704300000,75.47,75.5,75.31,75.36,76427.5
1786705200000,75.36,75.5,75.35,75.42,22594.4
1786706100000,75.42,75.56,75.42,75.5,15787.3
1786707000000,75.5,75.56,75.46,75.5,14084.2
1786707900000,75.5,75.53,75.45,75.49,19467.1
1786708800000,75.49,75.54,75.27,75.38,59907.3
1786709700000,75.38,75.51,75.35,75.5,25094.0
1786710600000,75.5,75.55,75.4,75.4,20087.6
1786711500000,75.4,75.47,75.34,75.42,24058.8
1786712400000,75.42,75.44,75.28,75.41,30707.4
1786713300000,75.41,75.42,75.24,75.32,56390.5
1786714200000,75.32,75.37,75.19,75.35,62371.4
1786715100000,75.35,75.39,75.25,75.32,53440.1
1786716000000,75.32,75.39,75.16,75.19,68795.8
1786716900000,75.19,75.22,75.01,75.21,92470.7
1786717800000,75.21,75.37,75.16,75.3,46134.2
1786718700000,75.3,75.34,75.13,75.22,53519.3
1786719600000,75.22,75.28,75.15,75.25,39006.4
1786720500000,75.25,75.56,75.2,75.54,70600.1
1786721400000,75.54,75.72,75.39,75.7,74409.9
1786722300000,75.7,75.75,75.62,75.62,57414.4
1786723200000,75.62,75.68,75.54,75.63,57100.2
1786724100000,75.63,75.65,75.52,75.54,34590.7
1786725000000,75.54,75.67,75.53,75.55,45824.1
1786725900000,75.55,75.56,75.42,75.44,52740.8
1786726800000,75.44,75.53,75.4,75.51,38940.9
1786727700000,75.51,75.64,75.49,75.55,27145.3
1786728600000,75.55,75.63,75.39,75.41,33460.8
1786729500000,75.41,75.46,75.09,75.24,123936.1
1786730400000,75.24,75.26,74.91,75.03,154592.2
1786731300000,75.03,75.22,75.01,75.13,60439.0
1786732200000,75.13,75.16,74.98,75.08,30509.6
1786733100000,75.08,75.1,74.87,74.92,78473.0
1786734000000,74.92,74.92,74.68,74.68,154462.4
1786734900000,74.68,74.84,74.62,74.8,108933.6
1786735800000,74.8,75.02,74.76,75.02,55461.8
1786736700000,75.02,75.06,74.95,74.96,81109.1
1786737600000,74.96,75.14,74.92,75.07,48821.2
1786738500000,75.07,75.18,75.05,75.15,37037.3
1786739400000,75.15,75.21,75.11,75.18,15459.5
1786740300000,75.18,75.2,75.07,75.1,14939.7
1786741200000,75.1,75.18,75.04,75.08,26286.9
1786742100000,75.08,75.22,75.08,75.16,20358.9
1786743000000,75.16,75.18,75.07,75.1,17535.8
1786743900000,75.1,75.18,75.06,75.15,13687.0
1786744800000,75.15,75.25,75.08,75.1,26862.6
1786745700000,75.1,75.1,74.93,74.95,22770.1
1786746600000,74.95,75.08,74.94,75.05,13425.4
1786747500000,75.05,75.19,75.04,75.16,12749.3
1786748400000,75.16,75.22,75.11,75.2,8715.3
1786749300000,75.2,75.31,75.15,75.29,16514.2
1786750200000,75.29,75.38,75.21,75.33,36237.1
1786751100000,75.33,75.4,75.31,75.38,40172.0
1786752000000,75.38,75.4,75.31,75.35,18214.2
1786752900000,75.35,75.37,75.31,75.34,16172.8
1786753800000,75.34,75.4,75.31,75.36,21536.3
1786754700000,75.36,75.4,75.3,75.31,7730.6
1786755600000,75.31,75.39,75.26,75.37,10730.0
1786756500000,75.37,75.44,75.32,75.38,21836.4
1786757400000,75.38,75.43,75.35,75.4,11703.6
1786758300000,75.4,75.4,75.35,75.38,6409.9
1786759200000,75.38,75.44,75.36,75.44,14145.1
1786760100000,75.44,75.58,75.44,75.52,39178.3
1786761000000,75.52,75.65,75.51,75.58,31036.8
1786761900000,75.58,75.62,75.5,75.62,54857.8
1786762800000,75.62,75.69,75.59,75.64,14915.3
1786763700000,75.64,75.67,75.54,75.59,17025.4
1786764600000,75.59,75.61,75.45,75.45,24002.4
1786765500000,75.45,75.46,75.37,75.38,29199.6
1786766400000,75.38,75.45,75.32,75.43,33071.2
1786767300000,75.43,75.56,75.43,75.53,15599.1
1786768200000,75.53,75.56,75.49,75.55,9519.6
1786769100000,75.55,75.58,75.48,75.49,21836.9
1786770000000,75.49,75.55,75.43,75.51,23121.9
1786770900000,75.51,75.52,75.42,75.42,9643.9
1786771800000,75.42,75.46,75.27,75.34,29920.2
1786772700000,75.34,75.38,75.26,75.31,12082.7
1786773600000,75.31,75.37,75.23,75.25,15404.3
1786774500000,75.25,75.32,75.25,75.27,10018.3
1786775400000,75.27,75.34,75.27,75.34,4181.9
1786776300000,75.34,75.46,75.33,75.38,17412.4
1786777200000,75.38,75.39,75.31,75.37,23026.3
1786778100000,75.37,75.38,75.26,75.29,14556.3
1786779000000,75.29,75.29,75.21,75.24,11150.6
1786779900000,75.24,75.26,75.16,75.2,19786.2
1786780800000,75.2,75.22,75.12,75.19,20977.5
1786781700000,75.19,75.28,75.19,75.24,15306.3
1786782600000,75.24,75.24,75.1,75.11,23482.1
1786783500000,75.11,75.15,75.02,75.04,30194.7
1786784400000,75.04,75.1,74.99,75.08,37774.5
1786785300000,75.08,75.16,75.07,75.15,13967.7
1786786200000,75.15,75.17,75.13,75.16,11877.5
1786787100000,75.16,75.21,75.16,75.21,6859.5
1786788000000,75.21,75.26,75.16,75.26,20851.6
1786788900000,75.26,75.32,75.24,75.27,32020.1
1786789800000,75.27,75.31,75.23,75.24,12016.9
1786790700000,75.24,75.28,75.21,75.26,7836.2
1786791600000,75.26,75.27,75.22,75.22,3831.7
1786792500000,75.22,75.27,75.21,75.22,7769.6
1786793400000,75.22,75.26,75.22,75.26,11478.8
1786794300000,75.26,75.27,75.17,75.21,11126.6
1786795200000,75.21,75.21,75.16,75.18,8000.2
1786796100000,75.18,75.22,75.17,75.17,16289.2
1786797000000,75.17,75.24,75.17,75.23,6558.6
1786797900000,75.23,75.41,75.2,75.38,58216.5
1786798800000,75.38,75.48,75.36,75.46,76547.2
1786799700000,75.46,75.47,75.42,75.45,9342.5
1786800600000,75.45,75.55,75.43,75.54,45463.6
1786801500000,75.54,75.56,75.51,75.54,19604.8
1786802400000,75.54,75.55,75.51,75.54,8996.8
1786803300000,75.54,75.55,75.42,75.46,27389.7
1786804200000,75.46,75.55,75.45,75.47,16128.0
1786805100000,75.47,75.49,75.42,75.42,11438.2
1786806000000,75.42,75.45,75.4,75.42,10664.1
1786806900000,75.42,75.48,75.33,75.42,23070.7
1786807800000,75.42,75.5,75.42,75.46,12000.8
1786808700000,75.46,75.49,75.45,75.49,5034.8
1786809600000,75.49,75.5,75.39,75.4,11766.8
1786810500000,75.4,75.48,75.36,75.48,16875.2
1786811400000,75.48,75.49,75.4,75.42,14418.1
1786812300000,75.42,75.46,75.41,75.45,5274.9
1786813200000,75.45,75.56,75.44,75.53,9678.2
1786814100000,75.53,75.62,75.51,75.53,36416.2
1786815000000,75.53,75.61,75.53,75.6,10321.2
1786815900000,75.6,75.65,75.58,75.62,14854.0
1786816800000,75.62,75.65,75.5,75.54,28310.0
1786817700000,75.54,75.55,75.5,75.5,29432.2
1786818600000,75.5,75.56,75.5,75.55,17554.9
1786819500000,75.55,75.57,75.52,75.53,5426.9
1786820400000,75.53,75.54,75.51,75.52,8402.7
1786821300000,75.52,75.53,75.5,75.51,7849.4
1786822200000,75.51,75.53,75.5,75.51,4932.4
1786823100000,75.51,75.55,75.51,75.53,11219.1
1786824000000,75.53,75.54,75.5,75.51,21692.7
1786824900000,75.51,75.51,75.38,75.45,87503.9
1786825800000,75.45,75.49,75.43,75.48,5277.9
1786826700000,75.48,75.55,75.46,75.51,22061.7
1786827600000,75.51,75.59,75.49,75.56,21969.6
1786828500000,75.56,75.64,75.55,75.64,14842.1
1786829400000,75.64,75.72,75.61,75.7,35062.5
1786830300000,75.7,75.7,75.58,75.59,14663.0
1786831200000,75.59,75.66,75.57,75.59,13291.1
1786832100000,75.59,75.6,75.56,75.58,11284.5
1786833000000,75.58,75.61,75.51,75.58,25759.1
1786833900000,75.58,75.62,75.54,75.54,12048.3
1786834800000,75.54,75.54,75.29,75.4,53297.3
1786835700000,75.4,75.42,75.27,75.32,25117.5
1786836600000,75.32,75.35,75.26,75.31,36882.8
1786837500000,75.31,75.32,75.28,75.31,12455.8
1786838400000,75.31,75.32,75.21,75.3,47185.6
1786839300000,75.3,75.4,75.27,75.37,14706.6
1786840200000,75.37,75.44,75.35,75.41,17982.6
1786841100000,75.41,75.46,75.36,75.42,16571.9
1786842000000,75.42,75.44,75.33,75.35,10747.6
1786842900000,75.35,75.39,75.32,75.33,9036.1
1786843800000,75.33,75.41,75.26,75.41,59238.8
1786844700000,75.41,75.41,75.34,75.39,17688.1
1786845600000,75.39,75.41,75.27,75.29,13554.3
1786846500000,75.29,75.59,75.23,75.56,55939.3
1786847400000,75.56,75.63,75.55,75.61,17587.0
1786848300000,75.61,75.62,75.48,75.54,18404.9
1786849200000,75.54,75.62,75.53,75.57,8514.7
1786850100000,75.57,75.62,75.55,75.56,4857.8
1786851000000,75.56,75.59,75.54,75.56,6000.5
1786851900000,75.56,75.57,75.53,75.54,5681.3
1786852800000,75.54,75.58,75.52,75.53,5465.9
1786853700000,75.53,75.57,75.48,75.56,8972.0
1786854600000,75.56,75.56,75.46,75.51,8652.7
1786855500000,75.51,75.51,75.39,75.41,9600.6
1786856400000,75.41,75.48,75.38,75.48,26515.0
1786857300000,75.48,75.48,75.34,75.34,15389.8
1786858200000,75.34,75.42,75.32,75.34,41021.4
1786859100000,75.34,75.36,75.3,75.32,14867.2
1786860000000,75.32,75.36,75.27,75.3,13646.6
1786860900000,75.3,75.33,75.23,75.33,24068.5
1786861800000,75.33,75.38,75.29,75.38,10579.4
1786862700000,75.38,75.48,75.33,75.34,27745.3
1786863600000,75.34,75.4,75.31,75.4,10482.6
1786864500000,75.4,75.43,75.39,75.39,6047.8
1786865400000,75.39,75.4,75.37,75.37,3737.5
1786866300000,75.37,75.46,75.37,75.44,12892.7
1786867200000,75.44,75.44,75.37,75.37,6133.1
1786868100000,75.37,75.42,75.37,75.4,5278.2
1786869000000,75.4,75.46,75.4,75.4,6113.4
1786869900000,75.4,75.45,75.39,75.42,7376.7
1786870800000,75.42,75.45,75.39,75.41,4221.7
1786871700000,75.41,75.42,75.37,75.38,4857.0
1786872600000,75.38,75.42,75.22,75.29,47227.4
1786873500000,75.29,75.33,75.22,75.28,26216.9
1786874400000,75.28,75.29,75.17,75.19,27104.3
1786875300000,75.19,75.19,75.13,75.19,23103.2
1786876200000,75.19,75.21,75.12,75.17,13922.0
1786877100000,75.17,75.25,75.17,75.23,9607.2
1786878000000,75.23,75.23,75.19,75.22,22333.3
1786878900000,75.22,75.29,75.21,75.26,24095.2
1786879800000,75.26,75.27,75.2,75.22,26644.6
1786880700000,75.22,75.24,75.18,75.24,6526.3
1786881600000,75.24,75.25,75.2,75.2,13522.4
1786882500000,75.2,75.26,75.18,75.25,14830.7
1786883400000,75.25,75.26,75.16,75.18,7755.5
1786884300000,75.18,75.19,75.15,75.18,13898.2
1786885200000,75.18,75.31,75.17,75.27,18042.9
1786886100000,75.27,75.36,75.27,75.36,11131.3
1786887000000,75.36,75.37,75.3,75.34,12285.7
1786887900000,75.34,75.35,75.26,75.27,4050.4
1786888800000,75.27,75.29,75.2,75.23,11464.1
1786889700000,75.23,75.35,75.23,75.27,26836.8
1786890600000,75.27,75.38,75.26,75.33,39757.1
1786891500000,75.33,75.39,75.33,75.36,11944.8
1786892400000,75.36,75.43,75.36,75.39,10164.5
1786893300000,75.39,75.55,75.39,75.55,41461.7
1786894200000,75.55,75.55,75.46,75.49,21744.5
1786895100000,75.49,75.61,75.49,75.54,31071.3
1786896000000,75.54,75.56,75.47,75.5,22701.2
1786896900000,75.5,75.6,75.48,75.57,39660.4
1786897800000,75.57,75.68,75.52,75.52,53188.2
1786898700000,75.52,75.57,75.47,75.54,13598.8
1786899600000,75.54,75.58,75.5,75.52,20182.3
1786900500000,75.52,75.52,75.38,75.44,28617.0
1786901400000,75.44,75.44,75.29,75.31,39697.2
1786902300000,75.31,75.33,75.25,75.25,17529.1
1786903200000,75.25,75.28,74.99,75.11,131173.7
1786904100000,75.11,75.2,75.1,75.15,35065.3
1786905000000,75.15,75.17,75.1,75.15,13114.9
1786905900000,75.15,75.22,75.15,75.15,9863.0
1786906800000,75.15,75.25,75.15,75.24,15864.7
1786907700000,75.24,75.32,75.24,75.31,10048.5
1786908600000,75.31,75.34,75.24,75.24,16129.7
1786909500000,75.24,75.24,75.15,75.2,32711.7
1786910400000,75.2,75.29,75.17,75.24,19203.6
1786911300000,75.24,75.26,75.19,75.22,9720.0
1786912200000,75.22,75.24,75.0,75.1,42534.9
1786913100000,75.1,75.12,74.92,74.99,53879.7
1786914000000,74.99,75.04,74.84,75.0,49569.7
1786914900000,75.0,75.05,74.9,74.95,15139.6
1786915800000,74.95,74.99,73.97,74.54,423060.5
1786916700000,74.54,74.54,74.1,74.28,186616.5
1786917600000,74.28,74.49,74.11,74.41,112516.5
1786918500000,74.41,74.46,74.29,74.35,28511.5
1786919400000,74.35,74.38,74.21,74.32,36036.9
1786920300000,74.32,74.48,74.28,74.48,27312.6
1786921200000,74.48,74.57,74.42,74.42,21418.9
1786922100000,74.42,74.54,74.41,74.48,13452.4
1786923000000,74.48,74.56,74.46,74.53,14278.8
1786923900000,74.53,74.62,74.52,74.58,32115.0
1786924800000,74.58,74.6,74.52,74.59,16999.3
1786925700000,74.59,74.6,74.39,74.59,23162.3
1786926600000,74.59,74.7,74.4,74.7,20970.8
1786927500000,74.7,74.7,74.49,74.59,25643.5
1786928400000,74.59,75.11,74.54,74.89,95305.3
1786929300000,74.89,75.24,74.86,75.19,82267.6
1786930200000,75.19,75.33,75.11,75.24,59671.9
1786931100000,75.24,75.25,75.04,75.04,35283.3
1786932000000,75.04,75.11,75.02,75.05,25026.8
1786932900000,75.05,75.2,75.01,75.15,17609.1
1786933800000,75.15,75.4,75.1,75.33,78322.3
1786934700000,75.33,75.56,75.29,75.44,91996.5
1786935600000,75.44,75.51,75.43,75.5,43619.0
1786936500000,75.5,75.55,75.4,75.44,79878.3
1786937400000,75.44,75.5,75.41,75.47,24342.4
1786938300000,75.47,75.55,75.44,75.47,22259.1
1786939200000,75.47,75.59,75.47,75.57,26636.2
1786940100000,75.57,75.57,75.48,75.51,14547.9
1786941000000,75.51,75.53,75.47,75.48,21988.2
1786941900000,75.48,75.53,75.47,75.52,15924.9
1786942800000,75.52,75.55,75.36,75.47,95967.4
1786943700000,75.47,75.58,75.45,75.46,30081.5
1786944600000,75.46,75.47,75.41,75.41,11388.6
1786945500000,75.41,75.45,75.36,75.37,16898.8
1786946400000,75.37,75.47,75.32,75.44,30279.5
1786947300000,75.44,75.55,75.41,75.44,28214.5
1786948200000,75.44,75.58,75.43,75.58,21180.8
1786949100000,75.58,75.98,75.58,75.81,188441.4
1786950000000,75.81,75.92,75.75,75.78,43912.7
1786950900000,75.78,75.84,75.71,75.82,32800.2
1786951800000,75.82,75.85,75.79,75.79,19220.8
1786952700000,75.79,75.79,75.7,75.75,21217.6
1786953600000,75.75,75.78,75.46,75.52,65341.1
1786954500000,75.52,75.53,75.31,75.38,68291.2
1786955400000,75.38,75.43,75.27,75.29,35977.6
1786956300000,75.29,75.3,75.14,75.22,60807.5
1786957200000,75.22,75.37,75.19,75.37,39486.7
1786958100000,75.37,75.4,75.23,75.36,13903.3
1786959000000,75.36,75.36,75.26,75.29,19619.3
1786959900000,75.29,75.34,75.22,75.32,11886.5
1786960800000,75.32,75.36,75.29,75.36,16369.3
1786961700000,75.36,75.49,75.27,75.49,20503.9
1786962600000,75.49,75.75,75.46,75.74,84804.9
1786963500000,75.74,75.78,75.67,75.73,35759.2
1786964400000,75.73,75.78,75.7,75.7,22615.4
1786965300000,75.7,75.77,75.65,75.74,43217.9
1786966200000,75.74,75.82,75.73,75.79,37286.5
1786967100000,75.79,75.91,75.62,75.66,82905.2
1786968000000,75.66,75.68,75.5,75.58,54072.1
1786968900000,75.58,75.59,75.36,75.37,53840.5
1786969800000,75.37,75.46,75.29,75.37,34802.7
1786970700000,75.37,75.44,75.32,75.41,51753.1
1786971600000,75.41,75.41,75.27,75.38,69752.7
1786972500000,75.38,75.38,75.26,75.28,29118.8
1786973400000,75.28,75.75,75.24,75.61,99744.3
1786974300000,75.61,75.72,75.52,75.59,152755.5
1786975200000,75.59,75.66,75.45,75.62,49704.3
1786976100000,75.62,75.69,75.51,75.6,22979.4
1786977000000,75.6,75.7,75.55,75.64,17349.5
1786977900000,75.64,76.0,75.58,75.94,100388.4
1786978800000,75.94,76.01,75.81,75.83,67162.3
1786979700000,75.83,75.99,75.77,75.92,77465.6
1786980600000,75.92,76.07,75.83,76.02,37258.6
1786981500000,76.02,76.2,76.0,76.06,125942.1
1786982400000,76.06,76.1,75.95,75.96,38231.1
1786983300000,75.96,76.02,75.89,75.93,22887.4
1786984200000,75.93,76.08,75.93,75.97,25692.6
1786985100000,75.97,76.09,75.91,75.96,21804.0
1786986000000,75.96,76.0,75.76,75.76,27765.0
1786986900000,75.76,76.08,75.73,75.87,60510.3
1786987800000,75.87,75.9,75.65,75.83,34392.4
1786988700000,75.83,75.93,75.82,75.88,12479.6
1786989600000,75.88,75.91,75.81,75.88,31218.7
1786990500000,75.88,76.14,75.87,75.98,59570.4
1786991400000,75.98,76.0,75.87,75.95,17317.6
1786992300000,75.95,75.96,75.85,75.86,17193.6
1786993200000,75.86,75.87,75.75,75.75,26529.7
1786994100000,75.75,75.88,75.74,75.83,17741.0
1786995000000,75.83,75.92,75.72,75.87,16212.6
1786995900000,75.87,75.87,75.72,75.78,15742.2
1786996800000,75.78,75.78,75.65,75.67,25695.0
1786997700000,75.67,75.79,75.59,75.77,47992.0
1786998600000,75.77,76.04,75.73,76.02,67244.2
1786999500000,76.02,76.08,75.89,75.97,44514.2
1787000400000,75.97,76.03,75.85,75.9,48758.6
1787001300000,75.9,75.96,75.86,75.87,9585.1
1787002200000,75.87,75.94,75.84,75.91,11201.9
1787003100000,75.91,75.94,75.88,75.91,8594.3
1787004000000,75.91,75.99,75.82,75.82,11249.8
1787004900000,75.82,75.85,75.77,75.77,10711.9
1787005800000,75.77,75.79,75.71,75.73,15768.8
1787006700000,75.73,75.73,75.67,75.71,13816.2
1787007600000,75.71,75.83,75.67,75.8,25502.1
1787008500000,75.8,75.95,75.79,75.95,18511.0
1787009400000,75.95,76.1,75.9,75.92,48974.0
1787010300000,75.92,76.02,75.91,76.0,24118.5
1787011200000,76.0,76.03,75.9,75.97,17756.6
1787012100000,75.97,76.06,75.96,75.97,18078.6
1787013000000,75.97,75.97,75.83,75.87,26354.9
1787013900000,75.87,76.01,75.84,76.0,7670.3
1787014800000,76.0,76.02,75.86,75.92,22319.0
1787015700000,75.92,75.94,75.83,75.84,7483.1
1787016600000,75.84,75.84,75.73,75.76,10839.5
1787017500000,75.76,75.76,75.53,75.57,82978.0
1787018400000,75.57,75.63,75.42,75.44,61174.9
1787019300000,75.44,75.53,75.36,75.37,47808.6
1787020200000,75.37,75.44,75.3,75.32,39161.7
1787021100000,75.32,75.39,75.16,75.25,91884.7
1787022000000,75.25,75.36,75.22,75.31,29772.2
1787022900000,75.31,75.44,75.3,75.38,66989.1
1787023800000,75.38,75.51,75.28,75.5,33610.0
1787024700000,75.5,75.5,75.42,75.47,10128.8
1787025600000,75.47,75.65,75.37,75.64,37770.8
1787026500000,75.64,75.69,75.57,75.69,21362.6
1787027400000,75.69,75.78,75.68,75.76,24325.4
1787028300000,75.76,75.8,75.74,75.79,17389.8
1787029200000,75.79,75.93,75.72,75.88,40691.1
1787030100000,75.88,75.9,75.74,75.74,30219.0
1787031000000,75.74,75.79,75.53,75.78,106419.1
1787031900000,75.78,75.78,75.67,75.68,26899.5
1787032800000,75.68,75.77,75.6,75.73,31156.3
1787033700000,75.73,75.96,75.72,75.91,40427.9
1787034600000,75.91,76.01,75.9,76.0,27986.8
1787035500000,76.0,76.02,75.85,75.98,18311.4
1787036400000,75.98,76.15,75.95,76.15,66581.6
1787037300000,76.15,76.24,75.98,75.98,63214.0
1787038200000,75.98,76.1,75.97,76.02,42864.9
1787039100000,76.02,76.06,75.91,76.06,34242.5
1787040000000,76.06,76.1,75.81,75.86,65625.7
1787040900000,75.86,75.97,75.85,75.87,18399.0
1787041800000,75.87,76.07,75.85,76.0,24218.5
1787042700000,76.0,76.16,75.91,76.13,37028.9
1787043600000,76.13,76.13,76.02,76.06,21295.6
1787044500000,76.06,76.07,75.87,75.88,18311.8
1787045400000,75.88,75.96,75.85,75.88,20994.4
1787046300000,75.88,75.94,75.85,75.92,11690.2
1787047200000,75.92,75.96,75.85,75.87,18765.8
1787048100000,75.87,75.91,75.76,75.8,26089.7
1787049000000,75.8,75.87,75.79,75.83,16411.4
1787049900000,75.83,75.87,75.8,75.81,9028.0
1787050800000,75.81,76.05,75.79,76.04,39228.4
1787051700000,76.04,76.43,76.03,76.25,217552.1
1787052600000,76.25,76.43,76.21,76.35,49480.5
1787053500000,76.35,76.39,76.26,76.28,17124.4
1787054400000,76.28,76.49,76.28,76.35,72997.2
1787055300000,76.35,76.35,76.21,76.27,26899.9
1787056200000,76.27,76.3,76.21,76.23,19072.4
1787057100000,76.23,76.37,76.2,76.21,53802.9
1787058000000,76.21,76.21,76.09,76.11,44117.7
1787058900000,76.11,76.15,76.04,76.07,46587.7
1787059800000,76.07,76.26,76.0,76.1,65013.0
1787060700000,76.1,76.21,76.0,76.17,86704.3
1787061600000,76.17,76.33,76.08,76.13,66156.5
1787062500000,76.13,77.04,76.13,76.97,296373.1
1787063400000,76.97,77.3,76.74,76.77,298039.1
1787064300000,76.77,76.94,76.72,76.76,67418.0
1787065200000,76.76,77.04,76.75,76.91,108888.8
1787066100000,76.91,77.02,76.84,77.0,62245.8
1787067000000,77.0,77.09,76.96,77.03,58544.8
1787067900000,77.03,77.24,76.98,77.17,59367.6
1787068800000,77.17,77.31,77.01,77.04,110931.8
1787069700000,77.04,77.05,76.81,76.86,51788.2
1787070600000,76.86,77.09,76.8,76.99,38986.8
1787071500000,76.99,77.14,76.95,77.04,21173.8
1787072400000,77.04,77.06,76.9,76.94,14767.0
1787073300000,76.94,76.97,76.85,76.91,19998.4
1787074200000,76.91,77.0,76.85,76.96,41642.2
1787075100000,76.96,77.0,76.85,76.85,15276.3
1787076000000,76.85,77.06,76.83,77.06,21253.4
1787076900000,77.06,77.27,77.06,77.23,53604.5
1787077800000,77.23,77.28,77.09,77.11,45174.1
1787078700000,77.11,77.26,77.09,77.24,16319.6
1787079600000,77.24,77.26,77.14,77.19,41732.5
1787080500000,77.19,77.4,77.16,77.32,41034.4
1787081400000,77.32,77.34,77.15,77.15,21417.0
1787082300000,77.15,77.19,77.04,77.15,29227.9
1787083200000,77.15,77.19,77.01,77.16,19109.6
1787084100000,77.16,77.17,76.9,76.96,34445.7
1787085000000,76.96,77.1,76.86,76.87,62725.5
1787085900000,76.87,76.91,76.69,76.84,95635.4
1787086800000,76.84,77.09,76.84,76.96,46712.6
1787087700000,76.96,77.0,76.89,76.92,26901.0
1787088600000,76.92,76.98,76.86,76.91,38711.2
1787089500000,76.91,76.97,76.88,76.97,14203.4
1787090400000,76.97,77.13,76.91,77.04,26650.8
1787091300000,77.04,77.08,76.96,77.01,40166.3
1787092200000,77.01,77.18,77.0,77.01,29717.1
1787093100000,77.01,77.01,76.84,76.92,40247.1
1787094000000,76.92,77.12,76.91,77.06,32349.2
1787094900000,77.06,77.15,77.03,77.07,43856.7
1787095800000,77.07,77.22,77.07,77.13,47379.2
1787096700000,77.13,77.16,77.0,77.02,21673.6
1787097600000,77.02,77.07,76.84,76.84,66136.6
1787098500000,76.84,77.01,76.78,76.91,22698.6
1787099400000,76.91,77.03,76.91,76.95,11655.1
1787100300000,76.95,77.04,76.86,76.87,12244.5
1787101200000,76.87,77.03,76.8,76.94,92787.2
1787102100000,76.94,76.94,76.68,76.81,64861.4
1787103000000,76.81,76.81,76.67,76.71,44902.4
1787103900000,76.71,76.8,76.65,76.76,40246.8
1787104800000,76.76,76.8,76.68,76.75,12134.0
1787105700000,76.75,76.88,76.66,76.84,39396.0
1787106600000,76.84,76.88,76.75,76.75,29917.2
1787107500000,76.75,76.83,76.71,76.77,29593.5
1787108400000,76.77,76.89,76.66,76.89,65711.4
1787109300000,76.89,77.08,76.89,76.99,62816.5
1787110200000,76.99,77.09,76.92,77.02,40247.9
1787111100000,77.02,77.07,76.93,76.96,13386.6
1787112000000,76.96,77.02,76.92,76.96,15619.1
1787112900000,76.96,77.12,76.96,77.03,25107.4
1787113800000,77.03,77.06,76.88,76.89,40761.9
1787114700000,76.89,76.92,76.75,76.82,51757.6
1787115600000,76.82,77.03,76.82,76.97,41146.6
1787116500000,76.97,76.98,76.82,76.91,27619.6
1787117400000,76.91,76.94,76.84,76.85,7985.6
1787118300000,76.85,76.85,76.73,76.75,17008.6
1787119200000,76.75,76.8,76.59,76.61,41579.3
1787120100000,76.61,76.94,76.61,76.82,47882.4
1787121000000,76.82,76.92,76.71,76.92,44077.6
1787121900000,76.92,77.15,76.91,77.04,75413.7
1787122800000,77.04,77.07,76.91,77.05,44784.0
1787123700000,77.05,77.06,76.93,76.97,19724.2
1787124600000,76.97,77.03,76.94,76.95,9563.5
1787125500000,76.95,77.04,76.9,76.9,35762.2
1787126400000,76.9,77.08,76.87,77.03,52848.7
1787127300000,77.03,77.2,77.02,77.17,80577.9
1787128200000,77.17,77.6,77.12,77.44,236564.7
1787129100000,77.44,77.5,77.35,77.35,123120.9
1787130000000,77.35,77.45,77.32,77.34,34981.3
1787130900000,77.34,77.39,77.27,77.27,25722.4
1787131800000,77.27,77.31,77.17,77.21,35376.1
1787132700000,77.21,77.3,77.18,77.28,18277.7
1787133600000,77.28,77.28,77.18,77.24,20459.4
1787134500000,77.24,77.3,77.19,77.22,34614.5
1787135400000,77.22,77.34,77.19,77.33,13996.3
1787136300000,77.33,77.35,77.23,77.35,15098.3
1787137200000,77.35,77.56,77.33,77.53,62799.3
1787138100000,77.53,77.6,77.46,77.55,59272.4
1787139000000,77.55,77.56,77.42,77.43,25988.8
1787139900000,77.43,77.53,77.43,77.49,25233.9
1787140800000,77.49,77.51,77.38,77.41,19368.5
1787141700000,77.41,77.49,77.38,77.46,13283.4
1787142600000,77.46,78.07,77.46,78.05,386953.4
1787143500000,78.05,78.73,77.97,78.37,556064.6
1787144400000,78.37,78.37,78.14,78.26,124760.7
1787145300000,78.26,78.53,78.26,78.47,72179.4
1787146200000,78.47,78.67,78.28,78.47,158380.9
1787147100000,78.47,78.57,78.31,78.37,124358.5
1787148000000,78.37,78.66,78.32,78.59,101878.1
1787148900000,78.59,78.8,78.45,78.5,107709.7
1787149800000,78.5,79.03,78.42,78.99,177228.8
1787150700000,78.99,80.96,78.95,80.83,1093240.8
1787151600000,80.83,82.07,80.61,81.32,1067342.9
1787152500000,81.32,83.31,80.84,82.0,1508334.1
1787153400000,82.0,82.58,81.5,82.25,564299.3
1787154300000,82.25,82.32,81.54,81.8,327587.8
1787155200000,81.8,82.37,81.64,81.86,240398.8
1787156100000,81.86,82.14,81.76,82.07,134659.5
1787157000000,82.07,82.08,81.77,81.86,80353.7
1787157900000,81.86,81.95,81.54,81.57,138665.3
1787158800000,81.57,81.63,81.32,81.35,151225.5
1787159700000,81.35,81.38,81.02,81.25,179874.6
1787160600000,81.25,81.43,81.0,81.42,106611.5
1787161500000,81.42,81.72,81.41,81.63,92639.9
1787162400000,81.63,81.69,81.25,81.5,63697.4
1787163300000,81.5,81.99,81.47,81.95,74438.0
1787164200000,81.95,82.18,81.87,82.13,105267.8
1787165100000,82.13,82.28,82.02,82.25,86285.2
1787166000000,82.25,82.44,81.95,82.02,100818.1
1787166900000,82.02,82.5,82.01,82.15,78336.1
1787167800000,82.15,82.3,82.05,82.25,44550.1
1787168700000,82.25,82.41,82.15,82.32,82289.6
1787169600000,82.32,82.47,82.23,82.39,48938.7
1787170500000,82.39,82.53,82.27,82.48,61690.7
1787171400000,82.48,82.66,82.41,82.58,54039.9
1787172300000,82.58,84.38,82.53,83.69,1011346.2
1787173200000,83.69,87.34,83.68,86.09,1255323.1
1787174100000,86.09,87.2,85.9,86.98,239540.7
1787175000000,86.98,87.24,86.2,86.63,212488.7
1787175900000,86.63,87.19,86.35,86.61,195621.7
1787176800000,86.61,86.84,85.56,85.74,353797.8
1787177700000,85.74,86.05,85.29,85.33,150909.8
1787178600000,85.33,85.98,84.9,85.67,232827.6
1787179500000,85.67,85.68,85.1,85.49,132397.7
1787180400000,85.49,85.58,85.32,85.35,55260.1
1787181300000,85.35,85.55,85.27,85.43,40414.3
1787182200000,85.43,85.77,85.14,85.6,77150.8
1787183100000,85.6,85.61,85.04,85.37,61588.3
1787184000000,85.37,85.69,85.28,85.47,108091.7
1787184900000,85.47,85.79,85.41,85.62,80809.7
1787185800000,85.62,85.71,85.37,85.48,69581.5
1787186700000,85.48,85.65,84.87,84.98,143809.7
1787187600000,84.98,85.13,84.62,84.81,92449.7
1787188500000,84.81,84.98,84.66,84.75,45155.7
1787189400000,84.75,85.06,84.7,85.05,25559.0
1787190300000,85.05,85.4,85.05,85.36,60083.2
1787191200000,85.36,85.44,85.14,85.29,33330.6
1787192100000,85.29,85.36,85.04,85.06,29081.0
1787193000000,85.06,85.1,84.84,84.84,20328.9
1787193900000,84.84,84.86,84.67,84.76,34473.8
1787194800000,84.76,84.77,83.95,84.23,124709.1
1787195700000,84.23,84.6,84.21,84.26,78899.2
1787196600000,84.26,84.57,84.25,84.53,21852.3
1787197500000,84.53,84.71,84.47,84.49,31497.7
1787198400000,84.49,84.73,84.45,84.62,19933.2
1787199300000,84.62,84.7,84.49,84.55,36489.0
1787200200000,84.55,84.62,84.42,84.58,29517.2
1787201100000,84.58,85.03,84.58,84.83,49729.8
1787202000000,84.83,84.98,84.81,84.85,25385.6
1787202900000,84.85,85.07,84.85,84.9,18162.4
1787203800000,84.9,85.03,84.86,84.99,21160.4
1787204700000,84.99,84.99,84.8,84.94,17732.1
1787205600000,84.94,84.96,84.69,84.8,48382.4
1787206500000,84.8,85.46,84.77,85.42,105200.5
1787207400000,85.42,85.81,85.27,85.76,197490.0
1787208300000,85.76,85.91,85.69,85.88,76941.9
1787209200000,85.88,86.01,85.78,85.91,68290.2
1787210100000,85.91,86.09,85.72,85.99,68515.6
1787211000000,85.99,86.15,85.75,85.85,73526.8
1787211900000,85.85,86.18,85.78,86.15,38749.2
1787212800000,86.15,87.54,86.02,87.42,311494.7
1787213700000,87.42,87.64,86.99,87.54,298287.0
1787214600000,87.54,87.91,87.33,87.88,195994.2
1787215500000,87.88,87.98,87.45,87.5,124550.9
1787216400000,87.5,87.69,87.23,87.66,164697.0
1787217300000,87.66,87.84,87.51,87.51,102874.7
1787218200000,87.51,87.7,87.32,87.55,74720.7
1787219100000,87.55,87.59,87.08,87.33,98380.3
1787220000000,87.33,87.56,87.21,87.54,68782.9
1787220900000,87.54,87.8,87.3,87.41,121965.7
1787221800000,87.41,87.43,87.05,87.08,68079.6
1787222700000,87.08,87.47,86.96,87.44,94518.0
1787223600000,87.44,87.44,87.04,87.13,70618.9
1787224500000,87.13,87.31,87.08,87.16,31598.8
1787225400000,87.16,88.09,87.11,87.7,193672.9
1787226300000,87.7,87.85,87.17,87.18,88190.0
1787227200000,87.18,87.39,86.55,86.81,192768.7
1787228100000,86.81,86.99,86.71,86.91,47536.4
1787229000000,86.91,87.07,86.65,86.72,90469.2
1787229900000,86.72,87.13,86.46,87.06,116472.2
1787230800000,87.06,87.36,87.0,87.29,74487.1
1787231700000,87.29,87.49,86.94,87.02,74234.8
1787232600000,87.02,87.02,86.16,86.74,235320.6
1787233500000,86.74,86.81,86.33,86.54,102098.1
1787234400000,86.54,86.87,86.42,86.57,54702.9
1787235300000,86.57,86.59,86.18,86.29,63475.9
1787236200000,86.29,86.58,86.27,86.35,57615.4
1787237100000,86.35,86.61,86.11,86.59,102014.2
1787238000000,86.59,87.34,86.55,87.02,203586.1
1787238900000,87.02,87.14,86.63,87.04,115135.3
1787239800000,87.04,87.33,86.7,86.82,108756.3
1787240700000,86.82,87.46,86.74,87.33,124339.0
1787241600000,87.33,87.35,87.03,87.11,100357.1
1787242500000,87.11,87.21,86.83,87.09,95432.4
1787243400000,87.09,87.68,86.91,87.49,135281.0
1787244300000,87.49,87.84,87.36,87.73,94383.7
1787245200000,87.73,87.87,87.29,87.38,95302.4
1787246100000,87.38,87.65,87.23,87.57,54611.8
1787247000000,87.57,87.78,87.43,87.48,70890.2
1787247900000,87.48,87.93,87.44,87.46,103137.8
1787248800000,87.46,87.62,86.88,86.99,202365.0
1787249700000,86.99,87.34,86.74,87.17,79693.4
1787250600000,87.17,87.22,86.62,86.83,97635.5
1787251500000,86.83,87.07,86.81,86.82,30339.5
1787252400000,86.82,87.38,86.8,87.14,63303.2
1787253300000,87.14,87.44,87.12,87.24,57512.0
1787254200000,87.24,87.52,87.09,87.38,63681.2
1787255100000,87.38,87.43,87.06,87.29,79922.0
1787256000000,87.29,87.45,87.2,87.35,32377.3
1787256900000,87.35,87.46,87.23,87.38,35108.3
1787257800000,87.38,87.65,87.38,87.48,71215.2
1787258700000,87.48,87.56,87.38,87.56,18924.3
1787259600000,87.56,87.88,87.53,87.68,59620.9
1787260500000,87.68,87.8,87.38,87.42,61092.2
1787261400000,87.42,87.69,87.39,87.49,45262.4
1787262300000,87.49,87.56,87.41,87.46,33622.0
1787263200000,87.46,87.47,87.22,87.35,107740.6
1787264100000,87.35,87.56,87.22,87.43,42956.4
1787265000000,87.43,87.45,87.21,87.22,36200.0
1787265900000,87.22,87.41,87.15,87.19,28515.6
1787266800000,87.19,87.43,87.18,87.43,29642.9
1787267700000,87.43,87.93,87.34,87.82,166648.2
1787268600000,87.82,87.99,87.53,87.6,48039.5
1787269500000,87.6,87.7,87.53,87.63,35468.6
1787270400000,87.63,87.94,87.55,87.94,56122.9
1787271300000,87.94,88.83,87.77,88.37,336580.9
1787272200000,88.37,88.65,87.76,87.91,107032.8
1787273100000,87.91,88.42,87.78,88.21,103683.2
1787274000000,88.21,88.42,88.09,88.35,46519.0
1787274900000,88.35,89.08,88.16,88.36,204262.2
1787275800000,88.36,88.7,88.23,88.45,132231.5
1787276700000,88.45,89.49,88.41,88.99,297476.6
1787277600000,88.99,89.78,88.48,89.18,219965.8
1787278500000,89.18,89.43,88.85,89.4,134476.7
1787279400000,89.4,90.19,88.88,89.71,248518.8
1787280300000,89.71,89.71,89.11,89.22,130106.4
1787281200000,89.22,89.37,88.72,89.11,101617.5
1787282100000,89.11,89.42,88.9,89.37,72652.4
1787283000000,89.37,89.46,89.1,89.17,54826.0
1787283900000,89.17,89.56,89.09,89.09,45076.0
1787284800000,89.09,89.45,89.02,89.06,64054.3
1787285700000,89.06,89.37,88.83,88.94,72220.7
1787286600000,88.94,89.21,88.85,89.13,51471.1
1787287500000,89.13,89.48,89.08,89.45,52794.6
1787288400000,89.45,89.68,89.16,89.6,60649.8
1787289300000,89.6,89.99,89.41,89.61,100822.4
1787290200000,89.61,90.14,89.53,90.11,81722.8
1787291100000,90.11,90.71,90.09,90.41,206150.6
1787292000000,90.41,91.34,90.29,90.73,250705.0
1787292900000,90.73,90.84,90.0,90.03,102138.8
1787293800000,90.03,90.44,90.01,90.04,97384.7
1787294700000,90.04,90.48,89.72,90.2,163946.4
1787295600000,90.2,90.8,90.15,90.8,79324.5
1787296500000,90.8,91.21,90.14,90.27,266764.4
1787297400000,90.27,90.78,89.93,90.55,116666.3
1787298300000,90.55,90.7,90.31,90.41,71422.0
1787299200000,90.41,91.05,90.36,90.72,150357.8
1787300100000,90.72,91.55,90.68,91.38,233480.3
1787301000000,91.38,92.19,91.24,92.14,238217.8
1787301900000,92.14,93.4,92.11,93.27,434515.1
1787302800000,93.27,93.32,90.3,91.38,665955.9
1787303700000,91.38,91.6,90.85,91.18,265877.9
1787304600000,91.18,91.97,91.02,91.87,123308.8
1787305500000,91.87,92.18,91.26,91.66,200577.2
1787306400000,91.66,91.75,91.14,91.28,175812.8
1787307300000,91.28,91.7,90.83,91.27,101304.3
1787308200000,91.27,91.39,90.86,91.37,61665.7
1787309100000,91.37,91.67,91.37,91.47,42266.7
1787310000000,91.47,91.62,90.5,91.12,177416.9
1787310900000,91.12,91.16,90.63,91.01,95890.3
1787311800000,91.01,91.03,89.83,90.46,471555.6
1787312700000,90.46,90.64,90.09,90.29,111634.2
1787313600000,90.29,90.51,90.01,90.45,92328.3
1787314500000,90.45,90.49,90.19,90.31,52030.7
1787315400000,90.31,91.14,90.23,91.07,104393.0
1787316300000,91.07,91.14,90.8,90.85,34504.5
1787317200000,90.85,90.98,90.67,90.86,52554.3
1787318100000,90.86,90.88,90.4,90.74,49293.0
1787319000000,90.74,91.05,89.71,90.98,324300.9
1787319900000,90.98,91.39,90.81,91.04,171756.5
1787320800000,91.04,91.09,90.53,90.9,118257.4
1787321700000,90.9,91.36,90.73,91.29,110742.5
1787322600000,91.29,91.67,91.11,91.49,131844.8
1787323500000,91.49,91.97,91.46,91.87,108821.5
1787324400000,91.87,92.15,91.62,91.87,119760.8
1787325300000,91.87,92.0,91.47,91.55,65355.3
1787326200000,91.55,91.79,91.32,91.58,64015.7
1787327100000,91.58,91.68,91.21,91.33,53836.2
1787328000000,91.33,91.49,90.7,90.74,258914.8
1787328900000,90.74,91.5,90.72,91.48,107715.5
1787329800000,91.48,91.58,91.3,91.37,33887.4
1787330700000,91.37,91.93,91.34,91.6,79108.6
1787331600000,91.6,91.92,91.49,91.72,71723.7
1787332500000,91.72,91.74,91.15,91.55,94851.3
1787333400000,91.55,92.0,91.51,91.59,130132.0
1787334300000,91.59,91.93,91.51,91.77,38501.1
1787335200000,91.77,92.06,91.73,91.82,47535.7
1787336100000,91.82,92.06,91.63,91.89,35489.8
1787337000000,91.89,91.99,91.28,91.42,98557.8
1787337900000,91.42,91.64,91.05,91.55,116876.7
1787338800000,91.55,91.61,90.82,91.3,129571.2
1787339700000,91.3,91.39,90.88,91.29,61840.8
1787340600000,91.29,91.34,90.7,90.82,116803.1
1787341500000,90.82,91.08,90.72,90.93,89803.1
1787342400000,90.93,91.33,90.51,91.21,128184.2
1787343300000,91.21,91.99,91.2,91.8,122505.4
1787344200000,91.8,91.92,91.61,91.83,44111.2
1787345100000,91.83,91.84,91.52,91.83,30411.0
1787346000000,91.83,92.45,91.64,92.27,110371.8
1787346900000,92.27,92.97,92.16,92.78,151179.3
1787347800000,92.78,93.13,92.59,93.03,93578.6
1787348700000,93.03,93.86,93.03,93.73,299740.7
1787349600000,93.73,94.43,93.56,94.09,232007.4
1787350500000,94.09,94.16,93.45,94.16,143586.5
1787351400000,94.16,94.52,93.27,94.36,233786.6
1787352300000,94.36,94.66,93.58,94.3,255642.8
1787353200000,94.3,94.34,93.87,94.07,85567.9
1787354100000,94.07,95.02,94.04,94.41,155361.9
1787355000000,94.41,94.48,93.55,93.95,179940.6
1787355900000,93.95,93.98,93.35,93.72,93993.3
1787356800000,93.72,93.97,92.83,93.56,181011.7
1787357700000,93.56,94.42,93.4,93.64,90506.6
1787358600000,93.64,93.89,93.37,93.52,69536.7
1787359500000,93.52,93.94,93.37,93.87,49942.8
1787360400000,93.87,94.26,93.72,93.99,69107.8
1787361300000,93.99,94.28,93.74,94.01,43960.9
1787362200000,94.01,94.43,93.61,93.72,41172.7
1787363100000,93.72,94.04,93.45,93.64,80058.2
1787364000000,93.64,94.29,93.64,94.21,65233.7
1787364900000,94.21,95.07,94.16,94.82,118613.8
1787365800000,94.82,95.82,94.61,95.7,226734.4
1787366700000,95.7,95.71,95.23,95.64,91535.3
1787367600000,95.64,96.49,95.48,95.99,212375.0
1787368500000,95.99,97.16,95.97,96.83,192700.1
1787369400000,96.83,97.59,96.38,96.69,177903.8
1787370300000,96.69,97.31,96.57,96.75,116713.5
1787371200000,96.75,97.2,96.16,97.18,120467.2
1787372100000,97.18,98.0,96.63,97.98,160291.4
1787373000000,97.98,102.74,97.85,102.22,1134399.3
1787373900000,102.22,102.23,98.65,99.15,1269256.2
1787374800000,99.15,100.0,87.64,93.27,2912339.9
1787375700000,93.27,94.49,90.94,94.05,952977.6
1787376600000,94.05,94.8,92.79,93.6,340848.7
1787377500000,93.6,94.9,93.38,94.21,172128.5
1787378400000,94.21,94.5,93.4,93.56,179734.2
1787379300000,93.56,94.33,93.55,93.87,89460.6
1787380200000,93.87,95.11,93.01,94.58,213530.8
1787381100000,94.58,94.84,94.05,94.27,107719.5
1787382000000,94.27,95.14,94.13,94.42,106136.6
1787382900000,94.42,95.05,93.98,95.01,90318.6
1787383800000,95.01,95.51,94.35,94.82,194320.4
1787384700000,94.82,94.91,94.38,94.46,44317.3
1787385600000,94.46,94.98,94.04,94.93,93464.1
1787386500000,94.93,95.02,93.62,93.77,128423.4
1787387400000,93.77,93.82,93.02,93.63,244061.1
1787388300000,93.63,94.13,93.25,94.1,132219.6
1787389200000,94.1,94.23,92.96,94.22,177107.8
1787390100000,94.22,94.57,93.93,94.3,70985.9
1787391000000,94.3,94.43,94.04,94.28,63479.2
1787391900000,94.28,94.3,93.59,93.89,93189.5
1787392800000,93.89,93.98,92.06,92.16,323493.1
1787393700000,92.16,92.48,91.34,92.45,372180.4
1787394600000,92.45,93.4,92.29,93.28,139670.9
1787395500000,93.28,93.37,92.68,92.88,78050.6
1787396400000,92.88,93.26,92.59,92.8,48872.8
1787397300000,92.8,93.1,92.57,93.02,53827.2
1787398200000,93.02,93.5,92.9,93.46,52800.0
1787399100000,93.46,93.58,93.15,93.31,31800.4
1787400000000,93.31,93.96,93.13,93.9,113904.5
1787400900000,93.9,94.36,93.84,94.21,70296.7
1787401800000,94.21,94.25,93.83,94.22,28931.9
1787402700000,94.22,94.28,93.81,93.82,23109.6
1787403600000,93.82,93.99,93.51,93.91,41019.1
1787404500000,93.91,94.2,93.6,93.84,36480.8
1787405400000,93.84,93.98,93.55,93.8,32818.6
1787406300000,93.8,94.22,93.73,94.1,70030.5
1787407200000,94.1,94.28,93.61,93.81,51076.9
1787408100000,93.81,93.93,93.39,93.84,58833.6
1787409000000,93.84,94.03,93.24,93.25,62411.5
1787409900000,93.25,93.47,92.89,93.26,93422.1
1787410800000,93.26,93.48,92.9,92.91,49949.5
1787411700000,92.91,93.36,92.78,93.25,65454.6
1787412600000,93.25,93.57,93.16,93.26,39062.8
1787413500000,93.26,93.35,92.97,93.07,33450.9
1787414400000,93.07,93.53,93.06,93.41,31496.4
1787415300000,93.41,94.08,93.39,93.89,85479.9
1787416200000,93.89,94.71,93.89,94.52,213420.7
1787417100000,94.52,94.67,94.29,94.31,76006.2
1787418000000,94.31,94.57,94.06,94.23,98649.7
1787418900000,94.23,94.43,93.72,93.83,86239.9
1787419800000,93.83,94.31,93.83,94.26,50777.3
1787420700000,94.26,94.56,94.2,94.27,33304.9
1787421600000,94.27,94.38,94.03,94.14,21048.6
1787422500000,94.14,94.54,94.13,94.38,31469.8
1787423400000,94.38,94.53,94.15,94.17,22819.1
1787424300000,94.17,94.52,94.02,94.46,53690.1
1787425200000,94.46,94.65,94.26,94.57,51474.9
1787426100000,94.57,94.7,94.31,94.43,57452.4
1787427000000,94.43,94.83,94.43,94.75,26397.6
1787427900000,94.75,94.79,94.43,94.46,47003.7
1787428800000,94.46,94.8,94.37,94.69,32853.5
1787429700000,94.69,94.78,94.39,94.48,26636.7
1787430600000,94.48,94.66,94.31,94.5,24506.1
1787431500000,94.5,94.54,94.28,94.38,24287.2
1787432400000,94.38,94.39,93.39,93.49,171616.0
1787433300000,93.49,93.94,93.49,93.82,48872.4
1787434200000,93.82,93.85,93.05,93.35,108172.8
1787435100000,93.35,93.35,92.7,92.81,87883.2
1787436000000,92.81,93.68,92.55,93.57,114070.0
1787436900000,93.57,93.96,93.5,93.9,50720.6
1787437800000,93.9,94.01,93.51,93.74,56228.7
1787438700000,93.74,93.96,93.54,93.62,40599.3
1787439600000,93.62,93.79,93.3,93.63,35753.4
1787440500000,93.63,93.77,93.54,93.6,13201.8
1787441400000,93.6,93.72,93.35,93.67,31789.5
1787442300000,93.67,93.98,93.65,93.81,19285.7
1787443200000,93.81,94.02,93.55,93.76,30984.7
1787444100000,93.76,94.3,93.71,94.29,46460.8
1787445000000,94.29,97.06,94.27,96.33,718201.5
1787445900000,96.33,97.24,96.08,96.36,321849.6
1787446800000,96.36,96.38,95.75,96.25,205374.7
1787447700000,96.25,96.25,95.77,96.05,60324.1
1787448600000,96.05,96.27,95.63,96.13,57066.7
1787449500000,96.13,96.59,95.75,95.98,131410.1
1787450400000,95.98,96.26,93.45,94.39,380365.8
1787451300000,94.39,94.95,94.1,94.46,171002.3
1787452200000,94.46,94.89,94.39,94.53,65793.5
1787453100000,94.53,96.51,94.31,94.87,385833.5
1787454000000,94.87,95.01,94.43,94.85,69992.6
1787454900000,94.85,95.02,94.15,94.19,93055.9
1787455800000,94.19,94.27,93.39,93.49,128427.5
1787456700000,93.49,93.98,93.49,93.71,59243.0
1787457600000,93.71,94.09,93.12,94.04,94963.0
1787458500000,94.04,94.09,93.22,93.57,77146.0
1787459400000,93.57,93.62,92.8,92.96,83350.4
1787460300000,92.96,93.01,92.18,92.54,209585.1
1787461200000,92.54,92.89,92.08,92.16,129256.1
1787462100000,92.16,93.29,91.54,92.99,240209.9
1787463000000,92.99,93.2,92.53,92.7,56664.1
1787463900000,92.7,92.79,92.26,92.28,34347.8
1787464800000,92.28,92.48,91.76,92.28,118574.4
1787465700000,92.28,92.55,92.0,92.31,100454.4
1787466600000,92.31,92.78,92.3,92.47,54466.5
1787467500000,92.47,92.58,91.98,92.24,58096.9
1787468400000,92.24,92.66,92.13,92.61,38444.3
1787469300000,92.61,92.97,92.61,92.72,48133.3
1787470200000,92.72,92.73,92.39,92.5,23800.5
1787471100000,92.5,92.74,92.3,92.46,40401.2
1787472000000,92.46,92.99,92.28,92.83,58250.7
1787472900000,92.83,92.96,92.75,92.87,40272.7
1787473800000,92.87,93.53,92.79,93.32,89490.6
1787474700000,93.32,93.36,93.04,93.2,34551.0
1787475600000,93.2,93.44,93.11,93.28,21265.5
1787476500000,93.28,93.39,93.1,93.22,21950.6
1787477400000,93.22,93.27,92.87,93.23,41601.4
1787478300000,93.23,93.53,93.11,93.31,42972.4
1787479200000,93.31,93.81,93.25,93.75,75360.6
1787480100000,93.75,94.09,93.63,93.69,70058.2
1787481000000,93.69,93.9,93.6,93.77,33518.7
1787481900000,93.77,93.88,93.57,93.61,38800.1
1787482800000,93.61,93.88,93.51,93.83,17899.3
1787483700000,93.83,94.61,93.72,94.3,161953.0
1787484600000,94.3,94.79,94.25,94.69,75275.3
1787485500000,94.69,94.73,94.48,94.61,31860.3
1787486400000,94.61,94.61,94.04,94.31,83432.8
1787487300000,94.31,94.56,94.26,94.48,30038.7
1787488200000,94.48,94.78,94.44,94.74,44362.3
1787489100000,94.74,94.75,94.39,94.56,35445.1
1787490000000,94.56,94.92,94.56,94.88,42643.4
1787490900000,94.88,95.82,94.86,95.03,224269.9
1787491800000,95.03,95.27,94.81,95.27,64599.9
1787492700000,95.27,95.54,95.1,95.37,53193.4
1787493600000,95.37,95.7,95.05,95.54,118161.0
1787494500000,95.54,95.66,95.17,95.37,93173.2
1787495400000,95.37,95.49,93.13,94.39,363010.1
1787496300000,94.39,95.2,94.39,95.04,145201.9
1787497200000,95.04,95.45,94.65,95.26,96663.1
1787498100000,95.26,95.48,94.83,95.45,101389.6
1787499000000,95.45,95.9,95.45,95.7,98502.3
1787499900000,95.7,95.74,95.28,95.34,59528.9
1787500800000,95.34,95.56,95.26,95.42,37593.8
1787501700000,95.42,95.43,95.15,95.41,43394.9
1787502600000,95.41,95.7,95.34,95.54,30982.1
1787503500000,95.54,95.63,95.22,95.39,56535.5
1787504400000,95.39,95.48,94.77,95.37,71469.6
1787505300000,95.37,95.51,95.09,95.17,81097.7
1787506200000,95.17,95.24,94.8,95.09,59062.8
1787507100000,95.09,95.28,95.04,95.1,14178.8
1787508000000,95.1,95.38,94.93,95.23,40896.6
1787508900000,95.23,95.45,95.11,95.35,36995.0
1787509800000,95.35,95.4,95.08,95.28,50183.9
1787510700000,95.28,95.33,95.1,95.29,20043.2
1787511600000,95.29,95.41,94.84,95.03,30324.8
1787512500000,95.03,95.11,94.94,95.05,5095.2
1787513400000,95.05,95.34,94.8,95.28,28043.3
1787514300000,95.28,95.49,95.03,95.06,69886.4
1787515200000,95.06,95.15,94.75,95.05,54473.3
1787516100000,95.05,95.39,95.01,95.26,17765.8
1787517000000,95.26,95.35,95.12,95.17,17219.3
1787517900000,95.17,95.18,94.99,95.05,18120.5
1787518800000,95.05,95.78,95.05,95.64,95723.6
1787519700000,95.64,96.25,95.63,96.13,132393.8
1787520600000,96.13,96.28,95.16,95.28,114918.7
1787521500000,95.28,95.68,95.22,95.36,80010.1
1787522400000,95.36,95.74,94.78,95.24,119390.8
1787523300000,95.24,95.76,95.07,95.56,75711.5
1787524200000,95.56,95.67,95.34,95.52,49936.9
1787525100000,95.52,95.7,95.32,95.59,51107.8
1787526000000,95.59,95.65,95.01,95.17,50719.0
1787526900000,95.17,95.64,94.97,95.47,76675.6
1787527800000,95.47,95.88,95.0,95.18,57878.2
1787528700000,95.18,95.6,95.13,95.42,35341.6
1787529600000,95.42,95.49,94.91,95.2,46263.3
1787530500000,95.2,95.23,93.63,94.49,276388.2
1787531400000,94.49,95.09,94.32,94.32,107388.5
1787532300000,94.32,95.57,94.07,95.55,200622.0
1787533200000,95.55,95.56,94.85,94.9,117716.0
1787534100000,94.9,94.95,94.45,94.49,106551.3
1787535000000,94.49,94.65,94.14,94.18,80801.7
1787535900000,94.18,94.28,93.73,93.85,76547.9
1787536800000,93.85,94.52,93.62,94.43,160934.9
1787537700000,94.43,94.77,94.42,94.77,35468.3
1787538600000,94.77,95.04,94.61,94.73,56893.5
1787539500000,94.73,94.73,94.02,94.57,90503.1
1787540400000,94.57,94.64,93.84,93.86,53724.2
1787541300000,93.86,94.23,93.75,93.75,50052.5
1787542200000,93.75,93.99,93.44,93.75,101457.5
1787543100000,93.75,94.07,93.63,93.65,35422.5
1787544000000,93.65,94.04,93.64,93.95,52511.8
1787544900000,93.95,94.32,93.95,94.28,50463.0
1787545800000,94.28,94.33,93.93,94.23,48022.8
1787546700000,94.23,94.32,93.64,94.2,46298.7
1787547600000,94.2,94.55,93.78,94.5,108806.8
1787548500000,94.5,94.69,93.96,94.05,121603.8
1787549400000,94.05,94.37,93.41,94.13,95996.5
1787550300000,94.13,94.32,93.98,94.27,48130.3
1787551200000,94.27,94.39,93.78,94.33,51140.2
1787552100000,94.33,94.44,94.12,94.25,64071.1
1787553000000,94.25,94.26,93.86,93.96,50117.1
1787553900000,93.96,94.64,93.93,94.55,84835.9
1787554800000,94.55,95.46,94.48,95.32,115955.5
1787555700000,95.32,95.33,94.28,94.3,145323.9
1787556600000,94.3,94.41,93.94,94.02,94684.9
1787557500000,94.02,94.43,93.99,94.09,114527.6
1787558400000,94.09,94.36,93.9,94.03,59942.6
1787559300000,94.03,94.03,93.22,93.38,186681.2
1787560200000,93.38,93.95,93.33,93.95,52100.3
1787561100000,93.95,94.09,93.81,93.91,55992.3
1787562000000,93.91,94.59,93.86,94.56,113685.7
1787562900000,94.56,94.68,94.31,94.63,39369.5
1787563800000,94.63,94.89,94.61,94.69,37610.7
1787564700000,94.69,94.81,94.64,94.66,21744.9
1787565600000,94.66,95.13,94.58,95.02,136505.5
1787566500000,95.02,95.02,94.77,94.82,54630.8
1787567400000,94.82,95.04,94.7,94.81,61011.2
1787568300000,94.81,94.91,94.57,94.7,30274.3
1787569200000,94.7,94.72,94.22,94.66,61545.4
1787570100000,94.66,94.94,94.49,94.89,25229.5
1787571000000,94.89,96.33,94.84,96.28,382164.1
1787571900000,96.28,96.39,95.47,95.84,152081.7
1787572800000,95.84,95.84,95.23,95.28,77521.5
1787573700000,95.28,95.62,93.94,95.44,387249.0
1787574600000,95.44,96.16,95.29,95.94,161711.2
1787575500000,95.94,96.76,95.93,96.3,220157.2
1787576400000,96.3,96.6,95.89,96.41,110141.0
1787577300000,96.41,96.47,95.99,96.09,59933.1
1787578200000,96.09,96.1,94.49,94.81,323335.3
1787579100000,94.81,95.14,94.27,95.03,176910.3
1787580000000,95.03,95.75,94.86,95.67,148458.5
1787580900000,95.67,96.19,95.25,95.78,129631.7
1787581800000,95.78,96.74,95.74,96.49,187068.9
1787582700000,96.49,96.59,95.77,96.12,161461.6
1787583600000,96.12,96.58,96.0,96.29,68471.4
1787584500000,96.29,97.64,96.25,97.33,250159.8
1787585400000,97.33,97.33,96.15,96.49,199941.1
1787586300000,96.49,96.85,96.13,96.46,151251.6
1787587200000,96.46,97.15,96.46,96.79,85359.3
1787588100000,96.79,97.58,96.71,97.07,143055.0
1787589000000,97.07,97.37,96.56,96.71,97563.7
1787589900000,96.71,96.78,95.7,96.04,154282.2
1787590800000,96.04,96.18,95.19,95.91,181568.4
1787591700000,95.91,96.09,94.73,94.89,376911.2
1787592600000,94.89,95.3,94.79,94.81,124464.4
1787593500000,94.81,95.38,94.78,95.37,83619.7
1787594400000,95.37,96.04,95.36,95.96,112899.7
1787595300000,95.96,96.4,95.9,96.24,70058.3
1787596200000,96.24,96.38,95.72,96.18,74004.1
1787597100000,96.18,96.3,95.68,95.86,67192.7
1787598000000,95.86,96.27,95.34,95.78,153065.1
1787598900000,95.78,95.92,95.36,95.9,92130.7
1787599800000,95.9,96.56,95.83,96.23,71382.9
1787600700000,96.23,96.62,96.04,96.5,123583.4
1787601600000,96.5,96.64,96.02,96.18,55170.6
1787602500000,96.18,96.18,95.7,95.9,43293.0
1787603400000,95.9,96.72,95.83,96.58,120367.6
1787604300000,96.58,96.58,96.28,96.49,33091.2
1787605200000,96.49,97.0,96.49,96.85,74523.8
1787606100000,96.85,96.9,96.57,96.72,26877.5
1787607000000,96.72,96.93,96.7,96.86,25662.6
1787607900000,96.86,97.58,96.8,97.46,106686.0
1787608800000,97.46,97.81,97.16,97.39,130888.1
1787609700000,97.39,97.66,97.35,97.51,68131.0
1787610600000,97.51,98.78,97.45,97.65,495547.8
1787611500000,97.65,97.97,97.3,97.44,196491.4
1787612400000,97.44,97.92,97.22,97.55,75240.8
1787613300000,97.55,98.51,97.45,98.22,98666.1
1787614200000,98.22,98.83,98.02,98.52,103621.2
1787615100000,98.52,98.98,98.21,98.97,96991.2
1787616000000,98.97,101.98,98.54,100.56,747492.3
1787616900000,100.56,100.57,99.34,99.78,347715.8
1787617800000,99.78,101.92,99.54,101.89,358360.4
1787618700000,101.89,102.87,101.38,101.76,394085.9
1787619600000,101.76,102.41,101.51,101.81,180556.5
1787620500000,101.81,102.58,101.42,102.11,146070.1
1787621400000,102.11,102.37,100.9,100.95,157007.0
1787622300000,100.95,101.31,100.04,100.47,276452.8
1787623200000,100.47,100.69,100.24,100.35,89506.9
1787624100000,100.35,102.36,100.21,102.26,420760.8
1787625000000,102.26,102.35,101.56,101.64,107231.7
1787625900000,101.64,101.75,100.72,100.91,170654.8
1787626800000,100.91,101.63,100.86,101.46,79746.5
1787627700000,101.46,101.82,101.21,101.66,68763.7
1787628600000,101.66,102.08,101.38,101.47,69306.8
1787629500000,101.47,101.84,101.17,101.62,83452.7
1787630400000,101.62,101.73,101.0,101.56,70536.2
1787631300000,101.56,101.73,101.21,101.44,85260.2
1787632200000,101.44,101.66,100.78,100.91,172281.6
1787633100000,100.91,101.37,100.81,101.35,93042.5
1787634000000,101.35,102.1,101.25,101.88,115427.6
1787634900000,101.88,103.21,101.77,102.7,196026.3
1787635800000,102.7,102.79,101.68,101.7,134111.3
1787636700000,101.7,102.45,101.68,101.89,59069.2
1787637600000,101.89,102.05,101.41,101.69,92771.1
1787638500000,101.69,102.07,101.55,101.59,61778.6
1787639400000,101.59,101.59,101.05,101.13,83378.9
1787640300000,101.13,101.17,100.41,100.76,124228.0
1787641200000,100.76,101.68,100.56,101.45,153396.3
1787642100000,101.45,101.98,101.29,101.64,81594.7
1787643000000,101.64,101.73,101.37,101.68,41158.0
1787643900000,101.68,101.78,99.34,100.22,375121.1
1787644800000,100.22,100.45,99.66,100.28,118871.1
1787645700000,100.28,101.09,100.23,100.98,123563.9
1787646600000,100.98,101.12,100.22,100.74,68527.2
1787647500000,100.74,100.76,100.33,100.38,48000.2
1787648400000,100.38,100.48,99.96,100.34,107380.8
1787649300000,100.34,100.55,100.02,100.12,35326.3
1787650200000,100.12,100.61,100.12,100.41,38398.6
1787651100000,100.41,100.54,99.2,99.78,153294.3
1787652000000,99.78,99.87,99.07,99.44,119126.6
1787652900000,99.44,99.76,99.24,99.52,94151.1
1787653800000,99.52,99.64,99.27,99.58,44416.0
1787654700000,99.58,99.86,99.47,99.62,44341.6
1787655600000,99.62,99.7,98.72,98.95,139236.8
1787656500000,98.95,99.12,98.4,98.84,181909.0
1787657400000,98.84,99.23,98.66,98.67,66368.8
1787658300000,98.67,98.82,98.49,98.59,56199.2
1787659200000,98.59,98.82,97.79,98.49,272661.9
1787660100000,98.49,98.52,97.35,98.19,320538.3
1787661000000,98.19,98.34,97.8,98.27,80056.8
1787661900000,98.27,98.69,98.19,98.56,74476.0
1787662800000,98.56,98.8,97.99,98.1,72019.1
1787663700000,98.1,98.13,96.28,96.92,548284.4
1787664600000,96.92,98.13,96.82,97.46,358698.0
1787665500000,97.46,97.52,96.12,97.08,426369.5
1787666400000,97.08,97.9,96.84,97.71,133341.3
1787667300000,97.71,98.14,97.34,97.94,228889.3
1787668200000,97.94,98.36,97.63,97.95,132015.7
1787669100000,97.95,98.31,97.95,98.14,46431.6
1787670000000,98.14,98.25,97.65,97.69,54466.4
1787670900000,97.69,98.04,97.52,97.91,34779.2
1787671800000,97.91,98.47,97.79,98.01,73793.3
1787672700000,98.01,98.36,97.75,98.3,59515.7
1787673600000,98.3,98.56,97.95,98.01,113399.9
1787674500000,98.01,98.22,97.69,97.99,42436.6
1787675400000,97.99,98.64,97.97,98.35,69438.5
1787676300000,98.35,98.55,98.01,98.15,60490.2
1787677200000,98.15,98.16,97.38,97.6,103557.7
1787678100000,97.6,97.95,97.44,97.58,75870.4
1787679000000,97.58,98.06,97.58,97.97,37925.0
1787679900000,97.97,98.16,97.94,98.13,42997.1
1787680800000,98.13,98.49,98.02,98.41,45480.5
1787681700000,98.41,98.76,98.34,98.66,69628.4
1787682600000,98.66,98.67,98.41,98.6,25738.9
1787683500000,98.6,98.74,98.31,98.44,48533.2
1787684400000,98.44,98.57,98.18,98.45,36988.4
1787685300000,98.45,98.57,97.79,97.8,72356.8
1787686200000,97.8,97.93,97.39,97.45,127417.2
1787687100000,97.45,97.9,97.45,97.88,97028.0
1787688000000,97.88,97.98,96.95,97.63,126043.8
