1711929600000,71280.00000000,71288.23000000,71065.40000000,71078.00000000,625.46015000,1711931399999,44509921.61221920,33693,294.49012000,20956553.19580860,0
1711931400000,71077.99000000,71152.87000000,70844.14000000,71152.86000000,491.19954000,1711933199999,34875680.19575450,30172,260.61875000,18504737.01005820,0
1711933200000,71152.86000000,71172.08000000,70941.18000000,70948.26000000,382.19514000,1711934999999,27152188.84732050,24805,176.55752000,12542296.07048830,0
1711935000000,70948.27000000,71082.00000000,70794.12000000,70819.25000000,500.19231000,1711936799999,35458946.31832810,24893,241.96566000,17152048.14083670,0
1711936800000,70819.26000000,70894.12000000,70786.00000000,70831.88000000,355.79408000,1711938599999,25203284.15325070,25226,198.44885000,14057118.30933720,0
1711938600000,70831.89000000,70902.80000000,70759.39000000,70866.98000000,272.68926000,1711940399999,19314341.84250410,16667,120.33561000,8523860.29537350,0
1711940400000,70866.99000000,70880.00000000,70556.15000000,70606.14000000,372.61915000,1711942199999,26352893.77916800,31602,158.63438000,11219540.02763970,0
1711942200000,70606.13000000,70666.55000000,70520.51000000,70588.01000000,360.66454000,1711943999999,25461808.47710710,28325,160.71090000,11345482.30589460,0
1711944000000,70588.01000000,70648.83000000,70503.92000000,70601.54000000,406.04505000,1711945799999,28659752.82904070,26288,178.15581000,12575883.00708510,0
1711945800000,70601.54000000,70601.76000000,70417.61000000,70429.99000000,343.58179000,1711947599999,24222355.35136970,27016,136.62625000,9631960.04327770,0
1711947600000,70429.98000000,70515.60000000,70343.29000000,70377.99000000,528.99732000,1711949399999,37253058.57588490,31275,269.97461000,19012385.23067380,0
1711949400000,70377.99000000,70400.00000000,69000.00000000,69167.48000000,3405.73360000,1711951199999,236741466.99993290,126342,1315.47639000,91383189.12044200,0
1711951200000,69167.47000000,69501.49000000,68888.00000000,69365.99000000,2325.11645000,1711952999999,161011257.82256910,81415,1019.78497000,70630065.93782380,0
1711953000000,69365.99000000,69671.64000000,69300.33000000,69614.96000000,1147.29027000,1711954799999,79799268.24130370,35728,622.14548000,43271040.95105920,0
1711954800000,69614.96000000,69786.00000000,69520.00000000,69704.01000000,879.55906000,1711956599999,61295578.31630960,38940,493.54129000,34394297.99852090,0
1711956600000,69704.01000000,69760.00000000,69522.57000000,69594.94000000,720.17508000,1711958399999,50152715.05477020,29526,363.75979000,25330966.60256220,0
1711958400000,69594.94000000,69594.94000000,69300.34000000,69378.01000000,930.64976000,1711960199999,64639489.79868100,35853,448.74533000,31162672.06407520,0
1711960200000,69378.01000000,69593.75000000,69165.35000000,69388.64000000,923.02431000,1711961999999,64062058.95678130,43657,486.21595000,33747146.30103120,0
1711962000000,69388.64000000,69616.65000000,69388.64000000,69479.74000000,555.22923000,1711963799999,38594410.35909830,25788,302.76966000,21045014.30817370,0
1711963800000,69479.74000000,69539.00000000,69395.00000000,69395.00000000,440.23961000,1711965599999,30578985.61686420,22199,222.05149000,15423482.37718110,0
1711965600000,69395.00000000,69490.00000000,69280.01000000,69327.24000000,532.68414000,1711967399999,36966340.79374210,28839,282.59629000,19611341.87428470,0
1711967400000,69327.23000000,69577.14000000,69293.01000000,69554.01000000,391.53663000,1711969199999,27196982.21755070,21769,223.20806000,15502902.97060730,0
1711969200000,69554.00000000,69799.98000000,69532.12000000,69588.08000000,584.07736000,1711970999999,40687953.02107790,29998,315.28558000,21962913.51071240,0
1711971000000,69588.07000000,69588.08000000,69440.00000000,69460.01000000,428.30378000,1711972799999,29764540.27743090,28508,201.99180000,14036362.74286950,0
1711972800000,69460.00000000,69740.00000000,69400.69000000,69731.68000000,472.86902000,1711974599999,32912356.62739380,27868,259.75494000,18079116.76148790,0
1711974600000,69731.67000000,69841.13000000,69672.46000000,69841.13000000,400.70268000,1711976399999,27948428.82643670,24905,220.35271000,15369765.98525360,0
1711976400000,69841.13000000,70020.00000000,69654.22000000,70015.99000000,708.98647000,1711978199999,49519871.15038030,37101,393.48703000,27490320.02613830,0
1711978200000,70015.99000000,70080.00000000,69776.92000000,69880.00000000,1030.03624000,1711979999999,72069760.03430400,50427,595.86387000,41698979.00023470,0
1711980000000,69880.00000000,69933.93000000,69380.00000000,69389.38000000,1062.84782000,1711981799999,73991732.75576030,41205,397.23308000,27657490.95790250,0
1711981800000,69389.38000000,69447.76000000,68611.45000000,68906.07000000,2631.60187000,1711983599999,181693464.16725650,98408,1205.30530000,83212093.35516740,0
1711983600000,68906.07000000,69021.66000000,68161.48000000,68816.00000000,3361.74908000,1711985399999,230529656.76265290,115516,1431.53504000,98182046.65165930,0
1711985400000,68816.00000000,68825.77000000,68185.95000000,68237.15000000,1342.11162000,1711987199999,92000814.41940070,56057,637.79326000,43728901.57629230,0
1711987200000,68237.15000000,68728.23000000,68062.86000000,68657.99000000,1387.59039000,1711988999999,94901461.08025960,52228,715.17316000,48918714.04330130,0
1711989000000,68657.99000000,68784.53000000,68503.37000000,68566.16000000,756.49654000,1711990799999,51927018.10768780,36281,322.48789000,22135885.61795000,0
1711990800000,68566.17000000,68670.65000000,68323.85000000,68451.82000000,642.54344000,1711992599999,44021937.47055650,34324,327.02573000,22404334.86620000,0
1711992600000,68451.82000000,68752.03000000,68201.12000000,68750.01000000,1021.40960000,1711994399999,69994195.51689350,48872,513.63180000,35198742.15080650,0
1711994400000,68750.00000000,68750.01000000,68450.00000000,68749.99000000,959.17516000,1711996199999,65814429.63891680,41521,363.34008000,24923398.97749090,0
1711996200000,68750.00000000,68980.25000000,68680.00000000,68927.10000000,659.70308000,1711997999999,45416695.85388020,38759,355.76873000,24493193.03157460,0
1711998000000,68927.10000000,69540.00000000,68884.91000000,69349.99000000,1884.74456000,1711999799999,130364706.53502960,64702,1333.32543000,92187217.57262820,0
1711999800000,69349.99000000,69816.24000000,69208.12000000,69648.01000000,1030.87462000,1712001599999,71573362.11579420,45161,568.51745000,39477496.62342330,0
1712001600000,69648.01000000,69785.34000000,69327.66000000,69416.04000000,682.50068000,1712003399999,47459884.26060140,35811,314.94569000,21902349.51882340,0
1712003400000,69416.03000000,69730.07000000,69372.04000000,69730.06000000,598.01876000,1712005199999,41601528.72119500,29342,380.02335000,26434023.13770000,0
1712005200000,69730.06000000,69837.50000000,69552.48000000,69737.60000000,541.93427000,1712006999999,37767556.79742810,32641,268.16486000,18688551.21879630,0
1712007000000,69737.61000000,69900.00000000,69552.10000000,69586.00000000,471.80011000,1712008799999,32889988.15518050,28318,243.94452000,17005489.38348900,0
1712008800000,69585.99000000,69758.33000000,69577.96000000,69739.98000000,527.29067000,1712010599999,36743287.22272190,27443,256.94340000,17906139.37239270,0
1712010600000,69739.98000000,69853.87000000,69671.64000000,69711.79000000,701.62751000,1712012399999,48950242.83946430,35762,327.75300000,22867106.52820590,0
1712012400000,69711.80000000,69847.05000000,69650.00000000,69761.39000000,282.86619000,1712014199999,19734511.19140440,21196,137.82221000,9615141.42088390,0
1712014200000,69761.39000000,69876.04000000,69634.70000000,69649.80000000,382.78240000,1712015999999,26704299.75686450,21066,146.86717000,10250186.60867050,0
1712016000000,69649.81000000,69674.23000000,69282.19000000,69410.81000000,829.06078000,1712017799999,57615629.40505040,29673,325.62150000,22625699.45728720,0
1712017800000,69410.81000000,69484.00000000,69040.00000000,69349.08000000,625.25627000,1712019599999,43282086.95783190,32739,306.15493000,21194100.02641650,0
1712019600000,69349.08000000,69600.00000000,69250.00000000,69380.08000000,434.81113000,1712021399999,30187278.36486630,27118,177.38981000,12316318.43883300,0
1712021400000,69380.08000000,69523.34000000,69330.00000000,69391.12000000,362.06894000,1712023199999,25133892.63046100,32436,186.49802000,12945803.11805260,0
1712023200000,69391.12000000,69417.23000000,68436.93000000,68447.76000000,1141.41056000,1712024999999,78689654.94134740,48395,397.90884000,27425912.12344600,0
1712025000000,68447.76000000,68536.00000000,66000.00000000,66996.00000000,7682.70902000,1712026799999,515558908.22008520,245139,3248.66229000,217878463.48933880,0
1712026800000,66996.01000000,67278.78000000,66509.68000000,66952.00000000,2407.12359000,1712028599999,161104792.07508110,91812,1125.09298000,75298432.33527710,0
1712028600000,66952.00000000,66972.00000000,66581.37000000,66703.97000000,1245.11032000,1712030399999,83119687.84647080,52867,581.79210000,38835963.26627300,0
1712030400000,66703.97000000,66940.00000000,66322.24000000,66659.92000000,1382.70071000,1712032199999,92067574.67340940,54282,643.71694000,42863910.78770210,0
1712032200000,66659.92000000,66874.99000000,66428.58000000,66592.08000000,1308.42814000,1712033999999,87198057.42474870,41841,618.55439000,41219463.48524940,0
1712034000000,66592.09000000,66781.67000000,66120.75000000,66428.11000000,1408.30206000,1712035799999,93585971.92982410,58006,699.42926000,46489276.83871450,0
1712035800000,66428.10000000,66835.39000000,66358.86000000,66764.65000000,1126.38021000,1712037599999,75003073.47921450,41789,634.75194000,42264103.37020190,0
1712037600000,66764.64000000,66963.97000000,66700.00000000,66853.35000000,1005.04937000,1712039399999,67181387.99780450,33315,532.90001000,35622078.60159830,0
1712039400000,66853.34000000,67120.00000000,66812.00000000,66866.97000000,902.68059000,1712041199999,60461497.94034710,35731,457.93231000,30670150.07766020,0
1712041200000,66866.97000000,66893.10000000,66720.01000000,66744.00000000,724.93024000,1712042999999,48428017.73918050,38672,336.27361000,22462562.16064520,0
1712043000000,66744.00000000,66797.75000000,66446.22000000,66455.50000000,969.93688000,1712044799999,64576845.04761830,59273,477.14314000,31767592.33711460,0
1712044800000,66455.50000000,66652.00000000,66300.00000000,66557.16000000,1030.77950000,1712046599999,68511673.78388810,40996,547.95040000,36420187.58228000,0
1712046600000,66557.15000000,66705.08000000,66106.58000000,66240.02000000,1046.46087000,1712048399999,69485654.64245000,46139,513.81182000,34119065.30439710,0
1712048400000,66240.02000000,66536.05000000,65746.20000000,66172.00000000,2645.43276000,1712050199999,174915752.94387680,88208,1280.09170000,84652569.68828900,0
1712050200000,66172.01000000,66284.67000000,65915.81000000,66080.74000000,858.60841000,1712051999999,56762633.40248380,39677,421.59949000,27873038.18927440,0
1712052000000,66080.74000000,66280.00000000,65876.12000000,66252.15000000,945.49758000,1712053799999,62459288.11188790,44636,493.81744000,32626186.20554740,0
1712053800000,66252.16000000,66256.01000000,65454.55000000,65984.00000000,1599.04899000,1712055599999,105230101.06640560,59694,735.62076000,48424292.88039810,0
1712055600000,65984.01000000,66037.97000000,65166.00000000,65215.99000000,1844.41436000,1712057399999,120851409.30683480,80613,836.94044000,54857013.17248690,0
1712057400000,65216.00000000,65646.57000000,65075.00000000,65622.69000000,3066.35475000,1712059199999,200450362.17924480,74505,1629.14207000,106521304.92050730,0
1712059200000,65622.69000000,65834.00000000,65454.55000000,65778.66000000,1204.92135000,1712060999999,79155534.10860550,52777,646.58559000,42474426.48252970,0
1712061000000,65778.66000000,65779.99000000,65130.01000000,65345.59000000,1299.33312000,1712062799999,85093302.43675520,59370,650.21144000,42600991.17373590,0
1712062800000,65345.58000000,65448.84000000,64782.00000000,64867.99000000,2298.20547000,1712064599999,149547275.23639280,85027,969.06377000,63068798.33882520,0
1712064600000,64867.99000000,65300.00000000,64588.58000000,65224.20000000,3030.93035000,1712066399999,196708434.69810890,84528,1684.32276000,109326187.00770420,0
1712066400000,65224.20000000,65895.15000000,65170.00000000,65876.00000000,2140.04400000,1712068199999,140333330.59589530,66218,1255.94645000,82368227.22985240,0
1712068200000,65876.00000000,66249.83000000,65584.89000000,65702.31000000,3103.08398000,1712069999999,204839558.50809210,83801,1658.85524000,109505520.40019160,0
1712070000000,65702.31000000,66111.55000000,65653.06000000,65828.58000000,1686.43101000,1712071799999,111198813.33786040,59887,1024.52400000,67575152.52629190,0
1712071800000,65828.58000000,65915.78000000,64666.81000000,64890.00000000,2902.09522000,1712073599999,189592312.05276650,82644,1104.36921000,72102890.34781320,0
1712073600000,64889.99000000,65457.95000000,64550.00000000,65291.99000000,2230.48553000,1712075399999,145139510.70292720,81721,1119.37155000,72854332.35535610,0
1712075400000,65292.00000000,65750.00000000,65144.64000000,65543.91000000,1303.27622000,1712077199999,85365022.98460460,64712,637.93185000,41787075.97974400,0
1712077200000,65543.91000000,65680.00000000,65275.42000000,65418.00000000,951.27975000,1712078999999,62285612.41382630,42958,475.81630000,31153659.08173930,0
1712079000000,65418.00000000,65650.00000000,65300.01000000,65608.01000000,895.36262000,1712080799999,58575868.66638450,39737,483.85342000,31656519.50360140,0
1712080800000,65608.02000000,65750.00000000,65386.96000000,65608.06000000,1574.76610000,1712082599999,103403852.48112750,48036,1063.19200000,69833105.58042420,0
1712082600000,65608.07000000,66050.00000000,65499.91000000,65811.01000000,1350.22457000,1712084399999,88869303.93439410,43731,788.90636000,51939683.94395840,0
1712084400000,65811.01000000,66064.01000000,65779.23000000,65897.84000000,1395.43052000,1712086199999,92027435.83519650,45383,759.97327000,50119237.40322200,0
1712086200000,65897.83000000,66200.00000000,65851.07000000,65914.90000000,1780.59374000,1712087999999,117654693.54751720,55316,1005.80718000,66456618.33065840,0
1712088000000,65914.91000000,66120.00000000,65865.00000000,65998.85000000,1382.81661000,1712089799999,91277732.58544250,53089,729.82579000,48173835.73759470,0
1712089800000,65998.85000000,66000.08000000,65500.98000000,65650.43000000,1193.84913000,1712091599999,78544130.03396310,39994,554.08879000,36449792.26093900,0
1712091600000,65650.42000000,65821.14000000,65235.02000000,65405.07000000,1139.02613000,1712093399999,74690651.58267800,39985,522.75619000,34285890.49155770,0
1712093400000,65405.07000000,65779.22000000,65200.00000000,65692.78000000,803.44531000,1712095199999,52652038.24465530,36481,476.70844000,31247937.16864400,0
1712095200000,65692.77000000,65793.30000000,65564.24000000,65708.00000000,448.32783000,1712096999999,29443871.56599910,28366,208.44186000,13689208.27583630,0
1712097000000,65707.99000000,65933.76000000,65672.40000000,65815.96000000,324.76623000,1712098799999,21368350.55659120,24621,166.15055000,10931949.54045020,0
1712098800000,65815.96000000,65830.00000000,65561.06000000,65593.11000000,323.86449000,1712100599999,21287371.62193140,23579,124.97927000,8214934.81657620,0
1712100600000,65593.11000000,65598.20000000,65360.00000000,65463.99000000,444.71262000,1712102399999,29115478.08029730,22893,199.69654000,13074150.46923390,0
1712102400000,65463.99000000,65610.00000000,65064.52000000,65100.00000000,1233.65611000,1712104199999,80604297.04505550,48579,441.57577000,28857129.19591280,0
1712104200000,65099.99000000,65451.61000000,64493.07000000,65387.99000000,2881.67215000,1712105999999,187402855.34434240,90657,1433.67606000,93301698.02480810,0
1712106000000,65388.00000000,65568.96000000,65090.00000000,65421.90000000,1296.90843000,1712107799999,84723518.72877040,49181,581.49130000,37986807.32096310,0
1712107800000,65421.91000000,65930.51000000,65362.96000000,65792.43000000,1071.60717000,1712109599999,70293468.29574400,55183,569.65292000,37372435.90349290,0
1712109600000,65792.42000000,66052.00000000,65683.74000000,65890.14000000,956.16367000,1712111399999,62981421.53271650,44268,493.30703000,32498976.78430530,0
1712111400000,65890.13000000,65964.00000000,65758.80000000,65906.49000000,645.06320000,1712113199999,42484158.07701910,40504,346.89271000,22846602.66183350,0
1712113200000,65906.49000000,66100.00000000,65764.00000000,65833.31000000,688.12304000,1712114999999,45346483.45578170,35556,384.78464000,25355318.83446440,0
1712115000000,65833.31000000,66288.88000000,65826.60000000,66225.79000000,577.93586000,1712116799999,38200802.80721720,33670,359.14159000,23736391.06035120,0
1712116800000,66225.79000000,66361.63000000,66120.00000000,66331.14000000,736.51552000,1712118599999,48803982.94744250,34758,416.91359000,27628187.89453560,0
1712118600000,66331.15000000,66478.59000000,66216.00000000,66320.41000000,613.54211000,1712120399999,40692183.39157080,34172,330.92381000,21948083.16580910,0
1712120400000,66320.41000000,66363.64000000,66040.00000000,66136.41000000,635.60510000,1712122199999,42080740.51707130,28823,323.97558000,21449767.08117880,0
1712122200000,66136.41000000,66136.41000000,65920.00000000,66077.10000000,578.61408000,1712123999999,38192740.16258100,27067,301.09267000,19872755.85361560,0
1712124000000,66077.11000000,66335.77000000,66052.00000000,66293.11000000,517.13350000,1712125799999,34242604.46732490,30426,325.59574000,21561841.64183360,0
1712125800000,66293.12000000,66377.00000000,66210.62000000,66350.79000000,364.51256000,1712127599999,24164079.49582580,26152,191.17904000,12675044.31228410,0
1712127600000,66350.79000000,66483.87000000,66168.55000000,66285.78000000,519.38030000,1712129399999,34445028.65235630,29119,244.46906000,16217006.10367560,0
1712129400000,66285.79000000,66349.26000000,66113.31000000,66135.99000000,556.50631000,1712131199999,36853706.39098880,27359,240.36877000,15915923.18058200,0
1712131200000,66135.98000000,66225.80000000,65990.00000000,66156.56000000,652.58448000,1712132999999,43138518.82727210,40618,320.83165000,21208649.82319210,0
1712133000000,66156.56000000,66642.36000000,66156.55000000,66518.04000000,1329.74698000,1712134799999,88431487.15649090,45690,867.50098000,57684688.69074320,0
1712134800000,66518.05000000,66637.43000000,66383.58000000,66448.51000000,720.09700000,1712136599999,47876900.28285490,38923,392.49879000,26096254.29906920,0
1712136600000,66448.51000000,66617.02000000,66333.00000000,66484.58000000,747.70454000,1712138399999,49701601.60763650,33812,380.62310000,25299816.65912630,0
1712138400000,66484.57000000,66519.79000000,66278.43000000,66300.90000000,583.76739000,1712140199999,38747956.81376300,32455,266.92930000,17719560.58904600,0
1712140200000,66300.89000000,66355.87000000,66020.00000000,66197.62000000,919.15755000,1712141999999,60794099.52914610,41259,430.74036000,28490169.46251270,0
1712142000000,66197.63000000,66224.00000000,65538.06000000,65855.99000000,1068.62225000,1712143799999,70304423.25515460,52405,490.48390000,32262746.09318250,0
1712143800000,65855.99000000,66183.78000000,65830.03000000,66059.76000000,468.24407000,1712145599999,30905641.63775330,34853,257.46018000,16993973.27119100,0
1712145600000,66059.75000000,66220.00000000,65865.39000000,65909.59000000,648.02817000,1712147399999,42802113.58960520,43658,347.90157000,22981801.84920080,0
1712147400000,65909.58000000,65940.00000000,65729.73000000,65899.99000000,636.19732000,1712149199999,41881190.89177850,34215,330.99079000,21786860.16092660,0
1712149200000,65900.00000000,66020.83000000,65650.00000000,65723.34000000,559.24845000,1712150999999,36820248.13747070,37478,316.57926000,20844872.31655380,0
1712151000000,65723.34000000,65957.10000000,65635.01000000,65804.01000000,608.83107000,1712152799999,40055404.46668960,50038,325.62984000,21423736.41270000,0
1712152800000,65804.01000000,66903.63000000,65804.00000000,66764.88000000,2120.11455000,1712154599999,141040475.21475510,78851,1209.25274000,80431854.44729760,0
1712154600000,66764.87000000,66796.00000000,66400.00000000,66627.93000000,816.70877000,1712156399999,54386861.01422240,42843,396.50005000,26403862.36142320,0
1712156400000,66627.93000000,66648.00000000,66201.00000000,66279.43000000,667.38768000,1712158199999,44319875.28689140,42479,291.95971000,19390586.80163690,0
1712158200000,66279.43000000,66280.00000000,65715.67000000,65836.01000000,1266.92863000,1712159999999,83505400.89231170,52632,646.39506000,42605138.30897700,0
1712160000000,65836.02000000,66374.85000000,65790.21000000,66357.21000000,1024.03500000,1712161799999,67674073.45110960,46998,738.53888000,48801530.52271710,0
1712161800000,66357.20000000,66550.00000000,66194.50000000,66194.50000000,929.56963000,1712163599999,61726061.34770880,46614,609.89921000,40515489.55278420,0
1712163600000,66194.51000000,66376.00000000,66011.98000000,66068.00000000,461.46736000,1712165399999,30552317.43561920,78013,209.71820000,13886614.09003060,0
1712165400000,66068.00000000,66096.77000000,65829.87000000,65952.01000000,651.53632000,1712167199999,42972746.36272540,81487,298.52477000,19690252.08027120,0
1712167200000,65952.00000000,65974.02000000,65562.01000000,65636.67000000,917.23841000,1712168999999,60309963.20665540,80494,355.11814000,23351533.67454280,0
1712169000000,65636.68000000,66119.68000000,65451.62000000,66003.07000000,866.97869000,1712170799999,57064310.13625560,82208,444.38758000,29258762.75030220,0
1712170800000,66003.08000000,66150.00000000,65714.29000000,65863.44000000,771.31712000,1712172599999,50813460.95332270,76923,317.82428000,20939374.21744000,0
1712172600000,65863.43000000,65930.17000000,65720.00000000,65784.00000000,809.85699000,1712174399999,53324437.36116320,87764,313.53103000,20645286.22599670,0
1712174400000,65784.01000000,65840.00000000,65619.35000000,65727.99000000,1209.04152000,1712176199999,79465363.28655160,42717,663.05391000,43577844.97120140,0
1712176200000,65727.99000000,65755.96000000,65531.92000000,65712.01000000,849.65003000,1712177999999,55777580.39685050,36489,426.06085000,27970651.05383310,0
1712178000000,65712.00000000,65798.74000000,65476.63000000,65759.01000000,693.72201000,1712179799999,45528002.21109020,35430,319.50129000,20973397.00416170,0
1712179800000,65759.02000000,65935.48000000,65739.99000000,65918.71000000,607.00499000,1712181599999,39956964.71129860,26124,344.39341000,22667529.96067130,0
1712181600000,65918.71000000,66059.45000000,65851.07000000,66024.13000000,1004.18802000,1712183399999,66252941.02683460,33125,572.16644000,37748989.08425760,0
1712183400000,66024.13000000,66243.05000000,65960.00000000,66140.00000000,815.76259000,1712185199999,53919566.69528970,33535,498.40409000,32939541.36855150,0
1712185200000,66140.01000000,66297.40000000,66130.23000000,66130.75000000,301.07891000,1712186999999,19931273.07155200,23989,133.84752000,8860736.72912120,0
1712187000000,66130.75000000,66188.00000000,65950.00000000,65963.28000000,288.46218000,1712188799999,19063264.56629730,22503,116.30031000,7687457.31364450,0
1712188800000,65963.27000000,66313.56000000,65824.00000000,66181.26000000,521.61627000,1712190599999,34473930.67987420,31828,267.32247000,17668184.35489130,0
1712190600000,66181.26000000,66354.83000000,66100.00000000,66288.00000000,306.14002000,1712192399999,20279165.77296770,25748,163.81905000,10851605.23191540,0
1712192400000,66288.00000000,66296.00000000,66183.24000000,66198.79000000,222.01562000,1712194199999,14706026.94232230,23784,115.96937000,7681681.29919300,0
1712194200000,66198.80000000,66218.00000000,66020.00000000,66143.99000000,316.35081000,1712195999999,20915293.98467550,26600,124.11591000,8206021.48978870,0
1712196000000,66143.99000000,66152.00000000,65600.05000000,65600.06000000,733.98164000,1712197799999,48360377.84923830,37048,235.53658000,15518162.36947700,0
1712197800000,65600.06000000,65844.15000000,65454.55000000,65744.38000000,836.06096000,1712199599999,54898831.63349960,46955,401.70414000,26380840.40242780,0
1712199600000,65744.38000000,65796.59000000,65542.03000000,65600.68000000,514.82205000,1712201399999,33806179.20294100,29453,226.91153000,14899890.53471680,0
1712201400000,65600.68000000,65723.11000000,65552.94000000,65620.01000000,319.14714000,1712203199999,20948949.28411790,25064,163.26590000,10716797.18625360,0
1712203200000,65620.00000000,65699.43000000,65064.52000000,65299.26000000,1071.17800000,1712204999999,69982832.07213500,44307,379.89170000,24827197.24859780,0
1712205000000,65299.25000000,65546.45000000,65200.00000000,65480.41000000,542.47493000,1712206799999,35476454.17907990,29969,267.02840000,17463304.97832190,0
1712206800000,65480.41000000,65567.31000000,65392.43000000,65427.16000000,340.46861000,1712208599999,22290564.86933550,23700,153.45322000,10047081.58221090,0
1712208600000,65427.16000000,65710.58000000,65384.00000000,65591.57000000,384.80043000,1712210399999,25221343.29397640,23756,189.05826000,12392171.34221930,0
1712210400000,65591.57000000,65707.72000000,65548.67000000,65659.57000000,310.92459000,1712212199999,20410393.72132260,22139,157.36418000,10330439.82246260,0
1712212200000,65659.57000000,65814.69000000,65642.00000000,65768.00000000,339.55294000,1712213999999,22324608.26468700,22661,155.00947000,10190933.19012790,0
1712214000000,65768.01000000,66215.76000000,65661.05000000,66160.42000000,1194.25487000,1712215799999,78870682.04740920,46036,578.01544000,38166135.87444010,0
1712215800000,66160.41000000,66290.32000000,65990.12000000,66091.60000000,555.66270000,1712217599999,36738560.62650040,40155,248.52791000,16433009.27892960,0
1712217600000,66091.59000000,66435.02000000,66028.00000000,66316.77000000,687.92299000,1712219399999,45596927.61509230,42042,351.37849000,23290623.66573920,0
1712219400000,66316.77000000,66354.83000000,66156.72000000,66220.01000000,313.87939000,1712221199999,20790905.17456670,31906,129.91742000,8605493.61555310,0
1712221200000,66220.02000000,66406.55000000,66172.00000000,66282.14000000,431.62469000,1712222999999,28610448.97611520,27248,218.12371000,14457471.53546050,0
1712223000000,66282.15000000,66360.01000000,66188.00000000,66273.37000000,275.65963000,1712224799999,18267955.24592580,37771,135.81057000,8999962.40508140,0
1712224800000,66273.38000000,66468.99000000,66141.27000000,66364.14000000,503.86627000,1712226599999,33426783.59893210,33219,327.32002000,21721557.22429310,0
1712226600000,66364.15000000,66425.53000000,66259.87000000,66278.62000000,329.38873000,1712228399999,21851738.89950470,36934,166.86652000,11070173.80769990,0
1712228400000,66278.61000000,66310.18000000,66108.85000000,66232.06000000,306.13323000,1712230199999,20272528.28988940,34225,133.18701000,8819644.19874710,0
1712230200000,66232.05000000,66431.34000000,66232.05000000,66353.67000000,580.16703000,1712231999999,38500549.33165900,26090,392.39246000,26039124.23084790,0
1712232000000,66353.68000000,66630.00000000,66330.56000000,66572.01000000,1238.00817000,1712233799999,82342619.58454950,38970,795.01259000,52873408.58875210,0
1712233800000,66572.01000000,66816.66000000,66493.51000000,66709.00000000,872.78042000,1712235599999,58188875.66855770,45720,519.94314000,34667262.54786490,0
1712235600000,66709.00000000,67480.00000000,66690.00000000,67288.00000000,1959.17266000,1712237399999,131541165.22205260,77899,1119.74843000,75155884.31429750,0
1712237400000,67288.00000000,67500.00000000,67178.42000000,67242.15000000,1500.65983000,1712239199999,101040494.33808100,61173,688.96329000,46389523.01941830,0
1712239200000,67242.14000000,67757.23000000,67075.70000000,67514.00000000,1589.02887000,1712240999999,107206625.10440360,67209,901.84032000,60839604.17018030,0
1712241000000,67513.99000000,67927.69000000,67450.62000000,67691.97000000,1795.03086000,1712242799999,121617066.13576870,58811,876.04365000,59353474.01142890,0
1712242800000,67691.98000000,67740.00000000,67428.57000000,67594.50000000,1116.34210000,1712244599999,75452584.69022610,45414,508.65715000,34379932.65352340,0
1712244600000,67594.50000000,67808.00000000,67444.41000000,67647.99000000,724.27679000,1712246399999,48991410.59075050,39859,344.38081000,23294432.51889800,0
1712246400000,67648.00000000,68188.00000000,67526.50000000,67936.02000000,1287.18220000,1712248199999,87348792.69261340,64306,758.79985000,51509426.55303060,0
1712248200000,67936.02000000,68021.02000000,67794.42000000,67807.64000000,800.49445000,1712249999999,54375018.53282250,38010,333.11985000,22631296.85766910,0
1712250000000,67807.65000000,67876.78000000,67721.41000000,67861.00000000,560.57167000,1712251799999,38008829.19246590,37738,225.99493000,15324460.73787790,0
1712251800000,67861.01000000,68896.10000000,67824.93000000,68849.18000000,1711.80700000,1712253599999,117129661.06540510,72294,1023.82875000,70057940.82859980,0
1712253600000,68849.18000000,69309.91000000,68705.88000000,68824.00000000,2539.77363000,1712255399999,175212050.18872590,97004,1389.81953000,95871485.40196810,0
1712255400000,68824.00000000,69040.00000000,68510.63000000,68593.50000000,1828.90797000,1712257199999,125799152.33563540,65874,951.68023000,65468296.18919050,0
1712257200000,68593.50000000,68840.00000000,68334.24000000,68701.32000000,1341.70646000,1712258999999,91985747.75491070,55042,587.55482000,40280134.09220200,0
1712259000000,68701.33000000,69086.23000000,68350.00000000,68500.00000000,1212.26321000,1712260799999,83340597.02804150,52674,516.76982000,35529429.57191110,0
1712260800000,68500.00000000,68551.99000000,67320.00000000,67761.37000000,3000.13362000,1712262599999,203221775.53436000,97587,1376.00246000,93173993.99816980,0
1712262600000,67761.37000000,68089.40000000,67741.31000000,67931.26000000,868.22494000,1712264399999,58958327.28820160,38282,471.03831000,31986435.67117740,0
1712264400000,67931.26000000,68148.69000000,67699.77000000,67934.85000000,931.56146000,1712266199999,63209261.15622660,30039,466.49657000,31644052.57370330,0
1712266200000,67934.85000000,67955.98000000,67495.00000000,67787.90000000,470.23952000,1712267999999,31845875.08904400,27329,220.52883000,14934144.08576260,0
1712268000000,67787.91000000,67999.98000000,67604.93000000,67925.21000000,383.98150000,1712269799999,26027287.58014600,26691,205.21046000,13911441.23596030,0
1712269800000,67925.20000000,68051.94000000,67846.15000000,67937.05000000,353.05582000,1712271599999,23984743.82323760,26373,216.30719000,14695290.17375150,0
1712271600000,67937.06000000,68487.93000000,67889.20000000,68337.12000000,895.61006000,1712273399999,61132551.31708160,40297,519.60035000,35463362.64566660,0
1712273400000,68337.11000000,68565.54000000,68278.33000000,68487.79000000,591.57778000,1712275199999,40486907.10331060,27712,313.99067000,21487732.72775860,0
1712275200000,68487.80000000,68492.60000000,68169.01000000,68220.01000000,600.55674000,1712276999999,41036034.13399370,33789,313.77731000,21440863.77356850,0
1712277000000,68220.00000000,68756.67000000,68166.66000000,68606.00000000,574.53048000,1712278799999,39310064.18975260,36662,341.38189000,23356276.34757540,0
1712278800000,68606.01000000,68615.58000000,67940.63000000,68074.49000000,867.27608000,1712280599999,59193684.32064400,46684,342.00447000,23350948.09516950,0
1712280600000,68074.48000000,68199.99000000,67760.93000000,68160.00000000,802.91362000,1712282399999,54591996.14996310,35974,406.22723000,27622435.12970800,0
1712282400000,68160.00000000,68161.82000000,67727.28000000,67904.01000000,678.60414000,1712284199999,46099089.10691200,40662,284.94254000,19354658.88594860,0
1712284200000,67904.01000000,67976.68000000,67435.67000000,67600.00000000,1037.01313000,1712285999999,70125343.92190420,45411,431.19416000,29160735.13749930,0
1712286000000,67599.99000000,67998.99000000,67570.00000000,67913.99000000,614.96896000,1712287799999,41702479.71940360,30871,348.41972000,23624978.95631510,0
1712287800000,67913.99000000,68033.33000000,67700.01000000,67863.99000000,598.49207000,1712289599999,40613603.31413420,29154,273.48546000,18559105.33691880,0
1712289600000,67864.00000000,68028.00000000,67773.92000000,67796.00000000,388.15408000,1712291399999,26355479.67707580,25213,187.55001000,12734853.21994620,0
1712291400000,67796.00000000,67798.00000000,67450.01000000,67647.99000000,745.51105000,1712293199999,50406286.94528880,34114,349.73898000,23646651.54724490,0
1712293200000,67648.00000000,67750.99000000,66380.00000000,66674.01000000,1900.24616000,1712294999999,127066938.23775970,83398,844.12983000,56439160.25718580,0
1712295000000,66674.00000000,66935.99000000,66520.59000000,66888.04000000,588.24688000,1712296799999,39283637.25330770,33688,304.05482000,20306362.13274770,0
1712296800000,66888.03000000,66996.12000000,66770.86000000,66990.00000000,447.80545000,1712298599999,29939196.18205650,26716,259.49426000,17348657.96522530,0
1712298600000,66990.00000000,67179.56000000,66965.77000000,67140.56000000,572.92376000,1712300399999,38436252.20927540,30917,352.52988000,23651733.32653610,0
1712300400000,67140.56000000,67144.55000000,66894.02000000,67007.38000000,433.18179000,1712302199999,29024361.22814810,28911,220.42189000,14767428.71676700,0
1712302200000,67007.39000000,67074.00000000,66832.50000000,66930.74000000,582.14011000,1712303999999,38970449.68026150,38187,317.97599000,21285529.42751850,0
1712304000000,66930.75000000,67684.26000000,66917.74000000,67408.00000000,887.83027000,1712305799999,59774435.59085700,48142,531.63794000,35787598.61897250,0
1712305800000,67408.00000000,67513.05000000,67030.57000000,67151.21000000,577.49299000,1712307599999,38839498.96451660,33192,276.96510000,18630227.24677350,0
1712307600000,67151.20000000,67151.21000000,66383.01000000,66646.00000000,1094.77872000,1712309399999,73034153.40580510,58965,467.20998000,31166904.72293750,0
1712309400000,66646.00000000,66838.00000000,66530.73000000,66805.98000000,802.14752000,1712311199999,53513132.92217260,42018,404.33289000,26972935.27355150,0
1712311200000,66805.99000000,66966.67000000,66708.01000000,66853.36000000,478.21796000,1712312999999,31968131.82359720,35562,261.35496000,17471167.84071150,0
1712313000000,66853.36000000,67213.84000000,66808.75000000,67034.65000000,706.50151000,1712314799999,47368551.22801320,52453,377.66247000,25324123.76874430,0
1712314800000,67034.66000000,67087.98000000,66778.95000000,66803.36000000,479.35023000,1712316599999,32077592.83905590,37676,246.13359000,16471238.66571830,0
1712316600000,66803.35000000,66889.99000000,66388.00000000,66478.00000000,894.41510000,1712318399999,59582834.30417150,46988,387.67552000,25827885.33587830,0
1712318400000,66478.00000000,66808.42000000,66183.55000000,66739.35000000,1375.21380000,1712320199999,91481213.37315680,58196,723.93313000,48168105.13108210,0
1712320200000,66739.35000000,66888.00000000,65952.56000000,66883.99000000,2303.64619000,1712321999999,152847567.53997170,95418,1160.12114000,76998174.35216960,0
1712322000000,66883.99000000,66962.72000000,66524.18000000,66904.01000000,1139.08055000,1712323799999,76049304.76566620,43909,577.23313000,38540999.43439020,0
1712323800000,66904.01000000,67589.61000000,66845.25000000,67500.00000000,1505.95854000,1712325599999,101297067.91263430,61234,817.53978000,54987775.69808010,0
1712325600000,67500.01000000,67932.80000000,67314.11000000,67555.40000000,1689.74410000,1712327399999,114285401.63823220,73430,861.97811000,58299513.60468970,0
1712327400000,67555.40000000,68566.66000000,67460.01000000,68139.39000000,2126.55268000,1712329199999,144918096.95665280,75168,1227.99327000,83690744.44112380,0
1712329200000,68139.39000000,68252.58000000,67628.20000000,67724.13000000,851.77584000,1712330999999,57809932.01048120,50069,401.78933000,27272133.71030650,0
1712331000000,67724.14000000,68268.14000000,67633.33000000,68190.62000000,789.17931000,1712332799999,53632584.36319000,34811,447.46073000,30412445.06052840,0
1712332800000,68190.62000000,68380.00000000,67913.03000000,67945.00000000,815.55194000,1712334599999,55563106.95760920,37902,426.90924000,29086714.35951790,0
1712334600000,67945.00000000,67995.79000000,67680.00000000,67953.80000000,660.09158000,1712336399999,44769343.41609340,33411,295.99753000,20077119.70058670,0
1712336400000,67953.79000000,67986.83000000,67700.00000000,67726.75000000,390.20944000,1712338199999,26462318.60553440,22458,177.65322000,12046688.32538060,0
1712338200000,67726.76000000,67800.00000000,67358.93000000,67442.49000000,679.00631000,1712339999999,45875736.14408810,33080,310.46067000,20975945.28102490,0
1712340000000,67442.49000000,67729.54000000,67316.00000000,67480.43000000,937.21536000,1712341799999,63333038.48830340,51751,517.77361000,34986308.31006470,0
1712341800000,67480.44000000,67717.11000000,67433.33000000,67629.02000000,448.01065000,1712343599999,30271013.49288710,26991,241.54257000,16318977.80736960,0
1712343600000,67629.01000000,67895.96000000,67612.43000000,67855.26000000,534.02987000,1712345399999,36198173.05302340,26750,249.53448000,16913291.70420990,0
1712345400000,67855.25000000,68096.00000000,67382.60000000,67412.40000000,1600.06934000,1712347199999,108515480.89524920,46180,604.89823000,41023332.29710910,0
1712347200000,67412.41000000,67620.00000000,67342.00000000,67620.00000000,555.39728000,1712348999999,37460460.89374760,23348,251.76168000,16983131.70092830,0
1712349000000,67619.99000000,67758.04000000,67566.66000000,67643.48000000,358.20039000,1712350799999,24237411.51882990,19407,175.20920000,11854467.17544550,0
1712350800000,67643.48000000,67838.07000000,67578.26000000,67791.26000000,268.28277000,1712352599999,18171977.79596020,22173,140.18264000,9495176.82596560,0
1712352600000,67791.26000000,67813.62000000,67515.44000000,67515.45000000,389.45469000,1712354399999,26366331.34957600,32062,171.07526000,11582251.95881150,0
1712354400000,67515.44000000,67720.93000000,67503.31000000,67690.00000000,326.28324000,1712356199999,22073829.38638660,27155,182.96025000,12376967.07742000,0
1712356200000,67690.01000000,67843.55000000,67566.67000000,67628.53000000,256.08852000,1712357999999,17343762.90513170,17982,128.85905000,8727955.46065070,0
1712358000000,67628.53000000,67855.00000000,67628.52000000,67839.10000000,261.38097000,1712359799999,17715087.32438430,16781,132.20990000,8960455.24812990,0
1712359800000,67839.09000000,67966.67000000,67752.84000000,67820.62000000,301.50857000,1712361599999,20467467.10114920,16967,134.60749000,9139088.36844130,0
1712361600000,67820.63000000,67864.39000000,67686.23000000,67864.39000000,522.29983000,1712363399999,35403668.52932500,21791,233.60979000,15835543.60507000,0
1712363400000,67864.39000000,68065.20000000,67830.00000000,67900.57000000,341.78899000,1712365199999,23225490.54058510,23316,184.53440000,12540914.75867350,0
1712365200000,67900.56000000,67977.73000000,67806.52000000,67918.00000000,293.93938000,1712366999999,19960304.20709970,19373,114.60898000,7783559.27273010,0
1712367000000,67918.00000000,67932.00000000,67643.47000000,67689.99000000,459.03334000,1712368799999,31114680.65874930,25564,115.10381000,7801264.00908120,0
1712368800000,67689.99000000,67765.77000000,67588.01000000,67595.60000000,522.13810000,1712370599999,35342391.49603530,22019,144.72111000,9794815.81113770,0
1712370600000,67595.60000000,67648.00000000,67447.83000000,67574.59000000,514.86962000,1712372399999,34768673.87045150,24285,186.76243000,12612459.20123450,0
1712372400000,67574.60000000,67882.50000000,67574.59000000,67742.76000000,251.78596000,1712374199999,17056023.89689790,18726,121.46831000,8228279.07009710,0
1712374200000,67742.76000000,67812.04000000,67609.99000000,67788.01000000,270.92119000,1712375999999,18345904.37553190,16972,128.29888000,8689644.67547640,0
1712376000000,67788.00000000,67819.13000000,67669.98000000,67669.99000000,286.83275000,1712377799999,19434731.43633570,14300,77.10554000,5224244.32936830,0
1712377800000,67669.99000000,67789.24000000,67602.00000000,67735.84000000,284.59534000,1712379599999,19267283.18193960,18010,130.40008000,8827233.30358920,0
1712379600000,67735.84000000,68033.34000000,67720.17000000,67999.99000000,459.49457000,1712381399999,31209762.41267630,39612,267.76011000,18186814.79056110,0
1712381400000,68000.00000000,68232.14000000,67943.14000000,68038.74000000,654.04524000,1712383199999,44542522.19342660,51642,319.25028000,21741909.07678320,0
1712383200000,68038.75000000,68059.80000000,67845.20000000,68008.36000000,332.36734000,1712384999999,22590860.70207920,17369,158.61692000,10782328.18869250,0
1712385000000,68008.36000000,68162.90000000,67984.37000000,68109.42000000,249.19250000,1712386799999,16967114.55213130,15475,128.41439000,8742988.28418940,0
1712386800000,68109.43000000,68120.02000000,67960.32000000,67967.53000000,333.70151000,1712388599999,22706572.20807530,19637,167.71319000,11412285.70191520,0
1712388600000,67967.54000000,68189.33000000,67940.54000000,67992.02000000,470.20283000,1712390399999,31989288.44409910,21583,200.42121000,13636186.76525480,0
1712390400000,67992.02000000,68106.88000000,67859.53000000,67938.00000000,448.68022000,1712392199999,30494774.53825460,19390,203.62682000,13842233.37950660,0
1712392200000,67938.01000000,68074.56000000,67886.42000000,68012.14000000,326.71020000,1712393999999,22204153.18426990,14434,167.56706000,11389171.00326820,0
1712394000000,68012.15000000,68120.00000000,67962.01000000,67962.35000000,214.70805000,1712395799999,14607204.16230660,15595,102.59642000,6979776.72758960,0
1712395800000,67962.34000000,67973.22000000,67747.86000000,67792.00000000,641.58420000,1712397599999,43518339.91065680,25468,344.95920000,23391097.82167120,0
1712397600000,67792.00000000,67886.37000000,67792.00000000,67813.99000000,283.32241000,1712399399999,19216214.46966240,17212,154.11373000,10452345.08491990,0
1712399400000,67814.00000000,67874.42000000,67714.72000000,67842.17000000,220.03830000,1712401199999,14915757.89072540,15518,100.80803000,6833502.18410350,0
1712401200000,67842.18000000,67904.35000000,67707.12000000,67743.93000000,222.69829000,1712402999999,15097293.51982310,15793,107.25323000,7271746.97900940,0
1712403000000,67743.94000000,67743.94000000,67615.22000000,67668.16000000,285.11990000,1712404799999,19301806.32954150,21471,124.74425000,8444673.10253340,0
1712404800000,67668.16000000,67777.11000000,67629.71000000,67777.10000000,370.79849000,1712406599999,25107433.89220260,18733,176.85680000,11975266.00268830,0
1712406600000,67777.10000000,67796.69000000,67582.30000000,67738.37000000,397.39541000,1712408399999,26902956.14602320,31360,182.03898000,12324252.46088340,0
1712408400000,67738.36000000,67745.13000000,67570.01000000,67580.00000000,324.42705000,1712410199999,21952478.92463050,25143,142.17625000,9621136.75496910,0
1712410200000,67580.00000000,67708.70000000,67527.78000000,67699.99000000,355.49684000,1712411999999,24049051.79407400,18305,134.98934000,9133062.43842520,0
1712412000000,67700.00000000,67895.45000000,67684.00000000,67777.12000000,382.54062000,1712413799999,25932735.95756670,25828,184.86809000,12531808.47286450,0
1712413800000,67777.11000000,68109.13000000,67774.00000000,67993.99000000,508.22616000,1712415599999,34550434.00362190,25727,331.23510000,22520036.59529300,0
1712415600000,67994.00000000,68299.00000000,67896.48000000,68120.57000000,906.23569000,1712417399999,61759730.30446570,53132,453.66754000,30919340.12365710,0
1712417400000,68120.57000000,68170.85000000,68057.29000000,68104.00000000,323.14778000,1712419199999,22006988.16069990,31574,129.76844000,8837301.83532440,0
1712419200000,68104.01000000,68174.00000000,67948.83000000,67981.95000000,330.72713000,1712420999999,22508714.12174440,26164,124.05588000,8442809.61480930,0
1712421000000,67981.95000000,68150.00000000,67950.00000000,68143.48000000,262.26145000,1712422799999,17840340.99102890,16400,144.76218000,9849083.28784860,0
1712422800000,68143.48000000,68238.09000000,68039.94000000,68146.36000000,211.21716000,1712424599999,14387048.91438310,15422,97.25657000,6626500.79392120,0
1712424600000,68146.36000000,68484.09000000,68146.35000000,68287.30000000,608.57883000,1712426399999,41581232.56594570,30057,358.40276000,24488266.52018680,0
1712426400000,68287.30000000,68379.82000000,68186.00000000,68259.76000000,237.20677000,1712428199999,16196069.81251000,19399,123.97971000,8464686.71367840,0
1712428200000,68259.76000000,68311.69000000,68163.62000000,68307.28000000,219.28721000,1712429999999,14964857.36485450,14769,121.22848000,8274335.24619910,0
1712430000000,68307.28000000,68415.00000000,68218.00000000,68346.00000000,285.38821000,1712431799999,19503239.48826570,16861,165.61822000,11319006.94615140,0
1712431800000,68346.00000000,68415.00000000,68242.24000000,68259.98000000,208.45182000,1712433599999,14245373.27542870,16265,92.85829000,6345742.31113050,0
1712433600000,68259.99000000,68296.97000000,68166.66000000,68296.81000000,237.76140000,1712435399999,16224622.55158880,13479,138.80688000,9472227.02161660,0
1712435400000,68296.82000000,68395.00000000,68256.01000000,68390.00000000,199.63969000,1712437199999,13644389.91792750,15206,102.55729000,7008556.25298330,0
1712437200000,68390.00000000,68434.88000000,68352.00000000,68415.00000000,364.57746000,1712438999999,24939517.53587570,18646,149.06277000,10195993.68770300,0
1712439000000,68415.00000000,68415.00000000,68298.82000000,68299.65000000,200.92097000,1712440799999,13736006.68066860,11706,71.98945000,4922220.34727440,0
1712440800000,68299.65000000,68740.00000000,68286.33000000,68661.82000000,507.17080000,1712442599999,34748796.57129000,28549,356.55863000,24431168.37296200,0
1712442600000,68661.82000000,69101.00000000,68600.46000000,69056.00000000,1359.47902000,1712444399999,93721748.77089380,65943,842.59830000,58075236.92384210,0
1712444400000,69056.00000000,69692.00000000,69051.62000000,69410.00000000,1719.23847000,1712446199999,119336758.62755500,77295,1055.58397000,73271533.96662180,0
1712446200000,69410.00000000,69424.00000000,68800.00000000,68896.00000000,724.04470000,1712447999999,50010624.68089460,40942,308.48603000,21306266.39216100,0
1712448000000,68896.00000000,69150.00000000,68824.00000000,68840.00000000,458.10122000,1712449799999,31604595.41918710,27983,219.21727000,15124613.42574920,0
1712449800000,68839.99000000,69098.00000000,68826.80000000,68999.99000000,253.63225000,1712451599999,17504648.60933160,18727,121.28537000,8369876.65810510,0
1712451600000,68999.99000000,69600.00000000,68998.57000000,69499.99000000,607.13363000,1712453399999,42113902.33918200,33041,381.28421000,26451112.62201200,0
1712453400000,69500.00000000,69655.16000000,69318.00000000,69541.65000000,786.15511000,1712455199999,54611473.85071490,30323,427.19092000,29673844.53123040,0
1712455200000,69541.65000000,69777.00000000,69415.58000000,69643.43000000,813.22538000,1712456999999,56608350.83799280,36897,416.38626000,28982222.08005200,0
1712457000000,69643.44000000,69668.88000000,69300.00000000,69300.00000000,357.51849000,1712458799999,24830925.89469300,22466,161.97457000,11250974.22493660,0
1712458800000,69300.01000000,69453.31000000,69250.00000000,69453.31000000,550.35240000,1712460599999,38160505.30391310,25044,287.97753000,19971526.70566330,0
1712460600000,69453.31000000,69510.00000000,69314.48000000,69408.05000000,244.19302000,1712462399999,16950973.19477390,18979,105.87290000,7349757.04526210,0
1712462400000,69408.04000000,69493.98000000,69172.69000000,69204.00000000,264.40280000,1712464199999,18328096.63191000,20068,96.93685000,6720137.14258710,0
1712464200000,69203.99000000,69326.66000000,69053.97000000,69304.44000000,501.20014000,1712465999999,34685214.88211520,26131,261.84005000,18120258.28183000,0
1712466000000,69304.44000000,69464.00000000,69267.07000000,69388.00000000,256.35648000,1712467799999,17785732.55773320,22893,112.42918000,7800207.12059530,0
1712467800000,69388.00000000,69439.86000000,69307.24000000,69397.76000000,214.77725000,1712469599999,14901151.32945300,18355,104.05882000,7219123.29023030,0
1712469600000,69397.76000000,69414.87000000,69190.00000000,69243.31000000,294.04289000,1712471399999,20368761.99883050,23956,119.14884000,8253977.55517710,0
1712471400000,69243.31000000,69298.68000000,69110.81000000,69244.09000000,276.34471000,1712473199999,19127075.78587010,24014,136.72400000,9462895.18586880,0
1712473200000,69244.08000000,69432.96000000,69213.84000000,69420.00000000,407.52175000,1712474999999,28253696.16433740,22950,300.27722000,20821346.51123690,0
1712475000000,69420.01000000,69482.44000000,69340.00000000,69364.01000000,292.19094000,1712476799999,20278971.22970190,16714,153.33842000,10642596.29392240,0
1712476800000,69364.00000000,69516.22000000,69333.72000000,69482.64000000,361.33722000,1712478599999,25090141.03213110,18128,166.52426000,11564060.13915250,0
1712478600000,69482.65000000,69555.00000000,69448.64000000,69479.99000000,429.13003000,1712480399999,29827882.94996780,20098,189.09592000,13144743.36759870,0
1712480400000,69479.99000000,69493.25000000,69365.95000000,69365.95000000,376.57463000,1712482199999,26149715.21819440,19993,162.82333000,11305937.92663990,0
1712482200000,69365.95000000,69386.90000000,69199.01000000,69289.99000000,305.43605000,1712483999999,21158344.93163620,22198,130.17162000,9016504.13720120,0
1712484000000,69290.00000000,69430.54000000,69236.00000000,69384.01000000,261.77595000,1712485799999,18147330.95591810,15202,155.80495000,10801253.43862210,0
1712485800000,69384.01000000,69495.15000000,69317.00000000,69328.14000000,217.97588000,1712487599999,15127256.97934860,13826,80.18352000,5564882.96846970,0
1712487600000,69328.14000000,69386.40000000,69200.00000000,69340.01000000,280.18258000,1712489399999,19415191.26789600,25507,130.14349000,9018407.85741700,0
1712489400000,69340.01000000,69407.72000000,69267.08000000,69357.00000000,176.56470000,1712491199999,12242055.75700150,13325,78.36178000,5433185.65064460,0
1712491200000,69357.00000000,69396.00000000,69210.00000000,69225.99000000,283.66686000,1712492999999,19657808.93419090,20287,133.64388000,9261590.28845920,0
1712493000000,69225.99000000,69415.59000000,69214.00000000,69335.99000000,253.87492000,1712494799999,17597663.21586850,21930,131.58119000,9120097.15145390,0
1712494800000,69336.00000000,69464.35000000,69322.93000000,69408.74000000,268.25428000,1712496599999,18620049.95230160,18067,141.60221000,9828147.50950470,0
1712496600000,69408.73000000,69550.00000000,69285.71000000,69349.93000000,403.76247000,1712498399999,28021183.00031190,24891,206.76807000,14348952.07483600,0
1712498400000,69349.93000000,69374.88000000,69220.00000000,69290.00000000,348.93591000,1712500199999,24182651.39975810,21392,172.95382000,11986427.26192370,0
1712500200000,69290.01000000,69664.67000000,69256.00000000,69578.44000000,551.24136000,1712501999999,38300822.09275720,30375,359.59603000,24982030.17945680,0
1712502000000,69578.44000000,69886.03000000,69540.09000000,69736.00000000,771.37484000,1712503799999,53797891.28425540,45558,472.12468000,32927972.13836730,0
1712503800000,69736.01000000,69736.01000000,69360.44000000,69543.74000000,627.74590000,1712505599999,43658397.26739470,36068,313.43475000,21796408.78475120,0
1712505600000,69543.73000000,70177.70000000,69483.90000000,69964.01000000,1590.09564000,1712507399999,111203829.65309100,67071,985.09656000,68888065.92636570,0
1712507400000,69964.01000000,70326.29000000,69934.00000000,70074.00000000,1251.64422000,1712509199999,87832687.96588480,56520,774.11493000,54320735.77674030,0
1712509200000,70074.01000000,70112.00000000,69752.70000000,69872.39000000,633.92887000,1712510999999,44318628.65503610,35954,312.22554000,21828173.54821300,0
1712511000000,69872.39000000,69894.00000000,69658.19000000,69798.01000000,435.91707000,1712512799999,30413117.60833700,26448,202.15885000,14103447.04469310,0
1712512800000,69798.02000000,69828.00000000,69509.99000000,69551.78000000,504.58215000,1712514599999,35122880.66310030,29677,240.04850000,16707392.89335520,0
1712514600000,69551.78000000,69554.57000000,69234.14000000,69390.01000000,523.30579000,1712516399999,36308168.80507040,32879,243.26909000,16877041.15761210,0
1712516400000,69390.01000000,69508.71000000,69255.98000000,69445.68000000,356.85145000,1712518199999,24752700.80302350,23077,162.76518000,11290676.55718210,0
1712518200000,69445.68000000,69458.00000000,68849.77000000,69068.01000000,1069.30613000,1712519999999,73926376.02298400,50626,465.89965000,32198565.07393780,0
1712520000000,69068.01000000,69373.28000000,68960.01000000,69329.33000000,399.87633000,1712521799999,27669473.13451100,26544,233.30133000,16143988.95581570,0
1712521800000,69329.33000000,69403.70000000,69303.33000000,69309.69000000,204.77201000,1712523599999,14201287.67085730,16913,102.45021000,7104939.44697100,0
1712523600000,69309.70000000,69413.10000000,69229.74000000,69279.73000000,247.18417000,1712525399999,17135694.25719020,19890,114.91886000,7966900.06141720,0
1712525400000,69279.73000000,69331.77000000,69031.29000000,69031.30000000,235.97856000,1712527199999,16319212.80785510,20401,108.68703000,7516665.71235410,0
1712527200000,69031.30000000,69254.00000000,68901.00000000,69209.99000000,468.19271000,1712528999999,32351592.57205340,40104,208.56227000,14412445.29665760,0
1712529000000,69210.00000000,69344.40000000,69150.20000000,69200.00000000,231.78522000,1712530799999,16052718.67994540,21675,108.55307000,7518136.78852260,0
1712530800000,69200.00000000,69462.50000000,69188.05000000,69339.99000000,302.50069000,1712532599999,20986678.10836310,22450,147.35270000,10222574.09407400,0
1712532600000,69339.99000000,69477.18000000,69284.71000000,69360.39000000,583.84128000,1712534399999,40509863.50960330,23433,309.74430000,21491956.64541260,0
1712534400000,69360.38000000,69432.00000000,69168.29000000,69203.98000000,425.09505000,1712536199999,29455910.25979980,29858,158.22885000,10963264.80367070,0
1712536200000,69203.98000000,69326.00000000,69043.24000000,69325.99000000,286.25071000,1712537999999,19816631.66970970,23533,138.65517000,9600326.61094290,0
1712538000000,69326.00000000,69841.03000000,69285.70000000,69720.00000000,576.64153000,1712539799999,40132466.24406440,36876,346.55970000,24121379.08968320,0
1712539800000,69720.01000000,69739.60000000,69350.64000000,69437.02000000,350.92697000,1712541599999,24408950.65924490,25439,135.75869000,9444072.42929830,0
1712541600000,69437.03000000,69437.03000000,69241.83000000,69315.81000000,329.34297000,1712543399999,22833811.82232460,22799,138.42192000,9594834.42417240,0
1712543400000,69315.80000000,69389.93000000,69126.36000000,69228.00000000,298.29038000,1712545199999,20653777.81550910,24316,126.03018000,8726113.48242280,0
1712545200000,69228.00000000,69303.30000000,69134.99000000,69303.29000000,295.64904000,1712546999999,20470485.83155790,22103,127.74392000,8845045.22499970,0
1712547000000,69303.29000000,69500.00000000,69296.36000000,69458.95000000,221.36682000,1712548799999,15362588.99498510,15764,135.68923000,9416907.25676260,0
1712548800000,69458.95000000,69500.00000000,69306.00000000,69356.56000000,185.14857000,1712550599999,12845933.33374080,13163,83.23356000,5774420.45512080,0
1712550600000,69356.55000000,69439.70000000,69280.00000000,69382.00000000,173.03428000,1712552399999,12002261.75897110,12995,84.70138000,5874548.17879180,0
1712552400000,69382.01000000,69645.31000000,69382.00000000,69526.00000000,284.62882000,1712554199999,19793468.17767890,22786,147.73766000,10272568.63650270,0
1712554200000,69526.00000000,69801.00000000,69525.99000000,69701.99000000,359.58144000,1712555999999,25059690.65187300,22897,167.52804000,11674846.54758120,0
1712556000000,69702.00000000,69818.04000000,69660.00000000,69781.72000000,364.40171000,1712557799999,25408985.84968660,23277,196.77552000,13722131.43862620,0
1712557800000,69781.72000000,69790.29000000,69632.73000000,69790.29000000,324.65910000,1712559599999,22635644.34638810,19244,153.60591000,10709197.74520010,0
1712559600000,69790.29000000,70140.01000000,69790.28000000,70088.43000000,787.27007000,1712561399999,55094483.79123750,42065,485.98114000,34011115.62525990,0
1712561400000,70088.43000000,70850.00000000,70088.40000000,70698.63000000,3265.16618000,1712563199999,230497386.62412340,123127,1874.18385000,132271443.39461150,0
1712563200000,70698.64000000,71485.00000000,70642.00000000,71272.00000000,3136.38374000,1712564999999,223117408.44728060,114022,1958.90773000,139311741.69580000,0
1712565000000,71271.99000000,72111.99000000,71065.51000000,71968.00000000,3482.57213000,1712566799999,249759517.19301690,125855,2104.02642000,150952841.35976960,0
1712566800000,71968.00000000,72650.00000000,71650.32000000,72367.99000000,3398.86710000,1712568599999,245103452.82142060,130783,2024.43021000,146019481.41164970,0
1712568600000,72368.00000000,72474.00000000,72016.67000000,72197.25000000,1965.76507000,1712570399999,142047063.98710250,63687,1082.26549000,78210240.43904040,0
1712570400000,72197.26000000,72283.10000000,71792.06000000,72036.71000000,1640.27732000,1712572199999,118066716.96848360,65668,895.28693000,64447764.36801030,0
1712572200000,72036.71000000,72374.00000000,71947.06000000,72323.98000000,1224.29688000,1712573999999,88405519.16806370,49000,703.46987000,50798653.25797860,0
1712574000000,72323.99000000,72647.86000000,72218.27000000,72522.08000000,1438.29088000,1712575799999,104118450.91039220,57072,892.18846000,64591389.35292000,0
1712575800000,72522.08000000,72522.09000000,72219.04000000,72404.00000000,1297.09942000,1712577599999,93830306.34852480,57621,739.85484000,53517633.05806360,0
1712577600000,72404.00000000,72797.99000000,72284.46000000,72292.43000000,1786.52428000,1712579399999,129594222.35139520,90714,1043.46365000,75697644.26361980,0
1712579400000,72292.43000000,72428.05000000,72137.48000000,72180.02000000,1686.68942000,1712581199999,121874853.70401320,73624,894.50746000,64633767.44060390,0
1712581200000,72180.01000000,72310.01000000,71980.00000000,72188.64000000,1282.83744000,1712582999999,92504630.97060300,64285,631.36517000,45526815.58680630,0
1712583000000,72188.64000000,72213.80000000,71691.35000000,71944.31000000,1566.16563000,1712584799999,112664266.51390860,69719,831.89046000,59839945.17403140,0
1712584800000,71944.31000000,71985.38000000,71401.30000000,71576.07000000,1638.35182000,1712586599999,117490508.13668060,69598,866.88432000,62172279.18079130,0
1712586600000,71576.07000000,71749.02000000,71245.17000000,71726.00000000,1662.51135000,1712588399999,118927423.61008660,74227,962.60135000,68870231.14141490,0
1712588400000,71725.99000000,71973.62000000,71598.45000000,71654.00000000,1061.31977000,1712590199999,76234650.23040260,44681,569.11841000,40878877.50373670,0
1712590200000,71654.01000000,71987.00000000,71598.92000000,71773.98000000,709.84711000,1712591999999,50964897.28561920,31203,378.26342000,27155986.56883350,0
1712592000000,71773.98000000,72021.56000000,71556.53000000,71808.01000000,749.82638000,1712593799999,53851925.13547520,34582,397.51224000,28554823.21916970,0
1712593800000,71808.00000000,71977.42000000,71720.00000000,71740.10000000,565.66661000,1712595599999,40629302.75584170,22957,290.68711000,20877861.98445760,0
1712595600000,71740.10000000,71800.00000000,71307.59000000,71337.62000000,647.46413000,1712597399999,46347219.05840050,36388,250.70523000,17945713.94849960,0
1712597400000,71337.62000000,71779.82000000,71300.00000000,71699.23000000,628.52780000,1712599199999,44962530.90181510,27744,340.52724000,24358257.24428500,0
1712599200000,71699.23000000,71940.00000000,71672.34000000,71904.00000000,514.43837000,1712600999999,36945259.30154190,24591,264.73442000,19011416.08368350,0
1712601000000,71904.00000000,72104.05000000,71818.79000000,71908.61000000,568.02020000,1712602799999,40875901.13591980,24744,288.16676000,20737936.76583570,0
1712602800000,71908.60000000,71973.60000000,71667.75000000,71843.74000000,668.43878000,1712604599999,48026373.88319880,22595,421.92284000,30316461.37050400,0
1712604600000,71843.74000000,71887.00000000,71564.51000000,71766.00000000,867.12615000,1712606399999,62220203.77592030,34048,510.94675000,36663613.10299720,0
1712606400000,71766.00000000,71818.77000000,71514.33000000,71518.00000000,679.08565000,1712608199999,48667555.00477670,23454,358.02644000,25659453.29199910,0
1712608200000,71518.00000000,71736.56000000,71500.37000000,71711.99000000,320.71288000,1712609999999,22972595.71665770,18338,163.50540000,11711588.60680130,0
1712610000000,71711.98000000,71900.00000000,71691.99000000,71810.77000000,393.56198000,1712611799999,28260197.29061950,16907,168.42749000,12093324.48195750,0
1712611800000,71810.78000000,71810.78000000,71628.01000000,71692.01000000,266.48610000,1712613599999,19102177.62837740,13139,114.52761000,8209394.52181940,0
1712613600000,71692.01000000,71805.38000000,71623.45000000,71719.02000000,289.28689000,1712615399999,20741393.98430730,17279,154.57884000,11082817.85788930,0
1712615400000,71719.02000000,71960.00000000,71599.90000000,71916.09000000,352.70396000,1712617199999,25306875.19475060,20821,199.19984000,14296691.83790420,0
1712617200000,71916.08000000,72000.00000000,71738.00000000,71831.46000000,346.49896000,1712618999999,24903636.14901950,17879,150.39559000,10810583.90430320,0
1712619000000,71831.46000000,71868.00000000,71610.01000000,71620.00000000,360.77840000,1712620799999,25863796.26843140,19558,156.68216000,11232456.34753090,0
1712620800000,71620.00000000,71758.19000000,71392.47000000,71436.40000000,463.97413000,1712622599999,33217418.85929180,21583,234.92606000,16821889.50760580,0
1712622600000,71436.39000000,71656.79000000,71320.01000000,71419.99000000,492.16086000,1712624399999,35164969.35417110,25895,235.67096000,16839778.72297320,0
1712624400000,71420.00000000,71439.80000000,70833.33000000,71230.01000000,1238.21093000,1712626199999,88013988.74816540,55430,592.85630000,42142928.66722630,0
1712626200000,71230.01000000,71341.24000000,71080.24000000,71275.46000000,458.58862000,1712627999999,32663237.10444590,21139,251.74069000,17932394.58390960,0
1712628000000,71275.45000000,71618.95000000,71156.77000000,71494.67000000,433.30222000,1712629799999,30937309.96901300,22866,254.55879000,18174481.92082580,0
1712629800000,71494.67000000,71563.38000000,71405.03000000,71477.44000000,351.29671000,1712631599999,25112873.12076710,20913,195.98327000,14008806.45095240,0
1712631600000,71477.44000000,71641.97000000,71385.71000000,71500.00000000,374.60599000,1712633399999,26783357.25028900,24213,180.10216000,12876078.87761170,0
1712633400000,71500.01000000,71500.01000000,71186.02000000,71285.00000000,479.65070000,1712635199999,34206888.17222200,24678,184.20795000,13134794.24166490,0
1712635200000,71285.00000000,71285.00000000,70917.20000000,71176.00000000,633.14024000,1712636999999,45021595.37929180,39367,259.48534000,18450684.78828540,0
1712637000000,71176.01000000,71339.79000000,71082.79000000,71208.01000000,348.94161000,1712638799999,24853117.57121230,16551,179.99357000,12819149.09271830,0
1712638800000,71208.02000000,71323.66000000,71032.00000000,71218.87000000,360.60418000,1712640599999,25662660.22428960,20638,166.85917000,11874870.85887010,0
1712640600000,71218.88000000,71218.88000000,70957.00000000,71056.00000000,442.53386000,1712642399999,31443596.99637150,19635,201.95934000,14349488.36041500,0
1712642400000,71055.99000000,71140.00000000,70962.14000000,71132.88000000,510.14126000,1712644199999,36250643.31498690,27018,272.06669000,19331483.69871570,0
1712644200000,71132.89000000,71265.47000000,70560.00000000,70765.69000000,1198.37600000,1712645999999,84867776.15093720,65161,496.26350000,35149061.62945710,0
1712646000000,70765.70000000,70940.90000000,70539.94000000,70612.01000000,714.72650000,1712647799999,50535025.14930860,34518,320.25976000,22643454.89072250,0
1712647800000,70612.01000000,70696.00000000,70110.00000000,70383.99000000,1981.89540000,1712649599999,139569493.79172000,76278,893.63828000,62932940.89618880,0
1712649600000,70383.98000000,70384.00000000,69576.61000000,70119.99000000,2290.64404000,1712651399999,160175062.46990200,93665,1008.67258000,70529552.93661950,0
1712651400000,70120.00000000,70600.00000000,69993.82000000,70500.01000000,870.70910000,1712653199999,61208756.17420990,37218,467.94869000,32901824.10147700,0
1712653200000,70500.01000000,70860.65000000,70496.00000000,70568.36000000,859.93596000,1712654999999,60745994.10079490,42702,385.77518000,27251831.12203660,0
1712655000000,70568.35000000,70662.45000000,70256.98000000,70392.18000000,536.17897000,1712656799999,37772534.90018280,26204,219.84115000,15485484.26135980,0
1712656800000,70392.18000000,70549.57000000,70234.99000000,70403.99000000,575.32188000,1712658599999,40509043.99372490,23619,259.85959000,18296310.03002080,0
1712658600000,70403.99000000,70697.04000000,70342.15000000,70566.64000000,675.81823000,1712660399999,47645464.18569450,26963,341.37432000,24064384.89702640,0
1712660400000,70566.63000000,70905.26000000,70566.63000000,70808.64000000,720.91056000,1712662199999,51047838.45643800,26733,393.93518000,27891610.50323280,0
1712662200000,70808.64000000,70816.87000000,70640.20000000,70794.85000000,443.14822000,1712663999999,31350223.92909140,19186,219.95243000,15560918.36551330,0
1712664000000,70794.84000000,70898.02000000,70654.38000000,70748.47000000,566.85272000,1712665799999,40105404.95513640,25844,300.62389000,21268427.79893780,0
1712665800000,70748.47000000,70977.00000000,70675.53000000,70690.00000000,802.24576000,1712667599999,56822576.57138110,30030,431.98291000,30590802.39455400,0
1712667600000,70690.00000000,70732.44000000,70419.21000000,70638.32000000,727.83517000,1712669399999,51385933.18802810,30568,320.79067000,22646001.54492750,0
1712669400000,70638.32000000,70920.00000000,69921.62000000,69928.00000000,1593.10009000,1712671199999,112108689.23229480,80602,746.92241000,52583067.13125810,0
1712671200000,69928.00000000,70429.04000000,69714.00000000,69977.99000000,1208.27694000,1712672999999,84685662.65175060,65139,576.33208000,40390159.13191820,0
1712673000000,69977.99000000,70000.00000000,68611.00000000,69358.32000000,4367.10428000,1712674799999,302585289.33601740,181358,1939.96743000,134394654.79377560,0
1712674800000,69358.32000000,69360.00000000,68535.03000000,68883.99000000,1984.12257000,1712676599999,136761087.35923340,77472,910.07034000,62753160.83520770,0
1712676600000,68884.00000000,69264.01000000,68850.79000000,69264.00000000,906.71062000,1712678399999,62628075.40502350,39156,513.91875000,35497348.71384970,0
1712678400000,69264.00000000,69320.00000000,68766.00000000,69111.83000000,1149.87208000,1712680199999,79347688.15972540,53779,611.03193000,42165381.23080490,0
1712680200000,69111.84000000,69111.84000000,68516.15000000,68601.24000000,1260.05589000,1712681999999,86637554.00061090,57004,576.44573000,39634928.68826240,0
1712682000000,68601.25000000,68894.30000000,68210.00000000,68790.77000000,1784.98207000,1712683799999,122315113.95502090,77176,880.23145000,60336412.01279780,0
1712683800000,68790.76000000,68962.43000000,68705.88000000,68823.99000000,564.41416000,1712685599999,38851864.93238390,29570,264.64854000,18218569.44971980,0
1712685600000,68823.99000000,69025.89000000,68769.79000000,68967.99000000,521.61676000,1712687399999,35937119.14777090,23535,292.73925000,20170596.74026570,0
1712687400000,68968.00000000,68998.80000000,68814.17000000,68879.23000000,322.86932000,1712689199999,22246530.47033920,17677,168.09359000,11581632.97495080,0
1712689200000,68879.22000000,69174.00000000,68656.08000000,69118.36000000,567.86951000,1712690999999,39102542.62800720,26391,325.49514000,22416836.63343650,0
1712691000000,69118.35000000,69139.73000000,68866.29000000,69000.77000000,471.22710000,1712692799999,32522454.75725150,21503,260.52000000,17979346.32912110,0
1712692800000,69000.78000000,69208.20000000,68962.31000000,69088.00000000,487.40358000,1712694599999,33683437.33835620,20101,279.13733000,19288821.36367160,0
1712694600000,69088.00000000,69171.19000000,69018.75000000,69171.19000000,305.63638000,1712696399999,21112728.25466830,15723,181.16599000,12514592.52865840,0
1712696400000,69171.18000000,69186.54000000,68935.64000000,69085.24000000,381.53679000,1712698199999,26341931.35185980,19865,218.91893000,15115128.96756080,0
1712698200000,69085.24000000,69250.00000000,69085.24000000,69213.83000000,280.96228000,1712699999999,19435449.90166400,15971,165.57497000,11453619.10284550,0
1712700000000,69213.83000000,69309.00000000,69144.59000000,69240.01000000,285.02794000,1712701799999,19737481.78638890,16721,137.77677000,9540292.97123070,0
1712701800000,69240.01000000,69439.60000000,69240.00000000,69325.65000000,363.38707000,1712703599999,25204909.12955340,17792,153.28991000,10632013.20239750,0
1712703600000,69325.64000000,69332.00000000,68889.10000000,68986.34000000,521.00042000,1712705399999,36014626.08626990,25876,197.42309000,13644730.18548630,0
1712705400000,68986.34000000,69269.82000000,68888.47000000,69146.00000000,414.97675000,1712707199999,28674401.67685020,23131,225.50551000,15584857.10698500,0
1712707200000,69146.00000000,69304.26000000,69100.00000000,69271.79000000,361.38621000,1712708999999,25009749.40150440,17985,156.11447000,10803442.74078270,0
1712709000000,69271.80000000,69296.00000000,69025.97000000,69138.81000000,354.18294000,1712710799999,24486709.14584990,19763,168.72230000,11665490.56541030,0
1712710800000,69138.81000000,69138.81000000,68603.92000000,68860.74000000,695.04847000,1712712599999,47819935.64707730,36955,323.77864000,22273282.55953290,0
1712712600000,68860.73000000,69269.76000000,68664.03000000,69269.75000000,580.31940000,1712714399999,39999180.19081850,33759,329.15236000,22694304.81914540,0
1712714400000,69269.75000000,69594.15000000,68999.99000000,69068.01000000,846.78072000,1712716199999,58679863.17506040,45612,411.37339000,28513280.35261540,0
1712716200000,69068.00000000,69075.90000000,68466.63000000,68651.98000000,789.27221000,1712717999999,54260399.18534750,52857,328.74638000,22606194.31935840,0
1712718000000,68651.98000000,69019.42000000,68625.61000000,68880.00000000,549.20049000,1712719799999,37784174.42671540,32966,308.92753000,21252132.57735160,0
1712719800000,68880.01000000,69180.00000000,68880.00000000,69150.18000000,364.39559000,1712721599999,25154686.99407460,24024,205.96919000,14217204.01626680,0
1712721600000,69150.18000000,69199.99000000,69005.55000000,69100.01000000,409.22910000,1712723399999,28279068.11578480,18590,167.42686000,11570656.17808300,0
1712723400000,69100.00000000,69166.79000000,69028.13000000,69134.33000000,254.83151000,1712725199999,17609303.93380920,12750,137.67397000,9513382.96417200,0
1712725200000,69134.34000000,69399.02000000,69121.35000000,69319.99000000,527.08816000,1712726999999,36519666.86127320,23081,321.21663000,22252752.04870570,0
1712727000000,69320.00000000,69414.20000000,69240.00000000,69255.82000000,333.35975000,1712728799999,23111504.46566010,16718,147.09728000,10198784.87718060,0
1712728800000,69255.82000000,69474.00000000,69227.62000000,69457.42000000,272.34788000,1712730599999,18885111.80051490,15192,140.12525000,9717500.91453700,0
1712730600000,69457.42000000,69479.80000000,69338.12000000,69369.25000000,275.67449000,1712732399999,19134807.24463320,18333,110.53846000,7672454.62714040,0
1712732400000,69369.25000000,69515.00000000,69310.34000000,69359.23000000,290.52190000,1712734199999,20169285.10474180,17019,123.48551000,8573298.18295260,0
1712734200000,69359.24000000,69448.65000000,69268.47000000,69336.28000000,280.44974000,1712735999999,19457307.11134750,17184,118.49618000,8221457.87523050,0
1712736000000,69336.27000000,69336.28000000,68800.00000000,69063.98000000,953.91324000,1712737799999,65844730.45223810,66557,400.60941000,27645839.17070210,0
1712737800000,69063.99000000,69106.00000000,68867.00000000,69011.92000000,696.54452000,1712739599999,48022685.57106040,28176,357.75239000,24660070.38064920,0
1712739600000,69011.92000000,69171.75000000,68917.69000000,69100.61000000,302.59905000,1712741399999,20891794.32922070,17451,144.25456000,9959743.80220450,0
1712741400000,69100.61000000,69139.20000000,68902.43000000,69139.20000000,339.78561000,1712743199999,23448369.79830370,21436,178.51490000,12319107.36865880,0
1712743200000,69139.19000000,69180.00000000,68629.99000000,68848.00000000,918.61785000,1712744999999,63220219.45880510,43307,421.56529000,29008972.09971390,0
1712745000000,68848.00000000,68991.09000000,68650.44000000,68932.01000000,691.20622000,1712746799999,47565602.89701340,30928,291.53925000,20063339.01798530,0
1712746800000,68932.01000000,69078.25000000,68853.83000000,69070.20000000,337.91461000,1712748599999,23314129.36827920,21041,153.03673000,10559158.17900690,0
1712748600000,69070.19000000,69132.61000000,68949.71000000,69043.00000000,568.81888000,1712750399999,39262251.28198590,23853,254.54945000,17568837.40540600,0
1712750400000,69043.00000000,69204.28000000,68723.35000000,68972.28000000,848.15612000,1712752199999,58485003.82256880,44955,437.30166000,30159900.09909630,0
1712752200000,68972.28000000,68972.28000000,67559.99000000,67976.00000000,4668.44559000,1712753999999,317659007.68169540,159496,1915.84502000,130343541.41045040,0
1712754000000,67975.99000000,67976.00000000,67592.95000000,67698.96000000,1491.04932000,1712755799999,100979592.68794460,57830,648.41076000,43912336.78702560,0
1712755800000,67698.97000000,68313.10000000,67518.00000000,68259.77000000,1581.00679000,1712757599999,107276664.26318760,73854,857.20075000,58187586.15382030,0
1712757600000,68259.77000000,68814.76000000,68009.94000000,68588.24000000,1649.17432000,1712759399999,112913419.85420780,59348,775.01017000,53044077.11542130,0
1712759400000,68588.25000000,68974.58000000,68398.06000000,68703.05000000,1828.85644000,1712761199999,125662929.38594030,65027,897.90887000,61697884.21323220,0
1712761200000,68703.04000000,68752.05000000,68264.00000000,68632.25000000,1073.26564000,1712762999999,73477299.71620870,47457,474.09642000,32458622.73435000,0
1712763000000,68632.25000000,68760.71000000,68479.38000000,68657.32000000,609.05357000,1712764799999,41787375.27421850,30781,300.20071000,20598740.79094110,0
1712764800000,68657.31000000,68960.01000000,68556.00000000,68917.63000000,1063.62198000,1712766599999,73122165.95045180,57719,587.45431000,40390574.60367260,0
1712766600000,68917.63000000,69536.00000000,68852.58000000,69500.00000000,2123.96672000,1712768399999,147151681.01843580,73269,1087.71333000,75373302.13012880,0
1712768400000,69499.99000000,69910.96000000,69184.73000000,69594.80000000,1449.01967000,1712770199999,100762366.89186700,64602,775.88825000,53960047.13585530,0
1712770200000,69594.80000000,69649.99000000,69142.81000000,69350.11000000,863.60308000,1712771999999,59914265.26807950,50443,365.02560000,25325376.52272730,0
1712772000000,69350.10000000,69411.34000000,69100.24000000,69239.35000000,790.21103000,1712773799999,54727781.91188220,38410,376.19948000,26053233.93965660,0
1712773800000,69239.36000000,69407.99000000,69071.00000000,69314.33000000,622.69549000,1712775599999,43117523.63412630,27051,262.17399000,18155316.06819380,0
1712775600000,69314.33000000,69597.09000000,69219.14000000,69519.85000000,600.83651000,1712777399999,41690617.47648820,28080,272.91024000,18935996.22658660,0
1712777400000,69519.85000000,70098.89000000,69421.97000000,70083.99000000,1784.67924000,1712779199999,124592715.44221540,55768,833.09371000,58164047.59454060,0
1712779200000,70084.00000000,70136.00000000,69740.00000000,69843.90000000,833.68384000,1712780999999,58322652.15783840,33837,397.60508000,27817447.30632880,0
1712781000000,69843.89000000,69925.13000000,69772.77000000,69812.01000000,383.43379000,1712782799999,26780239.24313650,17528,190.77222000,13323564.71755660,0
1712782800000,69812.01000000,69970.88000000,69581.03000000,69623.99000000,494.17216000,1712784599999,34486746.27233410,21348,206.62249000,14420348.86890900,0
1712784600000,69624.00000000,70036.81000000,69593.88000000,70017.00000000,607.29910000,1712786399999,42414989.82114690,21301,331.46710000,23152747.71947040,0
1712786400000,70017.01000000,71172.08000000,70017.00000000,70917.31000000,2725.39192000,1712788199999,192452408.38201380,89851,1620.29461000,114443159.01886900,0
1712788200000,70917.30000000,71100.00000000,70500.00000000,70528.00000000,1102.74038000,1712789999999,78084046.07158560,41400,533.27959000,37761247.82364110,0
1712790000000,70528.00000000,70799.99000000,70528.00000000,70587.17000000,490.53457000,1712791799999,34647826.06181440,21300,239.45847000,16914313.95641870,0
1712791800000,70587.18000000,70664.86000000,70488.38000000,70631.08000000,327.63796000,1712793599999,23125116.56529740,15978,182.74888000,12898903.75213830,0
1712793600000,70631.08000000,70663.21000000,70335.00000000,70364.03000000,584.22314000,1712795399999,41153641.13647280,27459,304.08576000,21419421.19941300,0
1712795400000,70364.03000000,70574.09000000,70285.13000000,70520.01000000,421.14125000,1712797199999,29647555.00101310,21611,237.93803000,16753372.48665270,0
1712797200000,70520.00000000,70760.00000000,70484.00000000,70514.58000000,545.89742000,1712798999999,38548965.87162170,23088,295.70965000,20882050.11714360,0
1712799000000,70514.58000000,70747.38000000,70469.12000000,70553.28000000,486.94194000,1712800799999,34378757.90505060,26515,219.02521000,15461298.00416660,0
1712800800000,70553.28000000,70930.00000000,70500.00000000,70808.71000000,534.48762000,1712802599999,37820948.68231930,33841,287.39029000,20334114.79218650,0
1712802600000,70808.72000000,71062.00000000,70737.66000000,70995.66000000,755.25190000,1712804399999,53559412.65946290,36829,464.92692000,32975079.11964090,0
1712804400000,70995.66000000,71027.99000000,70773.58000000,70881.20000000,443.09160000,1712806199999,31417414.55693780,21661,212.71551000,15080658.46488700,0
1712806200000,70881.20000000,70932.80000000,70792.59000000,70851.67000000,242.69009000,1712807999999,17196617.56652170,17551,95.36528000,6757304.30632500,0
1712808000000,70851.66000000,70888.35000000,70400.00000000,70511.81000000,556.20864000,1712809799999,39257002.31747850,33532,210.22535000,14837313.39040560,0
1712809800000,70511.80000000,70614.52000000,70378.11000000,70604.01000000,329.41781000,1712811599999,23223825.37198350,23343,141.93552000,10007839.00620890,0
1712811600000,70604.01000000,70680.00000000,70461.15000000,70570.36000000,342.55338000,1712813399999,24178919.12286290,15709,171.78753000,12124887.05698940,0
1712813400000,70570.35000000,70616.51000000,70444.00000000,70583.99000000,222.22909000,1712815199999,15676765.47935920,15075,97.65519000,6889136.86765290,0
1712815200000,70583.99000000,70848.76000000,70564.00000000,70669.96000000,394.00238000,1712816999999,27866926.58859310,23076,191.16926000,13521522.54660480,0
1712817000000,70669.95000000,70803.99000000,70669.95000000,70717.82000000,396.51874000,1712818799999,28044171.51321560,20581,180.37153000,12757086.07939150,0
1712818800000,70717.81000000,71305.89000000,70717.81000000,70931.26000000,848.27733000,1712820599999,60260520.58532880,43333,438.42474000,31147427.21837860,0
1712820600000,70931.26000000,71058.26000000,70729.16000000,70735.99000000,687.86665000,1712822399999,48768760.09453760,32344,277.00752000,19641485.09901680,0
1712822400000,70736.00000000,70919.92000000,70617.25000000,70828.02000000,522.49753000,1712824199999,36986816.02009890,25112,247.86349000,17546977.90392890,0
1712824200000,70828.02000000,71256.27000000,70808.64000000,71039.39000000,916.28087000,1712825999999,65110126.28448480,39894,575.84596000,40910192.19720660,0
1712826000000,71039.40000000,71053.61000000,70747.54000000,70844.78000000,444.49122000,1712827799999,31511355.04415750,30433,198.70053000,14086639.16183060,0
1712827800000,70844.78000000,70856.74000000,70596.43000000,70604.00000000,617.99222000,1712829599999,43709855.47090710,29394,269.01242000,19024535.72292170,0
1712829600000,70604.00000000,70785.05000000,70556.50000000,70687.17000000,463.87948000,1712831399999,32787969.21458420,26614,209.77752000,14827671.81415810,0
1712831400000,70687.17000000,70766.02000000,70421.56000000,70459.99000000,466.54358000,1712833199999,32925344.50731120,27176,212.33307000,14985238.16029960,0
1712833200000,70460.00000000,70596.00000000,70325.23000000,70553.14000000,528.12024000,1712834999999,37226178.88158670,29222,257.78544000,18170469.29120730,0
1712835000000,70553.14000000,70553.14000000,69881.31000000,69983.16000000,1191.79605000,1712836799999,83635845.91330670,63596,558.14819000,39162798.36342550,0
1712836800000,69983.16000000,70299.25000000,69867.76000000,69992.76000000,775.74218000,1712838599999,54395188.02361960,42093,421.87933000,29583576.96800590,0
1712838600000,69992.75000000,71100.00000000,69943.97000000,70858.83000000,2470.42707000,1712840399999,174835722.17155350,131391,1447.01171000,102393487.42610160,0
1712840400000,70858.82000000,70988.00000000,70616.50000000,70722.08000000,950.91704000,1712842199999,67334138.36632870,45300,442.34782000,31321883.73877020,0
1712842200000,70722.07000000,70898.79000000,69669.75000000,70284.00000000,3046.29912000,1712843999999,213709231.81625570,126013,1548.30161000,108597798.98259380,0
1712844000000,70284.01000000,70350.01000000,69599.23000000,69828.00000000,1553.31884000,1712845799999,108625838.69264470,75255,773.32492000,54077421.48836840,0
1712845800000,69827.99000000,70120.00000000,69584.00000000,69600.54000000,1016.84637000,1712847599999,71096740.71116140,47955,492.76689000,34464674.08289150,0
1712847600000,69600.55000000,69920.00000000,69567.21000000,69696.00000000,871.91485000,1712849399999,60789289.66070430,41579,464.80992000,32406614.64619540,0
1712849400000,69696.01000000,70026.25000000,69610.38000000,70000.00000000,661.66479000,1712851199999,46223390.46801670,31331,389.05812000,27183333.45043910,0
1712851200000,70000.00000000,70133.17000000,69740.75000000,69796.02000000,575.75186000,1712852999999,40293316.83667650,35124,261.17716000,18279541.79892330,0
1712853000000,69796.01000000,70101.77000000,69574.88000000,70011.99000000,757.22755000,1712854799999,52851717.83985250,38496,391.84669000,27352220.18311000,0
1712854800000,70011.99000000,70446.03000000,70000.00000000,70322.90000000,830.34889000,1712856599999,58349045.68088020,36081,446.98257000,31411842.18003240,0
1712856600000,70322.90000000,70351.99000000,70111.82000000,70203.99000000,385.47249000,1712858399999,27068369.08334730,25100,180.98648000,12708740.28144620,0
1712858400000,70203.99000000,70429.32000000,70120.00000000,70122.70000000,520.40733000,1712860199999,36558067.42092060,28712,265.20173000,18633199.97516560,0
1712860200000,70122.70000000,70251.47000000,69951.18000000,70099.75000000,377.49323000,1712861999999,26458069.44053570,23640,204.49514000,14333860.95539750,0
1712862000000,70099.75000000,70330.91000000,70008.00000000,70313.80000000,426.67907000,1712863799999,29935569.79862310,31858,196.49174000,13784270.34697580,0
1712863800000,70313.79000000,70529.73000000,70241.77000000,70459.67000000,700.99040000,1712865599999,49326592.09385820,35599,323.93436000,22794024.31898550,0
1712865600000,70459.67000000,70746.09000000,70383.80000000,70678.51000000,791.95668000,1712867399999,55913350.14320130,51219,387.84248000,27380798.49088220,0
1712867400000,70678.52000000,70700.00000000,70450.70000000,70499.62000000,410.82432000,1712869199999,28991467.52134640,24709,158.85491000,11208496.22829600,0
1712869200000,70499.63000000,70504.99000000,70183.59000000,70203.98000000,373.17246000,1712870999999,26252053.85226030,20513,151.36545000,10644853.75735850,0
1712871000000,70203.98000000,70320.00000000,70000.00000000,70115.41000000,441.39242000,1712872799999,30961757.48011180,20411,146.17881000,10257002.84201460,0
1712872800000,70115.41000000,70259.46000000,70033.52000000,70250.00000000,232.94698000,1712874599999,16338754.01408410,13761,115.44338000,8097344.72906250,0
1712874600000,70250.00000000,70259.46000000,70040.60000000,70151.26000000,282.96621000,1712876399999,19857552.79761600,14396,108.01739000,7579153.12496650,0
1712876400000,70151.26000000,70196.00000000,69804.87000000,69961.99000000,314.68127000,1712878199999,22027494.06191370,18391,138.37563000,9686402.69343150,0
1712878200000,69962.00000000,70135.55000000,69952.01000000,70006.23000000,205.41436000,1712879999999,14386860.85154940,13079,96.59709000,6764929.67629650,0
1712880000000,70006.22000000,70336.38000000,70002.22000000,70260.01000000,544.16234000,1712881799999,38213892.08022320,23100,218.67624000,15355813.43115610,0
1712881800000,70260.01000000,70332.00000000,70230.00000000,70301.63000000,221.93693000,1712883599999,15599162.87377640,13855,120.63728000,8478820.17558540,0
1712883600000,70301.63000000,70367.29000000,70158.19000000,70179.13000000,218.90590000,1712885399999,15373927.95420490,13168,102.89376000,7226329.92517330,0
1712885400000,70179.12000000,70324.90000000,70113.60000000,70280.01000000,201.96346000,1712887199999,14188645.86809820,11669,90.18224000,6335307.93980800,0
1712887200000,70280.01000000,70762.48000000,70208.73000000,70714.13000000,484.01789000,1712888999999,34135494.62050270,26372,286.05223000,20173006.26088340,0
1712889000000,70714.14000000,70775.00000000,70634.10000000,70635.93000000,370.83067000,1712890799999,26218333.38082740,22206,159.62939000,11286127.47556010,0
1712890800000,70635.92000000,70945.00000000,70635.92000000,70914.00000000,1883.08675000,1712892599999,133258454.69954860,63364,1207.13440000,85420968.05651890,0
1712892600000,70914.01000000,70996.91000000,70786.39000000,70977.27000000,620.26999000,1712894399999,43977770.36768010,21239,257.45906000,18254538.39911320,0
1712894400000,70977.27000000,70998.00000000,70827.20000000,70837.44000000,325.72034000,1712896199999,23095277.65902430,17593,128.03892000,9078420.88620600,0
1712896200000,70837.44000000,71227.46000000,70812.56000000,71115.99000000,655.99803000,1712897999999,46637036.74715400,28151,373.26735000,26532988.50072880,0
1712898000000,71116.00000000,71175.99000000,70924.51000000,71039.81000000,389.58397000,1712899799999,27675951.44163790,18731,150.97394000,10725755.21987050,0
1712899800000,71039.81000000,71056.37000000,70887.72000000,70956.32000000,324.20099000,1712901599999,23008007.35476070,24307,136.95453000,9719706.38938520,0
1712901600000,70956.32000000,71012.00000000,70713.70000000,70809.33000000,326.35383000,1712903399999,23132615.71800130,20438,119.32145000,8456745.18011950,0
1712903400000,70809.33000000,70913.55000000,70730.00000000,70871.05000000,317.26780000,1712905199999,22473736.11537700,16556,149.21547000,10570891.47427000,0
1712905200000,70871.04000000,70967.92000000,70732.89000000,70833.22000000,376.02904000,1712906999999,26637038.70323850,19475,154.85106000,10968724.62926620,0
1712907000000,70833.22000000,70865.93000000,70566.02000000,70764.01000000,972.34978000,1712908799999,68721110.92868090,41698,417.49404000,29504037.88101160,0
1712908800000,70764.00000000,70893.58000000,70724.13000000,70784.01000000,464.76586000,1712910599999,32910549.09660600,25758,199.07836000,14096631.75327440,0
1712910600000,70784.02000000,70788.00000000,70582.52000000,70759.99000000,540.02682000,1712912399999,38191989.11691820,25700,208.89171000,14772185.23924880,0
1712912400000,70759.99000000,70863.51000000,70607.16000000,70669.85000000,607.77631000,1712914199999,42987029.28312880,28524,266.04585000,18816908.30212370,0
1712914200000,70669.85000000,70731.99000000,70509.58000000,70652.00000000,610.02096000,1712915999999,43087557.81853410,27788,254.03246000,17941866.39570890,0
1712916000000,70652.00000000,70752.43000000,70601.23000000,70730.70000000,441.39497000,1712917799999,31193505.23650790,22802,211.50203000,14947753.69789140,0
1712917800000,70730.69000000,70868.00000000,70624.01000000,70786.40000000,370.03728000,1712919599999,26187386.50510060,21364,197.56206000,13980469.46213590,0
1712919600000,70786.41000000,70924.64000000,70760.01000000,70792.01000000,412.77685000,1712921399999,29240737.89500710,27544,210.67981000,14924845.38746710,0
1712921400000,70792.01000000,70972.00000000,70792.01000000,70904.01000000,481.25557000,1712923199999,34112860.31241450,40641,199.96126000,14173218.70817380,0
1712923200000,70904.00000000,70975.54000000,70733.57000000,70852.71000000,568.60309000,1712924999999,40279395.82363310,40072,234.95166000,16645002.76861720,0
1712925000000,70852.71000000,70852.72000000,70323.96000000,70534.24000000,1071.82513000,1712926799999,75578618.71583160,56038,446.95032000,31505660.12900220,0
1712926800000,70534.23000000,70534.24000000,70011.12000000,70147.98000000,1253.80806000,1712928599999,88020836.15920120,71464,524.66631000,36835813.73098000,0
1712928600000,70147.99000000,70282.95000000,69631.06000000,69888.00000000,1678.05301000,1712930399999,117264976.97971300,136896,764.24591000,53403975.15841980,0
1712930400000,69888.00000000,70090.55000000,69614.94000000,69737.71000000,1162.25140000,1712932199999,81158374.50061000,57090,526.43489000,36758604.66818170,0
1712932200000,69737.70000000,69932.00000000,69236.95000000,69270.01000000,2502.30196000,1712933999999,173817240.94698140,69740,1021.63383000,70964246.44263460,0
1712934000000,69270.02000000,69718.35000000,69248.33000000,69703.95000000,1672.03719000,1712935799999,116043573.58851650,58647,765.74752000,53150606.32533090,0
1712935800000,69703.95000000,69716.00000000,69319.06000000,69347.30000000,759.80188000,1712937599999,52804825.84663960,29879,285.48287000,19841620.20958340,0
1712937600000,69347.30000000,69580.00000000,68679.61000000,68970.66000000,2477.97998000,1712939399999,171113552.12849420,94424,1224.49654000,84545310.32324630,0
1712939400000,68970.67000000,69051.21000000,68685.00000000,68840.54000000,1499.95426000,1712941199999,103280532.54121620,61828,765.91888000,52740831.14742270,0
1712941200000,68840.54000000,68960.00000000,67444.00000000,67872.00000000,3438.46884000,1712942999999,234296964.10982350,136818,1364.07549000,92937245.96563510,0
1712943000000,67872.00000000,68500.00000000,67545.94000000,68140.02000000,3072.90986000,1712944799999,208957057.26206150,139069,1572.89389000,106955638.71284870,0
1712944800000,68140.01000000,68383.63000000,67500.00000000,67624.44000000,1890.98698000,1712946599999,128529123.12615260,87794,877.20025000,59640723.11528490,0
1712946600000,67624.44000000,67889.90000000,65086.86000000,66492.00000000,9054.84762000,1712948399999,601422228.09376390,348537,3853.22217000,255911704.02157470,0
1712948400000,66492.00000000,66973.63000000,66329.19000000,66808.02000000,2317.06942000,1712950199999,154534593.54157260,99015,1169.30249000,77973596.43263860,0
1712950200000,66808.01000000,67335.22000000,66756.00000000,66843.98000000,2454.35235000,1712951999999,164432609.56535190,89318,1311.95013000,87905039.84999680,0
1712952000000,66843.98000000,67440.00000000,66700.00000000,67356.01000000,1639.19364000,1712953799999,110081473.05356400,67131,826.61518000,55499199.84482000,0
1712953800000,67356.01000000,67429.04000000,66913.10000000,67120.00000000,1134.35611000,1712955599999,76218312.00303060,44527,518.82469000,34865807.51554650,0
1712955600000,67119.99000000,67128.64000000,66731.76000000,66895.26000000,1006.14844000,1712957399999,67284865.96040540,39179,418.16779000,27963389.85302080,0
1712957400000,66895.26000000,66979.40000000,66680.84000000,66960.01000000,625.92085000,1712959199999,41820528.72063380,29817,302.93597000,20239734.69512700,0
1712959200000,66960.00000000,67270.53000000,66828.01000000,67077.20000000,770.39347000,1712960999999,51668094.40390000,38017,411.56363000,27600234.40973530,0
1712961000000,67077.20000000,67129.04000000,66923.07000000,67053.33000000,531.34249000,1712962799999,35607579.53118460,26625,231.96231000,15545350.94028930,0
1712962800000,67053.33000000,67057.00000000,66812.00000000,66974.23000000,648.14052000,1712964599999,43357122.02607800,37771,346.63903000,23188252.84930800,0
1712964600000,66974.22000000,67230.19000000,66931.99000000,67116.52000000,681.38341000,1712966399999,45721034.91596220,34878,349.44799000,23448841.29052950,0
1712966400000,67116.52000000,67142.86000000,66900.00000000,67033.32000000,706.37836000,1712968199999,47331993.68598040,38929,265.83833000,17810754.96553480,0
1712968200000,67033.33000000,67090.90000000,66737.64000000,66913.27000000,606.99284000,1712969999999,40589004.17466920,40035,290.28289000,19408976.72771950,0
1712970000000,66913.27000000,66928.00000000,66401.81000000,66561.13000000,1171.69704000,1712971799999,78078979.19975030,60313,458.10355000,30519300.06608680,0
1712971800000,66561.13000000,66561.13000000,65731.27000000,65886.63000000,1933.70897000,1712973599999,127795768.24511990,92463,851.75220000,56291020.50059480,0
1712973600000,65886.64000000,66541.32000000,65871.49000000,66526.67000000,1110.52615000,1712975399999,73614475.08142880,74767,618.34794000,40988377.70356940,0
1712975400000,66526.67000000,66593.41000000,66308.00000000,66535.99000000,745.29118000,1712977199999,49536795.48981820,50576,335.35216000,22287090.76430230,0
1712977200000,66536.00000000,66777.77000000,66483.87000000,66777.77000000,709.68693000,1712978999999,47285851.10298470,61448,365.33636000,24343051.78473140,0
1712979000000,66777.76000000,67168.00000000,66734.63000000,67160.55000000,762.77409000,1712980799999,51078931.42276810,44779,356.06585000,23841124.84678710,0
1712980800000,67160.55000000,67383.60000000,67012.67000000,67383.60000000,822.50586000,1712982599999,55277667.36879340,47798,364.19159000,24476981.12505550,0
1712982600000,67383.59000000,67929.00000000,67295.60000000,67587.62000000,1351.46045000,1712984399999,91409388.26329350,77910,607.73826000,41098985.64311920,0
1712984400000,67587.63000000,67907.84000000,67578.01000000,67669.45000000,1078.96495000,1712986199999,73131289.11438580,46007,416.68932000,28241036.92554080,0
1712986200000,67669.44000000,67669.45000000,67300.30000000,67345.48000000,793.78902000,1712987999999,53558006.68640520,55409,339.27925000,22890255.77391180,0
1712988000000,67345.48000000,67511.00000000,67258.63000000,67381.36000000,463.09376000,1712989799999,31203332.81936380,36049,196.12759000,13214342.75277410,0
1712989800000,67381.35000000,67492.32000000,67285.71000000,67476.02000000,378.33275000,1712991599999,25491669.25917800,20245,175.77162000,11844251.73575220,0
1712991600000,67476.01000000,67563.66000000,67120.87000000,67351.65000000,581.23030000,1712993399999,39135361.05771850,35204,244.72151000,16474538.11580490,0
1712993400000,67351.64000000,67513.31000000,67269.57000000,67446.52000000,406.96591000,1712995199999,27436502.04540450,31676,208.67975000,14069768.93224930,0
1712995200000,67446.53000000,67455.00000000,67153.84000000,67389.48000000,453.14505000,1712996999999,30496191.61811330,27952,168.89577000,11366467.29194900,0
1712997000000,67389.49000000,67400.00000000,67090.83000000,67176.00000000,495.26529000,1712998799999,33294103.07849540,27600,206.17081000,13858605.47246740,0
1712998800000,67175.99000000,67285.72000000,67136.14000000,67201.03000000,467.40876000,1713000599999,31416028.50326080,25988,195.74038000,13155761.64872920,0
1713000600000,67201.02000000,67475.00000000,67180.02000000,67393.85000000,372.26089000,1713002399999,25069316.59040990,24182,179.11665000,12062418.28814980,0
1713002400000,67393.84000000,67458.66000000,67311.77000000,67327.67000000,312.03262000,1713004199999,21029394.31290770,25799,136.99244000,9232704.95478500,0
1713004200000,67327.68000000,67480.20000000,67327.67000000,67428.25000000,302.50196000,1713005999999,20394956.83741920,20330,152.83018000,10303459.55900180,0
1713006000000,67428.25000000,67825.91000000,67425.19000000,67445.99000000,658.41888000,1713007799999,44522492.49627590,41818,340.05765000,22996530.30744880,0
1713007800000,67445.98000000,67580.00000000,67302.93000000,67360.00000000,315.11752000,1713009599999,21251255.15104880,24843,119.03604000,8028394.24848810,0
1713009600000,67360.01000000,67443.18000000,67169.97000000,67272.01000000,430.38222000,1713011399999,28958208.39448710,34664,166.53757000,11205562.83980650,0
1713011400000,67272.01000000,67679.99000000,67272.00000000,67514.69000000,453.44616000,1713013199999,30611107.75284300,47260,222.59969000,15024352.56275530,0
1713013200000,67514.70000000,67774.20000000,67512.00000000,67692.00000000,469.97657000,1713014999999,31802705.66257750,32419,235.59813000,15941611.23039580,0
1713015000000,67692.00000000,67708.47000000,67450.54000000,67552.03000000,328.85564000,1713016799999,22217705.66142180,26866,131.99076000,8915524.17729350,0
1713016800000,67552.02000000,67720.00000000,67493.08000000,67692.99000000,287.89639000,1713018599999,19471066.58975480,21689,122.43914000,8280426.37176610,0
1713018600000,67692.99000000,67706.15000000,67369.67000000,67559.56000000,460.05168000,1713020399999,31058270.11033990,32582,172.94748000,11673338.84662780,0
1713020400000,67559.57000000,67926.00000000,67437.80000000,67884.00000000,490.17390000,1713022199999,33152361.87143900,32118,265.22342000,17941593.81706970,0
1713022200000,67884.31000000,67895.91000000,67639.72000000,67676.00000000,533.38410000,1713023999999,36151867.14624320,39010,236.39488000,16024871.50989800,0
1713024000000,67675.99000000,67752.85000000,67224.00000000,67410.03000000,810.26298000,1713025799999,54684001.76556590,51374,337.22523000,22757081.48845410,0
1713025800000,67410.03000000,67580.00000000,67333.33000000,67432.37000000,437.13552000,1713027599999,29492650.24882240,35625,191.41461000,12915033.10675180,0
1713027600000,67432.38000000,67437.56000000,66600.00000000,66788.71000000,1735.38967000,1713029399999,116231369.81120110,99459,668.70878000,44794486.17453820,0
1713029400000,66788.70000000,67066.67000000,66500.00000000,66730.87000000,1226.77626000,1713031199999,81973165.22684040,81514,574.47400000,38387792.76002280,0
1713031200000,66730.86000000,66980.00000000,66444.00000000,66875.29000000,1403.81057000,1713032999999,93590961.66336600,72307,805.14185000,53670366.80874920,0
1713033000000,66875.28000000,67243.47000000,66736.66000000,67156.27000000,754.50723000,1713034799999,50548760.18485150,44103,427.45665000,28639909.39994490,0
1713034800000,67156.27000000,67219.79000000,66903.22000000,67048.81000000,374.33761000,1713036599999,25109903.48908310,27892,196.09262000,13154844.59564820,0
1713036600000,67048.82000000,67241.55000000,63750.01000000,64788.01000000,5434.75140000,1713038399999,354122763.92792870,212563,2001.10902000,130339467.13634990,0
1713038400000,64788.01000000,64853.90000000,60660.57000000,62097.45000000,13354.58777000,1713040199999,833354023.86626710,503577,6066.46180000,378696699.29257180,0
1713040200000,62096.23000000,62828.21000000,61333.33000000,61816.02000000,6910.38530000,1713041999999,429459102.47723640,232652,3347.46355000,208036412.48311820,0
1713042000000,61816.01000000,62666.67000000,61693.00000000,61794.11000000,4300.92710000,1713043799999,267233025.85565360,155407,2137.43258000,132844869.10348310,0
1713043800000,61794.11000000,62959.48000000,61750.00000000,62928.01000000,2372.77212000,1713045599999,147962813.73948580,84864,1388.22881000,86582627.00124530,0
1713045600000,62928.00000000,62928.01000000,62118.56000000,62791.06000000,2117.66300000,1713047399999,132478519.44943740,75967,1052.09875000,65808536.05892060,0
1713047400000,62791.06000000,64615.38000000,62772.00000000,64293.46000000,3923.58971000,1713049199999,250951663.15232090,153265,2004.38734000,128169136.52807220,0
1713049200000,64293.47000000,65608.09000000,64158.19000000,64408.01000000,3806.87353000,1713050999999,247243240.12771090,140002,1879.60270000,122080852.09011800,0
1713051000000,64408.00000000,64695.62000000,63651.15000000,63924.51000000,1977.73423000,1713052799999,127180616.02917400,72041,997.52205000,64156554.16276390,0
1713052800000,63924.52000000,64303.87000000,62888.00000000,63556.99000000,3086.11005000,1713054599999,196662019.06165690,100210,1537.30504000,97943084.81709290,0
1713054600000,63557.00000000,64271.61000000,63486.76000000,63672.18000000,1900.65872000,1713056399999,121323336.49184570,68778,1022.89158000,65293367.79020710,0
1713056400000,63672.19000000,63906.49000000,63248.70000000,63782.31000000,1633.49169000,1713058199999,103865545.11988680,58806,843.57815000,53651432.93885680,0
1713058200000,63782.31000000,64085.70000000,63651.84000000,63743.11000000,1077.97612000,1713059999999,68836332.82424150,47903,519.10845000,33150444.84251910,0
1713060000000,63743.10000000,63953.75000000,63317.00000000,63507.38000000,973.54294000,1713061799999,61915599.78806110,47465,435.46689000,27691805.07586950,0
1713061800000,63507.37000000,63531.10000000,63016.23000000,63084.18000000,1476.94816000,1713063599999,93315473.81036500,54119,591.81715000,37391122.13195930,0
1713063600000,63084.18000000,63150.00000000,62134.00000000,62735.62000000,2547.33893000,1713065399999,159332256.02795970,98326,1178.78193000,73715458.20256100,0
1713065400000,62735.61000000,63576.36000000,62700.00000000,63437.55000000,1739.81586000,1713067199999,109975403.57129690,77328,860.15865000,54368027.08612320,0
1713067200000,63437.55000000,64176.46000000,63394.00000000,64148.30000000,1760.07585000,1713068999999,112342666.91699810,80148,938.71497000,59919619.59360750,0
1713069000000,64148.30000000,64148.30000000,63820.89000000,63956.99000000,1090.16782000,1713070799999,69729219.58071410,41436,411.63295000,26330567.79372320,0
1713070800000,63957.00000000,64415.26000000,63921.00000000,64268.10000000,1198.61049000,1713072599999,76938038.91352240,45238,587.97706000,37744042.74781520,0
1713072600000,64268.09000000,64466.00000000,64151.52000000,64383.99000000,1111.37115000,1713074399999,71522560.99594750,42444,452.39420000,29114962.27315160,0
1713074400000,64384.00000000,64668.14000000,64107.09000000,64656.10000000,1071.47333000,1713076199999,68897175.36722280,57251,534.40830000,34373560.31578190,0
1713076200000,64656.10000000,64872.96000000,64505.16000000,64649.96000000,1384.54544000,1713077999999,89597585.22874050,50477,587.00811000,37985491.71226790,0
1713078000000,64649.97000000,64837.07000000,64511.00000000,64580.01000000,931.95330000,1713079799999,60295315.60174260,41362,415.05367000,26852364.66544500,0
1713079800000,64580.00000000,64738.48000000,64243.65000000,64464.30000000,1119.17503000,1713081599999,72181011.27215480,40417,471.85923000,30433894.97789080,0
1713081600000,64464.30000000,64850.00000000,64372.04000000,64847.32000000,909.20628000,1713083399999,58732654.03110790,37424,375.81210000,24280318.84172720,0
1713083400000,64847.33000000,64887.99000000,64417.00000000,64530.67000000,927.27688000,1713085199999,59933926.76209210,38685,307.05819000,19846157.88715940,0
1713085200000,64530.67000000,64721.65000000,64195.88000000,64340.76000000,1001.39149000,1713086999999,64543074.05746870,42307,407.34691000,26245978.41156380,0
1713087000000,64340.76000000,64454.55000000,63908.31000000,64134.19000000,1178.36586000,1713088799999,75572468.59620260,55253,517.58101000,33194779.61793800,0
1713088800000,64134.18000000,64345.94000000,64134.18000000,64292.30000000,749.76252000,1713090599999,48169594.79181850,34944,377.20368000,24231754.70191160,0
1713090600000,64292.29000000,64659.80000000,64292.29000000,64457.23000000,658.51021000,1713092399999,42478788.24324490,32179,339.37053000,21890049.01738480,0
1713092400000,64457.23000000,64591.44000000,63942.29000000,64110.13000000,962.75267000,1713094199999,61780899.61817090,45597,399.55513000,25646161.40739740,0
1713094200000,64110.13000000,64200.00000000,63855.45000000,64166.05000000,955.65723000,1713095999999,61184295.42068430,40037,420.50627000,26922975.63746420,0
1713096000000,64166.05000000,64471.30000000,64069.79000000,64230.82000000,1037.86530000,1713097799999,66735872.37271330,46788,456.26320000,29339570.57271050,0
1713097800000,64230.82000000,64848.49000000,64221.36000000,64525.25000000,889.92213000,1713099599999,57437553.01363730,44087,442.95014000,28589943.14539600,0
1713099600000,64525.25000000,64845.37000000,64348.30000000,64597.90000000,919.57732000,1713101399999,59422287.24991450,49042,477.42810000,30852475.58622540,0
1713101400000,64597.90000000,64642.36000000,64346.00000000,64373.42000000,771.12371000,1713103199999,49698431.33831920,36441,332.47258000,21430764.80841440,0
1713103200000,64373.43000000,64400.00000000,63797.30000000,63999.99000000,2327.60621000,1713104999999,148982720.95174240,73333,1098.99164000,70331616.07138840,0
1713105000000,63999.99000000,64180.00000000,63437.55000000,63918.01000000,3039.09244000,1713106799999,193753479.58184820,105723,1599.58357000,101965189.72870150,0
1713106800000,63918.02000000,64450.00000000,63900.00000000,64327.39000000,908.23417000,1713108599999,58222800.31093980,47556,526.62364000,33760555.10614590,0
1713108600000,64327.40000000,64475.37000000,64006.90000000,64180.97000000,685.23073000,1713110399999,43971836.45163580,44151,336.59762000,21601364.61129000,0
1713110400000,64180.98000000,64697.00000000,64126.03000000,64628.73000000,828.99509000,1713112199999,53397640.27658110,45897,429.75622000,27684624.35852430,0
1713112200000,64628.73000000,64747.25000000,64319.58000000,64412.37000000,629.38113000,1713113999999,40588367.51824510,36148,306.09375000,19738849.18402060,0
1713114000000,64412.38000000,64580.01000000,62573.66000000,63113.42000000,3135.07690000,1713115799999,198665144.27461670,144592,1340.62039000,84940924.80605180,0
1713115800000,63113.42000000,64212.13000000,63077.00000000,63868.58000000,2671.48897000,1713117599999,170477600.50549280,112643,1383.67272000,88295252.59557980,0
1713117600000,63868.57000000,64443.30000000,63757.00000000,64333.38000000,1245.99965000,1713119399999,79942006.21389390,65291,675.25242000,43320490.98917290,0
1713119400000,64333.37000000,64695.40000000,64312.98000000,64397.67000000,754.50445000,1713121199999,48666545.89685040,37700,385.99250000,24899478.01379530,0
1713121200000,64397.67000000,64474.23000000,63940.30000000,64004.56000000,639.77365000,1713122999999,41029075.87222740,34361,284.13350000,18218844.01445710,0
1713123000000,64004.57000000,64369.30000000,63957.31000000,64168.62000000,534.04317000,1713124799999,34280996.30048840,25927,297.07948000,19070123.49586010,0
1713124800000,64168.62000000,64350.00000000,63943.79000000,64120.42000000,638.76408000,1713126599999,40963970.09049260,33367,330.80351000,21216169.57450650,0
1713126600000,64120.43000000,64257.00000000,63699.20000000,63842.36000000,675.70839000,1713128399999,43203639.88475700,33661,325.29403000,20801354.39873570,0
1713128400000,63842.35000000,63848.49000000,63326.42000000,63630.44000000,882.79575000,1713130199999,56148274.20866010,48160,439.31214000,27942104.84390120,0
1713130200000,63630.45000000,63780.25000000,63422.95000000,63682.15000000,360.55255000,1713131999999,22927004.41506240,26112,208.03059000,13230390.44598720,0
1713132000000,63682.15000000,65399.87000000,63641.79000000,65306.70000000,2780.07017000,1713133799999,180191416.53034260,126811,1616.60729000,104761634.55855820,0
1713133800000,65306.69000000,65463.56000000,64899.11000000,65330.30000000,1413.31224000,1713135599999,92141340.57710660,59032,698.33923000,45530738.54875040,0
1713135600000,65330.29000000,65840.00000000,65057.01000000,65532.02000000,1303.04907000,1713137399999,85256483.89235680,56791,691.18784000,45219070.86900490,0
1713137400000,65532.01000000,65772.69000000,65381.10000000,65661.84000000,1080.83289000,1713139199999,70895104.87596470,46205,516.62009000,33888059.69471210,0
1713139200000,65661.85000000,65867.45000000,65380.05000000,65489.37000000,1203.40864000,1713140999999,78907800.81331960,57153,524.92691000,34418921.01931440,0
1713141000000,65489.36000000,65743.03000000,65283.11000000,65485.23000000,1234.88878000,1713142799999,80927694.01941890,56667,593.45934000,38906905.06159550,0
1713142800000,65485.22000000,65573.18000000,65291.20000000,65572.97000000,758.15320000,1713144599999,49608918.78472030,36423,396.78497000,25964823.13933350,0
1713144600000,65572.97000000,65706.53000000,65042.98000000,65275.62000000,740.69785000,1713146399999,48408380.43137000,38761,335.74032000,21944491.12125390,0
1713146400000,65275.63000000,65361.47000000,65095.73000000,65214.60000000,862.51136000,1713148199999,56273812.07340650,36244,401.17580000,26171314.10668100,0
1713148200000,65214.60000000,65272.40000000,64937.01000000,65129.74000000,553.26930000,1713149999999,36011072.32788690,30889,267.79094000,17429533.29736540,0
1713150000000,65129.73000000,65307.90000000,65030.88000000,65226.07000000,433.31647000,1713151799999,28254187.78595770,26392,210.10141000,13699948.72328610,0
1713151800000,65226.06000000,65323.77000000,65106.38000000,65138.19000000,434.89097000,1713153599999,28361602.71849050,25353,188.44556000,12289849.72130850,0
1713153600000,65138.20000000,65170.22000000,64683.01000000,64943.00000000,666.34071000,1713155399999,43223106.61939860,42075,270.53004000,17545684.96658470,0
1713155400000,64942.99000000,64988.81000000,64787.23000000,64906.14000000,577.35780000,1713157199999,37457457.51523800,28664,285.79447000,18540215.93612210,0
1713157200000,64906.13000000,65195.15000000,64903.60000000,65111.73000000,467.48683000,1713158999999,30397267.90033270,30620,249.91332000,16250365.19619400,0
1713159000000,65111.73000000,65512.20000000,65085.07000000,65466.74000000,755.79310000,1713160799999,49366738.71163110,35372,467.24714000,30521869.72952470,0
1713160800000,65466.73000000,66382.98000000,65355.45000000,66339.51000000,1615.24646000,1713162599999,106365439.22609650,73582,923.67691000,60844967.93469190,0
1713162600000,66339.51000000,66558.78000000,66080.09000000,66463.63000000,2378.38238000,1713164399999,157700136.99420050,93546,1120.55316000,74309421.02661150,0
1713164400000,66463.63000000,66582.84000000,66213.41000000,66464.41000000,1284.44142000,1713166199999,85292715.97307990,66535,622.81823000,41359239.64434610,0
1713166200000,66464.42000000,66510.01000000,66151.41000000,66263.84000000,1144.65756000,1713167999999,75942519.33495750,58580,461.87780000,30643999.57195370,0
1713168000000,66263.84000000,66450.53000000,66064.48000000,66185.70000000,876.98862000,1713169799999,58082519.34619150,42665,355.99234000,23572173.83863880,0
1713169800000,66185.70000000,66457.88000000,66167.64000000,66287.21000000,747.74749000,1713171599999,49584574.35274170,39371,363.30715000,24091709.80103470,0
1713171600000,66287.22000000,66867.07000000,66119.12000000,66644.51000000,949.10960000,1713173399999,63121709.00115000,44347,522.19327000,34741797.20312390,0
1713173400000,66644.50000000,66785.83000000,66512.00000000,66578.39000000,1168.62023000,1713175199999,77923670.75851060,40867,527.40125000,35167573.18706880,0
1713175200000,66578.39000000,66646.18000000,66378.03000000,66477.00000000,775.95748000,1713176999999,51610630.21910200,30443,284.17813000,18901791.43964520,0
1713177000000,66477.00000000,66578.49000000,66400.55000000,66465.56000000,401.68110000,1713178799999,26707645.93516230,22191,201.29757000,13383821.83820230,0
1713178800000,66465.57000000,66720.64000000,66100.15000000,66196.65000000,917.50776000,1713180599999,60865506.54124240,42789,379.60825000,25186914.45979270,0
1713180600000,66196.66000000,66217.00000000,65807.25000000,65860.12000000,758.03566000,1713182399999,50026879.93974990,35897,315.36406000,20811332.88062380,0
1713182400000,65860.12000000,66166.65000000,65797.73000000,66022.06000000,711.81253000,1713184199999,46984300.46460430,35143,380.99080000,25147561.85888940,0
1713184200000,66022.07000000,66243.12000000,65900.00000000,66028.17000000,586.27086000,1713185999999,38725811.63878200,36349,290.90500000,19214784.90140640,0
1713186000000,66028.17000000,66257.00000000,65904.25000000,66150.00000000,559.90556000,1713187799999,37016812.97707900,32854,308.42153000,20393735.06084480,0
1713187800000,66149.99000000,66399.00000000,65684.65000000,65865.77000000,1371.90379000,1713189599999,90635793.65125830,71212,600.58928000,39678571.24078580,0
1713189600000,65865.78000000,65977.00000000,65149.25000000,65359.21000000,1761.77265000,1713191399999,115436712.77421590,94855,727.33742000,47650179.40657830,0
1713191400000,65359.21000000,65457.00000000,64183.99000000,64235.24000000,2885.98843000,1713193199999,186742997.90837340,108729,1365.88803000,88368116.13364060,0
1713193200000,64235.25000000,64792.88000000,63810.00000000,64656.65000000,2315.13585000,1713194999999,148991617.96905630,127527,1215.73812000,78233802.53410920,0
1713195000000,64656.66000000,64705.58000000,64300.00000000,64568.81000000,1704.98936000,1713196799999,109984184.06140870,70048,787.37359000,50792356.25361480,0
1713196800000,64568.80000000,64868.28000000,64049.56000000,64114.74000000,1339.87482000,1713198599999,86305773.29542240,66940,709.36732000,45689357.85586820,0
1713198600000,64114.73000000,64351.83000000,63892.88000000,64148.61000000,1518.63046000,1713200399999,97352383.06361590,69660,831.88173000,53328422.82785270,0
1713200400000,64148.61000000,64745.20000000,63618.77000000,63797.68000000,1642.55869000,1713202199999,105430220.48168050,82129,880.40430000,56518718.64557040,0
1713202200000,63797.69000000,64170.74000000,63310.99000000,63908.48000000,1821.66375000,1713203999999,116123727.28232680,91127,914.88087000,58330118.47124780,0
1713204000000,63908.48000000,64060.34000000,63111.00000000,63476.99000000,1480.96536000,1713205799999,94106350.09743480,73651,699.48192000,44454360.48050040,0
1713205800000,63476.99000000,63875.00000000,63129.00000000,63170.87000000,1481.27708000,1713207599999,94117110.00857350,64779,728.99785000,46314295.00862720,0
1713207600000,63170.86000000,63307.69000000,62274.40000000,63123.71000000,2502.48684000,1713209399999,157232680.81317920,108467,1125.69768000,70722654.56122900,0
1713209400000,63123.70000000,63632.50000000,63040.57000000,63301.11000000,1411.80626000,1713211199999,89496565.56209020,54866,689.52193000,43711013.01000110,0
1713211200000,63301.11000000,63633.02000000,62942.82000000,63270.31000000,1005.84157000,1713212999999,63706150.11105030,46597,501.85370000,31791975.82578740,0
1713213000000,63270.31000000,63397.27000000,62982.32000000,63112.96000000,578.53611000,1713214799999,36555516.91387740,36557,242.92608000,15350301.53086930,0
1713214800000,63112.96000000,63474.55000000,62666.00000000,63028.63000000,848.60543000,1713216599999,53528633.32183950,49744,362.44458000,22874882.76749780,0
1713216600000,63028.63000000,63363.37000000,62632.00000000,63262.94000000,681.06273000,1713218399999,42868726.13650510,39123,305.12606000,19218068.15284830,0
1713218400000,63262.94000000,63285.90000000,62700.00000000,63048.00000000,811.27614000,1713220199999,51094648.08947300,44941,409.67079000,25799318.94426420,0
1713220200000,63048.00000000,63527.31000000,63032.01000000,63459.98000000,694.29346000,1713221999999,43954330.03615810,37795,402.92402000,25506396.68725250,0
1713222000000,63459.98000000,63558.00000000,63179.21000000,63288.84000000,551.75751000,1713223799999,34984024.18693290,35287,266.47880000,16897500.93117830,0
1713223800000,63288.85000000,63525.34000000,63210.62000000,63419.99000000,414.62468000,1713225599999,26275173.39293050,25242,187.60034000,11887819.00505160,0
1713225600000,63419.99000000,63719.98000000,63228.01000000,63268.00000000,838.49289000,1713227399999,53194016.10067050,48020,409.42741000,25981851.62052800,0
1713227400000,63268.00000000,63388.00000000,62933.33000000,63254.74000000,640.85970000,1713229199999,40478960.64894790,39366,275.13130000,17380789.68470710,0
1713229200000,63254.74000000,63718.16000000,63089.00000000,63624.00000000,688.77911000,1713230999999,43715697.86127090,38061,363.95805000,23100837.52526910,0
1713231000000,63624.01000000,63899.69000000,63116.73000000,63147.50000000,767.37967000,1713232799999,48713140.67844670,46730,346.58034000,22007962.47483750,0
1713232800000,63147.50000000,63174.38000000,62750.00000000,62795.53000000,997.74844000,1713234599999,62862507.47623830,49513,462.63670000,29153748.10336190,0
1713234600000,62795.53000000,63500.00000000,62795.52000000,63401.55000000,644.01230000,1713236399999,40688023.55987440,37574,355.10466000,22433523.47506440,0
1713236400000,63401.56000000,63554.99000000,63100.00000000,63140.00000000,750.57436000,1713238199999,47548022.80881660,41976,312.00418000,19769116.64739710,0
1713238200000,63139.99000000,63170.00000000,62799.32000000,62956.00000000,1452.21181000,1713239999999,91420065.06708840,59038,755.68346000,47557883.75471050,0
1713240000000,62956.00000000,63029.13000000,62271.00000000,62431.66000000,2826.67427000,1713241799999,177030690.45184270,94072,1455.94876000,91212634.95004850,0
1713241800000,62431.66000000,62643.47000000,61680.00000000,62487.00000000,2408.04099000,1713243599999,149725210.28860410,100049,1025.84572000,63812453.96238190,0
1713243600000,62487.00000000,62739.34000000,62366.44000000,62698.72000000,1188.34421000,1713245399999,74332685.47055370,48331,583.17808000,36488129.57232990,0
1713245400000,62698.71000000,62888.00000000,62582.55000000,62700.41000000,863.00876000,1713247199999,54121877.41902160,36408,465.39959000,29189659.57585640,0
1713247200000,62700.41000000,63075.64000000,62636.73000000,62941.74000000,818.23417000,1713248999999,51463836.32471940,34794,477.81826000,30054879.27402310,0
1713249000000,62941.74000000,63254.88000000,62863.62000000,63195.12000000,619.29552000,1713250799999,39057519.41344140,30827,339.81161000,21432390.21901810,0
1713250800000,63195.13000000,63422.04000000,63104.40000000,63288.76000000,679.00767000,1713252599999,42956802.91215660,31122,343.95774000,21762997.84219920,0
1713252600000,63288.75000000,63800.00000000,63204.49000000,63516.19000000,1491.10620000,1713254399999,94698959.86231470,59028,842.73502000,53519502.98355850,0
1713254400000,63516.18000000,63660.00000000,63199.05000000,63241.99000000,878.79845000,1713256199999,55698907.54656560,41650,373.63353000,23684515.37344540,0
1713256200000,63241.99000000,63415.00000000,63077.02000000,63288.48000000,560.61871000,1713257999999,35477586.45361700,36775,286.88129000,18156118.06037940,0
1713258000000,63288.48000000,63578.34000000,63241.01000000,63493.21000000,544.16532000,1713259799999,34491417.79092260,40496,306.29650000,19416070.32328850,0
1713259800000,63493.21000000,63547.26000000,63198.67000000,63242.19000000,531.55382000,1713261599999,33668976.69646730,33012,254.04607000,16090782.05131490,0
1713261600000,63242.18000000,63340.66000000,61750.00000000,61899.99000000,2391.39476000,1713263399999,149447380.07509560,135455,1003.96085000,62754145.40188130,0
1713263400000,61899.99000000,62641.50000000,61600.00000000,62559.23000000,2545.17157000,1713265199999,158181877.55387590,105596,1179.96273000,73360340.84088410,0
1713265200000,62559.22000000,62843.96000000,62451.55000000,62592.96000000,941.76014000,1713266999999,59015759.36473480,49976,456.88005000,28633999.32445010,0
1713267000000,62592.96000000,63269.95000000,62366.44000000,63094.77000000,1167.25630000,1713268799999,73297282.23644030,52604,637.78563000,40056273.03848180,0
1713268800000,63094.76000000,63236.52000000,62811.87000000,63174.38000000,758.19448000,1713270599999,47742859.30873140,43508,357.05939000,22485748.90703920,0
1713270600000,63174.38000000,63422.97000000,62910.33000000,63047.89000000,902.46989000,1713272399999,56984838.50355620,56801,402.68939000,25429445.88700880,0
1713272400000,63047.88000000,63342.52000000,62658.26000000,63175.78000000,1028.03964000,1713274199999,64797211.99985490,63777,494.22386000,31158840.99712860,0
1713274200000,63175.78000000,63330.22000000,62136.28000000,62692.41000000,2753.30852000,1713275999999,172295618.31464410,114187,1288.12424000,80640593.80985750,0
1713276000000,62692.41000000,63100.00000000,62397.52000000,62424.17000000,1558.67177000,1713277799999,97840363.08254120,98768,703.60141000,44177085.11988620,0
1713277800000,62424.18000000,62570.71000000,62020.01000000,62092.13000000,1478.57055000,1713279599999,92120908.96509410,96552,683.18912000,42573241.63085670,0
1713279600000,62092.12000000,62415.00000000,61888.00000000,62259.21000000,1346.51485000,1713281399999,83694590.84740970,78963,627.94452000,39038142.96860730,0
1713281400000,62259.20000000,62314.96000000,61735.42000000,61762.20000000,1549.95534000,1713283199999,96004025.45892370,82557,659.98188000,40880761.05647330,0
1713283200000,61762.19000000,62110.64000000,61694.02000000,61868.29000000,1340.06593000,1713284999999,82872557.03857080,64355,662.99167000,41003263.27643470,0
1713285000000,61868.29000000,62730.90000000,61753.33000000,62730.90000000,1675.76771000,1713286799999,104295444.14245340,64991,968.56039000,60294446.59902890,0
1713286800000,62730.89000000,63280.75000000,62515.00000000,63011.48000000,1719.29392000,1713288599999,108109529.70140960,78801,904.85002000,56897965.76968060,0
1713288600000,63011.48000000,63027.98000000,62282.01000000,62490.36000000,1530.62979000,1713290399999,95904527.26763880,86023,740.32677000,46389514.85484570,0
1713290400000,62490.37000000,63041.85000000,62427.24000000,62674.57000000,1306.58418000,1713292199999,81919445.14265950,55690,620.30428000,38888035.71275370,0
1713292200000,62674.57000000,63004.20000000,62650.94000000,63003.92000000,932.68382000,1713293999999,58609890.70646460,44298,469.77614000,29521545.05734900,0
1713294000000,63003.93000000,63094.80000000,62772.41000000,62958.05000000,651.70173000,1713295799999,41029585.68151360,34647,315.41489000,19860392.30421140,0
1713295800000,62958.05000000,62961.01000000,62648.26000000,62721.43000000,782.65071000,1713297599999,49118111.40266200,34260,378.75817000,23769358.62057500,0
1713297600000,62721.43000000,62924.42000000,62555.00000000,62924.42000000,429.27237000,1713299399999,26922278.75938040,22453,201.52119000,12640980.33804650,0
1713299400000,62924.42000000,63050.00000000,62829.11000000,63019.72000000,408.48049000,1713301199999,25695490.95883010,20201,201.52075000,12678644.26089100,0
1713301200000,63019.73000000,63780.00000000,62973.83000000,63659.15000000,1125.06804000,1713302999999,71364759.32728910,45841,685.07998000,43444781.62973180,0
1713303000000,63659.15000000,64365.00000000,63543.63000000,64007.12000000,1302.33086000,1713304799999,83346893.79847880,48262,585.34656000,37442706.51603280,0
1713304800000,64007.11000000,64080.00000000,63613.71000000,63678.82000000,634.48949000,1713306599999,40513227.03092920,28014,258.25570000,16488420.44865800,0
1713306600000,63678.83000000,63824.08000000,63656.88000000,63782.57000000,339.11934000,1713308399999,21615317.54766260,17647,166.95052000,10641161.83679510,0
1713308400000,63782.56000000,63876.64000000,63623.32000000,63833.85000000,290.56757000,1713310199999,18528678.00250560,16496,144.63195000,9222793.91115380,0
1713310200000,63833.84000000,63843.25000000,63641.89000000,63793.39000000,356.37318000,1713311999999,22724841.39598280,16789,205.49608000,13104651.71519090,0
1713312000000,63793.40000000,63865.00000000,63581.16000000,63727.33000000,945.41771000,1713313799999,60235873.21360580,29685,556.29378000,35444033.74493010,0
1713313800000,63727.33000000,64239.67000000,63673.67000000,64022.59000000,565.06373000,1713315599999,36128818.64149300,31343,299.72572000,19163266.12911660,0
1713315600000,64022.60000000,64024.10000000,63615.00000000,63949.99000000,553.07406000,1713317399999,35299828.79463010,32067,268.85300000,17158940.90721130,0
1713317400000,63949.99000000,64048.79000000,63771.90000000,64017.64000000,324.96745000,1713319199999,20766744.62853460,19816,159.75871000,10209149.59049710,0
1713319200000,64017.64000000,64295.00000000,63750.01000000,63849.16000000,673.35361000,1713320999999,43151168.99498430,31556,380.61666000,24404782.90410330,0
1713321000000,63849.15000000,63964.36000000,63694.28000000,63840.08000000,742.32923000,1713322799999,47355526.70134960,33336,331.45098000,21142273.41481720,0
1713322800000,63840.09000000,64067.41000000,63802.50000000,64016.47000000,294.55728000,1713324599999,18839935.97236970,18622,160.82890000,10287161.81045360,0
1713324600000,64016.48000000,64048.79000000,63733.92000000,63842.02000000,309.33816000,1713326399999,19766456.87278620,20975,100.67794000,6433799.51165420,0
1713326400000,63842.03000000,63896.29000000,63672.26000000,63780.92000000,307.61879000,1713328199999,19620260.60666030,17434,113.15011000,7217100.16771000,0
1713328200000,63780.92000000,64247.55000000,63780.92000000,64101.11000000,618.90092000,1713329999999,39673627.72669620,29626,341.84015000,21909587.80075790,0
1713330000000,64101.11000000,64499.00000000,64021.00000000,64197.48000000,734.14680000,1713331799999,47196665.04338510,37933,416.21149000,26762630.12953280,0
1713331800000,64197.48000000,64305.45000000,63827.72000000,63928.01000000,528.75990000,1713333599999,33849784.40537490,32237,235.49807000,15075855.54350610,0
1713333600000,63928.01000000,63960.65000000,63735.20000000,63844.61000000,696.14012000,1713335399999,44450026.95579440,41609,308.01401000,19667964.80492110,0
1713335400000,63844.61000000,64000.00000000,63830.78000000,63880.92000000,353.89458000,1713337199999,22616116.27704350,25056,233.63588000,14930634.94751050,0
1713337200000,63880.92000000,63935.56000000,63268.00000000,63606.54000000,1101.38684000,1713338999999,69925185.47267030,91410,596.06206000,37839769.12500780,0
1713339000000,63606.54000000,63635.43000000,63181.81000000,63297.84000000,430.00024000,1713340799999,27298244.05052200,26498,209.73236000,13315956.26145490,0
1713340800000,63297.85000000,63584.00000000,63289.33000000,63583.99000000,661.98164000,1713342599999,41999453.69468500,30318,378.06188000,23986146.41311170,0
1713342600000,63583.99000000,63587.88000000,63150.10000000,63325.75000000,402.72420000,1713344399999,25511705.31906490,29172,193.84995000,12278440.77977790,0
1713344400000,63325.76000000,63539.99000000,63265.07000000,63503.91000000,318.93839000,1713346199999,20234925.53466070,23157,154.45276000,9799013.01166610,0
1713346200000,63503.91000000,63534.41000000,63227.82000000,63320.16000000,530.93361000,1713347999999,33634849.86898660,26934,196.91857000,12472944.36056000,0
1713348000000,63320.16000000,63338.72000000,62752.31000000,62963.30000000,1144.97172000,1713349799999,72130984.05135110,51093,580.76988000,36584293.81363850,0
1713349800000,62963.29000000,63092.63000000,62823.97000000,62898.04000000,423.95483000,1713351599999,26677767.86834160,23639,227.58614000,14323333.99338420,0
1713351600000,62898.05000000,63163.11000000,62893.43000000,62988.50000000,342.39671000,1713353399999,21579653.53645690,27083,180.73894000,11391739.32525830,0
1713353400000,62988.49000000,63064.94000000,62541.13000000,62595.04000000,702.95620000,1713355199999,44135269.79199770,39927,281.51727000,17675911.36002630,0
1713355200000,62595.04000000,62836.12000000,62336.35000000,62428.16000000,822.52865000,1713356999999,51508611.75398850,48289,340.03126000,21298685.34129360,0
1713357000000,62428.17000000,62496.29000000,62061.44000000,62317.75000000,1133.07107000,1713358799999,70537536.79130640,54849,520.90959000,32432340.14647830,0
1713358800000,62317.76000000,62456.65000000,62128.99000000,62338.44000000,729.61170000,1713360599999,45436511.14755700,39848,364.29874000,22688408.95923410,0
1713360600000,62338.45000000,62974.88000000,62229.23000000,62635.88000000,1440.10972000,1713362399999,90306763.45531040,59863,797.23711000,49990793.75869630,0
1713362400000,62635.88000000,62657.55000000,61034.57000000,61492.65000000,3950.92124000,1713364199999,243737529.63028900,159229,1602.14429000,98785788.55040950,0
1713364200000,61492.65000000,61957.98000000,60741.00000000,61279.66000000,3412.29287000,1713365999999,209333945.79810930,148648,1517.27033000,93147417.34770930,0
1713366000000,61279.65000000,61538.35000000,60423.21000000,60423.21000000,3172.29129000,1713367799999,193262873.84965020,170340,1485.57575000,90542587.47340320,0
1713367800000,60423.22000000,60715.05000000,59888.00000000,60304.95000000,5040.73614000,1713369599999,303940852.29480560,181683,2158.99199000,130254803.80005450,0
1713369600000,60304.95000000,61100.00000000,59678.16000000,60751.83000000,3763.13349000,1713371399999,227508388.36193130,153001,1710.06645000,103447649.90981770,0
1713371400000,60751.84000000,60779.38000000,59901.11000000,60194.95000000,2012.34834000,1713373199999,121382598.04510660,99864,956.81728000,57711086.64263930,0
1713373200000,60194.96000000,60800.00000000,60119.11000000,60765.30000000,1264.21864000,1713374999999,76521754.13668830,58240,703.07254000,42557377.16124820,0
1713375000000,60765.30000000,61365.98000000,60578.11000000,61275.37000000,1257.08318000,1713376799999,76560425.06201480,57035,727.72899000,44324329.90854630,0
1713376800000,61275.36000000,61956.42000000,61159.42000000,61790.73000000,1847.35681000,1713378599999,113902628.38107650,74804,1024.09194000,63142646.03894440,0
1713378600000,61790.73000000,61852.69000000,61386.71000000,61445.57000000,1053.43012000,1713380399999,64905628.30491780,49698,466.11742000,28721138.05335990,0
1713380400000,61445.57000000,61473.94000000,60900.00000000,60997.51000000,908.25014000,1713382199999,55538745.31941890,42786,423.32816000,25888079.82523940,0
1713382200000,60997.51000000,61325.95000000,60727.38000000,61022.35000000,984.50279000,1713383999999,60120275.05824940,45798,497.58822000,30392291.01547450,0
1713384000000,61022.36000000,61446.09000000,60918.24000000,61363.55000000,698.13764000,1713385799999,42694406.55101140,38409,362.01016000,22147825.63422370,0
1713385800000,61363.55000000,61457.58000000,60777.00000000,60846.79000000,509.27275000,1713387599999,31115124.30270520,31009,195.35483000,11940643.87024130,0
1713387600000,60846.79000000,61660.05000000,60846.78000000,61389.80000000,739.17984000,1713389399999,45395230.69525250,37970,426.25385000,26170677.48674630,0
1713389400000,61389.80000000,61544.49000000,61024.09000000,61300.92000000,508.56148000,1713391199999,31148045.27909230,30489,267.26966000,16369614.32186660,0
1713391200000,61300.93000000,61418.00000000,61160.34000000,61380.00000000,431.60615000,1713392999999,26452437.98548100,29326,229.61316000,14072464.94974320,0
1713393000000,61380.01000000,61719.29000000,61364.61000000,61689.94000000,458.39925000,1713394799999,28207258.82386170,28448,285.66478000,17579160.23048740,0
1713394800000,61689.95000000,61763.07000000,61255.14000000,61275.36000000,446.31697000,1713396599999,27454756.67208770,27676,207.92513000,12791847.40707780,0
1713396600000,61275.36000000,61377.00000000,61194.93000000,61277.37000000,319.37810000,1713398399999,19574045.75049710,20499,171.13987000,10488872.01781600,0
1713398400000,61277.38000000,61490.80000000,60939.92000000,61168.01000000,980.71575000,1713400199999,59974400.56818110,44952,376.54248000,23032378.93733900,0
1713400200000,61168.00000000,61525.91000000,60948.82000000,61514.69000000,663.67791000,1713401999999,40649472.76151260,37419,364.08448000,22310001.32751610,0
1713402000000,61514.68000000,61666.00000000,61382.92000000,61592.00000000,670.27130000,1713403799999,41248238.30581370,33490,320.65183000,19732646.25764860,0
1713403800000,61592.00000000,61655.50000000,61420.28000000,61639.26000000,446.62801000,1713405599999,27482237.76640830,23646,220.83845000,13590413.58832310,0
1713405600000,61639.26000000,61920.00000000,61457.73000000,61510.00000000,464.88039000,1713407399999,28676751.21491050,28119,218.80850000,13503880.98101370,0
1713407400000,61510.00000000,61704.75000000,61491.00000000,61666.43000000,338.86690000,1713409199999,20874531.19699470,19780,175.74807000,10825865.76688990,0
1713409200000,61666.42000000,62200.99000000,61666.42000000,61942.12000000,785.29905000,1713410999999,48690064.79190860,36734,410.42007000,25444807.71991690,0
1713411000000,61942.12000000,62229.90000000,61847.49000000,61988.00000000,761.71831000,1713412799999,47266509.66597690,32778,464.52988000,28827068.11184150,0
1713412800000,61987.99000000,62075.46000000,61800.67000000,62028.01000000,526.23020000,1713414599999,32610223.05618410,24084,251.70652000,15601121.57874770,0
1713414600000,62028.00000000,62060.00000000,61556.47000000,61640.06000000,604.86447000,1713416399999,37370357.98608990,26307,224.27851000,13853119.47512990,0
1713416400000,61640.06000000,61735.53000000,61606.56000000,61710.37000000,396.75399000,1713418199999,24468591.83471340,19693,186.61864000,11509153.33928810,0
1713418200000,61710.37000000,61814.61000000,60992.00000000,61072.02000000,1133.22767000,1713419999999,69540777.75881130,58280,413.09996000,25357941.31828300,0
1713420000000,61072.02000000,61320.00000000,61001.01000000,61153.67000000,845.68210000,1713421799999,51708434.57555750,37500,438.08743000,26790444.50800860,0
1713421800000,61153.66000000,61169.00000000,60803.35000000,61147.83000000,801.65848000,1713423599999,48891929.75681270,43757,332.53485000,20285110.67933320,0
1713423600000,61147.82000000,61362.32000000,61076.00000000,61188.40000000,441.15235000,1713425399999,27009982.46497190,28297,214.76160000,13148530.48157940,0
1713425400000,61188.40000000,61307.30000000,60941.17000000,61178.08000000,640.04708000,1713427199999,39123523.42573680,38007,301.23238000,18415858.66689910,0
1713427200000,61178.08000000,61270.68000000,60864.00000000,61138.80000000,811.48307000,1713428999999,49516559.99522510,36568,388.80028000,23730030.32171560,0
1713429000000,61138.81000000,61550.00000000,61138.81000000,61335.99000000,893.93757000,1713430799999,54870664.48862890,38126,426.03885000,26149924.43093170,0
1713430800000,61335.99000000,61710.14000000,61320.34000000,61472.80000000,747.93238000,1713432599999,46007824.40228840,40892,413.58132000,25442972.52736070,0
1713432600000,61472.80000000,61636.51000000,61362.31000000,61636.50000000,429.86130000,1713434399999,26437113.28343480,38375,240.18789000,14772899.62554690,0
1713434400000,61636.51000000,61700.00000000,61500.00000000,61657.80000000,538.99363000,1713436199999,33205699.41227340,38481,323.03039000,19903205.20687940,0
1713436200000,61657.80000000,61925.63000000,61598.53000000,61821.75000000,833.41587000,1713437999999,51432138.33277960,34403,475.53332000,29345726.55607340,0
1713438000000,61821.76000000,63072.27000000,61821.75000000,62933.34000000,3476.02368000,1713439799999,217304941.51079400,96490,1992.52571000,124510762.79493950,0
1713439800000,62933.34000000,63072.00000000,62547.75000000,62597.92000000,1122.38671000,1713441599999,70452176.99767940,49479,485.33675000,30462627.21942360,0
1713441600000,62597.92000000,62730.18000000,62111.00000000,62120.19000000,819.29920000,1713443399999,51149447.96444450,47868,343.27308000,21434847.81332780,0
1713443400000,62120.20000000,62307.97000000,61580.71000000,62232.96000000,1345.38296000,1713445199999,83360301.31619560,66894,637.74025000,39517833.56613450,0
1713445200000,62232.96000000,62476.00000000,62085.40000000,62420.73000000,792.59340000,1713446999999,49364453.05534670,49531,386.11898000,24048926.24943910,0
1713447000000,62420.73000000,62833.34000000,61896.90000000,62810.00000000,1834.56400000,1713448799999,114531846.98331360,82276,928.56176000,57972327.03908110,0
1713448800000,62810.01000000,63840.00000000,62564.91000000,63681.31000000,3415.51924000,1713450599999,216260428.45290400,123706,1637.04882000,103723242.92634710,0
1713450600000,63681.31000000,63970.81000000,63385.34000000,63816.57000000,1964.40732000,1713452399999,125125620.56694920,99586,927.70531000,59101675.48257620,0
1713452400000,63816.56000000,64117.09000000,63558.82000000,63573.13000000,1879.65103000,1713454199999,119997576.53720460,89858,938.35714000,59913480.27067520,0
1713454200000,63573.14000000,63779.50000000,63427.47000000,63498.70000000,1127.82942000,1713455999999,71734665.57630960,49841,543.33326000,34560712.87837950,0
1713456000000,63498.69000000,63866.19000000,63282.48000000,63803.18000000,1011.52598000,1713457799999,64231171.34711040,55456,531.52147000,33759404.75892620,0
1713457800000,63803.19000000,63807.02000000,63376.00000000,63536.72000000,838.07380000,1713459599999,53303902.02205020,51236,409.76708000,26064434.39887330,0
1713459600000,63536.71000000,63624.38000000,63234.00000000,63378.92000000,710.28256000,1713461399999,45047771.10571520,38797,320.80234000,20347081.98309930,0
1713461400000,63378.91000000,63432.12000000,62628.60000000,62782.75000000,1151.24672000,1713463199999,72521001.29851640,60886,476.41138000,30010733.21183570,0
1713463200000,62782.74000000,63030.56000000,62310.03000000,62910.33000000,1217.96517000,1713464999999,76327033.15610870,71834,555.99901000,34860491.35000610,0
1713465000000,62910.33000000,63219.00000000,62735.40000000,63104.68000000,715.39135000,1713466799999,45066600.08738800,41736,343.76526000,21656769.71522200,0
1713466800000,63104.67000000,63446.16000000,63095.50000000,63254.74000000,952.71774000,1713468599999,60284713.70692500,48702,388.04633000,24555334.09412610,0
1713468600000,63254.75000000,63576.00000000,63195.42000000,63477.04000000,786.31960000,1713470399999,49832403.52914150,40210,371.74989000,23563675.79280230,0
1713470400000,63477.04000000,63526.00000000,63272.00000000,63476.92000000,713.57583000,1713472199999,45232028.73414670,38053,269.43369000,17079157.45997610,0
1713472200000,63476.93000000,63637.50000000,63372.00000000,63490.98000000,550.22647000,1713473999999,34929253.98859310,29675,201.31483000,12782542.01496100,0
1713474000000,63490.99000000,63825.74000000,63343.95000000,63378.92000000,587.32175000,1713475799999,37343029.64588180,35810,247.85403000,15759916.17226170,0
1713475800000,63378.92000000,63692.31000000,63313.02000000,63473.28000000,320.82914000,1713477599999,20382856.81938950,24218,141.23139000,8973749.18346430,0
1713477600000,63473.27000000,63592.00000000,63162.77000000,63416.40000000,534.42885000,1713479399999,33869511.42829670,29043,184.27892000,11679914.59321880,0
1713479400000,63416.41000000,63651.66000000,63387.15000000,63499.73000000,401.28066000,1713481199999,25488775.98206110,24977,197.58253000,12549909.14463020,0
1713481200000,63499.73000000,63665.50000000,63400.00000000,63487.47000000,323.13668000,1713482999999,20533207.55177600,19225,137.60909000,8744969.26450050,0
1713483000000,63487.47000000,63538.47000000,63376.00000000,63470.08000000,252.33214000,1713484799999,16010702.47734650,17436,91.72305000,5819547.15501550,0
1713484800000,63470.09000000,63470.09000000,62912.64000000,62972.97000000,762.26065000,1713486599999,48103832.21184730,43292,309.75344000,19542845.19706520,0
1713486600000,62972.96000000,63194.50000000,62654.56000000,62711.08000000,561.35914000,1713488399999,35338950.50638760,35652,250.38195000,15763542.29853590,0
1713488400000,62711.08000000,62776.00000000,61866.66000000,62076.00000000,2172.30739000,1713490199999,135177151.06930550,73716,998.23760000,62114879.58479430,0
1713490200000,62076.01000000,62175.19000000,60618.97000000,61022.00000000,4224.37764000,1713491999999,258663354.54582300,141253,1931.99792000,118302966.31261110,0
1713492000000,61021.99000000,61182.86000000,59679.00000000,59679.00000000,4123.91086000,1713493799999,248774616.63740380,125747,1619.08051000,97761402.40094160,0
1713493800000,59679.01000000,61390.00000000,59600.01000000,61359.58000000,3167.97795000,1713495599999,191352384.38329090,111574,1706.58783000,103093763.64509750,0
1713495600000,61359.57000000,62108.34000000,61140.00000000,62001.40000000,2685.84987000,1713497399999,165445904.25426080,86599,1478.30841000,91056536.81423560,0
1713497400000,62001.40000000,62052.30000000,61650.00000000,61785.14000000,1226.42283000,1713499199999,75805227.50268130,47315,639.64354000,39534470.24851240,0
1713499200000,61785.14000000,62492.31000000,61766.79000000,62151.66000000,1710.58635000,1713500999999,106526069.56094520,58043,836.26470000,52063410.42825260,0
1713501000000,62151.66000000,62800.07000000,62150.00000000,62439.49000000,1505.02549000,1713502799999,94126964.62989980,49780,850.11827000,53159184.03023950,0
1713502800000,62439.49000000,62589.12000000,61864.41000000,62004.81000000,973.79615000,1713504599999,60525334.53716490,43314,398.79270000,24792514.49194920,0
1713504600000,62004.81000000,62404.90000000,61739.68000000,62073.38000000,1057.30025000,1713506399999,65641906.38281000,45133,554.04340000,34405156.85919550,0
1713506400000,62073.39000000,62083.83000000,61809.93000000,62007.34000000,745.00108000,1713508199999,46133871.41713310,39036,412.63124000,25551015.82201150,0
1713508200000,62007.34000000,64953.85000000,62001.30000000,64624.37000000,5808.23214000,1713509999999,370303884.49425200,194228,3295.05537000,209924652.54518940,0
1713510000000,64624.37000000,65179.00000000,64184.61000000,64439.87000000,2839.53405000,1713511799999,183552556.36578210,108109,1375.81559000,88959432.31935670,0
1713511800000,64439.86000000,64679.99000000,64309.25000000,64547.18000000,1661.02869000,1713513599999,107127889.00969420,54879,871.83761000,56225457.16137390,0
1713513600000,64547.18000000,65099.00000000,64435.42000000,64644.08000000,2139.56796000,1713515399999,138747878.28306300,71357,990.37773000,64229266.62390320,0
1713515400000,64644.08000000,64681.80000000,64098.13000000,64639.02000000,1757.42910000,1713517199999,113232024.87557800,65002,912.21353000,58774739.57329030,0
1713517200000,64639.02000000,64799.00000000,64490.00000000,64608.78000000,959.73384000,1713518999999,62048962.30403790,40766,443.91820000,28702598.47289620,0
1713519000000,64608.78000000,64943.87000000,64540.00000000,64775.93000000,832.67643000,1713520799999,53931355.51183990,33676,431.24585000,27929613.41606870,0
1713520800000,64775.94000000,65213.31000000,64672.01000000,64750.01000000,1303.71101000,1713522599999,84595379.43673990,55439,723.18375000,46938978.74128640,0
1713522600000,64750.00000000,64794.11000000,64420.00000000,64777.70000000,861.01360000,1713524399999,55628215.29823970,38901,442.32390000,28575601.34193190,0
1713524400000,64777.70000000,65037.51000000,64691.28000000,64715.46000000,1081.04776000,1713526199999,70124478.47182420,55729,553.42299000,35900144.87125430,0
1713526200000,64715.45000000,65450.00000000,64715.45000000,64870.74000000,1825.37067000,1713527999999,118822932.33494550,71841,1009.36263000,65698227.85433840,0
1713528000000,64870.73000000,65440.57000000,64770.00000000,65311.18000000,1400.49400000,1713529799999,91182680.11228010,47986,736.57782000,47954808.59026380,0
1713529800000,65311.19000000,65384.62000000,64825.86000000,64965.19000000,1060.54116000,1713531599999,69096383.60779110,44550,425.56705000,27729934.70704440,0
1713531600000,64965.19000000,65069.07000000,64436.51000000,64703.15000000,1503.74683000,1713533399999,97296566.54775280,56455,706.84459000,45728823.30802080,0
1713533400000,64703.15000000,65046.15000000,64523.69000000,64903.71000000,1928.80772000,1713535199999,124969022.85257970,90512,995.39888000,64484470.19645790,0
1713535200000,64903.71000000,64965.78000000,63820.57000000,64013.31000000,1671.20434000,1713536999999,107672122.47053850,69299,776.56773000,50038892.37915960,0
1713537000000,64013.31000000,64745.50000000,64013.30000000,64452.12000000,1290.65922000,1713538799999,83140854.11653700,61537,730.50252000,47049777.69798000,0
1713538800000,64452.12000000,64663.38000000,64335.62000000,64574.35000000,975.51688000,1713540599999,62898853.36678240,44103,458.84072000,29582326.00962940,0
1713540600000,64574.34000000,64707.70000000,64333.33000000,64437.17000000,864.71764000,1713542399999,55791227.87190680,39688,427.03031000,27554578.27912010,0
1713542400000,64437.18000000,64533.29000000,63506.57000000,63799.36000000,1812.41573000,1713544199999,115841018.41253010,76922,773.79443000,49442413.43742090,0
1713544200000,63798.45000000,64361.27000000,63647.39000000,64005.76000000,1137.22052000,1713545999999,72781616.64774430,53123,631.25931000,40403061.20759470,0
1713546000000,64005.76000000,64346.98000000,63929.18000000,64014.21000000,828.31254000,1713547799999,53140335.40541050,41149,418.44895000,26848993.14170180,0
1713547800000,64014.21000000,64808.54000000,64009.09000000,64627.80000000,1056.90562000,1713549599999,68168710.89777450,56893,644.47350000,41560990.37974960,0
1713549600000,64627.80000000,64660.86000000,64227.46000000,64264.40000000,590.68028000,1713551399999,38039803.05989190,34745,284.06037000,18292843.07076910,0
1713551400000,64264.40000000,64412.22000000,64084.86000000,64202.63000000,734.64926000,1713553199999,47190789.51801920,37932,377.60721000,24257662.37395930,0
1713553200000,64202.63000000,64384.00000000,64085.44000000,64359.45000000,585.59896000,1713554999999,37628418.61032400,31170,323.28175000,20771811.31707970,0
1713555000000,64359.44000000,64393.96000000,64101.00000000,64325.25000000,592.59304000,1713556799999,38065414.26957840,29822,288.52345000,18531064.90154540,0
1713556800000,64325.26000000,64334.84000000,64008.88000000,64144.87000000,415.36704000,1713558599999,26645452.55245240,25792,192.62612000,12356638.09126200,0
1713558600000,64144.88000000,64181.00000000,63677.36000000,64044.11000000,839.72232000,1713560399999,53644644.97457760,40916,416.08741000,26580566.72777080,0
1713560400000,64044.12000000,64380.46000000,64044.11000000,64320.97000000,438.79547000,1713562199999,28170481.92083800,27187,269.24414000,17285067.38247250,0
1713562200000,64320.96000000,64444.91000000,64255.02000000,64398.32000000,291.50109000,1713563999999,18754951.89575960,21166,151.44757000,9743463.56211840,0
1713564000000,64398.31000000,64494.03000000,64259.47000000,64268.43000000,417.46918000,1713565799999,26873063.64398660,25300,184.82713000,11897993.52288740,0
1713565800000,64268.44000000,64366.88000000,64000.01000000,64012.50000000,526.54527000,1713567599999,33784581.80557020,33420,226.79014000,14553136.69502490,0
1713567600000,64012.49000000,64012.50000000,62953.90000000,63470.08000000,2070.27205000,1713569399999,131214289.91478540,102506,1017.36711000,64471363.67082370,0
1713569400000,63470.09000000,64124.00000000,63432.00000000,63818.01000000,755.04565000,1713571199999,48170826.68292660,45730,449.73529000,28688653.53605400,0
1713571200000,63818.01000000,64263.41000000,63418.00000000,63862.00000000,1402.90519000,1713572999999,89481845.60699130,66839,745.18460000,47536380.61024800,0
1713573000000,63861.99000000,63997.37000000,63444.00000000,63444.51000000,704.53761000,1713574799999,44889530.37323420,44264,342.73466000,21844415.27654000,0
1713574800000,63444.51000000,63630.74000000,63090.07000000,63522.79000000,892.11633000,1713576599999,56534232.36939270,40663,486.96243000,30860552.72808940,0
1713576600000,63522.78000000,63777.03000000,63462.00000000,63656.00000000,391.73663000,1713578399999,24917081.59175980,27672,222.22156000,14133472.85518570,0
1713578400000,63656.00000000,63855.42000000,63530.00000000,63745.44000000,407.95148000,1713580199999,25975884.03352350,25661,254.35869000,16195843.82126010,0
1713580200000,63745.44000000,64092.29000000,63630.76000000,63834.02000000,474.59196000,1713581999999,30324066.90960440,30563,301.98851000,19295402.07614950,0
1713582000000,63834.01000000,64040.67000000,63766.00000000,63988.38000000,393.81059000,1713583799999,25169018.64881990,22404,218.54837000,13968194.29059320,0
1713583800000,63988.38000000,63990.81000000,63857.05000000,63956.00000000,240.30317000,1713585599999,15362873.49362520,16084,97.36915000,6224413.27240080,0
1713585600000,63956.01000000,63970.59000000,63815.53000000,63949.43000000,217.86469000,1713587399999,13921921.52988900,17504,90.52324000,5784484.44022910,0
1713587400000,63949.43000000,64268.58000000,63858.62000000,64133.07000000,532.80297000,1713589199999,34166834.38713620,26606,281.42938000,18047569.69284290,0
1713589200000,64133.08000000,64172.37000000,63987.17000000,64101.32000000,288.61171000,1713590999999,18490892.59627260,16952,140.83239000,9023001.52834680,0
1713591000000,64101.33000000,64250.08000000,64053.51000000,64159.00000000,459.07940000,1713592799999,29463360.55780180,18579,278.59101000,17879190.93391300,0
1713592800000,64159.01000000,64159.70000000,63939.00000000,64074.15000000,327.67769000,1713594599999,20995099.14820900,18313,147.71978000,9465738.72570930,0
1713594600000,64074.15000000,64222.22000000,64019.11000000,64046.07000000,290.45826000,1713596399999,18618651.93374430,18123,148.83680000,9540833.56896480,0
1713596400000,64046.08000000,64159.99000000,63980.00000000,63984.92000000,325.35233000,1713598199999,20836418.97750450,19249,144.78755000,9273105.69651930,0
1713598200000,63984.92000000,64046.00000000,63922.36000000,63961.22000000,246.13917000,1713599999999,15751468.79921790,14681,92.97731000,5949863.97801490,0
1713600000000,63961.22000000,63988.00000000,63705.88000000,63891.31000000,369.50274000,1713601799999,23583102.19767960,23009,178.05549000,11364873.92912430,0
1713601800000,63891.31000000,63914.88000000,63661.54000000,63729.45000000,273.02357000,1713603599999,17415189.38789970,16094,122.65390000,7824142.99538140,0
1713603600000,63729.44000000,63778.32000000,63500.00000000,63591.42000000,553.02134000,1713605399999,35164600.00543710,24220,253.73157000,16132454.98442190,0
1713605400000,63591.41000000,63673.91000000,63277.00000000,63615.01000000,584.51805000,1713607199999,37099851.79838200,43786,276.67714000,17561726.67513790,0
1713607200000,63615.00000000,63781.82000000,63377.22000000,63527.15000000,417.83213000,1713608999999,26560629.51892780,27981,186.24533000,11838082.87265980,0
1713609000000,63527.16000000,63753.85000000,63527.15000000,63567.28000000,293.98390000,1713610799999,18707452.44649330,20238,165.00716000,10501009.92822050,0
1713610800000,63567.29000000,63924.05000000,63557.74000000,63726.71000000,448.58747000,1713612599999,28604287.68641780,24260,231.91843000,14790879.97752770,0
1713612600000,63726.72000000,63813.14000000,63643.57000000,63707.17000000,270.40229000,1713614399999,17231792.27544970,18702,119.10643000,7590551.49557830,0
1713614400000,63707.18000000,63836.52000000,63575.83000000,63670.73000000,253.58473000,1713616199999,16162168.26036890,19406,99.45768000,6338682.33876640,0
1713616200000,63670.73000000,63935.32000000,63595.44000000,63824.08000000,323.08982000,1713617999999,20611934.86311880,22164,175.97949000,11228614.77698190,0
1713618000000,63824.08000000,64047.92000000,63798.92000000,63936.89000000,571.91777000,1713619799999,36542077.44425010,29311,287.27455000,18356178.56432880,0
1713619800000,63936.88000000,64030.00000000,63850.65000000,63875.53000000,242.00762000,1713621599999,15472064.54595200,19452,133.88544000,8560472.45550770,0
1713621600000,63875.53000000,63954.34000000,63746.00000000,63829.05000000,302.15092000,1713623399999,19302991.10351350,19862,121.62090000,7771471.86426840,0
1713623400000,63829.05000000,63984.79000000,63746.19000000,63935.33000000,189.76767000,1713625199999,12119018.27084800,18403,93.85195000,5993391.94346240,0
1713625200000,63935.33000000,63964.27000000,63790.00000000,63955.20000000,222.42309000,1713626999999,14211486.15301380,17464,91.46480000,5844480.01167870,0
1713627000000,63955.20000000,64960.37000000,63940.00000000,64808.35000000,1628.86441000,1713628799999,105149722.03822870,103771,1021.11068000,65885174.51163260,0
1713628800000,64808.35000000,64969.39000000,64456.54000000,64730.56000000,1018.47940000,1713630599999,65900701.57878170,53666,514.13788000,33271143.25302790,0
1713630600000,64730.57000000,64844.44000000,64610.00000000,64739.24000000,458.08655000,1713632399999,29660745.47180620,32567,211.18516000,13674641.53598700,0
1713632400000,64739.24000000,65400.00000000,64739.23000000,65254.37000000,1142.33131000,1713634199999,74439695.92304810,60184,637.33177000,41520196.71631230,0
1713634200000,65254.37000000,65419.00000000,65100.00000000,65200.00000000,960.12004000,1713635999999,62640658.14630030,51580,422.14235000,27545010.11600760,0
1713636000000,65199.99000000,65310.99000000,64837.19000000,64995.00000000,888.81685000,1713637799999,57825721.28008430,59019,394.47498000,25666115.18365170,0
1713637800000,64994.99000000,65126.62000000,64876.18000000,64964.09000000,396.18089000,1713639599999,25747739.81619340,30477,206.55575000,13423491.68697580,0
1713639600000,64964.10000000,65000.01000000,64791.79000000,64806.60000000,1001.54101000,1713641399999,64964091.30467250,39892,500.36711000,32451297.89885560,0
1713641400000,64806.61000000,64917.15000000,64798.62000000,64866.44000000,572.48055000,1713643199999,37116910.35620300,22522,288.29833000,18691470.46368190,0
1713643200000,64866.45000000,65031.25000000,64622.12000000,64718.10000000,512.70844000,1713644999999,33243227.66056590,30157,245.53282000,15927046.72121510,0
1713645000000,64718.09000000,64862.50000000,64670.78000000,64727.64000000,208.66863000,1713646799999,13513222.92132720,20655,100.28461000,6494815.21073500,0
1713646800000,64727.63000000,64800.00000000,64649.14000000,64675.26000000,195.47478000,1713648599999,12655779.20221140,14312,76.76614000,4969989.66207390,0
1713648600000,64675.26000000,64825.39000000,64622.13000000,64725.98000000,222.16564000,1713650399999,14377314.77855410,16256,124.10273000,8032426.15481720,0
1713650400000,64725.98000000,64767.48000000,64555.00000000,64708.00000000,341.55708000,1713652199999,22086420.55279410,22396,191.39881000,12377657.28898640,0
1713652200000,64708.01000000,64778.00000000,64600.00000000,64613.51000000,188.52928000,1713653999999,12190273.50102530,16921,83.30826000,5386424.87062440,0
1713654000000,64613.51000000,64947.25000000,64613.51000000,64919.99000000,253.63988000,1713655799999,16433575.34102760,17832,154.89894000,10035857.33618780,0
1713655800000,64920.00000000,64988.92000000,64821.79000000,64940.59000000,236.03272000,1713657599999,15315954.65217700,15996,107.95239000,7005237.37846530,0
1713657600000,64940.58000000,64960.00000000,64739.00000000,64876.01000000,313.37437000,1713659399999,20315690.55425310,22348,152.99985000,9917937.25200420,0
1713659400000,64876.00000000,64876.01000000,64608.00000000,64759.98000000,228.08108000,1713661199999,14762024.87421090,19986,102.42689000,6629035.96316130,0
1713661200000,64759.97000000,65100.00000000,64737.50000000,65031.24000000,372.00272000,1713662999999,24169192.25160070,23732,264.00365000,17155207.72837410,0
1713663000000,65031.23000000,65068.00000000,64902.12000000,64946.00000000,238.45027000,1713664799999,15494496.99392860,15847,103.80606000,6745560.87062440,0
1713664800000,64946.00000000,65315.91000000,64921.00000000,65315.90000000,507.77604000,1713666599999,33064871.99230500,25902,340.14422000,22147416.48838870,0
1713666600000,65315.91000000,65377.00000000,65100.54000000,65297.99000000,397.90605000,1713668399999,25963521.65636180,27166,225.64256000,14725015.52433340,0
1713668400000,65298.00000000,65695.56000000,65149.17000000,65168.00000000,954.55555000,1713670199999,62513781.78287770,54991,506.11617000,33149534.37132260,0
1713670200000,65167.99000000,65323.99000000,65093.99000000,65170.00000000,440.86443000,1713671999999,28735944.58326370,25570,181.23358000,11814893.77077190,0
1713672000000,65170.01000000,65195.98000000,64843.98000000,64973.33000000,462.87779000,1713673799999,30092383.15964750,27676,160.55270000,10437100.03553600,0
1713673800000,64973.33000000,65140.00000000,64875.00000000,65056.00000000,379.06747000,1713675599999,24653257.80986190,25539,250.31754000,16278509.34715710,0
1713675600000,65055.99000000,65244.65000000,65055.99000000,65090.32000000,250.16538000,1713677399999,16299527.83035270,22837,133.97167000,8728838.49443370,0
1713677400000,65090.33000000,65144.64000000,64984.44000000,65027.81000000,178.83785000,1713679199999,11636473.50670520,16813,78.44487000,5104777.15262080,0
1713679200000,65027.82000000,65200.00000000,64941.79000000,65165.99000000,342.17926000,1713680999999,22259004.02238980,21438,178.34909000,11603955.99274330,0
1713681000000,65165.99000000,65181.35000000,65048.00000000,65048.01000000,200.69560000,1713682799999,13067261.56028690,14474,74.45570000,4847632.06128210,0
1713682800000,65048.01000000,65130.49000000,64910.84000000,64944.75000000,514.05888000,1713684599999,33421225.89537800,27473,169.82759000,11043171.31536270,0
1713684600000,64944.75000000,65175.00000000,64899.84000000,65150.66000000,313.36552000,1713686399999,20379490.17795930,31277,175.07101000,11386677.99294510,0
1713686400000,65150.67000000,65222.07000000,64950.14000000,65009.56000000,602.52152000,1713688199999,39213665.47583990,54897,250.88814000,16333754.29861150,0
1713688200000,65009.55000000,65086.22000000,64920.26000000,64926.83000000,314.28827000,1713689999999,20428413.98702560,19892,135.41429000,8802218.37936490,0
1713690000000,64926.83000000,64986.72000000,64763.15000000,64916.01000000,545.71458000,1713691799999,35402951.95718730,42240,258.43145000,16765485.21516820,0
1713691800000,64916.00000000,64916.01000000,64811.08000000,64900.32000000,232.32968000,1713693599999,15071072.79035470,13345,106.45584000,6905942.31240880,0
1713693600000,64900.33000000,64930.00000000,64785.04000000,64886.20000000,273.95010000,1713695399999,17768711.60675570,25051,131.79250000,8547651.86946780,0
1713695400000,64886.20000000,64986.00000000,64876.00000000,64954.51000000,233.92865000,1713697199999,15190710.86009530,15161,128.72153000,8358399.38195660,0
1713697200000,64954.51000000,65440.95000000,64954.50000000,65154.51000000,756.36891000,1713698999999,49314351.88354850,56568,514.56084000,33537159.40235020,0
1713699000000,65154.52000000,65375.41000000,65046.41000000,65234.01000000,491.03957000,1713700799999,32033933.46440960,31025,277.58057000,18113881.04207140,0
1713700800000,65234.02000000,65375.41000000,65087.18000000,65158.01000000,359.20397000,1713702599999,23440549.48330280,29050,196.04505000,12795425.37969420,0
1713702600000,65158.01000000,65232.27000000,64934.00000000,65004.24000000,300.01927000,1713704399999,19528764.04554460,35180,118.40126000,7707628.05732940,0
1713704400000,65004.24000000,65244.90000000,64835.95000000,65117.98000000,416.09254000,1713706199999,27056682.80202510,40801,215.63590000,14023022.80321570,0
1713706200000,65117.99000000,65135.99000000,64778.69000000,64882.00000000,482.36657000,1713707999999,31316536.43387580,37750,225.67342000,14651302.30131580,0
1713708000000,64882.00000000,65036.82000000,64835.47000000,64990.20000000,369.34381000,1713709799999,23997296.11068550,24287,171.39325000,11134917.95587550,0
1713709800000,64990.21000000,65027.98000000,64790.00000000,64893.50000000,268.30895000,1713711599999,17415249.83943760,23009,123.88172000,8040597.40175530,0
1713711600000,64893.49000000,65132.07000000,64880.00000000,64958.02000000,251.98406000,1713713399999,16378928.38387170,23428,121.84969000,7920872.79294650,0
1713713400000,64958.02000000,65114.00000000,64883.46000000,65043.69000000,248.28786000,1713715199999,16146343.61495720,21560,121.20992000,7882620.59764770,0
1713715200000,65043.70000000,65087.92000000,64430.55000000,64634.02000000,1631.52590000,1713716999999,105413856.36053320,89040,763.33108000,49312393.27200210,0
1713717000000,64634.02000000,64680.42000000,64237.50000000,64578.37000000,1023.25491000,1713718799999,65940973.65852450,58244,532.90083000,34342090.66906200,0
1713718800000,64578.37000000,64693.92000000,64530.89000000,64660.01000000,343.04012000,1713720599999,22166465.91834510,24880,167.69633000,10836793.67071770,0
1713720600000,64660.01000000,64875.98000000,64645.47000000,64822.00000000,328.62785000,1713722399999,21286940.19888410,20245,177.92475000,11524678.58545530,0
1713722400000,64822.00000000,64862.50000000,64596.09000000,64834.16000000,325.26458000,1713724199999,21069599.04618110,20551,135.15504000,8755163.37629940,0
1713724200000,64834.15000000,64834.16000000,64722.13000000,64772.00000000,125.11639000,1713725999999,8105003.03265030,12116,42.33883000,2742266.97377530,0
1713726000000,64772.00000000,64856.05000000,64617.62000000,64718.82000000,207.09095000,1713727799999,13409013.51083260,17272,107.83776000,6982604.25445770,0
1713727800000,64718.83000000,64778.94000000,64528.38000000,64538.00000000,192.18060000,1713729599999,12432280.09194370,15792,73.27519000,4741226.52659990,0
1713729600000,64538.00000000,64722.04000000,64362.50000000,64608.01000000,486.83813000,1713731399999,31425816.68420450,28125,251.70508000,16247612.53670760,0
1713731400000,64608.00000000,64671.07000000,64470.58000000,64646.17000000,230.47121000,1713733199999,14877302.77651070,18128,112.72901000,7277318.13853370,0
1713733200000,64646.16000000,65167.19000000,64646.16000000,64948.01000000,692.71396000,1713734999999,45009150.47185530,42575,408.91502000,26563352.76409940,0
1713735000000,64948.01000000,64948.01000000,64649.13000000,64661.70000000,252.97386000,1713736799999,16385909.12655430,27834,91.47809000,5924540.84665840,0
1713736800000,64661.69000000,65064.32000000,64569.07000000,64966.63000000,539.16449000,1713738599999,34972449.29549760,52785,292.17043000,18948915.68653690,0
1713738600000,64966.62000000,65110.00000000,64901.24000000,65030.42000000,279.14106000,1713740399999,18152172.18157920,25959,157.16141000,10220058.44606240,0
1713740400000,65030.41000000,65052.00000000,64866.00000000,64989.18000000,239.37680000,1713742199999,15547246.27452270,24603,120.22751000,7808662.53749300,0
1713742200000,64989.18000000,65063.00000000,64896.83000000,64941.15000000,179.63414000,1713743999999,11670138.13425800,15691,104.57279000,6794043.17154820,0
1713744000000,64941.15000000,65158.08000000,64915.86000000,65029.25000000,334.18886000,1713745799999,21739965.82988000,22791,170.11480000,11066360.04953780,0
1713745800000,65029.25000000,65029.25000000,64758.93000000,64908.96000000,355.11361000,1713747599999,23038776.11536810,27483,175.12876000,11361860.78330360,0
1713747600000,64908.96000000,65640.00000000,64736.87000000,64913.99000000,1605.34470000,1713749399999,104914928.76815050,82575,1081.17632000,70690663.67881370,0
1713749400000,64914.00000000,64968.75000000,64604.56000000,64658.00000000,1185.12655000,1713751199999,76757459.97254840,71683,585.44871000,37917352.95466180,0
1713751200000,64657.99000000,64852.69000000,64500.00000000,64761.97000000,654.28428000,1713752999999,42324254.86835830,40459,346.91439000,22447831.21849030,0
1713753000000,64761.97000000,64862.50000000,64670.00000000,64806.69000000,380.58336000,1713754799999,24651687.73624890,24608,183.41134000,11880180.78919330,0
1713754800000,64806.69000000,65300.00000000,64754.00000000,65287.98000000,617.67787000,1713756599999,40180823.74683450,40430,344.78251000,22430889.96594340,0
1713756600000,65287.99000000,66090.69000000,65200.00000000,65703.50000000,2787.64376000,1713758399999,183212422.17977350,104375,1720.04414000,113052683.78826080,0
1713758400000,65703.49000000,65878.17000000,65509.24000000,65680.00000000,950.97586000,1713760199999,62506345.66598000,57402,385.44863000,25334646.04810830,0
1713760200000,65680.00000000,65849.99000000,65594.34000000,65738.48000000,712.35106000,1713761999999,46813599.24806330,37418,368.78421000,24240643.02505600,0
1713762000000,65738.48000000,66066.47000000,65701.99000000,65958.34000000,675.55667000,1713763799999,44513361.70563910,44920,436.87586000,28789258.33940660,0
1713763800000,65958.34000000,66414.81000000,65846.00000000,66377.99000000,1072.02425000,1713765599999,70908533.40153450,53852,675.09137000,44653978.39398700,0
1713765600000,66377.99000000,66412.60000000,66150.80000000,66272.58000000,814.48659000,1713767399999,53972290.85156070,53330,414.90280000,27493681.70285080,0
1713767400000,66272.57000000,66374.60000000,66184.00000000,66300.00000000,526.76522000,1713769199999,34915055.51924920,36072,249.57778000,16542584.13102970,0
1713769200000,66300.01000000,66479.80000000,66011.00000000,66037.79000000,789.77054000,1713770999999,52295427.07578060,46208,374.50998000,24804235.36742450,0
1713771000000,66037.78000000,66134.92000000,65979.33000000,65980.00000000,556.44522000,1713772799999,36756373.52811050,36469,279.21361000,18443453.67925520,0
1713772800000,65980.01000000,66169.90000000,65937.50000000,66138.43000000,525.01603000,1713774599999,34686572.87948530,30158,278.10153000,18373036.85081030,0
1713774600000,66138.42000000,66204.44000000,65905.73000000,65961.59000000,388.50015000,1713776399999,25664030.51008960,32997,145.12925000,9586121.66761100,0
1713776400000,65961.58000000,66055.17000000,65896.50000000,65960.00000000,362.53977000,1713778199999,23920461.79753120,24682,178.37462000,11768901.15179170,0
1713778200000,65960.00000000,65992.74000000,65801.76000000,65938.00000000,435.92290000,1713779999999,28723413.51910560,20980,172.43551000,11361985.86818620,0
1713780000000,65938.00000000,66154.87000000,65890.00000000,66015.38000000,389.89310000,1713781799999,25739245.47665140,20510,205.76650000,13584171.38507490,0
1713781800000,66015.38000000,66095.28000000,65950.00000000,66048.18000000,403.79497000,1713783599999,26658199.98455320,20265,218.64193000,14435308.69815080,0
1713783600000,66048.18000000,66108.00000000,65850.27000000,65913.52000000,407.43305000,1713785399999,26876866.34582440,23945,181.17902000,11950579.36659330,0
1713785400000,65913.52000000,65930.24000000,65702.00000000,65877.47000000,492.46873000,1713787199999,32421338.94701030,26853,206.10138000,13569251.63188670,0
1713787200000,65877.47000000,65945.13000000,65626.87000000,65927.35000000,656.28387000,1713788999999,43190275.90028730,43234,308.72053000,20322203.55631000,0
1713789000000,65927.34000000,65995.48000000,65819.99000000,65995.48000000,376.37191000,1713790799999,24802467.08154850,25265,219.73259000,14480586.30205530,0
1713790800000,65995.48000000,66260.54000000,65954.72000000,66075.83000000,617.61261000,1713792599999,40831685.87579790,42652,312.73054000,20676579.96182390,0
1713792600000,66075.84000000,66214.95000000,65693.98000000,66114.00000000,914.94070000,1713794399999,60342465.95746250,53502,446.85869000,29473156.54975630,0
1713794400000,66113.48000000,66455.04000000,66064.82000000,66455.03000000,821.59855000,1713796199999,54425471.44914610,45039,445.09825000,29487828.88805950,0
1713796200000,66455.04000000,66477.53000000,65962.16000000,66031.77000000,883.84493000,1713797999999,58573435.45021470,43909,393.94368000,26112508.74947930,0
1713798000000,66031.78000000,66085.46000000,65665.86000000,65807.99000000,800.79868000,1713799799999,52711078.03379070,50674,333.16422000,21927016.72997410,0
1713799800000,65808.00000000,66080.86000000,65800.00000000,65994.38000000,389.96547000,1713801599999,25719673.81683750,31892,207.95488000,13714203.83553310,0
1713801600000,65994.39000000,66419.56000000,65926.17000000,66211.60000000,632.29338000,1713803399999,41864720.92094850,40194,337.78019000,22365454.68962150,0
1713803400000,66211.61000000,66211.61000000,65913.52000000,66154.73000000,387.30867000,1713805199999,25590228.53157570,24162,171.65502000,11340342.36118110,0
1713805200000,66154.73000000,66767.46000000,66133.35000000,66734.00000000,920.65726000,1713806999999,61180506.67437130,66394,538.93637000,35823121.70798440,0
1713807000000,66734.00000000,66824.28000000,66540.00000000,66540.00000000,910.70552000,1713808799999,60734870.54013490,58854,434.43952000,28974040.67149540,0
1713808800000,66540.01000000,66691.22000000,66466.93000000,66473.99000000,386.64189000,1713810599999,25735964.56707030,22514,176.90394000,11776040.40581260,0
1713810600000,66474.00000000,66534.66000000,66293.05000000,66331.17000000,436.26456000,1713812399999,28978527.05612390,25017,167.35105000,11115342.72987030,0
1713812400000,66331.16000000,66446.00000000,66141.07000000,66272.02000000,433.57114000,1713814199999,28744413.52388070,24421,224.24380000,14868475.95962150,0
1713814200000,66272.01000000,66609.33000000,66201.35000000,66524.77000000,467.17049000,1713815999999,31012515.31837670,23576,255.17285000,16937555.76297560,0
1713816000000,66524.77000000,66760.56000000,66461.24000000,66594.43000000,466.54001000,1713817799999,31081552.67312090,24482,246.01105000,16389335.32595740,0
1713817800000,66594.43000000,66594.44000000,66394.52000000,66509.50000000,265.44120000,1713819599999,17645608.71462140,15479,109.24164000,7261569.62323830,0
1713819600000,66509.50000000,66546.00000000,66440.00000000,66492.00000000,182.33611000,1713821399999,12122154.94306590,11161,100.49241000,6681005.56281410,0
1713821400000,66492.00000000,66558.91000000,66342.10000000,66526.94000000,298.77481000,1713823199999,19864040.39827040,17302,155.46685000,10337463.72863350,0
1713823200000,66526.94000000,66767.46000000,66526.94000000,66696.00000000,643.52334000,1713824999999,42907207.96845800,34889,395.41849000,26361611.69060400,0
1713825000000,66696.00000000,67200.00000000,66640.94000000,67027.97000000,958.03129000,1713826799999,64137083.26196060,49393,590.99167000,39562624.77573150,0
1713826800000,67027.98000000,67232.35000000,66920.00000000,67028.14000000,780.94710000,1713828599999,52398094.59684600,36543,380.88850000,25555732.46865070,0
1713828600000,67028.14000000,67040.00000000,66790.00000000,66819.32000000,342.46312000,1713830399999,22904956.04931050,25578,135.70329000,9075802.03661600,0
1713830400000,66819.32000000,66869.75000000,66712.96000000,66763.99000000,504.12671000,1713832199999,33670993.55395610,21614,256.01022000,17098718.79095090,0
1713832200000,66763.99000000,67032.83000000,66758.42000000,67028.14000000,451.64947000,1713833999999,30228936.03484910,28128,238.37297000,15952213.31346580,0
1713834000000,67028.15000000,67183.01000000,66901.42000000,66980.01000000,466.99331000,1713835799999,31313836.11899220,31993,221.15575000,14830976.67223610,0
1713835800000,66980.00000000,67058.56000000,66777.40000000,66780.00000000,471.22875000,1713837599999,31536199.83124750,22533,200.39070000,13413078.11643300,0
1713837600000,66780.00000000,66912.00000000,66780.00000000,66828.59000000,275.72494000,1713839399999,18431143.75227170,15255,140.60444000,9398733.94422180,0
1713839400000,66828.59000000,66847.99000000,66558.31000000,66615.79000000,403.12308000,1713841199999,26898892.21971770,22417,153.20990000,10224905.19192640,0
1713841200000,66615.79000000,66756.00000000,66593.99000000,66719.99000000,255.63477000,1713842999999,17054738.92917270,17798,117.38575000,7830829.35290000,0
1713843000000,66720.00000000,66720.00000000,66419.55000000,66435.01000000,414.55658000,1713844799999,27587853.47542930,24133,149.63718000,9956616.71644490,0
1713844800000,66435.01000000,66582.67000000,66332.14000000,66332.16000000,417.81704000,1713846599999,27774068.73564480,21462,170.55233000,11339527.87912070,0
1713846600000,66332.17000000,66451.19000000,66181.10000000,66244.02000000,583.74718000,1713848399999,38701122.14337230,38151,238.84617000,15834323.77706040,0
1713848400000,66244.02000000,66367.50000000,66192.00000000,66349.97000000,366.15770000,1713850199999,24270581.01332810,19430,179.97010000,11929803.96621590,0
1713850200000,66349.97000000,66609.31000000,66349.96000000,66490.01000000,485.43300000,1713851999999,32282824.65753600,23347,252.45574000,16787420.61856380,0
1713852000000,66490.01000000,66646.00000000,66483.48000000,66609.33000000,277.01216000,1713853799999,18438795.27714010,18734,146.55242000,9755313.86813050,0
1713853800000,66609.33000000,66635.99000000,66304.00000000,66378.16000000,303.22684000,1713855599999,20155134.33106330,22031,113.97517000,7575988.04601180,0
1713855600000,66378.15000000,66451.19000000,66268.13000000,66306.96000000,358.91127000,1713857399999,23817607.09729350,23318,172.73083000,11463722.98688520,0
1713857400000,66306.95000000,66367.87000000,66020.00000000,66099.79000000,712.95161000,1713859199999,47178109.89794260,38802,303.03771000,20052640.36065410,0
1713859200000,66099.79000000,66190.00000000,65963.40000000,66139.99000000,625.25558000,1713860999999,41314373.00404660,37212,281.06555000,18575014.80778700,0
1713861000000,66140.00000000,66260.47000000,66050.00000000,66215.07000000,350.10772000,1713862799999,23154271.13506100,31061,198.00392000,13094727.43691210,0
1713862800000,66215.06000000,66309.30000000,66150.54000000,66214.00000000,415.81215000,1713864599999,27541643.40356240,22197,221.14506000,14647655.70802520,0
1713864600000,66214.01000000,66249.53000000,66046.63000000,66058.99000000,329.33550000,1713866399999,21776459.83036990,20797,143.86635000,9512365.19634850,0
1713866400000,66059.00000000,66205.45000000,66058.99000000,66114.37000000,424.32126000,1713868199999,28064384.28725940,28693,250.74621000,16583549.08984010,0
1713868200000,66114.37000000,66310.44000000,66114.37000000,66210.74000000,436.11310000,1713869999999,28889250.93455980,30412,230.79343000,15287148.06674320,0
1713870000000,66210.74000000,66236.13000000,66000.62000000,66086.18000000,470.05924000,1713871799999,31070251.94042310,34039,242.47816000,16026208.27637620,0
1713871800000,66086.19000000,66124.65000000,65852.35000000,66043.99000000,613.64674000,1713873599999,40480487.37157710,31281,306.56579000,20222461.45764430,0
1713873600000,66043.99000000,66165.00000000,65946.00000000,66057.68000000,480.11202000,1713875399999,31718630.59997230,51420,240.40933000,15881425.55524040,0
1713875400000,66057.69000000,66134.92000000,65765.81000000,66134.91000000,756.74529000,1713877199999,49910725.79543560,41045,366.47774000,24175031.99728440,0
1713877200000,66134.91000000,66189.43000000,66049.40000000,66118.01000000,335.43316000,1713878999999,22174932.70664980,24936,165.36112000,10931639.77979490,0
1713879000000,66118.01000000,66590.92000000,66077.71000000,66509.29000000,1483.35661000,1713880799999,98515251.19689850,75038,913.20343000,60654508.65437000,0
1713880800000,66509.30000000,66949.89000000,66420.00000000,66733.46000000,1401.47671000,1713882599999,93527906.41433390,76209,678.83607000,45302248.04940470,0
1713882600000,66733.46000000,67130.00000000,66570.50000000,66909.78000000,1389.20159000,1713884399999,92907469.96666310,64119,664.75613000,44464425.19725640,0
1713884400000,66909.79000000,66930.47000000,66547.17000000,66740.00000000,682.80480000,1713886199999,45551377.70845520,45671,275.20481000,18357612.71354390,0
1713886200000,66740.00000000,66774.70000000,66328.44000000,66419.56000000,807.32200000,1713887999999,53686104.21960640,40028,276.65118000,18395645.83970310,0
1713888000000,66419.56000000,66735.84000000,66350.91000000,66645.99000000,511.64438000,1713889799999,34079465.07274060,38601,264.01277000,17582716.74906170,0
1713889800000,66645.99000000,66807.91000000,66580.00000000,66747.36000000,294.53885000,1713891599999,19646213.93687350,29102,153.69379000,10252423.36301610,0
1713891600000,66747.35000000,66792.96000000,66584.61000000,66693.40000000,231.45969000,1713893399999,15435170.92983740,21050,121.43255000,8098723.70521150,0
1713893400000,66693.40000000,66905.99000000,66628.52000000,66753.71000000,319.14529000,1713895199999,21309400.21129280,28449,165.52916000,11053176.43654250,0
1713895200000,66753.72000000,66846.00000000,66697.10000000,66753.50000000,363.86213000,1713896999999,24293805.30066970,21997,169.46122000,11314954.51622230,0
1713897000000,66753.50000000,66783.57000000,66589.47000000,66783.56000000,307.03838000,1713898799999,20477512.53284860,23956,156.64613000,10447118.80089490,0
1713898800000,66783.57000000,66783.57000000,66538.00000000,66580.53000000,262.38945000,1713900599999,17492260.65390930,26430,99.36239000,6623599.96799650,0
1713900600000,66580.54000000,66590.00000000,66390.00000000,66484.43000000,325.72204000,1713902399999,21658052.99398570,27658,159.47492000,10603834.10224100,0
1713902400000,66484.43000000,66484.96000000,65980.00000000,66174.00000000,743.58772000,1713904199999,49224522.39791980,44293,321.05672000,21254634.03121930,0
1713904200000,66174.00000000,66352.94000000,66114.19000000,66352.94000000,290.74776000,1713905999999,19268200.30894330,19010,164.70972000,10916003.04772750,0
1713906000000,66352.94000000,66441.52000000,66286.85000000,66441.52000000,178.72224000,1713907799999,11855578.16250850,16416,95.32340000,6323327.21626350,0
1713907800000,66441.51000000,66464.00000000,66258.86000000,66352.01000000,165.47022000,1713909599999,10980604.87317410,14448,82.57614000,5480238.56826900,0
1713909600000,66352.00000000,66455.76000000,66278.59000000,66385.99000000,231.37669000,1713911399999,15360611.43520640,25810,108.88609000,7228415.70864020,0
1713911400000,66385.99000000,66447.42000000,66280.00000000,66362.85000000,194.06079000,1713913199999,12879826.16831140,19243,79.95179000,5306600.07763760,0
1713913200000,66362.84000000,66380.53000000,66120.00000000,66350.61000000,295.03717000,1713914999999,19543239.39805630,22648,144.79556000,9590332.08684350,0
1713915000000,66350.60000000,66433.31000000,66350.60000000,66414.00000000,135.69936000,1713916799999,9011146.75977320,11500,56.81001000,3772246.04175820,0
1713916800000,66414.00000000,66655.95000000,66390.00000000,66506.40000000,539.51250000,1713918599999,35888640.91170040,28153,284.24083000,18910078.65560320,0
1713918600000,66506.39000000,66747.73000000,66464.00000000,66742.19000000,521.82690000,1713920399999,34778750.40699320,33437,284.69040000,18971857.40390530,0
1713920400000,66742.18000000,66838.00000000,66682.33000000,66785.38000000,302.03226000,1713922199999,20163270.16442160,21515,148.08185000,9885703.16065210,0
1713922200000,66785.38000000,66900.00000000,66696.73000000,66743.25000000,327.45684000,1713923999999,21873767.39198370,24973,166.51005000,11122499.81392410,0
1713924000000,66743.25000000,66766.00000000,66554.28000000,66557.99000000,356.28051000,1713925799999,23749091.70202410,22673,97.35446000,6489638.82262810,0
1713925800000,66558.00000000,66649.70000000,66441.32000000,66530.01000000,369.69123000,1713927599999,24611706.16477710,31314,144.49535000,9618828.40962370,0
1713927600000,66530.01000000,66688.00000000,66514.44000000,66609.76000000,283.09012000,1713929399999,18858841.12663330,18326,142.17177000,9469742.17215200,0
1713929400000,66609.76000000,66714.43000000,66557.29000000,66608.14000000,346.46593000,1713931199999,23082535.87606550,18944,186.73808000,12441014.34146680,0
1713931200000,66608.14000000,66760.00000000,66589.01000000,66726.01000000,331.08999000,1713932999999,22076179.71047650,23142,190.41460000,12695720.53370520,0
1713933000000,66726.01000000,67065.00000000,66672.57000000,67008.00000000,621.31953000,1713934799999,41571700.76903570,43043,366.65451000,24536382.10097760,0
1713934800000,67008.00000000,67070.43000000,66767.45000000,66767.46000000,495.63146000,1713936599999,33174655.05138060,38826,232.19814000,15545461.88561180,0
1713936600000,66767.46000000,66780.00000000,66633.00000000,66735.06000000,405.39670000,1713938399999,27046203.96254220,38472,189.96586000,12673440.35419650,0
1713938400000,66735.06000000,66735.07000000,66552.37000000,66637.99000000,311.25458000,1713940199999,20741841.67281400,29500,143.12333000,9537317.33276200,0
1713940200000,66637.99000000,66792.00000000,66581.80000000,66778.26000000,289.47738000,1713941999999,19318532.85465420,27844,183.48600000,12244883.32323020,0
1713942000000,66778.25000000,66883.68000000,66688.00000000,66816.79000000,383.29490000,1713943799999,25610959.15988640,20184,240.92885000,16098634.13379690,0
1713943800000,66816.79000000,66816.80000000,66588.00000000,66630.90000000,396.41439000,1713945599999,26438472.02869830,36804,237.75081000,15854367.91112030,0
1713945600000,66630.89000000,66710.00000000,66485.30000000,66692.00000000,498.18030000,1713947399999,33184838.33688200,22195,251.58879000,16759446.79616630,0
1713947400000,66692.00000000,66743.01000000,66488.00000000,66533.99000000,360.74486000,1713949199999,24020864.96536770,27707,143.82818000,9576641.49550930,0
1713949200000,66533.98000000,66560.51000000,66350.00000000,66437.69000000,398.34309000,1713950999999,26465923.21194410,24682,193.50069000,12855372.80659050,0
1713951000000,66437.69000000,66470.37000000,66272.00000000,66366.01000000,348.19183000,1713952799999,23101866.60249190,21552,158.40208000,10510327.65949330,0
1713952800000,66366.00000000,66517.85000000,66203.05000000,66350.01000000,420.74952000,1713954599999,27915362.64611490,27424,202.24445000,13421500.09373010,0
1713954600000,66350.00000000,66480.00000000,66305.00000000,66432.25000000,354.10351000,1713956399999,23511222.12468820,21870,200.52399000,13314665.88251850,0
1713956400000,66432.26000000,66608.74000000,66361.73000000,66590.33000000,398.81036000,1713958199999,26502512.01704880,22659,213.27875000,14175601.19162640,0
1713958200000,66590.33000000,66631.01000000,66440.27000000,66571.52000000,330.26395000,1713959999999,21975641.90713120,20060,178.12415000,11853005.77115420,0
1713960000000,66571.52000000,66737.00000000,66515.61000000,66659.98000000,487.45776000,1713961799999,32477588.19336250,31348,254.28960000,16942441.16129570,0
1713961800000,66659.98000000,66709.58000000,66351.10000000,66353.02000000,477.52005000,1713963599999,31750885.11843240,30144,175.08978000,11642584.79085930,0
1713963600000,66353.01000000,66355.99000000,65970.00000000,66032.00000000,1159.14797000,1713965399999,76634314.19369050,60953,517.22048000,34193905.26625690,0
1713965400000,66031.99000000,66289.00000000,65834.28000000,66054.99000000,1249.62510000,1713967199999,82534579.95239330,67810,626.59963000,41388457.80679430,0
1713967200000,66055.00000000,66200.00000000,65233.88000000,65456.01000000,1674.22435000,1713968999999,109991955.49147600,72269,760.83725000,49975272.12433040,0
1713969000000,65456.01000000,65456.01000000,64732.34000000,65234.85000000,3417.18407000,1713970799999,222371335.88940630,132097,1665.23372000,108377865.70630790,0
1713970800000,65234.86000000,65243.73000000,64723.52000000,64801.98000000,1288.43470000,1713972599999,83695701.16327170,62387,644.60017000,41867884.11430520,0
1713972600000,64801.99000000,65079.65000000,64519.03000000,64610.11000000,1564.59482000,1713974399999,101294548.38855390,65719,853.02874000,55234178.46904080,0
1713974400000,64610.10000000,64959.74000000,64368.00000000,64421.55000000,1453.24606000,1713976199999,93963567.66828090,60219,741.58847000,47962810.45795030,0
1713976200000,64421.54000000,64826.55000000,64348.00000000,64798.00000000,861.60628000,1713977999999,55695771.13659410,43342,517.58656000,33457121.81828130,0
1713978000000,64797.99000000,65022.34000000,64766.33000000,64980.05000000,873.24228000,1713979799999,56668399.61638060,33963,506.39509000,32862262.30579380,0
1713979800000,64980.05000000,65156.95000000,64842.15000000,64889.47000000,637.94569000,1713981599999,41454664.45031400,32957,302.28219000,19644543.01746130,0
1713981600000,64889.47000000,64920.00000000,64652.06000000,64693.77000000,572.28961000,1713983399999,37057244.55095740,33013,260.93839000,16893734.19021840,0
1713983400000,64693.77000000,64778.80000000,64070.15000000,64127.04000000,1119.74662000,1713985199999,72106048.49884250,87079,489.35838000,31516030.57105500,0
1713985200000,64127.04000000,64459.97000000,63736.70000000,64400.89000000,1464.70244000,1713986999999,93894721.99205090,68837,734.94650000,47132716.69904770,0
1713987000000,64400.89000000,64486.00000000,63942.63000000,63976.06000000,678.93672000,1713988799999,43625498.36811460,28731,328.70484000,21119165.96950350,0
1713988800000,63976.05000000,64240.01000000,63606.06000000,63914.54000000,1624.09992000,1713990599999,103745298.93036170,59455,845.44008000,54009138.93691980,0
1713990600000,63914.55000000,64202.44000000,63878.01000000,64110.00000000,797.12083000,1713992399999,51061871.84419870,36126,461.95509000,29591927.51138020,0
1713992400000,64110.01000000,64363.80000000,64000.00000000,64282.69000000,588.00295000,1713994199999,37736832.19406470,24252,332.85756000,21364578.64698800,0
1713994200000,64282.68000000,64447.91000000,64279.99000000,64399.37000000,307.92934000,1713995999999,19815536.92616590,14746,180.84944000,11637535.13319120,0
1713996000000,64399.37000000,64404.00000000,64105.00000000,64270.07000000,449.68976000,1713997799999,28893818.20212730,21074,220.02963000,14136964.72591580,0
1713997800000,64270.07000000,64270.08000000,63956.49000000,64096.00000000,423.06629000,1713999599999,27118904.51823040,21246,162.45775000,10415608.97132860,0
1713999600000,64096.00000000,64303.58000000,63825.72000000,64066.46000000,658.18162000,1714001399999,42178752.13823840,33157,327.40052000,20983158.89524920,0
1714001400000,64066.47000000,64339.83000000,64065.78000000,64289.59000000,378.07850000,1714003199999,24283641.46639160,18674,209.52386000,13456094.76425080,0
1714003200000,64289.58000000,64486.00000000,64226.60000000,64484.39000000,525.99930000,1714004999999,33861723.25594390,22595,281.54078000,18126595.99047960,0
1714005000000,64484.40000000,64741.47000000,64484.39000000,64557.25000000,615.13630000,1714006799999,39751781.69607650,29893,344.85233000,22285925.98579180,0
1714006800000,64557.25000000,64657.15000000,64380.00000000,64525.35000000,385.74714000,1714008599999,24885092.01558980,17364,162.41157000,10475505.65504840,0
1714008600000,64525.34000000,64588.00000000,64046.74000000,64067.98000000,583.22937000,1714010399999,37488524.75650460,28352,196.60426000,12638429.36816550,0
1714010400000,64067.99000000,64338.58000000,63860.00000000,64334.01000000,648.71624000,1714012199999,41574245.61140310,42191,351.17262000,22506225.70788970,0
1714012200000,64334.00000000,64334.01000000,64149.44000000,64299.98000000,253.70046000,1714013999999,16298660.66769190,15449,106.56043000,6845298.46075630,0
1714014000000,64299.98000000,64411.62000000,64128.30000000,64344.02000000,403.31589000,1714015799999,25918058.77647110,24194,186.84779000,12010431.34114000,0
1714015800000,64344.01000000,64464.29000000,64282.01000000,64282.01000000,285.57619000,1714017599999,18384533.23757390,16914,134.45462000,8656441.44681660,0
1714017600000,64282.02000000,64346.53000000,64058.00000000,64188.02000000,397.29465000,1714019399999,25496168.70680530,26213,189.67961000,12173005.40753940,0
1714019400000,64188.01000000,64397.78000000,64188.01000000,64337.99000000,267.57027000,1714021199999,17210475.34604290,16744,150.43327000,9675755.96728420,0
1714021200000,64338.00000000,64345.01000000,64025.50000000,64102.12000000,385.01889000,1714022999999,24710186.23807680,18436,163.39351000,10484963.74970790,0
1714023000000,64102.12000000,64377.60000000,64097.22000000,64223.36000000,268.10396000,1714024799999,17230259.68097330,14767,138.58385000,8905030.61902990,0
1714024800000,64223.36000000,64347.32000000,64195.70000000,64312.79000000,163.30414000,1714026599999,10496940.46570780,11294,88.89023000,5713486.45403650,0
1714026600000,64312.79000000,64391.99000000,64202.46000000,64288.00000000,200.30390000,1714028399999,12877940.66043790,13070,104.09339000,6692711.58354860,0
1714028400000,64288.00000000,64379.85000000,64237.42000000,64246.00000000,313.85827000,1714030199999,20180856.14357530,15208,153.84833000,9892291.12617270,0
1714030200000,64246.01000000,64262.70000000,63824.07000000,64017.99000000,637.31647000,1714031999999,40800482.22905150,29735,219.88944000,14075271.64732260,0
1714032000000,64017.99000000,64176.86000000,63906.00000000,63948.78000000,514.62309000,1714033799999,32956621.55851940,21544,255.70451000,16374560.39720280,0
1714033800000,63948.79000000,64053.15000000,63708.20000000,63948.78000000,814.65029000,1714035599999,52003275.70061770,33293,364.68955000,23277046.20041870,0
1714035600000,63948.78000000,64192.00000000,63894.00000000,64022.48000000,494.76605000,1714037399999,31700308.87375620,23621,275.47696000,17650182.35493120,0
1714037400000,64022.49000000,64059.08000000,63809.13000000,63966.02000000,339.09029000,1714039199999,21677221.93516620,19993,159.29723000,10183993.30395470,0
1714039200000,63966.03000000,63966.03000000,63355.00000000,63447.45000000,1396.62916000,1714040999999,88846444.45572600,56406,596.49984000,37949784.92254150,0
1714041000000,63447.45000000,63659.00000000,63337.25000000,63462.01000000,1022.24481000,1714042799999,64925394.89289310,36226,477.01705000,30295566.24526890,0
1714042800000,63462.00000000,63907.74000000,63447.37000000,63907.73000000,619.96398000,1714044599999,39475022.77825150,26834,360.16267000,22932805.30556200,0
1714044600000,63907.73000000,63994.23000000,63754.00000000,63861.23000000,582.40416000,1714046399999,37201256.40183830,24046,325.20588000,20772948.10081480,0
1714046400000,63861.24000000,64168.71000000,63708.06000000,64064.00000000,775.45652000,1714048199999,49622352.33368750,31405,339.53688000,21726327.88019160,0
1714048200000,64063.99000000,64302.99000000,63267.03000000,63429.82000000,1818.75632000,1714049999999,115940362.39663730,65586,784.75502000,50017566.93367910,0
1714050000000,63429.83000000,63571.89000000,62794.00000000,63209.10000000,2404.68606000,1714051799999,151751030.27565610,75259,957.11583000,60401681.98028320,0
1714051800000,63209.09000000,63571.95000000,62932.67000000,63428.97000000,1318.24500000,1714053599999,83469233.84040950,47375,673.51269000,42636497.35534600,0
1714053600000,63428.97000000,63867.74000000,63339.04000000,63673.69000000,950.58486000,1714055399999,60529124.47597050,42303,513.29906000,32683742.41694470,0
1714055400000,63673.70000000,63717.39000000,63215.99000000,63384.96000000,661.21383000,1714057199999,41960081.57021150,35786,305.78815000,19402828.24554290,0
1714057200000,63384.96000000,63703.64000000,63265.95000000,63686.40000000,606.91992000,1714058999999,38537375.08367920,29396,324.57817000,20610883.15152960,0
1714059000000,63686.41000000,64198.40000000,63573.38000000,64135.94000000,1005.37336000,1714060799999,64283108.61596290,42906,502.51623000,32132761.10945090,0
1714060800000,64135.93000000,64270.69000000,63971.48000000,64167.27000000,910.21385000,1714062599999,58401418.44963760,33940,509.06939000,32666535.94862520,0
1714062600000,64167.27000000,64503.46000000,64065.81000000,64445.45000000,834.18445000,1714064399999,53655352.50982990,33960,441.03995000,28369349.77757570,0
1714064400000,64445.45000000,64856.85000000,64374.95000000,64561.74000000,1570.13857000,1714066199999,101493317.47994980,70963,718.94722000,46480519.70413450,0
1714066200000,64561.74000000,64772.47000000,64427.05000000,64704.00000000,646.25217000,1714067999999,41743214.00697680,34467,274.45225000,17731571.13453240,0
1714068000000,64703.99000000,64975.00000000,64580.00000000,64649.99000000,704.04193000,1714069799999,45587108.12114230,29570,356.22574000,23068545.29002810,0
1714069800000,64649.99000000,64729.18000000,64452.21000000,64712.10000000,563.56815000,1714071599999,36390662.70254350,23203,265.41833000,17139099.65383150,0
1714071600000,64712.11000000,64786.00000000,64590.63000000,64752.83000000,322.45353000,1714073399999,20859408.59741060,17400,149.57041000,9675294.27765670,0
1714073400000,64752.83000000,64752.84000000,64561.29000000,64747.11000000,342.54962000,1714075199999,22141733.41439750,15329,183.74370000,11875981.02012650,0
1714075200000,64747.12000000,64992.00000000,64489.30000000,64696.98000000,671.10370000,1714076999999,43443657.19815300,27391,310.59185000,20107154.35463320,0
1714077000000,64696.99000000,64889.43000000,64694.91000000,64794.29000000,394.79262000,1714078799999,25584037.17047010,17246,198.17361000,12840394.40813970,0
1714078800000,64794.28000000,65297.94000000,64775.19000000,64931.65000000,804.45068000,1714080599999,52311294.81029560,35136,419.73865000,27300230.81059900,0
1714080600000,64931.66000000,65124.42000000,64681.34000000,64710.01000000,507.55782000,1714082399999,32942685.04104640,22106,132.09413000,8571920.06277970,0
1714082400000,64710.01000000,64740.00000000,64582.89000000,64729.98000000,401.82159000,1714084199999,25979632.71248200,19062,167.11334000,10804573.35705750,0
1714084200000,64729.99000000,64729.99000000,64556.00000000,64602.99000000,240.07185000,1714085999999,15516069.34130120,12632,104.96772000,6783706.94854840,0
1714086000000,64602.99000000,64747.12000000,64469.99000000,64520.91000000,477.05052000,1714087799999,30812380.86407620,16985,223.70450000,14450056.29988510,0
1714087800000,64520.90000000,64574.07000000,64447.75000000,64498.34000000,291.41319000,1714089599999,18797952.16565190,11536,165.36705000,10666656.80589250,0
1714089600000,64498.33000000,64557.03000000,64220.20000000,64381.25000000,453.94414000,1714091399999,29235903.74358690,22277,204.41901000,13165845.26094350,0
1714091400000,64381.24000000,64382.92000000,64111.01000000,64307.03000000,681.52980000,1714093199999,43785864.61334690,26664,313.07124000,20113973.74434900,0
1714093200000,64307.03000000,64309.55000000,63890.82000000,64152.76000000,940.19864000,1714094999999,60218734.64725020,32948,480.73881000,30787331.97295330,0
1714095000000,64152.76000000,64662.50000000,64100.00000000,64402.97000000,635.88204000,1714096799999,40953368.51710280,29187,366.15584000,23578491.11443080,0
1714096800000,64402.98000000,64662.53000000,64304.88000000,64475.00000000,533.48756000,1714098599999,34407905.72536750,22280,290.90509000,18761501.77649750,0
1714098600000,64475.01000000,64537.50000000,64360.97000000,64499.91000000,366.49864000,1714100399999,23620899.55467790,14062,187.02733000,12055461.80832120,0
1714100400000,64499.92000000,64506.25000000,64294.78000000,64344.01000000,538.98961000,1714102199999,34710797.07076090,17556,200.72091000,12926533.46822410,0
1714102200000,64344.00000000,64430.31000000,64332.16000000,64381.24000000,350.57346000,1714103999999,22573271.19579560,12543,177.17229000,11407571.18007470,0
1714104000000,64381.25000000,64391.37000000,64175.32000000,64380.00000000,395.14952000,1714105799999,25402747.33818550,15836,190.70791000,12260145.12736050,0
1714105800000,64380.00000000,64380.01000000,64202.43000000,64210.85000000,256.39859000,1714107599999,16483044.05129110,11596,121.86239000,7833744.69242670,0
1714107600000,64210.84000000,64300.00000000,64000.02000000,64217.01000000,493.67993000,1714109399999,31670446.03201870,18155,221.20092000,14188521.49895400,0
1714109400000,64217.01000000,64574.32000000,64208.86000000,64553.99000000,665.40869000,1714111199999,42884756.37323440,17414,373.41636000,24061307.68527690,0
1714111200000,64553.99000000,64576.26000000,64404.08000000,64409.23000000,283.27185000,1714112999999,18266731.63397990,12805,95.29242000,6144812.61111340,0
1714113000000,64409.24000000,64475.00000000,64256.25000000,64377.57000000,304.20971000,1714114799999,19589551.00359630,14397,147.95383000,9527866.11216370,0
1714114800000,64377.56000000,64610.82000000,64272.41000000,64483.64000000,512.33356000,1714116599999,32995527.07453420,18021,286.37493000,18443563.71096840,0
1714116600000,64483.64000000,64535.39000000,64240.21000000,64276.95000000,910.14180000,1714118399999,58556869.55039940,25385,515.05382000,33139500.59760720,0
1714118400000,64276.94000000,64468.92000000,64234.19000000,64360.00000000,637.42514000,1714120199999,41007066.93046190,18638,281.40813000,18107946.31406470,0
1714120200000,64359.99000000,64449.34000000,64304.01000000,64412.50000000,268.25788000,1714121999999,17271736.37203740,13038,143.83541000,9260736.16928960,0
1714122000000,64412.50000000,64532.95000000,64329.42000000,64505.72000000,345.76854000,1714123799999,22281290.86215480,15008,180.53175000,11633357.22752880,0
1714123800000,64505.71000000,64581.52000000,64377.70000000,64474.99000000,507.48301000,1714125599999,32716439.98271030,15887,260.22748000,16779114.31932070,0
1714125600000,64474.99000000,64556.45000000,64307.14000000,64331.61000000,237.72796000,1714127399999,15318114.69587180,12690,94.94539000,6119173.34276190,0
1714127400000,64331.60000000,64404.00000000,64059.80000000,64100.01000000,975.39359000,1714129199999,62626625.61112320,27181,417.60452000,26807611.49302450,0
1714129200000,64100.01000000,64242.00000000,64100.00000000,64124.11000000,357.25096000,1714130999999,22923689.48944540,14374,183.62493000,11782229.60409100,0
1714131000000,64124.11000000,64264.74000000,64070.00000000,64244.02000000,233.26844000,1714132799999,14970502.21164890,12499,122.06200000,7833590.06180590,0
1714132800000,64244.03000000,64471.75000000,64156.92000000,64271.89000000,375.52470000,1714134599999,24157883.93401120,18603,195.66707000,12587717.18046370,0
1714134600000,64271.90000000,64517.99000000,63950.00000000,64142.79000000,923.76796000,1714136399999,59344532.47848650,35580,388.61428000,24973884.40606940,0
1714136400000,64142.78000000,64188.47000000,63718.13000000,63816.89000000,1045.00540000,1714138199999,66786064.74211280,37797,430.90568000,27534403.59543470,0
1714138200000,63816.89000000,64582.93000000,63685.94000000,64500.01000000,1467.04229000,1714139999999,94184653.80556530,45838,881.59523000,56610801.54365280,0
1714140000000,64500.00000000,64820.01000000,64306.99000000,64377.99000000,1283.77276000,1714141799999,82929160.80015870,44812,685.57120000,44293240.78189680,0
1714141800000,64377.99000000,64529.42000000,63791.91000000,63854.16000000,1884.03602000,1714143599999,120597094.55956790,52342,851.23986000,54484034.07569730,0
1714143600000,63854.15000000,64030.00000000,63297.48000000,63432.20000000,1948.26386000,1714145399999,123974024.00369050,58295,907.24900000,57751348.37691010,0
1714145400000,63432.20000000,63600.00000000,63354.00000000,63503.22000000,763.35629000,1714147199999,48456002.72453600,31862,440.10697000,27935779.96229010,0
1714147200000,63503.22000000,63786.31000000,63318.75000000,63710.37000000,942.12932000,1714148999999,59880952.55143700,32909,538.67638000,34239173.10506950,0
1714149000000,63710.38000000,63776.91000000,63560.98000000,63662.51000000,432.54471000,1714150799999,27550310.44545740,19015,207.60029000,13223764.82521160,0
1714150800000,63662.50000000,63858.82000000,63550.97000000,63824.64000000,422.36173000,1714152599999,26906463.52325110,19990,232.64799000,14821578.14941310,0
1714152600000,63824.64000000,64115.12000000,63751.60000000,64008.40000000,763.52750000,1714154399999,48818684.74492460,27903,458.58515000,29316581.33963280,0
1714154400000,64008.40000000,64112.44000000,63957.75000000,63996.27000000,348.25487000,1714156199999,22298497.86085450,15438,149.90808000,9597560.38977600,0
1714156200000,63996.28000000,64162.50000000,63943.82000000,64060.00000000,237.88121000,1714157999999,15235140.02634350,14085,117.01739000,7494738.98484090,0
1714158000000,64060.01000000,64131.25000000,63870.18000000,63914.74000000,286.62507000,1714159799999,18339250.23443370,14323,125.87386000,8053338.70140410,0
1714159800000,63914.75000000,63943.75000000,63727.89000000,63742.05000000,279.62664000,1714161599999,17856568.28108330,14581,157.81748000,10078659.41406930,0
1714161600000,63742.07000000,64107.32000000,63742.05000000,63915.94000000,399.82122000,1714163399999,25569606.98195360,17411,234.34369000,14985164.15082250,0
1714163400000,63915.93000000,63993.87000000,63892.28000000,63966.39000000,191.93014000,1714165199999,12270154.69723790,11309,83.71689000,5351728.35844460,0
1714165200000,63966.39000000,64025.77000000,63830.00000000,63866.90000000,190.98562000,1714166999999,12207704.51153670,10378,77.19689000,4933946.42957550,0
1714167000000,63866.89000000,64080.56000000,63866.89000000,64059.97000000,187.67376000,1714168799999,12008209.75809150,11777,133.01055000,8509857.94670650,0
1714168800000,64059.96000000,64059.97000000,63758.62000000,63821.96000000,305.85846000,1714170599999,19549098.56545000,14840,144.73193000,9250529.55981290,0
1714170600000,63821.95000000,63881.25000000,63689.22000000,63821.93000000,252.84434000,1714172399999,16128321.06592420,16273,128.33545000,8186112.75231860,0
1714172400000,63821.94000000,63913.46000000,63756.25000000,63846.00000000,159.00816000,1714174199999,10151181.14404710,11044,88.98583000,5680772.07647600,0
1714174200000,63846.01000000,63846.01000000,63768.88000000,63770.01000000,109.07837000,1714175999999,6959911.63300180,8715,54.52662000,3479110.51935820,0
1714176000000,63770.00000000,63923.41000000,63508.00000000,63528.60000000,361.20679000,1714177799999,23016637.10295370,19002,168.08849000,10713012.95035410,0
1714177800000,63528.59000000,63537.50000000,62851.00000000,63181.99000000,1752.92408000,1714179599999,110749890.91973840,59813,671.93385000,42439670.08078300,0
1714179600000,63182.00000000,63272.72000000,62391.24000000,62615.58000000,1933.99139000,1714181399999,121516050.97047270,66368,813.78715000,51144878.24707950,0
1714181400000,62615.58000000,62783.18000000,62541.27000000,62593.28000000,851.51796000,1714183199999,53354182.80769540,31085,381.05472000,23878118.33542780,0
1714183200000,62593.28000000,63173.57000000,62471.52000000,63167.70000000,748.81343000,1714184999999,47043288.40084420,31196,429.98929000,27016147.93060720,0
1714185000000,63167.69000000,63325.12000000,62912.50000000,62929.97000000,431.15323000,1714186799999,27212322.16061430,22139,212.16662000,13392517.08499020,0
1714186800000,62929.98000000,63140.00000000,62808.00000000,63082.01000000,339.66230000,1714188599999,21395928.86451560,17168,178.01365000,11215559.19878710,0
1714188600000,63082.01000000,63153.06000000,62975.00000000,63082.01000000,238.49985000,1714190399999,15044335.77738500,12579,114.07992000,7196163.95774520,0
1714190400000,63082.00000000,63140.01000000,62950.01000000,63132.00000000,251.94670000,1714192199999,15877939.52502150,13187,118.60926000,7475039.73984210,0
1714192200000,63132.00000000,63175.00000000,62943.75000000,63048.57000000,383.20249000,1714193999999,24165195.56248200,14349,166.80612000,10517354.78075130,0
1714194000000,63048.57000000,63091.82000000,62808.00000000,63026.00000000,388.04158000,1714195799999,24427067.87759200,17298,207.47118000,13059631.03322510,0
1714195800000,63026.01000000,63077.78000000,62932.59000000,62988.25000000,274.04358000,1714197599999,17263736.31340290,15137,137.73076000,8676174.56864710,0
1714197600000,62988.25000000,63068.60000000,62910.00000000,62952.97000000,245.91476000,1714199399999,15491351.07350570,13672,109.31290000,6887022.98000790,0
1714199400000,62952.97000000,63147.88000000,62865.46000000,63028.00000000,301.93875000,1714201199999,19021161.96492040,14450,157.87011000,9946162.97810850,0
1714201200000,63028.00000000,63141.99000000,62986.00000000,63096.66000000,200.00250000,1714202999999,12620231.70364750,13354,105.04791000,6628885.92915770,0
1714203000000,63096.66000000,63160.71000000,62946.00000000,62966.83000000,197.31421000,1714204799999,12439301.46338490,12994,86.11365000,5428714.26439240,0
1714204800000,62966.84000000,63025.95000000,62913.48000000,63004.64000000,277.87266000,1714206599999,17500805.57190800,13207,111.58873000,7028757.81444640,0
1714206600000,63004.65000000,63060.00000000,62933.63000000,63016.01000000,176.90824000,1714208399999,11145022.00001390,12741,77.61702000,4890124.45970200,0
1714208400000,63016.01000000,63055.49000000,62878.78000000,62964.72000000,274.95628000,1714210199999,17305244.40273950,14499,114.57725000,7212214.67868850,0
1714210200000,62964.71000000,63028.42000000,62938.35000000,62984.45000000,159.07213000,1714211999999,10017887.73917680,10984,80.08890000,5043404.04062520,0
1714212000000,62984.45000000,62991.54000000,62881.64000000,62954.67000000,180.85515000,1714213799999,11385400.05436880,11497,61.53047000,3873683.55345920,0
1714213800000,62954.66000000,62954.67000000,62730.00000000,62796.00000000,494.21043000,1714215599999,31048878.22730360,19231,207.03159000,13002897.66465620,0
1714215600000,62795.99000000,62902.96000000,62673.37000000,62885.74000000,287.78168000,1714217399999,18070055.30360380,17015,173.68469000,10906425.45579120,0
1714217400000,62885.73000000,62950.00000000,62850.00000000,62862.14000000,228.03437000,1714219199999,14340481.40319090,12629,111.28510000,6998643.85280820,0
1714219200000,62862.13000000,63174.00000000,62810.29000000,62978.02000000,1208.46305000,1714220999999,76187893.04339240,37667,524.96993000,33086276.04085920,0
1714221000000,62978.01000000,63095.18000000,62940.02000000,63034.62000000,239.92149000,1714222799999,15119745.38938070,12843,109.66734000,6910781.96818550,0
1714222800000,63034.62000000,63250.00000000,63006.21000000,63111.24000000,315.49174000,1714224599999,19913071.87031240,16824,191.50260000,12085981.42205460,0
1714224600000,63111.24000000,63271.79000000,63063.82000000,63227.09000000,417.51365000,1714226399999,26381859.51933380,17884,235.12088000,14856653.77705520,0
1714226400000,63227.09000000,63408.53000000,63146.00000000,63154.10000000,570.80615000,1714228199999,36108184.21707110,22327,289.40433000,18308972.59286520,0
1714228200000,63154.10000000,63264.03000000,63063.82000000,63131.65000000,266.21571000,1714229999999,16810322.35286190,14379,127.45797000,8047868.90737720,0
1714230000000,63131.65000000,63212.09000000,63015.24000000,63050.01000000,198.57148000,1714231799999,12530964.73736260,13662,94.40529000,5958214.46981750,0
1714231800000,63050.00000000,63077.44000000,62860.00000000,62951.75000000,286.87295000,1714233599999,18057030.58833540,17371,122.59375000,7716539.05580500,0
1714233600000,62951.75000000,63111.89000000,62777.15000000,62788.01000000,550.98286000,1714235399999,34710588.81974640,18920,215.49065000,13576301.90293150,0
1714235400000,62788.00000000,62934.00000000,62750.00000000,62750.00000000,397.12719000,1714237199999,24963307.13066050,17835,175.01616000,11002048.57606450,0
1714237200000,62750.00000000,62965.01000000,62750.00000000,62930.65000000,258.45115000,1714238999999,16243879.80445930,14268,144.06449000,9054939.46997260,0
1714239000000,62930.66000000,63650.00000000,62879.99000000,63416.21000000,1285.08611000,1714240799999,81379103.65533030,45704,701.62138000,44427793.35694440,0
1714240800000,63416.22000000,63619.96000000,62821.82000000,63054.12000000,1377.14763000,1714242599999,87095190.06333230,42095,707.78012000,44764183.44275140,0
1714242600000,63054.13000000,63431.78000000,63050.00000000,63339.05000000,531.53297000,1714244399999,33626870.86149780,22975,302.76723000,19151130.32115480,0
1714244400000,63339.06000000,63388.42000000,63192.07000000,63249.99000000,315.11029000,1714246199999,19948429.59498590,14203,112.23655000,7104344.15492120,0
1714246200000,63249.99000000,63370.00000000,63233.33000000,63352.11000000,198.41431000,1714247999999,12561628.35326640,10413,107.75325000,6821507.94320400,0
1714248000000,63352.11000000,63461.53000000,63160.00000000,63171.11000000,285.18246000,1714249799999,18047545.27566490,14450,123.46392000,7815624.63767310,0
1714249800000,63171.11000000,63284.26000000,63171.11000000,63277.99000000,124.23191000,1714251599999,7856497.77374130,8777,64.89227000,4103660.37933510,0
1714251600000,63277.99000000,63295.13000000,63157.98000000,63194.97000000,142.72792000,1714253399999,9024204.74713330,9988,56.99218000,3603353.32110040,0
1714253400000,63194.96000000,63357.32000000,63188.00000000,63289.57000000,130.24704000,1714255199999,8241214.70128570,8407,81.11620000,5132032.67046850,0
1714255200000,63289.57000000,63474.99000000,63286.72000000,63321.01000000,333.53343000,1714256999999,21138357.92184730,15209,173.50908000,10996534.62631150,0
1714257000000,63321.00000000,63321.01000000,63233.81000000,63259.99000000,132.94142000,1714258799999,8411691.51172280,9101,48.91181000,3094793.22599680,0
1714258800000,63260.00000000,63470.00000000,63259.99000000,63454.00000000,193.91506000,1714260599999,12294331.96519080,10248,108.34775000,6868253.44763170,0
1714260600000,63454.01000000,63555.56000000,63426.47000000,63461.98000000,192.70801000,1714262399999,12233396.69871910,11278,89.38879000,5674413.92072390,0
1714262400000,63461.98000000,63748.55000000,63456.86000000,63734.00000000,459.95699000,1714264199999,29235830.75846620,21665,258.20303000,16415371.70501780,0
1714264200000,63734.01000000,63734.01000000,63544.69000000,63616.57000000,177.66210000,1714265999999,11302068.66998160,10498,88.23325000,5613297.07576290,0
1714266000000,63616.58000000,63672.40000000,63523.45000000,63598.00000000,210.10539000,1714267799999,13365225.85237210,12107,75.21453000,4784065.20719150,0
1714267800000,63597.99000000,63698.74000000,63527.86000000,63603.60000000,195.31622000,1714269599999,12424640.72665950,11510,78.03390000,4964013.72380440,0
1714269600000,63603.60000000,63628.00000000,63552.68000000,63594.52000000,157.99098000,1714271399999,10046155.57649340,8980,61.55939000,3914171.64305880,0
1714271400000,63594.52000000,64050.00000000,63561.55000000,63950.00000000,710.51801000,1714273199999,45400918.83928530,25803,420.67852000,26879274.28585790,0
1714273200000,63950.01000000,64370.00000000,63932.78000000,64167.50000000,1102.64028000,1714274999999,70762660.99362440,36066,579.97253000,37216988.87111870,0
1714275000000,64167.50000000,64190.00000000,64007.70000000,64021.62000000,371.44665000,1714276799999,23804560.74068700,15266,146.41166000,9382694.66881840,0
1714276800000,64021.62000000,64049.99000000,63936.46000000,64026.00000000,385.46517000,1714278599999,24669431.77963920,14551,210.94048000,13500006.88130900,0
1714278600000,64026.01000000,64026.01000000,63827.88000000,63843.14000000,260.15999000,1714280399999,16625580.15056700,13943,100.88572000,6446966.81208400,0
1714280400000,63843.14000000,63896.85000000,63810.00000000,63877.99000000,262.09237000,1714282199999,16733849.10668030,12392,100.55982000,6420111.98128590,0
1714282200000,63878.00000000,64000.00000000,63854.87000000,63953.99000000,236.46462000,1714283999999,15113789.51811340,12971,106.64278000,6816886.66943940,0
1714284000000,63954.00000000,63988.00000000,63800.00000000,63801.71000000,223.88854000,1714285799999,14306537.50344030,15609,69.22752000,4423635.39848000,0
1714285800000,63801.72000000,64017.29000000,63801.71000000,63967.14000000,418.97534000,1714287599999,26779219.07182470,14251,194.89800000,12457385.05955000,0
1714287600000,63967.14000000,64060.00000000,63894.21000000,63966.00000000,301.50428000,1714289399999,19288116.38009650,16920,100.94184000,6458392.28888490,0
1714289400000,63966.00000000,64008.00000000,63900.00000000,63915.50000000,217.12395000,1714291199999,13883836.67427680,11259,113.55978000,7262039.21553510,0
1714291200000,63915.50000000,63979.27000000,63843.17000000,63884.00000000,301.88633000,1714292999999,19293798.10534270,13521,137.07885000,8760466.71567480,0
1714293000000,63884.00000000,63899.93000000,63639.17000000,63709.98000000,519.04677000,1714294799999,33081965.98303360,21913,177.56775000,11315118.29429750,0
1714294800000,63709.99000000,63823.79000000,63676.00000000,63812.02000000,223.87248000,1714296599999,14276067.31282250,12484,105.48860000,6727018.22930850,0
1714296600000,63812.01000000,63812.02000000,63682.96000000,63759.33000000,179.52808000,1714298399999,11444436.66031780,11936,68.43958000,4362284.27002870,0
1714298400000,63759.34000000,63792.60000000,63345.55000000,63579.99000000,712.17975000,1714300199999,45248618.26564670,27218,299.03507000,18989302.91482970,0
1714300200000,63579.99000000,63706.00000000,63563.65000000,63694.50000000,223.72046000,1714301999999,14239250.39997580,13135,125.57821000,7993341.55104630,0
1714302000000,63694.50000000,63710.87000000,63406.00000000,63469.99000000,369.45443000,1714303799999,23480204.46469180,18188,132.88318000,8445419.98364570,0
1714303800000,63469.99000000,63523.05000000,63394.68000000,63484.01000000,224.44186000,1714305599999,14245079.55941080,14638,100.01914000,6348387.17682570,0
1714305600000,63484.00000000,63596.93000000,63415.60000000,63568.01000000,319.43142000,1714307399999,20293469.66755250,14985,148.86313000,9457705.79055610,0
1714307400000,63568.01000000,63673.00000000,63544.44000000,63590.03000000,264.80697000,1714309199999,16843799.20213650,12034,114.83925000,7304716.42319060,0
1714309200000,63590.03000000,63869.09000000,63534.00000000,63699.99000000,490.17013000,1714310999999,31234184.64105960,22162,261.21788000,16647618.73951670,0
1714311000000,63700.00000000,63839.35000000,63676.89000000,63775.43000000,231.02083000,1714312799999,14732215.89260410,14794,113.49243000,7237650.22032440,0
1714312800000,63775.42000000,63783.60000000,63550.00000000,63632.38000000,347.38250000,1714314599999,22117428.48103600,16091,104.72131000,6667748.34317690,0
1714314600000,63632.39000000,63728.34000000,63488.00000000,63607.19000000,284.48880000,1714316399999,18093547.66169210,15897,144.29686000,9177560.05112280,0
1714316400000,63607.20000000,63652.00000000,63504.83000000,63532.00000000,250.47329000,1714318199999,15922735.30048180,14751,113.40790000,7209700.39281550,0
1714318200000,63532.00000000,63580.00000000,63460.00000000,63540.00000000,233.88574000,1714319999999,14858111.75963410,15057,106.12688000,6742217.67825660,0
1714320000000,63540.00000000,63720.00000000,63483.18000000,63696.00000000,275.54099000,1714321799999,17526781.92928420,16724,148.55358000,9449694.49762240,0
1714321800000,63696.01000000,63800.40000000,63562.10000000,63705.38000000,306.00866000,1714323599999,19497705.62437860,17594,148.80846000,9482457.13744440,0
1714323600000,63705.38000000,63725.50000000,63570.30000000,63604.96000000,184.60644000,1714325399999,11750642.45113700,12354,77.06371000,4905184.09882260,0
1714325400000,63604.96000000,63814.00000000,63604.95000000,63768.47000000,172.02347000,1714327199999,10961223.59622060,11303,102.17211000,6509854.04939490,0
1714327200000,63768.47000000,63776.00000000,63694.50000000,63760.00000000,122.68985000,1714328999999,7819463.40656380,9893,56.03862000,3571475.98709920,0
1714329000000,63759.99000000,63976.00000000,63701.04000000,63923.99000000,393.45131000,1714330799999,25124125.93301860,19397,194.30006000,12408514.08852400,0
1714330800000,63924.00000000,63928.00000000,63792.68000000,63800.76000000,201.04504000,1714332599999,12837375.37679420,11318,77.24051000,4931181.53586410,0
1714332600000,63800.77000000,63800.77000000,63715.36000000,63730.49000000,132.62353000,1714334399999,8456122.11850620,9820,55.50073000,3538629.76173710,0
1714334400000,63730.49000000,63745.91000000,63588.72000000,63605.01000000,176.94587000,1714336199999,11262824.91006590,14136,76.65614000,4878836.98256660,0
1714336200000,63605.01000000,63688.79000000,63605.01000000,63686.00000000,120.94287000,1714337999999,7698194.36733250,8294,77.76632000,4949674.80113570,0
1714338000000,63686.00000000,63745.86000000,63622.54000000,63680.49000000,168.24263000,1714339799999,10713122.98290110,9430,84.89144000,5405482.76832110,0
1714339800000,63680.50000000,63683.61000000,63609.00000000,63661.99000000,134.52382000,1714341599999,8561499.48316030,8724,54.75944000,3485111.40221750,0
1714341600000,63662.00000000,63714.76000000,63357.31000000,63480.41000000,499.71852000,1714343399999,31736846.04189810,22070,249.57117000,15847506.81525330,0
1714343400000,63480.42000000,63480.42000000,62870.00000000,63151.05000000,1740.93263000,1714345199999,109903022.26605110,48510,879.32327000,55500520.60802450,0
1714345200000,63151.06000000,63151.06000000,62781.00000000,62967.21000000,924.58247000,1714346999999,58185906.41832680,34081,390.10856000,24556657.21218790,0
1714347000000,62967.21000000,63164.70000000,62828.65000000,63118.62000000,528.22123000,1714348799999,33267823.86794450,24409,309.56522000,19498927.56147470,0
1714348800000,63118.62000000,63321.90000000,63002.86000000,63217.99000000,459.20304000,1714350599999,29020231.96674340,22223,216.44832000,13677327.36641930,0
1714350600000,63217.99000000,63295.13000000,63160.34000000,63257.43000000,180.63022000,1714352399999,11420541.96242880,12012,83.76126000,5295768.89995700,0
1714352400000,63257.42000000,63286.27000000,63084.18000000,63167.70000000,275.51207000,1714354199999,17403273.25425270,14404,128.31956000,8105721.87178360,0
1714354200000,63167.69000000,63367.05000000,63167.69000000,63232.00000000,263.40963000,1714355999999,16660473.37499090,14434,125.61400000,7945604.43716680,0
1714356000000,63231.99000000,63285.08000000,63046.85000000,63127.99000000,259.29788000,1714357799999,16379059.84689960,14604,124.59214000,7868907.11184060,0
1714357800000,63128.00000000,63128.00000000,62570.00000000,62706.33000000,1008.43414000,1714359599999,63293567.35575760,38049,396.66360000,24895422.46137370,0
1714359600000,62706.34000000,62764.84000000,62442.50000000,62655.72000000,807.61591000,1714361399999,50535934.17831840,32284,361.09252000,22597801.81523460,0
1714361400000,62655.71000000,62684.51000000,62150.52000000,62279.67000000,928.26893000,1714363199999,57976850.29800800,34189,417.50929000,26079457.97218310,0
1714363200000,62279.68000000,62560.74000000,62200.03000000,62528.00000000,535.43520000,1714364999999,33410964.82842460,25659,306.41455000,19120682.99027480,0
1714365000000,62528.01000000,62639.40000000,62505.12000000,62542.00000000,432.71031000,1714366799999,27075105.90755520,16866,197.25273000,12342447.03774070,0
1714366800000,62542.00000000,62542.00000000,62331.11000000,62344.01000000,251.31609000,1714368599999,15692329.06169370,13703,126.38841000,7891975.32867750,0
1714368600000,62344.02000000,62453.76000000,62059.27000000,62444.88000000,664.72914000,1714370399999,41397516.42488810,28080,319.30061000,19891289.87471220,0
1714370400000,62444.88000000,62473.80000000,62231.34000000,62304.24000000,431.46099000,1714372199999,26910926.93731220,19660,210.90340000,13156142.52727660,0
1714372200000,62304.24000000,62304.24000000,61923.13000000,62199.69000000,1298.92354000,1714373999999,80672383.52807130,46932,560.44520000,34809148.41612730,0
1714374000000,62199.69000000,62301.15000000,61942.38000000,62273.20000000,872.79333000,1714375799999,54241772.34284950,30617,480.17709000,29845335.24614250,0
1714375800000,62273.19000000,62417.85000000,62222.98000000,62399.98000000,490.53708000,1714377599999,30572569.57844730,20748,267.94986000,16699800.13929230,0
1714377600000,62399.98000000,62498.61000000,62220.01000000,62376.71000000,475.90279000,1714379399999,29681344.76429970,21336,250.48474000,15623569.39145530,0
1714379400000,62376.72000000,62422.00000000,62227.96000000,62398.00000000,334.96206000,1714381199999,20885528.46419170,18371,177.82317000,11088737.52900190,0
1714381200000,62397.99000000,62406.00000000,62276.73000000,62294.01000000,276.23146000,1714382999999,17216407.05768810,16296,158.45628000,9876124.47845470,0
1714383000000,62294.01000000,62660.01000000,62284.47000000,62536.01000000,400.52627000,1714384799999,25015266.90264710,19855,272.62903000,17026714.22780940,0
1714384800000,62536.01000000,62673.18000000,62491.30000000,62524.00000000,461.51363000,1714386599999,28875614.81467120,20038,237.51558000,14860272.95320310,0
1714386600000,62524.00000000,62560.00000000,62388.96000000,62388.97000000,297.38216000,1714388399999,18574352.77960760,15428,151.93705000,9490107.23150800,0
1714388400000,62388.96000000,62421.66000000,62325.60000000,62342.03000000,266.50811000,1714390199999,16624721.06805260,14100,141.56292000,8831116.91576290,0
1714390200000,62342.04000000,62368.23000000,62179.99000000,62256.00000000,520.88285000,1714391999999,32436803.17449030,21905,243.48679000,15162944.68865030,0
1714392000000,62256.00000000,62388.43000000,62196.40000000,62334.01000000,376.28950000,1714393799999,23448267.43145180,16487,207.18317000,12911838.99873040,0
1714393800000,62334.01000000,62653.44000000,62049.00000000,62602.33000000,1050.69291000,1714395599999,65564580.31702600,33276,635.89343000,39694690.78104690,0
1714395600000,62602.32000000,62698.55000000,62440.00000000,62508.00000000,641.39358000,1714397399999,40126666.93199970,22520,312.54098000,19554964.36135280,0
1714397400000,62508.00000000,62600.00000000,61765.53000000,62014.00000000,1898.49949000,1714399199999,117870598.08254040,65127,860.11226000,53407783.19578690,0
1714399200000,62014.00000000,62882.30000000,61878.61000000,62824.00000000,1798.90899000,1714400999999,112202700.67344890,49773,1009.23628000,62965683.52360330,0
1714401000000,62824.00000000,63014.67000000,62674.00000000,62834.99000000,1164.14487000,1714402799999,73133429.52048010,36250,600.18841000,37708433.19359900,0
1714402800000,62834.99000000,62953.05000000,62735.55000000,62904.00000000,579.50923000,1714404599999,36421752.56887740,22705,262.45747000,16494970.63555520,0
1714404600000,62904.00000000,63112.29000000,62860.00000000,63039.07000000,703.07688000,1714406399999,44272889.91688790,25745,369.47917000,23267924.47252330,0
1714406400000,63039.07000000,63158.80000000,62933.40000000,62978.38000000,675.25537000,1714408199999,42562053.12513030,25458,327.90610000,20668122.04847300,0
1714408200000,62978.38000000,62981.85000000,62754.00000000,62792.02000000,553.77082000,1714409999999,34811482.28409460,22677,207.86568000,13067769.12232400,0
1714410000000,62792.01000000,63221.74000000,62774.38000000,63184.22000000,435.82450000,1714411799999,27448887.63033130,22497,245.86539000,15485135.13516920,0
1714411800000,63184.22000000,63206.00000000,62960.00000000,63033.23000000,344.05358000,1714413599999,21692256.19154750,17173,148.79965000,9380521.17515160,0
1714413600000,63033.24000000,63050.00000000,62848.27000000,62940.87000000,299.50660000,1714415399999,18850681.68585290,15263,110.71947000,6967640.92871200,0
1714415400000,62940.88000000,62950.46000000,62705.88000000,62870.00000000,312.78692000,1714417199999,19649699.63485430,17238,120.57262000,7573346.40453630,0
1714417200000,62870.00000000,62870.01000000,62546.37000000,62684.96000000,549.24049000,1714418999999,34417944.08936410,24211,249.27387000,15618953.54740940,0
1714419000000,62684.95000000,62988.00000000,62665.94000000,62987.37000000,333.63891000,1714420799999,20957499.46432740,19820,164.00072000,10301347.27727990,0
1714420800000,62987.37000000,63134.12000000,62894.85000000,63022.94000000,357.20011000,1714422599999,22518260.87412250,18217,150.12035000,9462797.66239540,0
1714422600000,63022.94000000,63076.00000000,62939.04000000,62968.82000000,183.23181000,1714424399999,11544470.05005300,11310,76.37234000,4811966.05122580,0
1714424400000,62968.83000000,63039.14000000,62820.00000000,62942.51000000,245.66884000,1714426199999,15464109.05045500,12540,101.84432000,6409243.43930180,0
1714426200000,62942.52000000,63172.58000000,62888.42000000,63092.24000000,233.45705000,1714427999999,14716100.54306490,12921,127.38898000,8030382.09669120,0
1714428000000,63092.23000000,63497.54000000,63041.04000000,63497.53000000,627.72608000,1714429799999,39725864.26944880,30206,357.84607000,22648228.26494130,0
1714429800000,63497.54000000,63935.91000000,63497.53000000,63890.00000000,1108.81372000,1714431599999,70715070.74273590,42327,672.79500000,42900230.99888240,0
1714431600000,63890.01000000,64228.35000000,63874.01000000,63960.47000000,1038.80106000,1714433399999,66529633.37384190,38170,516.76001000,33094814.38025730,0
1714433400000,63960.47000000,64080.00000000,63810.00000000,63866.00000000,444.55133000,1714435199999,28419886.35949510,18592,194.64453000,12444113.70100030,0
1714435200000,63866.00000000,63996.32000000,63688.04000000,63992.56000000,408.92749000,1714436999999,26099040.24215920,20540,226.06221000,14429941.06139640,0
1714437000000,63992.57000000,64734.00000000,63889.88000000,64580.00000000,1649.00639000,1714438799999,106076618.76536750,50805,924.86663000,59507819.31827320,0
1714438800000,64579.99000000,64614.00000000,64165.24000000,64249.99000000,612.81482000,1714440599999,39459620.02499960,26808,264.23769000,17015950.69446690,0
1714440600000,64250.00000000,64250.00000000,63560.50000000,63606.01000000,903.93461000,1714442399999,57847155.96426550,36356,359.98007000,23049361.57933960,0
1714442400000,63606.01000000,63696.61000000,62995.70000000,63609.10000000,1927.56835000,1714444199999,122090027.34242570,60654,1018.71555000,64522794.40219840,0
1714444200000,63609.10000000,63896.12000000,63553.99000000,63780.91000000,512.78828000,1714445999999,32702061.74990160,21336,295.28168000,18829896.94976390,0
1714446000000,63780.92000000,63780.92000000,63561.32000000,63741.68000000,301.72986000,1714447799999,19212940.40849510,16209,142.52419000,9075740.53150840,0
1714447800000,63741.68000000,63820.58000000,63623.00000000,63647.99000000,325.22154000,1714449599999,20713245.62266580,16489,168.87849000,10756957.29544440,0
1714449600000,63647.99000000,63708.70000000,63477.04000000,63506.51000000,218.83518000,1714451399999,13919457.09839050,14467,99.18944000,6309876.54967770,0
1714451400000,63506.51000000,63637.33000000,63343.47000000,63403.98000000,380.84000000,1714453199999,24172860.24816470,18449,155.48135000,9869588.95245930,0
1714453200000,63403.98000000,63491.59000000,63254.00000000,63376.01000000,369.96773000,1714454999999,23453209.28632030,19049,176.91352000,11215524.23144370,0
1714455000000,63376.01000000,63376.02000000,63069.68000000,63330.00000000,598.60157000,1714456799999,37840398.50455260,27152,294.65061000,18624723.05478620,0
1714456800000,63330.00000000,63420.14000000,63227.47000000,63376.91000000,299.03603000,1714458599999,18937034.61028640,15377,163.55727000,10357727.62698310,0
1714458600000,63376.92000000,63465.10000000,63355.60000000,63412.00000000,183.57062000,1714460399999,11638816.23754450,14232,93.25618000,5912414.69405640,0
1714460400000,63412.00000000,63430.73000000,63357.71000000,63370.00000000,177.58392000,1714462199999,11257135.54067610,11605,92.11114000,5839025.74199660,0
1714462200000,63370.00000000,63461.96000000,63135.70000000,63148.74000000,806.64508000,1714463999999,51055412.47575860,31153,404.30426000,25590008.47673500,0
1714464000000,63148.74000000,63244.00000000,62734.79000000,62752.00000000,1173.56155000,1714465799999,73863106.99981540,44359,478.30508000,30103031.58019650,0
1714465800000,62752.00000000,62760.56000000,61816.46000000,61919.32000000,3112.50130000,1714467599999,193705978.37265580,96143,1397.76577000,86978014.16388940,0
1714467600000,61919.32000000,62148.00000000,61800.00000000,61989.96000000,1499.12457000,1714469399999,92921363.79496420,47685,772.18669000,47861086.73555580,0
1714469400000,61989.96000000,61989.96000000,61600.00000000,61688.01000000,1207.19860000,1714471199999,74584354.61274490,46007,585.14074000,36155261.88979150,0
1714471200000,61688.01000000,61777.72000000,61451.01000000,61748.57000000,1250.57077000,1714472999999,77089862.77073340,43612,592.51513000,36531937.40005030,0
1714473000000,61748.57000000,61788.05000000,61550.80000000,61782.19000000,630.56755000,1714474799999,38896209.39922490,26774,292.76578000,18058765.41825110,0
1714474800000,61782.18000000,61782.19000000,61200.00000000,61288.93000000,1186.71063000,1714476599999,72961324.41407250,42995,470.19366000,28923148.08856000,0
1714476600000,61288.94000000,61378.11000000,61000.00000000,61204.42000000,4007.89872000,1714478399999,245370257.45923110,90552,2433.97258000,149014318.86330810,0
1714478400000,61204.41000000,61337.78000000,60737.45000000,61296.11000000,2183.49769000,1714480199999,133322363.62322980,86308,950.04513000,58027929.19584980,0
1714480200000,61296.11000000,61329.42000000,61118.56000000,61230.16000000,828.54684000,1714481999999,50724035.87131770,39422,402.35200000,24632133.65171580,0
1714482000000,61230.16000000,61313.94000000,61033.47000000,61195.54000000,743.56118000,1714483799999,45479308.87615050,33500,384.36154000,23510494.93750740,0
1714483800000,61195.53000000,61310.94000000,60779.79000000,60820.57000000,1080.07765000,1714485599999,65942485.41865390,46663,505.40077000,30869081.13272650,0
1714485600000,60820.58000000,60986.22000000,60546.22000000,60829.61000000,1597.30001000,1714487399999,97058684.35667150,66162,798.78774000,48543398.65958050,0
1714487400000,60829.60000000,61559.36000000,60780.75000000,61247.87000000,1626.02350000,1714489199999,99576389.11378350,55050,848.08685000,51933147.19340440,0
1714489200000,61247.87000000,61395.66000000,60768.27000000,60976.97000000,1358.47461000,1714490999999,82891857.67011650,51985,619.13288000,37782632.30369420,0
1714491000000,60976.98000000,60982.23000000,60600.72000000,60796.85000000,1087.38373000,1714492799999,66074728.76350520,40983,512.97859000,31168847.23899300,0
1714492800000,60796.86000000,60947.55000000,60245.85000000,60272.38000000,2065.05501000,1714494599999,124995202.83865120,77789,857.44794000,51897004.75375510,0
1714494600000,60272.37000000,60570.27000000,60158.86000000,60336.68000000,1275.66007000,1714496399999,76998820.65226170,47365,613.33122000,37018160.06651310,0
1714496400000,60336.68000000,60514.72000000,60100.00000000,60433.39000000,1110.89434000,1714498199999,67015506.85023020,43437,529.00574000,31921163.87256750,0
1714498200000,60433.40000000,60459.41000000,60080.00000000,60368.81000000,1432.91938000,1714499999999,86295925.48099490,43606,714.15109000,43006403.75694360,0
1714500000000,60368.82000000,60538.38000000,60317.31000000,60332.87000000,707.81862000,1714501799999,42766595.69570550,30059,341.57834000,20640002.71299640,0
1714501800000,60332.87000000,60406.20000000,60018.00000000,60403.67000000,1084.64085000,1714503599999,65313225.61706660,40503,512.79004000,30885076.38909490,0
1714503600000,60403.68000000,60503.87000000,59751.99000000,60046.04000000,2559.22257000,1714505399999,153688375.21346840,80511,858.13523000,51566465.19179890,0
1714505400000,60046.04000000,60303.32000000,59191.60000000,59292.95000000,3026.92062000,1714507199999,180603908.75551050,88180,1231.26997000,73487150.17728280,0
1714507200000,59292.95000000,60059.63000000,59274.75000000,59728.51000000,2492.01748000,1714508999999,148967560.70973150,69258,1238.31627000,74018627.76453520,0
1714509000000,59728.52000000,60177.46000000,59705.57000000,59958.62000000,922.86297000,1714510799999,55298848.49711580,34588,460.37634000,27586277.73901280,0
1714510800000,59958.62000000,60347.61000000,59952.49000000,60339.28000000,708.12639000,1714512599999,42609635.04917400,27756,418.12892000,25159853.57542850,0
1714512600000,60339.27000000,60400.00000000,60166.00000000,60180.00000000,443.06162000,1714514399999,26695131.23501980,20307,184.96960000,11145372.36780070,0
1714514400000,60180.00000000,60794.00000000,60156.00000000,60790.55000000,770.34881000,1714516199999,46566378.31453530,34178,432.87188000,26172225.67060680,0
1714516200000,60790.54000000,61070.71000000,60447.44000000,60589.79000000,1174.89716000,1714517999999,71399837.10242250,42915,545.82216000,33182002.97202130,0
1714518000000,60589.79000000,60638.00000000,60401.06000000,60586.73000000,370.57246000,1714519799999,22432873.53645140,22761,195.79621000,11853028.10290340,0
1714519800000,60586.73000000,60924.16000000,60562.00000000,60672.00000000,552.56663000,1714521599999,33557296.24506870,23577,327.42398000,19882455.85183460,0
